organization,skills,occupations,id,title,description,experience_level,type,location,location_code,nuts1,nuts2,nuts3,upload_date,source,source_id
,"['http://data.europa.eu/esco/skill/2239694b-771a-4586-8b54-2794e361a9ae', 'http://data.europa.eu/esco/skill/25a7fc25-f2fc-4bfd-9999-943c03d53372', 'http://data.europa.eu/esco/skill/3391d6dd-d584-4c8c-9af9-d2f0c45e2b4b', 'http://data.europa.eu/esco/skill/3c834f6e-523a-49ee-8ed1-e073e28ae6fe', 'http://data.europa.eu/esco/skill/3c8c9fe5-bbc6-4a0b-8cf2-a839aeef585c', 'http://data.europa.eu/esco/skill/4134622c-c3fb-4a41-beb6-6d58ba5107db', 'http://data.europa.eu/esco/skill/4cb51222-3e2e-417c-9a5c-e9ccf262721d', 'http://data.europa.eu/esco/skill/4d313147-b39d-413f-a5e2-b12d5f0dc9e6', 'http://data.europa.eu/esco/skill/5330b70e-16f5-43a7-a6de-18fd6a4bd063', 'http://data.europa.eu/esco/skill/6b305973-8993-475f-bd8a-daf037c61401', 'http://data.europa.eu/esco/skill/8c4b7305-4b83-4586-9d42-2817f96c60ea', 'http://data.europa.eu/esco/skill/99c4c69a-025c-464f-adda-874c7f107a31', 'http://data.europa.eu/esco/skill/9a42bdc6-8496-4874-b9f5-b48207a85282', 'http://data.europa.eu/esco/skill/b1ef509e-f191-405a-8419-51663b08922e', 'http://data.europa.eu/esco/skill/c2a0c52c-0b4b-4180-a918-92650ea3b458', 'http://data.europa.eu/esco/skill/c5449667-9b40-4114-8d74-f51177669984', 'http://data.europa.eu/esco/skill/d39022ab-d102-4720-b689-540d6f056b17']","['http://data.europa.eu/esco/occupation/4f89b0d2-b666-4890-af01-25d1d60da1f3', 'http://data.europa.eu/esco/occupation/53cdd34e-22f2-41bd-b3c7-de22bf9bbcae', 'http://data.europa.eu/esco/occupation/6cd08cbe-7611-4d70-8886-6c59c0385442', 'http://data.europa.eu/esco/occupation/7843a4c6-a9f6-4095-94b9-45b384d4bd57', 'http://data.europa.eu/esco/occupation/9e285322-2cfa-430f-9b66-41be57d698e2', 'http://data.europa.eu/esco/occupation/b55718eb-e8ff-4485-8ad0-bbac32cbd77b', 'http://data.europa.eu/esco/occupation/caf7b8fb-b2d6-46b7-bffa-bea7f8e4aed8', 'http://data.europa.eu/esco/occupation/f0ca39a8-1e30-487c-95f9-ef2d5e734adc', 'http://data.europa.eu/esco/isco/C2432', 'http://data.europa.eu/esco/isco/C2642']",2,Senior Manager (Corporate Communications & PR),"Job description


Senior Manager (Corporate Communications & PR)
 
Your role in summary
The Senior Manager is a pivotal role within our team, responsible for developing and executing communication strategies and action plans. In this capacity, you will act as the principal point of contact for our clients, ensuring their satisfaction and retention through dedicated service and the application of V+O principles and values. This role requires close collaboration with the Director/ Business Unit Director, and involves a strong focus on client advisory, especially in areas of corporate communications, public affairs, policy research and analysis.
Key Responsibilities:

Develop and manage corporate communication strategies and action plans under the direction of the Director/ Business Unit Director.
Advise clients on public affairs and stakeholder engagement in coordination with the Director/ Business Unit Director.
Build, manage, and nurture existing client relationships, ensuring continual deepening of these relationships through client satisfaction, development, and retention.
Serve as the project owner for the portfolio, maintaining client KPIs and reports, and proposing actionable recommendations based on outcomes.
Proactively anticipate client needs and provide relevant, timely recommendations.
Responsible for creating all copywriting materials (Press Releases, Q&A documents, interviews, speeches) in line with agreed strategy.
Build and maintain strong relationships and networks with the media and other stakeholders per client needs.
Oversee client’s press office activities under the supervision of Director/ Business Unit Director.
Organize and ensure the timely, budget-compliant completion of all project deliverables.
Support crisis communications under the supervision of Director/ Business Unit Director.
Conduct research on policy issues at national, European, and international levels, and monitor legislation and regulations relevant to client’s business interests.
Undertake the people manager role, managing, training, guiding, and developing team members in accordance with company values and management processes.
Cooperate with external providers, ensuring performance and compliance with company policies.
Manage the completion of all client-related administrative tasks (databases, ISO files, etc.) on time and in accordance with company policies and procedures.

QUALIFICATIONS AND STANDARDS: 
Education & Experience 
 
Essential
- University degree in Business Administration, Media Communications, Public Relations, Journalism, or Political Science
- Excellent written and verbal communication skills in both Greek and English
- Minimum 5 years of relevant working experience in a PR firm or in a Corporate Communication Department
Desirable 
- A master's or advanced degree in a relevant field, demonstrating a higher level of expertise.
- Advanced experience in crisis communications
Join us for a challenging career! 
We offer an exciting business framework for you to accelerate professionally as well as a competitive remuneration package and benefits both numerical and non-numerical. We work with great clients, from SMB to global corporations, on a variety of communication challenges, to create compelling and persuasive experiences through insightful planning, innovative thinking, and seamless execution.
If you want to become a member of our team, please send us your CV at careers@vando.gr 
 
Your application will be handled with the utmost confidentiality!",Senior,Full-time / Part-time,"Athens, Greece",EL,,,,2024-09-09,kariera.gr,168914
,"['http://data.europa.eu/esco/skill/db27065e-3c06-4f89-aa55-48fd87dabf82', 'http://data.europa.eu/esco/skill/e3e42d54-78bd-4337-aa87-bb31a7670c9a', 'http://data.europa.eu/esco/skill/f9670490-8aa4-4540-b121-d440a8294aab']","['http://data.europa.eu/esco/occupation/040fcfa5-24be-43eb-afd5-828297175b16', 'http://data.europa.eu/esco/occupation/8bbac392-3d62-4c46-a56e-3f244fdda216', 'http://data.europa.eu/esco/isco/C2433', 'http://data.europa.eu/esco/isco/C522']",21,SALES SUPPORT- Orthopedics,"He/she is responsible for compiling Daily Sales Reports and assembling the sales schedule (surgeries, doctor visits, presentations).
Records leave reports of the department's personnel and informs the supervisor.
Compiles and processes the Department Incident Charges, regarding non-billables.
He is responsible for opening new product codes in ERP
Sends sales/purchases statistics according to the needs of each sales department.
Corrects incident data in ERP. Match charges to invoices. On a weekly basis, he receives the data from the sellers regarding the sales, so that the necessary corrections can be made to the incidents (doctor's name, seller's name, category of operations, etc.)
Performs inventory control via ERP and informs vendors and supervisor of inventory and warehouse and overstock expiration dates. As for back orders and delays in receiving goods.
Notifies sellers of product descriptions approved by Product Manager and BUM.
Monitors sales prices, and matches products in the price watch, in collaboration with the Product Manager and BUM.
Communicates with hospital supply departments to inform them regarding delivery of backorders, vantage code project, etc.
Communicates with domestic suppliers to process Expense requests for surgical consumables.
Prepares and participates in monthly sales meetings.
He/she is responsible for extracting the records of the hospital records for processing their inventory and sending them to the involved/interested members of the B.U. as defined by the company based on the procedure (monthly and quarterly inventories of deposits with code, description, pieces, lot number, expiration date), as well as for the collection and formatting of the inventoried materials, data processing and sending them to invoicing.",Mid-level,Full-time,"Chalandri, Greece",EL,,,,2024-09-09,kariera.gr,138975
,"['http://data.europa.eu/esco/skill/199f7919-5114-41b6-b6a5-41e0e4896ec1', 'http://data.europa.eu/esco/skill/7954861c-86d4-4529-afbb-2c23dab9ac74', 'http://data.europa.eu/esco/skill/7d092d81-d1e2-4c34-b3cb-c1c9f2e68b7d', 'http://data.europa.eu/esco/skill/91abe492-18be-4cce-93c7-0dca07072363', 'http://data.europa.eu/esco/skill/c624c6a3-b0ba-4a31-a296-0d433fe47e41', 'http://data.europa.eu/esco/skill/e2fea4d5-f1f4-4dea-89bb-43b1d07658af', 'http://data.europa.eu/esco/skill/f683ae1d-cb7c-4aa1-b9fe-205e1bd23535', 'http://data.europa.eu/esco/skill/fd446407-b08e-49da-b8e3-7e7c79618c3f']","['http://data.europa.eu/esco/occupation/2b48a4cd-2333-4abf-ac3e-6f63d6ed3663', 'http://data.europa.eu/esco/occupation/44e0c015-309d-4f67-98a3-1e036966ed7f']",102,Development Manager,"Would you like to become part of a team of young professionals who are working in a vivid environment in the heart of Athens, implementing EU projects that matter?
AKMI International, part of Alphabet Education, offers high-quality, customized project implementation services turning innovative ideas into funded projects. This ranges from EU grants to private investments identification, including consortium building, application writing, selection of experts, negotiation, budgeting, quality control, and evaluation of projects.
Currently, we are seeking a dynamic and self-motivated Development Manager / Application Writer for EU Projects (Erasmus+, Horizon, CERV, AMIF, etc) to become part of our dynamic team in Athens.
Responsibilities:

Networking and conduction of presentations to events, seminars, workshops, etc.
Consortia building and formulation of vivid partnerships
Conceptualize innovative ideas
Analyzing funding opportunities and find new ones
Draft Applications, tenders and Technical Proposals indicatively under Erasmus+, CERV, AMIF, EMFAF, HORIZON and other Programs etc.
Cooperate with the Financial Department for preparing the financial part of the proposals / budgeting
Collect partners' documents for the submission procedure
Facilitate the submission procedure through the relevant platforms (Funding & Tenders, Webgate, etc.)
You will refer to the Head of Development and General Director

Job Requirements:

Bachelor or/and a Master’s degree, preferably in Social Sciences
Excellent English Knowledge (both written and oral)
Knowledge of a second language will be considered a strong asset.
At least 2 years of relevant experience
Proven track records in drafting EU funded projects will be highly appreciated
Excellent command of MS Office (mainly Excel and Word)
Responsibility, consistency, and adherence to strict deadlines
Excellent communication skills
Travel availability (Schengen and non-Schengen)

Your benefits:

Competitive compensation packages
Hybrid working model
Continuous learning & fast career growth
An international dynamic within a fast-paced working environment
The opportunity to work in a diverse environment with talented colleagues",Mid-level,Full-time,"Athens, Greece",EL,,,,2024-09-09,kariera.gr,168793
,"['http://data.europa.eu/esco/skill/199f7919-5114-41b6-b6a5-41e0e4896ec1', 'http://data.europa.eu/esco/skill/4df7a57a-9405-4995-8e02-4ca404832247', 'http://data.europa.eu/esco/skill/7954861c-86d4-4529-afbb-2c23dab9ac74', 'http://data.europa.eu/esco/skill/7d092d81-d1e2-4c34-b3cb-c1c9f2e68b7d', 'http://data.europa.eu/esco/skill/8c6feedd-339f-4dba-b28a-dae84c759853', 'http://data.europa.eu/esco/skill/91abe492-18be-4cce-93c7-0dca07072363', 'http://data.europa.eu/esco/skill/99c4c69a-025c-464f-adda-874c7f107a31', 'http://data.europa.eu/esco/skill/c68af615-b24c-4719-a199-c4141e08f2bd', 'http://data.europa.eu/esco/skill/e2fea4d5-f1f4-4dea-89bb-43b1d07658af']","['http://data.europa.eu/esco/occupation/1f8967ce-9faa-4d56-a656-50e041f7d07e', 'http://data.europa.eu/esco/occupation/2b48a4cd-2333-4abf-ac3e-6f63d6ed3663', 'http://data.europa.eu/esco/occupation/35fbb8cd-c044-49a1-850c-010481c99b4a', 'http://data.europa.eu/esco/occupation/6cd08cbe-7611-4d70-8886-6c59c0385442', 'http://data.europa.eu/esco/occupation/bea99fea-0383-4c63-b944-70d4799de2c5', 'http://data.europa.eu/esco/occupation/cd7b838c-51f6-41ec-9067-bb974c0f991b']",104,Project Manager – EU Projects,"Would you like to become part of a team of young professionals who are working in a vivid environment in the heart of Athens, implementing EU projects that matter?
AKMI International, part of Alphabet Education, offers high-quality, customized project implementation services turning innovative ideas into funded projects. This ranges from EU grants to private investments identification, including consortium building, application writing, selection of experts, negotiation, budgeting, quality control, and evaluation of projects.
Currently, we are seeking a dynamic and self-motivated Project Manager for EU Projects (Erasmus+, REC, AMIF, etc) to become part of our dynamic team in Athens.
Responsibilities:

Manage Project implementation, including coordination of current partnerships
Follow and manage project timetables, identifying implementation risks, working on solutions
Prepare and submit Monitoring reports to responsible Managing Authorities
Manage communication to third parties and stakeholders during project implementation
Draft deliverables or supervise their quality
Draft Applications and Technical Proposals indicatively under Erasmus+, CERV, AMIF, etc.
Participate in the formulation of vivid partnerships.

Job Requirements:

Academic background with a Bachelor or/and a Master’s degree, preferably in Social Sciences
Excellent English Knowledge (both written and oral).
At least 1 yearof project management experience in EU Projects
Responsibility, consistency, and adherence to strict deadlines
Travel availability (Schengen and non-Schengen)
Excellent command of MS Office
Administrative, organizational, and communication skills
Knowledge of a second language will be considered a strong asset.",Mid-level,Full-time,"Athens, Greece",EL,,,,2024-09-09,kariera.gr,168792
,"['http://data.europa.eu/esco/skill/1177c6f5-09c5-4c35-873c-afd22d170ad3', 'http://data.europa.eu/esco/skill/4707da90-9cfc-46ca-8de0-38a0b7bfb137', 'http://data.europa.eu/esco/skill/4df7a57a-9405-4995-8e02-4ca404832247', 'http://data.europa.eu/esco/skill/54660948-b811-49a9-874c-bf2be5f280a2', 'http://data.europa.eu/esco/skill/94dd823c-148e-4614-a6e8-99249b16357d', 'http://data.europa.eu/esco/skill/adc6dc11-3376-467b-96c5-9b0a21edc869', 'http://data.europa.eu/esco/skill/cd5efa8c-e44d-4cbc-91c6-796018dbed68', 'http://data.europa.eu/esco/skill/d4789070-2ff7-4bbb-94ca-8bb1739826a9', 'http://data.europa.eu/esco/skill/f64fe2c2-d090-4e91-ba74-1355d96b9bca']","['http://data.europa.eu/esco/occupation/2b48a4cd-2333-4abf-ac3e-6f63d6ed3663', 'http://data.europa.eu/esco/occupation/8cb59bc4-1f39-477e-beea-effed12d186c', 'http://data.europa.eu/esco/occupation/bea99fea-0383-4c63-b944-70d4799de2c5', 'http://data.europa.eu/esco/isco/C1330', 'http://data.europa.eu/esco/occupation/c956be07-53a3-4b01-b8f8-f0c5a428eaa8', 'http://data.europa.eu/esco/isco/C2433']",258,TECHNICAL PROJECT MANAGER,"AMCO SA, is looking for a dynamic and skilled Sales Engineer to join our team. The ideal candidate will have the opportunity to work in a dynamic environment, contribute to the development and promotion of innovative IT and technology products and services, and support sales with technical expertise.
Responsibilities:• Develop and maintain information technology plans which outline project status individual tasks, milestones, completion estimates, and resource allocation.• Hold regular technical team meetings to determine progress and address any questions or challenges regarding projects.• Coordinate the roll-out of beta and production releases.• Inspect projects for quality assurance.• Identify the resources needed for the project and source these materials.• Analyze, plan and develop technical requirements and standards in reference to scheduled projects.• Ensure customer satisfaction through post-project debrief with clients.• Oversee the implementation of project improvements. Qualifications:• Bachelor’s degree in computer science or equivalent.• 2+ years of experience in technical project management of ICT projects which include hardware, software and integration with 3rd party software platforms.• Excellent time management and organizational skills and experience establishing guidelines for others.• Strong sense of personal accountability regarding decision-making and supervising technical teams.• Experience working in a high-level collaborative environment and promoting a teamwork mentality.• Managerial experience applying analytical thinking and problem-solving skills.• Ability to predict challenges and seek to proactively head-off obstacles.• Strong written and verbal communication skills in English.
The company offers:• Competitive salary, based on qualifications• Excellent working environment• Prospects of development• Continuous education• Private Health Insurance",Mid-level,Full-time,"Moschato, Greece",EL,,,,2024-09-09,kariera.gr,168606
,"['http://data.europa.eu/esco/skill/0a9acb6b-1139-4be9-b431-3a80a959f2f4', 'http://data.europa.eu/esco/skill/23ac233d-84ad-4517-b0f5-8ca19ba2614e', 'http://data.europa.eu/esco/skill/32db65d3-5ef3-43eb-9bf8-752c9cf0b22e', 'http://data.europa.eu/esco/skill/3993c87c-7719-4186-811b-8ddfb40e76be', 'http://data.europa.eu/esco/skill/64bd4157-5df0-4166-8259-ede237dd7cdf', 'http://data.europa.eu/esco/skill/7111b95d-0ce3-441a-9d92-4c75d05c4388', 'http://data.europa.eu/esco/skill/8f6ed69b-29d0-4c01-81ba-f05920a185f3', 'http://data.europa.eu/esco/skill/b215031a-dd21-48b1-a998-75d6373838d8', 'http://data.europa.eu/esco/skill/c881ddd2-9c0e-4743-bd24-36be650493dd', 'http://data.europa.eu/esco/skill/e2fea4d5-f1f4-4dea-89bb-43b1d07658af']","['http://data.europa.eu/esco/occupation/2b48a4cd-2333-4abf-ac3e-6f63d6ed3663', 'http://data.europa.eu/esco/occupation/719f101d-1866-49d3-8d5c-2256f606a8b9', 'http://data.europa.eu/esco/occupation/b09acdda-6680-49d1-a411-129610ee3bc0', 'http://data.europa.eu/esco/occupation/bea99fea-0383-4c63-b944-70d4799de2c5', 'http://data.europa.eu/esco/isco/C3322']",272,Project Manager,"Company DescriptionWe are Netcompany-Intrasoft, a member of Netcompany Group A/S, and a leading European IT Solutions and Services company with strong international presence and expertise, dedicated to responsible digitalisation. We offer innovative and added-value solutions of the highest quality to a wide range of public and private organizations, while being a key-player in the EU Institutions for the past 30 years. We hold an outstanding record of 500+ organizations in 70+ countries, that have chosen our solutions and services, to fulfil their business needs. Our team of 3500+ professionals is our driving force and our most valuable asset.Job DescriptionEver wondered what it feels like to be a Project Manager in Netcompany-Intrasoft?Joining us as a Project Manager, you will be part of highly skilled agile teams that design, develop, deploy, customize, and support break-through applications for EU Institutions/ Banking/ Telco/or Public.As a Project Manager you will:Perform Project Management for multiple projects, including, planning, the definition of tasks and deliverables, review of project deliverables, quality control, risk analysis & management, status reports, problem reporting & management, follow upDevelop a detailed project plan and track activities against plan providing regular, accurate, and timely reportsDraft project management deliverables such as the Business Case, Project Strategy or Vision documents; Create and maintain comprehensive project documentationEnsure delivery of projects on-time, within scope and within budget; Successfully manage and minimize potential risks of the projects or any changes that may ariseParticipate in functional and technical working groups and progress meetings; Effectively coordinate the project team (including external stakeholders) ensuring that team members are motivated; Act as liaison with the customer and sub-contractorsQualificationsWhat would make you a fit for the role:Degree in Computer Science or other relevant disciplinesAt least 10 years of solid working experience in the IT SectorAt least 4 years of Proven experience in project management activities within software development field preferably with the European InstitutionsProject Management Certification (Prince2, PMP, PMI methodology)Excellent command of the English language (written & oral)Familiar with Agile methodologiesStrong expertise in MS Project and other MS Office toolsCustomer, Quality and Results-oriented approach Efficient communicator and Team-PlayerHighly competent in problem solving, methodical and flexibleAdept with reportingAvailable for frequent travels & short-term missionsAdditional InformationBeing a part of the Netcompany-Ιntrasoft team, you will be provided with: The opportunity to work in a modern environment & in a hybrid working modelA seamless onboarding experience and a buddy to support you on your first stepsA competitive compensation & benefits packageHealth and life insurance programMeal and commuting allowanceWell-being activities (on premises)Continuous learning opportunities using the most modern methods (unlimited access to Udemy for Business, ad-hoc trainings)A personalized development plan for targeted career growthIf you are looking forward to be part of a diverse environment, and have the opportunity to work alongside well-experienced professionals, on challenging, large-scale projects that directly impact millions of citizens around the globe, then this is the place to be!Our cultureOur people are the most important element of our success. Our work life is well defined by our set of fundamental Values: https://bit.ly/3SSbBzU  #BePartOfSomethingGreat!*Please submit your CV in EnglishAll applications will be treated as strictly confidential.",,Full-time,"Athens, Greece",EL,,,,2024-09-08,kariera.gr,151485
,"['http://data.europa.eu/esco/skill/23ac233d-84ad-4517-b0f5-8ca19ba2614e', 'http://data.europa.eu/esco/skill/3993c87c-7719-4186-811b-8ddfb40e76be', 'http://data.europa.eu/esco/skill/44985078-6f4c-42b2-bceb-a37ea224b21d', 'http://data.europa.eu/esco/skill/7954861c-86d4-4529-afbb-2c23dab9ac74', 'http://data.europa.eu/esco/skill/7e251454-2496-4f09-99fe-3da59bc4c10a', 'http://data.europa.eu/esco/skill/8f6ed69b-29d0-4c01-81ba-f05920a185f3', 'http://data.europa.eu/esco/skill/9531fe02-1e1f-4a36-95f7-a76a77cd4b8d', 'http://data.europa.eu/esco/skill/ac802765-4098-4466-ac1e-4791f192c667', 'http://data.europa.eu/esco/skill/c09bf6d4-f8a7-40f3-aead-ef01643f2352']","['http://data.europa.eu/esco/occupation/5e4d156a-1f05-4b2c-b0f0-5abb82d52ed6', 'http://data.europa.eu/esco/occupation/719f101d-1866-49d3-8d5c-2256f606a8b9', 'http://data.europa.eu/esco/occupation/89b85c45-ddc7-4fe1-be5a-d3db2be11f3b', 'http://data.europa.eu/esco/occupation/d96de969-d43d-4082-8559-7fc35484a217', 'http://data.europa.eu/esco/occupation/f84aae41-28cc-4aa0-a0df-e7c3030516fd']",315,Senior Account Manager (Enterprise),"Company DescriptionWe are Netcompany-Intrasoft, a member of Netcompany Group A/S, and a leading European IT Solutions and Services company with strong international presence and expertise, dedicated to responsible digitalisation. We offer innovative and added-value solutions of the highest quality to a wide range of public and private organizations, while being a key-player in the EU Institutions for the past 30 years. We hold an outstanding record of 500+ organizations in 70+ countries, that have chosen our solutions and services, to fulfil their business needs. Our team of 3500+ professionals is our driving force and our most valuable asset.Job DescriptionEver wondered what it feels like to be a Senior Account Manager in Netcompany-Intrasoft?Joining us as a Senior Account Manager, you will part of our team and lead our efforts in the Enterprise market. This role is pivotal in in managing and growing our key enterprise accounts across various industries, ensuring the delivery of exceptional IT solutions and consulting services that meet our clients' needs.As a Senior Account Manager you will:Build and maintain strong, long-lasting client relationships with key stakeholders in the banking industry (Client Relationship Management).Identify opportunities to expand our services within existing accounts and secure new business within the banking vertical (Account Growth).Understand clients' business challenges and provide strategic IT solutions that deliver value and drive business outcomes (Consultative Selling).Lead & orchestrate the entire sales cycle from proposal development to contracting, ensuring a seamless process and successful closure of deals (Sales Management)Collaborate with project managers and delivery teams to ensure successful implementation of solutions and customer satisfaction (Project Oversight).Stay updated with the latest industry trends, technologies, and competitive landscape to provide informed recommendations to clients (Market insights).Achieve assigned sales targets and contribute to the overall revenue growth of the company (Revenue Targets).QualificationsWhat would make you a fit for the role:Bachelor's degree in Business, IT, or a related fieldMinimum of 7-10 years of account management experience in the IT services or consulting industryProven track record of managing and growing large accountsStrong understanding of banking industry challenges and opportunitiesExcellent communication, negotiation, and presentation skillsAbility to work collaboratively with cross-functional teams and influence decision-makingStrategic thinker with a customer-centric approach.Excellent command of the English language (written & oral)It would also be a plus if you match some of the following:Commercial awarenessMBA or relevant advanced degree is a plusAdditional InformationBeing a part of the Netcompany-Ιntrasoft team, you will be provided with: The opportunity to work in a modern environment & in a hybrid working modelA seamless onboarding experience and a buddy to support you on your first stepsA competitive compensation & benefits packageHealth and life insurance programMeal and commuting allowanceWell-being activities (on premises)Continuous learning opportunities using the most modern methods (unlimited access to Udemy for Business, ad-hoc trainings)A personalized development plan for targeted career growthIf you are looking forward to be part of a diverse environment, and have the opportunity to work alongside well-experienced professionals, on challenging, large-scale projects that directly impact millions of citizens around the globe, then this is the place to be!Our cultureOur people are the most important element of our success. Our work life is well defined by our set of fundamental Values: https://bit.ly/3SSbBzU  #BePartOfSomethingGreat!*Please submit your CV in EnglishAll applications will be treated as strictly confidential.",,Full-time,"Athens, Greece",EL,,,,2024-09-07,kariera.gr,151140
,"['http://data.europa.eu/esco/skill/23ac233d-84ad-4517-b0f5-8ca19ba2614e', 'http://data.europa.eu/esco/skill/3993c87c-7719-4186-811b-8ddfb40e76be', 'http://data.europa.eu/esco/skill/44985078-6f4c-42b2-bceb-a37ea224b21d', 'http://data.europa.eu/esco/skill/7954861c-86d4-4529-afbb-2c23dab9ac74', 'http://data.europa.eu/esco/skill/8f6ed69b-29d0-4c01-81ba-f05920a185f3', 'http://data.europa.eu/esco/skill/9531fe02-1e1f-4a36-95f7-a76a77cd4b8d', 'http://data.europa.eu/esco/skill/ac802765-4098-4466-ac1e-4791f192c667', 'http://data.europa.eu/esco/skill/c09bf6d4-f8a7-40f3-aead-ef01643f2352']","['http://data.europa.eu/esco/occupation/719f101d-1866-49d3-8d5c-2256f606a8b9', 'http://data.europa.eu/esco/occupation/89b85c45-ddc7-4fe1-be5a-d3db2be11f3b', 'http://data.europa.eu/esco/occupation/a7594892-ff23-4e2a-aedf-2f967ebca15c', 'http://data.europa.eu/esco/occupation/d96de969-d43d-4082-8559-7fc35484a217', 'http://data.europa.eu/esco/occupation/f84aae41-28cc-4aa0-a0df-e7c3030516fd']",316,Sales Manager (Banking),"Company DescriptionWe are Netcompany-Intrasoft, a member of Netcompany Group A/S, and a leading European IT Solutions and Services company with strong international presence and expertise, dedicated to responsible digitalisation. We offer innovative and added-value solutions of the highest quality to a wide range of public and private organizations, while being a key-player in the EU Institutions for the past 30 years. We hold an outstanding record of 500+ organizations in 70+ countries, that have chosen our solutions and services, to fulfil their business needs. Our team of 3500+ professionals is our driving force and our most valuable asset.Job DescriptionEver wondered what it feels like to be a Sales Manager in Netcompany-Intrasoft?Joining us as a Sales Manager, you will part of our team and lead our efforts in the Enterprise market. This role is pivotal in in managing and growing our key enterprise accounts across various industries, ensuring the delivery of exceptional IT solutions and consulting services that meet our clients' needs.As a Sales Manager you will:Build and maintain strong, long-lasting client relationships with key stakeholders in the banking industry (Client Relationship Management).Identify opportunities to expand our services within existing accounts and secure new business within the banking vertical (Account Growth).Understand clients' business challenges and provide strategic IT solutions that deliver value and drive business outcomes (Consultative Selling).Lead & orchestrate the entire sales cycle from proposal development to contracting, ensuring a seamless process and successful closure of deals (Sales Management)Collaborate with project managers and delivery teams to ensure successful implementation of solutions and customer satisfaction (Project Oversight).Stay updated with the latest industry trends, technologies, and competitive landscape to provide informed recommendations to clients (Market insights).Achieve assigned sales targets and contribute to the overall revenue growth of the company (Revenue Targets).QualificationsWhat would make you a fit for the role:Bachelor's degree in Business, IT, or a related fieldMinimum of 10 years of account management experience in the IT services or consulting industryProven track record of managing and growing large accountsStrong understanding of banking industry challenges and opportunitiesExcellent communication, negotiation, and presentation skillsAbility to work collaboratively with cross-functional teams and influence decision-makingStrategic thinker with a customer-centric approach.Excellent command of the English language (written & oral)It would also be a plus if you match some of the following:Commercial awarenessMBA or relevant advanced degree is a plusAdditional InformationBeing a part of the Netcompany-Ιntrasoft team, you will be provided with: The opportunity to work in a modern environment & in a hybrid working modelA seamless onboarding experience and a buddy to support you on your first stepsA competitive compensation & benefits packageHealth and life insurance programMeal and commuting allowanceWell-being activities (on premises)Continuous learning opportunities using the most modern methods (unlimited access to Udemy for Business, ad-hoc trainings)A personalized development plan for targeted career growthIf you are looking forward to be part of a diverse environment, and have the opportunity to work alongside well-experienced professionals, on challenging, large-scale projects that directly impact millions of citizens around the globe, then this is the place to be!Our cultureOur people are the most important element of our success. Our work life is well defined by our set of fundamental Values: https://bit.ly/3SSbBzU  #BePartOfSomethingGreat!*Please submit your CV in EnglishAll applications will be treated as strictly confidential.",,Full-time,"Athens, Greece",EL,,,,2024-09-07,kariera.gr,151139
,"['http://data.europa.eu/esco/skill/09f2f811-a3fb-4de3-a70f-6420a6935575', 'http://data.europa.eu/esco/skill/0ee7b0d6-db98-4785-9948-f2ef415d155a', 'http://data.europa.eu/esco/skill/1af2db15-2af9-44dd-9639-bf1fc69d4c34', 'http://data.europa.eu/esco/skill/21fecc8a-392e-49ce-ac26-fb0696ccfead', 'http://data.europa.eu/esco/skill/234aeb8d-56c3-4531-9193-1c5e6a8d16cb', 'http://data.europa.eu/esco/skill/23ac233d-84ad-4517-b0f5-8ca19ba2614e', 'http://data.europa.eu/esco/skill/2450c3b3-e78e-435b-b84d-e05d984e71dc', 'http://data.europa.eu/esco/skill/2fb8480e-de3c-462b-b169-e8bbb344da68', 'http://data.europa.eu/esco/skill/33d49d4f-31ec-473f-9b8a-b555aa5116bb', 'http://data.europa.eu/esco/skill/3993c87c-7719-4186-811b-8ddfb40e76be', 'http://data.europa.eu/esco/skill/42cb7669-c371-4903-9c0b-13db67b2e4bb', 'http://data.europa.eu/esco/skill/477173ca-5fc2-406b-9122-95d92811f284', 'http://data.europa.eu/esco/skill/47a49cd6-097d-457a-9f7b-c290c14930d5', 'http://data.europa.eu/esco/skill/5b26f08b-88bc-45f0-b901-530d7786466b', 'http://data.europa.eu/esco/skill/8f6ed69b-29d0-4c01-81ba-f05920a185f3', 'http://data.europa.eu/esco/skill/941364b9-1375-4add-9889-d67bae99bc8c', 'http://data.europa.eu/esco/skill/97bd1c21-66b2-4b7e-ad0f-e3cda590e378', 'http://data.europa.eu/esco/skill/a8797f21-1af0-4c5e-98ca-bf1442929363', 'http://data.europa.eu/esco/skill/b011c8b4-76e1-4bbc-8bb9-1d205e7b618a', 'http://data.europa.eu/esco/skill/c79a6989-a73c-496b-997f-c706e1c5c52b', 'http://data.europa.eu/esco/skill/cd5efa8c-e44d-4cbc-91c6-796018dbed68', 'http://data.europa.eu/esco/skill/d83cba15-8511-4d07-b89a-9fde0d1d8241', 'http://data.europa.eu/esco/skill/ead58f22-0af5-467c-ac1e-b750e4e1ac6a', 'http://data.europa.eu/esco/skill/ec6df9cb-be92-4027-80fa-83b70aabce58', 'http://data.europa.eu/esco/skill/f08e2bd6-0366-4948-a670-1f03f130126f', 'http://data.europa.eu/esco/skill/f17f94f1-88cb-4815-873a-2a9639f10729', 'http://data.europa.eu/esco/skill/f9738fc9-4d67-43e8-bfda-954123e34d42', 'http://data.europa.eu/esco/skill/fa642fc3-5cc5-41cf-8926-6617a8b976a7']","['http://data.europa.eu/esco/occupation/53cdd34e-22f2-41bd-b3c7-de22bf9bbcae', 'http://data.europa.eu/esco/occupation/66fb9704-0d56-4673-8e69-7823816b73e1', 'http://data.europa.eu/esco/occupation/6cd08cbe-7611-4d70-8886-6c59c0385442', 'http://data.europa.eu/esco/occupation/6ce5f7e3-a534-4aa2-ab23-255408ddb53a', 'http://data.europa.eu/esco/occupation/719f101d-1866-49d3-8d5c-2256f606a8b9', 'http://data.europa.eu/esco/occupation/7819669b-30c2-42e6-a1c4-0bcd6f0379ff', 'http://data.europa.eu/esco/occupation/8cb59bc4-1f39-477e-beea-effed12d186c', 'http://data.europa.eu/esco/occupation/969f8af0-3c0d-403a-9c16-a6fb76c6b443', 'http://data.europa.eu/esco/occupation/a7c1d23d-aeca-4bee-9a08-5993ed98b135', 'http://data.europa.eu/esco/occupation/bea99fea-0383-4c63-b944-70d4799de2c5', 'http://data.europa.eu/esco/occupation/d0aa0792-4345-474b-9365-686cf4869d2e', 'http://data.europa.eu/esco/occupation/e8bbc7fd-cfa2-406f-a664-57e5024cfbc5', 'http://data.europa.eu/esco/occupation/e9507d34-c70f-474f-a4a3-d2cbfe50f6e9']",317,R&D Project Manager,"Company DescriptionWe are Netcompany-Intrasoft, a member of Netcompany Group A/S, and a leading European IT Solutions and Services company with strong international presence and expertise, dedicated to responsible digitalisation. We offer innovative and added-value solutions of the highest quality to a wide range of public and private organizations, while being a key-player in the EU Institutions for the past 30 years. We hold an outstanding record of 500+ organizations in 70+ countries, that have chosen our solutions and services, to fulfil their business needs. Our team of 3500+ professionals is our driving force and our most valuable asset.Job DescriptionEver wondered what it feels like to be a Project Manager for EU R&D Projects in Athens in Netcompany-Intrasoft?Joining us as a Project Manager for EU R&D Projects, you will manage and implement R&D projects (EU R&D and Innovation projects (H2020 & Horizon Europe (HE)). The candidate is expected to have a strong background in EU R&D proposals' and projects' management, IT/software development, and technical writing.As a Project Manager for EU R&D Projects you will:Management and implementation of R&D projects (EU R&D and Innovation projects (H2020 & HE)).Assisting in the definition of project specifications, involving all relevant stakeholders/teams and ensuring technical feasibility and resource availability.Ensuring the on-time and on-budget delivery of projects.Tracking progress through a solid project plan.Implementing quality control processes.Creating and maintaining comprehensive project documentation.Managing stakeholders' relationships and expectations.Elaboration of deliverables for the technical, scientific and innovation related activities of an R&D project (state-of-art, requirements, conceptual architecture, specifications, implementation plans, innovation, exploitation, dissemination and communication planning, market analysis, business planning, etc.).Organizing the project's EU reporting tasks (activities, management, financial/costs).Active engagement in business development activities, such as conception and writing of new research proposals; Finding new ideas, calls, partners; Delivery of high-quality presentations at events; Networking; Establishing and maintaining relationships with third parties.Participation in scientific and/or business publications.Following the evolution of new technologies and identification of new concepts.Reporting and escalating to management as needed.QualificationsWhat would make you a fit for the role:PhD / MSc in IT, Computer Science or related fieldsProven experience in project management activities within software development field preferably with EU funded programsExperience in areas such as  software development and integration  , development life-cycle methodologies, software architectures, Artificial Intelligence, Big Data, Data Analytics, IoT, Transportation / Mobility, Security, Manufacturing, etc.Extensive experience with MS Project and other MS Office toolsCustomer, Quality and Results-orientationExcellent written and spoken communication skills in English, ability to negotiate, and to cooperate with international partners and clientsCompetency in technical writingStrong problem solving, organizational and presentation skillsAgility and team spiritAvailable for frequent travels & short-term missionsExcellent command of the English language (written & oral)Additional InformationBeing a part of the Netcompany-Ιntrasoft team, you will be provided with: The opportunity to work in a modern environment & in a hybrid working modelA seamless onboarding experience and a buddy to support you on your first stepsA competitive compensation & benefits packageHealth and life insurance programMeal and commuting allowanceWell-being activities (on premises)Continuous learning opportunities using the most modern methods (unlimited access to Udemy for Business, ad-hoc trainings)A personalized development plan for targeted career growthIf you are looking forward to be part of a diverse environment, and have the opportunity to work alongside well-experienced professionals, on challenging, large-scale projects that directly impact millions of citizens around the globe, then this is the place to be!Our cultureOur people are the most important element of our success. Our work life is well defined by our set of fundamental Values: https://bit.ly/3SSbBzU  #BePartOfSomethingGreat!*Please submit your CV in EnglishAll applications will be treated as strictly confidential.",,Full-time,"Athens, Greece",EL,,,,2024-09-07,kariera.gr,151138
,"['http://data.europa.eu/esco/skill/23ac233d-84ad-4517-b0f5-8ca19ba2614e', 'http://data.europa.eu/esco/skill/32db65d3-5ef3-43eb-9bf8-752c9cf0b22e', 'http://data.europa.eu/esco/skill/3993c87c-7719-4186-811b-8ddfb40e76be', 'http://data.europa.eu/esco/skill/64bd4157-5df0-4166-8259-ede237dd7cdf', 'http://data.europa.eu/esco/skill/7111b95d-0ce3-441a-9d92-4c75d05c4388', 'http://data.europa.eu/esco/skill/8f6ed69b-29d0-4c01-81ba-f05920a185f3', 'http://data.europa.eu/esco/skill/c3687b34-fe53-4db2-ad1b-5055a6c5b6fd', 'http://data.europa.eu/esco/skill/c881ddd2-9c0e-4743-bd24-36be650493dd', 'http://data.europa.eu/esco/skill/e2fea4d5-f1f4-4dea-89bb-43b1d07658af', 'http://data.europa.eu/esco/skill/f17f94f1-88cb-4815-873a-2a9639f10729']","['http://data.europa.eu/esco/occupation/2b48a4cd-2333-4abf-ac3e-6f63d6ed3663', 'http://data.europa.eu/esco/occupation/719f101d-1866-49d3-8d5c-2256f606a8b9', 'http://data.europa.eu/esco/occupation/b09acdda-6680-49d1-a411-129610ee3bc0', 'http://data.europa.eu/esco/occupation/bea99fea-0383-4c63-b944-70d4799de2c5']",318,Technical Project Manager,"Company DescriptionWe are Netcompany-Intrasoft, a member of Netcompany Group A/S, and a leading European IT Solutions and Services company with strong international presence and expertise, dedicated to responsible digitalisation. We offer innovative and added-value solutions of the highest quality to a wide range of public and private organizations, while being a key-player in the EU Institutions for the past 30 years. We hold an outstanding record of 500+ organizations in 70+ countries, that have chosen our solutions and services, to fulfil their business needs. Our team of 3500+ professionals is our driving force and our most valuable asset.Job DescriptionEver wondered what it feels like to be a Technical Project Manager  in Netcompany-Intrasoft?Joining us as a Technical Project Manager, you will be part of a vibrant and highly skilled agile team that designs, develop, deploy, customize, and support our IT projects while you will have the opportunity to be exposed to a wide variety of services and technologies. As a Technical Project Manager you will:Perform project management for multiple projects, including, planning, the definition of tasks and deliverables, review of project deliverables, quality control, risk analysis & management, status reports, problem reporting & management, follow upDraft project management deliverables such as the Business Case, Project Strategy or Vision documentsDevelop a detailed project plan and track activities against plan providing regular, accurate, and timely reportsParticipate in functional and technical working groups and progress meetingsEnsure delivery of projects on time, within the scope, and within budget; manage successfully any changes that may arise. Manage and minimize the potential risks of the projectsCreate and maintain comprehensive project documentationCoordinate effectively the project team (including external stakeholders) ensuring that team members are motivatedAct as liaison with the customer and sub-contractorsQualificationsWhat would make you a fit for the role:Degree in Management or Finance or Information Technology or other relevant disciplinesProblem-solving mindset and adaptabilityCustomer, quality and results-oriented approach Good communication skills and Teamworking spiritExcellent command of the English language (written & oral)It would also be a plus if you match some of the following:Commercial awarenessA PMI CertificationAdditional InformationBeing a part of the Netcompany-Ιntrasoft team, you will be provided with: The opportunity to work in a modern environment & in a hybrid working modelA seamless onboarding experience and a buddy to support you on your first stepsA competitive compensation & benefits packageHealth and life insurance programMeal and commuting allowanceWell-being activities (on premises)Continuous learning opportunities using the most modern methods (unlimited access to Udemy for Business, ad-hoc trainings)A personalized development plan for targeted career growthIf you are looking forward to be part of a diverse environment, and have the opportunity to work alongside well-experienced professionals, on challenging, large-scale projects that directly impact millions of citizens around the globe, then this is the place to be!Our cultureOur people are the most important element of our success. Our work life is well defined by our set of fundamental Values: https://bit.ly/3SSbBzU  #BePartOfSomethingGreat!*Please submit your CV in EnglishAll applications will be treated as strictly confidential.",,Full-time,"Athens, Greece",EL,,,,2024-09-07,kariera.gr,151137
,"['http://data.europa.eu/esco/skill/0daaf096-1639-461c-bf1a-bbeea77e6b67', 'http://data.europa.eu/esco/skill/3c76296d-4bbd-44ba-8eaa-95bf275f79b7', 'http://data.europa.eu/esco/skill/477173ca-5fc2-406b-9122-95d92811f284', 'http://data.europa.eu/esco/skill/4df7a57a-9405-4995-8e02-4ca404832247', 'http://data.europa.eu/esco/skill/75d8e5d9-bef3-418b-9011-01bff9f27207', 'http://data.europa.eu/esco/skill/8c6feedd-339f-4dba-b28a-dae84c759853', 'http://data.europa.eu/esco/skill/8d4271ca-c9fd-40b3-875f-15f78332a49e', 'http://data.europa.eu/esco/skill/e24377fb-020b-4430-8bed-86dd539bbf3a']","['http://data.europa.eu/esco/occupation/8b6388a4-4904-471b-9331-d3b1211f5525', 'http://data.europa.eu/esco/occupation/b09acdda-6680-49d1-a411-129610ee3bc0']",350,IT Project Manager (Heraklion | Crete or Athens),"Cosmos Sport SA, member of JD Sports Fashion Plc, founded in September of 1982. First store opened in Heraklion-Crete and since then the network expanded 91 further physical stores in Greece & Cyprus, 6 retail brands (JD Sports, Cosmos Sport, Sneaker10, Sports Factory, Slamdunk, Rundome) 9 on-line shops and thousands of happy customers in Greece and Cyprus. Cosmos Sport is a constantly growing omnichannel company with a strong passion for sportswear, street style and limited items. Our team consists of 1600+ highly skilled, self-motivated young people, who love sports and have a passion for innovation! We are proud that Cosmossport.gr is now the No1 on-line store in the industry also selling abroad, having been awarded for 7 consecutive years as the best online sports shop in the country in e-volution Awards. We are excited being a preferred partner for global brands like Nike, Adidas, Reebok in the SEE.We are looking for an IT Project Manager to join the IT team, based in Heraklion, Crete or Athens!As an IT Project Manager you will oversee IT projects from start to finish, coordinating teams, resources, and stakeholders. You'll be responsible for planning, executing, and monitoring project progress, managing risks and budgets, ensuring quality, and aligning IT initiatives with business goals. This position requires a blend of technical knowledge, leadership skills, and the ability to effectively communicate across all levels of our organization to deliver successful technology solutions. If you're a driven professional with a track record of managing complex IT projects, we want to hear from you. Apply now to help shape our technological future!Responsibilities Plan and execute IT projects from start to finish Develop project schedules, budgets, and resource plans Lead cross-functional teams and manage stakeholders Monitor progress, risks, and quality Ensure timely project delivery within budget Prepare status reports for management Manage vendor relationships Implement change control processes Align projects with organizational goals Ensure compliance with IT policies and regulations Requirements Bachelor's degree in IT / Computer Science / Business Administration or related field At least 2 years experience in IT Project Management Proven track record of successfully delivering complex IT projects Excellent team management abilities Analytical and problem-solving skills  Good written and verbal communication skills Budgeting and resource allocation experience Experience with project management software Ability to work under pressure and meet deadlines Fluency in English and solid presentation skills BenefitsWhy You’ll Love It Here Competitive compensation package Career development opportunities & education programs Up to 75% discount at the European University of Cyprus (face-to-face or online attendance) One day off, part of our ""parents’ day off"" program Flexitime for working parents: Open Work from Home Anytime- Anywhere you need Generous employee discount in all our brands (JD Sports, Cosmos Sport, Sneaker10, Slamdunk, Sportsfactory, Rundome) Extras, discounts and perks - Being a valued member of Cosmos Sport team means a lot to us! We offer a variety of 100+ cool extras link here!  At Cosmos Sport, we are committed to providing a great place to work for all of our people, without regard to race, religion, color, sex, national origin, age, sexual orientations, genders, or disability.",Mid-level,Full-time,"Heraklion, Greece",EL,,,,2024-09-07,kariera.gr,168523
,"['http://data.europa.eu/esco/skill/07e51c60-763a-4335-b4ec-70a15f66d328', 'http://data.europa.eu/esco/skill/23ac233d-84ad-4517-b0f5-8ca19ba2614e', 'http://data.europa.eu/esco/skill/7111b95d-0ce3-441a-9d92-4c75d05c4388', 'http://data.europa.eu/esco/skill/e747e77e-0ea1-4001-8b07-1d11946b5f1b']",['http://data.europa.eu/esco/occupation/bea99fea-0383-4c63-b944-70d4799de2c5'],391,Bid Manager,"Company DescriptionWe are Netcompany-Intrasoft, a leading European IT Solutions and Services Group with strong international presence and expertise, offering innovative and added-value solutions of the highest quality to a wide range of international and national public and private organizations. More than 500 organizations in over 70 countries worldwide have chosen the company's services and solutions to fulfill their business needs. For more information regarding our company, current projects, and openings around Europe, please consult our website: www.netcompany-intrasoft.com.Job DescriptionWhat does it feel like to be a Bid Manager in Netcompany-Intrasoft?As a Bid Manager you will: • Organize and be responsible for the construction and delivery of Public Sector bids • Understands the features of our key solutions. Understands the impact of different technologies on our solutions • Organize and drive bid workshops with customers and partners • Can quickly understand new relevant business domainsQualificationsWhat would make you a fit for the role: • Technical/ Engineering/Science academic background • Project management and Organizational skills • Willingness to travel • Excellent command of English language (oral, written), command of French language would be considered a plus • Ability to work effectively as member of a team • Excellent communication and interpersonal skills • Strong presentation skills • Experience in Presales/Bid Management positions • Knowledge or active interest in the latest advancements of applied science and in the international technology innovation activities • Strong willingness to operate outside their existing comfort knowledge zone and support multidisciplinary activitiesAdditional InformationBeing a part of the Netcompany-Ιntrasoft team, you will be provided with: The opportunity to work in a modern environment & in a hybrid working modelA seamless onboarding experience and a buddy to support you on your first stepsA competitive compensation & benefits packageHealth and life insurance programMeal and commuting allowanceWell-being activities (on premises)Continuous learning opportunities using the most modern methods (unlimited access to Udemy for Business, ad-hoc trainings)A personalized development plan for targeted career growthIf you are looking forward to be part of a diverse environment, and have the opportunity to work alongside well-experienced professionals, on challenging, large-scale projects that directly impact millions of citizens around the globe, then this is the place to be!By joining Netcompany-Intrasoft Athens, you will be part of a vivid team of 2000+ tech enthusiasts. When at the office you will have the chance to work at our brand-new, state-of-the-art, sustainable offices, located in 3 different spots in Athens!Our cultureOur people are the most important element of our success. Our work life is well defined by our set of fundamental Values: https://netcompany.com/careers/greece/our-values/ #BePartOfSomethingGreat!Please submit your CV in English. All applications will be treated as strictly confidential.We ensure equal opportunities, treatment, and consideration to all candidates. Discrimination based on sex, racial or ethnic origin, religion or belief, disability, age, sexual orientation or marital status, physical or mental disability, or any other factor protected by applicable laws and regulations is prohibited. As part of the Netcompany-Intrasoft culture, we respect human rights and focus on creating a positive workplace, where all employees are valued, and where diversity and inclusion are a vital part of our our everyday working experience.",,Full-time,"Athens, Greece",EL,,,,2024-09-07,kariera.gr,168488
,"['http://data.europa.eu/esco/skill/1af2db15-2af9-44dd-9639-bf1fc69d4c34', 'http://data.europa.eu/esco/skill/e1f2f22f-3248-4eb2-83a6-c6f7c4437c5c', 'http://data.europa.eu/esco/skill/ea4ebfa1-e17a-4416-ac54-955f33e6ade7', 'http://data.europa.eu/esco/skill/f14ff4b7-be1e-4b55-b39b-520005f8a97e', 'http://data.europa.eu/esco/skill/fe1ec582-d63b-466c-9149-e7fc4fe93e22']",[],454,Tender Coordination Specialist,"WE ARE LOOKING FOR…
“Tender Coordination Specialist” in Trucks & Buses Sales Department
_________________________________________________________________________________
The position reports to the Public Tenders Business Manager, while you will have the following responsibilities: 

Coordinate the completion and delivery of commercial vehicles.
Liaise with external and internal suppliers and ensure timely and proper deliveries.
Liaise and coordinate internal and external stakeholders.
Take over the delivery process and keep proper records and documentation of good execution.

If you have the following qualifications, then this position seems suitable for you:

University degree, Master’s degree will be considered as an asset.
Project Management Diploma will be considered as an asset.
Excellent MS Office knowledge.
Fluency in Greek & English (verbal & written) is required, an additional language will be considered as an asset.

You will also fit best in the team if you are a...

Passionate professional with dynamic personality and team spirit.
Great communicator with customer orientation and attention to details.

Does this sound like you? 
If yes, apply now!",Entry / Junior,Contract / Freelance / Self-employed,"Kifisia, Greece",EL,,,,2024-09-07,kariera.gr,168401
,"['http://data.europa.eu/esco/skill/0a9acb6b-1139-4be9-b431-3a80a959f2f4', 'http://data.europa.eu/esco/skill/0af062de-eb43-41e9-9b96-249e2cd22d26', 'http://data.europa.eu/esco/skill/0ee94c0a-3716-494a-95a2-dcbab9e58be2', 'http://data.europa.eu/esco/skill/113b4428-0a31-4199-8496-070af7854b91', 'http://data.europa.eu/esco/skill/19a8293b-8e95-4de3-983f-77484079c389', 'http://data.europa.eu/esco/skill/1b957e3d-0017-42b0-9bfe-49a1cdd31de7', 'http://data.europa.eu/esco/skill/1fcce318-3212-487a-ac07-4941bc85060d', 'http://data.europa.eu/esco/skill/234aeb8d-56c3-4531-9193-1c5e6a8d16cb', 'http://data.europa.eu/esco/skill/2522a6ce-3202-4ac8-9f5b-b9cb5a3a83a1', 'http://data.europa.eu/esco/skill/33d49d4f-31ec-473f-9b8a-b555aa5116bb', 'http://data.europa.eu/esco/skill/385479b7-5da5-4367-9763-0d15b41bb65b', 'http://data.europa.eu/esco/skill/4339176e-3acd-4f7f-a5d9-445bee3d23f2', 'http://data.europa.eu/esco/skill/598de5b0-5b58-4ea7-8058-a4bc4d18c742', 'http://data.europa.eu/esco/skill/5b26f08b-88bc-45f0-b901-530d7786466b', 'http://data.europa.eu/esco/skill/5dd96c59-5955-474b-8cf5-e986a5b50f1a', 'http://data.europa.eu/esco/skill/7954861c-86d4-4529-afbb-2c23dab9ac74', 'http://data.europa.eu/esco/skill/867137fb-ff1b-4ca3-99f3-cb6969aa2c68', 'http://data.europa.eu/esco/skill/a8797f21-1af0-4c5e-98ca-bf1442929363', 'http://data.europa.eu/esco/skill/d433c82e-fa7a-492e-a8fd-eee7b39e4c48', 'http://data.europa.eu/esco/skill/e76dd90d-91c4-49c0-bfd0-dfa2c4c90c81', 'http://data.europa.eu/esco/skill/ed1d8bd4-cd2a-4c64-b665-56d70651026c', 'http://data.europa.eu/esco/skill/f0de4973-0a70-4644-8fd4-3a97080476f4', 'http://data.europa.eu/esco/skill/f37d9f67-2e79-4958-8307-1ce9d6dcc8bd', 'http://data.europa.eu/esco/skill/f5308e60-d763-4ead-be95-88c96fb3e02b', 'http://data.europa.eu/esco/skill/f9b52e2d-56a7-48ca-b04d-2fc6436fcd4f', 'http://data.europa.eu/esco/skill/fd33c66c-70c4-40e6-b87c-5495bd3bf26e']","['http://data.europa.eu/esco/occupation/196a4c75-9591-436f-9677-67252df34c22', 'http://data.europa.eu/esco/occupation/72628f3a-fd49-499a-9741-870b0a1fcef2', 'http://data.europa.eu/esco/occupation/7843a4c6-a9f6-4095-94b9-45b384d4bd57', 'http://data.europa.eu/esco/occupation/836f0a96-7546-4003-9fc8-714fc79199d4', 'http://data.europa.eu/esco/occupation/8b6388a4-4904-471b-9331-d3b1211f5525', 'http://data.europa.eu/esco/occupation/cc867bee-ab5c-427f-9244-f7a204d9574b', 'http://data.europa.eu/esco/occupation/d515e82a-ca9f-4be4-9823-33694dff7304', 'http://data.europa.eu/esco/isco/C1330', 'http://data.europa.eu/esco/isco/C2519']",539,"Senior Associate, Software Engineering","Role Summary
Pfizer's purpose is to deliver breakthroughs that change patients' lives.In Pfizer Digital Core Solutions, we partner closely with our Pfizer business operations colleagues to efficiently deliver robust supporting technology solutions that enhance their work to achieve the Pfizer purpose. We value our team members' technical skills, but also their passion, teamwork, and growth. Our culture is focused on delivering value through courage, excellence, equity, and joy. Our collective skillset supports all aspects of technology planning, project execution and application development excellence.We are looking for Software Engineer (SE) candidates who are aligned with our culture and values, and with academic and/or work experience in software development projects that include both backend and frontend development using Java and Javascript-based technologies for multi-tiered, RDBMS-based web applications.The Software Engineer plays a key role in meeting our mission. The SE analyzes specifications, designs logic, writes code, customizes products, unit tests, debugs, and documents software applications. The SE participates in agile team events and works within the agile team framework.The SE will work closely with their manager to ensure growth over time, including the selection of project work among hundreds of applications that will expand their skillset to meet personal and organizational goals, to provide fulfilling work, and to advance their careers.
Role Responsibilities

Works within project teams as a contributor to design, prototype, implement and unit test software solutions in support of the project objectives.
Works as a senior developer on small-to-medium size software development projects, which may include accountability for the work of a small number of other junior and/or contract Software Engineers, as well as responsibility for dictating and managing coding standards, coding best practices, source code control approaches, versioning, etc.
Translates logical designs of user/system interfaces into physical designs, considering the target environment, performance requirements and existing systems.
Helps produce detailed design specifications where applicable, and documents all work using required standards, methods, and tools, including prototyping tools, where appropriate.
Conducts reviews of supplied specifications as appropriate.
Defines the integration build and produces a build definition for generation of the software.
Work in a matrix, team environment with Pfizer colleagues as well as vendor partners.
Dedicated to meeting the expectations and requirements of internal and external customers.

Qualifications
Education:

Undergraduate degree in Software Engineering, Information Management, Computer Science, Mathematics, or other scientific or engineering discipline.

Prior Experience:

Minimum of 3 years of experience as a software developer/engineer.

Required Capabilities and Experience:

Facilitation, negotiating and presentation skills.
Experience working in ambiguous situations.
Demonstrated experience and skills in analysis and problem solving.
Demonstrated ability to developing multi-tiered solutions using multiple programming languages and web technologies including Java, TypeScript (Angular), HTML, CSS, SQL, etc.
Demonstrated experience using standard requirements business analysis techniques, including brainstorming, interviewing, requirements sessions, activity diagrams and use cases desired.
Demonstrated experience and/or competencies either informally or formally contributing on various-size teams of technologists, IT professionals or project managers using Agile, Scrum, DevOps, and other approaches for iterative development.
Demonstrated ability to collaborate and work effectively in team settings, frequently in virtual teams with client partner and customer engagement responsibilities.
Demonstrated ability to understand data and integration architectures to manage, transform, and exploit data across the enterprise.
Demonstrated capability to understand security requirements, and using the frameworks and tools the organization has put in place to meet those requirements.
Excellent oral and written communication skills.

Required Aptitude:

Quick to establish trust and respect
Action oriented and energetic
Resourceful and creative
Persistent and determined
Mature and cool under pressure
Easily makes connections
Reads situations quickly
Commitment and follow through

Pfizer is an equal opportunity employer and complies with all applicable equal employment opportunity legislation in each jurisdiction in which it operates.
To apply please visit our website www.pfizercareers.com and search job Senior Associate, Software Engineer with id 4919474.",Mid-level,Full-time,"Thessaloniki, Greece",EL,,,,2024-09-06,kariera.gr,168300
,"['http://data.europa.eu/esco/skill/2636b3d3-843e-46a9-8b4c-a9d6ca3f5a2d', 'http://data.europa.eu/esco/skill/29cd7e7b-215c-483a-b67a-6bdad0647de9', 'http://data.europa.eu/esco/skill/2c4b6914-4b97-4e35-85cb-e6602a8bb04a', 'http://data.europa.eu/esco/skill/3bc08c26-2f98-4730-bbb6-ec4a8566e3cf', 'http://data.europa.eu/esco/skill/71152876-b629-4a99-b9ea-0f25a0d07e4e', 'http://data.europa.eu/esco/skill/d15ce60f-ddab-41ce-ba56-398451b77b60', 'http://data.europa.eu/esco/skill/f14ff4b7-be1e-4b55-b39b-520005f8a97e', 'http://data.europa.eu/esco/skill/f683ae1d-cb7c-4aa1-b9fe-205e1bd23535']","['http://data.europa.eu/esco/occupation/07e60525-1aad-4099-aaf3-2c7014c92212', 'http://data.europa.eu/esco/occupation/2a914d26-42aa-46b5-acf3-097d51ba4617', 'http://data.europa.eu/esco/occupation/4588cd69-e6a5-4668-94c7-f02a3d86a649', 'http://data.europa.eu/esco/occupation/5fd2980e-22c4-4ace-a394-190c76f4f539', 'http://data.europa.eu/esco/occupation/6cd08cbe-7611-4d70-8886-6c59c0385442', 'http://data.europa.eu/esco/occupation/8cb59bc4-1f39-477e-beea-effed12d186c', 'http://data.europa.eu/esco/occupation/91f93dc4-1b71-4053-b6fb-c579ec19303a', 'http://data.europa.eu/esco/occupation/ba3bacd4-73e9-4861-a9c0-f89f1f28055a', 'http://data.europa.eu/esco/occupation/cb4f98c8-6b8d-41d8-87eb-a2a2033a3a25', 'http://data.europa.eu/esco/occupation/d5eb6150-bbff-4a9c-9d0c-21eab4dbe2b6']",547,Methods Engineer,"Company DescriptionArchirodon, having earned its reputation as a reliable and respected international contractor for more than a half century in the Engineering, Procurement and Construction (EPC) market, continues to create value to its stakeholders by executing complex EPC projects worldwide, in recognition of its superior standards of performance.  We have an outstanding record in completing major Energy, Marine, Infrastructure and Defense & Security projects around the globe and we pride ourselves on delivering over the years the kind of reliability and trust that the client has the right to expect from a major EPC contractor. We are constantly growing and are currently looking for an experienced Methods Engineer to join a top qualified and knowledgeable Technical Office Team for Marine and Infrastructure Projects in our Athens Office. Are you an adventurer? Do you wish to build a career within a leading contracting organization, working with different cultures and travelling around the world? We want to meet you!Job DescriptionYou will be involved in impactful mega international EPC projects, and you will have the opportunity to add value to our mission, learn from multidisciplinary teams and grow within a world class team.You will be part of the Marine & Infrastructure Division (MID) and support the Technical Offices and Construction teams across countries. We will count you on you for the design of temporary works, construction engineering, and technical documentation.What you will need to do:Assist in preparation of special materials/equipment RFQs and liaise with suppliers and subcontractors to ensure that comprehensive and consistent quotations are received (during tender and project phase).Technical Bid Evaluations through Archirodon's procurement control system (and optional Commercial) of MEP materials quotations and subcontractsSupport the Division Technical Manager, such as preparation of sequencing and Time Schedule using Primavera or other software (tender and project phase)Follow up of MEP progress for specific assigned projects, ensuring integration of Engineering, Procurement and ConstructionSupport Division Technical Office and Projects' Technical Offices in special MEP tasksPresence at site, as required but not exceeding the 30% of the working days, annually. Undertake the role of MEP manager for a short period (max 3 months) until the assignment of the project MEP managerAssist in production of cost estimates and assist estimators providing his/her technical expertise in order a comprehensive and techno commercially competitive proposal to be submitted (tender phase)Contribute in the preparation of MEP execution plan, mainly indicating the method, the procurement strategy and the logistics to be followed in a tender and projectliaise with the project MEP and TO manager for the preparation of the MEP constructability reviewsReviewing budgets prepared by the project teamsReview consultants' specifications and subcontractors' submittals for ER complianceParticipate in meetings and negotiations with Partners/Clients in the complete spectrum of a Proposal (technical, commercial, and contractual)-tender phase.Participate, as required in meetings with Partners/Clients during project executionParticipate in construction meetings with the MEP Manager, follow the project's progress, contribute to the solution of technical and construction issues and propose mitigation plans during the project executionQualificationsMinimum 5 years of experience within a construction contractor/industryBEng or equivalent in Electrical or Mechanical EngineeringMaster's degree would be considered a plusExcellent English command (written and verbal)Computer literacy, including use of MS Office (Word, Excel, PowerPoint), Primavera or Microsoft Project softwareKnowledge of any Project Management tool would be highly welcomedStrong interpersonal and communication skills (written and verbal)A team spirit and possesses international mindset, particularly in a multicultural environmentA ""can-do"" attitude, flexibility and hands on mentalityEagerness to learn and professionally developedYou are someone who:Holds strong analytical skills having a keen eye on details; you love numbers, and you see yourself mastering data across a wide range of analysis' requirements with accuracyDemonstrates a fighting spirit and preservice in making things happenDisplays excellent interpersonal and communication skills and build rapport easilyIs keen to learn and professionally growIs proactive thinker; you think ahead and act before an issue becomes an actual problem to get things doneDisplays a team spirit; particularly in a multicultural environment collaborating smoothly and effectivelyAdditional InformationWhat's in it for you:Competitive salary and benefits are part of the offering, yet the real joy comes from being a member of smart and passionate teams, within an international leading EPC Group on a mission that matters. We create mega construction projects - literally around the globe - with meaningful impact on the local communities for the years to come. At Archirodon, you will find a proud, productive and human-centric culture, caring for and building on our people and their development!",,Full-time,"Kropia, Greece",EL,,,,2024-09-06,kariera.gr,157897
,"['http://data.europa.eu/esco/skill/21fecc8a-392e-49ce-ac26-fb0696ccfead', 'http://data.europa.eu/esco/skill/3bc08c26-2f98-4730-bbb6-ec4a8566e3cf', 'http://data.europa.eu/esco/skill/6a899482-8bcf-40ca-ae67-579a1cc467ab', 'http://data.europa.eu/esco/skill/7111b95d-0ce3-441a-9d92-4c75d05c4388', 'http://data.europa.eu/esco/skill/7af6e9e8-1e11-4c0b-b7c6-ac96bbbbc674', 'http://data.europa.eu/esco/skill/abfdff24-e825-4ab5-9260-12b92363be83', 'http://data.europa.eu/esco/skill/cc173f61-3386-44c5-a048-3889e1ec9114', 'http://data.europa.eu/esco/skill/ec4de8aa-9ba4-412b-832d-93361210eae3']","['http://data.europa.eu/esco/occupation/1c36dd08-f6a7-43f2-a889-beebedb71c25', 'http://data.europa.eu/esco/occupation/1eb56b85-af25-43d4-9e35-73d8ee78e228', 'http://data.europa.eu/esco/occupation/3f3748a7-4bb3-40b4-9ae3-1c5040c70f52', 'http://data.europa.eu/esco/occupation/9422c30d-c5ef-4fcc-a493-d67ee42189c0', 'http://data.europa.eu/esco/occupation/bea99fea-0383-4c63-b944-70d4799de2c5', 'http://data.europa.eu/esco/occupation/cb4f98c8-6b8d-41d8-87eb-a2a2033a3a25', 'http://data.europa.eu/esco/occupation/d7d986e1-7333-431b-9719-0c5c6939e360', 'http://data.europa.eu/esco/isco/C334']",549,Senior Civil Engineer,"Company DescriptionArchirodon, having earned its reputation as a reliable and respected international contractor for more than a half century in the Engineering, Procurement and Construction (EPC) market, continues to create value to its stakeholders by executing complex EPC projects worldwide, in recognition of its superior standards of performance.  We have an outstanding record in completing major Energy, Marine, Infrastructure and Defense & Security projects around the globe and we pride ourselves on delivering over the years the kind of reliability and trust that the client has the right to expect from a major EPC contractor.Job DescriptionJob DescriptionWe are constantly growing and are currently looking for an experienced Senior Civil Engineer to join our Engineering Department in Athens. Build towards excellence and join our worldwide journey!What you will need to do:Ensures implementation of Company's IMS to the extent applicable to the activities of the team members under his supervision.Assists in the preparation of Design Status Reports for Projects / Tenders for which he is acting as the lead engineer.Assists the Engineering Team Manager(s), or Project Engineering Manager in the forecast of design workload.Assists in the effective training of the team members under his supervision.Assists the Engineering Team Manager(s), or Project Engineering Manager in the organization of project/tender team, and the distribution of engineering work.Ensures that engineering activities performed by him or under his supervision are performed on time, determines the causes of any deviation and in cooperation with the Team proposes appropriate remedies to Engineering Team Manager, or Project Engineering Manager.Establishes a positive relationship with Clients / Engineers. Ensures execution of the Engineering Works in accordance with project specifications, and by meeting deadlines.Ensures that the engineering database is kept abreast, maintained and accessible to Engineering Staff.Participates in the selection of best or alternative solutions through analysis of information and evaluation of results.Assesses the potential risks of specific engineering solutions/tasks.Keeps up to date with applicable Codes, Standards and Legislation (per Project /Location).Gets members of a project team that he may be leading to work together to accomplish tasks, organizes regular Meetings.Attends designated meetings both in house and when nominated, with client or on sites.Initiates administrative functions such as reviewing and writing reports.Collaborates with and reviews the work of external consultants as required, attender and project implementation phases.Ensures the fulfilment of the Project quality requirements and contractual obligations for the team engineering activities in compliance with the established procedures. Consistently keeps abreast of new design and construction methods.Ensures that incoming information is properly transferred to interfacing departments/engineering working groups.Performs designs/design reviews.Performs any other related duties as assigned.QualificationsWhat you will need to have:BE or equivalent in Civil Engineering, and MSc (preferably in an international English-speaking University).Minimum 5 years of relevant experience related to Oil & Gas, Power Plants, Industrial Projects, Marine Infrastructure and detailed engineering experience in the field of expertise.Previous exposure to international environment will be considered an advantage.In depth knowledge of international codes & standards, international design guidelines & recommendations.Mobility is desirable to participate in working teams at Archirodon's project home offices throughout the countries that Archirodon executes its EPC projects.Excellent command (written and oral) of the English language.Additional InformationWhat's in it for you:Competitive salary and benefits are part of the offering, yet the real joy comes from being a member of smart and passionate teams, within an international leading EPC Group on a mission that matters. We create mega construction projects - literally around the globe - with meaningful impact on the local communities for the years to come. At Archirodon, you will find a proud, productive and human-centric culture, caring for and building on our people and their development!",,Full-time,"Kropia, Greece",EL,,,,2024-09-06,kariera.gr,157895
,"['http://data.europa.eu/esco/skill/3bc08c26-2f98-4730-bbb6-ec4a8566e3cf', 'http://data.europa.eu/esco/skill/7dd94ad3-13d6-43fe-8b94-51fcbf67ced9', 'http://data.europa.eu/esco/skill/97965983-0da4-4902-9daf-d5cd2693ef73', 'http://data.europa.eu/esco/skill/c65c7304-03b5-4065-a140-ddc405e670d1']","['http://data.europa.eu/esco/occupation/3f3748a7-4bb3-40b4-9ae3-1c5040c70f52', 'http://data.europa.eu/esco/occupation/5a58da2b-2fa0-40d4-a9f5-fead48e7de88', 'http://data.europa.eu/esco/occupation/6cd08cbe-7611-4d70-8886-6c59c0385442', 'http://data.europa.eu/esco/occupation/a4869ae9-2dfe-48cc-bd97-f803880f3407', 'http://data.europa.eu/esco/occupation/bab5fa79-7f96-4e21-87b6-1eba560b8d9a', 'http://data.europa.eu/esco/occupation/cb4f98c8-6b8d-41d8-87eb-a2a2033a3a25']",551,3d Modeller/Draftsman,"Company DescriptionArchirodon, having earned its reputation as a reliable and respected international contractor for more than a half century in the Engineering, Procurement and Construction (EPC) market, continues to create value to its stakeholders by executing complex EPC projects worldwide, in recognition of its superior standards of performance.  We have an outstanding record in completing major Energy, Marine, Infrastructure and Defense & Security projects around the globe and we pride ourselves on delivering over the years the kind of reliability and trust that the client has the right to expect from a major EPC contractor. Are you ready to travel, be part of and learn from an international dynamic team? Are you a self-motivated Project Controls professional, looking for a new role to get passionate about? Would you like to be part of a dynamic EPC leader with global presence? We'd like to meet you!Job DescriptionJob DescriptionWe are constantly growing and currently looking for a 3D Modeler using Revit to join our Drafting team of our Engineering Department in Athens. Build towards excellence and join our worldwide journey!Role Summary: You will be working with a team of highly knowledgeable professionals, and you will Perform Revit modelling for structures in the context of large infrastructure projects under the supervision / direction of Project Engineering Manager and/or 3D Modelling Manager.What will you need to do:Creating the shared parameters and families.Follow BIM content standards and development procedures.Synchronize the models / drawings as per design changes and site conditionsSetting up of Model Templates.Export NWC/IFC and other formats for internal or external collaboration.Participate in the development/training program of the drafting team with regards to the Revit modelling skills . QualificationsWhat you will need to have:Be certified in Revit Autodesk.Have a minimum 3 years' experience in modelling using Revit of structures in the context of infrastructure projects.Experience in marine structures (incl. Ports & harbors) and bridges would be a definite advantage.Experience in other modelling platforms (Civil3D, Plant3D, PDS etc.) would be a definite advantage.Mobility to participate in working teams at Archirodon's project home offices throughout the countries where its EPC projects are executed.Excellent command (written and oral) of the English language.You are someone who:Displays excellent interpersonal and communication skills.Can be counted on to achieve goals within schedule, demonstrating a fighting spirit and perseverance.Is keen to learn and professionally grow.Is flexible and is eager to take initiatives.Is effective at solving problems, troubleshooting, and making timely decisions.Displays a team spirit, particularly in a multicultural environment.Is commercially astute.Provides critical thinking and can deliver timely high-quality results.Additional InformationWhat's in it for you:Competitive salary and benefits are part of the offering, yet the real joy comes from being a member of smart and passionate teams, within an international leading EPC Group on a mission that matters. We create mega construction projects - literally around the globe - with meaningful impact on the local communities for the years to come. At Archirodon, you will find a proud, productive and human-centric culture, caring for and building on our people and their development!",,Full-time,"Kropia, Greece",EL,,,,2024-09-06,kariera.gr,157893
,"['http://data.europa.eu/esco/skill/048f04c9-83b1-48cd-9ac9-16a433695a61', 'http://data.europa.eu/esco/skill/0d73a5c0-7f95-4ede-92f3-eac434a970a9', 'http://data.europa.eu/esco/skill/21fecc8a-392e-49ce-ac26-fb0696ccfead', 'http://data.europa.eu/esco/skill/234aeb8d-56c3-4531-9193-1c5e6a8d16cb', 'http://data.europa.eu/esco/skill/3bc08c26-2f98-4730-bbb6-ec4a8566e3cf', 'http://data.europa.eu/esco/skill/3d427a49-4f85-42cd-8a92-62d4a34f41a1', 'http://data.europa.eu/esco/skill/6b305973-8993-475f-bd8a-daf037c61401', 'http://data.europa.eu/esco/skill/6f5850ea-5785-4e2c-b062-743066fd5bdb', 'http://data.europa.eu/esco/skill/802e6973-3270-4cf0-86e4-a6835caf1ba6', 'http://data.europa.eu/esco/skill/9fc400ac-8ed2-4aff-915f-aa4f2609ec7b', 'http://data.europa.eu/esco/skill/a8081afe-46ff-425d-9d9f-f4033b3f84f6', 'http://data.europa.eu/esco/skill/cf310cff-0d28-4dbc-9dbb-cc500a3196c2', 'http://data.europa.eu/esco/skill/d1317634-ccea-44d0-9cdc-c863f9bf856b', 'http://data.europa.eu/esco/skill/eba85523-6ad2-4cd9-9b27-a0b6a39b8cfa', 'http://data.europa.eu/esco/skill/f14ff4b7-be1e-4b55-b39b-520005f8a97e', 'http://data.europa.eu/esco/skill/f21c2b32-83e0-46b2-99b1-c277e3d27f2f', 'http://data.europa.eu/esco/skill/fc3cdc2c-7b79-4b5c-a4b0-f3b996fef849', 'http://data.europa.eu/esco/skill/fc4fcb4b-993f-4f2c-b158-c2171ec18ed8']","['http://data.europa.eu/esco/occupation/219d1c30-3849-4de3-b0d6-07da187b6521', 'http://data.europa.eu/esco/occupation/234be692-befb-41df-bdf0-e1b2f4eaf5e7', 'http://data.europa.eu/esco/occupation/2cf2b905-3308-4b5d-8e8d-633fc7a3f3ce', 'http://data.europa.eu/esco/occupation/30aef4c6-49ca-4464-bf82-78ed88b3eb9b', 'http://data.europa.eu/esco/occupation/3f3748a7-4bb3-40b4-9ae3-1c5040c70f52', 'http://data.europa.eu/esco/occupation/53a362a4-4c83-4ce2-837f-d1faba4cd247', 'http://data.europa.eu/esco/occupation/5ccb2c34-e860-43a5-9869-342487518115', 'http://data.europa.eu/esco/occupation/91f93dc4-1b71-4053-b6fb-c579ec19303a', 'http://data.europa.eu/esco/occupation/98ad0008-13d9-4e9b-94bf-4f4a5faae764', 'http://data.europa.eu/esco/occupation/a4869ae9-2dfe-48cc-bd97-f803880f3407', 'http://data.europa.eu/esco/occupation/c36fc197-1f5b-4563-acd8-6f1d06aa1c03', 'http://data.europa.eu/esco/occupation/cb4f98c8-6b8d-41d8-87eb-a2a2033a3a25', 'http://data.europa.eu/esco/occupation/efc75d4e-dfbf-4178-929c-0ae198801c36', 'http://data.europa.eu/esco/occupation/fbceeac6-798b-4307-a825-626707a753ad', 'http://data.europa.eu/esco/isco/C2133', 'http://data.europa.eu/esco/isco/C3112', 'http://data.europa.eu/esco/isco/C3118', 'http://data.europa.eu/esco/isco/C71']",554,Senior Civil/Marine Engineer,"Company DescriptionArchirodon, having earned its reputation as a reliable and respected international contractor for more than a half century in the Engineering, Procurement and Construction (EPC) market, continues to create value to its stakeholders by executing complex EPC projects worldwide, in recognition of its superior standards of performance.  We have an outstanding record in completing major Energy, Marine, Infrastructure and Defense & Security projects around the globe and we pride ourselves on delivering over the years the kind of reliability and trust that the client has the right to expect from a major EPC contractor.Job DescriptionJob Summary:You will be working with a team of highly knowledgeable professionals within Engineering Department of Archirodon, to support engineering activities throughout the entire life cycle of international Marine, Infrastructure, and Industrial projects, from Front End Engineering Design (FEED) to tender design, detailed design, and construction. Within a collaborative working environment, you will be required to undertake efficiently and accurately engineering design tasks pertinent to your engineering discipline (Marine, Structural, Geotechnical or Hydraulic), but also to liaise with other discipline engineers and external engineering firms/consultants reviewing engineering deliverables and coordinating activities, pursuing integrated, streamlined and constructible engineering design packages.What you will need to do:Undertake and perform efficiently and accurately engineering design tasks corresponding to engineering discipline (Civil, Geotechnical, Marine, Structural), including engineering analysis, preparation of drawings and drafting technical notes and calculation notes.Coordinate with members of other engineering disciplines for developing integral and seamless engineering solutions, for project proposal (tender) or project implementation phases. Strive for design optimization and undertake value engineering exercises, working in close collaboration with the rest of the project team.Review engineering deliverables provided by third parties (engineering subcontractors) pertaining to your engineering discipline, but also general civil engineering drawings and documents, to ensure compliance with project specs, codes and standards with due consideration of constructability requirements.Liaise and interface with other Company functions (i.e., tendering and procurement departments) and provide the required engineering input (i.e., for cost estimation and procurement of materials and equipment).Assist the Project Engineering Manager in managing the day-to-day engineering activities of the assigned project/tender.Organize, contribute, and prepare notes and PowerPoint presentations for multidisciplinary meetings and workshops.Prepare engineering scoping documents for complex multidisciplinary projects and analyze the scope into Engineering deliverables and activities.Ensure that Company and Project quality procedures and ISO standards are properly implemented.QualificationsWhat you need to have:BE or equivalent in Engineering, and an MSc (preferably in an international English-speaking University in Europe or USA) or equivalent, in relevant Engineering discipline.Minimum seven (7) years of Engineering experience, designing works related to Marine Structures, and/or Infrastructure Projects (roads, railways, industrial plants) and/or Major Building projects. Project Engineering Management experience is a plus.Work experience in an international environment will constitute an important advantage.Strong engineering background with a wide, cross-discipline grasp and proven technical competence (including strong analytical skills) in your Engineering discipline. Interdisciplinary work, experience working within, or organizing, multidisciplinary teams or operate within a matrix organization frame is a plus.Very good knowledge of applicable international codes & standards, international design guidelines & recommendations pertaining to your discipline. Awareness of the requirements of environmental regulations, sustainability requirements and permitting procedures is also warranted.Project management skills: PMI certification, or equivalent, is a plus.Familiarization with construction operations and awareness of construction technology is a plus.Mobility is highly desirable, as it might be required to participate in working teams at Archirodon project home offices throughout the countries that Archirodon executes EPC projects.Good command of analysis tools pertinent to your discipline (Structural, Geotechnical, Marine etc.) as well as AutoCAD and Office software.Excellent command (written and oral) of English language.Additional InformationWhat's in it for you:Competitive salary and benefits are part of the offering, yet the real joy comes from being a member of smart and passionate teams, within an international leading EPC Group on a mission that matters. We create mega construction projects - literally around the globe - with meaningful impact on the local communities for the years to come. At Archirodon, you will find a proud, productive and human-centric culture, caring for and building on our people and their development!",,Full-time,"Kropia, Greece",EL,,,,2024-09-06,kariera.gr,157889
,"['http://data.europa.eu/esco/skill/3bc08c26-2f98-4730-bbb6-ec4a8566e3cf', 'http://data.europa.eu/esco/skill/5d00929a-7124-488a-91c1-324bd75bf8ba', 'http://data.europa.eu/esco/skill/6bee2e0f-4f12-4a82-a395-370cf0567c12', 'http://data.europa.eu/esco/skill/750caee5-12a0-46ba-b8aa-1e56370deaf9', 'http://data.europa.eu/esco/skill/97bd1c21-66b2-4b7e-ad0f-e3cda590e378', 'http://data.europa.eu/esco/skill/a4346013-a967-4a58-a533-6b32ad1364c5', 'http://data.europa.eu/esco/skill/d3e63bd9-cc29-4e46-92b1-c2b6fa491624', 'http://data.europa.eu/esco/skill/de03f4fd-c147-4477-a048-7109e5ba2d6f', 'http://data.europa.eu/esco/skill/e843973c-23dd-416a-8a9c-9e89512542fb', 'http://data.europa.eu/esco/skill/f683ae1d-cb7c-4aa1-b9fe-205e1bd23535']","['http://data.europa.eu/esco/occupation/260b01cc-7dd6-4584-8863-cae5426819c6', 'http://data.europa.eu/esco/occupation/3ae4fd99-814a-4d06-a7db-5ee680c22e26', 'http://data.europa.eu/esco/occupation/44e0c015-309d-4f67-98a3-1e036966ed7f', 'http://data.europa.eu/esco/occupation/4791e217-d607-40d5-9f84-df1d0a071cbc', 'http://data.europa.eu/esco/occupation/7843a4c6-a9f6-4095-94b9-45b384d4bd57', 'http://data.europa.eu/esco/occupation/823db06f-25e1-4658-b063-d6ef956b41f5', 'http://data.europa.eu/esco/occupation/cb4f98c8-6b8d-41d8-87eb-a2a2033a3a25']",556,Logistics Manager,"Company DescriptionArchirodon, having earned its reputation as a reliable and respected international contractor for more than a half century in the Engineering, Procurement and Construction (EPC) market, continues to create value to its stakeholders by executing complex EPC projects worldwide, in recognition of its superior standards of performance. We have an outstanding record in completing major Energy, Marine, Infrastructure and Defense & Security projects around the globe and we pride ourselves on delivering over the years the kind of reliability and trust that the client has the right to expect from a major EPC contractor.Job DescriptionWe are constantly growing and are currently looking for a Logistics Manager to join our top qualified team in our Athens Office.Are you ready to travel, be part of and learn from an international dynamic team? Would you like to be part of a dynamic EPC leader with global presence? We'd like to meet you!QualificationsWhat you will need to do:Execute international transportation packages of materials and/or equipment until the final delivery.Collaborate and negotiate with Logistics service providers, maintaining favourable terms, pricing, and contracts.Analyze data or insights to determine industry and consumer trends, devising long-term development strategies for product categories.What you will need to have :Minimum five to ten (5-10) years' experience in Logistics and transport operations preferably in project cargo, freight forwarding or shipping company.Master of Business or Bachelor's degree in Shipping, Logistics, or relevant field.Very good knowledge of international transport processes, custom regulations, and procedures.Good knowledge and previous experience in Marine Chartering with direct exposure in Charter Party negotiation.Previous experience in project cargo, breakbulk and containerized cargo.Good working knowledge of Incoterms 2010/2020.Previous experience of project managing new business implementations and transformation projects preferably in a 3PL environment.Experience in budget management, ideally having ownership for a project P&L .Fluency in the English language is essential.Very good knowledge of MS office.You are someone who:Has commercial mindset and full comprehension of marketing and sales principles.Strong analytical, problem-solving, and organizational abilities.Excellent co-operation and interpersonal skills while working in a multicultural environment.Is a true team member.Enjoys challenge, working with different cultures and travelling!Additional InformationWhat's in it for you:Competitive salary and benefits are part of the offering, yet the real joy comes from being a member of smart and passionate teams, within an international leading EPC Group on a mission that matters. We create mega construction projects - literally around the globe - with meaningful impact on the local communities for the years to come. At Archirodon, you will find a proud, productive, and human-centric culture, caring for and building on our people and their development! Please note that you will be contacted only in case you are shortlisted for an interview. In the meantime, do not hesitate to stay in touch and keep monitoring our  open vacancies  and our  LinkedIn  page! Rest assured that your application will be treated with strict confidentiality and under all applicable data privacy regulations.",,Full-time,"Kropia, Greece",EL,,,,2024-09-06,kariera.gr,157887
,"['http://data.europa.eu/esco/skill/3bc08c26-2f98-4730-bbb6-ec4a8566e3cf', 'http://data.europa.eu/esco/skill/5b26f08b-88bc-45f0-b901-530d7786466b', 'http://data.europa.eu/esco/skill/6bee2e0f-4f12-4a82-a395-370cf0567c12', 'http://data.europa.eu/esco/skill/a4346013-a967-4a58-a533-6b32ad1364c5', 'http://data.europa.eu/esco/skill/e843973c-23dd-416a-8a9c-9e89512542fb']","['http://data.europa.eu/esco/occupation/39803100-c338-4f01-ad2c-085d488920ca', 'http://data.europa.eu/esco/occupation/3ae4fd99-814a-4d06-a7db-5ee680c22e26', 'http://data.europa.eu/esco/occupation/7843a4c6-a9f6-4095-94b9-45b384d4bd57', 'http://data.europa.eu/esco/occupation/823db06f-25e1-4658-b063-d6ef956b41f5', 'http://data.europa.eu/esco/occupation/c8b296be-54ae-48cf-be21-031fa8457937', 'http://data.europa.eu/esco/occupation/cb4f98c8-6b8d-41d8-87eb-a2a2033a3a25', 'http://data.europa.eu/esco/isco/C334']",557,Logistics Assistant,"Company DescriptionArchirodon, having earned its reputation as a reliable and respected international contractor for more than a half century in the Engineering, Procurement and Construction (EPC) market, continues to create value to its stakeholders by executing complex EPC projects worldwide, in recognition of its superior standards of performance. We have an outstanding record in completing major Energy, Marine, Infrastructure and Defense & Security projects around the globe and we pride ourselves on delivering over the years the kind of reliability and trust that the client has the right to expect from a major EPC contractor.Job DescriptionWe are constantly growing and are currently looking for a Logistics Assistant to join our top qualified team in our Athens Office.Are you ready to travel, be part of and learn from an international dynamic team? Would you like to be part of a dynamic EPC leader with global presence? We'd like to meet you!QualificationsWhat you will need to do:Collaborate with Logistics service providers to negotiate and maintain favourable terms, pricing, and contracts. Handle administrative responsibilities, including support to the Logistics Manager and the team. Provide advanced administrative support to the Company Logistics S/W -training to Logistics S/W users and support Logistics team. Deliver reports, including shipping variances, commodity tracking, Logistics KPIs etc.What you will need to have :Minimum one to three (1-3) years' experience in Logistics and transport operations preferably in project cargo, freight forwarding or shipping company. MSc or BSc degree in Shipping, Logistics, Computer science and technology or relevant field Knowledge of international transport processes, Custom regulations, and procedures Good working knowledge of Incoterms 2010/2020 Very good knowledde of English .Very good knowledge of MS office You are someone who:Is a true team member.Enjoys challenge, working with different cultures and travelling!Strong analytical, problem-solving, and organizational abilities Excellent co-operation and interpersonal skills while working in a multicultural environment.Additional InformationWhat's in it for you:Competitive salary and benefits are part of the offering, yet the real joy comes from being a member of smart and passionate teams, within an international leading EPC Group on a mission that matters. We create mega construction projects - literally around the globe - with meaningful impact on the local communities for the years to come. At Archirodon, you will find a proud, productive, and human-centric culture, caring for and building on our people and their development! Please note that you will be contacted only in case you are shortlisted for an interview. In the meantime, do not hesitate to stay in touch and keep monitoring our  open vacancies  and our  LinkedIn  page! Rest assured that your application will be treated with strict confidentiality and under all applicable data privacy regulations.",,Full-time,"Kropia, Greece",EL,,,,2024-09-06,kariera.gr,157886
,"['http://data.europa.eu/esco/skill/1af2db15-2af9-44dd-9639-bf1fc69d4c34', 'http://data.europa.eu/esco/skill/29cd7e7b-215c-483a-b67a-6bdad0647de9', 'http://data.europa.eu/esco/skill/3bc08c26-2f98-4730-bbb6-ec4a8566e3cf', 'http://data.europa.eu/esco/skill/3cd35f5d-ce6d-4f14-9a09-53d7a28d834c', 'http://data.europa.eu/esco/skill/5f2efbdf-08a2-49cd-9c06-bd284e4f0fbf', 'http://data.europa.eu/esco/skill/a4346013-a967-4a58-a533-6b32ad1364c5', 'http://data.europa.eu/esco/skill/a80fb090-63f4-4b05-83a5-2f090deb7757', 'http://data.europa.eu/esco/skill/c69587b4-05d3-45bb-b79b-9b85e6603fc2', 'http://data.europa.eu/esco/skill/f414dc08-35bd-4bc7-846d-88a3844d057c']","['http://data.europa.eu/esco/occupation/0561328b-875b-4ae2-9ba1-9af9049aef01', 'http://data.europa.eu/esco/occupation/7843a4c6-a9f6-4095-94b9-45b384d4bd57', 'http://data.europa.eu/esco/occupation/8cb59bc4-1f39-477e-beea-effed12d186c', 'http://data.europa.eu/esco/occupation/91f93dc4-1b71-4053-b6fb-c579ec19303a', 'http://data.europa.eu/esco/occupation/cb4f98c8-6b8d-41d8-87eb-a2a2033a3a25']",561,Procurement Engineer - Category,"Company DescriptionArchirodon, having earned its reputation as a reliable and respected international contractor for more than a half century in the Engineering, Procurement and Construction (EPC) market, continues to create value to its stakeholders by executing complex EPC projects worldwide, in recognition of its superior standards of performance.We have an outstanding record in completing major Energy, Marine, Infrastructure and Defense & Security projects around the globe and we pride ourselves on delivering over the years the kind of reliability and trust that the client has the right to expect from a major EPC contractor.Job DescriptionThe Procurement Engineer (Category) will be responsible for developing and implementing strategies for Categories assigned in cooperation with the Category Manager.The Procurement Engineer is assigned at corporate level and is working under the direction of the Procurement Category Manager.Responsible for collecting and analysing data to determine trends and report results within a specific Category or Categories.Coordinate closely with the Category Manager and Technical Expert and other internal stakeholders.Periodically re-assess the action plan set to achieve the objectives planned for the specific Categories.Support PRC Department at site or corporate level when required after PRC management approvalAdhere to procurement guidelines and work in full compliance with approved procedures, using available APICS Procurement tools and in accordance with Archirodon IMS System.Perform rigorous analysis of internal company data and external market researched data, while working with the Procurement Category Manager and the Technical Experts to jointly develop strategies containing objectives, savings hypotheses and other specific targets.Harmoniously cooperate with other internal stakeholders for collection of data and exchange of information.For an assigned Category/Categories, source and propose appropriate bidders from the company's vendor list and source and propose appropriate bidders from external research as per the planned strategy. Perform bidder assessments in compliance with the company procedures.Execute the full procurement cycle for market engagement of the shortlisted category bidders: produce forecasts of potential future spends, prepare Invitations to Bid and float them to the selected bidders, perform bid reviews and carry out clarifications to minimize risks, perform comparison statements, apply appropriate criteria for scoring of bid packages.Prepare the proposed Category Strategy Recommendations for Management approval including the internal Change Management Plans and Work Instructions for implementation of the Category within the existing company environment and other relevant documentation. Carry out negotiations with awarded suppliers and work on the Frame Agreements in cooperation with the relevant internal departments.Roll out the frame agreement within the company environment, perform troubleshooting and apply the planned monitoring schemes.Produce Key Performance Indicators to allow continuous monitoring and assessment of the procurement strategy defined. Apply adjustments.Coordinate with the Regional / Divisions Procurement teams and Projects/Sites Teams to ensure proper communication and implementation of plans.Perform regular meetings with the supplier(s), maintain an objective stance between the supplier and the company while facilitating the implementation of the frame agreement to the advantage of the company.Report on a bi-weekly basis or as agreed with the Category Manager.Keep written records as agreed with the Category Manager.QualificationsBSC Engineering University Degree in a relevant field (Civil / Mechanical)Excellent knowledge of MS Office (Word, PowerPoint, Excel including pivot tables)Good analytical skills: data analysis, identification and presentation of trends and results, and preparation of strategiesFluency in the English language (oral and written)Very good communication and cooperation skillsGood knowledge of ERP softwareMinimum 4 years' experience as Procurement Engineer / Project Controls Engineer / Tender Engineer / Site EngineerPrevious experience in the Construction Industry. Previous experience in the Oil & Gas sector is an asset.Proven experience in a relevant field (Civil/Mechanical)Additional InformationWhat's in it for you:Competitive salary and benefits are part of the offering, yet the real joy comes from being a member of smart and passionate teams, within an international leading EPC Group on a mission that matters. We create mega construction projects - literally around the globe - with meaningful impact on the local communities for the years to come. At Archirodon, you will find a proud, productive and human-centric culture, caring for and building on our people and their development! Please note that you will be contacted only in case you are shortlisted for an interview. In the meantime, do not hesitate to stay in touch and keep monitoring our  open vacancies  and our  LinkedIn  page! Rest assured that your application will be treated with strict confidentiality and under all applicable data privacy regulations.",,Full-time,"Kropia, Greece",EL,,,,2024-09-06,kariera.gr,157881
,"['http://data.europa.eu/esco/skill/3d913cd3-4ba3-4be9-8b35-4ad0de5ccb60', 'http://data.europa.eu/esco/skill/54660948-b811-49a9-874c-bf2be5f280a2', 'http://data.europa.eu/esco/skill/677d5144-4c77-4f8d-afc7-116f4bc0e660', 'http://data.europa.eu/esco/skill/ab20726a-14dd-4536-9aa1-6166bc1a5832', 'http://data.europa.eu/esco/skill/f683ae1d-cb7c-4aa1-b9fe-205e1bd23535']","['http://data.europa.eu/esco/occupation/040fcfa5-24be-43eb-afd5-828297175b16', 'http://data.europa.eu/esco/occupation/219d1c30-3849-4de3-b0d6-07da187b6521', 'http://data.europa.eu/esco/occupation/a005f8a2-2d8a-433e-8d89-13575f822fd4', 'http://data.europa.eu/esco/occupation/a4869ae9-2dfe-48cc-bd97-f803880f3407', 'http://data.europa.eu/esco/occupation/f31f487b-4ce2-40f3-90e8-7d0011b4ef1d']",603,ERP manager,"The company Global Sol Energy, with many years of presence in the field of energy saving systems, is looking for a candidate for the ERP Software management position.
The candidate will be responsible for ERP software management in collaboration with the company's engineering department in order to fully monitor and settle the equipment requirements of technical projects and tenders. Relevant experience in costing, project order writing, warehouse tracking will be strongly considered.
 
Main tasks:

Monitoring project progress in ERP and updating relevant information.
Drafting of orders and offers
Product costing
Warehouse monitoring through ERP
Project progress monitoring
Support for processing E/M studies.

 
Desired qualifications:

Graduated from the School of Positive Direction Sciences
Excellent knowledge of English
Very good knowledge of MS Office
Good Knowledge of ERP environment
Organizational skills

Allowances

Full time employment
Dynamic & friendly environment",Entry / Junior,Full-time,"Palaio Faliro, Greece",EL,,,,2024-09-06,kariera.gr,168235
,"['http://data.europa.eu/esco/skill/0b144726-21c2-46ed-8d13-c03d27f61604', 'http://data.europa.eu/esco/skill/171eee55-19b9-46d6-aded-33193ba8ccf1', 'http://data.europa.eu/esco/skill/3bc08c26-2f98-4730-bbb6-ec4a8566e3cf', 'http://data.europa.eu/esco/skill/450de541-797a-4da0-9fe4-a81471c8047d', 'http://data.europa.eu/esco/skill/63f224ea-d889-42ea-b3ef-730ef78c7176', 'http://data.europa.eu/esco/skill/8770350e-746f-4adb-9556-18ca68104be6', 'http://data.europa.eu/esco/skill/a3e7ebba-5183-4df8-9203-35b9b9b8f4fa', 'http://data.europa.eu/esco/skill/cd5efa8c-e44d-4cbc-91c6-796018dbed68', 'http://data.europa.eu/esco/skill/e843973c-23dd-416a-8a9c-9e89512542fb', 'http://data.europa.eu/esco/skill/e8f602f8-b98b-4071-b088-c65e016cdf98', 'http://data.europa.eu/esco/skill/f683ae1d-cb7c-4aa1-b9fe-205e1bd23535', 'http://data.europa.eu/esco/skill/fef5a450-6230-4a34-b3e3-764252dbdcec']","['http://data.europa.eu/esco/occupation/1488589a-7b83-471d-b094-492f5616f4e0', 'http://data.europa.eu/esco/occupation/21af40bb-2ae3-4fc7-9b28-d2cdd8308912', 'http://data.europa.eu/esco/occupation/4791e217-d607-40d5-9f84-df1d0a071cbc', 'http://data.europa.eu/esco/occupation/66fb9704-0d56-4673-8e69-7823816b73e1', 'http://data.europa.eu/esco/occupation/6fcf4638-e7c7-4978-9302-9a7b63a3d57c', 'http://data.europa.eu/esco/occupation/823db06f-25e1-4658-b063-d6ef956b41f5', 'http://data.europa.eu/esco/occupation/8a0afc76-4a09-449a-9e7b-a33495889f95', 'http://data.europa.eu/esco/occupation/9f508305-80ce-4111-8722-f2c9b4a44890', 'http://data.europa.eu/esco/occupation/b55718eb-e8ff-4485-8ad0-bbac32cbd77b', 'http://data.europa.eu/esco/occupation/bea99fea-0383-4c63-b944-70d4799de2c5', 'http://data.europa.eu/esco/occupation/cb4f98c8-6b8d-41d8-87eb-a2a2033a3a25', 'http://data.europa.eu/esco/isco/C2433']",639,Product Manager,"The Product Manager is responsible for the implementation of the corporate strategy in terms of the development and management of the company's product lines. His role includes a combination of business acumen, market research, product development and project management. The role reports to the Commercial Director/Marketing Manager
    
BASIC FUNCTIONS-DUTIES of the role
 

Plans the annual sales budget for the product categories of his/her region
Participates in the implementation of the media plan for the product categories of his/her area.
Manages the A&P budget for his/her region's product categories.
Analyzes sales, purchase and consumer data and makes recommendations to the Commercial/Marketing Director
Collaborates effectively with other departments (sales, logistics, procurement, etc.) to support marketing objectives
Monitors sales activities in the product categories of his/her region
Ensures accuracy of sales forecasts
Proposes and implements a promotional and commercial marketing plan for his/her area's product categories.
Provides support to the sales department in the strategic alignment process with customers for his/her territory's product categories.

 
 
EXPERIENCE
 

Degree in Business Administration, Marketing, Sales or related field.
Proven relevant work experience of at least 3 years, ideally in FMCG

 
SKILLS REQUIRED
 

Data analysis and understanding of sales statistics.
Excellent communication and organizational skills.
Strong written and oral communication skills in the English language.
Ability to simultaneously manage multiple tasks and manage more than one product category
Excellent knowledge of MS Office applications",Mid-level,Full-time,"Aspropyrgos, Greece",EL,,,,2024-09-06,kariera.gr,168214
,['http://data.europa.eu/esco/skill/a2b5dcf3-5b6a-453d-876c-cff540c0faf1'],['http://data.europa.eu/esco/occupation/849a656c-8559-4471-91ed-442c42b0b641'],678,TECHNICAL  MANAGER – Αθήνα,"Η εταιρεία BGI-EUROPE S.A. μέλος του Ομίλου BGI GROUP , η οποία δραστηριοποιείται στην παροχή καινοτόμων λύσεων στην Υψηλή περιμετρική ασφάλεια χώρων για πάνω από 35 χρόνια , με προϊόντα και υπηρεσίες υψηλής ποιότητας και μοναδικής τεχνογνωσίας.
Στα πλαίσια ανάπτυξης της στην Ελληνική αγορά ,αναζητά προϊστάμενο τεχνικού τμήματος , ο οποίος θα είναι  
Επικεφαλής τεχνικών  Έργων και συντονισμού συνεργείων After sales service για την στελέχωση του τεχνικού Τμήματος που εδρεύει στο Κορωπί Αττικής.
Περιγραφή θέσης-Κύριες Αρμοδιότητες: 
Κύρια αντικείμενα θέσης ως PROJECT MANAGER

Εποπτεύει την ορθή υλοποίηση των εργασιών Α) από την παραγωγή ,σύμφωνα με το χρονοδιάγραμμα του έργου Β) τους υπεργολάβους, σύμφωνα με τις μελέτες, τις προδιαγραφές κατασκευής, τις απαιτήσεις του έργου και το πρόγραμμα εργασιών.
Διαχείριση και συντονισμός έργων, με παρακολούθηση της προόδου των εργασιών, την τήρηση του καθημερινού προγράμματος και του χρονοδιαγράμματος του κάθε έργου.
Ελέγχει, καθοδηγεί και να επιβλέπει την όποια απαραίτητη τροποποίηση της μελέτη των Η/Μ.
Επιβλέπει τη σύνταξη προμετρήσεων των απαιτούμενων υλικών ανά έργο.
Ελέγχει το ημερολόγιο και το αρχείο του έργου.
Παρέχει υποστήριξη και καθοδήγηση στους εργοδηγούς και τα συνεργεία του έργου.
Ενημερώνει τακτικά τον Διευθυντή Έργου σχετικά με την εξέλιξη των εργασιών και προετοιμάζει αναφορές σε εβδομαδιαία / μηνιαία βάση.
Διασφάλιση επίτευξης στόχων σχετικών με τη διαχείριση έργων.
Σύνταξη και συντήρηση τεχνικών φακέλων (Τήρηση νομιμοποιητικών εγγράφων που απαιτούνται στην εκτέλεση των έργων).
Εφαρμογή και εκτέλεση εταιρικών πολιτικών που αναφέρονται στις τεχνικές διαδικασίες και στα θέματα ασφαλείας κατά την υλοποίηση των έργων.
Σύνταξη τεχνικών αναφορών για θέματα ποιότητας και βελτίωσης της αξιοπιστίας των προϊόντων, τα οποία ενδέχεται να προκύψουν κατά τη διάρκεια εκτέλεσης των έργων.    

 Απαιτούμενα Προσόντα: 

Πτυχίο τμήματος Μηχανολόγων Μηχανικών ή Εργοδηγού Μηχανικού ΑΕΙ ή ΤΕΙ ή άλλης αντίστοιχης αναγνωρισμένης σχολής.
Σχετική εμπειρία και τεχνικές γνώσεις σε μεταλλικές κατασκευές.


5 έτη κατ’ ελάχιστον εμπειρία σε επίβλεψη και συντονισμό τεχνικών έργων ή /και σε Τεχνικό γραφείο έργου.
Σχετική Εμπειρία σε σύνταξη προμετρήσεων, επιμετρήσεων και προϋπολογισμών έργων.
Εξειδίκευση σε αυτοματισμούς, θα θεωρηθεί πρόσθετο προσόν.
Πολύ καλός χειρισμός του γραπτού και προφορικού λόγου τόσο της Ελληνικής όσο και της Αγγλικής γλώσσας.
Γνώση άλλης γλώσσας θα θεωρηθεί πρόσθετο προσόν.
Γνώση χρήσης προγράμματος και σχεδιασμού Auto CAD , 3D CAD, Solid Works, χρονικού προγραμματισμού MS Project.
Άριστη γνώση Η/Υ , MS Office (Excel, Word, Power point).
Δυνατότητα σύνταξης λεπτομερών τεχνικών αναφορών


Οργάνωση , μεθοδικότητα και Υπευθυνότητα , με καλή και αποτελεσματική διαχείριση του χρόνου του.


Δυνατότητα ταξιδιών εκτός Αθηνών.

Δεξιότητες που θα ληφθούν θετικά υπόψη:

Ανεπτυγμένες επικοινωνιακές δεξιότητες.
Οργάνωση εργασιών & λήψη αποφάσεων.
Ευελιξία και γρήγορη ανταπόκριση σε συνθήκες εργασιακής πίεσης
Ικανότητα συντονισμού και διαχείρισης παράλληλων εργασιών.
Διάθεση για συνεργασία ως μέλος ομάδας προς την επίτευξη κοινών στόχων

       Για τους άνδρες υποψηφίους: εκπληρωμένες στρατιωτικές υποχρεώσεις
Η εταιρεία μας προσφέρει:

Δυναμικό και ευχάριστο περιβάλλον εργασίας.
Μισθό και προμήθεια (Bonus) Βάση αποτελεσμάτων.
Εταιρικό αυτοκίνητο, Lap top και κινητό τηλέφωνο.
Συμμετοχή σε Ομαδικό Ασφαλιστήριο Συμβόλαιο.
Εκπαίδευση και δυνατότητες εξέλιξης.",Senior,Full-time,"Athens, Greece",EL,,,,2024-09-06,kariera.gr,168163
,"['http://data.europa.eu/esco/skill/47ac9325-b072-4e37-8e40-e6ffed03e851', 'http://data.europa.eu/esco/skill/49dd67a9-d0a6-4375-b856-85e09032fdac', 'http://data.europa.eu/esco/skill/82887396-e5bf-4306-af51-3fe8d82790b2', 'http://data.europa.eu/esco/skill/c6c1af60-9594-460c-a328-00f9ad292be0', 'http://data.europa.eu/esco/skill/c881ddd2-9c0e-4743-bd24-36be650493dd', 'http://data.europa.eu/esco/skill/ea4ebfa1-e17a-4416-ac54-955f33e6ade7']","['http://data.europa.eu/esco/occupation/107d21c6-973b-411c-89fd-69da48d29ada', 'http://data.europa.eu/esco/occupation/a74f6c51-37e5-423e-aa5b-044e98663027', 'http://data.europa.eu/esco/occupation/d7d986e1-7333-431b-9719-0c5c6939e360']",773,Civil Engineer,"The construction company KS HOME DEVELOPMENT - https://kshome.gr/is looking for an engineer/site manager for its new projects in the Attica region. As a site manager, day-to-day tasks include the supervision and management of all works carried out in consultation with the project manager, the planning and coordination of crews, etc. He will also ensure the completion of the project within the predetermined schedule and cost in within the framework of high quality and safety standards.
Necessary qualifications:

Degree of AEI/TEI or equivalent Civil Engineering/Architect or related subject
3-5 years of experience in a similar position
Experience managing multiple projects and teams
Excellent analytical and communication skills as well as problem solving
Understanding and knowledge of construction site safety rules and regulations
Ability to work with crews and team members
Strong organizational skills and attention to detail
Knowledge of the Greek language essential
Driving license required

Allowances

Satisfactory remuneration package
Development prospects
Ongoing training and coaching",Mid-level,Full-time,"Acharnes, Greece",EL,,,,2024-09-05,kariera.gr,165185
,"['http://data.europa.eu/esco/skill/0ee94c0a-3716-494a-95a2-dcbab9e58be2', 'http://data.europa.eu/esco/skill/2239694b-771a-4586-8b54-2794e361a9ae', 'http://data.europa.eu/esco/skill/23ac233d-84ad-4517-b0f5-8ca19ba2614e', 'http://data.europa.eu/esco/skill/56c59e98-f133-48ad-9d01-f357a8e2c218', 'http://data.europa.eu/esco/skill/5b26f08b-88bc-45f0-b901-530d7786466b', 'http://data.europa.eu/esco/skill/6d97bf55-6fb6-4795-8282-3ef915ae0bb8', 'http://data.europa.eu/esco/skill/8330c86e-63cf-4be6-849f-4f77628cc5c5', 'http://data.europa.eu/esco/skill/8f6ed69b-29d0-4c01-81ba-f05920a185f3', 'http://data.europa.eu/esco/skill/9531fe02-1e1f-4a36-95f7-a76a77cd4b8d', 'http://data.europa.eu/esco/skill/c3404999-faaa-4779-9cbf-e594b9c4d3b6', 'http://data.europa.eu/esco/skill/cd5efa8c-e44d-4cbc-91c6-796018dbed68', 'http://data.europa.eu/esco/skill/d4789070-2ff7-4bbb-94ca-8bb1739826a9']","['http://data.europa.eu/esco/occupation/2eac08c2-a81a-46fc-8d75-eb0e0f3e0f6d', 'http://data.europa.eu/esco/occupation/3c136897-4e0e-41ef-bb57-d8152323b93a', 'http://data.europa.eu/esco/occupation/562dd713-5745-4457-929e-5b909da084ca', 'http://data.europa.eu/esco/occupation/6c3fd65e-2d24-47d8-bc22-9e93512bdcc2', 'http://data.europa.eu/esco/occupation/6cd08cbe-7611-4d70-8886-6c59c0385442', 'http://data.europa.eu/esco/occupation/719f101d-1866-49d3-8d5c-2256f606a8b9', 'http://data.europa.eu/esco/occupation/bea99fea-0383-4c63-b944-70d4799de2c5', 'http://data.europa.eu/esco/isco/C422']",813,National Sales Account Manager,"Company DescriptionWe are Netcompany-Intrasoft, a member of Netcompany Group A/S, and a leading European IT Solutions and Services company with strong international presence and expertise, dedicated to responsible digitalisation. We offer innovative and added-value solutions of the highest quality to a wide range of public and private organizations, while being a key-player in the EU Institutions for the past 30 years. We hold an outstanding record of 500+ organizations in 70+ countries, that have chosen our solutions and services, to fulfil their business needs. Our team of 3500+ professionals is our driving force and our most valuable asset.Job DescriptionEver wondered what it feels like to be a National Sales Account Manager in Netcompany-Intrasoft?As a National Sales Account Manager, you will be responsible for establishing and maintaining the commercial business plans to promote sales growth in Public Sector IT projects in an International IT Company. You will act as the point of contact with existing and potential customers, answer their queries and increase customer satisfaction. Your role is to help develop and execute sales plans for key accounts. You will use your knowledge and communication skills to identify and address clients' needs while representing our company in a positive way. You will contribute to improving long-term relationships with our clients to reach our business objectives.As a National Sales Account Manager you will:Own a specific Public Sector clientele to grow & maintain relationships, develop & execute on pipeline to meet quota and relevant KPIs for software, solutions, and Professional Services.Build strong and positive relationships with customers and partners at various levelsManage a portfolio of existing accountsPromote new applications and professional services to existing clientsIdentify opportunities for business development with both existing and new customersGather information about potential market segments and competitionLead & orchestrate the entire customer sales process with the extended sales team (Solutions Architects, Project managers, Executive Team, Alliances, Legal etc.) and external partnersProvide after-sales support for your assigned customers, considering their specific requirements and queriesProvide regular sales reportsActively play a part in ensuring financial targets are reached.Quick response via emails to customers' and partners' queries.Update customer DB and pipeline.Achieve assigned sales quota in designated strategic accounts.Meet assigned expectations for profitability.Ensure collection on payments of due invoices.Ensure that the breadth target for the company is met.Continuously assess customer business requirements, maintain, and educate stakeholders on product's value proposition and best-in-class products.By joining Netcompany - Intrasoft, a leading IT company, you will be part of a hub of 1.700+ tech enthusiasts in Greece. You will work using cutting-edge technologies that contribute to the design and delivery of solutions and products for challenging, large-scale IT projects, that affect the lives of millions of citizens around the globe.QualificationsWhat would make you a fit for the role:BSc degree in Information Technology, Computer Science, or related area1-3 years of experience at Information Technology business developmentEffective presentation and negotiation skillsGood time-management skills with a problem-solving attitudeGood knowledge of Public Sector tendering procedureGood knowledge of European Funds (ESPA - RRF) processesGood communication (oral and written) in EnglishVery good command of MS OfficeExcellent communications skillsAbility to handle multi partners at the same timeAbility to recruit new partnersSolid understanding of the IT industrySolid understanding of pipeline managementIt would also be a plus if you match some of the following:Experience at Information Technology business development for Public Sector customers in Greece will be considered a plusAdditional InformationBeing a part of the Netcompany-Ιntrasoft team, you will be provided with: The opportunity to work in a modern environment & in a hybrid working modelA seamless onboarding experience and a buddy to support you on your first stepsA competitive compensation & benefits packageHealth and life insurance programMeal and commuting allowanceWell-being activities (on premises)Continuous learning opportunities using the most modern methods (unlimited access to Udemy for Business, ad-hoc trainings)A personalized development plan for targeted career growthIf you are looking forward to be part of a diverse environment, and have the opportunity to work alongside well-experienced professionals, on challenging, large-scale projects that directly impact millions of citizens around the globe, then this is the place to be!Our cultureOur people are the most important element of our success. Our work life is well defined by our set of fundamental Values: https://bit.ly/3SSbBzU  #BePartOfSomethingGreat!*Please submit your CV in EnglishAll applications will be treated as strictly confidential.",,Full-time,"Athens, Greece",EL,,,,2024-09-05,kariera.gr,157625
,"['http://data.europa.eu/esco/skill/082967d4-b94c-4305-aa13-35a6aa8c5c7c', 'http://data.europa.eu/esco/skill/0e0c9c11-b39e-43cf-ba95-2fe646f5de64', 'http://data.europa.eu/esco/skill/2aed5d29-15c3-44ba-bb5c-80750a815b3c', 'http://data.europa.eu/esco/skill/450de541-797a-4da0-9fe4-a81471c8047d', 'http://data.europa.eu/esco/skill/468135b7-5757-48c3-9509-fde0e13ec5be', 'http://data.europa.eu/esco/skill/b0b453d0-c5d2-4799-ab26-8d90b17d0e67', 'http://data.europa.eu/esco/skill/be20d05c-f6b4-4580-9fcf-f00f4baab562', 'http://data.europa.eu/esco/skill/c09bf6d4-f8a7-40f3-aead-ef01643f2352', 'http://data.europa.eu/esco/skill/d15ce60f-ddab-41ce-ba56-398451b77b60', 'http://data.europa.eu/esco/skill/e24377fb-020b-4430-8bed-86dd539bbf3a', 'http://data.europa.eu/esco/skill/e747e77e-0ea1-4001-8b07-1d11946b5f1b']","['http://data.europa.eu/esco/occupation/6cd08cbe-7611-4d70-8886-6c59c0385442', 'http://data.europa.eu/esco/occupation/a7594892-ff23-4e2a-aedf-2f967ebca15c', 'http://data.europa.eu/esco/isco/C2', 'http://data.europa.eu/esco/isco/C2433', 'http://data.europa.eu/esco/isco/C62']",833,French Speaking B2B Sales Representative,"Are you passionate about closing deals and do you have a natural drive for sales? Then join our fun-loving, multicultural team of #GameChangers at Concentrix Greece and use your sales skills in French.
No two days will be the same as you’ll provide valuable and memorable experiences to one of the top companies in the world.
 
What you will do in this role

End2End Responsibility for developing sales in assigned territory
Proactive account management based on prioritisation of tasks depending on the type of account (hunting/farming)
Assist Global account manager with project, pricing, and follow-up
Consistently meet or exceed revenue targets, cross-sell and/or upsell the portfolio, meet territory coverage goals, and achieve KPIs
Develop account plans to deliver on strategic goals, such as revenue, market share, and portfolio spread
Maximize spend across the client's portfolio within each customer account
Create, Develop and manage accurate sales pipeline information, ensuring timely communication of forecast and accurate changes to customer buying plans, while achieving sales management goals
Understand the customer's key drivers from both business and IT perspectives, and develop relevant solutions to meet customer needs
Develop strong professional working relationships with customers, partners and colleagues
Adhere to internal customer relations management system guidelines to ensure accurate data capturing and reporting

Concentrix is a great match if you:

Are fluent in French & English
Have solid B2B Sales background (2.5 years minimum)
Have strong customer negotiation skills with good presentation and communication skills
Have sound business acumen and commercial mindset
Are target and goal orientated
Are reliable and able to work toward objectives
Have a tenacious approach underlined by a will to win
Are eager, quick learner with strong team-work spirit
Have IT literacy skills with high interest in technology
Have the ability to handle unique situations confidently & solve problems quickly and effectively by critically analysing relevant information 

 
What's in it for you:
We challenge conventions to deliver outcomes unimagined by creating customer experiences that go beyond WOW. That’s why we significantly invest in our people, our infrastructure, and our capabilities to ensure long-term success for both our teams, our customers, and YOU. And we'll invest in you to help you reimagine and grow your career. 
In this role, we offer benefits that help support your unique lifestyle:

Full Relocation Support (including flights, accommodation & transportation)Indefinite contract
Competitive remuneration package (14 Salaries/year)
20%-25% monthly performance bonus
Daily Cash Voucher in Up Hellas Mastercard
Private health insurance + Dental Care
Opportunities for international Career through the Concentrix International Mobility program
A challenging working environment
Employee events
Free gym, well-being activities, and a rooftop cinema with Acropolis views
Enjoy with your co-workers your lunch break at our new Restaurant

Concentrix is an equal opportunity employer 
We're proudly united as one team, one company, globally. We're committed to equal employment opportunities for all candidates and a work environment free from discrimination and harassment. All our recruitment practices are based on business needs, job requirements, and professional qualifications, without regard to race, age, gender identity, sexual orientation, religion, ethnicity, family or parental status, national origin, disability, or any other classification protected by applicable national laws.
Eligibility to work:
In accordance with Greek law, only applicants who are legally authorized to work in EU will be considered for this position.",Mid-level,Full-time,"Athens, Greece",EL,,,,2024-09-05,kariera.gr,167979
,"['http://data.europa.eu/esco/skill/21fecc8a-392e-49ce-ac26-fb0696ccfead', 'http://data.europa.eu/esco/skill/2a2fa8e8-aaf3-4abf-a60b-af6415f1c6d4', 'http://data.europa.eu/esco/skill/32db65d3-5ef3-43eb-9bf8-752c9cf0b22e', 'http://data.europa.eu/esco/skill/4c2c72df-3f3f-48e7-9993-a602354a75e4', 'http://data.europa.eu/esco/skill/64bd4157-5df0-4166-8259-ede237dd7cdf', 'http://data.europa.eu/esco/skill/7111b95d-0ce3-441a-9d92-4c75d05c4388', 'http://data.europa.eu/esco/skill/7954861c-86d4-4529-afbb-2c23dab9ac74', 'http://data.europa.eu/esco/skill/873f205a-05f8-45f8-b544-fe963a3edc1e', 'http://data.europa.eu/esco/skill/b215031a-dd21-48b1-a998-75d6373838d8', 'http://data.europa.eu/esco/skill/b9f16465-56a9-426b-a047-0f9f1f95ec92', 'http://data.europa.eu/esco/skill/c881ddd2-9c0e-4743-bd24-36be650493dd', 'http://data.europa.eu/esco/skill/ccb2e5f2-4279-48fd-9d85-a1db42ff1e13', 'http://data.europa.eu/esco/skill/cd5efa8c-e44d-4cbc-91c6-796018dbed68', 'http://data.europa.eu/esco/skill/ce4cbc3a-bde0-43b4-9526-e643c4fe5b04', 'http://data.europa.eu/esco/skill/d6d3fee7-47e2-47f4-a0ec-6c75f28c6abd', 'http://data.europa.eu/esco/skill/e2fea4d5-f1f4-4dea-89bb-43b1d07658af', 'http://data.europa.eu/esco/skill/e5635e02-2d34-4a8c-b8ca-556d45e9b20e', 'http://data.europa.eu/esco/skill/f17f94f1-88cb-4815-873a-2a9639f10729']","['http://data.europa.eu/esco/occupation/1f305576-f57c-42c7-a139-728c72393cd4', 'http://data.europa.eu/esco/occupation/2b48a4cd-2333-4abf-ac3e-6f63d6ed3663', 'http://data.europa.eu/esco/occupation/8b6388a4-4904-471b-9331-d3b1211f5525', 'http://data.europa.eu/esco/occupation/b09acdda-6680-49d1-a411-129610ee3bc0', 'http://data.europa.eu/esco/occupation/bea99fea-0383-4c63-b944-70d4799de2c5', 'http://data.europa.eu/esco/occupation/c9862fdd-53b7-4da9-b742-4302d704836c', 'http://data.europa.eu/esco/isco/C3322']",848,IT Project Manager,"Are you ready to take the next step in your IT career? Join TMA, a company at the forefront of technological innovation, dedicated to transforming healthcare and other critical industries. We are seeking a motivated individual with a strong background in IT project management who can lead dynamic teams and drive successful project outcomes. By joining our team, you will have the opportunity to work on projects that are not only challenging but also transformative if you're passionate about innovation and want to make a real impact, we want to hear from you.
 
Job Purpose:
As an IT Project Manager, you will focus on the successful delivery of client engagements by understanding goals, setting personal priorities, teaming with others across businesses and borders, and taking accountability for your own and your team's results.
 
Project Manager Job Duties:

Perform project management for multiple projects, including planning, defining tasks and deliverables, reviewing project deliverables, quality control, risk analysis & management, status reports, problem reporting & management follow-up.
Participate in functional and technical working groups and progress meetings.
Develop a detailed project plan and track activities against the plan, providing regular, accurate, and timely reports.
Ensure delivery of projects on time, within scope, and within budget; manage and mitigate potential risks.
Create and maintain comprehensive project documentation.
Draft project management deliverables such as the Business Case, Project Strategy, or Vision documents.
Act as a liaison with the customer and subcontractors.
Coordinate the project team effectively (including external stakeholders), ensuring that team members are motivated.

 
IT Project Manager Skills and Qualifications:

Bachelor's Degree in Computer Science / IT / Engineering field.
4 - 8 years of professional experience in IT Solutions Project Management.
Experience in process improvement methodologies (Lean Six Sigma is a plus)
Knowledge of relevant products and markets.
Experience with project management tools.
Strong communication skills and teamworking spirit.
Proficiency in negotiation, critical thinking, and a customer-oriented approach.
Ability to meet goals and work under pressure.
High energy level, motivation, and ambition.
Strong technical skills and attention to detail.
A PM certification will be considered as an asset

 
Benefits:

Competitive compensation packages.
Continuous learning through in-house training & education (with the most modern methods).
Fast career growth.
Healthcare (private insurance).
Interesting and challenging tasks within large-scale projects.
The opportunity to work in a diverse environment with talented colleagues.
Friendly work environment.
Interacting with R&D office in NASA
Interacting with our R&D company at Silicon Valley

If you are ready to contribute to innovative projects that make a difference and be part of a company that values your growth, apply today and join the TMA team!",Senior,Full-time,"Piraeus, Greece",EL,,,,2024-09-05,kariera.gr,167941
,"['http://data.europa.eu/esco/skill/0b144726-21c2-46ed-8d13-c03d27f61604', 'http://data.europa.eu/esco/skill/1951e126-6c66-46cf-9345-d4941c85bc2a', 'http://data.europa.eu/esco/skill/1fcce318-3212-487a-ac07-4941bc85060d', 'http://data.europa.eu/esco/skill/2a0efd9a-4a60-4edc-8561-f2754d24eeb8', 'http://data.europa.eu/esco/skill/3bc08c26-2f98-4730-bbb6-ec4a8566e3cf', 'http://data.europa.eu/esco/skill/3d913cd3-4ba3-4be9-8b35-4ad0de5ccb60', 'http://data.europa.eu/esco/skill/4e61277c-5c6e-4a63-be5d-bfbe601b147c', 'http://data.europa.eu/esco/skill/52e53619-fa77-4f72-b237-5e4aae784dc2', 'http://data.europa.eu/esco/skill/538f8bc6-a5bf-422b-8112-5ad3fe9de9a0', 'http://data.europa.eu/esco/skill/6bee2e0f-4f12-4a82-a395-370cf0567c12', 'http://data.europa.eu/esco/skill/7d092d81-d1e2-4c34-b3cb-c1c9f2e68b7d', 'http://data.europa.eu/esco/skill/91abe492-18be-4cce-93c7-0dca07072363', 'http://data.europa.eu/esco/skill/a8797f21-1af0-4c5e-98ca-bf1442929363', 'http://data.europa.eu/esco/skill/bdcac0c8-b77a-4640-9eaf-c0cf3efd1e23', 'http://data.europa.eu/esco/skill/e37d64dc-0f05-4ee8-b065-bf76f70d8f5c', 'http://data.europa.eu/esco/skill/e95058a6-e139-42e7-a470-72038a606649', 'http://data.europa.eu/esco/skill/ecc18804-a466-40d9-98b4-fba5cd67dd4b', 'http://data.europa.eu/esco/skill/f08e2bd6-0366-4948-a670-1f03f130126f', 'http://data.europa.eu/esco/skill/f683ae1d-cb7c-4aa1-b9fe-205e1bd23535', 'http://data.europa.eu/esco/skill/fc4fcb4b-993f-4f2c-b158-c2171ec18ed8']","['http://data.europa.eu/esco/occupation/1c85eee2-a8ca-4750-a889-10a3e6c17b80', 'http://data.europa.eu/esco/occupation/21de0f3b-a71a-4263-a9ba-90c5f3721b4d', 'http://data.europa.eu/esco/occupation/30f3ea93-882a-4525-841c-1d5b4b64076f', 'http://data.europa.eu/esco/occupation/3ae4fd99-814a-4d06-a7db-5ee680c22e26', 'http://data.europa.eu/esco/occupation/5ccb2c34-e860-43a5-9869-342487518115', 'http://data.europa.eu/esco/occupation/73b10c97-b003-45dc-a36d-c1d585c04be1', 'http://data.europa.eu/esco/occupation/874a2080-a9b6-46a9-8662-c9b7d4208f73', 'http://data.europa.eu/esco/occupation/99492920-e5a5-4dba-9e5a-93193147198c', 'http://data.europa.eu/esco/occupation/cb4f98c8-6b8d-41d8-87eb-a2a2033a3a25', 'http://data.europa.eu/esco/isco/C3313']",935,FINANCIAL MANAGER & OFFICER (EU-FUNDED PROJECTS),"ABOUT KMOP
KMOP, founded in 1977 in Greece, is a leading civil society organization dedicated to providing social support services and designing and implementing various initiatives that empower and enhance the well-being of individuals and communities. Over the years, KMOP has broadened its impact to a global scale, maintaining a presence in three countries—Greece, Belgium, and North Macedonia—with permanent offices in Athens, Piraeus, Kifissia, Thessaloniki, Brussels, and Skopje. At the heart of KMOP‘s mission is the commitment to tackle social challenges through evidence-based solutions that foster individual and collective prosperity. Our approach focuses on creating and implementing innovative social programs to build self-worth, reduce inequalities, and promote inclusive and sustainable development.
We are looking for 2 enthusiastic and talented Financial Experts (Manager & Officer) who will facilitate the efficient and effective financial management of the broad portfolio of EU-funded projects. They will responsible for the financial management of the project, including budgetary controls, procurement, monitoring of project and financial performance/progress, reporting activities of our projects and will carry out important operational duties closely with the project management team.
RESPONSIBILITIES

Monitor closely the Grant Contract Requirements and Donors’ Templates
Monitor project budgets closely and assist Project Managers/Unit Coordinators on any issues of concern
Check expenditures against budgets, prepare monthly expenditure reports and ensure filing of financial documents
Ensure timely and accurate recording of all project related financial transactions in the Organization’s financial monitoring system
Responsible for preparing quarterly, semi-annual, and annual donor reports as required by Project Guidelines
Support with preparation of calls and service contracts regarding potential service awards to external collaborators
Review EU/international project partners’ eligibility of expenses in accordance with the respective program’s handbook
Identify discrepancies between forecasts, budget, and actual spent or/and unspent amounts
Work with the accounting department on any issues related to monitor, tracking and processing of payments
Assist in internal and external audits of donor contracts.
Perform check and review in Grant, Consortium and Partnership agreements linked with program and projects, when required

Both the Financial Manager & the Financial Officer:

Maintain confidentiality and uphold ethical standards as per organizational policies
Adhere to the organization’s Code of Ethics for integrity in all procurement activities
Refer to the Head of Finance of the organization

REQUIREMENTS
Required Qualifications:

Bachelor’s degree in Finance, Economics, Accounting or related field
At least 1-3 years of working experience in financial management of European Programs (e.g., budgeting, reporting and regulations)
Excellent communication skills (both written and oral) in Greek and English as the role requires extensive interaction with other departments and people of all levels.
Working knowledge of ERP, CRM Software packages
Proficient in MS Office
Strong ability to establish priorities, work within tight timelines and multi-task
Strong analytical and organizational skills, attention to detail and determination to meet deadlines

Considered Qualifications:

Master’s degree in relevant field
Proficiency in a second foreign language

The deadline for submitting your CV is September 15th, 2024.
For any clarifications, applicants may submit questions to careers@kmop.org no later than three days before the application deadline.
WHAT WE OFFER:

Excellent career development opportunities
Continuous training and development in a dynamic fast-paced environment
Exposure to the international environment and opportunity to work with leading organizations and stakeholders from EU and beyond
Friendly working environment and the chance to contribute in projects of positive societal impact",Mid-level,Full-time,"Nea Erythraia, Greece",EL,,,,2024-09-05,kariera.gr,167703
,"['http://data.europa.eu/esco/skill/15a33d76-4640-438d-ae64-fdc0c1d3eebc', 'http://data.europa.eu/esco/skill/1835a7c1-600e-4b16-a0af-fb4f7d8d77b9', 'http://data.europa.eu/esco/skill/2239694b-771a-4586-8b54-2794e361a9ae', 'http://data.europa.eu/esco/skill/2c28fc20-8a60-4311-8899-5ef8729c05b3', 'http://data.europa.eu/esco/skill/2d140a3a-45a6-4248-80dd-b3760ebc9cc6', 'http://data.europa.eu/esco/skill/477173ca-5fc2-406b-9122-95d92811f284', 'http://data.europa.eu/esco/skill/49de9958-2aa4-4eef-a89d-fe5d5bcd28c4', 'http://data.europa.eu/esco/skill/4dafe480-f2ae-46b5-bd5e-8d4e538f50c7', 'http://data.europa.eu/esco/skill/60b44dab-03f1-46de-be08-0e5ba8662b3d', 'http://data.europa.eu/esco/skill/75b30aeb-34c0-40f4-b77d-271d75a98b14', 'http://data.europa.eu/esco/skill/98301d4a-2cc3-439d-8d7f-0b6ac76302bb', 'http://data.europa.eu/esco/skill/9e84a506-df06-4be3-874a-fa01293e3dd5', 'http://data.europa.eu/esco/skill/a8d24a95-47b3-4f88-92e7-06600bcd3612', 'http://data.europa.eu/esco/skill/c881ddd2-9c0e-4743-bd24-36be650493dd', 'http://data.europa.eu/esco/skill/f5308e60-d763-4ead-be95-88c96fb3e02b']","['http://data.europa.eu/esco/occupation/6a29d804-f775-446c-bec7-35fc4e28ac97', 'http://data.europa.eu/esco/occupation/c6bd511a-d966-4df9-a48e-4f800354f268', 'http://data.europa.eu/esco/occupation/d07e6a57-a339-4cfd-bf22-a951713148a3', 'http://data.europa.eu/esco/isco/C2', 'http://data.europa.eu/esco/isco/C2153', 'http://data.europa.eu/esco/isco/C2424']",964,Senior Business Process Management (BPM) Analyst,"Volton Hellenic Energy SA is a Greek company that is dynamically active and is increasing its capacity rapidly in the field of Electricity Supply and Trading, in the Gas Energy Sector and soon enough in the field of Telecommunications.
By offering reliable services that meet the ever-growing energy needs of businesses and households, Volton aims to build solid and trustful relationships with its customers. The company's ambition is to become one of the most important companies in the industry and remain at the forefront of developments as the first Multiservice provider combining Electricity, Natural gas and Telecommunications. As part of its development, Volton strengthens its human resources in Athens and seeks:
 
Senior Business Process Management (BPM) Analyst
 
Taking on the role of Senior BPM Analyst, you will be the central point for all corporate procedures & projects, training communications, processes mapping, and/or relevant updates. You will develop and conduct business process and systems training for the training department and the business owners. You will also promote the use of technology, assist staff to make the best use of existing and emerging management tools and develop and maintain business processes documentations. The position reports to Senior Operations Manager.
 
Responsibilities:

Perform process & project analysis to design and redesign workflows and processes, to ensure effectiveness and efficiency.
Analyze and improve existing functionalities, methods and workflows to promote effective operations through standardization, improvement, simplification, or discontinuance.
Develop and deploy optimized business processes to enhance operational efficiency, improve workflow management, and drive continuous improvement across the company.
Ensure business process methods and workflows are in alignment with the strategic direction of the organization.
Coordinate initiatives that may cross business and site lines. Initiatives will include process and testing changes, procedure and development changes, training and system change requests.
Collaborates with peer trainers and business stakeholders, to ensure training needs are met across the organization in a consistent manner.

 
Necessary Qualifications:

3+ years of experience in Customer or Billing Operations within the Energy Sector or/and in the Telecommunications
Bachelor’s degree is a prerequisite; Master’s degree will be considered an asset.
Experience with CRM and CTI software is highly desirable.
Resourcefulness in finding solutions to process inefficiencies and operational challenges.
Precision in analyzing processes and ensuring that all elements are accounted for.
Ability to assess complex processes and identify areas for improvement.

 
Personal Skills:

Ability to clearly articulate ideas and effectively manage cross-functional teams.
Flexibility to adjust to changing business needs and process requirements.
Competence in managing multiple projects and deadlines while maintaining high standards.
Focus on designing processes that enhance customer satisfaction and experience.

 
The Company Offers:

Competitive remuneration package
Private insurance, corporate benefits and perks
Continuous training and professional development
Excellent professional environment
Modern and productive working facilities

 
Don’t miss the chance to join a Great Place to Work-Certified Company that promotes a positive work environment.
 
 
All applications will be treated with confidentiality.
If your CV meets the requirements of the job, we will contact you by phone to schedule an appointment.
Information about the Group on our site volton.gr",Mid-level,Full-time,"Athens, Greece",EL,,,,2024-09-05,kariera.gr,167826
