id,title,description,experience_level,type,location,location_code,upload_date,source,source_id,organization,skills,occupations
275,Frontend Engineer (Angular) Mid-Senior,"Company DescriptionWe are Netcompany-Intrasoft, a member of Netcompany Group A/S, and a leading European IT Solutions and Services company with strong international presence and expertise, dedicated to responsible digitalisation. We offer innovative and added-value solutions of the highest quality to a wide range of public and private organizations, while being a key-player in the EU Institutions for the past 30 years. We hold an outstanding record of 500+ organizations in 70+ countries, that have chosen our solutions and services, to fulfil their business needs. Our team of 3500+ professionals is our driving force and our most valuable asset.Job DescriptionEver wondered what it feels like to be a Front End Developer (Angular) in Netcompany-Intrasoft? As a Front-end Developer, you will be a member of team responsible for designing, developing and testing in order to create software solutions aligned to the needs of the business and external customers. The role requires developed and strong foundation of web-development skills and good knowledge of relevant technologies.As a Frontend Developer you will:Able to take ownership, accountability and initiativeDetail-driven, able to take constructive criticismStrong analytical-thinker and problem-solverCommunicative and team playerQualificationsWhat would make you a fit for the role:University degree in Computer Science or Electrical EngineeringAt least 2 years of Javascript experienceAt least 1 year of Angular (version 2 or greater) development experience, or some other relevant framework (Backbone.js, AngularJS, viewJS, react)Knowledge of the interaction between JavaScript, HTML and CSS.Ability to create, modify, and style elements on a page with ease and can also do this dynamicallyAbility to analyse visual designs into design patternsStrong knowledge in MVC ArchitectureKnowledge of version control softwareExperience consuming RESTful API'sGood command of the English Language (written & verbal)It would also be a plus if you match some of the following:Cross browser experience, working with backwards compatibility with graceful degradationExperience in Bootstrap and responsive web application developmentFamiliarity with backend development, understanding application layersExperience writing RESTful API's and fully understanding the RESTful architecture and goalsA background in design or appreciation of good design and UXExperience with SQL and being comfortable with querying databaseAdditional InformationBeing a part of the Netcompany-Ιntrasoft team, you will be provided with: The opportunity to work in a modern environment & in a hybrid working modelA seamless onboarding experience and a buddy to support you on your first stepsA competitive compensation & benefits packageHealth and life insurance programMeal and commuting allowanceWell-being activities (on premises)Continuous learning opportunities using the most modern methods (unlimited access to Udemy for Business, ad-hoc trainings)A personalized development plan for targeted career growthIf you are looking forward to be part of a diverse environment, and have the opportunity to work alongside well-experienced professionals, on challenging, large-scale projects that directly impact millions of citizens around the globe, then this is the place to be!By joining Netcompany-Intrasoft Athens, you will be part of a vivid team of 2000+ tech enthusiasts. When at the office you will have the chance to work at our brand-new, state-of-the-art, sustainable offices, located in 3 different spots in Athens!Our cultureOur people are the most important element of our success. Our work life is well defined by our set of fundamental Values: https://netcompany.com/careers/greece/our-values/ #BePartOfSomethingGreat!Please submit your CV in English. All applications will be treated as strictly confidential.We ensure equal opportunities, treatment, and consideration to all candidates. Discrimination based on sex, racial or ethnic origin, religion or belief, disability, age, sexual orientation or marital status, physical or mental disability, or any other factor protected by applicable laws and regulations is prohibited. As part of the Netcompany-Intrasoft culture, we respect human rights and focus on creating a positive workplace, where all employees are valued, and where diversity and inclusion are a vital part of our our everyday working experience.",,Full-time,"Athens, Greece",EL,2024-09-08,kariera.gr,163332,,"['http://data.europa.eu/esco/skill/0af062de-eb43-41e9-9b96-249e2cd22d26', 'http://data.europa.eu/esco/skill/23ac233d-84ad-4517-b0f5-8ca19ba2614e', 'http://data.europa.eu/esco/skill/598de5b0-5b58-4ea7-8058-a4bc4d18c742', 'http://data.europa.eu/esco/skill/8f6ed69b-29d0-4c01-81ba-f05920a185f3', 'http://data.europa.eu/esco/skill/fc4fcb4b-993f-4f2c-b158-c2171ec18ed8']","['http://data.europa.eu/esco/occupation/719f101d-1866-49d3-8d5c-2256f606a8b9', 'http://data.europa.eu/esco/occupation/874a2080-a9b6-46a9-8662-c9b7d4208f73', 'http://data.europa.eu/esco/occupation/c40a2919-48a9-40ea-b506-1f34f693496d']"
539,"Senior Associate, Software Engineering","Role Summary
Pfizer's purpose is to deliver breakthroughs that change patients' lives.In Pfizer Digital Core Solutions, we partner closely with our Pfizer business operations colleagues to efficiently deliver robust supporting technology solutions that enhance their work to achieve the Pfizer purpose. We value our team members' technical skills, but also their passion, teamwork, and growth. Our culture is focused on delivering value through courage, excellence, equity, and joy. Our collective skillset supports all aspects of technology planning, project execution and application development excellence.We are looking for Software Engineer (SE) candidates who are aligned with our culture and values, and with academic and/or work experience in software development projects that include both backend and frontend development using Java and Javascript-based technologies for multi-tiered, RDBMS-based web applications.The Software Engineer plays a key role in meeting our mission. The SE analyzes specifications, designs logic, writes code, customizes products, unit tests, debugs, and documents software applications. The SE participates in agile team events and works within the agile team framework.The SE will work closely with their manager to ensure growth over time, including the selection of project work among hundreds of applications that will expand their skillset to meet personal and organizational goals, to provide fulfilling work, and to advance their careers.
Role Responsibilities

Works within project teams as a contributor to design, prototype, implement and unit test software solutions in support of the project objectives.
Works as a senior developer on small-to-medium size software development projects, which may include accountability for the work of a small number of other junior and/or contract Software Engineers, as well as responsibility for dictating and managing coding standards, coding best practices, source code control approaches, versioning, etc.
Translates logical designs of user/system interfaces into physical designs, considering the target environment, performance requirements and existing systems.
Helps produce detailed design specifications where applicable, and documents all work using required standards, methods, and tools, including prototyping tools, where appropriate.
Conducts reviews of supplied specifications as appropriate.
Defines the integration build and produces a build definition for generation of the software.
Work in a matrix, team environment with Pfizer colleagues as well as vendor partners.
Dedicated to meeting the expectations and requirements of internal and external customers.

Qualifications
Education:

Undergraduate degree in Software Engineering, Information Management, Computer Science, Mathematics, or other scientific or engineering discipline.

Prior Experience:

Minimum of 3 years of experience as a software developer/engineer.

Required Capabilities and Experience:

Facilitation, negotiating and presentation skills.
Experience working in ambiguous situations.
Demonstrated experience and skills in analysis and problem solving.
Demonstrated ability to developing multi-tiered solutions using multiple programming languages and web technologies including Java, TypeScript (Angular), HTML, CSS, SQL, etc.
Demonstrated experience using standard requirements business analysis techniques, including brainstorming, interviewing, requirements sessions, activity diagrams and use cases desired.
Demonstrated experience and/or competencies either informally or formally contributing on various-size teams of technologists, IT professionals or project managers using Agile, Scrum, DevOps, and other approaches for iterative development.
Demonstrated ability to collaborate and work effectively in team settings, frequently in virtual teams with client partner and customer engagement responsibilities.
Demonstrated ability to understand data and integration architectures to manage, transform, and exploit data across the enterprise.
Demonstrated capability to understand security requirements, and using the frameworks and tools the organization has put in place to meet those requirements.
Excellent oral and written communication skills.

Required Aptitude:

Quick to establish trust and respect
Action oriented and energetic
Resourceful and creative
Persistent and determined
Mature and cool under pressure
Easily makes connections
Reads situations quickly
Commitment and follow through

Pfizer is an equal opportunity employer and complies with all applicable equal employment opportunity legislation in each jurisdiction in which it operates.
To apply please visit our website www.pfizercareers.com and search job Senior Associate, Software Engineer with id 4919474.",Mid-level,Full-time,"Thessaloniki, Greece",EL,2024-09-06,kariera.gr,168300,,"['http://data.europa.eu/esco/skill/0a9acb6b-1139-4be9-b431-3a80a959f2f4', 'http://data.europa.eu/esco/skill/0af062de-eb43-41e9-9b96-249e2cd22d26', 'http://data.europa.eu/esco/skill/0ee94c0a-3716-494a-95a2-dcbab9e58be2', 'http://data.europa.eu/esco/skill/113b4428-0a31-4199-8496-070af7854b91', 'http://data.europa.eu/esco/skill/19a8293b-8e95-4de3-983f-77484079c389', 'http://data.europa.eu/esco/skill/1b957e3d-0017-42b0-9bfe-49a1cdd31de7', 'http://data.europa.eu/esco/skill/1fcce318-3212-487a-ac07-4941bc85060d', 'http://data.europa.eu/esco/skill/234aeb8d-56c3-4531-9193-1c5e6a8d16cb', 'http://data.europa.eu/esco/skill/2522a6ce-3202-4ac8-9f5b-b9cb5a3a83a1', 'http://data.europa.eu/esco/skill/33d49d4f-31ec-473f-9b8a-b555aa5116bb', 'http://data.europa.eu/esco/skill/385479b7-5da5-4367-9763-0d15b41bb65b', 'http://data.europa.eu/esco/skill/4339176e-3acd-4f7f-a5d9-445bee3d23f2', 'http://data.europa.eu/esco/skill/598de5b0-5b58-4ea7-8058-a4bc4d18c742', 'http://data.europa.eu/esco/skill/5b26f08b-88bc-45f0-b901-530d7786466b', 'http://data.europa.eu/esco/skill/5dd96c59-5955-474b-8cf5-e986a5b50f1a', 'http://data.europa.eu/esco/skill/7954861c-86d4-4529-afbb-2c23dab9ac74', 'http://data.europa.eu/esco/skill/867137fb-ff1b-4ca3-99f3-cb6969aa2c68', 'http://data.europa.eu/esco/skill/a8797f21-1af0-4c5e-98ca-bf1442929363', 'http://data.europa.eu/esco/skill/d433c82e-fa7a-492e-a8fd-eee7b39e4c48', 'http://data.europa.eu/esco/skill/e76dd90d-91c4-49c0-bfd0-dfa2c4c90c81', 'http://data.europa.eu/esco/skill/ed1d8bd4-cd2a-4c64-b665-56d70651026c', 'http://data.europa.eu/esco/skill/f0de4973-0a70-4644-8fd4-3a97080476f4', 'http://data.europa.eu/esco/skill/f37d9f67-2e79-4958-8307-1ce9d6dcc8bd', 'http://data.europa.eu/esco/skill/f5308e60-d763-4ead-be95-88c96fb3e02b', 'http://data.europa.eu/esco/skill/f9b52e2d-56a7-48ca-b04d-2fc6436fcd4f', 'http://data.europa.eu/esco/skill/fd33c66c-70c4-40e6-b87c-5495bd3bf26e']","['http://data.europa.eu/esco/occupation/196a4c75-9591-436f-9677-67252df34c22', 'http://data.europa.eu/esco/occupation/72628f3a-fd49-499a-9741-870b0a1fcef2', 'http://data.europa.eu/esco/occupation/7843a4c6-a9f6-4095-94b9-45b384d4bd57', 'http://data.europa.eu/esco/occupation/836f0a96-7546-4003-9fc8-714fc79199d4', 'http://data.europa.eu/esco/occupation/8b6388a4-4904-471b-9331-d3b1211f5525', 'http://data.europa.eu/esco/occupation/cc867bee-ab5c-427f-9244-f7a204d9574b', 'http://data.europa.eu/esco/occupation/d515e82a-ca9f-4be4-9823-33694dff7304', 'http://data.europa.eu/esco/isco/C1330', 'http://data.europa.eu/esco/isco/C2519']"
716,Junior Java Developer / DevOps Engineer (Remote/Thessaloniki),"Description
Are you a Junior Java Developer or DevOps Engineer looking for a dynamic role in a growing development team? Join us in Thessaloniki or work fully remotely, and become part of our innovative team implementing cutting-edge IT software projects for major international public organizations.
Main Responsibilities and Tasks:

Participate in the design and development of large scale web-based and mobile applications using state-of-the-art techniques and technologies;
Maintain and develop DevOps tools and services such as CI/CD pipelines and automated processes;
Participate and contribute in the process of defining the software architecture;
Work in a multi-national environment.

Requirements

Bachelor’s degree in Electrical Engineering, Computer Science, or Software Engineering.
Enthusiasm for programming and knowledge of Java;
Strong analytical capabilities, team- and quality-oriented, keen to learn and excel;
Fluency in verbal and written English.

Additional qualification

Experience in any of the following technologies will be highly appreciated: Java, Javascript, Frontend JS frameworks (e.g. Angular), Databases and SQL, REST, Linux, microservices, SpringBoot or Quarkus, Jenkins, Docker.

Benefits
We offer a competitive remuneration based on qualifications and experience, including:

Competitive full-time salary;
Private Health Coverage on the Company’s group program;
Flexible working hours, top - of - the Line tools, language courses, specialized trainings;
A great opportunity to grow and work with innovative and exciting specialists in the industry;
Being part of an environment that offers challenging goals, autonomy and mentoring, which creates development opportunities, both for you and the company.

If you are seeking a career in an exciting, dynamic and multicultural international environment with exciting opportunities that will boost your career, please send us your detailed CV in English, quoting reference: (JJD_D/09/24).
You may also consider all our other open vacancies by visiting the career section of our website (www.eurodyn.com) and follow us on Twitter (@EURODYN_Careers) and LinkedIn.
EUROPEAN DYNAMICS (ED) (www.eurodyn.com) is a leading European Software, Information and Communication Technologies company, operating internationally (Athens, Brussels, Luxembourg, Copenhagen, Berlin, Stockholm, London, Nicosia, Valetta, Vienna, Den Haag, Hong Kong, etc.) The company employs over 1000 engineers, IT experts and consultants (around 3% PhD, 36% MSc and 53% BSc). We design and develop software applications using integrated, state-of-the-art technology. Our current IT projects have a value exceeding 300 million EURO. EUROPEAN DYNAMICS is a renowned supplier of IT services to European Union Institutions, international organizations, European Agencies and national government Administrations in 40 countries and 4 continents.
As part of our dedication to the diversity of our workforce, we are committed to Equal Employment Opportunity without regard for race, colour, national origin, ethnicity, gender, disability, sexual orientation, gender identity, or religion.
EUROPEAN DYNAMICS (ED) adheres to the General Data Protection Regulation principles by applying its Privacy Policy as published in www.eurodyn.com/privacy. By submitting an application to this position and by sharing your personal data with ED, you acknowledge and accept its Policy and authorise ED to process your personal data for the purposes of the company's recruitment opportunities, in line to the Policy.",Entry / Junior,Full-time,"Thessaloniki, Greece",EL,2024-09-06,kariera.gr,168131,,"['http://data.europa.eu/esco/skill/19a8293b-8e95-4de3-983f-77484079c389', 'http://data.europa.eu/esco/skill/21d2f96d-35f7-4e3f-9745-c533d2dd6e97', 'http://data.europa.eu/esco/skill/2b1ce548-4e16-45fb-bfb2-f3141c8efe8d', 'http://data.europa.eu/esco/skill/3993c87c-7719-4186-811b-8ddfb40e76be', 'http://data.europa.eu/esco/skill/43ae58b9-5e56-4524-b45a-b422777a0576', 'http://data.europa.eu/esco/skill/598de5b0-5b58-4ea7-8058-a4bc4d18c742', 'http://data.europa.eu/esco/skill/5b26f08b-88bc-45f0-b901-530d7786466b', 'http://data.europa.eu/esco/skill/96eb286a-58b7-45ff-a916-5578d0b79b8c', 'http://data.europa.eu/esco/skill/a8797f21-1af0-4c5e-98ca-bf1442929363', 'http://data.europa.eu/esco/skill/d3e9b00a-0891-4fa8-836d-8240ec3d2758', 'http://data.europa.eu/esco/skill/e24377fb-020b-4430-8bed-86dd539bbf3a', 'http://data.europa.eu/esco/skill/f0de4973-0a70-4644-8fd4-3a97080476f4', 'http://data.europa.eu/esco/skill/f47a1998-0beb-43be-9f46-380aa4d183da', 'http://data.europa.eu/esco/skill/f7e2eb04-3e50-4561-bce1-7e51a1fec308', 'http://data.europa.eu/esco/skill/fcc0a1c8-d36e-4f8e-b928-00d5bca10a47']","['http://data.europa.eu/esco/occupation/3d190639-90f8-4402-b1b3-a104a17e0d67', 'http://data.europa.eu/esco/occupation/57af9090-55b4-4911-b2d0-86db01c00b02', 'http://data.europa.eu/esco/occupation/86ca306c-ab99-420a-9e2a-aa73c5c4de22', 'http://data.europa.eu/esco/occupation/cc867bee-ab5c-427f-9244-f7a204d9574b', 'http://data.europa.eu/esco/occupation/d0aa0792-4345-474b-9365-686cf4869d2e', 'http://data.europa.eu/esco/occupation/d1b1dfdf-7d60-430a-b569-7dd71b2ebeaa']"
1072,Backend Developer,"You will be a part of our young and growing GWF Labs team in Thessaloniki, whose mission is to create real-time decision systems and intelligent solutions by harnessing IoT and telemetry data. The newly formed team offers a vibrant start-up environment with passionate bright colleagues and a clear goal to transform IoT data into modern applications. We commit to a pleasant, fun and achievement-oriented environment with plenty of room for growth.
 
Our role 
As a Backend Developer, you will develop robust server-side solutions to support our frontend and mobile applications and handle the influx of data from IoT devices. You will dive deep into GWF’s proprietary technology, ensuring data integrity, scalability, and high performance. Working closely with the local team, you'll get expert insights from our product tech leads. Your primary responsibilities include designing, developing, and maintaining the backend components of our applications, ensuring seamless communication between frontend and backend services. Engage in agile processes using Microsoft's ecosystem (MS Teams, Azure DevOps) which includes sprint planning, ticket grooming, and daily stand-ups. Stay updated with current technology trends and proactively contribute to the platform's enhancement and lifecycle, from brainstorming ideas to deploying them on cloud platforms.
 
Qualifications and experience 
3+ years of professional experience in building robust backend systems.
Proficiency in Python.
Experience in python web frameworks (preferably Django and/or FastAPI) and relational databases (preferably PostgreSQL).
Experience in designing and implementing RESTful APIs.
Solid understanding of scalability, security, and other backend concerns.
Proficient with Git.
Fluent communication skills in English (both written and spoken).
 
Nice to have 
Experience with Cloud Services (e.g., Azure, AWS, GCP).
Familiarity with containerization tools like Docker or Kubernetes.
Experience with data science techniques and tools, such as machine learning models, data analysis, and statistical methods.
Knowledge of advanced database design principles, including normalization, indexing strategies, and performance optimization.
German language skills.
BSc/MSc in Computer science or similar rounds up your profile.
 
We offer 
A pleasant, fun and achievement-oriented environment.
Learning and growth opportunities in an international company setup.
Full support for relevant training & lifelong learning initiatives.
Medical Coverage Package.
Modern, bright office with parking space, located close to the airport.
Company Sponsored events.
Relocation package for applicants abroad.
 
Interested?
We look forward to receiving your complete application documents.
Please note that we only consider applications received via our website.",Mid-level,Full-time,"Thermi, Greece",EL,2024-09-04,kariera.gr,167698,,"['http://data.europa.eu/esco/skill/3a2d5b45-56e4-4f5a-a55a-4a4a65afdc43', 'http://data.europa.eu/esco/skill/4812a4ea-dc55-4dc6-b9b0-4a59bba2c647', 'http://data.europa.eu/esco/skill/68ef0e4d-5542-4e64-84f4-752cce5a3c22', 'http://data.europa.eu/esco/skill/713fb616-118e-40bc-9366-4a69879a49d5', 'http://data.europa.eu/esco/skill/7bb5d9af-0a7e-48a7-a860-0e1ded0f6e75', 'http://data.europa.eu/esco/skill/7dfbe0f3-076f-4a19-9eaa-db4d6db704b6', 'http://data.europa.eu/esco/skill/7e796b51-49d7-4e73-95af-2e7323763f15', 'http://data.europa.eu/esco/skill/a8d07b5a-c1a1-42c6-9d53-db9c7a2ca996', 'http://data.europa.eu/esco/skill/b8c01891-e3df-4a4b-948d-95b45e1788f5', 'http://data.europa.eu/esco/skill/f9738fc9-4d67-43e8-bfda-954123e34d42']","['http://data.europa.eu/esco/occupation/258e46f9-0075-4a2e-adae-1ff0477e0f30', 'http://data.europa.eu/esco/occupation/2ed56c3f-61d6-4f7e-9ef8-8849eb102e4c', 'http://data.europa.eu/esco/occupation/7086d0ca-1e77-4690-89c9-7ed1a0478fa3', 'http://data.europa.eu/esco/occupation/866c7813-2c03-47d7-9bdc-192cfbace57c', 'http://data.europa.eu/esco/occupation/ab7bccb2-6f81-4a3d-a0c0-fca5d47d2775', 'http://data.europa.eu/esco/occupation/e9507d34-c70f-474f-a4a3-d2cbfe50f6e9', 'http://data.europa.eu/esco/isco/C2163']"
1294,Net Full Stack Developer,"We are looking for a candidate to strengthen the software development and maintenance department of our company.
The main responsibilities are the following:

Web Application Development using ASP .NET Core MVC / Razor Pages and Web API
Integration of new technologies, interface with third-party systems, as well as maintenance - improvement of existing applications
Design, develop and maintain reusable C#, JavaScript, HTML and CSS code
Ensuring the best possible quality and usability of the company's applications

 
Necessary qualifications

Full-stack development skills
Experience as a .NET Web Developer (C# / Asp.Net)
Knowledge of SQL (Microsoft SQL Server)
Knowledge of HTML/CSS/JavaScript
Knowledge of Frontend JavaScript Frameworks
Fluency in Greek and English

 
Desired qualifications

Experience using DevExpress library
Knowledge of Git software",Senior,Full-time,"Athens, Greece",EL,2024-09-04,kariera.gr,167480,,"['http://data.europa.eu/esco/skill/0af062de-eb43-41e9-9b96-249e2cd22d26', 'http://data.europa.eu/esco/skill/56a7f561-1d55-43c9-9cd7-36a0a9bc6c50', 'http://data.europa.eu/esco/skill/8d4271ca-c9fd-40b3-875f-15f78332a49e', 'http://data.europa.eu/esco/skill/c062bab3-3ea0-4291-9220-a2d8fef4bead', 'http://data.europa.eu/esco/skill/c4b626c1-e71c-44ec-9f88-042766f37fcc', 'http://data.europa.eu/esco/skill/ea4ebfa1-e17a-4416-ac54-955f33e6ade7']","['http://data.europa.eu/esco/occupation/c40a2919-48a9-40ea-b506-1f34f693496d', 'http://data.europa.eu/esco/isco/C13']"
1848,AI and Data Science Frontend Engineering Lead,"Role Summary
Do you want to make an impact on patient health around the world? Do you thrive in a fast-paced environment that brings together scientific, clinical, and commercial domains through engineering, data science, and AI? Then join Pfizer Digital's Artificial Intelligence, Data, and Advanced Analytics organization (AIDA) where you can leverage cutting-edge technology to inform critical business decisions and improve customer experiences for our colleagues, patients and physicians. Our collection of engineering, data science, and AI professionals are at the forefront of Pfizer's transformation into a digitally driven organization that leverages data science and AI to change patients' lives. The Data Science Industrialization team within Data Science Solutions and Initiatives is a critical driver and enabler of Pfizer's digital transformation, leading the process and engineering innovation to rapidly progress early AI and data science applications from prototypes and MVPs to full production.As the AI and Data Science Frontend Engineering Lead, you will be a leader within the Data Science Industrialization team charged with driving the development of web application frontends, particularly those focused on AI use cases. Your responsibilities will span both technical leadership and hands-on development. You will lead a global team and partner with cross-functional business stakeholders and Digital leaders to catalyze identification, design, iterative development, and continuous improvements of web applications that enable use case delivery. Your team will develop best practices and maintain standards for frontend application development. Your team will be accountable to key Pfizer business functions (including Pfizer Biopharma, R&D, PGS, Oncology, and Enabling Functions) for developing Web solutions that support business objectives across all of Pfizer's core business units.




Role Responsibilities

Architecting Solutions: You'll lead the design and architecture of frontend applications, ensuring they align with business goals and technical requirements.
Technical Leadership: Collaborate with cross-functional teams, including backend engineers, product managers, and designers, to define technical roadmaps and prioritize features.
Mentoring and Guidance: Provide guidance to junior frontend developers, fostering a culture of continuous learning and improvement.
Web Development: Create responsive and visually appealing web interfaces using HTML, CSS, and Bootstrap.
JavaScript Webapp Frameworks: Proficiency in both Angular and React is essential. You'll leverage these frameworks to build dynamic and interactive user interfaces.
API Integration: Work closely with backend teams to integrate APIs and ensure seamless data flow between frontend and backend components.
Testing and Optimization: Implement unit tests, end-to-end tests, and performance optimizations to enhance application reliability and speed.
User-Centric Approach: Understand user needs and translate them into intuitive, accessible, and aesthetically pleasing designs.
Collaboration with Designers: Collaborate closely with UI/UX designers to create consistent and delightful user experiences.
Responsive Design: Ensure applications are designed to work seamlessly across various devices and screen sizes.
Enforce coding standards, best practices, and thorough testing (unit, integration, etc.) to ensure reliability and maintainability.
Set a vision, prioritize workstreams, and provide day-to-day leadership, supervision, and mentorship for a global team with technical & functional expertise.
Coach direct reports to adopt best practices, improve technical skills, develop an innovative mindset, and achieve professional growth through technical and organizational thought leadership.

Qualifications
Must-Have

Bachelor's degree in computer science, Software Engineering, or engineering related area.
10+ years of work experience as a frontend developer, with a track record of leading successful projects and software that is deployed as building and deploying Web Applications.
2-3 years of hands-on experience leading software engineering teams
Track record of managing stakeholder groups and effecting change
Recognized by peers as an expert in software, with deep expertise in frontend solution architecture, and hands-on development
Expert knowledge of frontend technologies; familiar with Angular, React,HTML/CSS/Bootstrap​.
Deep understanding of digital accessibility and disability inclusion. Experience developing digital products that comply with accessibility standards.
Familiarity with fundamental data science principles. Understanding concepts like data preprocessing, feature engineering, and statistical analysis is essential.
Adept at creating compelling visualizations. Familiarity with tools like Tableau, Power BI, and similar data visualization libraries.
Understands how to synthesize facts and information from varied data sources, both new and pre-existing, into clear insights and perspectives that can be understood by business stakeholders
Clearly articulates expectations, capabilities, and action plans; actively listens with others' frame of reference in mind; appropriately shares information with team; favorably influences people without direct authority
Clearly articulates scope and deliverables of projects; breaks complex initiatives into detailed component parts and sequences actions appropriately; develops action plans and monitors progress independently; designs success criteria and uses them to track outcomes; engages with stakeholders throughout to ensure buy-in
Ability to manage projects from end-to-end, from requirements gathering through implementation, and development of support processes
Demonstrated experience interfacing with internal and external teams to develop innovative frontend solutions
Strong understanding of Software Development Life Cycle (SDLC)
Highly self-motivated to deliver both independently and with strong team collaboration

Pfizer is an equal opportunity employer and complies with all applicable equal employment opportunity legislation in each jurisdiction in which it operates.
To apply please visit our website www.pfizercareers.com and search job AI and Data Science Frontend Engineering Lead id 4916364.",Senior,Full-time,"Thessaloniki, Greece",EL,2024-09-02,kariera.gr,166852,,"['http://data.europa.eu/esco/skill/09f2f811-a3fb-4de3-a70f-6420a6935575', 'http://data.europa.eu/esco/skill/1d86f05e-e9cc-40ce-99d8-2b21cc71b16b', 'http://data.europa.eu/esco/skill/1ffac4ac-fda7-407d-8ed1-ca8f4a8dc146', 'http://data.europa.eu/esco/skill/33d49d4f-31ec-473f-9b8a-b555aa5116bb', 'http://data.europa.eu/esco/skill/382c11ed-20d5-4ae7-b60e-15fec527fa6c', 'http://data.europa.eu/esco/skill/3e23db60-0c3d-498a-a6ac-ffbed0ecb033', 'http://data.europa.eu/esco/skill/477173ca-5fc2-406b-9122-95d92811f284', 'http://data.europa.eu/esco/skill/47ac9325-b072-4e37-8e40-e6ffed03e851', 'http://data.europa.eu/esco/skill/54660948-b811-49a9-874c-bf2be5f280a2', 'http://data.europa.eu/esco/skill/65e58886-bd1e-4c5b-8ca5-8d9b353c8aa1', 'http://data.europa.eu/esco/skill/6ad40ca3-dc34-4442-b23f-0b1b28936f56', 'http://data.europa.eu/esco/skill/7bb5d9af-0a7e-48a7-a860-0e1ded0f6e75', 'http://data.europa.eu/esco/skill/87de6e49-ca1c-42a4-8751-5ff0b991966b', 'http://data.europa.eu/esco/skill/a6d728e6-d6ba-424c-ad92-d6831290faf0', 'http://data.europa.eu/esco/skill/a8797f21-1af0-4c5e-98ca-bf1442929363', 'http://data.europa.eu/esco/skill/ad05c2bf-3905-4e4c-bd56-6fcfdebc994c', 'http://data.europa.eu/esco/skill/be64bb4c-84ac-4c83-8cc7-fc8593e15136', 'http://data.europa.eu/esco/skill/c2a0c52c-0b4b-4180-a918-92650ea3b458', 'http://data.europa.eu/esco/skill/c881ddd2-9c0e-4743-bd24-36be650493dd', 'http://data.europa.eu/esco/skill/d52382fe-f236-421f-95fe-34fe69d48dbd', 'http://data.europa.eu/esco/skill/df64a7cc-2e96-4304-95d3-56fe0ac2dd39', 'http://data.europa.eu/esco/skill/edebd83d-35f6-4ed5-a940-6c203d178c01', 'http://data.europa.eu/esco/skill/f3c5fae0-c0e3-4410-bc09-62bd82d4cecc', 'http://data.europa.eu/esco/skill/fc54bd7f-0c03-4fdd-af8c-5eb4021e716d', 'http://data.europa.eu/esco/skill/fd33c66c-70c4-40e6-b87c-5495bd3bf26e']","['http://data.europa.eu/esco/occupation/2079755f-d809-49e6-8037-4de6180e54c0', 'http://data.europa.eu/esco/occupation/258e46f9-0075-4a2e-adae-1ff0477e0f30', 'http://data.europa.eu/esco/occupation/50af07f0-7a75-424e-a66d-5a9deea10f4c', 'http://data.europa.eu/esco/occupation/57af9090-55b4-4911-b2d0-86db01c00b02', 'http://data.europa.eu/esco/occupation/866c7813-2c03-47d7-9bdc-192cfbace57c', 'http://data.europa.eu/esco/occupation/8c3f536e-ba66-4321-ba40-363dc39f129b', 'http://data.europa.eu/esco/occupation/8cb59bc4-1f39-477e-beea-effed12d186c', 'http://data.europa.eu/esco/occupation/9f508305-80ce-4111-8722-f2c9b4a44890', 'http://data.europa.eu/esco/occupation/ab7bccb2-6f81-4a3d-a0c0-fca5d47d2775', 'http://data.europa.eu/esco/isco/C214', 'http://data.europa.eu/esco/isco/C221']"
2291,Front End Developer ( middle level ),"G-Logic SA specializes in advanced and integrated IT solutions for every business. It has state-of-the-art tools for the development of innovative software programs that can be operated from any device (PC, Tablet, Smartphone, Web), covering all the needs of the modern business world. It is the first company that in the year 2000 built traceability systems (TRACE), as a result of which it occupies a leading position in the field of Industrial Production and Food.
Since 2021, G-Logic has expanded its services in the field of Digital Marketing, offering integrated solutions in a wide range of services such as site and e-shop development and development, branding, digital content creation, social media & Google ads management, for the successful promotion of the brand of each company in the digital world.
For the staffing of the DEVELOPMENT Department in MARKETING, it asks to hire
(Mid Level) FrontEnd Web Developer
The FrontEnd Web Developer candidate should have:

Very good knowledge of HTML, CSS Development of modern websites, online stores and provision of technical support
Very good knowledge of Project implementation in Wordpress, Woocommerce
Basic Knowledge of Javascript, jQuery and Bootstrap
Knowledge of configuring PHP and MySql Queries (will be appreciated)
Experience in UX/UI and PLESK will be considered.

           The main tasks of the position are the implementation of Website & Eshops.
Its main duties and responsibilities

Design, development and maintenance of websites and Eshops to support the applications.
Code development and data management as well as code review & feedback
Collaborate with various teams including Frontend Developers, Product Managers.
Identify and troubleshoot problems, identify errors, and implement timely solutions.

Work on the subject requires:

Very good communication skills in order to provide high level customer service support
Ability to work with Project management and adhere to schedules
Analytical and organizational skills as well as a high level of cooperation

Necessary skills and qualifications:

Degree in Computer Science or IEK or similar subject   
At least three (3) years of work experience in a similar field
Very good knowledge of English in written and spoken language
Completed military service (for men)

Working at G-LOGIC includes:

Immediate recruitment and In House work
Competitive salary package based on qualifications, experience and level of knowledge
Gain high-level knowledge by participating in important cutting-edge projects
Continuous education and training
Ability to grow in a competitive environment
Pleasant & demanding working conditions, which promote the development of employees & Company",Mid-level,Full-time,"Kallithea, Greece",EL,2024-08-30,kariera.gr,166339,,"['http://data.europa.eu/esco/skill/378caeec-10a0-4162-b75c-ab374a42e93d', 'http://data.europa.eu/esco/skill/496932f1-0b6b-4f73-9432-d95c7ddcd43b', 'http://data.europa.eu/esco/skill/5fd5c985-eaaa-47aa-8314-62359c54505a', 'http://data.europa.eu/esco/skill/94193295-26de-42e5-a8e9-2ef7597e59f5', 'http://data.europa.eu/esco/skill/a15dab55-f1da-4f85-ae3e-2b5c5b5333ca', 'http://data.europa.eu/esco/skill/da56feea-941c-4ff6-b573-bb16ccbde670']","['http://data.europa.eu/esco/occupation/068370e0-9c27-4814-87d0-44fbb3140815', 'http://data.europa.eu/esco/occupation/586fe133-1987-41f4-b89a-f39d4bc58e1e', 'http://data.europa.eu/esco/occupation/9f508305-80ce-4111-8722-f2c9b4a44890', 'http://data.europa.eu/esco/occupation/bb6198c4-1d3e-40b9-9cc4-ad2dd9d7c74b', 'http://data.europa.eu/esco/occupation/bea99fea-0383-4c63-b944-70d4799de2c5', 'http://data.europa.eu/esco/occupation/c40a2919-48a9-40ea-b506-1f34f693496d', 'http://data.europa.eu/esco/occupation/d5c4ab26-c293-4f4d-ad89-fe776f49a67f', 'http://data.europa.eu/esco/occupation/dc97adbe-f807-4ad8-8f3c-c24b3416cdef', 'http://data.europa.eu/esco/occupation/faed411a-f920-4100-86a8-b877928b429c', 'http://data.europa.eu/esco/isco/C122']"
2606,"Manager, Front-End Application Development","ROLE SUMMARYAt Pfizer we make medicines and vaccines that change patients' lives with a global reach of over 780 million patients.Pfizer Digital is the organization charged with winning the digital race in the pharmaceutical industry. We apply our expertise in technology, innovation and our business to support Pfizer in this mission.The Biopharma, Patient & CDI (C4) team builds and maintains the platforms and capabilities that enable Pfizer Business Units to connect digitally with our external customers and effectively engage and collaborate across teams internally.  This includes all digital (web, mobile, omni-channel, & devices) products, platforms, services, and experiences in service of patients, HCPs, payors, pharmacists, or clinical sites. We build advanced cloud-based technology solutions at a global scale that positively impact Pfizer business performance.Patient and Marketplace Corp. Affairs: Within C4, the Patient and Marketplace Corp. Affairs team is accountable for delivering patient-facing digital companions and external marketplace solutions to increase customer value and simplify specialty pharma services to ensure patients can acquire Pfizer breakthroughs.​The U.S. Channels and Global Web Experience team directly owns and operates Pfizer.com, the operation of our primary U.S. corporate social channels, and the look and feel of our regional corporate sites around the world, consulting and supporting objectives from various stakeholders across the entire company, as well as directly setting objectives and delivering on them.The Front-End Application Development Manager leads the designing, developing, and implementing of moderately complex cutting-edge solutions for Pfizer's digital marketing initiatives (specifically, the user interface used by Pfizer.com and our regional corporate websites). The Front-End Application Developer plays a crucial role in Pfizer's pursuit of breakthroughs by pushing the boundaries of digital experiences and creating captivating solutions that drive patient engagement, knowledge sharing, and commercial success.
ROLE RESPONSIBILITIESSubject Matter Expertise - General

Design and develop digital solutions utilizing the latest development tools, frameworks, and platforms to build cutting-edge solutions that deliver exceptional user experiences.
Implement source code management best practices to maintain high standards of code quality, integrity and consistency.
Applies knowledge of internal/external business challenges to provide input into recommendations for improvements to products, processes or services
Define and Implement best practices in usability, accessibility, and user interface design to ensure seamless and intuitive customer interactions within digital solutions.
Conduct and document thorough testing and debugging of digital solutions to identify and resolve any technical issues or performance bottlenecks.
Integrate digital solutions with other digital marketing technologies and platforms, such as content management systems, analytics, and personalization engines.
Ensure compliance with relevant regulations, security protocols, and industry best practices related to application development and deployment.
Act as primary front-end application developer for Pfizer.com (and functionality shared with our regional sites), performing all tasks necessary from bug fixing and tier 1 support up to advanced, emergency problem-solving and new, complex enhancement requests, in coordination with the Technical lead, Platform team and other relevant parties.
Provide direction to and integrate contributions from other front-end developers, both from within the team and from agency/vendor partners.

Strategic Leadership & Delivery

Participate in the ideation and prototyping of digital solutions, collaborating with cross-functional teams to explore new and optimized ways of solution development. Take appropriate risks to advance new concepts and methodologies that are moderately complex.
Make decisions that may require developing new options to resolve moderately complex problems.

BASIC QUALIFICATIONS

BSc degree with at least 5 years of experience or Masters with at least 3 year of experience, in Computer Science, Software Engineering, or a related technical field.
Experience as an individual contributor/practitioner.
Expertise in graphics creation and editing tools, including Adobe Creative Suite, Figma, etc. (both for direct creation and for manipulating and extracting from source materials provided by partners).
Application development, with comprehensive knowledge and proven experience in implementing and integrating CMS tools with modern frontend technologies (e.g., HTML5, CSS3, ES6). Experience with a popular JavaScript framework like React, Next, Vue, Angular is a plus.
Proficient in modern frontend technologies (e.g., HTML5, CSS3, ES6) and a popular JavaScript framework like React, Next, Vue, Angular.
Experience in Front-End Web/REST API design, deployment and integration
Experience with performance tools like Lighthouse, PageSpeed, Calibre and performance optimization techniques.
Familiarity with agile methodologies (Scrum, Kanban), continuous integration, continuous deployment (CI/CD) processes and JIRA/Confluence.
Excellent problem-solving and troubleshooting skills, with the ability to debug and optimize complex applications.
Ability to work collaboratively in a cross-functional team environment and communicate technical concepts effectively to both technical and non-technical audiences.

PREFERRED QUALIFICATIONS

Advanced degree or relevant certifications.
Experience maintaining and executing brand standards and design systems to the pixel, aiming for rigorous excellence and attention to detail to maintain a consistent visual experience.
Experience with Microsoft Technology Stack, including .NET framework & SharePoint, and demonstrated understanding of cloud application architectures.
Familiarity with front end modern application frameworks and tools such as node.js, Angular.js, Ionic, Apple Swift, kotlin, Vue.js. and / or back end frameworks and tools such as Java, Laravel, Drupal, Python, PHP.

TRAVEL OR ENVIRONMENT REQUIREMENTS

Candidate will be expected to travel globally to Pfizer locations as needed

Pfizer is an equal opportunity employer and complies with all applicable equal employment opportunity legislation in each jurisdiction in which it operates.
To apply please visit our website www.pfizercareers.com and search job Manager, Front-End Application Development id 4918498.",Senior,Full-time,"Thessaloniki, Greece",EL,2024-08-29,kariera.gr,165960,,"['http://data.europa.eu/esco/skill/11430d93-c835-48ed-8e70-285fa69c9ae6', 'http://data.europa.eu/esco/skill/14832d87-2f2f-4895-b290-e4760ebae42a', 'http://data.europa.eu/esco/skill/1605025e-a179-421f-8f35-5b07d182a6b2', 'http://data.europa.eu/esco/skill/19a8293b-8e95-4de3-983f-77484079c389', 'http://data.europa.eu/esco/skill/1a4cc54f-1e53-442b-a6d2-1682dc8ef8f9', 'http://data.europa.eu/esco/skill/1de3942b-99d8-41e8-9ef0-fbc9e9f6307b', 'http://data.europa.eu/esco/skill/1ffac4ac-fda7-407d-8ed1-ca8f4a8dc146', 'http://data.europa.eu/esco/skill/2fb8480e-de3c-462b-b169-e8bbb344da68', 'http://data.europa.eu/esco/skill/4350c38d-0fe9-4ca7-bab9-40ed7f72b04f', 'http://data.europa.eu/esco/skill/4cb51222-3e2e-417c-9a5c-e9ccf262721d', 'http://data.europa.eu/esco/skill/51e79cb4-fab3-404c-88f3-cd4a1bd5879e', 'http://data.europa.eu/esco/skill/56a10e3e-c9e7-4d39-b6f1-6013398fcb3a', 'http://data.europa.eu/esco/skill/5b26f08b-88bc-45f0-b901-530d7786466b', 'http://data.europa.eu/esco/skill/719d8699-a221-4b5a-8fc3-68a8645cbe03', 'http://data.europa.eu/esco/skill/7e5147d1-60b1-4a68-804b-1f5cb0396b91', 'http://data.europa.eu/esco/skill/8ff015a0-98ea-4d80-a23e-1f68110a919e', 'http://data.europa.eu/esco/skill/9531fe02-1e1f-4a36-95f7-a76a77cd4b8d', 'http://data.europa.eu/esco/skill/96eb286a-58b7-45ff-a916-5578d0b79b8c', 'http://data.europa.eu/esco/skill/be64bb4c-84ac-4c83-8cc7-fc8593e15136', 'http://data.europa.eu/esco/skill/be80acfc-b6f2-4411-9b8d-b19d9cd2556a', 'http://data.europa.eu/esco/skill/c4b1f326-224a-420a-b8b3-814a8f13b6cb', 'http://data.europa.eu/esco/skill/c624c6a3-b0ba-4a31-a296-0d433fe47e41', 'http://data.europa.eu/esco/skill/ccd0a1d9-afda-43d9-b901-96344886e14d', 'http://data.europa.eu/esco/skill/d8567009-7c6f-43fb-82fb-7154ed8ebca9', 'http://data.europa.eu/esco/skill/f058bf62-70d1-4f5e-be2a-8b26fac24a96']","['http://data.europa.eu/esco/occupation/070e94a8-a933-4557-9b95-fefe7f4f1763', 'http://data.europa.eu/esco/occupation/0ddbf393-38f1-4c22-b14c-fe775008f321', 'http://data.europa.eu/esco/occupation/196a4c75-9591-436f-9677-67252df34c22', 'http://data.europa.eu/esco/occupation/2ed56c3f-61d6-4f7e-9ef8-8849eb102e4c', 'http://data.europa.eu/esco/occupation/2fb96c6c-8d0b-4ef0-b1ee-3e493305e4eb', 'http://data.europa.eu/esco/occupation/50af07f0-7a75-424e-a66d-5a9deea10f4c', 'http://data.europa.eu/esco/occupation/53cdd34e-22f2-41bd-b3c7-de22bf9bbcae', 'http://data.europa.eu/esco/occupation/57af9090-55b4-4911-b2d0-86db01c00b02', 'http://data.europa.eu/esco/occupation/69bcbb0a-8d80-4ecd-b0a4-9adea2a40de2', 'http://data.europa.eu/esco/occupation/7c132147-428b-4ea3-87e1-70f7abb691ce', 'http://data.europa.eu/esco/occupation/866c7813-2c03-47d7-9bdc-192cfbace57c', 'http://data.europa.eu/esco/occupation/9e285322-2cfa-430f-9b66-41be57d698e2', 'http://data.europa.eu/esco/occupation/a74f6c51-37e5-423e-aa5b-044e98663027', 'http://data.europa.eu/esco/occupation/dc97adbe-f807-4ad8-8f3c-c24b3416cdef', 'http://data.europa.eu/esco/isco/C11']"
2715,"Manager, AI and Data Science Frontend Engineer","Role Summary
Do you want to make an impact on patient health around the world? Do you thrive in a fast-paced environment that brings together scientific, clinical, and commercial domains through engineering, data science, and AI? Then join Pfizer Digital's Artificial Intelligence, Data, and Advanced Analytics organization (AIDA) where you can leverage cutting-edge technology to inform critical business decisions and improve customer experiences for our colleagues, patients and physicians. Our collection of engineering, data science, and AI professionals are at the forefront of Pfizer's transformation into a digitally driven organization that leverages data science and AI to change patients' lives. The Data Science Industrialization team within Data Science Solutions and Initiatives is a critical driver and enabler of Pfizer's digital transformation, leading the process and engineering innovation to rapidly progress early AI and data science applications from prototypes and MVPs to full production.As a Manager, AI and Data Science Frontend Engineer, you will be part of the Data Science Industrialization team charged with designing and using UI/UX principles, developing and continuously improving web application frontends, particularly those focused on AI use cases. You will contribute to the best practices and maintain standards for frontend application development.
Role Responsibilities

Architecting Solutions: You will contribute in the design and architecture of frontend applications, ensuring they align with business goals and technical requirements.
Web Development: Create responsive and visually appealing web interfaces using HTML, CSS, and Bootstrap.
JavaScript Webapp Frameworks: Proficiency in both React and Vue or AngularJS is essential. You'll leverage these frameworks to build dynamic and interactive user interfaces.
API Integration: Work closely with backend teams to integrate APIs and ensure seamless data flow between frontend and backend components.
Testing and Optimization: Implement unit tests, end-to-end tests, and performance optimizations to enhance application reliability and speed.
User-Centric Approach: Understand user needs and translate them into intuitive, accessible, and aesthetically pleasing designs.
Mentoring and Guidance: Provide guidance to junior frontend developers, fostering a culture of continuous learning and improvement.
Technical Excellence: Enforce coding standards, best practices, and thorough testing (unit, integration, etc.) to ensure reliability and maintainability.

Qualifications
Must-Have

Bachelor's degree in computer science, Software Engineering, or engineering related area.
5+ years of work experience as a frontend developer, with a track record of leading successful projects and software that is deployed as building and deploying Web Applications.
Experience developing dynamic and interactive web applications; familiar with React, AngularJS, Vue.
Experience in creating responsive user interfaces; familiar with technologies such as HTML, Tailwind CSS, Bootstrap, Material, Vuetify ​.
Good understanding of Software Development Life Cycle (SDLC)
Understanding of digital accessibility and disability inclusion. Experience developing digital products that comply with accessibility standards.
Hands on experience working in Agile teams, processes, and practices.
Highly self-motivated to deliver both independently and with strong team collaboration
Ability to creatively take on new challenges and work outside comfort zone
Strong English communication skills (written & verbal)

Nice-to-Have

Advanced degree in Computer Engineering, Computer Science, Information Systems or related discipline
Experience in UI/UX design
Experience working in a cloud-based ecosystems (AWS, Snowflake, etc)
Pharma & Life Science commercial functional knowledge
Pharma & Life Science commercial data literacy

Pfizer is an equal opportunity employer and complies with all applicable equal employment opportunity legislation in each jurisdiction in which it operates.
To apply please visit our website www.pfizercareers.com and search job Manager, AI and Data Science Frontend Engineer id 4918159.",Senior,Full-time,"Thessaloniki, Greece",EL,2024-08-28,kariera.gr,165815,,"['http://data.europa.eu/esco/skill/09f2f811-a3fb-4de3-a70f-6420a6935575', 'http://data.europa.eu/esco/skill/0af062de-eb43-41e9-9b96-249e2cd22d26', 'http://data.europa.eu/esco/skill/1d86f05e-e9cc-40ce-99d8-2b21cc71b16b', 'http://data.europa.eu/esco/skill/3e23db60-0c3d-498a-a6ac-ffbed0ecb033', 'http://data.europa.eu/esco/skill/54660948-b811-49a9-874c-bf2be5f280a2', 'http://data.europa.eu/esco/skill/5b26f08b-88bc-45f0-b901-530d7786466b', 'http://data.europa.eu/esco/skill/6ad40ca3-dc34-4442-b23f-0b1b28936f56', 'http://data.europa.eu/esco/skill/7bb5d9af-0a7e-48a7-a860-0e1ded0f6e75', 'http://data.europa.eu/esco/skill/ad05c2bf-3905-4e4c-bd56-6fcfdebc994c', 'http://data.europa.eu/esco/skill/be64bb4c-84ac-4c83-8cc7-fc8593e15136', 'http://data.europa.eu/esco/skill/edebd83d-35f6-4ed5-a940-6c203d178c01', 'http://data.europa.eu/esco/skill/f3c5fae0-c0e3-4410-bc09-62bd82d4cecc', 'http://data.europa.eu/esco/skill/fc54bd7f-0c03-4fdd-af8c-5eb4021e716d', 'http://data.europa.eu/esco/skill/fd33c66c-70c4-40e6-b87c-5495bd3bf26e']","['http://data.europa.eu/esco/occupation/070e94a8-a933-4557-9b95-fefe7f4f1763', 'http://data.europa.eu/esco/occupation/2079755f-d809-49e6-8037-4de6180e54c0', 'http://data.europa.eu/esco/occupation/258e46f9-0075-4a2e-adae-1ff0477e0f30', 'http://data.europa.eu/esco/occupation/2fb96c6c-8d0b-4ef0-b1ee-3e493305e4eb', 'http://data.europa.eu/esco/occupation/50af07f0-7a75-424e-a66d-5a9deea10f4c', 'http://data.europa.eu/esco/occupation/53cdd34e-22f2-41bd-b3c7-de22bf9bbcae', 'http://data.europa.eu/esco/occupation/57af9090-55b4-4911-b2d0-86db01c00b02', 'http://data.europa.eu/esco/occupation/866c7813-2c03-47d7-9bdc-192cfbace57c', 'http://data.europa.eu/esco/occupation/8c3f536e-ba66-4321-ba40-363dc39f129b', 'http://data.europa.eu/esco/occupation/8d9ec84d-cf2d-4179-87bc-335cda54a427', 'http://data.europa.eu/esco/occupation/faed411a-f920-4100-86a8-b877928b429c', 'http://data.europa.eu/esco/isco/C214', 'http://data.europa.eu/esco/isco/C221']"
3014,"Senior Manager, Digital Solutions Engineer & Technical Team Lead","ROLE SUMMARY
At Pfizer we make medicines and vaccines that change patients' lives with a global reach of over 780 million patients.Pfizer Digital is the organization charged with winning the digital race in the pharmaceutical industry. We apply our expertise in technology, innovation and our business to support Pfizer in this mission.The Commercial Creation Center & CDI (C4) team builds and maintains the platforms and capabilities that enable Pfizer Business Units to connect digitally with our external customers and effectively engage and collaborate across teams internally.  This includes all digital (web, mobile, omni-channel, & devices) products, platforms, services, and experiences in service of patients, HCPs, payors, pharmacists, or clinical sites. We build advanced cloud-based technology solutions at a global scale that positively impact Pfizer business performance.Patient and Marketplace Corp. Affairs: Within C4, the Patient and Marketplace Corp. Affairs team is accountable for delivering patient-facing digital companions and external marketplace solutions to increase customer value and simplify specialty pharma services to ensure patients can acquire Pfizer breakthroughs.​The U.S. Channels and Global Web Experience team directly owns and operates Pfizer.com, the operation of our primary U.S. corporate social channels, and the look and feel of our regional corporate sites around the world, consulting and supporting objectives from various stakeholders across the entire company, as well as directly setting objectives and delivering on them.The Solutions Engineer is a senior technical role responsible for developing ideas and leading the design and overseeing the implementation of complex cutting-edge technical solutions across business units. This role serves as the bridge between business requirements and technical capabilities, translating stakeholder needs into innovative and scalable solutions that leverage emerging technologies.
ROLE RESPONSIBILITIES
Subject Matter Expertise - General

Design and architect technical solutions that address stakeholder needs while adhering to best practices, industry standards, and Pfizer's technology strategies.
Develop detailed technical specifications, system architectures, and implementation plans for immersive solutions.
Oversee the implementation of digital solutions by development teams, ensuring adherence to the defined technical architecture and design principles.
Ensure compliance with relevant regulations, security protocols, and industry best practices related to solution development and deployment.
Act as technical lead for Pfizer.com (and functionality shared with our regional sites): accountable for the technical strategy, in close coordination with Platform team and other technical partners.
Strategic Leadership & Delivery
Take risk-based approach to advance innovative processes and methodologies based on comprehensive business knowledge for evaluation and recommendation of appropriate technologies, platforms, and frameworks, considering factors such as scalability, performance, security, and integration with existing systems.

Resource and Financial Management

Provide direct oversight to colleagues and contractors that comprise the technical/engineering team, as well as in-region manager for other local colleagues on the team (which may include roles that aren't primarily technical/engineering)
Manages and leads people, technological and financial resources within the Business Unit, often lead by influence rather than direct authority, in addition to direct reports.

Cross- Team Collaboration

Collaborate with the Delivery Lead, Service Owners, stakeholders, and development teams to gather and analyze business requirements.
Collaborate with cross-functional teams, including the Technical Services Leads and Platform teams, to ensure seamless integration and support for solutions with Pfizer's digital platforms and technologies.





BASIC QUALIFICATIONS

Bachelor's degree in Computer Science, Software Engineering, or a related technical field.
7+ years of extensive experience in solution architecture, technical design, and implementation of complex software systems, with a focus on leading a team of engineers and defining the process for a developer team, particularly in relation to a database-driven content management system (CMS).
Strong understanding of Drupal/PHP/MySQL stack development technologies, platforms, and frameworks, along with their strengths, limitations, and integration capabilities. Deep understanding of Drupal's caching system, modules, crons, taxonomies is a plus.
Strong proficiency in programming languages, development tools, and software engineering practices relevant to implementing and integrating CMS tools with modern frontend technologies (e.g., HTML5, CSS3, ES6). Experience with a popular JavaScript framework like React, Next, Vue, Angular is a plus.
Excellent problem-solving, analytical, and decision-making skills, with the ability to navigate complex technical challenges and trade-offs.
Passion for exploring emerging technologies and driving innovation in the field of GenAI/LLM/Semantic Search (several related efforts underway looking for leadership and individually contribution)
Strong attention to detail and commitment to delivering high-quality, robust, and scalable technical solutions.
Familiarity with agile methodologies (Scrum, Kanban), continuous integration, continuous deployment (CI/CD) processes and JIRA/Confluence

PREFERRED QUALIFICATIONS

Advanced degree or relevant certifications.
Experience in the Pharma industry
Experience with Microsoft Technology Stack, including .NET framework & SharePoint, and demonstrated understanding of cloud application architectures
Familiarity with front end modern application frameworks and tools such as node.js, Angular.js, Ionic, Apple Swift, kotlin, Vue.js. and / or back end frameworks and tools such as Java, Laravel, Drupal, Python, PHP.
High proficiency and proven successful delivery of experiences using Agile development, especially scaled agile and lean techniques and methodologies (Disciplined Agile, SAFe, etc.)

Pfizer is an equal opportunity employer and complies with all applicable equal employment opportunity legislation in each jurisdiction in which it operates.
To apply please visit our website www.pfizercareers.com and search job Senior Manager, Digital Solutions Engineer & Technical Team Lead id 4918233.",Senior,Full-time,"Thessaloniki, Greece",EL,2024-08-27,kariera.gr,165486,,"['http://data.europa.eu/esco/skill/0ee94c0a-3716-494a-95a2-dcbab9e58be2', 'http://data.europa.eu/esco/skill/11430d93-c835-48ed-8e70-285fa69c9ae6', 'http://data.europa.eu/esco/skill/14832d87-2f2f-4895-b290-e4760ebae42a', 'http://data.europa.eu/esco/skill/19a8293b-8e95-4de3-983f-77484079c389', 'http://data.europa.eu/esco/skill/1de3942b-99d8-41e8-9ef0-fbc9e9f6307b', 'http://data.europa.eu/esco/skill/1f1d2ff8-c4c1-45cc-9812-6a7ee84a73cb', 'http://data.europa.eu/esco/skill/1ffac4ac-fda7-407d-8ed1-ca8f4a8dc146', 'http://data.europa.eu/esco/skill/2fb8480e-de3c-462b-b169-e8bbb344da68', 'http://data.europa.eu/esco/skill/41bf7ede-fc84-4a57-8c89-b548d11b0ba1', 'http://data.europa.eu/esco/skill/4350c38d-0fe9-4ca7-bab9-40ed7f72b04f', 'http://data.europa.eu/esco/skill/457c2e47-07e6-4073-827e-e1c21f3e5869', 'http://data.europa.eu/esco/skill/477173ca-5fc2-406b-9122-95d92811f284', 'http://data.europa.eu/esco/skill/4cb51222-3e2e-417c-9a5c-e9ccf262721d', 'http://data.europa.eu/esco/skill/4f6e68b2-85c8-446e-a96d-b306ec7e0091', 'http://data.europa.eu/esco/skill/52e53619-fa77-4f72-b237-5e4aae784dc2', 'http://data.europa.eu/esco/skill/7369f779-4b71-4aab-8836-48b69c676eec', 'http://data.europa.eu/esco/skill/75d8e5d9-bef3-418b-9011-01bff9f27207', 'http://data.europa.eu/esco/skill/8ff015a0-98ea-4d80-a23e-1f68110a919e', 'http://data.europa.eu/esco/skill/92721092-fe7c-4689-96bd-4f02385bc0e7', 'http://data.europa.eu/esco/skill/9531fe02-1e1f-4a36-95f7-a76a77cd4b8d', 'http://data.europa.eu/esco/skill/9ef0f3a0-9ce2-4ef1-a987-0366b5cb2dbe', 'http://data.europa.eu/esco/skill/be80acfc-b6f2-4411-9b8d-b19d9cd2556a', 'http://data.europa.eu/esco/skill/c3687b34-fe53-4db2-ad1b-5055a6c5b6fd', 'http://data.europa.eu/esco/skill/ccd0a1d9-afda-43d9-b901-96344886e14d', 'http://data.europa.eu/esco/skill/dba46f87-0831-49cd-a1c7-340a653c0221', 'http://data.europa.eu/esco/skill/e76dd90d-91c4-49c0-bfd0-dfa2c4c90c81', 'http://data.europa.eu/esco/skill/ed8de897-adbe-4f0e-b4d2-534953e64c72', 'http://data.europa.eu/esco/skill/f08e2bd6-0366-4948-a670-1f03f130126f', 'http://data.europa.eu/esco/skill/f9738fc9-4d67-43e8-bfda-954123e34d42', 'http://data.europa.eu/esco/skill/fae27053-8924-4bfd-b565-c9fe502044c9']","['http://data.europa.eu/esco/occupation/00030d09-2b3a-4efd-87cc-c4ea39d27c34', 'http://data.europa.eu/esco/occupation/0ddbf393-38f1-4c22-b14c-fe775008f321', 'http://data.europa.eu/esco/occupation/2fb96c6c-8d0b-4ef0-b1ee-3e493305e4eb', 'http://data.europa.eu/esco/occupation/30f3ea93-882a-4525-841c-1d5b4b64076f', 'http://data.europa.eu/esco/occupation/3ae4fd99-814a-4d06-a7db-5ee680c22e26', 'http://data.europa.eu/esco/occupation/53cdcc84-e5ee-488c-aa09-88084e06d6d7', 'http://data.europa.eu/esco/occupation/53cdd34e-22f2-41bd-b3c7-de22bf9bbcae', 'http://data.europa.eu/esco/occupation/57af9090-55b4-4911-b2d0-86db01c00b02', 'http://data.europa.eu/esco/occupation/7c132147-428b-4ea3-87e1-70f7abb691ce', 'http://data.europa.eu/esco/occupation/8cb59bc4-1f39-477e-beea-effed12d186c', 'http://data.europa.eu/esco/occupation/9e285322-2cfa-430f-9b66-41be57d698e2', 'http://data.europa.eu/esco/occupation/a74f6c51-37e5-423e-aa5b-044e98663027', 'http://data.europa.eu/esco/occupation/e9507d34-c70f-474f-a4a3-d2cbfe50f6e9', 'http://data.europa.eu/esco/occupation/fe0fa514-b48d-4a53-9757-a283c0baacf0', 'http://data.europa.eu/esco/isco/C1120', 'http://data.europa.eu/esco/isco/C214']"
3960,WEB DEVELOPER,"FactSet Digital Solutions is a provider and operator of customized financial market information systems. The group provides solutions for reporting and analysis of financial market data to approximately 250 banks, financial service providers and media companies in Europe and the US, both for their employees and end customers. The services include conception, design, development and operation of solutions over the Internet as well as intranets. Professional Consulting (based in Athens, Greece) is one of FactSet’s development partners for web based solutions.
We are looking for motivated web-developers for applications who will make financial data obvious.
Is web-development your passion? Are you keen on creating websites even in your spare time? Do you find advanced technology and new methods attractive? Can you deal with JavaScript, PHP and keep up with all the fast-paced improvements and innovations in modern Web Development? Does the continuous improvement of existing functions appeal to you? Then you are exactly what we are seeking!
Must-haves:
* JavaScript
* Vue.js (or prior experience with any other major frontend JS framework like Angular,React)
* PHP
* Symfony (or prior experience with any other major PHP MVC framework like Laravel)
* Object-Oriented Programming (OOP)
* MySQL
* HTML
* CSS
* Git
* English language skills
Nice-to-haves:
* Node.js
* Webpack
* Vuex
* REST
* Additional language skills in the following languages: Italian, German, Spanish, French
We offer:
* Create and innovate by using State-of-the-Art technologies
* Start-up atmosphere combined with a secured job position
* Flexible working times
* Flexible work model
* Home office
* Trainings, workshops
* Flat hierarchies
* Excellent career prospects
* Young, dynamic and independent development team
Salary:

Competitive salary",Mid-level,Full-time,"Athens, Greece",EL,2024-08-23,kariera.gr,164697,,"['http://data.europa.eu/esco/skill/14ee9f76-3524-43d5-8a1a-5ba8283f8bd7', 'http://data.europa.eu/esco/skill/4350c38d-0fe9-4ca7-bab9-40ed7f72b04f', 'http://data.europa.eu/esco/skill/5be3d306-6cf1-4b49-aa1d-01651dd4ba4c', 'http://data.europa.eu/esco/skill/8327754d-3990-4056-b07e-4faa49cfcd26', 'http://data.europa.eu/esco/skill/87219dfe-a21c-4160-8cc8-1eabf9b16b44', 'http://data.europa.eu/esco/skill/88af9294-b697-4687-ae19-aefbb6234dfa', 'http://data.europa.eu/esco/skill/e3c7bd87-edc1-4d9a-a3d5-36415de1aac6', 'http://data.europa.eu/esco/skill/e92f4673-1dec-41ec-b6ec-36fef226359c']",['http://data.europa.eu/esco/occupation/c40a2919-48a9-40ea-b506-1f34f693496d']
43082,Senior Backend Engineer,"- Develop and maintain the backend infrastructure for Quizdom's web and mobile applications
- Collaborate with the frontend development team to ensure seamless integration of the user interface
- Maintain AWS Cloud infrastructure and handle code base deployments
- Optimize the performance and scalability of the backend systems to handle increasing user traffic
- Implement and integrate APIs, authentication systems, and other external services
- Troubleshoot and debug issues to ensure system stability and reliability
- Conduct code reviews and provide constructive feedback to team members
- Stay up-to-date with industry trends and technologies, and propose innovative solutions for continuous improvement



Requirements

- 5+ years experience in a similar role
- Proven experience as a Backend Developer or similar role
- Strong programming skills in Node.js
- Solid knowledge of database systems, SQL, and NoSQL
- Experience with AWS Cloud
- Understanding of cloud computing and virtualization technologies
- Excellent problem-solving and communication skills
- Ability to work effectively in a fast-paced startup environment
- Strong ability to learn new technologies and adapt to changing requirements
- Experience with agile methodologies (Scrum, Kanban) is a plus
- Knowledge of quiz or game development is a plus



Benefits


Training & Development
Performance Bonus
Laptop",Senior,Full-time,"Athens, Greece",EL,2024-09-11,kariera.gr,169341,,"['http://data.europa.eu/esco/skill/0550431f-9c8b-4204-9c45-59bc5feacf06', 'http://data.europa.eu/esco/skill/517f678e-001b-4985-acb4-9edc3500d74c', 'http://data.europa.eu/esco/skill/598de5b0-5b58-4ea7-8058-a4bc4d18c742', 'http://data.europa.eu/esco/skill/76ef6ed3-1658-4a1a-9593-204d799c6d0c', 'http://data.europa.eu/esco/skill/8ff015a0-98ea-4d80-a23e-1f68110a919e', 'http://data.europa.eu/esco/skill/a8797f21-1af0-4c5e-98ca-bf1442929363', 'http://data.europa.eu/esco/skill/ac802765-4098-4466-ac1e-4791f192c667', 'http://data.europa.eu/esco/skill/ae4f0cc6-e0b9-47f5-bdca-2fc2e6316dce', 'http://data.europa.eu/esco/skill/b8c01891-e3df-4a4b-948d-95b45e1788f5', 'http://data.europa.eu/esco/skill/bd14968e-e409-45af-b362-3495ed7b10e0', 'http://data.europa.eu/esco/skill/dbc538a0-7d1d-4394-b2f6-8fae44a55d86']","['http://data.europa.eu/esco/occupation/2ed56c3f-61d6-4f7e-9ef8-8849eb102e4c', 'http://data.europa.eu/esco/occupation/2fb96c6c-8d0b-4ef0-b1ee-3e493305e4eb', 'http://data.europa.eu/esco/occupation/6cd08cbe-7611-4d70-8886-6c59c0385442', 'http://data.europa.eu/esco/occupation/866c7813-2c03-47d7-9bdc-192cfbace57c', 'http://data.europa.eu/esco/isco/C2424']"
43091,Frontend Developer,"We're driving digital transformation across Akelius globally and beyond.Join our Agile team focused on business applications,utilising a cutting-edge tech stack including Kotlin,Java, and Node.js on Azure Kubernetes clusters.
Our frontend solutions are powered by Angular,connected seamlessly through REST and GraphQL APIs,ensuring robust, maintainable code.who you are

you're proficient in Angular and Node.js, with a strong grasp of responsive design and cross-browser compatibility
an agile thinker who thrives in collaborative environments, eager to mentor and learn from your peers
while experience with Strapi CMS is a plus, your fluency in English is essential

our technology stack

Java, Kotlin, Node.js with TypeScript
Angular, Ionic
Microsoft Azure, Kubernetes, Docker
MongoDB, Kafka, PostgreSQL
Auth0, ElasticSearch
GitHub, Jira, Confluence
continuous integration, deployment tools

why Akelius
As an employee at Akelius, you will get

a unique position in an international and dynamic environment
the chance to be a key player in a growing, highly skilled team
a collaborative environment fostered by our kind and smart colleagues, representing more than twenty nationalities
team and company events
Biennale, a company outing every two years which is a mix of education, culture, activity and fun
competitive compensation package
sport allowance and flexible working hours
21 days of annual holidays
13th salary and medical insurance
bright and modern offices in the heart of Nicosia
open kitchen area where you can cook, along with free drinks, snacks and fruit
access to free parking at or near the office
attractive relocation package if needed

about usIn cooperation with UNICEF,we are developing a language learning application.You can find it here https://languages.akelius.com/Currently, the language course is available in eleven languages, Swedish, English, Greek, French, Italian, Spanish, German, Portuguese, Russian, Arabic, and Polish.
please note Job applications are carefully screened,and only successful candidates will be contacted.All applications will be treated in strictconfidence and ensuring GDPR compliance.",Mid-level,Full-time,"Nicosia, Greece",EL,2024-09-11,kariera.gr,169031,,"['http://data.europa.eu/esco/skill/14ee9f76-3524-43d5-8a1a-5ba8283f8bd7', 'http://data.europa.eu/esco/skill/19a8293b-8e95-4de3-983f-77484079c389', 'http://data.europa.eu/esco/skill/1d86f05e-e9cc-40ce-99d8-2b21cc71b16b', 'http://data.europa.eu/esco/skill/1ffac4ac-fda7-407d-8ed1-ca8f4a8dc146', 'http://data.europa.eu/esco/skill/7ee51257-8947-4b69-9bdf-322baf0a6398', 'http://data.europa.eu/esco/skill/867137fb-ff1b-4ca3-99f3-cb6969aa2c68', 'http://data.europa.eu/esco/skill/a8d07b5a-c1a1-42c6-9d53-db9c7a2ca996', 'http://data.europa.eu/esco/skill/b8df1689-6763-437d-bfca-fe03d43f36c3', 'http://data.europa.eu/esco/skill/dba46f87-0831-49cd-a1c7-340a653c0221', 'http://data.europa.eu/esco/skill/ea4ebfa1-e17a-4416-ac54-955f33e6ade7', 'http://data.europa.eu/esco/skill/f3e9b964-0c2d-46c4-a895-8b3583054d69']",['http://data.europa.eu/esco/occupation/1b38a27d-ef98-4d9f-b1b2-8c109bf47e79']
43903,.NET Developer,"Role and Responsibilities:Develop and maintain Windows applications using C#, WPF or WinUI.
Required Skills and Qualifications::

Proficiency in C# and .NET platform.
Experience with WPF and/or WinUI.
Knowledge of XAML and MVVM pattern.
Familiarity with version control systems like Git.

Preferred Qualifications:

Experience with additional frontend technologies such as HTML, CSS, and JavaScript.
Familiarity with agile development methodologies and practices.

Benefits

Pleasant and friendly environment
Development potential",Senior,Full-time,"Argyroupoli, Greece",EL,2024-09-11,kariera.gr,169393,,"['http://data.europa.eu/esco/skill/9d2e926f-53d9-41f5-98f3-19dfaa687f3f', 'http://data.europa.eu/esco/skill/dba46f87-0831-49cd-a1c7-340a653c0221']",[]
43904,"Senior Manager, Frontend Development, Web Publishing","Why Patients Need You
Technology impacts everything we do. Pfizer's digital and 'data first' strategy focuses on implementing impactful and innovative technology solutions across all functions from research to manufacturing. Whether you are digitizing drug discovery and development, identifying solutions, or making our work easier and faster, you will be making a difference to countless lives.
What You Will Achieve
Your technical skills will help us develop and support robust software for our business. Due to your expertise, you will develop program logic for new applications and modify existing ones. You will support a range of activities, such as coding, testing, debugging, documentation, implementation and maintenance of software applications for Pfizer.As a Senior Manager, your advanced knowledge of the principles and concepts in the discipline and comprehensive knowledge of other disciplines will enable you to lead complex projects across the division. Your ability to develop and manage plans will facilitate in achieving objectives, interpreting internal and external business challenges and recommending best practices for improvements. While managing complex project environments, you will be able to anticipate and troubleshoot roadblocks and influence teams to achieve targets for the division.It is your hard work and focus that will help in making Pfizer ready to achieve new milestones and help patients across the globe.
How You Will Achieve It

Develop ideas and lead frontend web initiatives and processes across platform teams.
Use knowledge of industry, customer requirements and general business environment to enable delivery of projects and programs, leveraging both standard commercial roadmap patterns as well as innovative technologies across a range of systems disciplines.
Help coordinate the creation of technical designs and implementation plans.
Well versed in agile principles and able to lead software engineers in this area.
Help guide technical objectives for one or more teams with ongoing work activities across all commercial business units within a product grouping and portfolio of projects.
Assist with release management of related platforms.
Work with the infrastructure and shared service organizations to procure and manage stable application platforms.
Establish relationships with customers and members of the project delivery team and liaises between our customers and technical members of the project team.
Work in a matrixed team environment with Pfizer colleagues as well as vendor partners by participating in vendor management activities.
Embed Continuous Improvement and automation into daily work and develop a DevOps culture in the team.





Qualifications
Must-Have

Bachelor's Degree
7+ years' experience
Demonstrated experience as an information technology professional in roles such as a frontend developer.
Proven experience working with business teams developing and delivering strategy and operating plans with demonstrated competency in strategic thinking, and relationship management
Experience working with distributed teams of contract or colleague resources
Ability to take a systematic approach to estimation of technical project
Exhibits a high level of business knowledge and understanding of the external marketplace and anticipates business line or sub-function customer requirements
Ability to lead in a complex, matrix environment with geographically distributed resources
Good interpersonal and communication skills with the ability to establish relationships, influence outcomes, and deliver effective presentations to a variety of audiences
Expertise in setting up and maintaining robust testing environments using tools like Jest, Mocha, and Cypress.
Thorough knowledge of WCAG 2.1 guidelines, with hands-on experience in implementing and auditing accessibility features.
Strong experience in integrating frontend codebases into CI/CD pipelines using GitHub Actions.
Advanced skills in optimizing web performance by implementing lazy loading, code splitting, tree shaking, and asset minification.
Expertise in monitoring and optimizing Core Web Vitals such as Largest Contentful Paint (LCP), First Input Delay (FID), and Cumulative Layout Shift (CLS).

 
Nice-to-Have

Master's degree
Relevant pharmaceutical industry experience
Proven progressive experience as an Information Technology professional, preferably in a pharmaceutical industry
Knowledge of system integrations
Experience in legal technology space

Pfizer is an equal opportunity employer and complies with all applicable equal employment opportunity legislation in each jurisdiction in which it operates.",Senior,Full-time,"Thessaloniki, Greece",EL,2024-09-11,kariera.gr,169436,,"['http://data.europa.eu/esco/skill/0e0c9c11-b39e-43cf-ba95-2fe646f5de64', 'http://data.europa.eu/esco/skill/2239694b-771a-4586-8b54-2794e361a9ae', 'http://data.europa.eu/esco/skill/2522a6ce-3202-4ac8-9f5b-b9cb5a3a83a1', 'http://data.europa.eu/esco/skill/2c4e11ef-da18-4e19-816b-e6bc19e12424', 'http://data.europa.eu/esco/skill/385479b7-5da5-4367-9763-0d15b41bb65b', 'http://data.europa.eu/esco/skill/44da96fe-26a3-4a32-9a0f-c49614bb7298', 'http://data.europa.eu/esco/skill/609a8ac1-9d29-4237-9886-596dbbe7ca8a', 'http://data.europa.eu/esco/skill/6823f965-fcf8-4728-a0f6-18344c5b41c1', 'http://data.europa.eu/esco/skill/6c870993-9341-438b-91c0-c7fe4f96d8f5', 'http://data.europa.eu/esco/skill/9a98c30f-fac7-401d-b2a0-852c2f00aae3', 'http://data.europa.eu/esco/skill/be64bb4c-84ac-4c83-8cc7-fc8593e15136', 'http://data.europa.eu/esco/skill/c4b1f326-224a-420a-b8b3-814a8f13b6cb', 'http://data.europa.eu/esco/skill/ccb2e5f2-4279-48fd-9d85-a1db42ff1e13', 'http://data.europa.eu/esco/skill/dba46f87-0831-49cd-a1c7-340a653c0221', 'http://data.europa.eu/esco/skill/ed8de897-adbe-4f0e-b4d2-534953e64c72', 'http://data.europa.eu/esco/skill/f08e2bd6-0366-4948-a670-1f03f130126f', 'http://data.europa.eu/esco/skill/f0de4973-0a70-4644-8fd4-3a97080476f4', 'http://data.europa.eu/esco/skill/f5dd06b8-5d17-4932-9d03-957d0c4f5051']","['http://data.europa.eu/esco/occupation/00030d09-2b3a-4efd-87cc-c4ea39d27c34', 'http://data.europa.eu/esco/occupation/4f49df98-98b8-4a9e-98ad-9c5557817eba', 'http://data.europa.eu/esco/occupation/53cdd34e-22f2-41bd-b3c7-de22bf9bbcae', 'http://data.europa.eu/esco/occupation/771955d9-e988-47f3-b60f-207adb2cd571', 'http://data.europa.eu/esco/occupation/866c7813-2c03-47d7-9bdc-192cfbace57c', 'http://data.europa.eu/esco/occupation/8cb59bc4-1f39-477e-beea-effed12d186c', 'http://data.europa.eu/esco/occupation/cc867bee-ab5c-427f-9244-f7a204d9574b', 'http://data.europa.eu/esco/occupation/d515e82a-ca9f-4be4-9823-33694dff7304', 'http://data.europa.eu/esco/occupation/d96de969-d43d-4082-8559-7fc35484a217', 'http://data.europa.eu/esco/occupation/e2a495fb-68a3-46f9-8753-6ce566a7a085', 'http://data.europa.eu/esco/isco/C261']"
45614,Frontend Engineer (Angular) Mid-Senior,"Company DescriptionWe are Netcompany-Intrasoft, a member of Netcompany Group A/S, and a leading European IT Solutions and Services company with strong international presence and expertise, dedicated to responsible digitalisation. We offer innovative and added-value solutions of the highest quality to a wide range of public and private organizations, while being a key-player in the EU Institutions for the past 30 years. We hold an outstanding record of 500+ organizations in 70+ countries, that have chosen our solutions and services, to fulfil their business needs. Our team of 3500+ professionals is our driving force and our most valuable asset.Job DescriptionEver wondered what it feels like to be a Front End Developer (Angular) in Netcompany-Intrasoft? As a Front-end Developer, you will be a member of team responsible for designing, developing and testing in order to create software solutions aligned to the needs of the business and external customers. The role requires developed and strong foundation of web-development skills and good knowledge of relevant technologies.As a Frontend Developer you will:Able to take ownership, accountability and initiativeDetail-driven, able to take constructive criticismStrong analytical-thinker and problem-solverCommunicative and team playerQualificationsWhat would make you a fit for the role:University degree in Computer Science or Electrical EngineeringAt least 2 years of Javascript experienceAt least 1 year of Angular (version 2 or greater) development experience, or some other relevant framework (Backbone.js, AngularJS, viewJS, react)Knowledge of the interaction between JavaScript, HTML and CSS.Ability to create, modify, and style elements on a page with ease and can also do this dynamicallyAbility to analyse visual designs into design patternsStrong knowledge in MVC ArchitectureKnowledge of version control softwareExperience consuming RESTful API'sGood command of the English Language (written & verbal)It would also be a plus if you match some of the following:Cross browser experience, working with backwards compatibility with graceful degradationExperience in Bootstrap and responsive web application developmentFamiliarity with backend development, understanding application layersExperience writing RESTful API's and fully understanding the RESTful architecture and goalsA background in design or appreciation of good design and UXExperience with SQL and being comfortable with querying databaseAdditional InformationBeing a part of the Netcompany-Ιntrasoft team, you will be provided with: The opportunity to work in a modern environment & in a hybrid working modelA seamless onboarding experience and a buddy to support you on your first stepsA competitive compensation & benefits packageHealth and life insurance programMeal and commuting allowanceWell-being activities (on premises)Continuous learning opportunities using the most modern methods (unlimited access to Udemy for Business, ad-hoc trainings)A personalized development plan for targeted career growthIf you are looking forward to be part of a diverse environment, and have the opportunity to work alongside well-experienced professionals, on challenging, large-scale projects that directly impact millions of citizens around the globe, then this is the place to be!Join Netcompany-Intrasoft Thessaloniki's branch, and be part of our 250+ tech enthusiasts team!Our cultureOur people are the most important element of our success. Our work life is well defined by our set of fundamental Values: https://netcompany.com/careers/greece/our-values/ #BePartOfSomethingGreat!Please submit your CV in English. All applications will be treated as strictly confidential.We ensure equal opportunities, treatment, and consideration to all candidates. Discrimination based on sex, racial or ethnic origin, religion or belief, disability, age, sexual orientation or marital status, physical or mental disability, or any other factor protected by applicable laws and regulations is prohibited. As part of the Netcompany-Intrasoft culture, we respect human rights and focus on creating a positive workplace, where all employees are valued, and where diversity and inclusion are a vital part of our our everyday working experience.",,Full-time,"Thessaloniki, Greece",EL,2024-09-13,kariera.gr,170023,,"['http://data.europa.eu/esco/skill/0af062de-eb43-41e9-9b96-249e2cd22d26', 'http://data.europa.eu/esco/skill/23ac233d-84ad-4517-b0f5-8ca19ba2614e', 'http://data.europa.eu/esco/skill/598de5b0-5b58-4ea7-8058-a4bc4d18c742', 'http://data.europa.eu/esco/skill/8f6ed69b-29d0-4c01-81ba-f05920a185f3', 'http://data.europa.eu/esco/skill/fc4fcb4b-993f-4f2c-b158-c2171ec18ed8']","['http://data.europa.eu/esco/occupation/719f101d-1866-49d3-8d5c-2256f606a8b9', 'http://data.europa.eu/esco/occupation/874a2080-a9b6-46a9-8662-c9b7d4208f73', 'http://data.europa.eu/esco/occupation/c40a2919-48a9-40ea-b506-1f34f693496d']"
45615,Frontend Engineer (Angular) Mid-Senior,"Company DescriptionWe are Netcompany-Intrasoft, a member of Netcompany Group A/S, and a leading European IT Solutions and Services company with strong international presence and expertise, dedicated to responsible digitalisation. We offer innovative and added-value solutions of the highest quality to a wide range of public and private organizations, while being a key-player in the EU Institutions for the past 30 years. We hold an outstanding record of 500+ organizations in 70+ countries, that have chosen our solutions and services, to fulfil their business needs. Our team of 3500+ professionals is our driving force and our most valuable asset.Job DescriptionEver wondered what it feels like to be a Front End Developer (Angular) in Netcompany-Intrasoft? As a Front-end Developer, you will be a member of team responsible for designing, developing and testing in order to create software solutions aligned to the needs of the business and external customers. The role requires developed and strong foundation of web-development skills and good knowledge of relevant technologies.As a Frontend Developer you will:Able to take ownership, accountability and initiativeDetail-driven, able to take constructive criticismStrong analytical-thinker and problem-solverCommunicative and team playerQualificationsWhat would make you a fit for the role:University degree in Computer Science or Electrical EngineeringAt least 2 years of Javascript experienceAt least 1 year of Angular (version 2 or greater) development experience, or some other relevant framework (Backbone.js, AngularJS, viewJS, react)Knowledge of the interaction between JavaScript, HTML and CSS.Ability to create, modify, and style elements on a page with ease and can also do this dynamicallyAbility to analyse visual designs into design patternsStrong knowledge in MVC ArchitectureKnowledge of version control softwareExperience consuming RESTful API'sGood command of the English Language (written & verbal)It would also be a plus if you match some of the following:Cross browser experience, working with backwards compatibility with graceful degradationExperience in Bootstrap and responsive web application developmentFamiliarity with backend development, understanding application layersExperience writing RESTful API's and fully understanding the RESTful architecture and goalsA background in design or appreciation of good design and UXExperience with SQL and being comfortable with querying databaseAdditional InformationBeing a part of the Netcompany-Ιntrasoft team, you will be provided with: The opportunity to work in a modern environment & in a hybrid working modelA seamless onboarding experience and a buddy to support you on your first stepsA competitive compensation & benefits packageHealth and life insurance programMeal and commuting allowanceWell-being activities (on premises)Continuous learning opportunities using the most modern methods (unlimited access to Udemy for Business, ad-hoc trainings)A personalized development plan for targeted career growthIf you are looking forward to be part of a diverse environment, and have the opportunity to work alongside well-experienced professionals, on challenging, large-scale projects that directly impact millions of citizens around the globe, then this is the place to be!Join Netcompany-Intrasoft Patras' branch, and be part of our 150+ tech enthusiasts team!Our cultureOur people are the most important element of our success. Our work life is well defined by our set of fundamental Values: https://netcompany.com/careers/greece/our-values/ #BePartOfSomethingGreat!Please submit your CV in English. All applications will be treated as strictly confidential.We ensure equal opportunities, treatment, and consideration to all candidates. Discrimination based on sex, racial or ethnic origin, religion or belief, disability, age, sexual orientation or marital status, physical or mental disability, or any other factor protected by applicable laws and regulations is prohibited. As part of the Netcompany-Intrasoft culture, we respect human rights and focus on creating a positive workplace, where all employees are valued, and where diversity and inclusion are a vital part of our our everyday working experience.",,Full-time,"Patra, Greece",EL,2024-09-13,kariera.gr,170022,,"['http://data.europa.eu/esco/skill/0af062de-eb43-41e9-9b96-249e2cd22d26', 'http://data.europa.eu/esco/skill/23ac233d-84ad-4517-b0f5-8ca19ba2614e', 'http://data.europa.eu/esco/skill/598de5b0-5b58-4ea7-8058-a4bc4d18c742', 'http://data.europa.eu/esco/skill/8f6ed69b-29d0-4c01-81ba-f05920a185f3', 'http://data.europa.eu/esco/skill/fc4fcb4b-993f-4f2c-b158-c2171ec18ed8']","['http://data.europa.eu/esco/occupation/719f101d-1866-49d3-8d5c-2256f606a8b9', 'http://data.europa.eu/esco/occupation/874a2080-a9b6-46a9-8662-c9b7d4208f73', 'http://data.europa.eu/esco/occupation/c40a2919-48a9-40ea-b506-1f34f693496d']"
53624,Angular Frontend Software Developer,"Description:
Primary responsibilities and duties
The Angular Frontend Software Developer is responsible for:

Collaborating with an international team of developers to design and implement custom applications
Contributing to all phases of the development lifecycle
Understanding business requirements and transforming them into software solutions
Troubleshooting and upgrading existing custom applications
Writing clean, reliable and maintainable code
Participating in code reviews to ensure code quality and share knowledge
Performing functional and regression testing
Contributing to and maintaining technical documentation
Contributing to continuous improvement of our software and processes

 
Experience

3+ years as an Angular developer

Competencies

Angular 15, TypeScript
HTML5, CSS3, JavaScript
Bootstrap 4, Angular Material
Java & Java frameworks, REST API development (considered a plus)
Microsoft Azure application development (considered a plus)
Git
SQL (intermediate)
Fluent in written and spoken English
Strong collaboration and communication skills
Knowledge of software engineering best practices across the development lifecycle
Strong analytical and problem-solving skills

Qualifications

BSc in Computer Science or Engineering",Mid-level,Full-time,"Glyfada, Greece",EL,2024-09-20,kariera.gr,171379,,"['http://data.europa.eu/esco/skill/09f2f811-a3fb-4de3-a70f-6420a6935575', 'http://data.europa.eu/esco/skill/0ee94c0a-3716-494a-95a2-dcbab9e58be2', 'http://data.europa.eu/esco/skill/385479b7-5da5-4367-9763-0d15b41bb65b', 'http://data.europa.eu/esco/skill/867137fb-ff1b-4ca3-99f3-cb6969aa2c68', 'http://data.europa.eu/esco/skill/adc6dc11-3376-467b-96c5-9b0a21edc869']","['http://data.europa.eu/esco/occupation/5fd2980e-22c4-4ace-a394-190c76f4f539', 'http://data.europa.eu/esco/occupation/6cd08cbe-7611-4d70-8886-6c59c0385442', 'http://data.europa.eu/esco/isco/C214']"
53652,Frontend Developer,"InKotsovolos we embrace everything you have to offer.  Join our team and let's #beMORE together! In numbers  3.000+ Kpeople | 90+ stores | 2 modern training centers | 53.000+ hours of training per year Our goal  Planning our future and through latest technologies and innovation, make our lives better Your everyday work-life  • Write well structured, testable, performant and secure code • Be involved in the overall application lifecycle • Identify bottlenecks and bugs in front-end code, find solutions to minimize customer impact • Be actively involved in all team ceremonies, weekly sprints and retrospectives • Work closely with product managers and other disciplines, such as the back end developers (our back end is a collection of services developed in NodeJS and Java) • Passionate about authoring UI components that improve User ExperienceAs an ideal fit, you should have  • Minimum 3+ years of practical experience  • Good foundations in Web Technologies - HTML, CSS, JavaScript • Experience with React.js or similar frameworks like Vue and Angular are considered a plus • A broad knowledge of the web platform as a whole - HTML5, CSS3, JavaScript / Typescript, HTTP/S, web performance, web security • BSc/MSc in Computer Science, Engineering or a related field • Good knowledge of Git • Strong communication and interpersonal skills  • Strong troubleshooting and problem solving skills • Analytical mindset and accountability What we offer  • Continuous training in new technologies and tools  • Career development and growth opportunities  • Competitive bonus scheme, performance-based  • Group health/medical insurance package  • Discounts on our company's products  • Hybrid working model  • Internal wellbeing actions Join #teamKotsovolos and be part of a team that promotes new technologies, loves to evolve, embraces diversity and is next to society.",,Full-time,"Heraklion, Greece",EL,2024-09-20,kariera.gr,171464,,"['http://data.europa.eu/esco/skill/1ffac4ac-fda7-407d-8ed1-ca8f4a8dc146', 'http://data.europa.eu/esco/skill/2fb8480e-de3c-462b-b169-e8bbb344da68', 'http://data.europa.eu/esco/skill/4707da90-9cfc-46ca-8de0-38a0b7bfb137', 'http://data.europa.eu/esco/skill/867137fb-ff1b-4ca3-99f3-cb6969aa2c68']","['http://data.europa.eu/esco/occupation/8a0afc76-4a09-449a-9e7b-a33495889f95', 'http://data.europa.eu/esco/isco/C214']"
59892,Senior Java Web Developer,"Executive Level Team on behalf of its client,the leading e-commerce and omnichannel retailer in Greece, is looking for a Senior Java Web Developer for its growing team. 
 
Senior Java Web Developer
The Senior Java Web Developer will participate in the full lifecycle of development of the company’s websites and a series of supporting applications. He will work closely with other units in order to identify their technical needs and provide solutions.
 
Requirements:

5+ years of related experience preferred
Experience with Java/JEE, Spring Framework and JSP
Experience with SQL and NoSQL Databases
Familiarity integrating with Rest API’’s and WebServices
Experience with GIT
University degree in Computer Science, Engineering, or related scientific field preferred
Ability of problem identification and resolution
Teamwork and great communication skills
Excellent command of the English language

Nice to have:

Experience with Oracle Commerce (ATG)
Familiar with Unit Testing
Experience with Javascript Frontend Frameworks (Angular.js, jQuery, Backbone.js, Node.js)
Passion for good results, dynamic and enthusiastic personality
Participation in agile teams (scrum or Kanban)
Experience with JIRA",Mid-level,Full-time,"Athens, Greece",EL,2024-09-24,kariera.gr,172072,,"['http://data.europa.eu/esco/skill/19a8293b-8e95-4de3-983f-77484079c389', 'http://data.europa.eu/esco/skill/76ef6ed3-1658-4a1a-9593-204d799c6d0c', 'http://data.europa.eu/esco/skill/f84a433f-34f1-4083-b0a3-24802623509c']","['http://data.europa.eu/esco/occupation/8cb59bc4-1f39-477e-beea-effed12d186c', 'http://data.europa.eu/esco/occupation/c40a2919-48a9-40ea-b506-1f34f693496d', 'http://data.europa.eu/esco/isco/C214']"
61947,Frontend Engineer (Angular) Mid-Senior,"Company DescriptionWe are Netcompany-Intrasoft, a member of Netcompany Group A/S, and a leading European IT Solutions and Services company with strong international presence and expertise, dedicated to responsible digitalisation. We offer innovative and added-value solutions of the highest quality to a wide range of public and private organizations, while being a key-player in the EU Institutions for the past 30 years. We hold an outstanding record of 500+ organizations in 70+ countries, that have chosen our solutions and services, to fulfil their business needs. Our team of 3500+ professionals is our driving force and our most valuable asset.Job DescriptionEver wondered what it feels like to be a Front End Developer (Angular) in Netcompany-Intrasoft? As a Front-end Developer, you will be a member of team responsible for designing, developing and testing in order to create software solutions aligned to the needs of the business and external customers. The role requires developed and strong foundation of web-development skills and good knowledge of relevant technologies.As a Frontend Developer you will:Able to take ownership, accountability and initiativeDetail-driven, able to take constructive criticismStrong analytical-thinker and problem-solverCommunicative and team playerQualificationsWhat would make you a fit for the role:University degree in Computer Science or Electrical EngineeringAt least 2 years of Javascript experienceAt least 1 year of Angular (version 2 or greater) development experience, or some other relevant framework (Backbone.js, AngularJS, viewJS, react)Knowledge of the interaction between JavaScript, HTML and CSS.Ability to create, modify, and style elements on a page with ease and can also do this dynamicallyAbility to analyse visual designs into design patternsStrong knowledge in MVC ArchitectureKnowledge of version control softwareExperience consuming RESTful API'sGood command of the English Language (written & verbal)It would also be a plus if you match some of the following:Cross browser experience, working with backwards compatibility with graceful degradationExperience in Bootstrap and responsive web application developmentFamiliarity with backend development, understanding application layersExperience writing RESTful API's and fully understanding the RESTful architecture and goalsA background in design or appreciation of good design and UXExperience with SQL and being comfortable with querying databaseAdditional InformationBeing a part of the Netcompany-Ιntrasoft team, you will be provided with: The opportunity to work in a modern environment & in a hybrid working modelA seamless onboarding experience and a buddy to support you on your first stepsA competitive compensation & benefits packageHealth and life insurance programMeal and commuting allowanceWell-being activities (on premises)Continuous learning opportunities using the most modern methods (unlimited access to Udemy for Business, ad-hoc trainings)A personalized development plan for targeted career growthIf you are looking forward to be part of a diverse environment, and have the opportunity to work alongside well-experienced professionals, on challenging, large-scale projects that directly impact millions of citizens around the globe, then this is the place to be!By joining Netcompany-Intrasoft Athens, you will be part of a vivid team of 2000+ tech enthusiasts. When at the office you will have the chance to work at our brand-new, state-of-the-art, sustainable offices, located in 3 different spots in Athens!Our cultureOur people are the most important element of our success. Our work life is well defined by our set of fundamental Values: https://netcompany.com/careers/greece/our-values/ #BePartOfSomethingGreat!Please submit your CV in English. All applications will be treated as strictly confidential.We ensure equal opportunities, treatment, and consideration to all candidates. Discrimination based on sex, racial or ethnic origin, religion or belief, disability, age, sexual orientation or marital status, physical or mental disability, or any other factor protected by applicable laws and regulations is prohibited. As part of the Netcompany-Intrasoft culture, we respect human rights and focus on creating a positive workplace, where all employees are valued, and where diversity and inclusion are a vital part of our our everyday working experience.",,Full-time,"Athens, Greece",EL,2024-09-26,kariera.gr,172786,,"['http://data.europa.eu/esco/skill/0af062de-eb43-41e9-9b96-249e2cd22d26', 'http://data.europa.eu/esco/skill/23ac233d-84ad-4517-b0f5-8ca19ba2614e', 'http://data.europa.eu/esco/skill/598de5b0-5b58-4ea7-8058-a4bc4d18c742', 'http://data.europa.eu/esco/skill/8f6ed69b-29d0-4c01-81ba-f05920a185f3', 'http://data.europa.eu/esco/skill/fc4fcb4b-993f-4f2c-b158-c2171ec18ed8']","['http://data.europa.eu/esco/occupation/719f101d-1866-49d3-8d5c-2256f606a8b9', 'http://data.europa.eu/esco/occupation/874a2080-a9b6-46a9-8662-c9b7d4208f73', 'http://data.europa.eu/esco/occupation/c40a2919-48a9-40ea-b506-1f34f693496d']"
61949,Frontend Engineer (Angular) Mid-Senior,"Company DescriptionWe are Netcompany-Intrasoft, a member of Netcompany Group A/S, and a leading European IT Solutions and Services company with strong international presence and expertise, dedicated to responsible digitalisation. We offer innovative and added-value solutions of the highest quality to a wide range of public and private organizations, while being a key-player in the EU Institutions for the past 30 years. We hold an outstanding record of 500+ organizations in 70+ countries, that have chosen our solutions and services, to fulfil their business needs. Our team of 3500+ professionals is our driving force and our most valuable asset.Job DescriptionEver wondered what it feels like to be a Front End Developer (Angular) in Netcompany-Intrasoft? As a Front-end Developer, you will be a member of team responsible for designing, developing and testing in order to create software solutions aligned to the needs of the business and external customers. The role requires developed and strong foundation of web-development skills and good knowledge of relevant technologies.As a Frontend Developer you will:Able to take ownership, accountability and initiativeDetail-driven, able to take constructive criticismStrong analytical-thinker and problem-solverCommunicative and team playerQualificationsWhat would make you a fit for the role:University degree in Computer Science or Electrical EngineeringAt least 2 years of Javascript experienceAt least 1 year of Angular (version 2 or greater) development experience, or some other relevant framework (Backbone.js, AngularJS, viewJS, react)Knowledge of the interaction between JavaScript, HTML and CSS.Ability to create, modify, and style elements on a page with ease and can also do this dynamicallyAbility to analyse visual designs into design patternsStrong knowledge in MVC ArchitectureKnowledge of version control softwareExperience consuming RESTful API'sGood command of the English Language (written & verbal)It would also be a plus if you match some of the following:Cross browser experience, working with backwards compatibility with graceful degradationExperience in Bootstrap and responsive web application developmentFamiliarity with backend development, understanding application layersExperience writing RESTful API's and fully understanding the RESTful architecture and goalsA background in design or appreciation of good design and UXExperience with SQL and being comfortable with querying databaseAdditional InformationBeing a part of the Netcompany-Ιntrasoft team, you will be provided with: The opportunity to work in a modern environment & in a hybrid working modelA seamless onboarding experience and a buddy to support you on your first stepsA competitive compensation & benefits packageHealth and life insurance programMeal and commuting allowanceWell-being activities (on premises)Continuous learning opportunities using the most modern methods (unlimited access to Udemy for Business, ad-hoc trainings)A personalized development plan for targeted career growthIf you are looking forward to be part of a diverse environment, and have the opportunity to work alongside well-experienced professionals, on challenging, large-scale projects that directly impact millions of citizens around the globe, then this is the place to be!Join Netcompany-Intrasoft Patras' branch, and be part of our 150+ tech enthusiasts team!Our cultureOur people are the most important element of our success. Our work life is well defined by our set of fundamental Values: https://netcompany.com/careers/greece/our-values/ #BePartOfSomethingGreat!Please submit your CV in English. All applications will be treated as strictly confidential.We ensure equal opportunities, treatment, and consideration to all candidates. Discrimination based on sex, racial or ethnic origin, religion or belief, disability, age, sexual orientation or marital status, physical or mental disability, or any other factor protected by applicable laws and regulations is prohibited. As part of the Netcompany-Intrasoft culture, we respect human rights and focus on creating a positive workplace, where all employees are valued, and where diversity and inclusion are a vital part of our our everyday working experience.",,Full-time,"Patra, Greece",EL,2024-09-26,kariera.gr,172783,,"['http://data.europa.eu/esco/skill/0af062de-eb43-41e9-9b96-249e2cd22d26', 'http://data.europa.eu/esco/skill/23ac233d-84ad-4517-b0f5-8ca19ba2614e', 'http://data.europa.eu/esco/skill/598de5b0-5b58-4ea7-8058-a4bc4d18c742', 'http://data.europa.eu/esco/skill/8f6ed69b-29d0-4c01-81ba-f05920a185f3', 'http://data.europa.eu/esco/skill/fc4fcb4b-993f-4f2c-b158-c2171ec18ed8']","['http://data.europa.eu/esco/occupation/719f101d-1866-49d3-8d5c-2256f606a8b9', 'http://data.europa.eu/esco/occupation/874a2080-a9b6-46a9-8662-c9b7d4208f73', 'http://data.europa.eu/esco/occupation/c40a2919-48a9-40ea-b506-1f34f693496d']"
61951,Frontend Engineer (Angular) Mid-Senior,"Company DescriptionWe are Netcompany-Intrasoft, a member of Netcompany Group A/S, and a leading European IT Solutions and Services company with strong international presence and expertise, dedicated to responsible digitalisation. We offer innovative and added-value solutions of the highest quality to a wide range of public and private organizations, while being a key-player in the EU Institutions for the past 30 years. We hold an outstanding record of 500+ organizations in 70+ countries, that have chosen our solutions and services, to fulfil their business needs. Our team of 3500+ professionals is our driving force and our most valuable asset.Job DescriptionEver wondered what it feels like to be a Front End Developer (Angular) in Netcompany-Intrasoft? As a Front-end Developer, you will be a member of team responsible for designing, developing and testing in order to create software solutions aligned to the needs of the business and external customers. The role requires developed and strong foundation of web-development skills and good knowledge of relevant technologies.As a Frontend Developer you will:Able to take ownership, accountability and initiativeDetail-driven, able to take constructive criticismStrong analytical-thinker and problem-solverCommunicative and team playerQualificationsWhat would make you a fit for the role:University degree in Computer Science or Electrical EngineeringAt least 2 years of Javascript experienceAt least 1 year of Angular (version 2 or greater) development experience, or some other relevant framework (Backbone.js, AngularJS, viewJS, react)Knowledge of the interaction between JavaScript, HTML and CSS.Ability to create, modify, and style elements on a page with ease and can also do this dynamicallyAbility to analyse visual designs into design patternsStrong knowledge in MVC ArchitectureKnowledge of version control softwareExperience consuming RESTful API'sGood command of the English Language (written & verbal)It would also be a plus if you match some of the following:Cross browser experience, working with backwards compatibility with graceful degradationExperience in Bootstrap and responsive web application developmentFamiliarity with backend development, understanding application layersExperience writing RESTful API's and fully understanding the RESTful architecture and goalsA background in design or appreciation of good design and UXExperience with SQL and being comfortable with querying databaseAdditional InformationBeing a part of the Netcompany-Ιntrasoft team, you will be provided with: The opportunity to work in a modern environment & in a hybrid working modelA seamless onboarding experience and a buddy to support you on your first stepsA competitive compensation & benefits packageHealth and life insurance programMeal and commuting allowanceWell-being activities (on premises)Continuous learning opportunities using the most modern methods (unlimited access to Udemy for Business, ad-hoc trainings)A personalized development plan for targeted career growthIf you are looking forward to be part of a diverse environment, and have the opportunity to work alongside well-experienced professionals, on challenging, large-scale projects that directly impact millions of citizens around the globe, then this is the place to be!Join Netcompany-Intrasoft Thessaloniki's branch, and be part of our 250+ tech enthusiasts team!Our cultureOur people are the most important element of our success. Our work life is well defined by our set of fundamental Values: https://netcompany.com/careers/greece/our-values/ #BePartOfSomethingGreat!Please submit your CV in English. All applications will be treated as strictly confidential.We ensure equal opportunities, treatment, and consideration to all candidates. Discrimination based on sex, racial or ethnic origin, religion or belief, disability, age, sexual orientation or marital status, physical or mental disability, or any other factor protected by applicable laws and regulations is prohibited. As part of the Netcompany-Intrasoft culture, we respect human rights and focus on creating a positive workplace, where all employees are valued, and where diversity and inclusion are a vital part of our our everyday working experience.",,Full-time,"Thessaloniki, Greece",EL,2024-09-26,kariera.gr,172785,,"['http://data.europa.eu/esco/skill/0af062de-eb43-41e9-9b96-249e2cd22d26', 'http://data.europa.eu/esco/skill/23ac233d-84ad-4517-b0f5-8ca19ba2614e', 'http://data.europa.eu/esco/skill/598de5b0-5b58-4ea7-8058-a4bc4d18c742', 'http://data.europa.eu/esco/skill/8f6ed69b-29d0-4c01-81ba-f05920a185f3', 'http://data.europa.eu/esco/skill/fc4fcb4b-993f-4f2c-b158-c2171ec18ed8']","['http://data.europa.eu/esco/occupation/719f101d-1866-49d3-8d5c-2256f606a8b9', 'http://data.europa.eu/esco/occupation/874a2080-a9b6-46a9-8662-c9b7d4208f73', 'http://data.europa.eu/esco/occupation/c40a2919-48a9-40ea-b506-1f34f693496d']"
81185,"Director, AI and Data Science Frontend Engineering Lead","Role SummaryDo you want to make an impact on patient health around the world? Do you thrive in a fast-paced environment that brings together scientific, clinical, and commercial domains through engineering, data science, and AI? Then join Pfizer Digital's Artificial Intelligence, Data, and Advanced Analytics organization (AIDA) where you can leverage cutting-edge technology to inform critical business decisions and improve customer experiences for our colleagues, patients and physicians. Our collection of engineering, data science, and AI professionals are at the forefront of Pfizer's transformation into a digitally driven organization that leverages data science and AI to change patients' lives. The Data Science Industrialization team within Data Science Solutions and Initiatives is a critical driver and enabler of Pfizer's digital transformation, leading the process and engineering innovation to rapidly progress early AI and data science applications from prototypes and MVPs to full production.As the AI and Data Science Frontend Engineering Lead, you will be a leader within the Data Science Industrialization team charged with driving the development of web application frontends, particularly those focused on AI use cases. Your responsibilities will span both technical leadership and hands-on development. You will lead a global team and partner with cross-functional business stakeholders and Digital leaders to catalyze identification, design, iterative development, and continuous improvements of web applications that enable use case delivery. Your team will develop best practices and maintain standards for frontend application development. Your team will be accountable to key Pfizer business functions (including Pfizer Biopharma, R&D, PGS, Oncology, and Enabling Functions) for developing Web solutions that support business objectives across all of Pfizer's core business units.



Role Responsibilities

Architecting Solutions: You'll lead the design and architecture of frontend applications, ensuring they align with business goals and technical requirements.
Technical Leadership: Collaborate with cross-functional teams, including backend engineers, product managers, and designers, to define technical roadmaps and prioritize features.
Mentoring and Guidance: Provide guidance to junior frontend developers, fostering a culture of continuous learning and improvement.
Web Development: Create responsive and visually appealing web interfaces using HTML, CSS, and Bootstrap.
JavaScript Webapp Frameworks: Proficiency in both Angular and React is essential. You'll leverage these frameworks to build dynamic and interactive user interfaces.
API Integration: Work closely with backend teams to integrate APIs and ensure seamless data flow between frontend and backend components.
Testing and Optimization: Implement unit tests, end-to-end tests, and performance optimizations to enhance application reliability and speed.
User-Centric Approach: Understand user needs and translate them into intuitive, accessible, and aesthetically pleasing designs.
Collaboration with Designers: Collaborate closely with UI/UX designers to create consistent and delightful user experiences.
Responsive Design: Ensure applications are designed to work seamlessly across various devices and screen sizes.
Enforce coding standards, best practices, and thorough testing (unit, integration, etc.) to ensure reliability and maintainability.
Set a vision, prioritize workstreams, and provide day-to-day leadership, supervision, and mentorship for a global team with technical & functional expertise.
Coach direct reports to adopt best practices, improve technical skills, develop an innovative mindset, and achieve professional growth through technical and organizational thought leadership.




QualificationsMust-Have

Bachelor's degree in computer science, Software Engineering, or engineering related area.
10+ years of work experience as a frontend developer, with a track record of leading successful projects and software that is deployed as building and deploying Web Applications.
2-3 years of hands-on experience leading software engineering teams
Track record of managing stakeholder groups and effecting change
Recognized by peers as an expert in software, with deep expertise in frontend solution architecture, and hands-on development
Expert knowledge of frontend technologies; familiar with Angular, React,HTML/CSS/Bootstrap​.
Deep understanding of digital accessibility and disability inclusion. Experience developing digital products that comply with accessibility standards.
Familiarity with fundamental data science principles. Understanding concepts like data preprocessing, feature engineering, and statistical analysis is essential.
Adept at creating compelling visualizations. Familiarity with tools like Tableau, Power BI, and similar data visualization libraries.
Understands how to synthesize facts and information from varied data sources, both new and pre-existing, into clear insights and perspectives that can be understood by business stakeholders
Clearly articulates expectations, capabilities, and action plans; actively listens with others' frame of reference in mind; appropriately shares information with team; favorably influences people without direct authority
Clearly articulates scope and deliverables of projects; breaks complex initiatives into detailed component parts and sequences actions appropriately; develops action plans and monitors progress independently; designs success criteria and uses them to track outcomes; engages with stakeholders throughout to ensure buy-in
Ability to manage projects from end-to-end, from requirements gathering through implementation, and development of support processes
Demonstrated experience interfacing with internal and external teams to develop innovative frontend solutions
Strong understanding of Software Development Life Cycle (SDLC)
Highly self-motivated to deliver both independently and with strong team collaboration

Pfizer is an equal opportunity employer and complies with all applicable equal employment opportunity legislation in each jurisdiction in which it operates.To apply please visit our website www.pfizercareers.com and search job AI and Data Science Frontend Engineering Lead id 4916364.",Senior,Full-time,"Thessaloniki, Greece",EL,2024-10-07,kariera.gr,174740,,"['http://data.europa.eu/esco/skill/09f2f811-a3fb-4de3-a70f-6420a6935575', 'http://data.europa.eu/esco/skill/1d86f05e-e9cc-40ce-99d8-2b21cc71b16b', 'http://data.europa.eu/esco/skill/1ffac4ac-fda7-407d-8ed1-ca8f4a8dc146', 'http://data.europa.eu/esco/skill/33d49d4f-31ec-473f-9b8a-b555aa5116bb', 'http://data.europa.eu/esco/skill/382c11ed-20d5-4ae7-b60e-15fec527fa6c', 'http://data.europa.eu/esco/skill/3e23db60-0c3d-498a-a6ac-ffbed0ecb033', 'http://data.europa.eu/esco/skill/477173ca-5fc2-406b-9122-95d92811f284', 'http://data.europa.eu/esco/skill/47ac9325-b072-4e37-8e40-e6ffed03e851', 'http://data.europa.eu/esco/skill/54660948-b811-49a9-874c-bf2be5f280a2', 'http://data.europa.eu/esco/skill/65e58886-bd1e-4c5b-8ca5-8d9b353c8aa1', 'http://data.europa.eu/esco/skill/6ad40ca3-dc34-4442-b23f-0b1b28936f56', 'http://data.europa.eu/esco/skill/7bb5d9af-0a7e-48a7-a860-0e1ded0f6e75', 'http://data.europa.eu/esco/skill/87de6e49-ca1c-42a4-8751-5ff0b991966b', 'http://data.europa.eu/esco/skill/a6d728e6-d6ba-424c-ad92-d6831290faf0', 'http://data.europa.eu/esco/skill/a8797f21-1af0-4c5e-98ca-bf1442929363', 'http://data.europa.eu/esco/skill/ad05c2bf-3905-4e4c-bd56-6fcfdebc994c', 'http://data.europa.eu/esco/skill/be64bb4c-84ac-4c83-8cc7-fc8593e15136', 'http://data.europa.eu/esco/skill/c2a0c52c-0b4b-4180-a918-92650ea3b458', 'http://data.europa.eu/esco/skill/c881ddd2-9c0e-4743-bd24-36be650493dd', 'http://data.europa.eu/esco/skill/d52382fe-f236-421f-95fe-34fe69d48dbd', 'http://data.europa.eu/esco/skill/df64a7cc-2e96-4304-95d3-56fe0ac2dd39', 'http://data.europa.eu/esco/skill/edebd83d-35f6-4ed5-a940-6c203d178c01', 'http://data.europa.eu/esco/skill/f3c5fae0-c0e3-4410-bc09-62bd82d4cecc', 'http://data.europa.eu/esco/skill/fc54bd7f-0c03-4fdd-af8c-5eb4021e716d', 'http://data.europa.eu/esco/skill/fd33c66c-70c4-40e6-b87c-5495bd3bf26e']","['http://data.europa.eu/esco/occupation/2079755f-d809-49e6-8037-4de6180e54c0', 'http://data.europa.eu/esco/occupation/258e46f9-0075-4a2e-adae-1ff0477e0f30', 'http://data.europa.eu/esco/occupation/50af07f0-7a75-424e-a66d-5a9deea10f4c', 'http://data.europa.eu/esco/occupation/57af9090-55b4-4911-b2d0-86db01c00b02', 'http://data.europa.eu/esco/occupation/866c7813-2c03-47d7-9bdc-192cfbace57c', 'http://data.europa.eu/esco/occupation/8c3f536e-ba66-4321-ba40-363dc39f129b', 'http://data.europa.eu/esco/occupation/8cb59bc4-1f39-477e-beea-effed12d186c', 'http://data.europa.eu/esco/occupation/9f508305-80ce-4111-8722-f2c9b4a44890', 'http://data.europa.eu/esco/occupation/ab7bccb2-6f81-4a3d-a0c0-fca5d47d2775', 'http://data.europa.eu/esco/isco/C214', 'http://data.europa.eu/esco/isco/C221']"
100870,WEB DEVELOPER,"FactSet Digital Solutions is a provider and operator of customized financial market information systems. The group provides solutions for reporting and analysis of financial market data to approximately 250 banks, financial service providers and media companies in Europe and the US, both for their employees and end customers. The services include conception, design, development and operation of solutions over the Internet as well as intranets. Professional Consulting (based in Athens, Greece) is one of FactSet’s development partners for web based solutions.
We are looking for motivated web-developers for applications who will make financial data obvious.
Is web-development your passion? Are you keen on creating websites even in your spare time? Do you find advanced technology and new methods attractive? Can you deal with JavaScript, PHP and keep up with all the fast-paced improvements and innovations in modern Web Development? Does the continuous improvement of existing functions appeal to you? Then you are exactly what we are seeking!
Must-haves:
* JavaScript
* Vue.js (or prior experience with any other major frontend JS framework like Angular,React)
* PHP
* Symfony (or prior experience with any other major PHP MVC framework like Laravel)
* Object-Oriented Programming (OOP)
* MySQL
* HTML
* CSS
* Git
* English language skills
Nice-to-haves:
* Node.js
* Webpack
* Vuex
* REST
* Additional language skills in the following languages: Italian, German, Spanish, French
We offer:
* Create and innovate by using State-of-the-Art technologies
* Start-up atmosphere combined with a secured job position
* Flexible working times
* Flexible work model
* Home office
* Trainings, workshops
* Flat hierarchies
* Excellent career prospects
* Young, dynamic and independent development team
Salary:

Competitive salary",Mid-level,Full-time,"Athens, Greece",EL,2024-10-22,kariera.gr,178065,,"['http://data.europa.eu/esco/skill/14ee9f76-3524-43d5-8a1a-5ba8283f8bd7', 'http://data.europa.eu/esco/skill/4350c38d-0fe9-4ca7-bab9-40ed7f72b04f', 'http://data.europa.eu/esco/skill/5be3d306-6cf1-4b49-aa1d-01651dd4ba4c', 'http://data.europa.eu/esco/skill/8327754d-3990-4056-b07e-4faa49cfcd26', 'http://data.europa.eu/esco/skill/87219dfe-a21c-4160-8cc8-1eabf9b16b44', 'http://data.europa.eu/esco/skill/88af9294-b697-4687-ae19-aefbb6234dfa', 'http://data.europa.eu/esco/skill/e3c7bd87-edc1-4d9a-a3d5-36415de1aac6', 'http://data.europa.eu/esco/skill/e92f4673-1dec-41ec-b6ec-36fef226359c']",['http://data.europa.eu/esco/occupation/c40a2919-48a9-40ea-b506-1f34f693496d']
100991,"Senior Associate, Software Engineering","Role Summary
Pfizer's purpose is to deliver breakthroughs that change patients' lives.In Pfizer Digital Core Solutions, we partner closely with our Pfizer business operations colleagues to efficiently deliver robust supporting technology solutions that enhance their work to achieve the Pfizer purpose. We value our team members' technical skills, but also their passion, teamwork, and growth. Our culture is focused on delivering value through courage, excellence, equity, and joy. Our collective skillset supports all aspects of technology planning, project execution and application development excellence.We are looking for Software Engineer (SE) candidates who are aligned with our culture and values, and with academic and/or work experience in software development projects that include both backend and frontend development using Java and Javascript-based technologies for multi-tiered, RDBMS-based web applications.The Software Engineer plays a key role in meeting our mission. The SE analyzes specifications, designs logic, writes code, customizes products, unit tests, debugs, and documents software applications. The SE participates in agile team events and works within the agile team framework.The SE will work closely with their manager to ensure growth over time, including the selection of project work among hundreds of applications that will expand their skillset to meet personal and organizational goals, to provide fulfilling work, and to advance their careers.
Role Responsibilities

Works within project teams as a contributor to design, prototype, implement and unit test software solutions in support of the project objectives.
Works as a senior developer on small-to-medium size software development projects, which may include accountability for the work of a small number of other junior and/or contract Software Engineers, as well as responsibility for dictating and managing coding standards, coding best practices, source code control approaches, versioning, etc.
Translates logical designs of user/system interfaces into physical designs, considering the target environment, performance requirements and existing systems.
Helps produce detailed design specifications where applicable, and documents all work using required standards, methods, and tools, including prototyping tools, where appropriate.
Conducts reviews of supplied specifications as appropriate.
Defines the integration build and produces a build definition for generation of the software.
Work in a matrix, team environment with Pfizer colleagues as well as vendor partners.
Dedicated to meeting the expectations and requirements of internal and external customers.

Qualifications
Education:

Undergraduate degree in Software Engineering, Information Management, Computer Science, Mathematics, or other scientific or engineering discipline.

Prior Experience:

Minimum of 3 years of experience as a software developer/engineer.

Required Capabilities and Experience:

Facilitation, negotiating and presentation skills.
Experience working in ambiguous situations.
Demonstrated experience and skills in analysis and problem solving.
Demonstrated ability to developing multi-tiered solutions using multiple programming languages and web technologies including Java, TypeScript (Angular), HTML, CSS, SQL, etc.
Demonstrated experience using standard requirements business analysis techniques, including brainstorming, interviewing, requirements sessions, activity diagrams and use cases desired.
Demonstrated experience and/or competencies either informally or formally contributing on various-size teams of technologists, IT professionals or project managers using Agile, Scrum, DevOps, and other approaches for iterative development.
Demonstrated ability to collaborate and work effectively in team settings, frequently in virtual teams with client partner and customer engagement responsibilities.
Demonstrated ability to understand data and integration architectures to manage, transform, and exploit data across the enterprise.
Demonstrated capability to understand security requirements, and using the frameworks and tools the organization has put in place to meet those requirements.
Excellent oral and written communication skills.

Required Aptitude:

Quick to establish trust and respect
Action oriented and energetic
Resourceful and creative
Persistent and determined
Mature and cool under pressure
Easily makes connections
Reads situations quickly
Commitment and follow through

Pfizer is an equal opportunity employer and complies with all applicable equal employment opportunity legislation in each jurisdiction in which it operates.
To apply please visit our website www.pfizercareers.com and search job Senior Associate, Software Engineer with id 4919474.",Mid-level,Full-time,"Thessaloniki, Greece",EL,2024-10-21,kariera.gr,177921,,"['http://data.europa.eu/esco/skill/0a9acb6b-1139-4be9-b431-3a80a959f2f4', 'http://data.europa.eu/esco/skill/0af062de-eb43-41e9-9b96-249e2cd22d26', 'http://data.europa.eu/esco/skill/0ee94c0a-3716-494a-95a2-dcbab9e58be2', 'http://data.europa.eu/esco/skill/113b4428-0a31-4199-8496-070af7854b91', 'http://data.europa.eu/esco/skill/19a8293b-8e95-4de3-983f-77484079c389', 'http://data.europa.eu/esco/skill/1b957e3d-0017-42b0-9bfe-49a1cdd31de7', 'http://data.europa.eu/esco/skill/1fcce318-3212-487a-ac07-4941bc85060d', 'http://data.europa.eu/esco/skill/234aeb8d-56c3-4531-9193-1c5e6a8d16cb', 'http://data.europa.eu/esco/skill/2522a6ce-3202-4ac8-9f5b-b9cb5a3a83a1', 'http://data.europa.eu/esco/skill/33d49d4f-31ec-473f-9b8a-b555aa5116bb', 'http://data.europa.eu/esco/skill/385479b7-5da5-4367-9763-0d15b41bb65b', 'http://data.europa.eu/esco/skill/4339176e-3acd-4f7f-a5d9-445bee3d23f2', 'http://data.europa.eu/esco/skill/598de5b0-5b58-4ea7-8058-a4bc4d18c742', 'http://data.europa.eu/esco/skill/5b26f08b-88bc-45f0-b901-530d7786466b', 'http://data.europa.eu/esco/skill/5dd96c59-5955-474b-8cf5-e986a5b50f1a', 'http://data.europa.eu/esco/skill/7954861c-86d4-4529-afbb-2c23dab9ac74', 'http://data.europa.eu/esco/skill/867137fb-ff1b-4ca3-99f3-cb6969aa2c68', 'http://data.europa.eu/esco/skill/a8797f21-1af0-4c5e-98ca-bf1442929363', 'http://data.europa.eu/esco/skill/d433c82e-fa7a-492e-a8fd-eee7b39e4c48', 'http://data.europa.eu/esco/skill/e76dd90d-91c4-49c0-bfd0-dfa2c4c90c81', 'http://data.europa.eu/esco/skill/ed1d8bd4-cd2a-4c64-b665-56d70651026c', 'http://data.europa.eu/esco/skill/f0de4973-0a70-4644-8fd4-3a97080476f4', 'http://data.europa.eu/esco/skill/f37d9f67-2e79-4958-8307-1ce9d6dcc8bd', 'http://data.europa.eu/esco/skill/f5308e60-d763-4ead-be95-88c96fb3e02b', 'http://data.europa.eu/esco/skill/f9b52e2d-56a7-48ca-b04d-2fc6436fcd4f', 'http://data.europa.eu/esco/skill/fd33c66c-70c4-40e6-b87c-5495bd3bf26e']","['http://data.europa.eu/esco/occupation/196a4c75-9591-436f-9677-67252df34c22', 'http://data.europa.eu/esco/occupation/72628f3a-fd49-499a-9741-870b0a1fcef2', 'http://data.europa.eu/esco/occupation/7843a4c6-a9f6-4095-94b9-45b384d4bd57', 'http://data.europa.eu/esco/occupation/836f0a96-7546-4003-9fc8-714fc79199d4', 'http://data.europa.eu/esco/occupation/8b6388a4-4904-471b-9331-d3b1211f5525', 'http://data.europa.eu/esco/occupation/cc867bee-ab5c-427f-9244-f7a204d9574b', 'http://data.europa.eu/esco/occupation/d515e82a-ca9f-4be4-9823-33694dff7304', 'http://data.europa.eu/esco/isco/C1330', 'http://data.europa.eu/esco/isco/C2519']"
111739,Senior Java Web Developer,"Executive Level Team on behalf of its client,the leading e-commerce and omnichannel retailer in Greece, is looking for a Senior Java Web Developer for its growing team. 
 
Senior Java Web Developer
The Senior Java Web Developer will participate in the full lifecycle of development of the company’s websites and a series of supporting applications. He will work closely with other units in order to identify their technical needs and provide solutions.
 
Requirements:

5+ years of related experience preferred
Experience with Java/JEE, Spring Framework and JSP
Experience with SQL and NoSQL Databases
Familiarity integrating with Rest API’’s and WebServices
Experience with GIT
University degree in Computer Science, Engineering, or related scientific field preferred
Ability of problem identification and resolution
Teamwork and great communication skills
Excellent command of the English language

Nice to have:

Experience with Oracle Commerce (ATG)
Familiar with Unit Testing
Experience with Javascript Frontend Frameworks (Angular.js, jQuery, Backbone.js, Node.js)
Passion for good results, dynamic and enthusiastic personality
Participation in agile teams (scrum or Kanban)
Experience with JIRA",Mid-level,Full-time,"Athens, Greece",EL,2024-10-25,kariera.gr,178858,,"['http://data.europa.eu/esco/skill/19a8293b-8e95-4de3-983f-77484079c389', 'http://data.europa.eu/esco/skill/76ef6ed3-1658-4a1a-9593-204d799c6d0c', 'http://data.europa.eu/esco/skill/f84a433f-34f1-4083-b0a3-24802623509c']","['http://data.europa.eu/esco/occupation/8cb59bc4-1f39-477e-beea-effed12d186c', 'http://data.europa.eu/esco/occupation/c40a2919-48a9-40ea-b506-1f34f693496d', 'http://data.europa.eu/esco/isco/C214']"
1696119,WEB DEVELOPER,"FactSet Digital Solutions is a provider and operator of customized financial market information systems. The group provides solutions for reporting and analysis of financial market data to approximately 250 banks, financial service providers and media companies in Europe and the US, both for their employees and end customers. The services include conception, design, development and operation of solutions over the Internet as well as intranets. Professional Consulting (based in Athens, Greece) is one of FactSet’s development partners for web based solutions.
We are looking for motivated web-developers for applications who will make financial data obvious.
Is web-development your passion? Are you keen on creating websites even in your spare time? Do you find advanced technology and new methods attractive? Can you deal with JavaScript, PHP and keep up with all the fast-paced improvements and innovations in modern Web Development? Does the continuous improvement of existing functions appeal to you? Then you are exactly what we are seeking!
Must-haves:
* JavaScript
* Vue.js (or prior experience with any other major frontend JS framework like Angular,React)
* PHP
* Symfony (or prior experience with any other major PHP MVC framework like Laravel)
* Object-Oriented Programming (OOP)
* MySQL
* HTML
* CSS
* Git
* English language skills
Nice-to-haves:
* Node.js
* Webpack
* Vuex
* REST
* Additional language skills in the following languages: Italian, German, Spanish, French
We offer:
* Create and innovate by using State-of-the-Art technologies
* Start-up atmosphere combined with a secured job position
* Flexible working times
* Flexible work model
* Home office
* Trainings, workshops
* Flat hierarchies
* Excellent career prospects
* Young, dynamic and independent development team
Salary:

Competitive salary",Mid-level,Full-time,"Thessaloniki, Greece",EL,2024-11-04,kariera.gr,180667,,"['http://data.europa.eu/esco/skill/14ee9f76-3524-43d5-8a1a-5ba8283f8bd7', 'http://data.europa.eu/esco/skill/4350c38d-0fe9-4ca7-bab9-40ed7f72b04f', 'http://data.europa.eu/esco/skill/5be3d306-6cf1-4b49-aa1d-01651dd4ba4c', 'http://data.europa.eu/esco/skill/8327754d-3990-4056-b07e-4faa49cfcd26', 'http://data.europa.eu/esco/skill/87219dfe-a21c-4160-8cc8-1eabf9b16b44', 'http://data.europa.eu/esco/skill/88af9294-b697-4687-ae19-aefbb6234dfa', 'http://data.europa.eu/esco/skill/e3c7bd87-edc1-4d9a-a3d5-36415de1aac6', 'http://data.europa.eu/esco/skill/e92f4673-1dec-41ec-b6ec-36fef226359c']",['http://data.europa.eu/esco/occupation/c40a2919-48a9-40ea-b506-1f34f693496d']
1696174,Net Full Stack Developer,"We are looking for a candidate to strengthen the software development and maintenance department of our company. The main responsibilities are the following: Web Application Development using ASP. NET Core MVC / Razor Pages and Web API Integrating new technologies, interfacing with third-party systems, as well as maintaining – improving existing applications Designing, developing and maintaining reusable C#, JavaScript, HTML and CSS code Ensuring the best possible quality and usability of the company's applications Required qualifications Full-stack development skills Experience as a . NET Web Developer (C# / Asp. Net) Knowledge of SQL (Microsoft SQL Server) Knowledge of HTML/CSS/JavaScript Knowledge of Frontend JavaScript Frameworks Fluency in Greek and English Desired qualifications Experience in using DevExpress library Knowledge of Git software",Senior,Full-time,"Athens, Greece",EL,2024-11-04,kariera.gr,180564,,"['http://data.europa.eu/esco/skill/0af062de-eb43-41e9-9b96-249e2cd22d26', 'http://data.europa.eu/esco/skill/56a7f561-1d55-43c9-9cd7-36a0a9bc6c50']",['http://data.europa.eu/esco/occupation/c40a2919-48a9-40ea-b506-1f34f693496d']
1696220,"Senior Laravel Backend Developer– Cyprus, Greece or Remote","The Role: 
As our new Senior PHP Developer, you will embark a journey into the world of cutting-edge software engineering. You will be at the forefront of shaping the future of software development, making pivotal decisions that drive our processes forward, by leveraging tools like Kubernetes and Terraform in synergy with PHP, Go, Angular all nestled within the embrace of AWS. Our dedicated team will ensure that you are in sync with the latest technology stacks and workflows. From the inception of the daring projects to the triumphant realization, you will immerse yourself in the rewarding adventure of watching your visions come to life.
 
 The main responsibilities of the position include:

Develop and implement backend services using PHP 8+ and Laravel 9+, ensuring code quality, performance, and security.
Utilise Kafka (or similar technologies) to design and implement event-driven systems for real-time data processing and communication between micro-services.
Employ strong Git practices, such as trunk-based development, and implement CI/CD pipelines to ensure efficient and reliable code deployment workflows.
Optimise database performance and scalability using MySQL and Redis for caching and data storage.
Work in close collaboration with frontend developers, designers, and product managers to deliver end-to-end features and enhancements.
Collaborate with cross-functional teams to design, develop, and maintain robust and scalable backend solutions for our platform.
Provide mentorship, code reviews, and technical guidance to junior team members to ensure high coding standards and nurture their professional growth.

 

Main requirements:
BSc/MSc in computer science or any other relevant degree.
At least 4-5 years of experience in a similar position.
Extensive experience in backend development using PHP 8+ and Laravel 9+, with a deep understanding of Laravel's advanced concepts such as service providers, Passport/Sanctum, Eloquent ORM, Queues, Scheduler, and more.
Proven experience in building and maintaining backend services, ensuring scalability, fault tolerance, and efficient communication between services.
Knowledge of object-oriented programming principles and design patterns and concepts such as dependency injection, KISS, DRY, and YAGNI.
Experience with code quality tools like Psalm, PHPStan, and Laravel Pint.
Experience in writing tests using PHPUnit or Pest, and appreciation for TDD.
Strong familiarity with event-driven architectures and technologies like Kafka, gRPC, or similar messaging systems.
Proficiency in VCS, particularly Git, and hands-on experience with CI/CD pipelines.
Solid understanding of relational databases, particularly MySQL and PostgreSQL, and caching mechanisms using Redis.

 
The following will be considered an advantage:

Familiarity with containerization and orchestration technologies such as Docker and Kubernetes.
Knowledge of cloud technologies, ideally AWS, and infrastructure as code using tools like Terraform.
Frontend skills in Angular or VueJS for effective collaboration with frontend teams.
Knowledge of building responsive and visually appealing user interfaces.
Experience in Go programming language for additional versatility in backend development.
Experience with ClickHouse or similar columnar databases for optimized storage and analytical processing.
Experience with tools such as NewRelic, Zabbix, and Sentry for monitoring infrastructure and tracking errors.

 
Benefit from:

Attractive remuneration package plus performance related rewards
Food allowance
Intellectually stimulating work environment
Continuous personal development and international training opportunities
Attractive relocation package and support for a smooth relocation for you and your family

 
Type of employment: Full time
Location: Cyprus, Greece or remote
Please visit our website www.xm.com/careers to submit your online application for this position.
 
All applications will be treated with strict confidentiality!",Senior,Full-time,"Athens, Greece",EL,2024-11-04,kariera.gr,180506,,"['http://data.europa.eu/esco/skill/2b7a79e5-84d8-4880-be66-3d9bb05bea17', 'http://data.europa.eu/esco/skill/31c69100-b612-4a61-8db5-fd314318854c', 'http://data.europa.eu/esco/skill/4350c38d-0fe9-4ca7-bab9-40ed7f72b04f', 'http://data.europa.eu/esco/skill/519e801b-3cc4-44d4-bcf1-32fdb9a77e51', 'http://data.europa.eu/esco/skill/a8d07b5a-c1a1-42c6-9d53-db9c7a2ca996', 'http://data.europa.eu/esco/skill/bf6c5ed4-84af-440f-abcc-7fa5ba19c738', 'http://data.europa.eu/esco/skill/d52382fe-f236-421f-95fe-34fe69d48dbd', 'http://data.europa.eu/esco/skill/f9738fc9-4d67-43e8-bfda-954123e34d42']","['http://data.europa.eu/esco/occupation/3fa9a480-ceb3-4c2a-8a91-0508e1bb6ba5', 'http://data.europa.eu/esco/occupation/574f3232-1d07-4034-8cac-c57ddbfff192', 'http://data.europa.eu/esco/occupation/866c7813-2c03-47d7-9bdc-192cfbace57c', 'http://data.europa.eu/esco/occupation/9f508305-80ce-4111-8722-f2c9b4a44890', 'http://data.europa.eu/esco/occupation/ab7bccb2-6f81-4a3d-a0c0-fca5d47d2775', 'http://data.europa.eu/esco/occupation/e9507d34-c70f-474f-a4a3-d2cbfe50f6e9']"
1727082,Web Developer (.NET),"Web Developer (.NET)
Candidate profile:

B.Sc. Degree in Computer Science
Excellent command of English language (both written and verbal)
Strong organizing and analytical thinking
Sufficient soft skills like teamwork, communication (with internal or external clients), time management (operate under pressure and meet deadlines), results orientation
Problem solving via innovation & creativity
1-3 years of working experience in a similar position

Required Skills and Experience:

HTML, CSS, Bootstrap
Javascript, JQuery
C# .Net Backend in .Net Framework 4.5+, or .Net Core
Good knowledge of relational databases in Microsoft SQL Server
Basic knowledge of source control (Git)

Nice to Have Skills:

Experience in FrontEnd Frameworks (such as React JS)
.Net tools (MVC, Entity Framework)
Web Services (REST)",Mid-level,Full-time,"Athens, Greece",EL,2024-11-15,kariera.gr,183320,,"['http://data.europa.eu/esco/skill/0af062de-eb43-41e9-9b96-249e2cd22d26', 'http://data.europa.eu/esco/skill/4707da90-9cfc-46ca-8de0-38a0b7bfb137', 'http://data.europa.eu/esco/skill/4c016b68-4116-468c-9dc6-42710c239e4a', 'http://data.europa.eu/esco/skill/91abe492-18be-4cce-93c7-0dca07072363', 'http://data.europa.eu/esco/skill/df64a7cc-2e96-4304-95d3-56fe0ac2dd39', 'http://data.europa.eu/esco/skill/f84a433f-34f1-4083-b0a3-24802623509c']",['http://data.europa.eu/esco/occupation/c40a2919-48a9-40ea-b506-1f34f693496d']
1741812,Junior Java Developer / DevOps Engineer (Remote/Thessaloniki),"Description
Are you a Junior Java Developer or DevOps Engineer looking for a dynamic role in a growing development team? Join us in Thessaloniki or work fully remotely, and become part of our innovative team implementing cutting-edge IT software projects for major international public organizations.
Main Responsibilities and Tasks:

Participate in the design and development of large scale web-based and mobile applications using state-of-the-art techniques and technologies;
Maintain and develop DevOps tools and services such as CI/CD pipelines and automated processes;
Participate and contribute in the process of defining the software architecture;
Work in a multi-national environment.

Requirements

Bachelor’s degree in Electrical Engineering, Computer Science, or Software Engineering.
Enthusiasm for programming and knowledge of Java;
Strong analytical capabilities, team- and quality-oriented, keen to learn and excel;
Fluency in verbal and written English.

Additional qualification

Experience in any of the following technologies will be highly appreciated: Java, Javascript, Frontend JS frameworks (e.g. Angular), Databases and SQL, REST, Linux, microservices, SpringBoot or Quarkus, Jenkins, Docker.

Benefits
We offer a competitive remuneration based on qualifications and experience, including:

Competitive full-time salary;
Private Health Coverage on the Company’s group program;
Flexible working hours, top - of - the Line tools, language courses, specialized trainings;
A great opportunity to grow and work with innovative and exciting specialists in the industry;
Being part of an environment that offers challenging goals, autonomy and mentoring, which creates development opportunities, both for you and the company.

If you are seeking a career in an exciting, dynamic and multicultural international environment with exciting opportunities that will boost your career, please send us your detailed CV in English, quoting reference: (JJD_D/11/24).
You may also consider all our other open vacancies by visiting the career section of our website (www.eurodyn.com) and follow us on Twitter (@EURODYN_Careers) and LinkedIn.
EUROPEAN DYNAMICS (ED) (www.eurodyn.com) is a leading European Software, Information and Communication Technologies company, operating internationally (Athens, Brussels, Luxembourg, Copenhagen, Berlin, Stockholm, London, Nicosia, Valetta, Vienna, Den Haag, Hong Kong, etc.) The company employs over 1000 engineers, IT experts and consultants (around 3% PhD, 36% MSc and 53% BSc). We design and develop software applications using integrated, state-of-the-art technology. Our current IT projects have a value exceeding 300 million EURO. EUROPEAN DYNAMICS is a renowned supplier of IT services to European Union Institutions, international organizations, European Agencies and national government Administrations in 40 countries and 4 continents.
As part of our dedication to the diversity of our workforce, we are committed to Equal Employment Opportunity without regard for race, colour, national origin, ethnicity, gender, disability, sexual orientation, gender identity, or religion.
EUROPEAN DYNAMICS (ED) adheres to the General Data Protection Regulation principles by applying its Privacy Policy as published in www.eurodyn.com/privacy. By submitting an application to this position and by sharing your personal data with ED, you acknowledge and accept its Policy and authorise ED to process your personal data for the purposes of the company's recruitment opportunities, in line to the Policy.",Entry / Junior,Full-time,"Thessaloniki, Greece",EL,2024-11-26,kariera.gr,185917,,"['http://data.europa.eu/esco/skill/19a8293b-8e95-4de3-983f-77484079c389', 'http://data.europa.eu/esco/skill/21d2f96d-35f7-4e3f-9745-c533d2dd6e97', 'http://data.europa.eu/esco/skill/2b1ce548-4e16-45fb-bfb2-f3141c8efe8d', 'http://data.europa.eu/esco/skill/3993c87c-7719-4186-811b-8ddfb40e76be', 'http://data.europa.eu/esco/skill/43ae58b9-5e56-4524-b45a-b422777a0576', 'http://data.europa.eu/esco/skill/598de5b0-5b58-4ea7-8058-a4bc4d18c742', 'http://data.europa.eu/esco/skill/5b26f08b-88bc-45f0-b901-530d7786466b', 'http://data.europa.eu/esco/skill/96eb286a-58b7-45ff-a916-5578d0b79b8c', 'http://data.europa.eu/esco/skill/a8797f21-1af0-4c5e-98ca-bf1442929363', 'http://data.europa.eu/esco/skill/d3e9b00a-0891-4fa8-836d-8240ec3d2758', 'http://data.europa.eu/esco/skill/e24377fb-020b-4430-8bed-86dd539bbf3a', 'http://data.europa.eu/esco/skill/f0de4973-0a70-4644-8fd4-3a97080476f4', 'http://data.europa.eu/esco/skill/f47a1998-0beb-43be-9f46-380aa4d183da', 'http://data.europa.eu/esco/skill/f7e2eb04-3e50-4561-bce1-7e51a1fec308', 'http://data.europa.eu/esco/skill/fcc0a1c8-d36e-4f8e-b928-00d5bca10a47']","['http://data.europa.eu/esco/occupation/3d190639-90f8-4402-b1b3-a104a17e0d67', 'http://data.europa.eu/esco/occupation/57af9090-55b4-4911-b2d0-86db01c00b02', 'http://data.europa.eu/esco/occupation/86ca306c-ab99-420a-9e2a-aa73c5c4de22', 'http://data.europa.eu/esco/occupation/cc867bee-ab5c-427f-9244-f7a204d9574b', 'http://data.europa.eu/esco/occupation/d0aa0792-4345-474b-9365-686cf4869d2e', 'http://data.europa.eu/esco/occupation/d1b1dfdf-7d60-430a-b569-7dd71b2ebeaa']"
1742855,"Senior Associate, Software Engineer","Role Summary
Pfizer's purpose is to deliver breakthroughs that change patients' lives.In Pfizer Digital Core Solutions, we partner closely with our Pfizer business operations colleagues to efficiently deliver robust supporting technology solutions that enhance their work to achieve the Pfizer purpose. We value our team members' technical skills, but also their passion, teamwork, and growth. Our culture is focused on delivering value through courage, excellence, equity, and joy. Our collective skillset supports all aspects of technology planning, project execution and application development excellence.We are looking for Software Engineer (SE) candidates who are aligned with our culture and values, and with academic and/or work experience in software development projects that include both backend and frontend development using Java and Javascript-based technologies for multi-tiered, RDBMS-based web applications.The Software Engineer plays a key role in meeting our mission. The SE analyzes specifications, designs logic, writes code, customizes products, unit tests, debugs, and documents software applications. The SE participates in agile team events and works within the agile team framework.The SE will work closely with their manager to ensure growth over time, including the selection of project work among hundreds of applications that will expand their skillset to meet personal and organizational goals, to provide fulfilling work, and to advance their careers.
Role Responsibilities

Works within project teams as a contributor to design, prototype, implement and unit test software solutions in support of the project objectives.
Works as a senior developer on small-to-medium size software development projects, which may include accountability for the work of a small number of other junior and/or contract Software Engineers, as well as responsibility for dictating and managing coding standards, coding best practices, source code control approaches, versioning, etc.
Translates logical designs of user/system interfaces into physical designs, considering the target environment, performance requirements and existing systems.
Helps produce detailed design specifications where applicable, and documents all work using required standards, methods, and tools, including prototyping tools, where appropriate.
Conducts reviews of supplied specifications as appropriate.
Defines the integration build and produces a build definition for generation of the software.
Work in a matrix, team environment with Pfizer colleagues as well as vendor partners.
Dedicated to meeting the expectations and requirements of internal and external customers.





Qualifications
Education:

Undergraduate degree in Software Engineering, Information Management, Computer Science, Mathematics, or other scientific or engineering discipline.

Prior Experience:

Minimum of 3 years of experience as a software developer/engineer.

Required Capabilities and Experience:

Facilitation, negotiating and presentation skills.
Experience working in ambiguous situations.
Demonstrated experience and skills in analysis and problem solving.
Demonstrated ability to developing multi-tiered solutions using multiple programming languages and web technologies including Java, TypeScript (Angular), HTML, CSS, SQL, etc.
Demonstrated experience using standard requirements business analysis techniques, including brainstorming, interviewing, requirements sessions, activity diagrams and use cases desired.
Demonstrated experience and/or competencies either informally or formally contributing on various-size teams of technologists, IT professionals or project managers using Agile, Scrum, DevOps, and other approaches for iterative development.
Demonstrated ability to collaborate and work effectively in team settings, frequently in virtual teams with client partner and customer engagement responsibilities.
Demonstrated ability to understand data and integration architectures to manage, transform, and exploit data across the enterprise.
Demonstrated capability to understand security requirements, and using the frameworks and tools the organization has put in place to meet those requirements.
Excellent oral and written communication skills.

Required Aptitude:

Quick to establish trust and respect
Action oriented and energetic
Resourceful and creative
Persistent and determined
Mature and cool under pressure
Easily makes connections
Reads situations quickly
Commitment and follow through

Pfizer is an equal opportunity employer and complies with all applicable equal employment opportunity legislation in each jurisdiction in which it operates.
To apply please visit our website www.pfizercareers.com and search job Senior Associate, Software Engineer with id 4919474.",Mid-level,Full-time,"Thessaloniki, Greece",EL,2024-11-21,kariera.gr,184548,,"['http://data.europa.eu/esco/skill/0a9acb6b-1139-4be9-b431-3a80a959f2f4', 'http://data.europa.eu/esco/skill/0af062de-eb43-41e9-9b96-249e2cd22d26', 'http://data.europa.eu/esco/skill/0ee94c0a-3716-494a-95a2-dcbab9e58be2', 'http://data.europa.eu/esco/skill/113b4428-0a31-4199-8496-070af7854b91', 'http://data.europa.eu/esco/skill/19a8293b-8e95-4de3-983f-77484079c389', 'http://data.europa.eu/esco/skill/1b957e3d-0017-42b0-9bfe-49a1cdd31de7', 'http://data.europa.eu/esco/skill/1fcce318-3212-487a-ac07-4941bc85060d', 'http://data.europa.eu/esco/skill/234aeb8d-56c3-4531-9193-1c5e6a8d16cb', 'http://data.europa.eu/esco/skill/2522a6ce-3202-4ac8-9f5b-b9cb5a3a83a1', 'http://data.europa.eu/esco/skill/33d49d4f-31ec-473f-9b8a-b555aa5116bb', 'http://data.europa.eu/esco/skill/385479b7-5da5-4367-9763-0d15b41bb65b', 'http://data.europa.eu/esco/skill/4339176e-3acd-4f7f-a5d9-445bee3d23f2', 'http://data.europa.eu/esco/skill/598de5b0-5b58-4ea7-8058-a4bc4d18c742', 'http://data.europa.eu/esco/skill/5b26f08b-88bc-45f0-b901-530d7786466b', 'http://data.europa.eu/esco/skill/5dd96c59-5955-474b-8cf5-e986a5b50f1a', 'http://data.europa.eu/esco/skill/7954861c-86d4-4529-afbb-2c23dab9ac74', 'http://data.europa.eu/esco/skill/867137fb-ff1b-4ca3-99f3-cb6969aa2c68', 'http://data.europa.eu/esco/skill/a8797f21-1af0-4c5e-98ca-bf1442929363', 'http://data.europa.eu/esco/skill/d433c82e-fa7a-492e-a8fd-eee7b39e4c48', 'http://data.europa.eu/esco/skill/e76dd90d-91c4-49c0-bfd0-dfa2c4c90c81', 'http://data.europa.eu/esco/skill/ed1d8bd4-cd2a-4c64-b665-56d70651026c', 'http://data.europa.eu/esco/skill/f0de4973-0a70-4644-8fd4-3a97080476f4', 'http://data.europa.eu/esco/skill/f37d9f67-2e79-4958-8307-1ce9d6dcc8bd', 'http://data.europa.eu/esco/skill/f5308e60-d763-4ead-be95-88c96fb3e02b', 'http://data.europa.eu/esco/skill/f9b52e2d-56a7-48ca-b04d-2fc6436fcd4f', 'http://data.europa.eu/esco/skill/fd33c66c-70c4-40e6-b87c-5495bd3bf26e']","['http://data.europa.eu/esco/occupation/196a4c75-9591-436f-9677-67252df34c22', 'http://data.europa.eu/esco/occupation/72628f3a-fd49-499a-9741-870b0a1fcef2', 'http://data.europa.eu/esco/occupation/7843a4c6-a9f6-4095-94b9-45b384d4bd57', 'http://data.europa.eu/esco/occupation/836f0a96-7546-4003-9fc8-714fc79199d4', 'http://data.europa.eu/esco/occupation/8b6388a4-4904-471b-9331-d3b1211f5525', 'http://data.europa.eu/esco/occupation/cc867bee-ab5c-427f-9244-f7a204d9574b', 'http://data.europa.eu/esco/occupation/d515e82a-ca9f-4be4-9823-33694dff7304', 'http://data.europa.eu/esco/isco/C1330', 'http://data.europa.eu/esco/isco/C2519']"
1766807,SOFTWARE DEVELOPER,"The company GRIVAS S.A.E. seeks SOFTWARE DEVELOPER for immediate hire. 
Desired qualifications: 

University graduates
Good knowledge of Android development in Java.
Good knowledge of Java script frameworks
Good knowledge in frontend frameworks
Excellent knowledge of Windows O/S, Linux
Excellent knowledge of English

Knowledge of the following will be considered:

Scripting in Python
Knowledge of React
Knowledge of relational N.D. SQL

Provided:

Five days work
Continuous hours
Satisfactory pay
Excellent and friendly work environment
Training in new data management technologies

      Send resumes: cv@grivas.com.gr",Mid-level,Full-time,"Athens, Greece",EL,2024-12-03,kariera.gr,187434,,['http://data.europa.eu/esco/skill/598de5b0-5b58-4ea7-8058-a4bc4d18c742'],['http://data.europa.eu/esco/isco/C2512']
1767008,Senior Java Web Developer,"Executive Level Team on behalf of its client,the leading e-commerce and omnichannel retailer in Greece, is looking for a Senior Java Web Developer for its growing team. 
 
Senior Java Web Developer
The Senior Java Web Developer will participate in the full lifecycle of development of the company’s websites and a series of supporting applications. He will work closely with other units in order to identify their technical needs and provide solutions.
 
Requirements:

5+ years of related experience preferred
Experience with Java/JEE, Spring Framework and JSP
Experience with SQL and NoSQL Databases
Familiarity integrating with Rest API’’s and WebServices
Experience with GIT
University degree in Computer Science, Engineering, or related scientific field preferred
Ability of problem identification and resolution
Teamwork and great communication skills
Excellent command of the English language

Nice to have:

Experience with Oracle Commerce (ATG)
Familiar with Unit Testing
Experience with Javascript Frontend Frameworks (Angular.js, jQuery, Backbone.js, Node.js)
Passion for good results, dynamic and enthusiastic personality
Participation in agile teams (scrum or Kanban)
Experience with JIRA",Mid-level,Full-time,"Athens, Greece",EL,2024-12-02,kariera.gr,187219,,"['http://data.europa.eu/esco/skill/19a8293b-8e95-4de3-983f-77484079c389', 'http://data.europa.eu/esco/skill/76ef6ed3-1658-4a1a-9593-204d799c6d0c', 'http://data.europa.eu/esco/skill/f84a433f-34f1-4083-b0a3-24802623509c']","['http://data.europa.eu/esco/occupation/8cb59bc4-1f39-477e-beea-effed12d186c', 'http://data.europa.eu/esco/occupation/c40a2919-48a9-40ea-b506-1f34f693496d', 'http://data.europa.eu/esco/isco/C214']"
1827084,Senior Java Web Developer,"Executive Level Team on behalf of its client,the leading e-commerce and omnichannel retailer in Greece, is looking for a Senior Java Web Developer for its growing team. 
 
Senior Java Web Developer
The Senior Java Web Developer will participate in the full lifecycle of development of the company’s websites and a series of supporting applications. He will work closely with other units in order to identify their technical needs and provide solutions.
 
Requirements:

5+ years of related experience preferred
Experience with Java/JEE, Spring Framework and JSP
Experience with SQL and NoSQL Databases
Familiarity integrating with Rest API’’s and WebServices
Experience with GIT
University degree in Computer Science, Engineering, or related scientific field preferred
Ability of problem identification and resolution
Teamwork and great communication skills
Excellent command of the English language

Nice to have:

Experience with Oracle Commerce (ATG)
Familiar with Unit Testing
Experience with Javascript Frontend Frameworks (Angular.js, jQuery, Backbone.js, Node.js)
Passion for good results, dynamic and enthusiastic personality
Participation in agile teams (scrum or Kanban)
Experience with JIRA",Mid-level,Full-time,"Athens, Greece",EL,2024-12-30,kariera.gr,192468,,"['http://data.europa.eu/esco/skill/19a8293b-8e95-4de3-983f-77484079c389', 'http://data.europa.eu/esco/skill/76ef6ed3-1658-4a1a-9593-204d799c6d0c', 'http://data.europa.eu/esco/skill/f84a433f-34f1-4083-b0a3-24802623509c']","['http://data.europa.eu/esco/occupation/8cb59bc4-1f39-477e-beea-effed12d186c', 'http://data.europa.eu/esco/occupation/c40a2919-48a9-40ea-b506-1f34f693496d', 'http://data.europa.eu/esco/isco/C214']"
1842379,Junior Web Developer & Content Manager,"winmasters is looking for a Junior Web Developer & Content Manager to join our team and work closely with the product, digital marketing and CRM teams to support frontend experience and content administration.
Languages: Greek/EnglishLocation: Alimos, Athens (on-site)Description: Web Developer & Content Manager
Job Duties

Enhance our main front end platform – website
Design products that are user-friendly, effective and appealing
Manage existing websites—updating graphics and product offerings
Design layouts for mobile, tablet, and desktop devices
Research and evaluate new design trends
Working closely with the product, digital marketing and marcom teams to support execution of creative assets for digital campaigns
Maintain existing websites—updating graphics, updating changes in product offerings

Skills/Qualifications

Associate Degree in web Design/Computer Science (or equivalent experience)
Excellent communication skills in Greek and English
Experience with content management systems (WordPress is preferred)
Attention to detail with a high degree of accuracy
Ability to work both independently and collaboratively
Ability to work within tight schedules

Will be considered a plus

Experience with Figma/Adobe XD or other web design software
Development experience in HTML5, CSS3 and JavaScript
Experience with digital retouching and image editing",Entry / Junior,Full-time,"Alimos, Greece",EL,2025-01-20,kariera.gr,197358,,"['http://data.europa.eu/esco/skill/18a5e674-550e-4fdf-98e9-df4584e2869c', 'http://data.europa.eu/esco/skill/3d957fb2-b8f4-4b4c-b955-23299c761ad5', 'http://data.europa.eu/esco/skill/43dfbe7f-9e10-4871-b171-e5076737b4cf', 'http://data.europa.eu/esco/skill/56a10e3e-c9e7-4d39-b6f1-6013398fcb3a', 'http://data.europa.eu/esco/skill/5a214c90-0c40-49f6-b512-4ff3a7cfc135', 'http://data.europa.eu/esco/skill/a8ea1f32-be7e-48ff-8ef5-7e2847beadb1', 'http://data.europa.eu/esco/skill/df11ab22-3c40-4dc8-ab0c-e9f41e62449e', 'http://data.europa.eu/esco/skill/ea4ebfa1-e17a-4416-ac54-955f33e6ade7']","['http://data.europa.eu/esco/occupation/30ed83ba-cc89-4d9f-a59d-5c783c1da56e', 'http://data.europa.eu/esco/occupation/a74f6c51-37e5-423e-aa5b-044e98663027', 'http://data.europa.eu/esco/occupation/c40a2919-48a9-40ea-b506-1f34f693496d', 'http://data.europa.eu/esco/occupation/dc8ef7da-d2c0-4474-96a0-6d0385eeec1e', 'http://data.europa.eu/esco/occupation/dc97adbe-f807-4ad8-8f3c-c24b3416cdef', 'http://data.europa.eu/esco/isco/C4']"
1842461,Frontend Engineer (Angular) Mid-Senior,"Company DescriptionWe are Netcompany-Intrasoft, a member of Netcompany Group A/S, and a leading European IT Solutions and Services company with strong international presence and expertise, dedicated to responsible digitalisation. We offer innovative and added-value solutions of the highest quality to a wide range of public and private organizations, while being a key-player in the EU Institutions for the past 30 years. We hold an outstanding record of 500+ organizations in 70+ countries, that have chosen our solutions and services, to fulfil their business needs. Our team of 3500+ professionals is our driving force and our most valuable asset.Job DescriptionEver wondered what it feels like to be a Front End Developer (Angular) in Netcompany-Intrasoft? As a Front-end Developer, you will be a member of team responsible for designing, developing and testing in order to create software solutions aligned to the needs of the business and external customers. The role requires developed and strong foundation of web-development skills and good knowledge of relevant technologies.As a Frontend Developer you will:Able to take ownership, accountability and initiativeDetail-driven, able to take constructive criticismStrong analytical-thinker and problem-solverCommunicative and team playerQualificationsWhat would make you a fit for the role:University degree in Computer Science or Electrical EngineeringAt least 2 years of Javascript experienceAt least 1 year of Angular (version 2 or greater) development experience, or some other relevant framework (Backbone.js, AngularJS, viewJS, react)Knowledge of the interaction between JavaScript, HTML and CSS.Ability to create, modify, and style elements on a page with ease and can also do this dynamicallyAbility to analyse visual designs into design patternsStrong knowledge in MVC ArchitectureKnowledge of version control softwareExperience consuming RESTful API'sGood command of the English Language (written & verbal)It would also be a plus if you match some of the following:Cross browser experience, working with backwards compatibility with graceful degradationExperience in Bootstrap and responsive web application developmentFamiliarity with backend development, understanding application layersExperience writing RESTful API's and fully understanding the RESTful architecture and goalsA background in design or appreciation of good design and UXExperience with SQL and being comfortable with querying databaseAdditional InformationBeing a part of the Netcompany-Ιntrasoft team, you will be provided with: The opportunity to work in a modern environment & in a hybrid working modelA seamless onboarding experience and a buddy to support you on your first stepsA competitive compensation & benefits packageHealth and life insurance programMeal and commuting allowanceWell-being activities (on premises)Continuous learning opportunities using the most modern methods (unlimited access to Udemy for Business, ad-hoc trainings)A personalized development plan for targeted career growthIf you are looking forward to be part of a diverse environment, and have the opportunity to work alongside well-experienced professionals, on challenging, large-scale projects that directly impact millions of citizens around the globe, then this is the place to be!Join Netcompany-Intrasoft Patras' branch, and be part of our 150+ tech enthusiasts team!Our cultureOur people are the most important element of our success. Our work life is well defined by our set of fundamental Values: https://netcompany.com/careers/greece/our-values/ #BePartOfSomethingGreat!Please submit your CV in English. All applications will be treated as strictly confidential.We ensure equal opportunities, treatment, and consideration to all candidates. Discrimination based on sex, racial or ethnic origin, religion or belief, disability, age, sexual orientation or marital status, physical or mental disability, or any other factor protected by applicable laws and regulations is prohibited. As part of the Netcompany-Intrasoft culture, we respect human rights and focus on creating a positive workplace, where all employees are valued, and where diversity and inclusion are a vital part of our our everyday working experience.",,Full-time,"Patra, Greece",EL,2025-01-18,kariera.gr,197428,,"['http://data.europa.eu/esco/skill/0af062de-eb43-41e9-9b96-249e2cd22d26', 'http://data.europa.eu/esco/skill/23ac233d-84ad-4517-b0f5-8ca19ba2614e', 'http://data.europa.eu/esco/skill/598de5b0-5b58-4ea7-8058-a4bc4d18c742', 'http://data.europa.eu/esco/skill/8f6ed69b-29d0-4c01-81ba-f05920a185f3', 'http://data.europa.eu/esco/skill/fc4fcb4b-993f-4f2c-b158-c2171ec18ed8']","['http://data.europa.eu/esco/occupation/719f101d-1866-49d3-8d5c-2256f606a8b9', 'http://data.europa.eu/esco/occupation/874a2080-a9b6-46a9-8662-c9b7d4208f73', 'http://data.europa.eu/esco/occupation/c40a2919-48a9-40ea-b506-1f34f693496d']"
1842464,Frontend Engineer (Angular) Mid-Senior,"Company DescriptionWe are Netcompany-Intrasoft, a member of Netcompany Group A/S, and a leading European IT Solutions and Services company with strong international presence and expertise, dedicated to responsible digitalisation. We offer innovative and added-value solutions of the highest quality to a wide range of public and private organizations, while being a key-player in the EU Institutions for the past 30 years. We hold an outstanding record of 500+ organizations in 70+ countries, that have chosen our solutions and services, to fulfil their business needs. Our team of 3500+ professionals is our driving force and our most valuable asset.Job DescriptionEver wondered what it feels like to be a Front End Developer (Angular) in Netcompany-Intrasoft? As a Front-end Developer, you will be a member of team responsible for designing, developing and testing in order to create software solutions aligned to the needs of the business and external customers. The role requires developed and strong foundation of web-development skills and good knowledge of relevant technologies.As a Frontend Developer you will:Able to take ownership, accountability and initiativeDetail-driven, able to take constructive criticismStrong analytical-thinker and problem-solverCommunicative and team playerQualificationsWhat would make you a fit for the role:University degree in Computer Science or Electrical EngineeringAt least 2 years of Javascript experienceAt least 1 year of Angular (version 2 or greater) development experience, or some other relevant framework (Backbone.js, AngularJS, viewJS, react)Knowledge of the interaction between JavaScript, HTML and CSS.Ability to create, modify, and style elements on a page with ease and can also do this dynamicallyAbility to analyse visual designs into design patternsStrong knowledge in MVC ArchitectureKnowledge of version control softwareExperience consuming RESTful API'sGood command of the English Language (written & verbal)It would also be a plus if you match some of the following:Cross browser experience, working with backwards compatibility with graceful degradationExperience in Bootstrap and responsive web application developmentFamiliarity with backend development, understanding application layersExperience writing RESTful API's and fully understanding the RESTful architecture and goalsA background in design or appreciation of good design and UXExperience with SQL and being comfortable with querying databaseAdditional InformationBeing a part of the Netcompany-Ιntrasoft team, you will be provided with: The opportunity to work in a modern environment & in a hybrid working modelA seamless onboarding experience and a buddy to support you on your first stepsA competitive compensation & benefits packageHealth and life insurance programMeal and commuting allowanceWell-being activities (on premises)Continuous learning opportunities using the most modern methods (unlimited access to Udemy for Business, ad-hoc trainings)A personalized development plan for targeted career growthIf you are looking forward to be part of a diverse environment, and have the opportunity to work alongside well-experienced professionals, on challenging, large-scale projects that directly impact millions of citizens around the globe, then this is the place to be!Join Netcompany-Intrasoft Thessaloniki's branch, and be part of our 250+ tech enthusiasts team!Our cultureOur people are the most important element of our success. Our work life is well defined by our set of fundamental Values: https://netcompany.com/careers/greece/our-values/ #BePartOfSomethingGreat!Please submit your CV in English. All applications will be treated as strictly confidential.We ensure equal opportunities, treatment, and consideration to all candidates. Discrimination based on sex, racial or ethnic origin, religion or belief, disability, age, sexual orientation or marital status, physical or mental disability, or any other factor protected by applicable laws and regulations is prohibited. As part of the Netcompany-Intrasoft culture, we respect human rights and focus on creating a positive workplace, where all employees are valued, and where diversity and inclusion are a vital part of our our everyday working experience.",,Full-time,"Thessaloniki, Greece",EL,2025-01-18,kariera.gr,197429,,"['http://data.europa.eu/esco/skill/0af062de-eb43-41e9-9b96-249e2cd22d26', 'http://data.europa.eu/esco/skill/23ac233d-84ad-4517-b0f5-8ca19ba2614e', 'http://data.europa.eu/esco/skill/598de5b0-5b58-4ea7-8058-a4bc4d18c742', 'http://data.europa.eu/esco/skill/8f6ed69b-29d0-4c01-81ba-f05920a185f3', 'http://data.europa.eu/esco/skill/fc4fcb4b-993f-4f2c-b158-c2171ec18ed8']","['http://data.europa.eu/esco/occupation/719f101d-1866-49d3-8d5c-2256f606a8b9', 'http://data.europa.eu/esco/occupation/874a2080-a9b6-46a9-8662-c9b7d4208f73', 'http://data.europa.eu/esco/occupation/c40a2919-48a9-40ea-b506-1f34f693496d']"
1842465,Frontend Engineer (Angular) Mid-Senior,"Company DescriptionWe are Netcompany-Intrasoft, a member of Netcompany Group A/S, and a leading European IT Solutions and Services company with strong international presence and expertise, dedicated to responsible digitalisation. We offer innovative and added-value solutions of the highest quality to a wide range of public and private organizations, while being a key-player in the EU Institutions for the past 30 years. We hold an outstanding record of 500+ organizations in 70+ countries, that have chosen our solutions and services, to fulfil their business needs. Our team of 3500+ professionals is our driving force and our most valuable asset.Job DescriptionEver wondered what it feels like to be a Front End Developer (Angular) in Netcompany-Intrasoft? As a Front-end Developer, you will be a member of team responsible for designing, developing and testing in order to create software solutions aligned to the needs of the business and external customers. The role requires developed and strong foundation of web-development skills and good knowledge of relevant technologies.As a Frontend Developer you will:Able to take ownership, accountability and initiativeDetail-driven, able to take constructive criticismStrong analytical-thinker and problem-solverCommunicative and team playerQualificationsWhat would make you a fit for the role:University degree in Computer Science or Electrical EngineeringAt least 2 years of Javascript experienceAt least 1 year of Angular (version 2 or greater) development experience, or some other relevant framework (Backbone.js, AngularJS, viewJS, react)Knowledge of the interaction between JavaScript, HTML and CSS.Ability to create, modify, and style elements on a page with ease and can also do this dynamicallyAbility to analyse visual designs into design patternsStrong knowledge in MVC ArchitectureKnowledge of version control softwareExperience consuming RESTful API'sGood command of the English Language (written & verbal)It would also be a plus if you match some of the following:Cross browser experience, working with backwards compatibility with graceful degradationExperience in Bootstrap and responsive web application developmentFamiliarity with backend development, understanding application layersExperience writing RESTful API's and fully understanding the RESTful architecture and goalsA background in design or appreciation of good design and UXExperience with SQL and being comfortable with querying databaseAdditional InformationBeing a part of the Netcompany-Ιntrasoft team, you will be provided with: The opportunity to work in a modern environment & in a hybrid working modelA seamless onboarding experience and a buddy to support you on your first stepsA competitive compensation & benefits packageHealth and life insurance programMeal and commuting allowanceWell-being activities (on premises)Continuous learning opportunities using the most modern methods (unlimited access to Udemy for Business, ad-hoc trainings)A personalized development plan for targeted career growthIf you are looking forward to be part of a diverse environment, and have the opportunity to work alongside well-experienced professionals, on challenging, large-scale projects that directly impact millions of citizens around the globe, then this is the place to be!By joining Netcompany-Intrasoft Athens, you will be part of a vivid team of 2000+ tech enthusiasts. When at the office you will have the chance to work at our brand-new, state-of-the-art, sustainable offices, located in 3 different spots in Athens!Our cultureOur people are the most important element of our success. Our work life is well defined by our set of fundamental Values: https://netcompany.com/careers/greece/our-values/ #BePartOfSomethingGreat!Please submit your CV in English. All applications will be treated as strictly confidential.We ensure equal opportunities, treatment, and consideration to all candidates. Discrimination based on sex, racial or ethnic origin, religion or belief, disability, age, sexual orientation or marital status, physical or mental disability, or any other factor protected by applicable laws and regulations is prohibited. As part of the Netcompany-Intrasoft culture, we respect human rights and focus on creating a positive workplace, where all employees are valued, and where diversity and inclusion are a vital part of our our everyday working experience.",,Full-time,"Athens, Greece",EL,2025-01-18,kariera.gr,197427,,"['http://data.europa.eu/esco/skill/0af062de-eb43-41e9-9b96-249e2cd22d26', 'http://data.europa.eu/esco/skill/23ac233d-84ad-4517-b0f5-8ca19ba2614e', 'http://data.europa.eu/esco/skill/598de5b0-5b58-4ea7-8058-a4bc4d18c742', 'http://data.europa.eu/esco/skill/8f6ed69b-29d0-4c01-81ba-f05920a185f3', 'http://data.europa.eu/esco/skill/fc4fcb4b-993f-4f2c-b158-c2171ec18ed8']","['http://data.europa.eu/esco/occupation/719f101d-1866-49d3-8d5c-2256f606a8b9', 'http://data.europa.eu/esco/occupation/874a2080-a9b6-46a9-8662-c9b7d4208f73', 'http://data.europa.eu/esco/occupation/c40a2919-48a9-40ea-b506-1f34f693496d']"
1843195,Full Stack Web Developer,"The NextCom Group of Companies is looking for a talented and skilled Full Stack Web Developer to join our team. The ideal candidate will have experience developing web applications, both frontend and backend, with the goal of creating innovative and functional digital solutions.
 
Basic Requirements

University degree or equivalent in Information Technology, Computer Engineering or related field.
Frontend: Excellent knowledge of HTML5, CSS3 and JavaScript.
Backend: Experience in languages ​​such as Node.js, Python, PHP or Java.
Knowledge of frameworks such as React, Angular, Vue.js or equivalent.
Experience with databases (MySQL, PostgreSQL, MongoDB).
Good understanding of RESTful APIs and Web Services.
Basic knowledge of design and user experience (UI/UX).
Familiarity with version control tools such as Git.

 
It will be appreciated

3+ years of experience in a similar position (Full Stack Developer, Web Developer).
Experience with CMS platforms (WordPress, Drupal, Joomla).
Knowledge of DevOps tools (Docker, Kubernetes) and cloud platforms (Google Cloud, AWS).
Understanding of security practices (OWASP, SSL/TLS).
Enthusiasm for new technologies and open-source projects.
Ability to work in a team and take initiative.

 
Why Choose Us?
At NextCom, we offer a supportive work environment that encourages the development of your skills and innovation. We work together to create unique web applications that deliver an exceptional user experience.
 
How to Apply
If you have the experience and skills we are looking for, send your CV and an accompanying text to it2@nextcom.gr. We look forward to working together!",Mid-level,Full-time,"Athens, Greece",EL,2025-01-16,kariera.gr,196587,,"['http://data.europa.eu/esco/skill/001115fb-569f-4ee6-8381-c6807ef2527f', 'http://data.europa.eu/esco/skill/19a8293b-8e95-4de3-983f-77484079c389', 'http://data.europa.eu/esco/skill/1de3942b-99d8-41e8-9ef0-fbc9e9f6307b', 'http://data.europa.eu/esco/skill/1ffac4ac-fda7-407d-8ed1-ca8f4a8dc146', 'http://data.europa.eu/esco/skill/2fb8480e-de3c-462b-b169-e8bbb344da68', 'http://data.europa.eu/esco/skill/42cb7669-c371-4903-9c0b-13db67b2e4bb', 'http://data.europa.eu/esco/skill/4350c38d-0fe9-4ca7-bab9-40ed7f72b04f', 'http://data.europa.eu/esco/skill/89f6560b-2194-45c9-9ece-d33049a73eef', 'http://data.europa.eu/esco/skill/902fb91c-3113-4004-9b4f-79aa86b638b7', 'http://data.europa.eu/esco/skill/9d2e926f-53d9-41f5-98f3-19dfaa687f3f', 'http://data.europa.eu/esco/skill/a8d07b5a-c1a1-42c6-9d53-db9c7a2ca996', 'http://data.europa.eu/esco/skill/ccd0a1d9-afda-43d9-b901-96344886e14d', 'http://data.europa.eu/esco/skill/d2adb565-a865-424d-aeb5-9fbcbf2afe2a', 'http://data.europa.eu/esco/skill/f0de4973-0a70-4644-8fd4-3a97080476f4', 'http://data.europa.eu/esco/skill/f84a433f-34f1-4083-b0a3-24802623509c']","['http://data.europa.eu/esco/occupation/92bb3d8c-8a9f-4cd7-80ec-247bbf173004', 'http://data.europa.eu/esco/occupation/c40a2919-48a9-40ea-b506-1f34f693496d', 'http://data.europa.eu/esco/occupation/cc867bee-ab5c-427f-9244-f7a204d9574b', 'http://data.europa.eu/esco/occupation/faed411a-f920-4100-86a8-b877928b429c']"
1844013,PHP Software Developer,"PHP Software Developer (m/f/x) 
Fieldcode is a Field Service Management (FSM) software created from 20 years of global field service expertise, providing Zero-Touch automation and efficient software solutions.  
We are looking for a PHP Software Developer with strong experience in PHP development and a passion for creating clean, efficient, and scalable code while working on internal and customer projects with cross-functional teams to meet client needs and business goals.
Responsibilities:
•    Develop and maintain web applications using PHP and the Typo3 framework, covering both backend and frontend development by adhering to the MVC design pattern and clean code principles.•    Manage and interact with SQL and NoSQL databases to ensure efficient data storage and retrieval.•    Understand and utilize index, cache, and messaging systems to enhance application performance and scalability.•    Conduct testing and participate in continuous integration processes.•    Ensure the performance, quality, and responsiveness of applications.•    Participate in code reviews and provide constructive feedback to peers.
Technical Requirements:
•    At least 5 years of experience in professional software development using PHP and the Typo3 framework.•    Experience with version control systems, particularly Git.•    Knowledge of continuous integration and unit testing practices.•    Solid knowledge of load testing and performance monitoring.•    Experience with automated testing procedures (unit tests, integration tests, end-to-end tests).•    Proficiency in front-end technologies (HTML, CSS, JavaScript/TypeScript) for at least 5 years.•    Excellent problem-solving skills and attention to detail.•    Experience with Azure DevOps and AWS infrastructure is a plus.
Qualifications:
•    Degree in Computer Science, Information Technology, or a related field, or comparable qualification.•    Analytical thinking and problem-solving skills.•    Excellent verbal and written communication skills in English.•    Ability to work collaboratively in a team environment.•    Strong organizational and time-management skills.
We offer you
•    A secure job in an innovative, international software company. •    Flexible working hours and remote work opportunities.•    A company that not only achieves economic success but also works hard to make the world a better place.•    Very good opportunities for professional and personal development through our own personnel development program.•    Mentoring program to facilitate the onboarding process. •    Room for own ideas and suggestions for improvement as well as their quick implementation due to our very short decision-making processes.
Who we are 
We develop Field Service Management software to provide Zero-Touch automation to drive an efficient and modern service organization. We are working hard to provide cutting edge technologies, innovative sustainability measures, and exceptional service.
Let’s make the world a better place – together! We are looking forward to your message.
Please visit us on our website and apply!",Mid-level,Full-time,"Athens, Greece",EL,2025-01-13,kariera.gr,195617,,"['http://data.europa.eu/esco/skill/103f7814-d262-4df6-a1b6-759bc51f76cb', 'http://data.europa.eu/esco/skill/3993c87c-7719-4186-811b-8ddfb40e76be', 'http://data.europa.eu/esco/skill/4707da90-9cfc-46ca-8de0-38a0b7bfb137', 'http://data.europa.eu/esco/skill/519e801b-3cc4-44d4-bcf1-32fdb9a77e51', 'http://data.europa.eu/esco/skill/54660948-b811-49a9-874c-bf2be5f280a2', 'http://data.europa.eu/esco/skill/76ef6ed3-1658-4a1a-9593-204d799c6d0c', 'http://data.europa.eu/esco/skill/9d2e926f-53d9-41f5-98f3-19dfaa687f3f', 'http://data.europa.eu/esco/skill/adc6dc11-3376-467b-96c5-9b0a21edc869', 'http://data.europa.eu/esco/skill/c4b1f326-224a-420a-b8b3-814a8f13b6cb', 'http://data.europa.eu/esco/skill/dbc538a0-7d1d-4394-b2f6-8fae44a55d86', 'http://data.europa.eu/esco/skill/ea412de3-9d7a-4943-8d8c-c6d3c7495d0e', 'http://data.europa.eu/esco/skill/fc54bd7f-0c03-4fdd-af8c-5eb4021e716d']","['http://data.europa.eu/esco/occupation/866c7813-2c03-47d7-9bdc-192cfbace57c', 'http://data.europa.eu/esco/occupation/8cb59bc4-1f39-477e-beea-effed12d186c', 'http://data.europa.eu/esco/occupation/cc867bee-ab5c-427f-9244-f7a204d9574b']"
1844163,WEB DEVELOPER,"FactSet Digital Solutions is a provider and operator of customized financial market information systems. The group provides solutions for reporting and analysis of financial market data to approximately 250 banks, financial service providers and media companies in Europe and the US, both for their employees and end customers. The services include conception, design, development and operation of solutions over the Internet as well as intranets. Professional Consulting (based in Athens, Greece) is one of FactSet’s development partners for web based solutions.
We are looking for motivated web-developers for applications who will make financial data obvious.
Is web-development your passion? Are you keen on creating websites even in your spare time? Do you find advanced technology and new methods attractive? Can you deal with JavaScript, PHP and keep up with all the fast-paced improvements and innovations in modern Web Development? Does the continuous improvement of existing functions appeal to you? Then you are exactly what we are seeking!
Must-haves:
* JavaScript
* Vue.js (or prior experience with any other major frontend JS framework like Angular,React)
* PHP
* Symfony (or prior experience with any other major PHP MVC framework like Laravel)
* Object-Oriented Programming (OOP)
* MySQL
* HTML
* CSS
* Git
* English language skills
Nice-to-haves:
* Node.js
* Webpack
* Vuex
* REST
* Additional language skills in the following languages: Italian, German, Spanish, French
We offer:
* Create and innovate by using State-of-the-Art technologies
* Start-up atmosphere combined with a secured job position
* Flexible working times
* Flexible work model
* Home office
* Trainings, workshops
* Flat hierarchies
* Excellent career prospects
* Young, dynamic and independent development team
Salary:

Competitive salary",Mid-level,Full-time,"Thessaloniki, Greece",EL,2025-01-13,kariera.gr,195446,,"['http://data.europa.eu/esco/skill/14ee9f76-3524-43d5-8a1a-5ba8283f8bd7', 'http://data.europa.eu/esco/skill/4350c38d-0fe9-4ca7-bab9-40ed7f72b04f', 'http://data.europa.eu/esco/skill/5be3d306-6cf1-4b49-aa1d-01651dd4ba4c', 'http://data.europa.eu/esco/skill/8327754d-3990-4056-b07e-4faa49cfcd26', 'http://data.europa.eu/esco/skill/87219dfe-a21c-4160-8cc8-1eabf9b16b44', 'http://data.europa.eu/esco/skill/88af9294-b697-4687-ae19-aefbb6234dfa', 'http://data.europa.eu/esco/skill/e3c7bd87-edc1-4d9a-a3d5-36415de1aac6', 'http://data.europa.eu/esco/skill/e92f4673-1dec-41ec-b6ec-36fef226359c']",['http://data.europa.eu/esco/occupation/c40a2919-48a9-40ea-b506-1f34f693496d']
1844963,WEB DEVELOPER,"FactSet Digital Solutions is a provider and operator of customized financial market information systems. The group provides solutions for reporting and analysis of financial market data to approximately 250 banks, financial service providers and media companies in Europe and the US, both for their employees and end customers. The services include conception, design, development and operation of solutions over the Internet as well as intranets. Professional Consulting (based in Athens, Greece) is one of FactSet’s development partners for web based solutions.
We are looking for motivated web-developers for applications who will make financial data obvious.
Is web-development your passion? Are you keen on creating websites even in your spare time? Do you find advanced technology and new methods attractive? Can you deal with JavaScript, PHP and keep up with all the fast-paced improvements and innovations in modern Web Development? Does the continuous improvement of existing functions appeal to you? Then you are exactly what we are seeking!
Must-haves:
* JavaScript
* Vue.js (or prior experience with any other major frontend JS framework like Angular,React)
* PHP
* Symfony (or prior experience with any other major PHP MVC framework like Laravel)
* Object-Oriented Programming (OOP)
* MySQL
* HTML
* CSS
* Git
* English language skills
Nice-to-haves:
* Node.js
* Webpack
* Vuex
* REST
* Additional language skills in the following languages: Italian, German, Spanish, French
We offer:
* Create and innovate by using State-of-the-Art technologies
* Start-up atmosphere combined with a secured job position
* Flexible working times
* Flexible work model
* Home office
* Trainings, workshops
* Flat hierarchies
* Excellent career prospects
* Young, dynamic and independent development team
Salary:

Competitive salary",Mid-level,Full-time,"Athens, Greece",EL,2025-01-09,kariera.gr,194423,,"['http://data.europa.eu/esco/skill/14ee9f76-3524-43d5-8a1a-5ba8283f8bd7', 'http://data.europa.eu/esco/skill/4350c38d-0fe9-4ca7-bab9-40ed7f72b04f', 'http://data.europa.eu/esco/skill/5be3d306-6cf1-4b49-aa1d-01651dd4ba4c', 'http://data.europa.eu/esco/skill/8327754d-3990-4056-b07e-4faa49cfcd26', 'http://data.europa.eu/esco/skill/87219dfe-a21c-4160-8cc8-1eabf9b16b44', 'http://data.europa.eu/esco/skill/88af9294-b697-4687-ae19-aefbb6234dfa', 'http://data.europa.eu/esco/skill/e3c7bd87-edc1-4d9a-a3d5-36415de1aac6', 'http://data.europa.eu/esco/skill/e92f4673-1dec-41ec-b6ec-36fef226359c']",['http://data.europa.eu/esco/occupation/c40a2919-48a9-40ea-b506-1f34f693496d']
1860318,Frontend developer / software engineer (JavaScript),"Company overview: 
We are a Europe-based AI and digital technology group with offices in Germany, Hungary and Greece. Our team is at the forefront of innovative solutions and we are looking for a dedicated and dynamic Project Manager to support our team remotely. You will work in a collaborative and innovative international team with opportunities for professional growth and development. 
Main tasks: 

Plan, manage and monitor projects to ensure they are delivered on time and meet customer expectations.
Collaborate with diverse teams to align project goals and effectively manage priorities.
Maintain clear and open communication with customers and stakeholders, ensuring their needs are met throughout the project lifecycle.
Anticipate, identify and manage challenges or risks that may arise during projects.
Create tasks, track project progress, and adjust plans and priorities as needed in a dynamic environment.
Facilitate effective meetings and provide clear action points to ensure smooth project delivery.
Document project milestones, decisions and deliverables to ensure transparency and future reference.
Create technical tasks for developers based on collected business requirements.
Test implemented features in the project (no code testing required). 

Requirements and Qualifications: 

Strong interpersonal and communication skills and the ability to lead teams.
Fluent English and German skills (spoken and written) are essential. Proficiency in other languages ​​is highly valued.
A bachelor's or master's degree is not mandatory, but is considered a plus, especially in technical areas.
Ability to manage multiple projects at the same time.
Organizational and time management skills.
Ability to quickly adapt to changing priorities and solve problems under pressure.
Experience in project management is a must? However, a technical background is not required but is an advantage.
Familiarity with project management tools (e.g. YouTrack, Float) is an advantage.
Experienced MS Office user (e.g. Word, Excel, PowerPoint). 

Why should you join CBSI Systems? 

Work on exciting projects with an international customer base.
Become part of a collaborative and innovative team that values ​​your contributions.
Enjoy flexible working hours and remote work options.
Competitive salary and benefits tailored to your experience.
Opportunities for professional development and advancement.",Mid-level,Full-time,"Ioannina, Greece",EL,2025-01-22,kariera.gr,197649,,"['http://data.europa.eu/esco/skill/0da516ee-e70e-4384-be13-f5ff80be8127', 'http://data.europa.eu/esco/skill/1f1d2ff8-c4c1-45cc-9812-6a7ee84a73cb', 'http://data.europa.eu/esco/skill/477173ca-5fc2-406b-9122-95d92811f284', 'http://data.europa.eu/esco/skill/4812a4ea-dc55-4dc6-b9b0-4a59bba2c647', 'http://data.europa.eu/esco/skill/4d38b095-6730-4157-9807-8049dd7b43b8', 'http://data.europa.eu/esco/skill/a8797f21-1af0-4c5e-98ca-bf1442929363', 'http://data.europa.eu/esco/skill/a8d24a95-47b3-4f88-92e7-06600bcd3612', 'http://data.europa.eu/esco/skill/c881ddd2-9c0e-4743-bd24-36be650493dd', 'http://data.europa.eu/esco/skill/d62d2b4c-a6f8-439e-8a1b-4f29ab5f2c47', 'http://data.europa.eu/esco/skill/fc3cdc2c-7b79-4b5c-a4b0-f3b996fef849']","['http://data.europa.eu/esco/occupation/6cd08cbe-7611-4d70-8886-6c59c0385442', 'http://data.europa.eu/esco/occupation/866c7813-2c03-47d7-9bdc-192cfbace57c', 'http://data.europa.eu/esco/occupation/bea99fea-0383-4c63-b944-70d4799de2c5', 'http://data.europa.eu/esco/isco/C2']"
1861912,Experienced Full Stack Developer,"About Us
We are an award-winning scale-up in the events industry, serving clients in multiple countries with our cutting-edge SaaS platform. Our mission is to revolutionize the events sector by providing innovative, high-quality solutions that empower our clients to succeed.
We are looking for a Full Stack Developer to join our growing team and contribute to the continuous evolution of our platform, supporting both backend and frontend development.
 
Required Qualifications

At least 2 years of experience in developing applications using:
C#, ASP.NET MVC, and Web API
Strong knowledge of JavaScript, HTML, CSS and development tools like Visual Studio
Experience in designing and developing frontend and backend applications
Familiarity with relational databases (e.g., SQL Server) and good knowledge of SQL
Problem-solving skills, debugging, and code analysis abilities
Ability to work effectively in a team-oriented and fast-paced environment

 
Preferred Qualifications

Experience with Entity Framework or other ORM technologies
Familiarity with AWS or DevOps practices
Experience with RESTful APIs
Understanding of CI/CD pipelines

 
What We Offer

Competitive salary package
Continuous training and opportunities for career development
A modern, friendly, and supportive work environment
Participation in cutting-edge projects using modern technologies
The opportunity to work with an award-winning SaaS platform in the global events industry
Full-time, on-site position at our offices

 
If you’re excited to join our dynamic scale-up making waves in the events industry, we look forward to hearing from you!",Mid-level,Full-time,"Neo Psychiko, Greece",EL,2025-01-27,kariera.gr,199456,,"['http://data.europa.eu/esco/skill/0af062de-eb43-41e9-9b96-249e2cd22d26', 'http://data.europa.eu/esco/skill/2522a6ce-3202-4ac8-9f5b-b9cb5a3a83a1', 'http://data.europa.eu/esco/skill/4c016b68-4116-468c-9dc6-42710c239e4a', 'http://data.europa.eu/esco/skill/7bb5d9af-0a7e-48a7-a860-0e1ded0f6e75', 'http://data.europa.eu/esco/skill/925463a7-d51f-4d5b-9f79-4d28cf30acde', 'http://data.europa.eu/esco/skill/adc6dc11-3376-467b-96c5-9b0a21edc869', 'http://data.europa.eu/esco/skill/c062bab3-3ea0-4291-9220-a2d8fef4bead', 'http://data.europa.eu/esco/skill/c4b1f326-224a-420a-b8b3-814a8f13b6cb', 'http://data.europa.eu/esco/skill/f0de4973-0a70-4644-8fd4-3a97080476f4']","['http://data.europa.eu/esco/occupation/1b38a27d-ef98-4d9f-b1b2-8c109bf47e79', 'http://data.europa.eu/esco/occupation/5d0cc30d-068a-424c-8463-f42872a7149e', 'http://data.europa.eu/esco/occupation/866c7813-2c03-47d7-9bdc-192cfbace57c', 'http://data.europa.eu/esco/occupation/ab7bccb2-6f81-4a3d-a0c0-fca5d47d2775', 'http://data.europa.eu/esco/occupation/cc867bee-ab5c-427f-9244-f7a204d9574b']"
1906683,Front-End Software Developer,"As we are expanding, we are looking to hire an ambitious and self-driven Front-End Software Developer to work on a large-scale project related to the Fintech Industry. In this role, you’ll make a significant contribution to translating our customer or internal needs and user expectations into interactive web apps. If you love combining the art of designing with the art of programming in order to implement visual elements that users see and interact within a web application, then FXGT is a perfect place to get ahead. 
 
Job Responsibilities

Compile and analyze data, processes, and codes to troubleshoot problems and identify areas for improvement
Clearly understand and process requirements coming from the Product team
Build web applications with web development best practices
Build effective, optimized, high-quality reusable and well-documented code related to CRM functionality, financial transactions, blockchain (advantage), API integrations with payment gateways and other third-party systems as well as database structure
Regularly communicate and collaborate with other developers, quality assurance team, UX/UI designers, and system analysts to establish objectives and design more functional, cohesive codes to enhance the user experience
Bridge the gap between graphic design and technical implementation
Work with back-end developers to integrate UI components with APIs and databases
Debug errors, troubleshoot issues, and perform routine performance optimizations
Develop automated tests to ensure business needs are met and allow for regression testing
Test the quality of the code before submitting it for QA
Stay up to date with the latest tools and libraries to benefit user experience, performance, and developer experience

Job Requirements

Degree in Engineering, Computer Science, or similar field
At least 3 years of development experience
Proficient understanding of code versioning tools, such as Git
Experience on RESTful APIs
Strong understanding of the web development cycle and programming techniques and tools
Implement automated testing platforms and unit tests
Knowledge of any frontend JavaScript/Typescript framework such as ReactJS, VueJS, Angular
Knowledge of PHP would be considered an advantage
Team player with excellent written and verbal communication skills
Excellent written and verbal skills in English
Ability to quickly learn a new programming language or development framework
Self-motivated and self-managing, with excellent organizational skills
Attention to detail and desire to probe further into data

 
Package

Attractive remuneration package
Corporate fund scheme
Discretionary bonus based on company's and personal performance
Discount benefit card
Referral Bonus
Friday Lunch and daily snacks and beverages at the office
Yearly Training Budget – Udemy membership per department
Training opportunities for growth and personal development
Up to 25 days holidays per year
Hybrid working model 

 
Please note that due to the high volumes of applications received, only shortlisted applicants will be responded to.",Mid-level,Full-time,"Athens, Greece",EL,2025-02-13,kariera.gr,204192,,"['http://data.europa.eu/esco/skill/1177c6f5-09c5-4c35-873c-afd22d170ad3', 'http://data.europa.eu/esco/skill/15d76317-c71a-4fa2-aadc-2ecc34e627b7', 'http://data.europa.eu/esco/skill/1ffac4ac-fda7-407d-8ed1-ca8f4a8dc146', 'http://data.europa.eu/esco/skill/2522a6ce-3202-4ac8-9f5b-b9cb5a3a83a1', 'http://data.europa.eu/esco/skill/43ae58b9-5e56-4524-b45a-b422777a0576', 'http://data.europa.eu/esco/skill/519e801b-3cc4-44d4-bcf1-32fdb9a77e51', 'http://data.europa.eu/esco/skill/5b26f08b-88bc-45f0-b901-530d7786466b', 'http://data.europa.eu/esco/skill/68269b0a-35c5-4867-bc17-a0b0230fe60c', 'http://data.europa.eu/esco/skill/7d10fcb2-b368-48ab-996b-7c9fafcf68ed', 'http://data.europa.eu/esco/skill/97bd1c21-66b2-4b7e-ad0f-e3cda590e378', 'http://data.europa.eu/esco/skill/d52382fe-f236-421f-95fe-34fe69d48dbd', 'http://data.europa.eu/esco/skill/f058bf62-70d1-4f5e-be2a-8b26fac24a96', 'http://data.europa.eu/esco/skill/f7e7ccb6-fadc-4c35-935d-e1040be40dfe']","['http://data.europa.eu/esco/occupation/326027fc-5408-47cd-9b32-fbe770dbbe80', 'http://data.europa.eu/esco/occupation/3d190639-90f8-4402-b1b3-a104a17e0d67', 'http://data.europa.eu/esco/occupation/866c7813-2c03-47d7-9bdc-192cfbace57c', 'http://data.europa.eu/esco/occupation/8cb59bc4-1f39-477e-beea-effed12d186c', 'http://data.europa.eu/esco/occupation/96e20037-0a25-4bf6-a25e-808d1605d890', 'http://data.europa.eu/esco/occupation/a6a0b60f-08da-4faa-bf54-942987efb471', 'http://data.europa.eu/esco/occupation/c40a2919-48a9-40ea-b506-1f34f693496d', 'http://data.europa.eu/esco/isco/C4']"
1907830,Full Stack Developer,"About Us 
SurPrice Mobility is a leading company in the Car Rental and Mobility industry, known for its dedication to delivering quality services at competitive rates. With flexible terms, 24-hour customer support, and a customer-first approach, we aim to redefine mobility solutions globally.
As we expand our portfolio of innovative services, we're investing heavily in our in-house development team to help shape the future of our digital ecosystem. Join us at this exciting juncture as we reimagine our core systems and take on ambitious projects that will impact the experience of thousands of users worldwide.
 
We are seeking a passionate and experienced Full-Stack Developerto join our dynamic team. This role offers the opportunity to work on cutting-edge technologies and play a key role in building our systems from the ground up. As we embark on rewriting and modernizing our core platforms, you’ll have a chance to design, develop, and shape the architecture of critical services and applications.
This position is ideal for someone who thrives on solving complex challenges, values clean and efficient code, and is eager to mentor and collaborate with a talented team of developers.
 
Your Responsibilities 
· Design, develop, and deploy scalable services and applications that align with business goals and technical specifications.
· Provide constructive feedback on technical designs and specifications, helping to refine and enhance project objectives.
· Act as a mentor and guide to junior developers, fostering a culture of knowledge sharing and continuous improvement.
· Collaborate with cross-functional teams to ensure seamless integration of services and technologies.
· Contribute to system architecture and design discussions, bringing innovative ideas and best practices to the table.
· Continuously refine your skills and stay updated on emerging technologies to deliver the best solutions.
 
What We’re Looking For
· Experience:5+ years of hands-on development experience.
· Technical Expertise:
o Expert frontend knowledge, specifically with HTML, CSS, and React (required)
o Strong proficiency in Node.js and TypeScript(required)
o Experience working with event-driven microservices
o Proficiency with AWS, GCP, or other cloud platforms, with a solid understanding of cloud-native design
o Familiarity with CI/CD pipelines, Git version control, and containerization tools like Docker.
· Problem-Solving:Exceptional analytical and troubleshooting skills to handle complex scenarios.
· Communication:Fluent in English with excellent written and verbal communication skills.
 
What We Offer
· Remote-First Culture:Enjoy the freedom of working fully remotely from anywhere.
· Flexibility:Flexible working hours that allow you to balance professional and personal commitments.
· Challenging Projects:Work on exciting, impactful projects that redefine our industry.
· Growth Opportunities:A supportive environment where you can expand your skills, take ownership of key initiatives, and advance your career.
· Collaborative Team:Join a team of talented, driven professionals committed to delivering excellence.
 
Be part of a forward-thinking company where your contributions will directly influence our success and shape the future of mobility solutions.
If you’re ready to make a difference and grow with us, apply today!",Mid-level,Full-time,"Penteli, Greece",EL,2025-02-10,kariera.gr,202912,,"['http://data.europa.eu/esco/skill/0550431f-9c8b-4204-9c45-59bc5feacf06', 'http://data.europa.eu/esco/skill/0af062de-eb43-41e9-9b96-249e2cd22d26', 'http://data.europa.eu/esco/skill/0da516ee-e70e-4384-be13-f5ff80be8127', 'http://data.europa.eu/esco/skill/2857540c-180b-4208-9127-e94a01871966', 'http://data.europa.eu/esco/skill/3993c87c-7719-4186-811b-8ddfb40e76be', 'http://data.europa.eu/esco/skill/a06a0d41-10fa-4ba7-a988-e8b5eba966fb', 'http://data.europa.eu/esco/skill/a15dab55-f1da-4f85-ae3e-2b5c5b5333ca', 'http://data.europa.eu/esco/skill/c475b9cd-148b-4854-b13e-1e1a86231943', 'http://data.europa.eu/esco/skill/c624c6a3-b0ba-4a31-a296-0d433fe47e41', 'http://data.europa.eu/esco/skill/c69587b4-05d3-45bb-b79b-9b85e6603fc2', 'http://data.europa.eu/esco/skill/e76dd90d-91c4-49c0-bfd0-dfa2c4c90c81']","['http://data.europa.eu/esco/occupation/349ee6f6-c295-4c38-9b98-48765b55280e', 'http://data.europa.eu/esco/occupation/3b129d8d-268e-465a-b0c5-bf32cae59a41', 'http://data.europa.eu/esco/occupation/812c217d-32b7-4f6a-9faf-993d3577ac7f', 'http://data.europa.eu/esco/occupation/8cb59bc4-1f39-477e-beea-effed12d186c', 'http://data.europa.eu/esco/occupation/f2b15a0e-e65a-438a-affb-29b9d50b77d1']"
1908636,Frontend Developer,"About the job In times of increasing resource scarcity, global warming and environmental challenges, GWF goes the extra mile to measure valuable resources (water, heat, gas, electricity). We have gathered a crowd of 300+ fantastic people in various locations to accomplish double-digit growth and bring cool products to the market. We are working globally and within our home market Switzerland and we constantly strive to reinvent ourselves, pushing forward a wave of dynamic technology and infrastructure investments. You will be a part of our young and growing GWF Labs team in Thessaloniki, whose mission is to create real-time decision systems and intelligent solutions by harnessing IoT and telemetry data. The newly formed team offers a vibrant start-up environment with passionate bright colleagues and a clear goal to transform IoT data into modern applications. We commit to a pleasant, fun and achievement-oriented environment with plenty room for growth.   Your role As Frontend developer you will build modern web applications that allow our customers to visualize their data coming from IoT devices and administer their devices in the field. As such, you will become familiar with GWF’s proprietary technology and develop visually rich user experiences. You will work hand-in-hand with the local team, while having access to expert technical guidance by the respective product tech leads. You will design, implement and maintain features on our web platform. You will collaborate with the backend team to make sure internal APIs and endpoints accurately reflect the needs of the frontend. You will participate in agile processes within Microsoft’s ecosystem (MS Teams, Azure DevOps) including sprint planning, ticket grooming and daily stand-ups. You will keep yourself up-to-date with respect to the technology landscape and contribute in the platform’s optimization and lifecycle, from ideation to deployment to the cloud.   Qualifications and experience

2+ years of working experience in building modern web applications
Experience in building applications with mainly React
Deep knowledge and understanding of JavaScript fundamentals
Good understanding of CSS preprocessors and bundling tools
Solid understanding of the web platform and its capabilities
Confidence using Git commands
Clear and effective communication skills in English (written and verbal),

Nice to have

Familiarity with Cloud Services (e.g., Azure, AWS, GCP) 
Experience with React meta-frameworks (Remix run, Next.js)
German
BSc/MSc in Computer science or similar rounds up your profile

We offer

A pleasant, fun and achievement-oriented environment
Learning and growth opportunities in an international company setup
Full support for relevant training & lifelong learning initiatives
Medical Coverage Package
Modern, bright office with parking space, located close to the airport
Company Sponsored events
Relocation package for applicants abroad

 
Interested? We look forward to receiving your complete application documents. Please note that we only consider applications received via our website.",Mid-level,Full-time,"Thermi, Greece",EL,2025-02-05,kariera.gr,201912,,[],"['http://data.europa.eu/esco/occupation/2fb96c6c-8d0b-4ef0-b1ee-3e493305e4eb', 'http://data.europa.eu/esco/occupation/6ce5f7e3-a534-4aa2-ab23-255408ddb53a', 'http://data.europa.eu/esco/occupation/8cb59bc4-1f39-477e-beea-effed12d186c', 'http://data.europa.eu/esco/isco/C2133']"
1909326,Junior IoT Developer @ Thessaloniki,"What Impact will you make?
Junior IoT Developer@ Deloitte Alexander Competence Center
Are you looking for an opportunity in Thessaloniki, Greece that offers you a hybrid working model?
Are you ready to work on international projects for industry-leading clients around the world and elevate your tech consulting career to an international level?
If so, check below for more info about this career opportunity!
You bring passion, we bring opportunities!
YOUR OPPORTUNITY
Deloitte is a worldwide leader in Professional Services with a presence in more than 150 countries and territories. Since 2018, Deloitte has been operating its Alexander Competence Center in Thessaloniki with satellites in the cities of Patras, Heraklion, and Ioannina - which are model hubs of expertise, training, and innovation, specializing in cutting-edge exponential technologies, in which graduates and young professionals undergo immersive experiences, continuous learning, gaining practical insights and hands-on training that empower them to navigate the complexities of the digital landscape.
Deloitte is an ideal working environment for both young and senior professionals who want to take the next step in their careers, offering them a supportive and international working environment that leverages their expertise and potential. Its corporate culture is based on trust and collaboration and ensures diversity and inclusion so that everyone feels part of a great team.
ABOUT YOUR TEAM
Our IoT practices support our customers in understanding and adopting the most advanced technological solutions in industrial fields and more, identifying and implementing the integration architectures that best meet the requirements and business strategies.
Through our solution architects and developers, we help our customers to create safe and reliable innovations that guarantee a real competitive advantage in the market:

Our areas of expertise offer solutions in the Smart Manufacturing, Industrial Internet of Things (IIoT and IoT) and Computer Vision.
Graphical interfaces that offer a high level of usability and scalability on different devices, adhering to well-defined graphical standards.
Integration Services solutions that aimed at radically transforming operational and digital processes, making them more efficient. Nowadays, a mandatory element for the unison functioning of complex enterprise ecosystems.
Technological Architectures that allow the most modern Cloud applications to be integrated and communicated with ""plug & play"" systems with enterprise systems.
Micro-services implementation that allows orchestration, reuse, and high availability in order to reduce time to market and improve the user experience.

 
OUR REQUIREMENTS:
Key Qualifications

Own a degree from a University or Technological Educational Institution (already graduated or expected to graduate within spring/autumn of 2024) in Informatics, Computer Science, Software Engineering or similar technical course of study
Be available to work full-time with a permanent contract at DACC office in Thessaloniki, Heraklion, Patra, Ioannina
Have a good understanding of the software lifecycle and problem-solving skills
Have Strong oral and written communication skills in Greek and English
Be Proactive and have genuine enthusiasm, curiosity and #teamwork attitude 
Have Programming knowledge:

Object Oriented Programming concepts
At least one of the following programming languages:
Java (preferred), Phyton, C#, C++
Relational databases (one of: SQLite, PostgreSQL, Ms SQL Server, etc.)
Knowledge of REST API, SOAP WS, MQTT, Integration Architectures principles
Good Linux knowledge (Ubuntu and/or SUSE)
Basic networking knowledge


Bonus Qualifications

Basic Angular or other frontend technology knowledge
CVS: Version Control/Git
Experience with CI/CD tools (Azure DevOps, Jenkins, GitLab)
Experience with AWS tools (S3, Cloudwatch, Athena, Lambda functions, Stream Manager, Greengrass)
Basic knowledge of WebSockets
Basic testing and test report preparation experience
Knowledge of SOAP WS protocol
Knowledge of MES\MOM products (Siemens Opcenter Foundation, PTC Thingworks\Kepware)
Have your Military obligations fulfilled 
Enjoy traveling and working abroad
Italian language

 
WE ARE LOOKING FOR:
Individuals who have a strong will to expand their knowledge of new technologies, a passion to grow within the company and aspirations for career growth. At Deloitte we foster a consultative culture because the best decisions are made in consultation with others. We approach our work with a collaborative mindset, teaming across businesses, geographies, and skill sets to deliver tangible, measurable, attributable impact. These are not aspirations, but principles that we all commit to today and every day.",Entry / Junior,Full-time,"Pylaia, Greece",EL,2025-02-03,kariera.gr,201072,,"['http://data.europa.eu/esco/skill/09f2f811-a3fb-4de3-a70f-6420a6935575', 'http://data.europa.eu/esco/skill/11430d93-c835-48ed-8e70-285fa69c9ae6', 'http://data.europa.eu/esco/skill/19a8293b-8e95-4de3-983f-77484079c389', 'http://data.europa.eu/esco/skill/1ffac4ac-fda7-407d-8ed1-ca8f4a8dc146', 'http://data.europa.eu/esco/skill/2a2fa8e8-aaf3-4abf-a60b-af6415f1c6d4', 'http://data.europa.eu/esco/skill/2fb8480e-de3c-462b-b169-e8bbb344da68', 'http://data.europa.eu/esco/skill/429062f1-a958-43ea-83dd-4e1af078c156', 'http://data.europa.eu/esco/skill/495ce586-09d7-4cec-83d7-2821be6590c4', 'http://data.europa.eu/esco/skill/4c016b68-4116-468c-9dc6-42710c239e4a', 'http://data.europa.eu/esco/skill/5b26f08b-88bc-45f0-b901-530d7786466b', 'http://data.europa.eu/esco/skill/5be3d306-6cf1-4b49-aa1d-01651dd4ba4c', 'http://data.europa.eu/esco/skill/63b23e76-63cd-44e9-9685-173842d8b691', 'http://data.europa.eu/esco/skill/7629db63-5922-42fa-8c80-9575526f7326', 'http://data.europa.eu/esco/skill/7b0d5000-00da-4864-b776-6de49a87a669', 'http://data.europa.eu/esco/skill/7fc4c18a-68f3-425a-aadf-f83633be47a1', 'http://data.europa.eu/esco/skill/87219dfe-a21c-4160-8cc8-1eabf9b16b44', 'http://data.europa.eu/esco/skill/a8d07b5a-c1a1-42c6-9d53-db9c7a2ca996', 'http://data.europa.eu/esco/skill/adc6dc11-3376-467b-96c5-9b0a21edc869', 'http://data.europa.eu/esco/skill/b633eb55-8f1f-4ae6-ab4c-2022ffe2cb7f', 'http://data.europa.eu/esco/skill/ba2c6181-b036-40b4-8f6d-51499463ccbb', 'http://data.europa.eu/esco/skill/c062bab3-3ea0-4291-9220-a2d8fef4bead', 'http://data.europa.eu/esco/skill/ce4cbc3a-bde0-43b4-9526-e643c4fe5b04', 'http://data.europa.eu/esco/skill/ed8de897-adbe-4f0e-b4d2-534953e64c72', 'http://data.europa.eu/esco/skill/f47a1998-0beb-43be-9f46-380aa4d183da']","['http://data.europa.eu/esco/occupation/57af9090-55b4-4911-b2d0-86db01c00b02', 'http://data.europa.eu/esco/occupation/6818c837-072a-4120-b913-bd360b7b14d0', 'http://data.europa.eu/esco/occupation/f2b15a0e-e65a-438a-affb-29b9d50b77d1', 'http://data.europa.eu/esco/occupation/faed411a-f920-4100-86a8-b877928b429c', 'http://data.europa.eu/esco/isco/C2']"
1940303,Frontend developer / software engineer (JavaScript),"Develop with us! 
The P-A-Systems Team is looking for a full-time team member as “Frontend developer (JavaScript / vue.js, nuxt.js) for IT (AI) projects”. We are a full-service-provider for digital transformation, artificial intelligence and software development and continuously growing since our official launch in May 2018. In our team we have united all specialist areas for software development (frontend, backend, design and project management) which will support you with any questions. 
 
Your advantages with us: 

active in a wide range of industries and therefore offer work on inspiring projects where no two are the same 


working in a young, motivated and international team 


flat hierarchies and quick decisions for a straightforward working environment 


home office as well as on-site work in our office in Ioannina 


flexible working time in coordination with your project team 


use of state-of-the-art tools and methods (MS365, YouTrack, GitLab, Docker, Kubernetes) 

 
Your tasks: 

technical development exercises 
user interface development according to the requirements of the project 
integration of APIs from backend servers or third parties to retrieve and process data for display 


responsibility for the documentation of the projects 


estimating the effort required for various tasks with the support of experienced project managers 


technical back-office exercises to support the Senior Consultants 

 
Your profile: 

upper intermediate in English, intermediate/fluent in German (preferred) 


university degree, preferably in natural sciences, engineering, or informatics 


knowledge of cross-browser responsive layout using HTML5, CSS3, Tailwindcss 3 


knowledge of JS (ES6+) 


experience developing in Vue.js 2, Vue.js 3, Nuxt and Nuxt3 from 1 year 


experience with data processing, APIs, components, hooks 


experience with Vuex, Pinia, Vue Router and other Vue ecosystems incl. composition API 


experience in design with Figma is encouraged 


experience in working with software projects and understanding of reactive programming principles and component-oriented architecture, with Composition API in mind 
experience with Git",Mid-level,Full-time,"Ioannina, Greece",EL,2025-03-05,kariera.gr,208513,,"['http://data.europa.eu/esco/skill/6ad40ca3-dc34-4442-b23f-0b1b28936f56', 'http://data.europa.eu/esco/skill/cd5efa8c-e44d-4cbc-91c6-796018dbed68', 'http://data.europa.eu/esco/skill/f17f94f1-88cb-4815-873a-2a9639f10729', 'http://data.europa.eu/esco/skill/f2d57f41-43b4-4f5b-8100-3df5c21eda50', 'http://data.europa.eu/esco/skill/f9670490-8aa4-4540-b121-d440a8294aab']","['http://data.europa.eu/esco/occupation/57af9090-55b4-4911-b2d0-86db01c00b02', 'http://data.europa.eu/esco/occupation/866c7813-2c03-47d7-9bdc-192cfbace57c', 'http://data.europa.eu/esco/occupation/9e285322-2cfa-430f-9b66-41be57d698e2', 'http://data.europa.eu/esco/occupation/bea99fea-0383-4c63-b944-70d4799de2c5', 'http://data.europa.eu/esco/isco/C214']"
2082549,WEB DEVELOPER,"Professional Consulting is a provider and operator of customized software solutions. We are specialized among others in financial market information systems for reporting and analysis of financial market data. Our clients are software companies, financial service providers and media companies in Europe and the US, both for their employees and end customers. Our services include conception, design, development and operation of solutions.
We are looking for motivated and experienced java-developers for high-end applications.
Is development your passion? Are you keen on creating Java applications even in your spare time? Do you find advanced technology and new methods attractive? Can you deal with Java, SOAP&REST API and keep up with all the fast-paced improvements and innovations in modern Development? Does the continuous improvement of existing functions appeal to you? Then you are exactly what we are seeking!
Must-haves:
* Java Development (Strong proficiency in Java, at least 2-3 years experience)
* SOAP & REST API (Designing and consuming APIs)
* Database Knowledge (SQL and NoSQL databases like PostgreSQL, MySQL, MongoDB)
* Kafka (Experience with event streaming and message queues)
* JMS (Java Message Service) (Experience with message-oriented middleware)
* Syslog (Understanding and handling of system logging)
* CI/CD Pipelines (Jenkins, GitHub Actions, or similar)
* Unit Testing & Integration Testing (JUnit, Mockito)
* English language skills
Nice-to-haves:
* Frontend Development with VAADIN (Experience building UIs with the Vaadin framework)
* Eclipse GLSP (Graphical Language Server Platform knowledge)
* SNMP Integration (Experience with Simple Network Management Protocol)
* CORBA (Common Object Request Broker Architecture) (Experience with distributed object systems)
* Spring Framework (Spring Boot, Spring Security)
* Containerization (Docker, Kubernetes)
* Cloud Platforms (AWS, GCP, or Azure experience)
* Microservices Architecture (Designing and deploying Java-based microservices)
We offer:
* Create and innovate by using State-of-the-Art technologies
* Start-up atmosphere combined with a secured job position
* Flexible working times
* Flexible work model
* Home office
* Trainings, workshops
* Flat hierarchies
* Excellent career prospects
* Young, dynamic and independent development team
Salary:
* Competitive salary",Mid-level,Full-time,"Athens, Greece",EL,2025-04-03,kariera.gr,215835,61166.0,"['http://data.europa.eu/esco/skill/19a8293b-8e95-4de3-983f-77484079c389', 'http://data.europa.eu/esco/skill/76ef6ed3-1658-4a1a-9593-204d799c6d0c', 'http://data.europa.eu/esco/skill/8327754d-3990-4056-b07e-4faa49cfcd26', 'http://data.europa.eu/esco/skill/88af9294-b697-4687-ae19-aefbb6234dfa', 'http://data.europa.eu/esco/skill/9190d87f-9792-42e0-bb7f-64294a656bcd', 'http://data.europa.eu/esco/skill/9531fe02-1e1f-4a36-95f7-a76a77cd4b8d', 'http://data.europa.eu/esco/skill/e3c7bd87-edc1-4d9a-a3d5-36415de1aac6', 'http://data.europa.eu/esco/skill/f47a1998-0beb-43be-9f46-380aa4d183da']","['http://data.europa.eu/esco/occupation/30ed83ba-cc89-4d9f-a59d-5c783c1da56e', 'http://data.europa.eu/esco/occupation/60bc7374-9fa1-4bbd-b936-2676fca0bfb6']"
2082742,React Developer,"INGROUP is seeking on behalf of a client company, a group of companies active in the energy sector,
React Developer
 
Key Responsibilities:

Develop and maintain scalable, modular, and responsive React applications.
Create and manage reusable components, custom hooks, and state management (e.g., Redux, Context API).
Implement best practices for hooks and effects with a focus on performance optimization.
Implementation of responsive and accessible interfaces according to WCAG standards.
Coaching and mentoring frontend developers, helping them to understand React principles and improve their technical skills.
Developing internal workshops and technical presentations for the team.
Supporting the team in code reviews, ensuring compliance with the organization's standards.
Develop and implement microfrontend architectures for modular development.
Ensuring code quality through unit tests, integration tests, and tools such as Jest and React Testing Library.

 
Required Qualifications:

Bachelor’s degree from a University or College or Technological Educational Institute in Informatics or Computer Engineering or a related field
5+ years of experience in React development (3 years on large scale projects).
Previous experience with React
Functional components and hooks.
State management (e.g., Redux, MobX, or Context API). o Experience with React components. o State management (e.g., Redux, MobX, or Context API).
Advanced effects (e.g., side effects management, async operations).
Understanding of UI/UX design principles and experience with responsive frameworks.
Familiarity with Tailwind CSS to create responsive, scalable, and customizable user interfaces.
Familiarity with RESTful APIs, GraphQL, and working with backend teams.
Experience with testing tools such as Jest, Cypress, or React Testing Library.
Experience mentoring and coaching junior developers.

Preferred Qualifications:

Knowledge of UI/UX design tools such as Figma, Sketch, or Adobe XD.
Ability to design and develop npm packages that support large scale projects, allowing for easy maintenance and code reuse.
Experience in microfrontend architectures
Angular Developer
Google Mobile Web Specialist Certification

Required skills for this position:

Attention to detail and highly organized
Aptitude in problem-solving
Flexibility and teamwork
Excellent ability to manage time and meet deadlines.
Ability to multi-task and change priorities with short notice.

The company offers:

Competitive salary package
Opportunity to work in a dynamic and evolving environment
Career development opportunities & Continuous education",Mid-level,Full-time,"Athens, Greece",EL,2025-04-02,kariera.gr,215625,60745.0,"['http://data.europa.eu/esco/skill/0b144726-21c2-46ed-8d13-c03d27f61604', 'http://data.europa.eu/esco/skill/1ffac4ac-fda7-407d-8ed1-ca8f4a8dc146', 'http://data.europa.eu/esco/skill/89f6560b-2194-45c9-9ece-d33049a73eef', 'http://data.europa.eu/esco/skill/91abe492-18be-4cce-93c7-0dca07072363', 'http://data.europa.eu/esco/skill/bda0d115-f315-453e-99dc-f8b0e5862db3', 'http://data.europa.eu/esco/skill/c6c1af60-9594-460c-a328-00f9ad292be0', 'http://data.europa.eu/esco/skill/d0f22e58-e16d-4eac-8d6a-0d954c8d806b', 'http://data.europa.eu/esco/skill/ea412de3-9d7a-4943-8d8c-c6d3c7495d0e', 'http://data.europa.eu/esco/skill/fd33c66c-70c4-40e6-b87c-5495bd3bf26e']","['http://data.europa.eu/esco/occupation/866c7813-2c03-47d7-9bdc-192cfbace57c', 'http://data.europa.eu/esco/occupation/92bb3d8c-8a9f-4cd7-80ec-247bbf173004', 'http://data.europa.eu/esco/occupation/ab7bccb2-6f81-4a3d-a0c0-fca5d47d2775', 'http://data.europa.eu/esco/occupation/f2b15a0e-e65a-438a-affb-29b9d50b77d1', 'http://data.europa.eu/esco/isco/C251']"
2082846,Cloud Backend Developer,"INGROUP, is currently seeking on behalf of its client, a company in the field of electricity, a,
Cloud Backend Developer
Role: As a Cloud Backend Developer, you will be responsible for the creation and implementation of serverless applications using AWS Lambda or Azure Functions.
 What you will do:

Create and implement serverless applications using AWS Lambda or Azure Functions
Apply and adhere to DDD, Clean Architecture, and Event-Driven Design principles.
Design scalable and secure cloud-native applications in AWS or Azure environments
Collaborate with frontend developers, DevOps engineers, and other team members to implement integrated solutions
Implement system interfaces and ensure smooth communication between services and third-party systems
Optimize application performance and scalability while maintaining high code quality
Participate in code reviews, and technical decision making processes
Coaching and mentoring mid and junior colleagues, encouraging their development and providing guidance in their daily work

 
Required Qualifications:

University or College Degree in Computer Science
3+ years of experience in backend development using .NET or Node.js/TypeScript.
Proven experience in AWS Lambda or Azure Functions for cloud-native application development
Strong understanding of Domain-Driven Design (DDD), Clean Architecture, and Event-Based Architecture
Knowledge of developing RESTful APIs and microservices design
Experience with relational and non-relational databases (e.g., Oracle, MSSQL, PostgreSQL, MongoDB, DynamoDB, CosmosDB)
Familiarity with CI/CD pipelines, containerization (e.g., Docker, Kubernetes), and Infrastructure as Code (e.g., Terraform, AWS CloudFormation, Azure Resource Manager)
Good knowledge of software development best practices, including testing (unit and integration testing) and code documentation
Excellent communication and collaboration skills

 Desirable Qualifications:

AWS Certified Developer or Microsoft Certified: Azure Developer Associate certification
Experience with system interface projects and tools such as API Gateway, EventBridge, or Service Bus
Familiarity with messaging and event streaming platforms (e.g., Kafka, RabbitMQ).
Knowledge of DevOps practices and tools such as Jenkins, GitHub Actions, or Azure DevOps
Collaboration & Trust
Teamwork and attention to detail

What we offer:

Competitive Salary
Continuous education
Ability to work with global leaders and tools",Senior,Full-time,"Athens, Greece",EL,2025-04-02,kariera.gr,215499,60745.0,"['http://data.europa.eu/esco/skill/082967d4-b94c-4305-aa13-35a6aa8c5c7c', 'http://data.europa.eu/esco/skill/43ae58b9-5e56-4524-b45a-b422777a0576', 'http://data.europa.eu/esco/skill/6b643893-0a1f-4f6c-83a1-e7eef75849b9', 'http://data.europa.eu/esco/skill/867137fb-ff1b-4ca3-99f3-cb6969aa2c68', 'http://data.europa.eu/esco/skill/a8d07b5a-c1a1-42c6-9d53-db9c7a2ca996', 'http://data.europa.eu/esco/skill/c062bab3-3ea0-4291-9220-a2d8fef4bead', 'http://data.europa.eu/esco/skill/c6c1af60-9594-460c-a328-00f9ad292be0', 'http://data.europa.eu/esco/skill/de9f85ba-e77f-48fd-8c66-f5ebaf32d655', 'http://data.europa.eu/esco/skill/ea412de3-9d7a-4943-8d8c-c6d3c7495d0e', 'http://data.europa.eu/esco/skill/f0de4973-0a70-4644-8fd4-3a97080476f4', 'http://data.europa.eu/esco/skill/f47a1998-0beb-43be-9f46-380aa4d183da']","['http://data.europa.eu/esco/occupation/2fb96c6c-8d0b-4ef0-b1ee-3e493305e4eb', 'http://data.europa.eu/esco/occupation/349ee6f6-c295-4c38-9b98-48765b55280e', 'http://data.europa.eu/esco/occupation/781a6350-e686-45b9-b075-e4c8d5a05ff7', 'http://data.europa.eu/esco/occupation/b5eaf231-77ad-4a86-8e54-15cc4398aad2', 'http://data.europa.eu/esco/occupation/cc867bee-ab5c-427f-9244-f7a204d9574b']"
2773837,Full Stack Developer,"About Us
SurPrice Mobility is a leading company in the Car Rental and Mobility industry, known for its dedication to delivering quality services at competitive rates. With flexible terms, 24-hour customer support, and a customer-first approach, we aim to redefine mobility solutions globally.
As we expand our portfolio of innovative services, we're investing heavily in our in-house development team to help shape the future of our digital ecosystem. Join us at this exciting juncture as we reimagine our core systems and take on ambitious projects that will impact the experience of thousands of users worldwide.
 
We are seeking a passionate and experienced Full-Stack Developerto join our dynamic team. This role offers the opportunity to work on cutting-edge technologies and play a key role in building our systems from the ground up. As we embark on rewriting and modernizing our core platforms, you’ll have a chance to design, develop, and shape the architecture of critical services and applications.
This position is ideal for someone who thrives on solving complex challenges, values clean and efficient code, and is eager to mentor and collaborate with a talented team of developers.
 
Your Responsibilities
· Design, develop, and deploy scalable services and applications that align with business goals and technical specifications.
· Provide constructive feedback on technical designs and specifications, helping to refine and enhance project objectives.
· Act as a mentor and guide to junior developers, fostering a culture of knowledge sharing and continuous improvement.
· Collaborate with cross-functional teams to ensure seamless integration of services and technologies.
· Contribute to system architecture and design discussions, bringing innovative ideas and best practices to the table.
· Continuously refine your skills and stay updated on emerging technologies to deliver the best solutions.
 
What We’re Looking For
· Experience:5+ years of hands-on development experience.
· Technical Expertise:
o Expert frontend knowledge, specifically with HTML, CSS, and React (required)
o Strong proficiency in Node.js and TypeScript(required)
o Experience working with event-driven microservices
o Proficiency with AWS, GCP, or other cloud platforms, with a solid understanding of cloud-native design
o Familiarity with CI/CD pipelines, Git version control, and containerization tools like Docker.
· Problem-Solving:Exceptional analytical and troubleshooting skills to handle complex scenarios.
· Communication:Fluent in English with excellent written and verbal communication skills.
 
What We Offer
· Remote-First Culture:Enjoy the freedom of working fully remotely from anywhere.
· Flexibility:Flexible working hours that allow you to balance professional and personal commitments.
· Challenging Projects:Work on exciting, impactful projects that redefine our industry.
· Growth Opportunities:A supportive environment where you can expand your skills, take ownership of key initiatives, and advance your career.
· Collaborative Team:Join a team of talented, driven professionals committed to delivering excellence.
 
Be part of a forward-thinking company where your contributions will directly influence our success and shape the future of mobility solutions.
If you’re ready to make a difference and grow with us, apply today!",Mid-level,Full-time,"Athens, Greece",EL,2025-05-08,kariera.gr,223723,61090.0,"['http://data.europa.eu/esco/skill/0550431f-9c8b-4204-9c45-59bc5feacf06', 'http://data.europa.eu/esco/skill/0af062de-eb43-41e9-9b96-249e2cd22d26', 'http://data.europa.eu/esco/skill/0da516ee-e70e-4384-be13-f5ff80be8127', 'http://data.europa.eu/esco/skill/2857540c-180b-4208-9127-e94a01871966', 'http://data.europa.eu/esco/skill/3993c87c-7719-4186-811b-8ddfb40e76be', 'http://data.europa.eu/esco/skill/a06a0d41-10fa-4ba7-a988-e8b5eba966fb', 'http://data.europa.eu/esco/skill/a15dab55-f1da-4f85-ae3e-2b5c5b5333ca', 'http://data.europa.eu/esco/skill/c475b9cd-148b-4854-b13e-1e1a86231943', 'http://data.europa.eu/esco/skill/c624c6a3-b0ba-4a31-a296-0d433fe47e41', 'http://data.europa.eu/esco/skill/c69587b4-05d3-45bb-b79b-9b85e6603fc2', 'http://data.europa.eu/esco/skill/e76dd90d-91c4-49c0-bfd0-dfa2c4c90c81']","['http://data.europa.eu/esco/occupation/349ee6f6-c295-4c38-9b98-48765b55280e', 'http://data.europa.eu/esco/occupation/3b129d8d-268e-465a-b0c5-bf32cae59a41', 'http://data.europa.eu/esco/occupation/812c217d-32b7-4f6a-9faf-993d3577ac7f', 'http://data.europa.eu/esco/occupation/8cb59bc4-1f39-477e-beea-effed12d186c', 'http://data.europa.eu/esco/occupation/f2b15a0e-e65a-438a-affb-29b9d50b77d1']"
2774415,Cloud Backend Developer,"INGROUP, is currently seeking on behalf of its client, a company in the field of electricity, a,
Cloud Backend Developer
Role: As a Cloud Backend Developer, you will be responsible for the creation and implementation of serverless applications using AWS Lambda or Azure Functions.
 What you will do:

Create and implement serverless applications using AWS Lambda or Azure Functions
Apply and adhere to DDD, Clean Architecture, and Event-Driven Design principles.
Design scalable and secure cloud-native applications in AWS or Azure environments
Collaborate with frontend developers, DevOps engineers, and other team members to implement integrated solutions
Implement system interfaces and ensure smooth communication between services and third-party systems
Optimize application performance and scalability while maintaining high code quality
Participate in code reviews, and technical decision making processes
Coaching and mentoring mid and junior colleagues, encouraging their development and providing guidance in their daily work

 
Required Qualifications:

University or College Degree in Computer Science
3+ years of experience in backend development using .NET or Node.js/TypeScript.
Proven experience in AWS Lambda or Azure Functions for cloud-native application development
Strong understanding of Domain-Driven Design (DDD), Clean Architecture, and Event-Based Architecture
Knowledge of developing RESTful APIs and microservices design
Experience with relational and non-relational databases (e.g., Oracle, MSSQL, PostgreSQL, MongoDB, DynamoDB, CosmosDB)
Familiarity with CI/CD pipelines, containerization (e.g., Docker, Kubernetes), and Infrastructure as Code (e.g., Terraform, AWS CloudFormation, Azure Resource Manager)
Good knowledge of software development best practices, including testing (unit and integration testing) and code documentation
Excellent communication and collaboration skills

 Desirable Qualifications:

AWS Certified Developer or Microsoft Certified: Azure Developer Associate certification
Experience with system interface projects and tools such as API Gateway, EventBridge, or Service Bus
Familiarity with messaging and event streaming platforms (e.g., Kafka, RabbitMQ).
Knowledge of DevOps practices and tools such as Jenkins, GitHub Actions, or Azure DevOps
Collaboration & Trust
Teamwork and attention to detail

What we offer:

Competitive Salary
Continuous education
Ability to work with global leaders and tools",Senior,Full-time,"Athens, Greece",EL,2025-05-06,kariera.gr,223031,60745.0,"['http://data.europa.eu/esco/skill/082967d4-b94c-4305-aa13-35a6aa8c5c7c', 'http://data.europa.eu/esco/skill/43ae58b9-5e56-4524-b45a-b422777a0576', 'http://data.europa.eu/esco/skill/6b643893-0a1f-4f6c-83a1-e7eef75849b9', 'http://data.europa.eu/esco/skill/867137fb-ff1b-4ca3-99f3-cb6969aa2c68', 'http://data.europa.eu/esco/skill/a8d07b5a-c1a1-42c6-9d53-db9c7a2ca996', 'http://data.europa.eu/esco/skill/c062bab3-3ea0-4291-9220-a2d8fef4bead', 'http://data.europa.eu/esco/skill/c6c1af60-9594-460c-a328-00f9ad292be0', 'http://data.europa.eu/esco/skill/de9f85ba-e77f-48fd-8c66-f5ebaf32d655', 'http://data.europa.eu/esco/skill/ea412de3-9d7a-4943-8d8c-c6d3c7495d0e', 'http://data.europa.eu/esco/skill/f0de4973-0a70-4644-8fd4-3a97080476f4', 'http://data.europa.eu/esco/skill/f47a1998-0beb-43be-9f46-380aa4d183da']","['http://data.europa.eu/esco/occupation/2fb96c6c-8d0b-4ef0-b1ee-3e493305e4eb', 'http://data.europa.eu/esco/occupation/349ee6f6-c295-4c38-9b98-48765b55280e', 'http://data.europa.eu/esco/occupation/781a6350-e686-45b9-b075-e4c8d5a05ff7', 'http://data.europa.eu/esco/occupation/b5eaf231-77ad-4a86-8e54-15cc4398aad2', 'http://data.europa.eu/esco/occupation/cc867bee-ab5c-427f-9244-f7a204d9574b']"
2774497,WEB DEVELOPER,"FactSet Digital Solutions is a provider and operator of customized financial market information systems. The group provides solutions for reporting and analysis of financial market data to approximately 250 banks, financial service providers and media companies in Europe and the US, both for their employees and end customers. The services include conception, design, development and operation of solutions over the Internet as well as intranets. Professional Consulting (based in Athens, Greece) is one of FactSet’s development partners for web based solutions.
We are looking for motivated web-developers for applications who will make financial data obvious.
Is web-development your passion? Are you keen on creating websites even in your spare time? Do you find advanced technology and new methods attractive? Can you deal with JavaScript, PHP and keep up with all the fast-paced improvements and innovations in modern Web Development? Does the continuous improvement of existing functions appeal to you? Then you are exactly what we are seeking!
Must-haves:
* JavaScript
* Vue.js (or prior experience with any other major frontend JS framework like Angular,React)
* PHP
* Symfony (or prior experience with any other major PHP MVC framework like Laravel)
* Object-Oriented Programming (OOP)
* MySQL
* HTML
* CSS
* Git
* English language skills
Nice-to-haves:
* Node.js
* Webpack
* Vuex
* REST
* Additional language skills in the following languages: Italian, German, Spanish, French
We offer:
* Create and innovate by using State-of-the-Art technologies
* Start-up atmosphere combined with a secured job position
* Flexible working times
* Flexible work model
* Home office
* Trainings, workshops
* Flat hierarchies
* Excellent career prospects
* Young, dynamic and independent development team
Salary:

Competitive salary

 ",Mid-level,Full-time,"Athens, Greece",EL,2025-05-05,kariera.gr,222946,61166.0,"['http://data.europa.eu/esco/skill/14ee9f76-3524-43d5-8a1a-5ba8283f8bd7', 'http://data.europa.eu/esco/skill/4350c38d-0fe9-4ca7-bab9-40ed7f72b04f', 'http://data.europa.eu/esco/skill/5be3d306-6cf1-4b49-aa1d-01651dd4ba4c', 'http://data.europa.eu/esco/skill/8327754d-3990-4056-b07e-4faa49cfcd26', 'http://data.europa.eu/esco/skill/87219dfe-a21c-4160-8cc8-1eabf9b16b44', 'http://data.europa.eu/esco/skill/88af9294-b697-4687-ae19-aefbb6234dfa', 'http://data.europa.eu/esco/skill/e3c7bd87-edc1-4d9a-a3d5-36415de1aac6', 'http://data.europa.eu/esco/skill/e92f4673-1dec-41ec-b6ec-36fef226359c']",['http://data.europa.eu/esco/occupation/c40a2919-48a9-40ea-b506-1f34f693496d']
2780970,Frontend Software Engineer,"Kariera Group, on behalf of our client, a leading digital agency with a strong presence in large-scale web and mobile projects across multiple industries is seeking a skilled and passionate Frontend Web Developer to join their high-performing team.
The company manages high-impact digital projects across diverse sectors such as e-commerce, telecommunications, finance, travel, news, and the public sector. Their work spans large-scale websites, portals, intranets, and business-critical web and mobile applications.
 
Key Responsibilities:
As a Frontend Web Developer, you will play a critical role in creating high-quality web applications. Your main duties include:

Developing Responsive User Interfaces: Utilise HTML, CSS, and JavaScript to create intuitive, visually appealing web pages that look great on all devices.
Collaborating with Cross-Functional Teams: Work closely with designers, backend developers, and product managers to transform designs into interactive, user-friendly features.
Optimising Frontend Performance: Ensure websites load quickly and efficiently, providing a seamless experience for users.
Implementing Best Practices: Follow industry standards for coding and maintain a high level of attention to detail.
Testing and Debugging: Conduct thorough testing to identify bugs and implement effective solutions.

 
Skills and Experience:

Proficiency in Frontend Technologies: Strong knowledge of HTML, CSS, and JavaScript frameworks such as React, Angular, or Vue.js.
Version Control Systems: Experience with Git or similar version control systems.
User-Centric Design Understanding: Ability to translate user needs into functional web applications.
Problem-Solving Ability: Skill in identifying issues and generating innovative solutions.
Communication Skills: Excellent ability to communicate complex concepts clearly and persuasively.
Teamwork: Experience working in a collaborative environment with cross-disciplinary teams.

 
Education and Experience Requirements:

Education: Bachelor’s degree in Computer Science, Information Technology, or related field.
Experience: At least 2 years of experience in frontend development or a related field.

 
Benefits and Perks:
We offer a supportive work environment with opportunities for personal and professional growth, along with an attractive benefits package, including:

Competitive Salary: Commensurate with experience.
Flexible Work Arrangements: Options for a hybrid working model.
Healthcare: Comprehensive health and wellness programs.
Professional Development: Access to training resources and conferences.
Pension Contributions: Company-sponsored pension scheme.

 
Join us on this exciting journey to reshape the digital landscape!",Mid-level,Full-time,"Gerakas, Greece",EL,2025-05-23,kariera.gr,227476,60797.0,"['http://data.europa.eu/esco/skill/1ffac4ac-fda7-407d-8ed1-ca8f4a8dc146', 'http://data.europa.eu/esco/skill/2522a6ce-3202-4ac8-9f5b-b9cb5a3a83a1', 'http://data.europa.eu/esco/skill/60b44dab-03f1-46de-be08-0e5ba8662b3d', 'http://data.europa.eu/esco/skill/9d2e926f-53d9-41f5-98f3-19dfaa687f3f', 'http://data.europa.eu/esco/skill/a8d24a95-47b3-4f88-92e7-06600bcd3612', 'http://data.europa.eu/esco/skill/adc6dc11-3376-467b-96c5-9b0a21edc869', 'http://data.europa.eu/esco/skill/b1272de4-1f5f-408b-8b26-061f2550fc72', 'http://data.europa.eu/esco/skill/b8c01891-e3df-4a4b-948d-95b45e1788f5', 'http://data.europa.eu/esco/skill/c779cf40-506b-44b6-a366-b3bff0a5e11a']","['http://data.europa.eu/esco/occupation/2ed56c3f-61d6-4f7e-9ef8-8849eb102e4c', 'http://data.europa.eu/esco/occupation/866c7813-2c03-47d7-9bdc-192cfbace57c', 'http://data.europa.eu/esco/occupation/c40a2919-48a9-40ea-b506-1f34f693496d', 'http://data.europa.eu/esco/isco/C2153', 'http://data.europa.eu/esco/isco/C2424']"
2783345,Junior IoT Developer @ Thessaloniki,"What Impact will you make?
Junior IoT Developer@ Deloitte Competence Center
Are you looking for an opportunity in Thessaloniki, Greece that offers you a hybrid working model?
Are you ready to work on international projects for industry-leading clients around the world and elevate your tech consulting career to an international level?
If so, check below for more info about this career opportunity!
You bring passion, we bring opportunities!
 
#YourOpportunity
Deloitte is a worldwide leader in Professional Services with a presence in more than 150 countries and territories. Since 2018, Deloitte has been operating its Competence Center in Thessaloniki with satellites in the cities of Patras, Heraklion, and Ioannina - which are model hubs of expertise, training, and innovation, specializing in cutting-edge exponential technologies, in which graduates and young professionals undergo immersive experiences, continuous learning, gaining practical insights and hands-on training that empower them to navigate the complexities of the digital landscape.
Deloitte is an ideal working environment for both young and senior professionals who want to take the next step in their careers, offering them a supportive and international working environment that leverages their expertise and potential. Its corporate culture is based on trust and collaboration and ensures diversity and inclusion so that everyone feels part of a great team.
 
#YourServiceLine
Technology & Transformation​
Our Technology & Transformation teams empower organizations to navigate the future through technology-driven business transformation. Combining deep industry knowledge with cutting-edge technology, we deliver tailored solutions that drive innovation, enhance efficiency, promote cybersecurity, and foster sustainable growth.​
 
#AboutYourTeam
Our IoT practices support our customers in understanding and adopting the most advanced technological solutions in industrial fields and more, identifying and implementing the integration architectures that best meet the requirements and business strategies.
Through our solution architects and developers, we help our customers to create safe and reliable innovations that guarantee a real competitive advantage in the market:

Our areas of expertise offer solutions in the Smart Manufacturing, Industrial Internet of Things (IIoT and IoT) and Computer Vision.
Graphical interfaces that offer a high level of usability and scalability on different devices, adhering to well-defined graphical standards.
Integration Services solutions that aimed at radically transforming operational and digital processes, making them more efficient. Nowadays, a mandatory element for the unison functioning of complex enterprise ecosystems.
Technological Architectures that allow the most modern Cloud applications to be integrated and communicated with ""plug & play"" systems with enterprise systems.
Micro-services implementation that allows orchestration, reuse, and high availability in order to reduce time to market and improve the user experience.

 
#OurRequirements
Key Qualifications

Own a degree from a University or Technological Educational Institution (already graduated or expected to graduate within spring/autumn of 2024) in Informatics, Computer Science, Software Engineering or similar technical course of study
Be available to work full-time with a permanent contract at DACC office in Thessaloniki, Heraklion, Patra, Ioannina
Have a good understanding of the software lifecycle and problem-solving skills
Have Strong oral and written communication skills in Greek and English
Be Proactive and have genuine enthusiasm, curiosity and #teamwork attitude 
Have Programming knowledge:

Object Oriented Programming concepts
At least one of the following programming languages:
Java (preferred), Phyton, C#, C++
Relational databases (one of: SQLite, PostgreSQL, Ms SQL Server, etc.)
Knowledge of REST API, SOAP WS, MQTT, Integration Architectures principles
Good Linux knowledge (Ubuntu and/or SUSE)
Basic networking knowledge


Bonus Qualifications

Basic Angular or other frontend technology knowledge
CVS: Version Control/Git
Experience with CI/CD tools (Azure DevOps, Jenkins, GitLab)
Experience with AWS tools (S3, Cloudwatch, Athena, Lambda functions, Stream Manager, Greengrass)
Basic knowledge of WebSockets
Basic testing and test report preparation experience
Knowledge of SOAP WS protocol
Knowledge of MES\MOM products (Siemens Opcenter Foundation, PTC Thingworks\Kepware)
Have your Military obligations fulfilled 
Enjoy traveling and working abroad
Italian language

 
#WhoWeAreLookingFor
Individuals who have a strong will to expand their knowledge of new technologies, a passion to grow within the company and aspirations for career growth. At Deloitte we foster a consultative culture because the best decisions are made in consultation with others. We approach our work with a collaborative mindset, teaming across businesses, geographies, and skill sets to deliver tangible, measurable, attributable impact. These are not aspirations, but principles that we all commit to today and every day.
 
#WhatWeOffer
At Deloitte, we know that great people make a great organization. We value our people and offer employees a broad range of benefits:
🏠 Modern hybrid workplace, characterized by flexibility and Smart Working
⚖ Empowered well-being: We provide multiple program offerings to support your well-being needs (flexible working arrangements, extra days of leave, parental allowances)
🌍 Engagement within international large-scale teams and projects, with opportunities to travel for training or client purposes.
📚 Constant opportunities for learning with unlimited access to internal and external learning platforms and sponsored certificates aligned with business needs and technology trends
🚀 Challenging and innovating environment where personal development and growth are encouraged, always with transparency and trust
👬 Diverse culture and active communities that enable you to bring yourself to work
🎉 Team Building and Corporate Social Responsibility Activities
🏃 A buddy to support you with your onboarding
⚕️ Private medical health insurance plan
💳 Ticket restaurant card
 🛍️ Exclusive Discounts to several retail providers, restaurants and others
📱 Mobile phone
🍏 Fresh fruits and unlimited coffee everyday at our offices
 
Please note that all the well-being benefits mentioned above are subject to annual review 
 
#AboutDeloitte
#OurServices
Deloitte offers integrated services that include Audit & Assurance, Tax and Legal, Strategy-Risk & Transactions Advisory, and Technology & Transformation. Our approach combines insight and innovation from multiple disciplines with global business and industry expertise to help our clients excel anywhere in the world. We deliver outstanding impact on the reputation and success of our clients, in Italy and globally. In pursuing this we contribute to a sustainable and prosperous society, and are firm believers in the positive impact business can and should have on the world it operates within.
#OurPurpose
We are led by a purpose, to make an impact that matters with clients, people and society. This purpose defines who we are and what we stand for. It's not about being the biggest. It’s about being the first choice for the largest and most influential clients, and the first choice for the best talent.
#OurValues
At Deloitte we foster a collaborative culture where talented individuals can produce their best work. We value innovative thinking, diverse insights and a genuinely distinctive level of customer service through our expertise and professionalism. We value difference, with respect at the heart of our inclusive culture.
#OurTalentExperience
From day one at our firm, practitioners are part of a community. Our development and career progression framework will help them develop the skills and capabilities to succeed. The wellness of our people and the ability to offer agile working arrangements is at the center of our unique talent experience. We create a workplace that encourages collaboration, creativity, inclusiveness to ensure our staff are supported, encouraged and feel a sense of purpose and meaning in what they do each day.
 
Sounds like the sort of role for you? Apply now.
Location: Thessaloniki
 
This document has been prepared by Deloitte Business Solutions Societe Anonyme of Business Consultants, Deloitte Certified Public Accountants Societe Anonyme and Deloitte Alexander Competence Center Single Member Societe Anonyme of Business Consultants. 


Deloitte Business Solutions Societe Anonyme of Business Consultants, a Greek company, registered in Greece with registered number 000665201000 and its registered office at Marousi Attica, 3a Fragkokklisias & Granikou str., 151 25, Deloitte Certified Public Accountants Societe Anonyme, a Greek company, registered in Greece with registered number 0001223601000 and its registered office at Marousi, Attica, 3a Fragkokklisias & Granikou str., 151 25 and Deloitte Alexander Competence Center Single Member Societe Anonyme of Business Consultants, a Greek company, registered in Greece with registered number 144724504000 and its registered office at Thessaloniki, Municipality of Pylaia - Chortiatis of Thessaloniki, Vepe Technopolis Thessaloniki (5th and 3rd street), are one of the Deloitte Central Mediterranean S.r.l. (“DCM”) countries. DCM, a company limited by guarantee registered in Italy with registered number 09599600963 and its registered office at Via Tortona no. 25, 20144, Milan, Italy is one of the Deloitte NSE LLP geographies. Deloitte NSE LLP is a UK limited liability partnership and member firm of Deloitte Touche Tohmatsu Limited, a UK private company limited by guarantee. 
Deloitte refers to one or more of Deloitte Touche Tohmatsu Limited (“DTTL”), its global network of member firms and their related entities (collectively, the “Deloitte organization”). DTTL (also referred to as “Deloitte Global”) and each of its member firms and related entities are legally separate and independent entities, which cannot obligate or bind each other in respect of third parties. DTTL and each DTTL member firm and related entity is liable only for its own acts and omissions, and not those of any of each other. DTTL does not provide services to clients. Please see www.deloitte.com/ about to learn more. 
DTTL, Deloitte NSE LLP and Deloitte Central Mediterranean S.r.l. do not provide services to clients. Please see www.deloitte.com/about to learn more about our global network of member firms. 
Deloitte is a leading global provider of audit and assurance, consulting, financial advisory, risk advisory, tax and related services. Our global network of member firms and related entities in more than 150 countries and territories serves four out of five Fortune Global 500® companies. Learn how Deloitte’s approximately 460,300 people make an impact that matters at www.deloitte.com. 
This communication contains general information only, and Deloitte Business Solutions Societe Anonyme of Business Consultants, Deloitte Certified Public Accountants Societe Anonyme and Deloitte Alexander Competence Center Single Member Societe Anonyme of Business Consultants, is not, by means of this communication, rendering professional advice or services. Before making any decision or taking any action that may affect your finances or your business, you should consult a qualified professional adviser. No entity in the Deloitte organization shall be responsible for any loss whatsoever sustained by any person who relies on this communication. Deloitte organization refers to Deloitte Touche Tohmatsu Limited (“DTTL”), its global network of member firms and their related entities collectively.
© 2025 For more information contact Deloitte Central Mediterranean.",Entry / Junior,Full-time,"Thessaloniki, Greece",EL,2025-06-05,kariera.gr,230706,61820.0,"['http://data.europa.eu/esco/skill/09f2f811-a3fb-4de3-a70f-6420a6935575', 'http://data.europa.eu/esco/skill/11430d93-c835-48ed-8e70-285fa69c9ae6', 'http://data.europa.eu/esco/skill/19a8293b-8e95-4de3-983f-77484079c389', 'http://data.europa.eu/esco/skill/1ffac4ac-fda7-407d-8ed1-ca8f4a8dc146', 'http://data.europa.eu/esco/skill/2a2fa8e8-aaf3-4abf-a60b-af6415f1c6d4', 'http://data.europa.eu/esco/skill/2fb8480e-de3c-462b-b169-e8bbb344da68', 'http://data.europa.eu/esco/skill/429062f1-a958-43ea-83dd-4e1af078c156', 'http://data.europa.eu/esco/skill/495ce586-09d7-4cec-83d7-2821be6590c4', 'http://data.europa.eu/esco/skill/4c016b68-4116-468c-9dc6-42710c239e4a', 'http://data.europa.eu/esco/skill/54d774a3-de3b-4425-b0d7-c03bc99a0937', 'http://data.europa.eu/esco/skill/5b26f08b-88bc-45f0-b901-530d7786466b', 'http://data.europa.eu/esco/skill/5be3d306-6cf1-4b49-aa1d-01651dd4ba4c', 'http://data.europa.eu/esco/skill/63b23e76-63cd-44e9-9685-173842d8b691', 'http://data.europa.eu/esco/skill/651d7458-ff97-4bee-9290-af375c7ff25f', 'http://data.europa.eu/esco/skill/7629db63-5922-42fa-8c80-9575526f7326', 'http://data.europa.eu/esco/skill/7a17d7ce-01a2-4746-bbcc-22ffe22fa16e', 'http://data.europa.eu/esco/skill/7b0d5000-00da-4864-b776-6de49a87a669', 'http://data.europa.eu/esco/skill/7fc4c18a-68f3-425a-aadf-f83633be47a1', 'http://data.europa.eu/esco/skill/87219dfe-a21c-4160-8cc8-1eabf9b16b44', 'http://data.europa.eu/esco/skill/8c4c49d4-9708-433f-8ca7-bf2c5211ee49', 'http://data.europa.eu/esco/skill/9531fe02-1e1f-4a36-95f7-a76a77cd4b8d', 'http://data.europa.eu/esco/skill/a8d07b5a-c1a1-42c6-9d53-db9c7a2ca996', 'http://data.europa.eu/esco/skill/adc6dc11-3376-467b-96c5-9b0a21edc869', 'http://data.europa.eu/esco/skill/b19e0820-a96f-4c0a-a724-3c056180c1b3', 'http://data.europa.eu/esco/skill/b633eb55-8f1f-4ae6-ab4c-2022ffe2cb7f', 'http://data.europa.eu/esco/skill/ba2c6181-b036-40b4-8f6d-51499463ccbb', 'http://data.europa.eu/esco/skill/c062bab3-3ea0-4291-9220-a2d8fef4bead', 'http://data.europa.eu/esco/skill/c2a0c52c-0b4b-4180-a918-92650ea3b458', 'http://data.europa.eu/esco/skill/ce4cbc3a-bde0-43b4-9526-e643c4fe5b04', 'http://data.europa.eu/esco/skill/ed8de897-adbe-4f0e-b4d2-534953e64c72', 'http://data.europa.eu/esco/skill/f47a1998-0beb-43be-9f46-380aa4d183da']","['http://data.europa.eu/esco/occupation/0ce5a9f4-e00a-4bbe-b255-3c63407167a4', 'http://data.europa.eu/esco/occupation/57af9090-55b4-4911-b2d0-86db01c00b02', 'http://data.europa.eu/esco/occupation/6818c837-072a-4120-b913-bd360b7b14d0', 'http://data.europa.eu/esco/occupation/9e285322-2cfa-430f-9b66-41be57d698e2', 'http://data.europa.eu/esco/occupation/d5db9d5c-2ebf-4a54-a79a-1b7e7ff70471', 'http://data.europa.eu/esco/occupation/f2b15a0e-e65a-438a-affb-29b9d50b77d1', 'http://data.europa.eu/esco/occupation/faed411a-f920-4100-86a8-b877928b429c', 'http://data.europa.eu/esco/isco/C2']"
2792373,Senior Full Stack Developer,"In the last 45 years, the Mitsis Group is the largest privately owned hotel chain in Greece, guided by its customer -centric philosophy, family care and authentic Greek identity. With 24 hotels and 5,000 employees in Athens, Halkidiki With excellent services, unique locations, flawless facilities, refined gastronomy and a wide range of choices and experiences to its customers. Through a family and enjoyable work environment we transform every visitor into an honorary guest, offering unforgettable life memories! (Laravel & Angular) Area: Athens, Galatsi Type Employment: Independent/Complete: The purpose of the location is to develop and support web applications and internal IT systems, utilizing modern Backend & Frontend technologies, in collaboration with project design and management groups. The position requires a combination of technical skill, analytical thinking and teamwork. Warlings: Participation in the analysis of needs and writing technical specifications. Design and implementation Restful Apis in Laravel. Use Eloquent ORM for queries and relationships between models. Implementation of Authentication and Authorization mechanisms. Integration of third parties (eg stripe, email, file uploads). Development Responsive UI in Angular with Component-Based Architecture. Implementation of State Management (NGRX, Signals or Service-Based). Frontend interface with Laravel Apis via Angular Services. Formation Management and Validation, Error Handling, Guards & Interceptors. Detecting and resolving errors, refactoring code and technical support. Writing Unit and Feature Tests. Collaboration with UI/UX and It Participation in daily standups and weekly meetings. Requirements of Excellent Qualifications: Bachelor of Informatics, Software Engineering or other related industry. At least 5 years of experience in the role of full stack developer. Excellent knowledge of Php and Laravel Framework. Experience in RESTFUL APIS development and use Eloquent ORM. Angular experience and component-based UI development. Good database knowledge (MySQL or Postgresql). Familiarity with Authentication/Authorization (eg through tokens). Comfort in writing unit and feature tests. Good knowledge of git and cooperation processes (code reviews, branching). Very good knowledge of English (oral & written). Very good knowledge of MS Office.  Skills: Analytical thinking and attention to detail. Ability to solve problems and debugging. Teamwork, professionalism and responsibility. Ability to manage time and priorities. Ability to cooperate with different sections and specialties. Benefits we offer: Competitive earnings package. Participation in a benefit program. Prospects of professional development. Continuous training and access to modern tools. Excellent work environment in one of the leading hosts in Greece.",Mid-level,Full-time,"Galatsi, Greece",EL,2025-06-12,kariera.gr,232086,60711.0,"['http://data.europa.eu/esco/skill/199f7919-5114-41b6-b6a5-41e0e4896ec1', 'http://data.europa.eu/esco/skill/1ffac4ac-fda7-407d-8ed1-ca8f4a8dc146', 'http://data.europa.eu/esco/skill/2522a6ce-3202-4ac8-9f5b-b9cb5a3a83a1', 'http://data.europa.eu/esco/skill/4707da90-9cfc-46ca-8de0-38a0b7bfb137', 'http://data.europa.eu/esco/skill/7bb5d9af-0a7e-48a7-a860-0e1ded0f6e75', 'http://data.europa.eu/esco/skill/a7c51c48-802c-44ee-a40e-79b18b1d4365', 'http://data.europa.eu/esco/skill/a8d07b5a-c1a1-42c6-9d53-db9c7a2ca996', 'http://data.europa.eu/esco/skill/d9e5349e-8791-49c2-8ba4-839fdd1606c2', 'http://data.europa.eu/esco/skill/f683ae1d-cb7c-4aa1-b9fe-205e1bd23535']","['http://data.europa.eu/esco/occupation/37442765-f7bb-4ccd-9de1-4790296f3d37', 'http://data.europa.eu/esco/occupation/57af9090-55b4-4911-b2d0-86db01c00b02', 'http://data.europa.eu/esco/occupation/8cb59bc4-1f39-477e-beea-effed12d186c', 'http://data.europa.eu/esco/isco/C121']"
2818916,Senior Full Stack Developer,"Cityzen Parking & Services holds a leading position in the field of parking in Greece, active in the wider parking technology solutions as well as a wide range of mobility services. As part of our dynamic development in the Smart Parking & Mobility, we are looking for a Senior Full Stack Developer to enhance our digital product development team.
What are you going to do:

Participation in the design and development of new web applications
Maintenance of existing applications in Ruby on Rails
Frontend's development or support with modern javascript technologies
Interface with Third-Party Apis
Database management
Apply good security and code quality practices
Collaboration with UI/UX Designers, Frontend Developers, Product Owners and Devops

Necessary qualifications:

4+ years of experience in full stack role
Good knowledge of modern Javascript
Experience in Responsive Frontend Design
Experience in testing methodologies
Profiling and Optimization skill in Backend and Frontend

Desired qualifications:

Employment in our stack details: Ruby on Rails, Postgresql, Nginx, Redis, Sidekiq
Experience with payment systems (eg Nexi, Viva, Stripe)
Experience in interface with ERP systems
Experience in interconnection with transmission systems to AADE's Mydata application
Experience in servers customization for deployment
Knowledge of Security and Compliance (CIS BENCHMARKS, NIS2)

Why to come to Cityzen
Innovation & Technology: Do you have a passion for smart mobility & tech systems? Here you will participate in the creation of From Scratch of New Applications with the combination of different systems and technologies and you will configure us with the digital future of parking and urban mobility in Greece!
Career & Development: Do you want evolution prospects? We work to make you specialist in a wide range of technology solutions associated with the wide industry of travel!
Competitive earnings package because we appreciate our people!
Private Insurance & Extra Bene ﬁ TS to keep your head quiet!
You work in a youthful & dynamic environment!",Mid-level,Full-time,"Kifisia, Greece",EL,2025-06-16,kariera.gr,232879,66238.0,"['http://data.europa.eu/esco/skill/29fb0fb5-dfc4-4098-ac9b-3a712000f48f', 'http://data.europa.eu/esco/skill/6ad40ca3-dc34-4442-b23f-0b1b28936f56', 'http://data.europa.eu/esco/skill/9d1b08b3-ba1e-41f6-a466-1ac1e62eb5f0', 'http://data.europa.eu/esco/skill/a8d07b5a-c1a1-42c6-9d53-db9c7a2ca996', 'http://data.europa.eu/esco/skill/c4b1f326-224a-420a-b8b3-814a8f13b6cb', 'http://data.europa.eu/esco/skill/f0de4973-0a70-4644-8fd4-3a97080476f4', 'http://data.europa.eu/esco/skill/f9738fc9-4d67-43e8-bfda-954123e34d42', 'http://data.europa.eu/esco/skill/fcffe2a5-6253-4848-92e7-749304aca647']","['http://data.europa.eu/esco/occupation/3b129d8d-268e-465a-b0c5-bf32cae59a41', 'http://data.europa.eu/esco/occupation/866c7813-2c03-47d7-9bdc-192cfbace57c', 'http://data.europa.eu/esco/occupation/8c57af09-719c-42b3-be40-6ed4946236cc', 'http://data.europa.eu/esco/occupation/96e20037-0a25-4bf6-a25e-808d1605d890', 'http://data.europa.eu/esco/occupation/c66b4569-09aa-4d8d-93d9-ac9b9176655d', 'http://data.europa.eu/esco/occupation/cc867bee-ab5c-427f-9244-f7a204d9574b']"
