id,title,description,experience_level,type,location,location_code,upload_date,source,source_id,organization,skills,occupations
361,Full Stack Developer - Angular & Java Spring Boot  (e-Health Sector) Thessaloniki,"About Sigmasoft S.A. 
Sigmasoft S.A. is an innovative software development company providing state-of-the-art software solutions and services for the e-Health &  e-Government Sector.
What You Will Be Doing
You will be working with our team of talented software engineers to create innovative e-Health software systems and solutions. 
Experience You Will Need to Succeed

BSc or MSc in Computer Science or equivalent
Knowledge of JavaScript or AngularJS
Knowledge of Typescript will be considered as a plus
Knowledge of relational databases will be considered as a plus.
Strong knowledge of Java
Knowledge of Spring Framework will be considered as a plus.
Knowledge of PL/SQL programming, will be considered as a plus

 Personal skills we are looking for

Excellent communication skills
Excellent analytical, problem solving and troubleshooting abilities
Solid organizational skills and focus on accuracy and attention to detail
Able to work independently or as part of a team
Detail oriented, maintaining the highest quality work standards
Enjoy working within agile/scrum-based team

What we offer

Competitive base salary
Private medical insurance coverage
Full-time long-term co-operation
Outstanding on the job training opportunities
Outstanding working environment
Outstanding career opportunities",Mid-level,Full-time,"Thessaloniki, Greece",EL,2024-09-07,kariera.gr,156872,,"['http://data.europa.eu/esco/skill/19a8293b-8e95-4de3-983f-77484079c389', 'http://data.europa.eu/esco/skill/867137fb-ff1b-4ca3-99f3-cb6969aa2c68']",[]
363,Full Stack Developer - Angular & Java Spring Boot  (e-Health Sector) Athens,"About Sigmasoft S.A. 
Sigmasoft S.A. is an innovative software development company providing state-of-the-art software solutions and services for the e-Health &  e-Government Sector.
What You Will Be Doing
You will be working with our team of talented software engineers to create innovative e-Health software systems and solutions.
Experience You Will Need to Succeed

BSc or MSc in Computer Science or equivalent
Knowledge of JavaScript or AngularJS
Knowledge of Typescript will be considered as a plus
Knowledge of relational databases will be considered as a plus.
Strong knowledge of Java
Knowledge of Spring Framework will be considered as a plus.
Knowledge of PL/SQL programming, will be considered as a plus

 Personal skills we are looking for

Excellent communication skills
Excellent analytical, problem solving and troubleshooting abilities
Solid organizational skills and focus on accuracy and attention to detail
Able to work independently or as part of a team
Detail oriented, maintaining the highest quality work standards
Enjoy working within agile/scrum-based team

What we offer

Competitive base salary
Private medical insurance coverage
Full-time long-term co-operation
Outstanding on the job training opportunities
Outstanding working environment
Outstanding career opportunities",Mid-level,Full-time,"Athens, Greece",EL,2024-09-07,kariera.gr,168510,,"['http://data.europa.eu/esco/skill/19a8293b-8e95-4de3-983f-77484079c389', 'http://data.europa.eu/esco/skill/867137fb-ff1b-4ca3-99f3-cb6969aa2c68']",[]
539,"Senior Associate, Software Engineering","Role Summary
Pfizer's purpose is to deliver breakthroughs that change patients' lives.In Pfizer Digital Core Solutions, we partner closely with our Pfizer business operations colleagues to efficiently deliver robust supporting technology solutions that enhance their work to achieve the Pfizer purpose. We value our team members' technical skills, but also their passion, teamwork, and growth. Our culture is focused on delivering value through courage, excellence, equity, and joy. Our collective skillset supports all aspects of technology planning, project execution and application development excellence.We are looking for Software Engineer (SE) candidates who are aligned with our culture and values, and with academic and/or work experience in software development projects that include both backend and frontend development using Java and Javascript-based technologies for multi-tiered, RDBMS-based web applications.The Software Engineer plays a key role in meeting our mission. The SE analyzes specifications, designs logic, writes code, customizes products, unit tests, debugs, and documents software applications. The SE participates in agile team events and works within the agile team framework.The SE will work closely with their manager to ensure growth over time, including the selection of project work among hundreds of applications that will expand their skillset to meet personal and organizational goals, to provide fulfilling work, and to advance their careers.
Role Responsibilities

Works within project teams as a contributor to design, prototype, implement and unit test software solutions in support of the project objectives.
Works as a senior developer on small-to-medium size software development projects, which may include accountability for the work of a small number of other junior and/or contract Software Engineers, as well as responsibility for dictating and managing coding standards, coding best practices, source code control approaches, versioning, etc.
Translates logical designs of user/system interfaces into physical designs, considering the target environment, performance requirements and existing systems.
Helps produce detailed design specifications where applicable, and documents all work using required standards, methods, and tools, including prototyping tools, where appropriate.
Conducts reviews of supplied specifications as appropriate.
Defines the integration build and produces a build definition for generation of the software.
Work in a matrix, team environment with Pfizer colleagues as well as vendor partners.
Dedicated to meeting the expectations and requirements of internal and external customers.

Qualifications
Education:

Undergraduate degree in Software Engineering, Information Management, Computer Science, Mathematics, or other scientific or engineering discipline.

Prior Experience:

Minimum of 3 years of experience as a software developer/engineer.

Required Capabilities and Experience:

Facilitation, negotiating and presentation skills.
Experience working in ambiguous situations.
Demonstrated experience and skills in analysis and problem solving.
Demonstrated ability to developing multi-tiered solutions using multiple programming languages and web technologies including Java, TypeScript (Angular), HTML, CSS, SQL, etc.
Demonstrated experience using standard requirements business analysis techniques, including brainstorming, interviewing, requirements sessions, activity diagrams and use cases desired.
Demonstrated experience and/or competencies either informally or formally contributing on various-size teams of technologists, IT professionals or project managers using Agile, Scrum, DevOps, and other approaches for iterative development.
Demonstrated ability to collaborate and work effectively in team settings, frequently in virtual teams with client partner and customer engagement responsibilities.
Demonstrated ability to understand data and integration architectures to manage, transform, and exploit data across the enterprise.
Demonstrated capability to understand security requirements, and using the frameworks and tools the organization has put in place to meet those requirements.
Excellent oral and written communication skills.

Required Aptitude:

Quick to establish trust and respect
Action oriented and energetic
Resourceful and creative
Persistent and determined
Mature and cool under pressure
Easily makes connections
Reads situations quickly
Commitment and follow through

Pfizer is an equal opportunity employer and complies with all applicable equal employment opportunity legislation in each jurisdiction in which it operates.
To apply please visit our website www.pfizercareers.com and search job Senior Associate, Software Engineer with id 4919474.",Mid-level,Full-time,"Thessaloniki, Greece",EL,2024-09-06,kariera.gr,168300,,"['http://data.europa.eu/esco/skill/0a9acb6b-1139-4be9-b431-3a80a959f2f4', 'http://data.europa.eu/esco/skill/0af062de-eb43-41e9-9b96-249e2cd22d26', 'http://data.europa.eu/esco/skill/0ee94c0a-3716-494a-95a2-dcbab9e58be2', 'http://data.europa.eu/esco/skill/113b4428-0a31-4199-8496-070af7854b91', 'http://data.europa.eu/esco/skill/19a8293b-8e95-4de3-983f-77484079c389', 'http://data.europa.eu/esco/skill/1b957e3d-0017-42b0-9bfe-49a1cdd31de7', 'http://data.europa.eu/esco/skill/1fcce318-3212-487a-ac07-4941bc85060d', 'http://data.europa.eu/esco/skill/234aeb8d-56c3-4531-9193-1c5e6a8d16cb', 'http://data.europa.eu/esco/skill/2522a6ce-3202-4ac8-9f5b-b9cb5a3a83a1', 'http://data.europa.eu/esco/skill/33d49d4f-31ec-473f-9b8a-b555aa5116bb', 'http://data.europa.eu/esco/skill/385479b7-5da5-4367-9763-0d15b41bb65b', 'http://data.europa.eu/esco/skill/4339176e-3acd-4f7f-a5d9-445bee3d23f2', 'http://data.europa.eu/esco/skill/598de5b0-5b58-4ea7-8058-a4bc4d18c742', 'http://data.europa.eu/esco/skill/5b26f08b-88bc-45f0-b901-530d7786466b', 'http://data.europa.eu/esco/skill/5dd96c59-5955-474b-8cf5-e986a5b50f1a', 'http://data.europa.eu/esco/skill/7954861c-86d4-4529-afbb-2c23dab9ac74', 'http://data.europa.eu/esco/skill/867137fb-ff1b-4ca3-99f3-cb6969aa2c68', 'http://data.europa.eu/esco/skill/a8797f21-1af0-4c5e-98ca-bf1442929363', 'http://data.europa.eu/esco/skill/d433c82e-fa7a-492e-a8fd-eee7b39e4c48', 'http://data.europa.eu/esco/skill/e76dd90d-91c4-49c0-bfd0-dfa2c4c90c81', 'http://data.europa.eu/esco/skill/ed1d8bd4-cd2a-4c64-b665-56d70651026c', 'http://data.europa.eu/esco/skill/f0de4973-0a70-4644-8fd4-3a97080476f4', 'http://data.europa.eu/esco/skill/f37d9f67-2e79-4958-8307-1ce9d6dcc8bd', 'http://data.europa.eu/esco/skill/f5308e60-d763-4ead-be95-88c96fb3e02b', 'http://data.europa.eu/esco/skill/f9b52e2d-56a7-48ca-b04d-2fc6436fcd4f', 'http://data.europa.eu/esco/skill/fd33c66c-70c4-40e6-b87c-5495bd3bf26e']","['http://data.europa.eu/esco/occupation/196a4c75-9591-436f-9677-67252df34c22', 'http://data.europa.eu/esco/occupation/72628f3a-fd49-499a-9741-870b0a1fcef2', 'http://data.europa.eu/esco/occupation/7843a4c6-a9f6-4095-94b9-45b384d4bd57', 'http://data.europa.eu/esco/occupation/836f0a96-7546-4003-9fc8-714fc79199d4', 'http://data.europa.eu/esco/occupation/8b6388a4-4904-471b-9331-d3b1211f5525', 'http://data.europa.eu/esco/occupation/cc867bee-ab5c-427f-9244-f7a204d9574b', 'http://data.europa.eu/esco/occupation/d515e82a-ca9f-4be4-9823-33694dff7304', 'http://data.europa.eu/esco/isco/C1330', 'http://data.europa.eu/esco/isco/C2519']"
1139,"Full Stack Engineer (React.js, Java)","Company DescriptionWe are Netcompany-Intrasoft, a member of Netcompany Group A/S, and a leading European IT Solutions and Services company with strong international presence and expertise, dedicated to responsible digitalisation. We offer innovative and added-value solutions of the highest quality to a wide range of public and private organizations, while being a key-player in the EU Institutions for the past 30 years. We hold an outstanding record of 500+ organizations in 70+ countries, that have chosen our solutions and services, to fulfil their business needs. Our team of 3500+ professionals is our driving force and our most valuable asset.Job DescriptionEver wondered what it feels like to be a Full Stack Engineer in Netcompany-Intrasoft? Joining us as a Full Stack Engineer, you will have the opportunity to be a part of our highly skilled agile, software product development teams working within large-scale transformation projects.As a Full Stack Engineer you will:Collaboration with team members to understand requirements andpropose solutionsEngage with UX/UI designers to implement highly intuitive user experiencesDevelop and maintain code, application libraries and produce technical documentationParticipate in Scrum meetings, provide technical assessments, perform peer code reviews and produce time estimates for development tasksQualificationsWhat would make you a fit for the role:Degree in Computer Science or other relevant disciplines2 years of experience in React.js, JavaFamiliarity with JavaScript/ TypeScript and Spring BootExcellent command of the English language (written and verbal)An analytical mind with problem-solving abilitiesExcellent interpersonal skills and team spiritIt would also be a plus if you match some of the following:Familiarity with Oracle DatabaseFamiliarity withMicroservices architectural patternsFamiliarity with KubernetesFamiliarity with CI/CD and version control platforms (Jenkins X, Bamboo)Additional InformationBeing a part of the Netcompany-Ιntrasoft team, you will be provided with: The opportunity to work in a modern environment & in a hybrid working modelA seamless onboarding experience and a buddy to support you on your first stepsA competitive compensation & benefits packageHealth and life insurance program Meal and commuting allowanceWell-being activities (on premises)Continuous learning opportunities using the most modern methods (unlimited access to Udemy for Business, ad-hoc trainings)A personalized development plan for targeted career growthIf you are looking forward to be part of a diverse environment, and have the opportunity to work alongside well-experienced professionals, on challenging, large-scale projects that directly impact millions of citizens around the globe, then this is the place to be!By joining Netcompany-Intrasoft Athens, you will be part of a vivid team of 2000+ tech enthusiasts. When at the office you will have the chance to work at our brand-new, state-of-the-art, sustainable offices, located in 3 different spots in Athens!Our cultureOur people are the most important element of our success. Our work life is well defined by our set of fundamental Values: https://bit.ly/3SSbBzU  #BePartOfSomethingGreat!*Please submit your CV in EnglishAll applications will be treated as strictly confidential.",,Full-time,"Athens, Greece",EL,2024-09-04,kariera.gr,150398,,"['http://data.europa.eu/esco/skill/07dd856d-6141-48a7-a228-918f88494812', 'http://data.europa.eu/esco/skill/23ac233d-84ad-4517-b0f5-8ca19ba2614e', 'http://data.europa.eu/esco/skill/484df271-bb52-49f1-8f50-f19624bf4df2', 'http://data.europa.eu/esco/skill/8f6ed69b-29d0-4c01-81ba-f05920a185f3', 'http://data.europa.eu/esco/skill/a8797f21-1af0-4c5e-98ca-bf1442929363', 'http://data.europa.eu/esco/skill/f47a1998-0beb-43be-9f46-380aa4d183da']","['http://data.europa.eu/esco/occupation/719f101d-1866-49d3-8d5c-2256f606a8b9', 'http://data.europa.eu/esco/occupation/faed411a-f920-4100-86a8-b877928b429c', 'http://data.europa.eu/esco/isco/C7543']"
1731,"Manager, Software Engineer","Why Patients Need You
Technology impacts everything we do. Pfizer's digital and 'data first' strategy focuses on implementing impactful and innovative technology solutions across all functions from research to manufacturing. Whether you are digitizing drug discovery and development, identifying solutions, or making our work easier and faster, you will be making a difference to countless lives.ROLE SUMMARYPfizer's purpose is to deliver breakthroughs that change patients' lives.In Pfizer Digital Core Solutions, we partner closely with our Pfizer business operations colleagues to efficiently deliver robust supporting technology solutions that enhance their work to achieve the Pfizer purpose. We value our team members' technical skills, but also their passion, teamwork, and growth. Our culture is focused on delivering value through courage, excellence, equity, and joy. Our collective skillset supports all aspects of technology planning, project execution and application development excellence.We are looking for Software Engineer (SE) candidates who are aligned with our culture and values, and with experience in software development projects that include both backend and frontend development using Java and Javascript-based technologies for multi-tiered, RDBMS-based web applications. Top candidates will also have experience working on regulated projects that have used an agile approach.The Software Engineer plays a key role in meeting our mission. In addition to standard software development and agile team responsibilities, SEs act as mentors as well as technical subject matter experts on in-house, outsourced, and co-sourced developed global applications. SEs may additionally lead technical teams and work independently or lead others on initiatives. SEs will collaborate closely with stakeholders of all levels across both the Digital Core Solutions organization as well as our partner business operations organizations, leading to opportunities to learn from and advise senior Pfizer leadership.The SE will work closely with their manager to ensure growth over time, including the selection of project work among hundreds of applications that will expand their skillset to meet personal and organizational goals, to provide fulfilling work, and to advance their careers.




ROLE RESPONSIBILITIES

Works independently and within teams to advance organizational and project objectives.
Works with project teams across R&D Solutions, providing technical leadership across business domains, including support for short and long-term strategies in alignment with Pfizer Digital colleagues: Client Partners, Architects, Solution Delivery Leads, among others.
Participates in Agile practices in alignment with team processes and objectives.
Designs application areas to meet project objectives and alignment with Digital standards and best practices.
Works in team environment with Pfizer colleagues as well as vendor partners.
Ensures the expectations and requirements of internal and external stakeholders are met.
Provides technical management of colleagues and contract resources for software development projects.
Provides technical expertise and oversight to ensure the quality and maintenance of existing production systems.
Suggests and assists in the development of Engineering Best Practices for the group.
Designs, prototypes, implements and unit tests software solutions in supported business areas.
Specifies user/system interfaces and translates logical designs into physical designs taking account of target environment, performance requirements and existing systems.
Produces detailed designs and documents all work using required standards, methods and tools, including prototyping tools, where appropriate.
Conducts reviews of supplied specifications as appropriate.
Creates, improves, and maintains DevOps and other build and code management configurations to support efficient, high quality, and secure software development and delivery.





QUALIFICATIONS ​

Undergraduate degree in Software Engineering, Information Management, Computer Science, Mathematics, or other scientific or engineering discipline.
5+ years of relevant experience within the Software Engineering discipline.
Experience working within teams of technologists, IT professionals or project managers using Agile, DevOps, and other approaches for iterative development.
Demonstrated capabilities and experience collaborating and working effectively in team settings, frequently in virtual teams with client partner and customer engagement responsibilities.
Experience in supporting the selection or implementation of technical direction on large projects and/or complex, program-level initiatives requiring technical and business-domain expertise.
Experience and demonstrated competencies either informally or formally managing and/or mentoring others with an emphasis on communicating software engineering and project development best practices.
Demonstrated focus on the high quality of outputs through various methods, such as through code quality initiatives, implementation of automated testing or a unit testing program, process improvement, or leading team engagement with quality initiatives.

Required Capabilities and Experience:

Strong capabilities in developing multi-tiered solutions using Java/J2EE, JBoss Application Server, SQL, REST and JMS, as well as web technologies and frameworks such as Angular, Typescript, HTML, CSS.
Experience using Agile and DevOps tools such as Jira, GitHub and Sonar.
Demonstrated capabilities in understanding data and integration architectures to manage, transform, and exploit data across the enterprise.
Capable of understanding security requirements and using the frameworks and tools the organization has put in place to meet those requirements.
Excellent oral and written communication skills including technical writing / documentation.

Required Aptitude:

Quick to establish trust and respect
Action oriented and energetic
Resourceful and creative
Persistent and determined
Mature and cool under pressure
Easily makes connections
Reads situations quickly
Commitment and follow through

Pfizer is an equal opportunity employer and complies with all applicable equal employment opportunity legislation in each jurisdiction in which it operates.
To apply please visit our website www.pfizercareers.com and search job Manager, Software Engineer id 4910159.",Senior,Full-time,"Thessaloniki, Greece",EL,2024-09-03,kariera.gr,166989,,"['http://data.europa.eu/esco/skill/0a9acb6b-1139-4be9-b431-3a80a959f2f4', 'http://data.europa.eu/esco/skill/0af062de-eb43-41e9-9b96-249e2cd22d26', 'http://data.europa.eu/esco/skill/113b4428-0a31-4199-8496-070af7854b91', 'http://data.europa.eu/esco/skill/1af2db15-2af9-44dd-9639-bf1fc69d4c34', 'http://data.europa.eu/esco/skill/1fcce318-3212-487a-ac07-4941bc85060d', 'http://data.europa.eu/esco/skill/21fecc8a-392e-49ce-ac26-fb0696ccfead', 'http://data.europa.eu/esco/skill/2624158e-4a53-4667-8921-96ee7aaea7b3', 'http://data.europa.eu/esco/skill/33d49d4f-31ec-473f-9b8a-b555aa5116bb', 'http://data.europa.eu/esco/skill/4339176e-3acd-4f7f-a5d9-445bee3d23f2', 'http://data.europa.eu/esco/skill/598de5b0-5b58-4ea7-8058-a4bc4d18c742', 'http://data.europa.eu/esco/skill/5b26f08b-88bc-45f0-b901-530d7786466b', 'http://data.europa.eu/esco/skill/5dd96c59-5955-474b-8cf5-e986a5b50f1a', 'http://data.europa.eu/esco/skill/6a322874-e32f-4cd8-9683-badce67a7f73', 'http://data.europa.eu/esco/skill/75b30aeb-34c0-40f4-b77d-271d75a98b14', 'http://data.europa.eu/esco/skill/867137fb-ff1b-4ca3-99f3-cb6969aa2c68', 'http://data.europa.eu/esco/skill/b16bcbcb-1d3f-42b3-a6a5-b91348a72b70', 'http://data.europa.eu/esco/skill/b87f6102-5bab-4e99-a5d8-11b6be1b99c2', 'http://data.europa.eu/esco/skill/bacbfc27-4b5d-47de-8bfd-af5fa27562a2', 'http://data.europa.eu/esco/skill/c69587b4-05d3-45bb-b79b-9b85e6603fc2', 'http://data.europa.eu/esco/skill/d83cba15-8511-4d07-b89a-9fde0d1d8241', 'http://data.europa.eu/esco/skill/dba46f87-0831-49cd-a1c7-340a653c0221', 'http://data.europa.eu/esco/skill/dd009c14-f702-4d16-a919-8d2098205cf4', 'http://data.europa.eu/esco/skill/ed1d8bd4-cd2a-4c64-b665-56d70651026c', 'http://data.europa.eu/esco/skill/f0de4973-0a70-4644-8fd4-3a97080476f4', 'http://data.europa.eu/esco/skill/f37d9f67-2e79-4958-8307-1ce9d6dcc8bd', 'http://data.europa.eu/esco/skill/f5308e60-d763-4ead-be95-88c96fb3e02b']","['http://data.europa.eu/esco/occupation/00030d09-2b3a-4efd-87cc-c4ea39d27c34', 'http://data.europa.eu/esco/occupation/070e94a8-a933-4557-9b95-fefe7f4f1763', 'http://data.europa.eu/esco/occupation/53cdd34e-22f2-41bd-b3c7-de22bf9bbcae', 'http://data.europa.eu/esco/occupation/72628f3a-fd49-499a-9741-870b0a1fcef2', 'http://data.europa.eu/esco/occupation/874a2080-a9b6-46a9-8662-c9b7d4208f73', 'http://data.europa.eu/esco/occupation/8b6388a4-4904-471b-9331-d3b1211f5525', 'http://data.europa.eu/esco/occupation/8c3f536e-ba66-4321-ba40-363dc39f129b', 'http://data.europa.eu/esco/occupation/8cb59bc4-1f39-477e-beea-effed12d186c', 'http://data.europa.eu/esco/occupation/cc867bee-ab5c-427f-9244-f7a204d9574b', 'http://data.europa.eu/esco/occupation/d515e82a-ca9f-4be4-9823-33694dff7304', 'http://data.europa.eu/esco/isco/C1330', 'http://data.europa.eu/esco/isco/C2519']"
2257,"Manager, AWS Developer","Why Patients Need You
Technology impacts everything we do. Pfizer's digital and 'data first' strategy focuses on implementing impactful and innovative technology solutions across all functions from research to manufacturing. Whether you are digitizing drug discovery and development, identifying solutions, or making our work easier and faster, you will be making a difference to countless lives.
What You Will Achieve
Your technical skills will help us develop and support robust softwares for our business. Due to your expertise, you will develop program logic for new applications and modify existing ones. You will support a range of activities, such as coding, testing, debugging, documentation, implementation and maintenance of software applications and cloud infrastructure for Pfizer.As a Manager, you will take ownership of long running tasks and goals. Your planning skills will help in preparing requirements, and providing areas of improvement for products, processes or services. Through your comprehensive knowledge of principles, concepts and theories of the discipline, you will also work towards advancing new concepts and methodologies. You will be able to take a leadership role to facilitate agreements between different teams.It is your hard work and dedication that will help in making Pfizer ready to achieve new milestones and help patients across the globe.
How You Will Achieve It

Provide guidance, lead/co-lead projects, manage own time to meet objectives and plan resource requirements for projects across the department.
Prepare and deliver operational updates to business stakeholder groups and solution delivery leads.
Ensure alignment across the Pfizer Digital organization and service providers effectively utilizing the Pfizer Digital organization.
Create a culture of Continuous Improvement including creating new projects focused on technical and organizational issues and monitoring improvement efforts.
Work with contract resources to deliver services, projects & operating support models for delivered solutions and ensure technology solutions meet the needs of the business.
Establish an environment where the team can be as effective as possible, addressing team dynamics, and ensuring a good relationship between the development team and product owner.
Manage global digital services in conjunction with the product & service owners.
Identify opportunities to decommission applications or move to regional or global solutions.
Drive Application rationalization to reduce local applications to the absolute minimum.

Qualifications
Must-Have

BSc degree is required.
5+ years' relevant experience.
2+ years' experience with AWS, Azure, and/or Google public cloud experience in a production environment.
Experience with developing secure cloud based applications using languages such as Python and Typescript.
Experience designing, orchestrating, and deploying container based solutions using Docker and related AWS services.
Familiarity with infrastructure as a code tools such as Terraform.
Deep understanding of web based and mobile application technologies and concepts.
Excellent interpersonal and communication skills with the ability to build relationships and deliver effective presentations to a variety of audiences.
Demonstrate effective organization and time management.
Ability to work independently and multi-task effectively.

Nice-to-Have

Master's degree.
Relevant pharmaceutical industry experience.
Experience with agile methodology and continuous delivery approaches.
Proven relevant progressive experience as an Informational technology professional, preferably in a pharmaceutical industry.

Pfizer is an equal opportunity employer and complies with all applicable equal employment opportunity legislation in each jurisdiction in which it operates.
 
To apply please visit our website www.pfizercareers.com and search job Manager, AWS Developer id 4918744.",Senior,Full-time,"Thessaloniki, Greece",EL,2024-08-30,kariera.gr,166387,,"['http://data.europa.eu/esco/skill/0550431f-9c8b-4204-9c45-59bc5feacf06', 'http://data.europa.eu/esco/skill/07e51c60-763a-4335-b4ec-70a15f66d328', 'http://data.europa.eu/esco/skill/0b144726-21c2-46ed-8d13-c03d27f61604', 'http://data.europa.eu/esco/skill/2522a6ce-3202-4ac8-9f5b-b9cb5a3a83a1', 'http://data.europa.eu/esco/skill/2c4e11ef-da18-4e19-816b-e6bc19e12424', 'http://data.europa.eu/esco/skill/385479b7-5da5-4367-9763-0d15b41bb65b', 'http://data.europa.eu/esco/skill/477173ca-5fc2-406b-9122-95d92811f284', 'http://data.europa.eu/esco/skill/609a8ac1-9d29-4237-9886-596dbbe7ca8a', 'http://data.europa.eu/esco/skill/7bb5d9af-0a7e-48a7-a860-0e1ded0f6e75', 'http://data.europa.eu/esco/skill/7c05199f-7b03-4a4a-afee-7c9dfcf9066a', 'http://data.europa.eu/esco/skill/867137fb-ff1b-4ca3-99f3-cb6969aa2c68', 'http://data.europa.eu/esco/skill/b8c01891-e3df-4a4b-948d-95b45e1788f5', 'http://data.europa.eu/esco/skill/dba46f87-0831-49cd-a1c7-340a653c0221']","['http://data.europa.eu/esco/occupation/070e94a8-a933-4557-9b95-fefe7f4f1763', 'http://data.europa.eu/esco/occupation/2ed56c3f-61d6-4f7e-9ef8-8849eb102e4c', 'http://data.europa.eu/esco/occupation/53cdd34e-22f2-41bd-b3c7-de22bf9bbcae', 'http://data.europa.eu/esco/occupation/623958d6-775c-4586-b928-86582d9d1b69', 'http://data.europa.eu/esco/occupation/8cb59bc4-1f39-477e-beea-effed12d186c', 'http://data.europa.eu/esco/occupation/ab7bccb2-6f81-4a3d-a0c0-fca5d47d2775', 'http://data.europa.eu/esco/occupation/e2a495fb-68a3-46f9-8753-6ce566a7a085']"
2284,"Manager, Software Engineer front-end","Why Patients Need You
Technology impacts everything we do. Pfizer's digital and 'data first' strategy focuses on implementing impactful and innovative technology solutions across all functions from research to manufacturing. Whether you are digitizing drug discovery and development, identifying solutions, or making our work easier and faster, you will be making a difference to countless lives.
What You Will Achieve
You will help Pfizer build its information technology solutions. You will leverage your technical skills to design, develop and implement IT solutions which satisfy the short term or long terms needs of Pfizer. You will work on front-end UI architecture design, wireframes and application infrastructure to deliver results.As a Manager, Software Developer front-end you will play a critical role in designing and implementing high-quality user interfaces. You will collaborate with cross-functional teams to deliver seamless and engaging experiences for our users. Your expertise will guide the team towards best practices, ensuring high code quality and continuous improvement in our front-end development processes.It is your hard work and dedication that will help in making Pfizer ready to achieve new milestones and help patients across the globe.




Key Responsibilities

Design, develop, and maintain responsive, high-performance web applications using modern front-end technologies.
Lead the technical design and architecture discussions for front-end development, ensuring scalable and maintainable solutions.
Mentor and guide junior developers, fostering a culture of continuous learning and improvement.
Collaborate with product managers, UX/UI designers, and other stakeholders to gather requirements and translate them into technical specifications.
Conduct code reviews to ensure adherence to coding standards, best practices, and overall code quality.
Troubleshoot and resolve complex technical issues, ensuring optimal performance and user experience.
Stay current with emerging technologies and industry trends, incorporating them into the development process as appropriate.
Participate in agile development processes, including sprint planning, stand-ups, and retrospectives.





Qualifications
Must-Have

Bachelor's or Master's degree in Computer Science, Engineering, or a related field.
5+ years of experience in front-end development, with a strong focus and knowledge of at least one modern JavaScript framework or library (e.g., React, Angular, Vue.js).
Proficiency in HTML, CSS, and JavaScript (ES6+).
Strong understanding of responsive design principles and mobile-first development.
Familiarity with RESTful APIs and asynchronous request handling.
Excellent problem-solving skills and the ability to think critically and creatively.
Strong communication skills, with the ability to effectively convey technical concepts to both technical and non-technical stakeholders.
Demonstrated ability to lead and mentor a team of developers.
Experience with version control systems, such as Git.
Knowledge of browser compatibility issues and ways to work around them.

Nice-to-Have

Experience with TypeScript.
Familiarity with DevOps practices and CI/CD pipelines.
Contribution to open-source projects or active participation in the developer community.
Knowledge of web performance optimization techniques.
Understanding of GraphQL.





Pfizer is an equal opportunity employer and complies with all applicable equal employment opportunity legislation in each jurisdiction in which it operates.
To apply please visit our website www.pfizercareers.com and search job Manager, Software Engineer front-end id 4915427.",Senior,Full-time,"Thessaloniki, Greece",EL,2024-08-30,kariera.gr,166346,,"['http://data.europa.eu/esco/skill/14832d87-2f2f-4895-b290-e4760ebae42a', 'http://data.europa.eu/esco/skill/1ffac4ac-fda7-407d-8ed1-ca8f4a8dc146', 'http://data.europa.eu/esco/skill/6ad40ca3-dc34-4442-b23f-0b1b28936f56', 'http://data.europa.eu/esco/skill/867137fb-ff1b-4ca3-99f3-cb6969aa2c68', 'http://data.europa.eu/esco/skill/9d2e926f-53d9-41f5-98f3-19dfaa687f3f', 'http://data.europa.eu/esco/skill/a8797f21-1af0-4c5e-98ca-bf1442929363', 'http://data.europa.eu/esco/skill/c4b1f326-224a-420a-b8b3-814a8f13b6cb', 'http://data.europa.eu/esco/skill/d52382fe-f236-421f-95fe-34fe69d48dbd', 'http://data.europa.eu/esco/skill/d9e5349e-8791-49c2-8ba4-839fdd1606c2', 'http://data.europa.eu/esco/skill/dba46f87-0831-49cd-a1c7-340a653c0221', 'http://data.europa.eu/esco/skill/f0de4973-0a70-4644-8fd4-3a97080476f4', 'http://data.europa.eu/esco/skill/f0f5bb34-71df-4715-9c9e-03567b76ec8f']","['http://data.europa.eu/esco/occupation/070e94a8-a933-4557-9b95-fefe7f4f1763', 'http://data.europa.eu/esco/occupation/2ed56c3f-61d6-4f7e-9ef8-8849eb102e4c', 'http://data.europa.eu/esco/occupation/53cdd34e-22f2-41bd-b3c7-de22bf9bbcae', 'http://data.europa.eu/esco/occupation/866c7813-2c03-47d7-9bdc-192cfbace57c', 'http://data.europa.eu/esco/occupation/8cb59bc4-1f39-477e-beea-effed12d186c', 'http://data.europa.eu/esco/occupation/96e20037-0a25-4bf6-a25e-808d1605d890', 'http://data.europa.eu/esco/occupation/cc867bee-ab5c-427f-9244-f7a204d9574b', 'http://data.europa.eu/esco/occupation/f2b15a0e-e65a-438a-affb-29b9d50b77d1', 'http://data.europa.eu/esco/occupation/faed411a-f920-4100-86a8-b877928b429c', 'http://data.europa.eu/esco/isco/C214']"
2481,Full Stack Web Developer (FSWDev-09.24),"ACS MAEE, a courier company, a member of the Quest Group, with a leading position in the market, is looking to hire a Full Stack Web Developer with strong skills in Angular, SQL Server and RESTful APIs. The right candidate is responsible for developing and maintaining high quality web applications, ensuring integration between front-end and back-end.
Responsibilities

Develop and maintain web applications using Angular.
Creating and integrating RESTful APIs.
Document code and procedures
Working and participating in application implementation and analysis teams

Necessary qualifications

Bachelor's degree in IT or related field.
Good knowledge and experience in Angular, SQL Server and RESTful APIs.
Experience in a similar position 3+ years
Good knowledge and experience in HTML, CSS, JavaScript and TypeScript.
Familiarity with source control systems (Git)",Mid-level,Full-time,"Aigaleo, Greece",EL,2024-08-29,kariera.gr,166104,,"['http://data.europa.eu/esco/skill/867137fb-ff1b-4ca3-99f3-cb6969aa2c68', 'http://data.europa.eu/esco/skill/c062bab3-3ea0-4291-9220-a2d8fef4bead']",['http://data.europa.eu/esco/occupation/3a959644-beed-4afc-8e57-d5068ae6a43e']
3412,Test Automation Leader,"Company DescriptionWe are Netcompany-Intrasoft, a member of Netcompany Group A/S, and a leading European IT Solutions and Services company with strong international presence and expertise, dedicated to responsible digitalisation. We offer innovative and added-value solutions of the highest quality to a wide range of public and private organizations, while being a key-player in the EU Institutions for the past 30 years. We hold an outstanding record of 500+ organizations in 70+ countries, that have chosen our solutions and services, to fulfil their business needs. Our team of 3500+ professionals is our driving force and our most valuable asset.Job DescriptionOur fully inhouse Testing team consists of 180 professionals across our sites and is Gold ISTQB partner. This is a team led by Test Managers, that serves the entire Netcompany-Intrasoft organization, bringing value and benefit in all the technologies we use and offer. Our Testing team is engaged with a vast portfolio of services, technologies, solutions and methodologies.As a Test Automation Leader you will:Work on analyzing and managing the testing lifecycle of large-scale software applications of EU institutions / Products / Public Sector. You will be exposed to a wide variety of services and technologies in a multinational environment.QualificationsWhat would make you a fit for the role:University degree in Information Technology or another relevant field and 7+ years of experience in Test Automation, including leadership rolesProven experience in Software Testing and Test Automation, with expertise in designing and implementing Test Automation Strategies for Component, Functional, Regression, and Performance testsExtensive experience in testing complex business logic of enterprise-level systems and microservices architecturesProficiency in Java, .NET, Typescript, SQL, HTML, XML, JSON, Shell & Bat scriptingExpertise in various tools/frameworks such as Selenium, Appium, Playwright, Cypress, WebdriverIO, TestNG, JUnit, NUnit, Spring, Spring Boot, Cucumber, SpecFlow, Rest Assured API, SoapUI, Postman, JMeter, LoadUI, K6, BPMN, Kafka, JMSExperience with Test Management (Xray, Zephyr, Azure Test, etc.) and Defect Management Tools (Jira, etc.) and in automated integrations with those toolsProficiency with CI Tools (Jenkins, Bamboo, etc.) and pipeline scriptingExperience with Docker, Kubernetes is considered a plusStrong background in creating Test Cases, Test Scripts, Test Reports, and participation in Test CyclesProven ability to train, guide, coach, and share knowledge with less experienced team membersDeep understanding of Agile Software Development methodologiesFlexibility to manage multiple projects and technologies simultaneouslyExcellent command of the English language (written & oral).Additional InformationBeing a part of the Netcompany-Ιntrasoft team, you will be provided with: The opportunity to work in a modern environment & in a hybrid working modelA seamless onboarding experience and a buddy to support you on your first stepsA competitive compensation & benefits packageHealth and life insurance programMeal Well-being activities (on premises)Continuous learning opportunities using the most modern methods (unlimited access to Udemy for Business, ad-hoc trainings)A personalized development plan for targeted career growthIf you are looking forward to be part of a diverse environment, and have the opportunity to work alongside well-experienced professionals, on challenging, large-scale projects that directly impact millions of citizens around the globe, then this is the place to be!When at the office you will have the chance to work at our brand-new, state-of-the-art, sustainable offices, located in 3 different spots in Athens!Please submit your detailed CV and cover letter (in English)Our cultureOur people are the most important element of our success. Our work life is well defined by our set of fundamental Values: https://bit.ly/3SSbBzU  #BePartOfSomethingGreat!*Please submit your CV in EnglishAll applications will be treated as strictly confidential.",,Full-time,"Patra, Greece",EL,2024-08-24,kariera.gr,161225,,"['http://data.europa.eu/esco/skill/0a9acb6b-1139-4be9-b431-3a80a959f2f4', 'http://data.europa.eu/esco/skill/0af062de-eb43-41e9-9b96-249e2cd22d26', 'http://data.europa.eu/esco/skill/23ac233d-84ad-4517-b0f5-8ca19ba2614e', 'http://data.europa.eu/esco/skill/2d3552aa-08da-4aad-9942-675be826a212', 'http://data.europa.eu/esco/skill/3993c87c-7719-4186-811b-8ddfb40e76be', 'http://data.europa.eu/esco/skill/598de5b0-5b58-4ea7-8058-a4bc4d18c742', 'http://data.europa.eu/esco/skill/7557f0f4-b8bc-4ac0-b91e-222ab1ba744f', 'http://data.europa.eu/esco/skill/867137fb-ff1b-4ca3-99f3-cb6969aa2c68', 'http://data.europa.eu/esco/skill/8f6ed69b-29d0-4c01-81ba-f05920a185f3', 'http://data.europa.eu/esco/skill/f47a1998-0beb-43be-9f46-380aa4d183da']","['http://data.europa.eu/esco/occupation/572c51ef-531b-4331-8e66-b1641173e54e', 'http://data.europa.eu/esco/occupation/719f101d-1866-49d3-8d5c-2256f606a8b9', 'http://data.europa.eu/esco/occupation/7ed2e153-8da8-4c0d-b4c5-3402c623f34b', 'http://data.europa.eu/esco/occupation/ab7bccb2-6f81-4a3d-a0c0-fca5d47d2775']"
4373,Web Developer,"Epsilon Net S.A., the largest IT groups of companies in Greece and No.1 Best Workplace in Tech 2023, is seeking for the department of R&D, a Web Developer.
Responsibilities:


Collaborate with cross-functional teams to define, design, and ship new features.


Work on new feature development, as well as maintenance of existing features and bug fixes


Design, build, and maintain highly reusable C#, JavaScript, HTML and CSS code


Ensure the best possible performance, quality, and responsiveness of the application


Unit-test code for robustness, including edge cases, usability, and general reliability


Requirements:


BS/MS degree in Computer Science, Engineering or a related subject


1 - 3 years of overall software development experience


Experience with .NET 4.5+, .NET Core principles and best practices


Good knowledge of HTML5 and JavaScript, TypeScript, jQuery and its best practices


Experience working with remote data via REST and JSON


Experience with SQL Server


Experience with Git will be considered as an asset


Solid understanding of the full development life cycle and scrum process framework.


Native greek speaker


We Offer:


Multi-awarded working environment (10 Best Workplaces Hellas, 4 Best Workplaces Europe, 2 Best Workplaces™ for Women, 1 Best Workplace in Technology Awards).


Competitive remuneration package.


Ongoing training, opportunities & career development.


Private medical insurance.


Psychological support line.


Online personal- training programs.


Free participation in Epsilon Training & Epsilon College educational programs.


Remote working model.",Mid-level,Full-time,"Pylaia, Greece",EL,2024-08-20,kariera.gr,164171,,"['http://data.europa.eu/esco/skill/0af062de-eb43-41e9-9b96-249e2cd22d26', 'http://data.europa.eu/esco/skill/0d7f2cce-245a-4d02-9b8d-2e9946cc4c5d', 'http://data.europa.eu/esco/skill/49dd67a9-d0a6-4375-b856-85e09032fdac', 'http://data.europa.eu/esco/skill/867137fb-ff1b-4ca3-99f3-cb6969aa2c68', 'http://data.europa.eu/esco/skill/c062bab3-3ea0-4291-9220-a2d8fef4bead', 'http://data.europa.eu/esco/skill/c4b626c1-e71c-44ec-9f88-042766f37fcc']","['http://data.europa.eu/esco/occupation/c40a2919-48a9-40ea-b506-1f34f693496d', 'http://data.europa.eu/esco/isco/C214']"
4804,Senior Software Engineer in Test,"Company DescriptionWe are Netcompany-Intrasoft, a member of Netcompany Group A/S, and a leading European IT Solutions and Services company with strong international presence and expertise, dedicated to responsible digitalisation. We offer innovative and added-value solutions of the highest quality to a wide range of public and private organizations, while being a key-player in the EU Institutions for the past 30 years. We hold an outstanding record of 500+ organizations in 70+ countries, that have chosen our solutions and services, to fulfil their business needs. Our team of 3500+ professionals is our driving force and our most valuable asset.Job DescriptionOur fully inhouse Testing team consists of 180 professionals across our sites and is Gold ISTQB partner. This is a team led by Test Managers, that serves the entire Netcompany-Intrasoft organization, bringing value and benefit in all the technologies we use and offer. Our Testing team is engaged with a vast portfolio of services, technologies, solutions and methodologies.As a Senior Software Engineer in Test you will:Familiarize with the architecture of the system under testAnalyze the tests to be automated and identify the most appropriate test automation methodology/technologyImplement and maintain test automation scripts/frameworksParticipate in PoC for evaluation of various tools, frameworks, methodologiesParticipate in the building of a CI pipelineAutomate tests for any of the following test types (functional, performance, usability, compatibility, cross-browser, component)Analysis of test results for troubleshooting, qualitative and quantitative analysisTest Planning and StrategyDefine, engage, and commit to testing planning as part of the Release planning, providing accurate estimations and schedules of all testing activities, timelines, and milestones with appropriate toolsDevelop comprehensive test plans based on project requirements and specifications.Identify and manage dependencies on Test Plans for integrated systemsEnsure automated regression packs are maintained and updated based on new functionality and changesDefine and implement effective test strategies to ensure thorough test coverageEnsure that the several testing and validation processes are improved continuously Test Execution:Oversee the execution of manual and service test cases to identify software defects and ensure product qualityReview and approval of all test artifacts (scripts, test data) and testing deliverables Quality Assurance:Establish and enforce quality assurance processes and standardsCoaching, mentoring, junior QA team members influencing them to take positive action and accountability for their assigned workQualificationsWhat would make you a fit for the role:Degree in Information Technology or another relevant fieldAt least 4 years of experience in Software Testing including expertise in writing Test scripts for Functional, Regression and Performance testsExperience in various tools/frameworks such as Selenium, SoapUI, JMeterWork experience in the creation of Test Cases, Test Scripts, Test Reports and participation in Test CyclesComplete understanding of the Agile Software Development methodologiesExcellent command of the English language (both written & oral)It would also be a plus if you match some of the following:Knowledge in WebServices (SOAP & RESTful), Cucumber, Serenity, TestNG, JUnit, Mockito, REST Assured API and Jira, Jira XRay, Javascript, Typescript, Microservice Architectures, Kafka, Arquillian and Spring Boot are considered a plusWork experience in Java, .Net, Groovy, SQL, XML ISTQB Foundation certificate in Software Testing;Test Automation knowledge through QTP.Additional InformationBeing a part of the Netcompany-Ιntrasoft team, you will be provided with: The opportunity to work in a modern environment & in a hybrid working modelA seamless onboarding experience and a buddy to support you on your first stepsA competitive compensation & benefits packageHealth and life insurance programMeal and commuting allowanceWell-being activities (on premises)Continuous learning opportunities using the most modern methods (unlimited access to Udemy for Business, ad-hoc trainings)A personalized development plan for targeted career growthIf you are looking forward to be part of a diverse environment, and have the opportunity to work alongside well-experienced professionals, on challenging, large-scale projects that directly impact millions of citizens around the globe, then this is the place to be!By joining Netcompany-Intrasoft Athens, you will be part of a vivid team of 2000+ tech enthusiasts. When at the office you will have the chance to work at our brand-new, state-of-the-art, sustainable offices, located in 3 different spots in Athens!#LI-TM1Our cultureOur people are the most important element of our success. Our work life is well defined by our set of fundamental Values: https://bit.ly/3SSbBzU  #BePartOfSomethingGreat!*Please submit your CV in EnglishAll applications will be treated as strictly confidential.",,Full-time,"Athens, Greece",EL,2024-08-11,kariera.gr,152802,,"['http://data.europa.eu/esco/skill/23ac233d-84ad-4517-b0f5-8ca19ba2614e', 'http://data.europa.eu/esco/skill/2522a6ce-3202-4ac8-9f5b-b9cb5a3a83a1', 'http://data.europa.eu/esco/skill/3993c87c-7719-4186-811b-8ddfb40e76be', 'http://data.europa.eu/esco/skill/52cf3037-ab53-4806-85ed-7fd21ea7f6a1', 'http://data.europa.eu/esco/skill/598de5b0-5b58-4ea7-8058-a4bc4d18c742', 'http://data.europa.eu/esco/skill/5d74614d-32c8-4ca4-9818-6980e52424b1', 'http://data.europa.eu/esco/skill/6a0aab53-6246-41e8-a910-e7a13f314860', 'http://data.europa.eu/esco/skill/6a322874-e32f-4cd8-9683-badce67a7f73', 'http://data.europa.eu/esco/skill/7557f0f4-b8bc-4ac0-b91e-222ab1ba744f', 'http://data.europa.eu/esco/skill/867137fb-ff1b-4ca3-99f3-cb6969aa2c68', 'http://data.europa.eu/esco/skill/8f6ed69b-29d0-4c01-81ba-f05920a185f3', 'http://data.europa.eu/esco/skill/c4b626c1-e71c-44ec-9f88-042766f37fcc', 'http://data.europa.eu/esco/skill/c7cc6dc5-d56b-4323-8e5c-47c4022f615f', 'http://data.europa.eu/esco/skill/dba46f87-0831-49cd-a1c7-340a653c0221']","['http://data.europa.eu/esco/occupation/608edf30-fe37-4ae5-bdd1-2d3a8fd347bd', 'http://data.europa.eu/esco/occupation/719f101d-1866-49d3-8d5c-2256f606a8b9', 'http://data.europa.eu/esco/isco/C2519']"
4805,Senior Software Engineer in Test,"Company DescriptionWe are Netcompany-Intrasoft, a member of Netcompany Group A/S, and a leading European IT Solutions and Services company with strong international presence and expertise, dedicated to responsible digitalisation. We offer innovative and added-value solutions of the highest quality to a wide range of public and private organizations, while being a key-player in the EU Institutions for the past 30 years. We hold an outstanding record of 500+ organizations in 70+ countries, that have chosen our solutions and services, to fulfil their business needs. Our team of 3500+ professionals is our driving force and our most valuable asset.Job DescriptionOur fully inhouse Testing team consists of 180 professionals across our sites and is Gold ISTQB partner. This is a team led by Test Managers, that serves the entire Netcompany-Intrasoft organization, bringing value and benefit in all the technologies we use and offer. Our Testing team is engaged with a vast portfolio of services, technologies, solutions and methodologies.As a Senior Software Engineer in Test you will:Familiarize with the architecture of the system under testAnalyze the tests to be automated and identify the most appropriate test automation methodology/technologyImplement and maintain test automation scripts/frameworksParticipate in PoC for evaluation of various tools, frameworks, methodologiesParticipate in the building of a CI pipelineAutomate tests for any of the following test types (functional, performance, usability, compatibility, cross-browser, component)Analysis of test results for troubleshooting, qualitative and quantitative analysisTest Planning and StrategyDefine, engage, and commit to testing planning as part of the Release planning, providing accurate estimations and schedules of all testing activities, timelines, and milestones with appropriate toolsDevelop comprehensive test plans based on project requirements and specifications.Identify and manage dependencies on Test Plans for integrated systemsEnsure automated regression packs are maintained and updated based on new functionality and changesDefine and implement effective test strategies to ensure thorough test coverageEnsure that the several testing and validation processes are improved continuously Test Execution:Oversee the execution of manual and service test cases to identify software defects and ensure product qualityReview and approval of all test artifacts (scripts, test data) and testing deliverables Quality Assurance:Establish and enforce quality assurance processes and standardsCoaching, mentoring, junior QA team members influencing them to take positive action and accountability for their assigned workQualificationsWhat would make you a fit for the role:Degree in Information Technology or another relevant fieldAt least 4 years of experience in Software Testing including expertise in writing Test scripts for Functional, Regression and Performance testsExperience in various tools/frameworks such as Selenium, SoapUI, JMeterWork experience in the creation of Test Cases, Test Scripts, Test Reports and participation in Test CyclesComplete understanding of the Agile Software Development methodologiesExcellent command of the English language (both written & oral)It would also be a plus if you match some of the following:Knowledge in WebServices (SOAP & RESTful), Cucumber, Serenity, TestNG, JUnit, Mockito, REST Assured API and Jira, Jira XRay, Javascript, Typescript, Microservice Architectures, Kafka, Arquillian and Spring Boot are considered a plusWork experience in Java, .Net, Groovy, SQL, XML ISTQB Foundation certificate in Software Testing;Test Automation knowledge through QTP.Additional InformationBeing a part of the Netcompany-Ιntrasoft team, you will be provided with: The opportunity to work in a modern environment & in a hybrid working modelA seamless onboarding experience and a buddy to support you on your first stepsA competitive compensation & benefits packageHealth and life insurance programMeal and commuting allowanceWell-being activities (on premises)Continuous learning opportunities using the most modern methods (unlimited access to Udemy for Business, ad-hoc trainings)A personalized development plan for targeted career growthIf you are looking forward to be part of a diverse environment, and have the opportunity to work alongside well-experienced professionals, on challenging, large-scale projects that directly impact millions of citizens around the globe, then this is the place to be!Join Netcompany-Intrasoft Thessaloniki's branch, and be part of our 250+ tech enthusiasts team!#LI-TM1Our cultureOur people are the most important element of our success. Our work life is well defined by our set of fundamental Values: https://bit.ly/3SSbBzU  #BePartOfSomethingGreat!*Please submit your CV in EnglishAll applications will be treated as strictly confidential.",,Full-time,"Thessaloniki, Greece",EL,2024-08-11,kariera.gr,152801,,"['http://data.europa.eu/esco/skill/23ac233d-84ad-4517-b0f5-8ca19ba2614e', 'http://data.europa.eu/esco/skill/2522a6ce-3202-4ac8-9f5b-b9cb5a3a83a1', 'http://data.europa.eu/esco/skill/3993c87c-7719-4186-811b-8ddfb40e76be', 'http://data.europa.eu/esco/skill/52cf3037-ab53-4806-85ed-7fd21ea7f6a1', 'http://data.europa.eu/esco/skill/598de5b0-5b58-4ea7-8058-a4bc4d18c742', 'http://data.europa.eu/esco/skill/5d74614d-32c8-4ca4-9818-6980e52424b1', 'http://data.europa.eu/esco/skill/6a0aab53-6246-41e8-a910-e7a13f314860', 'http://data.europa.eu/esco/skill/6a322874-e32f-4cd8-9683-badce67a7f73', 'http://data.europa.eu/esco/skill/7557f0f4-b8bc-4ac0-b91e-222ab1ba744f', 'http://data.europa.eu/esco/skill/867137fb-ff1b-4ca3-99f3-cb6969aa2c68', 'http://data.europa.eu/esco/skill/8f6ed69b-29d0-4c01-81ba-f05920a185f3', 'http://data.europa.eu/esco/skill/c4b626c1-e71c-44ec-9f88-042766f37fcc', 'http://data.europa.eu/esco/skill/c7cc6dc5-d56b-4323-8e5c-47c4022f615f', 'http://data.europa.eu/esco/skill/dba46f87-0831-49cd-a1c7-340a653c0221']","['http://data.europa.eu/esco/occupation/608edf30-fe37-4ae5-bdd1-2d3a8fd347bd', 'http://data.europa.eu/esco/occupation/719f101d-1866-49d3-8d5c-2256f606a8b9', 'http://data.europa.eu/esco/isco/C2519']"
4806,Senior Software Engineer in Test,"Company DescriptionWe are Netcompany-Intrasoft, a member of Netcompany Group A/S, and a leading European IT Solutions and Services company with strong international presence and expertise, dedicated to responsible digitalisation. We offer innovative and added-value solutions of the highest quality to a wide range of public and private organizations, while being a key-player in the EU Institutions for the past 30 years. We hold an outstanding record of 500+ organizations in 70+ countries, that have chosen our solutions and services, to fulfil their business needs. Our team of 3500+ professionals is our driving force and our most valuable asset.Job DescriptionOur fully inhouse Testing team consists of 180 professionals across our sites and is Gold ISTQB partner. This is a team led by Test Managers, that serves the entire Netcompany-Intrasoft organization, bringing value and benefit in all the technologies we use and offer. Our Testing team is engaged with a vast portfolio of services, technologies, solutions and methodologies.As a Senior Software Engineer in Test you will:Familiarize with the architecture of the system under testAnalyze the tests to be automated and identify the most appropriate test automation methodology/technologyImplement and maintain test automation scripts/frameworksParticipate in PoC for evaluation of various tools, frameworks, methodologiesParticipate in the building of a CI pipelineAutomate tests for any of the following test types (functional, performance, usability, compatibility, cross-browser, component)Analysis of test results for troubleshooting, qualitative and quantitative analysisTest Planning and StrategyDefine, engage, and commit to testing planning as part of the Release planning, providing accurate estimations and schedules of all testing activities, timelines, and milestones with appropriate toolsDevelop comprehensive test plans based on project requirements and specifications.Identify and manage dependencies on Test Plans for integrated systemsEnsure automated regression packs are maintained and updated based on new functionality and changesDefine and implement effective test strategies to ensure thorough test coverageEnsure that the several testing and validation processes are improved continuously Test Execution:Oversee the execution of manual and service test cases to identify software defects and ensure product qualityReview and approval of all test artifacts (scripts, test data) and testing deliverables Quality Assurance:Establish and enforce quality assurance processes and standardsCoaching, mentoring, junior QA team members influencing them to take positive action and accountability for their assigned workQualificationsWhat would make you a fit for the role:Degree in Information Technology or another relevant fieldAt least 4 years of experience in Software Testing including expertise in writing Test scripts for Functional, Regression and Performance testsExperience in various tools/frameworks such as Selenium, SoapUI, JMeterWork experience in the creation of Test Cases, Test Scripts, Test Reports and participation in Test CyclesComplete understanding of the Agile Software Development methodologiesExcellent command of the English language (both written & oral)It would also be a plus if you match some of the following:Knowledge in WebServices (SOAP & RESTful), Cucumber, Serenity, TestNG, JUnit, Mockito, REST Assured API and Jira, Jira XRay, Javascript, Typescript, Microservice Architectures, Kafka, Arquillian and Spring Boot are considered a plusWork experience in Java, .Net, Groovy, SQL, XML ISTQB Foundation certificate in Software Testing;Test Automation knowledge through QTP.Additional InformationBeing a part of the Netcompany-Ιntrasoft team, you will be provided with: The opportunity to work in a modern environment & in a hybrid working modelA seamless onboarding experience and a buddy to support you on your first stepsA competitive compensation & benefits packageHealth and life insurance programMeal Continuous learning opportunities using the most modern methods (unlimited access to Udemy for Business, ad-hoc trainings)A personalized development plan for targeted career growthIf you are looking forward to be part of a diverse environment, and have the opportunity to work alongside well-experienced professionals, on challenging, large-scale projects that directly impact millions of citizens around the globe, then this is the place to be!Join Netcompany-Intrasoft Patras' branch, and be part of our 150+ tech enthusiasts team!#LI-TM1Our cultureOur people are the most important element of our success. Our work life is well defined by our set of fundamental Values: https://bit.ly/3SSbBzU  #BePartOfSomethingGreat!*Please submit your CV in EnglishAll applications will be treated as strictly confidential.",,Full-time,"Patra, Greece",EL,2024-08-11,kariera.gr,152800,,"['http://data.europa.eu/esco/skill/23ac233d-84ad-4517-b0f5-8ca19ba2614e', 'http://data.europa.eu/esco/skill/2522a6ce-3202-4ac8-9f5b-b9cb5a3a83a1', 'http://data.europa.eu/esco/skill/3993c87c-7719-4186-811b-8ddfb40e76be', 'http://data.europa.eu/esco/skill/52cf3037-ab53-4806-85ed-7fd21ea7f6a1', 'http://data.europa.eu/esco/skill/598de5b0-5b58-4ea7-8058-a4bc4d18c742', 'http://data.europa.eu/esco/skill/5d74614d-32c8-4ca4-9818-6980e52424b1', 'http://data.europa.eu/esco/skill/6a0aab53-6246-41e8-a910-e7a13f314860', 'http://data.europa.eu/esco/skill/6a322874-e32f-4cd8-9683-badce67a7f73', 'http://data.europa.eu/esco/skill/7557f0f4-b8bc-4ac0-b91e-222ab1ba744f', 'http://data.europa.eu/esco/skill/867137fb-ff1b-4ca3-99f3-cb6969aa2c68', 'http://data.europa.eu/esco/skill/8f6ed69b-29d0-4c01-81ba-f05920a185f3', 'http://data.europa.eu/esco/skill/c4b626c1-e71c-44ec-9f88-042766f37fcc', 'http://data.europa.eu/esco/skill/c7cc6dc5-d56b-4323-8e5c-47c4022f615f', 'http://data.europa.eu/esco/skill/dba46f87-0831-49cd-a1c7-340a653c0221']","['http://data.europa.eu/esco/occupation/608edf30-fe37-4ae5-bdd1-2d3a8fd347bd', 'http://data.europa.eu/esco/occupation/719f101d-1866-49d3-8d5c-2256f606a8b9', 'http://data.europa.eu/esco/isco/C2519']"
4810,Software Engineer in Test,"Company DescriptionWe are Netcompany-Intrasoft, a member of Netcompany Group A/S, and a leading European IT Solutions and Services company with strong international presence and expertise, dedicated to responsible digitalisation. We offer innovative and added-value solutions of the highest quality to a wide range of public and private organizations, while being a key-player in the EU Institutions for the past 30 years. We hold an outstanding record of 500+ organizations in 70+ countries, that have chosen our solutions and services, to fulfil their business needs. Our team of 3500+ professionals is our driving force and our most valuable asset.Job DescriptionOur fully inhouse Testing team consists of 180 professionals across our sites and is Gold ISTQB partner. This is a team led by Test Managers, that serves the entire Netcompany-Intrasoft organization, bringing value and benefit in all the technologies we use and offer. Our Testing team is engaged with a vast portfolio of services, technologies, solutions and methodologies.As a Software Engineer in Test you will:Understand the business logic for the system under testFamiliarize with the architecture of the system under testAnalyze the tests to be automated and identify the most appropriate test automation methodology/technologyImplement and maintain test automation scripts/frameworksParticipate in PoC for evaluation of various tools, frameworks, methodologiesParticipate in the building of a CI pipelineAutomate tests for any of the following test types (functional, performance, usability, compatibility, cross-browser, component)Analysis of test results for troubleshooting, qualitative and quantitative analysisQualificationsWhat would make you a fit for the role:Degree in Information Technology or another relevant fieldExperience in Software Testing including expertise in writing Test scripts for Functional, Regression and Performance testsExperience in various tools/frameworks such as Selenium, SoapUI, JMeterWork experience in the creation of Test Cases, Test Scripts, Test Reports and participation in Test CyclesComplete understanding of the Agile Software Development methodologiesExcellent command of the English language (written & oral)It would also be a plus if you match some of the following:Knowledge in WebServices (SOAP & RESTful), Cucumber, Serenity, TestNG, JUnit, Mockito, REST Assured API and Jira, Jira XRay, Javascript, Typescript, Microservice Architectures, Kafka, Arquillian and Spring Boot are considered a plusWork experience in Java, .Net, Groovy, SQL, XML Additional InformationBeing a part of the Netcompany-Ιntrasoft team, you will be provided with: The opportunity to work in a modern environment & in a hybrid working modelA seamless onboarding experience and a buddy to support you on your first stepsA competitive compensation & benefits packageHealth and life insurance programMeal and commuting allowanceWell-being activities (on premises)Continuous learning opportunities using the most modern methods (unlimited access to Udemy for Business, ad-hoc trainings)A personalized development plan for targeted career growthIf you are looking forward to be part of a diverse environment, and have the opportunity to work alongside well-experienced professionals, on challenging, large-scale projects that directly impact millions of citizens around the globe, then this is the place to be!By joining Netcompany-Intrasoft Athens, you will be part of a vivid team of 2000+ tech enthusiasts. When at the office you will have the chance to work at our brand-new, state-of-the-art, sustainable offices, located in 3 different spots in Athens!#LI-LF1 Our cultureOur people are the most important element of our success. Our work life is well defined by our set of fundamental Values: https://bit.ly/3SSbBzU  #BePartOfSomethingGreat!*Please submit your CV in EnglishAll applications will be treated as strictly confidential.",,Full-time,"Athens, Greece",EL,2024-08-11,kariera.gr,152796,,"['http://data.europa.eu/esco/skill/23ac233d-84ad-4517-b0f5-8ca19ba2614e', 'http://data.europa.eu/esco/skill/3993c87c-7719-4186-811b-8ddfb40e76be', 'http://data.europa.eu/esco/skill/52cf3037-ab53-4806-85ed-7fd21ea7f6a1', 'http://data.europa.eu/esco/skill/598de5b0-5b58-4ea7-8058-a4bc4d18c742', 'http://data.europa.eu/esco/skill/6a0aab53-6246-41e8-a910-e7a13f314860', 'http://data.europa.eu/esco/skill/7557f0f4-b8bc-4ac0-b91e-222ab1ba744f', 'http://data.europa.eu/esco/skill/867137fb-ff1b-4ca3-99f3-cb6969aa2c68', 'http://data.europa.eu/esco/skill/8f6ed69b-29d0-4c01-81ba-f05920a185f3', 'http://data.europa.eu/esco/skill/c4b626c1-e71c-44ec-9f88-042766f37fcc', 'http://data.europa.eu/esco/skill/ce354460-500e-4eaa-8e95-8f243fcea3db', 'http://data.europa.eu/esco/skill/dba46f87-0831-49cd-a1c7-340a653c0221']","['http://data.europa.eu/esco/occupation/719f101d-1866-49d3-8d5c-2256f606a8b9', 'http://data.europa.eu/esco/isco/C2519']"
4811,Software Engineer in Test,"Company DescriptionWe are Netcompany-Intrasoft, a member of Netcompany Group A/S, and a leading European IT Solutions and Services company with strong international presence and expertise, dedicated to responsible digitalisation. We offer innovative and added-value solutions of the highest quality to a wide range of public and private organizations, while being a key-player in the EU Institutions for the past 30 years. We hold an outstanding record of 500+ organizations in 70+ countries, that have chosen our solutions and services, to fulfil their business needs. Our team of 3500+ professionals is our driving force and our most valuable asset.Job DescriptionOur fully inhouse Testing team consists of 180 professionals across our sites and is Gold ISTQB partner. This is a team led by Test Managers, that serves the entire Netcompany-Intrasoft organization, bringing value and benefit in all the technologies we use and offer. Our Testing team is engaged with a vast portfolio of services, technologies, solutions and methodologies.As a Software Engineer in Test you will:Understand the business logic for the system under testFamiliarize with the architecture of the system under testAnalyze the tests to be automated and identify the most appropriate test automation methodology/technologyImplement and maintain test automation scripts/frameworksParticipate in PoC for evaluation of various tools, frameworks, methodologiesParticipate in the building of a CI pipelineAutomate tests for any of the following test types (functional, performance, usability, compatibility, cross-browser, component)Analysis of test results for troubleshooting, qualitative and quantitative analysisQualificationsWhat would make you a fit for the role:Degree in Information Technology or another relevant fieldExperience in Software Testing including expertise in writing Test scripts for Functional, Regression and Performance testsExperience in various tools/frameworks such as Selenium, SoapUI, JMeterWork experience in the creation of Test Cases, Test Scripts, Test Reports and participation in Test CyclesComplete understanding of the Agile Software Development methodologiesExcellent command of the English language (written & oral)It would also be a plus if you match some of the following:Knowledge in WebServices (SOAP & RESTful), Cucumber, Serenity, TestNG, JUnit, Mockito, REST Assured API and Jira, Jira XRay, Javascript, Typescript, Microservice Architectures, Kafka, Arquillian and Spring Boot are considered a plusWork experience in Java, .Net, Groovy, SQL, XML Additional InformationBeing a part of the Netcompany-Ιntrasoft team, you will be provided with: The opportunity to work in a modern environment & in a hybrid working modelA seamless onboarding experience and a buddy to support you on your first stepsA competitive compensation & benefits packageHealth and life insurance programMeal and commuting allowanceWell-being activities (on premises)Continuous learning opportunities using the most modern methods (unlimited access to Udemy for Business, ad-hoc trainings)A personalized development plan for targeted career growthIf you are looking forward to be part of a diverse environment, and have the opportunity to work alongside well-experienced professionals, on challenging, large-scale projects that directly impact millions of citizens around the globe, then this is the place to be!Join Netcompany-Intrasoft Thessaloniki's branch, and be part of our 250+ tech enthusiasts team!#LI-LF1 Our cultureOur people are the most important element of our success. Our work life is well defined by our set of fundamental Values: https://bit.ly/3SSbBzU  #BePartOfSomethingGreat!*Please submit your CV in EnglishAll applications will be treated as strictly confidential.",,Full-time,"Thessaloniki, Greece",EL,2024-08-11,kariera.gr,152795,,"['http://data.europa.eu/esco/skill/23ac233d-84ad-4517-b0f5-8ca19ba2614e', 'http://data.europa.eu/esco/skill/3993c87c-7719-4186-811b-8ddfb40e76be', 'http://data.europa.eu/esco/skill/52cf3037-ab53-4806-85ed-7fd21ea7f6a1', 'http://data.europa.eu/esco/skill/598de5b0-5b58-4ea7-8058-a4bc4d18c742', 'http://data.europa.eu/esco/skill/6a0aab53-6246-41e8-a910-e7a13f314860', 'http://data.europa.eu/esco/skill/7557f0f4-b8bc-4ac0-b91e-222ab1ba744f', 'http://data.europa.eu/esco/skill/867137fb-ff1b-4ca3-99f3-cb6969aa2c68', 'http://data.europa.eu/esco/skill/8f6ed69b-29d0-4c01-81ba-f05920a185f3', 'http://data.europa.eu/esco/skill/c4b626c1-e71c-44ec-9f88-042766f37fcc', 'http://data.europa.eu/esco/skill/ce354460-500e-4eaa-8e95-8f243fcea3db', 'http://data.europa.eu/esco/skill/dba46f87-0831-49cd-a1c7-340a653c0221']","['http://data.europa.eu/esco/occupation/719f101d-1866-49d3-8d5c-2256f606a8b9', 'http://data.europa.eu/esco/isco/C2519']"
4812,Software Engineer in Test,"Company DescriptionWe are Netcompany-Intrasoft, a member of Netcompany Group A/S, and a leading European IT Solutions and Services company with strong international presence and expertise, dedicated to responsible digitalisation. We offer innovative and added-value solutions of the highest quality to a wide range of public and private organizations, while being a key-player in the EU Institutions for the past 30 years. We hold an outstanding record of 500+ organizations in 70+ countries, that have chosen our solutions and services, to fulfil their business needs. Our team of 3500+ professionals is our driving force and our most valuable asset.Job DescriptionOur fully inhouse Testing team consists of 180 professionals across our sites and is Gold ISTQB partner. This is a team led by Test Managers, that serves the entire Netcompany-Intrasoft organization, bringing value and benefit in all the technologies we use and offer. Our Testing team is engaged with a vast portfolio of services, technologies, solutions and methodologies.As a Software Engineer in Test you will:Understand the business logic for the system under testFamiliarize with the architecture of the system under testAnalyze the tests to be automated and identify the most appropriate test automation methodology/technologyImplement and maintain test automation scripts/frameworksParticipate in PoC for evaluation of various tools, frameworks, methodologiesParticipate in the building of a CI pipelineAutomate tests for any of the following test types (functional, performance, usability, compatibility, cross-browser, component)Analysis of test results for troubleshooting, qualitative and quantitative analysisQualificationsWhat would make you a fit for the role:Degree in Information Technology or another relevant fieldExperience in Software Testing including expertise in writing Test scripts for Functional, Regression and Performance testsExperience in various tools/frameworks such as Selenium, SoapUI, JMeterWork experience in the creation of Test Cases, Test Scripts, Test Reports and participation in Test CyclesComplete understanding of the Agile Software Development methodologiesExcellent command of the English language (written & oral)It would also be a plus if you match some of the following:Knowledge in WebServices (SOAP & RESTful), Cucumber, Serenity, TestNG, JUnit, Mockito, REST Assured API and Jira, Jira XRay, Javascript, Typescript, Microservice Architectures, Kafka, Arquillian and Spring Boot are considered a plusWork experience in Java, .Net, Groovy, SQL, XML Additional InformationBeing a part of the Netcompany-Ιntrasoft team, you will be provided with: The opportunity to work in a modern environment & in a hybrid working modelA seamless onboarding experience and a buddy to support you on your first stepsA competitive compensation & benefits packageHealth and life insurance programMealWell-being activities (on premises)Continuous learning opportunities using the most modern methods (unlimited access to Udemy for Business, ad-hoc trainings)A personalized development plan for targeted career growthIf you are looking forward to be part of a diverse environment, and have the opportunity to work alongside well-experienced professionals, on challenging, large-scale projects that directly impact millions of citizens around the globe, then this is the place to be!Join Netcompany-Intrasoft Patras' branch, and be part of our 150+ tech enthusiasts team!#LI-LF1 Our cultureOur people are the most important element of our success. Our work life is well defined by our set of fundamental Values: https://bit.ly/3SSbBzU  #BePartOfSomethingGreat!*Please submit your CV in EnglishAll applications will be treated as strictly confidential.",,Full-time,"Patra, Greece",EL,2024-08-11,kariera.gr,152794,,"['http://data.europa.eu/esco/skill/23ac233d-84ad-4517-b0f5-8ca19ba2614e', 'http://data.europa.eu/esco/skill/3993c87c-7719-4186-811b-8ddfb40e76be', 'http://data.europa.eu/esco/skill/52cf3037-ab53-4806-85ed-7fd21ea7f6a1', 'http://data.europa.eu/esco/skill/598de5b0-5b58-4ea7-8058-a4bc4d18c742', 'http://data.europa.eu/esco/skill/6a0aab53-6246-41e8-a910-e7a13f314860', 'http://data.europa.eu/esco/skill/7557f0f4-b8bc-4ac0-b91e-222ab1ba744f', 'http://data.europa.eu/esco/skill/867137fb-ff1b-4ca3-99f3-cb6969aa2c68', 'http://data.europa.eu/esco/skill/8f6ed69b-29d0-4c01-81ba-f05920a185f3', 'http://data.europa.eu/esco/skill/c4b626c1-e71c-44ec-9f88-042766f37fcc', 'http://data.europa.eu/esco/skill/ce354460-500e-4eaa-8e95-8f243fcea3db', 'http://data.europa.eu/esco/skill/dba46f87-0831-49cd-a1c7-340a653c0221']","['http://data.europa.eu/esco/occupation/719f101d-1866-49d3-8d5c-2256f606a8b9', 'http://data.europa.eu/esco/isco/C2519']"
4821,Test Automation Leader,"Company DescriptionWe are Netcompany-Intrasoft, a member of Netcompany Group A/S, and a leading European IT Solutions and Services company with strong international presence and expertise, dedicated to responsible digitalisation. We offer innovative and added-value solutions of the highest quality to a wide range of public and private organizations, while being a key-player in the EU Institutions for the past 30 years. We hold an outstanding record of 500+ organizations in 70+ countries, that have chosen our solutions and services, to fulfil their business needs. Our team of 3500+ professionals is our driving force and our most valuable asset.Job DescriptionOur fully inhouse Testing team consists of 180 professionals across our sites and is Gold ISTQB partner. This is a team led by Test Managers, that serves the entire Netcompany-Intrasoft organization, bringing value and benefit in all the technologies we use and offer. Our Testing team is engaged with a vast portfolio of services, technologies, solutions and methodologies.As a Test Automation Leader you will:Work on analyzing and managing the testing lifecycle of large-scale software applications of EU institutions / Products / Public Sector. You will be exposed to a wide variety of services and technologies in a multinational environment.QualificationsWhat would make you a fit for the role:University degree in Information Technology or another relevant field and 7+ years of experience in Test Automation, including leadership rolesProven experience in Software Testing and Test Automation, with expertise in designing and implementing Test Automation Strategies for Component, Functional, Regression, and Performance testsExtensive experience in testing complex business logic of enterprise-level systems and microservices architecturesProficiency in Java, .NET, Typescript, SQL, HTML, XML, JSON, Shell & Bat scriptingExpertise in various tools/frameworks such as Selenium, Appium, Playwright, Cypress, WebdriverIO, TestNG, JUnit, NUnit, Spring, Spring Boot, Cucumber, SpecFlow, Rest Assured API, SoapUI, Postman, JMeter, LoadUI, K6, BPMN, Kafka, JMSExperience with Test Management (Xray, Zephyr, Azure Test, etc.) and Defect Management Tools (Jira, etc.) and in automated integrations with those toolsProficiency with CI Tools (Jenkins, Bamboo, etc.) and pipeline scriptingExperience with Docker, Kubernetes is considered a plusStrong background in creating Test Cases, Test Scripts, Test Reports, and participation in Test CyclesProven ability to train, guide, coach, and share knowledge with less experienced team membersDeep understanding of Agile Software Development methodologiesFlexibility to manage multiple projects and technologies simultaneouslyExcellent command of the English language (written & oral).Additional InformationBeing a part of the Netcompany-Ιntrasoft team, you will be provided with: The opportunity to work in a modern environment & in a hybrid working modelA seamless onboarding experience and a buddy to support you on your first stepsA competitive compensation & benefits packageHealth and life insurance programMeal and commuting allowanceWell-being activities (on premises)Continuous learning opportunities using the most modern methods (unlimited access to Udemy for Business, ad-hoc trainings)A personalized development plan for targeted career growthIf you are looking forward to be part of a diverse environment, and have the opportunity to work alongside well-experienced professionals, on challenging, large-scale projects that directly impact millions of citizens around the globe, then this is the place to be!When at the office you will have the chance to work at our brand-new, state-of-the-art, sustainable offices, located in 3 different spots in Athens!Please submit your detailed CV and cover letter (in English)Our cultureOur people are the most important element of our success. Our work life is well defined by our set of fundamental Values: https://bit.ly/3SSbBzU  #BePartOfSomethingGreat!*Please submit your CV in EnglishAll applications will be treated as strictly confidential.",,Full-time,"Athens, Greece",EL,2024-08-11,kariera.gr,159390,,"['http://data.europa.eu/esco/skill/0a9acb6b-1139-4be9-b431-3a80a959f2f4', 'http://data.europa.eu/esco/skill/0af062de-eb43-41e9-9b96-249e2cd22d26', 'http://data.europa.eu/esco/skill/23ac233d-84ad-4517-b0f5-8ca19ba2614e', 'http://data.europa.eu/esco/skill/2d3552aa-08da-4aad-9942-675be826a212', 'http://data.europa.eu/esco/skill/3993c87c-7719-4186-811b-8ddfb40e76be', 'http://data.europa.eu/esco/skill/598de5b0-5b58-4ea7-8058-a4bc4d18c742', 'http://data.europa.eu/esco/skill/7557f0f4-b8bc-4ac0-b91e-222ab1ba744f', 'http://data.europa.eu/esco/skill/867137fb-ff1b-4ca3-99f3-cb6969aa2c68', 'http://data.europa.eu/esco/skill/8f6ed69b-29d0-4c01-81ba-f05920a185f3', 'http://data.europa.eu/esco/skill/f47a1998-0beb-43be-9f46-380aa4d183da']","['http://data.europa.eu/esco/occupation/572c51ef-531b-4331-8e66-b1641173e54e', 'http://data.europa.eu/esco/occupation/719f101d-1866-49d3-8d5c-2256f606a8b9', 'http://data.europa.eu/esco/occupation/7ed2e153-8da8-4c0d-b4c5-3402c623f34b', 'http://data.europa.eu/esco/occupation/ab7bccb2-6f81-4a3d-a0c0-fca5d47d2775']"
4825,Test Automation Leader,"Company DescriptionWe are Netcompany-Intrasoft, a member of Netcompany Group A/S, and a leading European IT Solutions and Services company with strong international presence and expertise, dedicated to responsible digitalisation. We offer innovative and added-value solutions of the highest quality to a wide range of public and private organizations, while being a key-player in the EU Institutions for the past 30 years. We hold an outstanding record of 500+ organizations in 70+ countries, that have chosen our solutions and services, to fulfil their business needs. Our team of 3500+ professionals is our driving force and our most valuable asset.Job DescriptionOur fully inhouse Testing team consists of 180 professionals across our sites and is Gold ISTQB partner. This is a team led by Test Managers, that serves the entire Netcompany-Intrasoft organization, bringing value and benefit in all the technologies we use and offer. Our Testing team is engaged with a vast portfolio of services, technologies, solutions and methodologies.As a Test Automation Leader you will:Work on analyzing and managing the testing lifecycle of large-scale software applications of EU institutions / Products / Public Sector. You will be exposed to a wide variety of services and technologies in a multinational environment.QualificationsWhat would make you a fit for the role:University degree in Information Technology or another relevant field and 7+ years of experience in Test Automation, including leadership rolesProven experience in Software Testing and Test Automation, with expertise in designing and implementing Test Automation Strategies for Component, Functional, Regression, and Performance testsExtensive experience in testing complex business logic of enterprise-level systems and microservices architecturesProficiency in Java, .NET, Typescript, SQL, HTML, XML, JSON, Shell & Bat scriptingExpertise in various tools/frameworks such as Selenium, Appium, Playwright, Cypress, WebdriverIO, TestNG, JUnit, NUnit, Spring, Spring Boot, Cucumber, SpecFlow, Rest Assured API, SoapUI, Postman, JMeter, LoadUI, K6, BPMN, Kafka, JMSExperience with Test Management (Xray, Zephyr, Azure Test, etc.) and Defect Management Tools (Jira, etc.) and in automated integrations with those toolsProficiency with CI Tools (Jenkins, Bamboo, etc.) and pipeline scriptingExperience with Docker, Kubernetes is considered a plusStrong background in creating Test Cases, Test Scripts, Test Reports, and participation in Test CyclesProven ability to train, guide, coach, and share knowledge with less experienced team membersDeep understanding of Agile Software Development methodologiesFlexibility to manage multiple projects and technologies simultaneouslyExcellent command of the English language (written & oral).Additional InformationBeing a part of the Netcompany-Ιntrasoft team, you will be provided with: The opportunity to work in a modern environment & in a hybrid working modelA seamless onboarding experience and a buddy to support you on your first stepsA competitive compensation & benefits packageHealth and life insurance programMeal and commuting allowanceWell-being activities (on premises)Continuous learning opportunities using the most modern methods (unlimited access to Udemy for Business, ad-hoc trainings)A personalized development plan for targeted career growthIf you are looking forward to be part of a diverse environment, and have the opportunity to work alongside well-experienced professionals, on challenging, large-scale projects that directly impact millions of citizens around the globe, then this is the place to be!When at the office you will have the chance to work at our brand-new, state-of-the-art, sustainable offices, located in 3 different spots in Athens!Please submit your detailed CV and cover letter (in English)Our cultureOur people are the most important element of our success. Our work life is well defined by our set of fundamental Values: https://bit.ly/3SSbBzU  #BePartOfSomethingGreat!*Please submit your CV in EnglishAll applications will be treated as strictly confidential.",,Full-time,"Thessaloniki, Greece",EL,2024-08-11,kariera.gr,159385,,"['http://data.europa.eu/esco/skill/0a9acb6b-1139-4be9-b431-3a80a959f2f4', 'http://data.europa.eu/esco/skill/0af062de-eb43-41e9-9b96-249e2cd22d26', 'http://data.europa.eu/esco/skill/23ac233d-84ad-4517-b0f5-8ca19ba2614e', 'http://data.europa.eu/esco/skill/2d3552aa-08da-4aad-9942-675be826a212', 'http://data.europa.eu/esco/skill/3993c87c-7719-4186-811b-8ddfb40e76be', 'http://data.europa.eu/esco/skill/598de5b0-5b58-4ea7-8058-a4bc4d18c742', 'http://data.europa.eu/esco/skill/7557f0f4-b8bc-4ac0-b91e-222ab1ba744f', 'http://data.europa.eu/esco/skill/867137fb-ff1b-4ca3-99f3-cb6969aa2c68', 'http://data.europa.eu/esco/skill/8f6ed69b-29d0-4c01-81ba-f05920a185f3', 'http://data.europa.eu/esco/skill/f47a1998-0beb-43be-9f46-380aa4d183da']","['http://data.europa.eu/esco/occupation/572c51ef-531b-4331-8e66-b1641173e54e', 'http://data.europa.eu/esco/occupation/719f101d-1866-49d3-8d5c-2256f606a8b9', 'http://data.europa.eu/esco/occupation/7ed2e153-8da8-4c0d-b4c5-3402c623f34b', 'http://data.europa.eu/esco/occupation/ab7bccb2-6f81-4a3d-a0c0-fca5d47d2775']"
43091,Frontend Developer,"We're driving digital transformation across Akelius globally and beyond.Join our Agile team focused on business applications,utilising a cutting-edge tech stack including Kotlin,Java, and Node.js on Azure Kubernetes clusters.
Our frontend solutions are powered by Angular,connected seamlessly through REST and GraphQL APIs,ensuring robust, maintainable code.who you are

you're proficient in Angular and Node.js, with a strong grasp of responsive design and cross-browser compatibility
an agile thinker who thrives in collaborative environments, eager to mentor and learn from your peers
while experience with Strapi CMS is a plus, your fluency in English is essential

our technology stack

Java, Kotlin, Node.js with TypeScript
Angular, Ionic
Microsoft Azure, Kubernetes, Docker
MongoDB, Kafka, PostgreSQL
Auth0, ElasticSearch
GitHub, Jira, Confluence
continuous integration, deployment tools

why Akelius
As an employee at Akelius, you will get

a unique position in an international and dynamic environment
the chance to be a key player in a growing, highly skilled team
a collaborative environment fostered by our kind and smart colleagues, representing more than twenty nationalities
team and company events
Biennale, a company outing every two years which is a mix of education, culture, activity and fun
competitive compensation package
sport allowance and flexible working hours
21 days of annual holidays
13th salary and medical insurance
bright and modern offices in the heart of Nicosia
open kitchen area where you can cook, along with free drinks, snacks and fruit
access to free parking at or near the office
attractive relocation package if needed

about usIn cooperation with UNICEF,we are developing a language learning application.You can find it here https://languages.akelius.com/Currently, the language course is available in eleven languages, Swedish, English, Greek, French, Italian, Spanish, German, Portuguese, Russian, Arabic, and Polish.
please note Job applications are carefully screened,and only successful candidates will be contacted.All applications will be treated in strictconfidence and ensuring GDPR compliance.",Mid-level,Full-time,"Nicosia, Greece",EL,2024-09-11,kariera.gr,169031,,"['http://data.europa.eu/esco/skill/14ee9f76-3524-43d5-8a1a-5ba8283f8bd7', 'http://data.europa.eu/esco/skill/19a8293b-8e95-4de3-983f-77484079c389', 'http://data.europa.eu/esco/skill/1d86f05e-e9cc-40ce-99d8-2b21cc71b16b', 'http://data.europa.eu/esco/skill/1ffac4ac-fda7-407d-8ed1-ca8f4a8dc146', 'http://data.europa.eu/esco/skill/7ee51257-8947-4b69-9bdf-322baf0a6398', 'http://data.europa.eu/esco/skill/867137fb-ff1b-4ca3-99f3-cb6969aa2c68', 'http://data.europa.eu/esco/skill/a8d07b5a-c1a1-42c6-9d53-db9c7a2ca996', 'http://data.europa.eu/esco/skill/b8df1689-6763-437d-bfca-fe03d43f36c3', 'http://data.europa.eu/esco/skill/dba46f87-0831-49cd-a1c7-340a653c0221', 'http://data.europa.eu/esco/skill/ea4ebfa1-e17a-4416-ac54-955f33e6ade7', 'http://data.europa.eu/esco/skill/f3e9b964-0c2d-46c4-a895-8b3583054d69']",['http://data.europa.eu/esco/occupation/1b38a27d-ef98-4d9f-b1b2-8c109bf47e79']
45603,"Senior Manager, Mobile platform development","Why Patients Need You
Technology impacts everything we do. Pfizer's digital and 'data first' strategy focuses on implementing impactful and innovative technology solutions across all functions from research to manufacturing. Whether you are digitizing drug discovery and development, identifying solutions, or making our work easier and faster, you will be making a difference to countless lives.
What You Will Achieve
Your technical skills will help us develop and support a robust mobile application platform for our business. Due to your expertise, you will develop program logic for new services and modify existing ones. You will support a range of activities, such as coding, testing, debugging, documentation, implementation and maintenance of software applications for Pfizer.As a Senior Manager, your advanced knowledge of the principles and concepts in the discipline and comprehensive knowledge of other disciplines will enable you to lead complex projects across the division. Your ability to develop and manage plans will facilitate in achieving objectives, interpreting internal and external business challenges and recommending best practices for improvements. While managing complex project environments, you will be able to anticipate and troubleshoot roadblocks and influence teams to achieve targets for the division.It is your hard work and focus that will help in making Pfizer ready to achieve new milestones and help patients across the globe.Pfizer's mobile platform supports hundreds of existing iOS and Android apps and is core to Pfizer Digital's ability to develop new apps and maintain those that exist at global scale. We work with teams building both natively developed apps and, increasingly, apps developed using hybrid technology (Ionic) or built as PWAs.




How You Will Achieve It

Develop ideas and lead projects across platforms and manage plans to achieve objectives.
Use knowledge of industry, customer requirements and general business environment to enable delivery of projects and programs, leveraging both standard commercial roadmap patterns as well as innovative technologies across a range of systems disciplines.
Responsible for the creation of technical designs and implementation plans.
Well versed in agile principles and able to lead software engineers in this area.
Set technical objectives for and manage one or more scrum teams with ongoing work activities across all commercial business units within a product grouping and portfolio of projects.
Responsible for release management of related platforms.
Work with the infrastructure and shared service organizations to procure and manage stable application platforms.
Manage budgets and resources to meet goals across multiple projects.
Establish relationships with customers and members of the project delivery team and liaises between our customers and technical members of the project team.
Work in a matrixed team environment with Pfizer colleagues as well as vendor partners by participating in vendor management activities.
Embed Continuous Improvement and automation into daily work and develop a DevOps culture in the team.

Qualifications
Must-Have

Bachelor's Degree
7+ years' experience with mobile application development.
Proven experience working with business teams developing and delivering strategy and operating plans with demonstrated competency in strategic thinking, and relationship management
Experience managing deliverables within a team of contract or colleague resources
Ability to take a systematic approach to estimation of technical project
Exhibits a high level of business knowledge and understanding of the external marketplace and anticipates business line or sub-function customer requirements
Ability to lead in a complex, matrix environment with geographically distributed resources
Good interpersonal and communication skills with the ability to establish relationships, influence outcomes, and deliver effective presentations to a variety of audiences
Experience working with Apple and Google app store processes.
Understanding of GitHub workflows, specifically using Github Actions.

 
Nice-to-Have

Master's degree
Relevant pharmaceutical industry experience
Proven progressive experience as an Information Technology professional, preferably in a pharmaceutical industry
Knowledge of system integrations
Experience in legal technology space
Familiarity with Ionic for hybrid / PWA development.
Experience with Typescript.

Pfizer is an equal opportunity employer and complies with all applicable equal employment opportunity legislation in each jurisdiction in which it operates.",Senior,Full-time,"Thessaloniki, Greece",EL,2024-09-13,kariera.gr,170036,,"['http://data.europa.eu/esco/skill/0d90f823-6f6a-44df-8ab0-1771300d9660', 'http://data.europa.eu/esco/skill/0e0c9c11-b39e-43cf-ba95-2fe646f5de64', 'http://data.europa.eu/esco/skill/2239694b-771a-4586-8b54-2794e361a9ae', 'http://data.europa.eu/esco/skill/2522a6ce-3202-4ac8-9f5b-b9cb5a3a83a1', 'http://data.europa.eu/esco/skill/2c4e11ef-da18-4e19-816b-e6bc19e12424', 'http://data.europa.eu/esco/skill/36b04285-6b9d-47e6-bcf9-e6a9ac2612aa', 'http://data.europa.eu/esco/skill/385479b7-5da5-4367-9763-0d15b41bb65b', 'http://data.europa.eu/esco/skill/44da96fe-26a3-4a32-9a0f-c49614bb7298', 'http://data.europa.eu/esco/skill/609a8ac1-9d29-4237-9886-596dbbe7ca8a', 'http://data.europa.eu/esco/skill/6823f965-fcf8-4728-a0f6-18344c5b41c1', 'http://data.europa.eu/esco/skill/6c870993-9341-438b-91c0-c7fe4f96d8f5', 'http://data.europa.eu/esco/skill/867137fb-ff1b-4ca3-99f3-cb6969aa2c68', 'http://data.europa.eu/esco/skill/949ced5f-7536-4614-ac60-563ffc91a2f2', 'http://data.europa.eu/esco/skill/9a98c30f-fac7-401d-b2a0-852c2f00aae3', 'http://data.europa.eu/esco/skill/ccb2e5f2-4279-48fd-9d85-a1db42ff1e13', 'http://data.europa.eu/esco/skill/d8829a1d-dbde-435b-b921-29d6462f35c9', 'http://data.europa.eu/esco/skill/dba46f87-0831-49cd-a1c7-340a653c0221', 'http://data.europa.eu/esco/skill/ed8de897-adbe-4f0e-b4d2-534953e64c72', 'http://data.europa.eu/esco/skill/f08e2bd6-0366-4948-a670-1f03f130126f', 'http://data.europa.eu/esco/skill/f0de4973-0a70-4644-8fd4-3a97080476f4', 'http://data.europa.eu/esco/skill/f5dd06b8-5d17-4932-9d03-957d0c4f5051']","['http://data.europa.eu/esco/occupation/00030d09-2b3a-4efd-87cc-c4ea39d27c34', 'http://data.europa.eu/esco/occupation/2ed56c3f-61d6-4f7e-9ef8-8849eb102e4c', 'http://data.europa.eu/esco/occupation/44e0c015-309d-4f67-98a3-1e036966ed7f', 'http://data.europa.eu/esco/occupation/4f49df98-98b8-4a9e-98ad-9c5557817eba', 'http://data.europa.eu/esco/occupation/53cdd34e-22f2-41bd-b3c7-de22bf9bbcae', 'http://data.europa.eu/esco/occupation/771955d9-e988-47f3-b60f-207adb2cd571', 'http://data.europa.eu/esco/occupation/8cb59bc4-1f39-477e-beea-effed12d186c', 'http://data.europa.eu/esco/occupation/cc867bee-ab5c-427f-9244-f7a204d9574b', 'http://data.europa.eu/esco/occupation/d515e82a-ca9f-4be4-9823-33694dff7304', 'http://data.europa.eu/esco/occupation/d96de969-d43d-4082-8559-7fc35484a217', 'http://data.europa.eu/esco/occupation/e2a495fb-68a3-46f9-8753-6ce566a7a085', 'http://data.europa.eu/esco/isco/C261']"
53624,Angular Frontend Software Developer,"Description:
Primary responsibilities and duties
The Angular Frontend Software Developer is responsible for:

Collaborating with an international team of developers to design and implement custom applications
Contributing to all phases of the development lifecycle
Understanding business requirements and transforming them into software solutions
Troubleshooting and upgrading existing custom applications
Writing clean, reliable and maintainable code
Participating in code reviews to ensure code quality and share knowledge
Performing functional and regression testing
Contributing to and maintaining technical documentation
Contributing to continuous improvement of our software and processes

 
Experience

3+ years as an Angular developer

Competencies

Angular 15, TypeScript
HTML5, CSS3, JavaScript
Bootstrap 4, Angular Material
Java & Java frameworks, REST API development (considered a plus)
Microsoft Azure application development (considered a plus)
Git
SQL (intermediate)
Fluent in written and spoken English
Strong collaboration and communication skills
Knowledge of software engineering best practices across the development lifecycle
Strong analytical and problem-solving skills

Qualifications

BSc in Computer Science or Engineering",Mid-level,Full-time,"Glyfada, Greece",EL,2024-09-20,kariera.gr,171379,,"['http://data.europa.eu/esco/skill/09f2f811-a3fb-4de3-a70f-6420a6935575', 'http://data.europa.eu/esco/skill/0ee94c0a-3716-494a-95a2-dcbab9e58be2', 'http://data.europa.eu/esco/skill/385479b7-5da5-4367-9763-0d15b41bb65b', 'http://data.europa.eu/esco/skill/867137fb-ff1b-4ca3-99f3-cb6969aa2c68', 'http://data.europa.eu/esco/skill/adc6dc11-3376-467b-96c5-9b0a21edc869']","['http://data.europa.eu/esco/occupation/5fd2980e-22c4-4ace-a394-190c76f4f539', 'http://data.europa.eu/esco/occupation/6cd08cbe-7611-4d70-8886-6c59c0385442', 'http://data.europa.eu/esco/isco/C214']"
53652,Frontend Developer,"InKotsovolos we embrace everything you have to offer.  Join our team and let's #beMORE together! In numbers  3.000+ Kpeople | 90+ stores | 2 modern training centers | 53.000+ hours of training per year Our goal  Planning our future and through latest technologies and innovation, make our lives better Your everyday work-life  • Write well structured, testable, performant and secure code • Be involved in the overall application lifecycle • Identify bottlenecks and bugs in front-end code, find solutions to minimize customer impact • Be actively involved in all team ceremonies, weekly sprints and retrospectives • Work closely with product managers and other disciplines, such as the back end developers (our back end is a collection of services developed in NodeJS and Java) • Passionate about authoring UI components that improve User ExperienceAs an ideal fit, you should have  • Minimum 3+ years of practical experience  • Good foundations in Web Technologies - HTML, CSS, JavaScript • Experience with React.js or similar frameworks like Vue and Angular are considered a plus • A broad knowledge of the web platform as a whole - HTML5, CSS3, JavaScript / Typescript, HTTP/S, web performance, web security • BSc/MSc in Computer Science, Engineering or a related field • Good knowledge of Git • Strong communication and interpersonal skills  • Strong troubleshooting and problem solving skills • Analytical mindset and accountability What we offer  • Continuous training in new technologies and tools  • Career development and growth opportunities  • Competitive bonus scheme, performance-based  • Group health/medical insurance package  • Discounts on our company's products  • Hybrid working model  • Internal wellbeing actions Join #teamKotsovolos and be part of a team that promotes new technologies, loves to evolve, embraces diversity and is next to society.",,Full-time,"Heraklion, Greece",EL,2024-09-20,kariera.gr,171464,,"['http://data.europa.eu/esco/skill/1ffac4ac-fda7-407d-8ed1-ca8f4a8dc146', 'http://data.europa.eu/esco/skill/2fb8480e-de3c-462b-b169-e8bbb344da68', 'http://data.europa.eu/esco/skill/4707da90-9cfc-46ca-8de0-38a0b7bfb137', 'http://data.europa.eu/esco/skill/867137fb-ff1b-4ca3-99f3-cb6969aa2c68']","['http://data.europa.eu/esco/occupation/8a0afc76-4a09-449a-9e7b-a33495889f95', 'http://data.europa.eu/esco/isco/C214']"
53920,Web Developer,"Epsilon Net S.A., the largest IT groups of companies in Greece and No.1 Best Workplace in Tech 2023, is seeking for the department of R&D, a Web Developer.
Responsibilities:


Collaborate with cross-functional teams to define, design, and ship new features.


Work on new feature development, as well as maintenance of existing features and bug fixes


Design, build, and maintain highly reusable C#, JavaScript, HTML and CSS code


Ensure the best possible performance, quality, and responsiveness of the application


Unit-test code for robustness, including edge cases, usability, and general reliability


Requirements:


BS/MS degree in Computer Science, Engineering or a related subject


1 - 3 years of overall software development experience


Experience with .NET 4.5+, .NET Core principles and best practices


Good knowledge of HTML5 and JavaScript, TypeScript, jQuery and its best practices


Experience working with remote data via REST and JSON


Experience with SQL Server


Experience with Git will be considered as an asset


Solid understanding of the full development life cycle and scrum process framework.


Native greek speaker


We Offer:


Multi-awarded working environment (10 Best Workplaces Hellas, 4 Best Workplaces Europe, 2 Best Workplaces™ for Women, 1 Best Workplace in Technology Awards).


Competitive remuneration package.


Ongoing training, opportunities & career development.


Private medical insurance.


Psychological support line.


Online personal- training programs.


Free participation in Epsilon Training & Epsilon College educational programs.


Remote working model.",Mid-level,Full-time,"Pylaia, Greece",EL,2024-09-19,kariera.gr,171154,,"['http://data.europa.eu/esco/skill/0af062de-eb43-41e9-9b96-249e2cd22d26', 'http://data.europa.eu/esco/skill/0d7f2cce-245a-4d02-9b8d-2e9946cc4c5d', 'http://data.europa.eu/esco/skill/49dd67a9-d0a6-4375-b856-85e09032fdac', 'http://data.europa.eu/esco/skill/867137fb-ff1b-4ca3-99f3-cb6969aa2c68', 'http://data.europa.eu/esco/skill/c062bab3-3ea0-4291-9220-a2d8fef4bead', 'http://data.europa.eu/esco/skill/c4b626c1-e71c-44ec-9f88-042766f37fcc']","['http://data.europa.eu/esco/occupation/c40a2919-48a9-40ea-b506-1f34f693496d', 'http://data.europa.eu/esco/isco/C214']"
54008,"Sr. Manager, Customer Journey & Automation Engineering","Role Summary
The Customer & Commercial Creation Centre (C4) team creates technology solutions for our external customers. This includes all digital (web, mobile, omni-channel, & devices) products, platforms, services and experiences in service of patients, HCPs, payors, pharmacists, or clinical sites.
Within C4, the Platform DevOps team are accountable for the platforms at Pfizer that allow the creation, configuration, launch, and support of all externally facing digital (web, mobile, omni-channel, & device) products, services, and experiences, servicing all external customer types at Pfizer. This includes our Marketing Technology (Martech) platform.
Our mission over the next few years is to change how customer data is managed, from fragmented implementations to a coherent customer-data ecosystem of services dedicated to the collection and management of profiles, consents and organised data. We also aim to improve the marketer experience and to improve patient outcomes through tools that enable our marketing teams to create finely tuned, intelligent and relevant audiences, messages and journeys that can be activated across any or all of our channel options.
We seek an experienced full stack engineer versed in Adobe Fusion and/or Salesforce Automation Studio to join our team as an engineering lead working in our team building CRM data integration and automation services that supply data from CDP and other sources to our campaign journey orchestration & activation services. This team also maintains several web applications that support the management and operations of our data.You will be responsible for many aspects of solution architecture and technical design for the services you work on. This includes Adobe Fusion flows, AWS infrastructure, APIs and contracts, Laravel/Vue.js web applications, test strategy, performance, reliability, security and compliance. You will be supported by contract solution architects and other experienced engineers, but the expectation is that you become the engineering authority and source of truth and experience for your services.You will work with the PO and BA to design, refine and deliver solutions that meet business requirements but also our mission of building globally scalable, secure and supportable platforms. To achieve this, you will need to weigh short term business deliverables against longer term sustainability.
Responsibilities
Core responsibility: Product & service delivery
That the team produce fit-for-purpose solutions is the ultimate measure of your success, with you working closely with product owners to discuss and understand vision, strategy and help everyone deliver tactical next steps.This involves:

Understanding the overall roadmap, context and direction of the product and key partner teams by being part of the conversations and helping guide the roadmap.
Leading the estimation and working with the PO on prioritization of requirements
Working with platform architects and Enterprise Architecture to create an appropriate solution architecture and technical design that meets the business needs and our long-term objectives.
Refining stories as part of team refinement sessions, bringing expertise to bear in defining the right solution design, acceptance criteria and testing criteria
Coordinating execution within the team as well as writing code yourself. Key languages and tools include:

Front end applications: Laravel and Vue.js
Back end: Python
Platforms: Salesforce Automation Studio (plus elements of Data Cloud, Marketing Cloud) / Adobe Experience Manager (inc. Fusion, Workfront, Journey Optimizer, Customer Journey Analytics)


Ensuring the team write documentation as required,including in-line code commentary, GitHub .MD documentation and confluence SDLC documentation that describes:

The purpose of the software
The CI environment and deployment processes
Development standards and processes
Architecture, API and Design
Architectural Decision Records
How to develop the application(s) locally as a new developer on the team
Processes and checks for deployment to the cloud environments



Qualifications & Education
Key Qualifications

Bachelor's or master's degree in computer science, Engineering, or a related field
Minimum of 5 years' experience with increasing responsibility developing digital solutions, products, and services.
Professional certifications in software engineering fields are a bonus
Proven experience in software engineering, with a focus on roles in complex global enterprise projects
Excellent experience with Laravel, Vue.js and Python, along with Typescript, SQL and other components common to full stack delivery.
Good experience of the Adobe and/or Salesforce marketing automation platforms including key technologies like Workfront, Fusion or Automation Studio
Excellent knowledge of AWS services
Excellent experience writing automated tests (Unit, Integration, etc)
Excellent experience with API-led development.
Excellent experience with Agile team processes, including Scrum, Scrumban.
Experience with the types of process problems that come when trying to build complex, new applications and comfortable when things are uncertain and require problem solving.
Good understanding of software development methodologies and best practices for implementing principles of privacy & security 'by design'.
Understanding of the DevSecOps best practices that should be in place, driving an ""Everything as Code instead of paperwork"" mentality.
Excellent experience estimating complex technical stories and breaking them down
Strong problem-solving and analytical abilities, with a keen attention to detail.
Good interpersonal and communication skills with the ability to establish relationships, influence outcomes, and deliver effective presentations to a variety of audiences.
Strong written and spoken English

 
Additional Notes
We are looking for people with sufficient experience to do most of the job and who are open to learning new things.This is a global role, in a team whose stakeholders and resources are largely based in North America. Travel therefore may be required from time to time. Attendance at meetings in the Eastern US time zone will be required.
Pfizer is an equal opportunity employer and complies with all applicable equal employment opportunity legislation in each jurisdiction in which it operates.
To apply please visit our website www.pfizercareers.com and search job Sr. Manager, Customer Journey & Automation Engineering id 4920183.",Senior,Full-time,"Thessaloniki, Greece",EL,2024-09-19,kariera.gr,171045,,"['http://data.europa.eu/esco/skill/1d86f05e-e9cc-40ce-99d8-2b21cc71b16b', 'http://data.europa.eu/esco/skill/238343b1-7b51-42b3-a9ed-cf24d3a236e7', 'http://data.europa.eu/esco/skill/2857540c-180b-4208-9127-e94a01871966', 'http://data.europa.eu/esco/skill/378caeec-10a0-4162-b75c-ab374a42e93d', 'http://data.europa.eu/esco/skill/57231a22-4da7-49c8-97b8-75672feadf1e', 'http://data.europa.eu/esco/skill/598de5b0-5b58-4ea7-8058-a4bc4d18c742', 'http://data.europa.eu/esco/skill/609a8ac1-9d29-4237-9886-596dbbe7ca8a', 'http://data.europa.eu/esco/skill/6195c5f7-a4fb-425d-a3dd-c4467c4471a3', 'http://data.europa.eu/esco/skill/6bee2e0f-4f12-4a82-a395-370cf0567c12', 'http://data.europa.eu/esco/skill/71717c33-dd63-4acf-b052-a5fd5d9fc490', 'http://data.europa.eu/esco/skill/867137fb-ff1b-4ca3-99f3-cb6969aa2c68', 'http://data.europa.eu/esco/skill/8ff015a0-98ea-4d80-a23e-1f68110a919e', 'http://data.europa.eu/esco/skill/9b9de2a4-d8af-4a7b-933a-a8334ae60067', 'http://data.europa.eu/esco/skill/bda0d115-f315-453e-99dc-f8b0e5862db3', 'http://data.europa.eu/esco/skill/ccd0a1d9-afda-43d9-b901-96344886e14d', 'http://data.europa.eu/esco/skill/d4789070-2ff7-4bbb-94ca-8bb1739826a9', 'http://data.europa.eu/esco/skill/e49c4d19-dea6-42a1-bde2-30d69dc0ca24', 'http://data.europa.eu/esco/skill/ee3c1d54-f46a-43c7-a0f9-0ba3648164d0', 'http://data.europa.eu/esco/skill/f9738fc9-4d67-43e8-bfda-954123e34d42']","['http://data.europa.eu/esco/occupation/2bef94db-0088-4507-982a-2ca717529adb', 'http://data.europa.eu/esco/occupation/2fb96c6c-8d0b-4ef0-b1ee-3e493305e4eb', 'http://data.europa.eu/esco/occupation/3ae4fd99-814a-4d06-a7db-5ee680c22e26', 'http://data.europa.eu/esco/occupation/53cdd34e-22f2-41bd-b3c7-de22bf9bbcae', 'http://data.europa.eu/esco/occupation/7843a4c6-a9f6-4095-94b9-45b384d4bd57', 'http://data.europa.eu/esco/occupation/7c132147-428b-4ea3-87e1-70f7abb691ce', 'http://data.europa.eu/esco/occupation/e9507d34-c70f-474f-a4a3-d2cbfe50f6e9', 'http://data.europa.eu/esco/isco/C214']"
61715,"Full Stack Engineer (React.js, Java)","Company DescriptionWe are Netcompany-Intrasoft, a member of Netcompany Group A/S, and a leading European IT Solutions and Services company with strong international presence and expertise, dedicated to responsible digitalisation. We offer innovative and added-value solutions of the highest quality to a wide range of public and private organizations, while being a key-player in the EU Institutions for the past 30 years. We hold an outstanding record of 500+ organizations in 70+ countries, that have chosen our solutions and services, to fulfil their business needs. Our team of 3500+ professionals is our driving force and our most valuable asset.Job DescriptionEver wondered what it feels like to be a Full Stack Engineer in Netcompany-Intrasoft? Joining us as a Full Stack Engineer, you will have the opportunity to be a part of our highly skilled agile, software product development teams working within large-scale transformation projects.As a Full Stack Engineer you will:Collaboration with team members to understand requirements andpropose solutionsEngage with UX/UI designers to implement highly intuitive user experiencesDevelop and maintain code, application libraries and produce technical documentationParticipate in Scrum meetings, provide technical assessments, perform peer code reviews and produce time estimates for development tasksQualificationsWhat would make you a fit for the role:Degree in Computer Science or other relevant disciplines2 years of experience in React.js, JavaFamiliarity with JavaScript/ TypeScript and Spring BootExcellent command of the English language (written and verbal)An analytical mind with problem-solving abilitiesExcellent interpersonal skills and team spiritIt would also be a plus if you match some of the following:Familiarity with Oracle DatabaseExposure inMicroservices architectural patternsKnowledge of KubernetesExperience with CI/CD and version control platforms (Jenkins X, Bamboo)Additional InformationBeing a part of the Netcompany-Ιntrasoft team, you will be provided with: The opportunity to work in a modern environment & in a hybrid working modelA seamless onboarding experience and a buddy to support you on your first stepsA competitive compensation & benefits packageHealth and life insurance program Meal and commuting allowanceWell-being activities (on premises)Continuous learning opportunities using the most modern methods (unlimited access to Udemy for Business, ad-hoc trainings)A personalized development plan for targeted career growthIf you are looking forward to be part of a diverse environment, and have the opportunity to work alongside well-experienced professionals, on challenging, large-scale projects that directly impact millions of citizens around the globe, then this is the place to be!By joining Netcompany-Intrasoft Athens, you will be part of a vivid team of 2000+ tech enthusiasts. When at the office you will have the chance to work at our brand-new, state-of-the-art, sustainable offices, located in 3 different spots in Athens!Our cultureOur people are the most important element of our success. Our work life is well defined by our set of fundamental Values: https://netcompany.com/careers/greece/our-values/ #BePartOfSomethingGreat!Please submit your CV in English. All applications will be treated as strictly confidential.We ensure equal opportunities, treatment, and consideration to all candidates. Discrimination based on sex, racial or ethnic origin, religion or belief, disability, age, sexual orientation or marital status, physical or mental disability, or any other factor protected by applicable laws and regulations is prohibited. As part of the Netcompany-Intrasoft culture, we respect human rights and focus on creating a positive workplace, where all employees are valued, and where diversity and inclusion are a vital part of our our everyday working experience.",,Full-time,"Athens, Greece",EL,2024-09-27,kariera.gr,173064,,"['http://data.europa.eu/esco/skill/07dd856d-6141-48a7-a228-918f88494812', 'http://data.europa.eu/esco/skill/23ac233d-84ad-4517-b0f5-8ca19ba2614e', 'http://data.europa.eu/esco/skill/484df271-bb52-49f1-8f50-f19624bf4df2', 'http://data.europa.eu/esco/skill/8f6ed69b-29d0-4c01-81ba-f05920a185f3', 'http://data.europa.eu/esco/skill/a8797f21-1af0-4c5e-98ca-bf1442929363', 'http://data.europa.eu/esco/skill/f47a1998-0beb-43be-9f46-380aa4d183da']","['http://data.europa.eu/esco/occupation/719f101d-1866-49d3-8d5c-2256f606a8b9', 'http://data.europa.eu/esco/occupation/faed411a-f920-4100-86a8-b877928b429c', 'http://data.europa.eu/esco/isco/C7543']"
61833,Front-End Developer,"Job Title:
Experienced Vue 3/TypeScript Front-End Developer
 
Company Overview:
We are a rapidly growing company in the online assessment market, offering cutting-edge solutions for education. Our platform provides secure, scalable, and user-friendly online assessments, used by thousands globally. We’re seeking an experienced Vue 3 Developer with a strong background in TypeScript to join our team and enhance our front-end application.
 
Job Description:
We are looking for an experienced Vue 3 Developer who thrives in a modern tech stack environment. If you’re passionate about collaboration, enjoy tackling challenges with the latest tools, and are seeking a long-term position, we’d love to talk to you.
 
What You’ll Be Working With:
You will work with and are expected to have experience in the following technologies:• Vue 3• TypeScript• Nuxt• TailwindCSS & UnoCSS• Naive UI• Sass, CSS, HTML• Git (for version control)
 
Who We’re Looking For:
We are looking for someone who meets the following requirements:• Strong English communication skills (both written and spoken) to communicate daily via Slack and Zoom.• Ability to foster a respectful and collaborative work environment.• Experience writing clean, maintainable, and easy-to-understand code.• Willingness to take responsibility for testing your code before submitting it for review, despite having a dedicated testing team.• A mindset focused on giving and receiving constructive feedback to help the team grow.• Eagerness to share knowledge with and learn from colleagues.• Commitment to a long-term role with a stable, growing team.
 
Experience:

At least 3 years of experience with Vue 3/Nuxt and Typescript. • Experience in Agile/Scrum methodologies: Understanding of working in Agile environments, attending daily standups.

 
What We Care About:

Respect and Collaboration: We believe the best results come from an environment where everyone feels comfortable contributing.• Growth and Stability: We are looking for team members who want to grow with us over the long term and contribute to our success.

If this sounds like you, we’d love to hear from you!
Please send us your CV at: hrgreece@burlingtonbooks.com",Mid-level,Full-time,"Athens, Greece",EL,2024-09-27,kariera.gr,172913,,"['http://data.europa.eu/esco/skill/08e2ff26-88ff-47b5-9d37-d19ace01b075', 'http://data.europa.eu/esco/skill/199f7919-5114-41b6-b6a5-41e0e4896ec1', 'http://data.europa.eu/esco/skill/867137fb-ff1b-4ca3-99f3-cb6969aa2c68', 'http://data.europa.eu/esco/skill/c4b1f326-224a-420a-b8b3-814a8f13b6cb']",[]
61839,Senior Backend Developer (Node.js/NestJS),"Job Title:
Senior Backend Developer (Node.js/NestJS)
 
Company Overview:
We are a rapidly growing company operating in the online assessment market, providing innovative solutions for education, recruitment, and corporate training. Our platform delivers secure, scalable, and user-friendly online assessments used by thousands globally. We’re looking for a Senior Backend Developer to join our dynamic team to help us build robust backend systems, improve scalability, and enhance our product.
 
Job Description:
We are looking for a Senior Backend Developer who is passionate about creating scalable backend services in a modern tech environment. If you enjoy solving complex problems, writing maintainable code, and collaborating with a talented team, this could be the perfect role for you.
 
What You’ll Be Working With:
You will work with and are expected to have experience in the following technologies:• Node.js• NestJS• MongoDB (including complex MongoDB pipelines)• Mongoose for data modeling and schema definition• JWT-based authentication• AWS services (S3, Amazon Rekognition)• Docker for containerization• RESTful APIs
 
Who We’re Looking For:
We are looking for someone who meets the following requirements:

Strong English communication skills (both written and spoken) to communicate daily via Slack and Zoom.• Proven experience as a Senior Backend Developer using Node.js and NestJS.• Expertise in TypeScript.• Strong knowledge of MongoDB, including pipelines.• Experience with Mongoose for data management.• Familiarity with JWT authentication practices.• Proficient with Docker for containerization.• Hands-on experience with AWS services, especially S3 and Amazon Rekognition.
Ability to foster a respectful and collaborative work environment.• Experience writing clean, maintainable, and easy-to-understand code.• Willingness to take responsibility for testing your code before submitting it for review, despite having a dedicated testing team.• A mindset focused on giving and receiving constructive feedback to help the team grow.

Experience:

At least 5 years of experience with NestJS, Typescript and MongoDB.
Experience in Agile/Scrum methodologies: Understanding of working in Agile environments, attending daily standups.

 
Nice to Have:

Experience with Amazon ECS for deploying services.• Knowledge of Redis for caching and message brokering.• Familiarity with Maizzle for email templating and Puppeteer for browser automation.• Experience working in the online assessment or EdTech industry is a plus.

 
What We Care About:

Respect and Collaboration: We believe the best results come from an environment where everyone feels comfortable contributing.• Growth and Stability: We are looking for team members who want to grow with us over the long term and contribute to our success.

If this sounds like you, we’d love to hear from you!
Please send us your CV at: hrgreece@burlingtonbooks.com",Senior,Full-time,"Athens, Greece",EL,2024-09-27,kariera.gr,172905,,"['http://data.europa.eu/esco/skill/08e2ff26-88ff-47b5-9d37-d19ace01b075', 'http://data.europa.eu/esco/skill/199f7919-5114-41b6-b6a5-41e0e4896ec1', 'http://data.europa.eu/esco/skill/3ec2e4d6-7000-4905-bf1a-c5b1679416de', 'http://data.europa.eu/esco/skill/65715f7a-c791-416b-b88a-2933a1c81647', 'http://data.europa.eu/esco/skill/867137fb-ff1b-4ca3-99f3-cb6969aa2c68', 'http://data.europa.eu/esco/skill/c3404999-faaa-4779-9cbf-e594b9c4d3b6', 'http://data.europa.eu/esco/skill/fecf8a0d-62c4-4e71-9b03-0f4fc2ad7bf5']","['http://data.europa.eu/esco/occupation/068370e0-9c27-4814-87d0-44fbb3140815', 'http://data.europa.eu/esco/occupation/562dd713-5745-4457-929e-5b909da084ca', 'http://data.europa.eu/esco/occupation/e297ec12-4712-40a4-ad98-ba004cacb205']"
64286,Call for Talents - Junior Software Engineer in Test,"Company DescriptionWe are Netcompany-Intrasoft, a member of Netcompany Group A/S, and a leading European IT Solutions and Services company with strong international presence and expertise, dedicated to responsible digitalisation. We offer innovative and added-value solutions of the highest quality to a wide range of public and private organizations, while being a key-player in the EU Institutions for the past 30 years. We hold an outstanding record of 500+ organizations in 70+ countries, that have chosen our solutions and services, to fulfil their business needs. Our team of 3500+ professionals is our driving force and our most valuable asset.Job DescriptionEver wondered what it feels like to be a Software Engineer in Test in Netcompany-Intrasoft?Our fully inhouse Testing team consists of 180 professionals across our sites and is Gold ISTQB partner. This is a team led by Test Managers, that serves the entire Netcompany-Intrasoft organization, bringing value and benefit in all the technologies we use and offer. Our Testing team is engaged with a vast portfolio of services, technologies, solutions and methodologies.As a Software Engineer in Test you will:Understand the business logic for the system under testFamiliarize with the architecture of the system under testAnalyze the tests to be automated and identify the most appropriate test automation methodology/technologyImplement and maintain test automation scripts/frameworksParticipate in PoC for evaluation of various tools, frameworks, methodologiesParticipate in the building of a CI pipelineAutomate tests for any of the following test types (functional, performance, usability, compatibility, cross-browser, component)Analysis of test results for troubleshooting, qualitative and quantitative analysisAll junior newcomers will have the opportunity to attend high quality training by our internal academy. All sessions will be conducted by our tech specialists, who will share their knowledge on technologies and methodologies that will be used, ensuring a smoother onboarding process.QualificationsWhat would make you a fit for the role:Degree in Computer Science, Software Engineering or other relevant disciplinesInterest in Software Testing including and in writing Test scripts for Functional, Regression and Performance testsFamiliarity with at least one of the below (Java, Selenium, SoapUI, JMeter)Collaborate with team members to understand requirements and propose solutionsExcellent command of the English language (written & oral)It would also be a plus if you match some of the following:Knowledge in WebServices (SOAP & RESTful), Cucumber, Serenity, TestNG, JUnit, Mockito, REST Assured API and Jira, Jira XRay, Javascript, Typescript, Microservice Architectures, Kafka, Arquillian and Spring Boot are considered a plusExperience in Java, .Net, Groovy, SQL, XML Additional InformationBeing a part of the Netcompany-Ιntrasoft team, you will be provided with: The opportunity to work in a modern environment & in a hybrid working modelA seamless onboarding experience and a buddy to support you on your first stepsA competitive compensation & benefits packageHealth and life insurance programMeal and commuting allowanceWell-being activities (on premises)Continuous learning opportunities using the most modern methods (unlimited access to Udemy for Business, ad-hoc trainings)A personalized development plan for targeted career growth  If you are looking forward to be part of a diverse environment, and have the opportunity to work alongside well-experienced professionals, on challenging, large-scale projects that directly impact millions of citizens around the globe, then this is the place to be!#LI-FL1Our cultureOur people are the most important element of our success. Our work life is well defined by our set of fundamental Values: https://netcompany.com/careers/greece/our-values/ #BePartOfSomethingGreat!Please submit your CV in English. All applications will be treated as strictly confidential.We ensure equal opportunities, treatment, and consideration to all candidates. Discrimination based on sex, racial or ethnic origin, religion or belief, disability, age, sexual orientation or marital status, physical or mental disability, or any other factor protected by applicable laws and regulations is prohibited. As part of the Netcompany-Intrasoft culture, we respect human rights and focus on creating a positive workplace, where all employees are valued, and where diversity and inclusion are a vital part of our our everyday working experience.",,Full-time,"Athens, Greece",EL,2024-09-28,kariera.gr,173177,,"['http://data.europa.eu/esco/skill/23ac233d-84ad-4517-b0f5-8ca19ba2614e', 'http://data.europa.eu/esco/skill/3993c87c-7719-4186-811b-8ddfb40e76be', 'http://data.europa.eu/esco/skill/52cf3037-ab53-4806-85ed-7fd21ea7f6a1', 'http://data.europa.eu/esco/skill/598de5b0-5b58-4ea7-8058-a4bc4d18c742', 'http://data.europa.eu/esco/skill/6a0aab53-6246-41e8-a910-e7a13f314860', 'http://data.europa.eu/esco/skill/7557f0f4-b8bc-4ac0-b91e-222ab1ba744f', 'http://data.europa.eu/esco/skill/85f46538-ae70-498a-bfbc-b8ddafe96c7d', 'http://data.europa.eu/esco/skill/867137fb-ff1b-4ca3-99f3-cb6969aa2c68', 'http://data.europa.eu/esco/skill/8f6ed69b-29d0-4c01-81ba-f05920a185f3', 'http://data.europa.eu/esco/skill/a8797f21-1af0-4c5e-98ca-bf1442929363', 'http://data.europa.eu/esco/skill/c4b626c1-e71c-44ec-9f88-042766f37fcc', 'http://data.europa.eu/esco/skill/ce354460-500e-4eaa-8e95-8f243fcea3db']","['http://data.europa.eu/esco/occupation/57af9090-55b4-4911-b2d0-86db01c00b02', 'http://data.europa.eu/esco/occupation/719f101d-1866-49d3-8d5c-2256f606a8b9', 'http://data.europa.eu/esco/isco/C2519']"
65308,"Manager, Software Engineer","Why Patients Need You
Technology impacts everything we do. Pfizer's digital and 'data first' strategy focuses on implementing impactful and innovative technology solutions across all functions from research to manufacturing. Whether you are digitizing drug discovery and development, identifying solutions, or making our work easier and faster, you will be making a difference to countless lives.ROLE SUMMARYPfizer's purpose is to deliver breakthroughs that change patients' lives.In Pfizer Digital Core Solutions, we partner closely with our Pfizer business operations colleagues to efficiently deliver robust supporting technology solutions that enhance their work to achieve the Pfizer purpose. We value our team members' technical skills, but also their passion, teamwork, and growth. Our culture is focused on delivering value through courage, excellence, equity, and joy. Our collective skillset supports all aspects of technology planning, project execution and application development excellence.We are looking for Software Engineer (SE) candidates who are aligned with our culture and values, and with experience in software development projects that include both backend and frontend development using Java and Javascript-based technologies for multi-tiered, RDBMS-based web applications. Top candidates will also have experience working on regulated projects that have used an agile approach.The Software Engineer plays a key role in meeting our mission. In addition to standard software development and agile team responsibilities, SEs act as mentors as well as technical subject matter experts on in-house, outsourced, and co-sourced developed global applications. SEs may additionally lead technical teams and work independently or lead others on initiatives. SEs will collaborate closely with stakeholders of all levels across both the Digital Core Solutions organization as well as our partner business operations organizations, leading to opportunities to learn from and advise senior Pfizer leadership.The SE will work closely with their manager to ensure growth over time, including the selection of project work among hundreds of applications that will expand their skillset to meet personal and organizational goals, to provide fulfilling work, and to advance their careers.




ROLE RESPONSIBILITIES

Works independently and within teams to advance organizational and project objectives.
Works with project teams across R&D Solutions, providing technical leadership across business domains, including support for short and long-term strategies in alignment with Pfizer Digital colleagues: Client Partners, Architects, Solution Delivery Leads, among others.
Participates in Agile practices in alignment with team processes and objectives.
Designs application areas to meet project objectives and alignment with Digital standards and best practices.
Works in team environment with Pfizer colleagues as well as vendor partners.
Ensures the expectations and requirements of internal and external stakeholders are met.
Provides technical management of colleagues and contract resources for software development projects.
Provides technical expertise and oversight to ensure the quality and maintenance of existing production systems.
Suggests and assists in the development of Engineering Best Practices for the group.
Designs, prototypes, implements and unit tests software solutions in supported business areas.
Specifies user/system interfaces and translates logical designs into physical designs taking account of target environment, performance requirements and existing systems.
Produces detailed designs and documents all work using required standards, methods and tools, including prototyping tools, where appropriate.
Conducts reviews of supplied specifications as appropriate.
Creates, improves, and maintains DevOps and other build and code management configurations to support efficient, high quality, and secure software development and delivery.

QUALIFICATIONS ​

Undergraduate degree in Software Engineering, Information Management, Computer Science, Mathematics, or other scientific or engineering discipline.
5+ years of relevant experience within the Software Engineering discipline.
Experience working within teams of technologists, IT professionals or project managers using Agile, DevOps, and other approaches for iterative development.
Demonstrated capabilities and experience collaborating and working effectively in team settings, frequently in virtual teams with client partner and customer engagement responsibilities.
Experience in supporting the selection or implementation of technical direction on large projects and/or complex, program-level initiatives requiring technical and business-domain expertise.
Experience and demonstrated competencies either informally or formally managing and/or mentoring others with an emphasis on communicating software engineering and project development best practices.
Demonstrated focus on the high quality of outputs through various methods, such as through code quality initiatives, implementation of automated testing or a unit testing program, process improvement, or leading team engagement with quality initiatives.

Required Capabilities and Experience:

Strong capabilities in developing multi-tiered solutions using Java/J2EE, JBoss Application Server, SQL, REST and JMS, as well as web technologies and frameworks such as Angular, Typescript, HTML, CSS.
Experience using Agile and DevOps tools such as Jira, GitHub and Sonar.
Demonstrated capabilities in understanding data and integration architectures to manage, transform, and exploit data across the enterprise.
Capable of understanding security requirements and using the frameworks and tools the organization has put in place to meet those requirements.
Excellent oral and written communication skills including technical writing / documentation.

Required Aptitude:

Quick to establish trust and respect
Action oriented and energetic
Resourceful and creative
Persistent and determined
Mature and cool under pressure
Easily makes connections
Reads situations quickly
Commitment and follow through

Pfizer is an equal opportunity employer and complies with all applicable equal employment opportunity legislation in each jurisdiction in which it operates.
To apply please visit our website www.pfizercareers.com and search job Manager, Software Engineer id 4910159.",Senior,Full-time,"Thessaloniki, Greece",EL,2024-10-02,kariera.gr,174057,,"['http://data.europa.eu/esco/skill/0a9acb6b-1139-4be9-b431-3a80a959f2f4', 'http://data.europa.eu/esco/skill/0af062de-eb43-41e9-9b96-249e2cd22d26', 'http://data.europa.eu/esco/skill/113b4428-0a31-4199-8496-070af7854b91', 'http://data.europa.eu/esco/skill/1af2db15-2af9-44dd-9639-bf1fc69d4c34', 'http://data.europa.eu/esco/skill/1fcce318-3212-487a-ac07-4941bc85060d', 'http://data.europa.eu/esco/skill/21fecc8a-392e-49ce-ac26-fb0696ccfead', 'http://data.europa.eu/esco/skill/2624158e-4a53-4667-8921-96ee7aaea7b3', 'http://data.europa.eu/esco/skill/33d49d4f-31ec-473f-9b8a-b555aa5116bb', 'http://data.europa.eu/esco/skill/4339176e-3acd-4f7f-a5d9-445bee3d23f2', 'http://data.europa.eu/esco/skill/598de5b0-5b58-4ea7-8058-a4bc4d18c742', 'http://data.europa.eu/esco/skill/5b26f08b-88bc-45f0-b901-530d7786466b', 'http://data.europa.eu/esco/skill/5dd96c59-5955-474b-8cf5-e986a5b50f1a', 'http://data.europa.eu/esco/skill/6a322874-e32f-4cd8-9683-badce67a7f73', 'http://data.europa.eu/esco/skill/75b30aeb-34c0-40f4-b77d-271d75a98b14', 'http://data.europa.eu/esco/skill/867137fb-ff1b-4ca3-99f3-cb6969aa2c68', 'http://data.europa.eu/esco/skill/b16bcbcb-1d3f-42b3-a6a5-b91348a72b70', 'http://data.europa.eu/esco/skill/b87f6102-5bab-4e99-a5d8-11b6be1b99c2', 'http://data.europa.eu/esco/skill/bacbfc27-4b5d-47de-8bfd-af5fa27562a2', 'http://data.europa.eu/esco/skill/c69587b4-05d3-45bb-b79b-9b85e6603fc2', 'http://data.europa.eu/esco/skill/d83cba15-8511-4d07-b89a-9fde0d1d8241', 'http://data.europa.eu/esco/skill/dba46f87-0831-49cd-a1c7-340a653c0221', 'http://data.europa.eu/esco/skill/dd009c14-f702-4d16-a919-8d2098205cf4', 'http://data.europa.eu/esco/skill/ed1d8bd4-cd2a-4c64-b665-56d70651026c', 'http://data.europa.eu/esco/skill/f0de4973-0a70-4644-8fd4-3a97080476f4', 'http://data.europa.eu/esco/skill/f37d9f67-2e79-4958-8307-1ce9d6dcc8bd', 'http://data.europa.eu/esco/skill/f5308e60-d763-4ead-be95-88c96fb3e02b']","['http://data.europa.eu/esco/occupation/00030d09-2b3a-4efd-87cc-c4ea39d27c34', 'http://data.europa.eu/esco/occupation/070e94a8-a933-4557-9b95-fefe7f4f1763', 'http://data.europa.eu/esco/occupation/53cdd34e-22f2-41bd-b3c7-de22bf9bbcae', 'http://data.europa.eu/esco/occupation/72628f3a-fd49-499a-9741-870b0a1fcef2', 'http://data.europa.eu/esco/occupation/874a2080-a9b6-46a9-8662-c9b7d4208f73', 'http://data.europa.eu/esco/occupation/8b6388a4-4904-471b-9331-d3b1211f5525', 'http://data.europa.eu/esco/occupation/8c3f536e-ba66-4321-ba40-363dc39f129b', 'http://data.europa.eu/esco/occupation/8cb59bc4-1f39-477e-beea-effed12d186c', 'http://data.europa.eu/esco/occupation/cc867bee-ab5c-427f-9244-f7a204d9574b', 'http://data.europa.eu/esco/occupation/d515e82a-ca9f-4be4-9823-33694dff7304', 'http://data.europa.eu/esco/isco/C1330', 'http://data.europa.eu/esco/isco/C2519']"
65571,"Full Stack Engineer (React.js, Java)","Company DescriptionWe are Netcompany-Intrasoft, a member of Netcompany Group A/S, and a leading European IT Solutions and Services company with strong international presence and expertise, dedicated to responsible digitalisation. We offer innovative and added-value solutions of the highest quality to a wide range of public and private organizations, while being a key-player in the EU Institutions for the past 30 years. We hold an outstanding record of 500+ organizations in 70+ countries, that have chosen our solutions and services, to fulfil their business needs. Our team of 3500+ professionals is our driving force and our most valuable asset.Job DescriptionEver wondered what it feels like to be a Full Stack Engineer in Netcompany-Intrasoft? Joining us as a Full Stack Engineer, you will have the opportunity to be a part of our highly skilled agile, software product development teams working within large-scale transformation projects.As a Full Stack Engineer you will:Collaboration with team members to understand requirements andpropose solutionsEngage with UX/UI designers to implement highly intuitive user experiencesDevelop and maintain code, application libraries and produce technical documentationParticipate in Scrum meetings, provide technical assessments, perform peer code reviews and produce time estimates for development tasksQualificationsWhat would make you a fit for the role:Degree in Computer Science or other relevant disciplines2 years of experience in React.js, JavaFamiliarity with JavaScript/ TypeScript and Spring BootExcellent command of the English language (written and verbal)An analytical mind with problem-solving abilitiesExcellent interpersonal skills and team spiritIt would also be a plus if you match some of the following:Familiarity with Oracle DatabaseExposure inMicroservices architectural patternsKnowledge of KubernetesExperience with CI/CD and version control platforms (Jenkins X, Bamboo)Additional InformationBeing a part of the Netcompany-Ιntrasoft team, you will be provided with: The opportunity to work in a modern environment & in a hybrid working modelA seamless onboarding experience and a buddy to support you on your first stepsA competitive compensation & benefits packageHealth and life insurance program Meal and commuting allowanceWell-being activities (on premises)Continuous learning opportunities using the most modern methods (unlimited access to Udemy for Business, ad-hoc trainings)A personalized development plan for targeted career growthIf you are looking forward to be part of a diverse environment, and have the opportunity to work alongside well-experienced professionals, on challenging, large-scale projects that directly impact millions of citizens around the globe, then this is the place to be!By joining Netcompany-Intrasoft Athens, you will be part of a vivid team of 2000+ tech enthusiasts. When at the office you will have the chance to work at our brand-new, state-of-the-art, sustainable offices, located in 3 different spots in Athens!Our cultureOur people are the most important element of our success. Our work life is well defined by our set of fundamental Values: https://netcompany.com/careers/greece/our-values/ #BePartOfSomethingGreat!Please submit your CV in English. All applications will be treated as strictly confidential.We ensure equal opportunities, treatment, and consideration to all candidates. Discrimination based on sex, racial or ethnic origin, religion or belief, disability, age, sexual orientation or marital status, physical or mental disability, or any other factor protected by applicable laws and regulations is prohibited. As part of the Netcompany-Intrasoft culture, we respect human rights and focus on creating a positive workplace, where all employees are valued, and where diversity and inclusion are a vital part of our our everyday working experience.",,Full-time,"Athens, Greece",EL,2024-10-01,kariera.gr,173738,,"['http://data.europa.eu/esco/skill/07dd856d-6141-48a7-a228-918f88494812', 'http://data.europa.eu/esco/skill/23ac233d-84ad-4517-b0f5-8ca19ba2614e', 'http://data.europa.eu/esco/skill/484df271-bb52-49f1-8f50-f19624bf4df2', 'http://data.europa.eu/esco/skill/8f6ed69b-29d0-4c01-81ba-f05920a185f3', 'http://data.europa.eu/esco/skill/a8797f21-1af0-4c5e-98ca-bf1442929363', 'http://data.europa.eu/esco/skill/f47a1998-0beb-43be-9f46-380aa4d183da']","['http://data.europa.eu/esco/occupation/719f101d-1866-49d3-8d5c-2256f606a8b9', 'http://data.europa.eu/esco/occupation/faed411a-f920-4100-86a8-b877928b429c', 'http://data.europa.eu/esco/isco/C7543']"
75793,Test Automation Leader,"Company DescriptionWe are Netcompany-Intrasoft, a member of Netcompany Group A/S, and a leading European IT Solutions and Services company with strong international presence and expertise, dedicated to responsible digitalisation. We offer innovative and added-value solutions of the highest quality to a wide range of public and private organizations, while being a key-player in the EU Institutions for the past 30 years. We hold an outstanding record of 500+ organizations in 70+ countries, that have chosen our solutions and services, to fulfil their business needs. Our team of 3500+ professionals is our driving force and our most valuable asset.Job DescriptionAre you ready to discover the role of a Test Automation Leader in Netcompany-Intrasoft?Our fully inhouse Testing team consists of 180+ professionals across our sites and is Gold ISTQB partner. This is a team led by Test Managers, that serves the entire Netcompany-Intrasoft organization, bringing value and benefit in all the technologies we use and offer. Our Testing team is engaged with a vast portfolio of services, technologies, solutions and methodologies.As a Test Automation Leader you will:Work on analyzing and managing the testing lifecycle of large-scale software applications of EU institutions / Products / Public Sector. You will be exposed to a wide variety of services and technologies in a multinational environment.Create and maintain comprehensive automated test suites Integrate automated tests into the CI/CD pipelines using e.g., Jenkins, GitLab CI, ensuring tests are run consistently with each build and deployment.Participate in PoC for evaluation of various tools, frameworks, methodologiesParticipate in the building of a CI pipelineAutomate tests for any of the following test types (functional, performance, usability, compatibility, cross-browser, component)Analysis of test results for troubleshooting, qualitative and quantitative analysisQualificationsWhat would make you a fit for the role:University degree in Information Technology or another relevant field and 7+ years of experience in Test Automation, including leadership rolesProven experience in Software Testing and Test Automation, with expertise in designing and implementing Test Automation Strategies for Component, Functional, Regression, and Performance testsProficiency in Java, .NET, Typescript, SQL, HTML, XML, JSON, Shell & Bat scriptingExpertise in various tools/frameworks such as Selenium, Appium, Playwright, Cypress, WebdriverIO, TestNG, JUnit, NUnit, Spring, Spring Boot, Cucumber, SpecFlow, Rest Assured API, SoapUI, Postman, JMeter, LoadUI, K6, BPMN, Kafka, JMSExperience with Test Management (Xray, Zephyr, Azure Test, etc.) and Defect Management Tools (Jira, etc.) and in automated integrations with those toolsProficiency with CI Tools (Jenkins, Bamboo, etc.) and pipeline scriptingExperience with Docker, Kubernetes is considered a plusStrong background in creating Test Cases, Test Scripts, Test Reports, and participation in Test CyclesProven ability to train, guide, coach, and share knowledge with less experienced team membersDeep understanding of Agile Software Development methodologiesAdditional InformationBeing a part of the Netcompany-Ιntrasoft team, you will be provided with: The opportunity to work in a modern environment & in a hybrid working modelA seamless onboarding experience and a buddy to support you on your first stepsA competitive compensation & benefits packageHealth and life insurance programMeal and commuting allowanceWell-being activities (on premises)Continuous learning opportunities using the most modern methods (unlimited access to Udemy for Business, ad-hoc trainings)A personalized development plan for targeted career growthIf you are looking forward to be part of a diverse environment, and have the opportunity to work alongside well-experienced professionals, on challenging, large-scale projects that directly impact millions of citizens around the globe, then this is the place to be!When at the office you will have the chance to work at our brand-new, state-of-the-art, sustainable offices, located in 3 different spots in Athens!Our cultureOur people are the most important element of our success. Our work life is well defined by our set of fundamental Values: https://netcompany.com/careers/greece/our-values/ #BePartOfSomethingGreat!Please submit your CV in English. All applications will be treated as strictly confidential.We ensure equal opportunities, treatment, and consideration to all candidates. Discrimination based on sex, racial or ethnic origin, religion or belief, disability, age, sexual orientation or marital status, physical or mental disability, or any other factor protected by applicable laws and regulations is prohibited. As part of the Netcompany-Intrasoft culture, we respect human rights and focus on creating a positive workplace, where all employees are valued, and where diversity and inclusion are a vital part of our our everyday working experience.",N/A,Full-time,"Athens, Greece",EL,2025-06-15,kariera.gr,174592,,"['http://data.europa.eu/esco/skill/0af062de-eb43-41e9-9b96-249e2cd22d26', 'http://data.europa.eu/esco/skill/23ac233d-84ad-4517-b0f5-8ca19ba2614e', 'http://data.europa.eu/esco/skill/2d3552aa-08da-4aad-9942-675be826a212', 'http://data.europa.eu/esco/skill/598de5b0-5b58-4ea7-8058-a4bc4d18c742', 'http://data.europa.eu/esco/skill/6a0aab53-6246-41e8-a910-e7a13f314860', 'http://data.europa.eu/esco/skill/7557f0f4-b8bc-4ac0-b91e-222ab1ba744f', 'http://data.europa.eu/esco/skill/867137fb-ff1b-4ca3-99f3-cb6969aa2c68', 'http://data.europa.eu/esco/skill/8f6ed69b-29d0-4c01-81ba-f05920a185f3', 'http://data.europa.eu/esco/skill/c4b626c1-e71c-44ec-9f88-042766f37fcc', 'http://data.europa.eu/esco/skill/dba46f87-0831-49cd-a1c7-340a653c0221', 'http://data.europa.eu/esco/skill/f47a1998-0beb-43be-9f46-380aa4d183da']","['http://data.europa.eu/esco/occupation/572c51ef-531b-4331-8e66-b1641173e54e', 'http://data.europa.eu/esco/occupation/719f101d-1866-49d3-8d5c-2256f606a8b9', 'http://data.europa.eu/esco/occupation/7ed2e153-8da8-4c0d-b4c5-3402c623f34b', 'http://data.europa.eu/esco/occupation/ab7bccb2-6f81-4a3d-a0c0-fca5d47d2775']"
76034,"Angular Developers – Cyprus, Greece or Remote","Angular Developers – Cyprus, Greece or Remote 
 
The Role: 
As an Angular Developer you will join a fast-growing team of highly skilled professionals. Your focus will be to deliver high quality code in existing and new Angular client-facing applications. In addition, you will have the opportunity to share your knowledge amongst other IT professionals and evolve in your career by pushing Angular to its limits.
The main responsibilities of the position include:

Build advanced front-end applications with the Angular Framework
Follow test-driven development, continuous integration and agile methodologies
Review code from other developers
Continuously monitor and improve application reliability and optimise performance
Run unit testing and automation testing
Contribute to system design and architecture

 
Main requirements:

Degree in computer science, engineering, or any other related degree
At least 1 year of work experience in Angular 2+ and TypeScript
At least 5 years of work experience in JavaScript development
Proven experience with REST APIs
Experience with CSS/SCSS
Experience with unit tests using Jasmine and Karma
Experience with Git
Excellent understanding of algorithmic complexity, data structures, OOP Principles
Solid understanding of the full development life cycle
Very good communication and interpersonal skills
Self-motivated with a passion for professional development
Fluency in English

 
The following will be considered an advantage:

Knowledge of NestJS
Familiarity with AWS Services
Familiarity with CI/CD concepts
Work portfolio of open-source projects and technical blogs, working knowledge of Node.js

Benefit from:

Attractive remuneration package plus performance related reward  
Intellectually stimulating work environment
Food allowance
Continuous personal development and international training opportunities
Attractive relocation package and support for a smooth relocation for you and your family

Type of employment: Full-time
Location: Cyprus, Greece or Remote
Please visit our website www.xm.com/careers to submit your online application for this position.
 
All applications will be treated with strict confidentiality!",Mid-level,Full-time,"Athens, Greece",EL,2024-10-03,kariera.gr,174306,,"['http://data.europa.eu/esco/skill/519e801b-3cc4-44d4-bcf1-32fdb9a77e51', 'http://data.europa.eu/esco/skill/7557f0f4-b8bc-4ac0-b91e-222ab1ba744f', 'http://data.europa.eu/esco/skill/867137fb-ff1b-4ca3-99f3-cb6969aa2c68', 'http://data.europa.eu/esco/skill/a8d24a95-47b3-4f88-92e7-06600bcd3612', 'http://data.europa.eu/esco/skill/dba46f87-0831-49cd-a1c7-340a653c0221', 'http://data.europa.eu/esco/skill/fecf8a0d-62c4-4e71-9b03-0f4fc2ad7bf5']","['http://data.europa.eu/esco/isco/C2', 'http://data.europa.eu/esco/isco/C214']"
76045,Software Engineer in Test,"Company DescriptionWe are Netcompany-Intrasoft, a member of Netcompany Group A/S, and a leading European IT Solutions and Services company with strong international presence and expertise, dedicated to responsible digitalisation. We offer innovative and added-value solutions of the highest quality to a wide range of public and private organizations, while being a key-player in the EU Institutions for the past 30 years. We hold an outstanding record of 500+ organizations in 70+ countries, that have chosen our solutions and services, to fulfil their business needs. Our team of 3500+ professionals is our driving force and our most valuable asset.Job DescriptionWhat does it feel like to be a Software Engineer in Test in Netcompany-Intrasoft?Our fully inhouse Testing team consists of 180 professionals across our sites and is Gold ISTQB partner. This is a team led by Test Managers, that serves the entire Netcompany-Intrasoft organization, bringing value and benefit in all the technologies we use and offer. Our Testing team is engaged with a vast portfolio of services, technologies, solutions and methodologies.As a Software Engineer in Test you will:Understand the business logic for the system under testFamiliarize with the architecture of the system under testAnalyze the tests to be automated and identify the most appropriate test automation methodology/technologyImplement and maintain test automation scripts/frameworksParticipate in PoC for evaluation of various tools, frameworks, methodologiesParticipate in the building of a CI pipelineAutomate tests for any of the following test types (functional, performance, usability, compatibility, cross-browser, component)Analysis of test results for troubleshooting, qualitative and quantitative analysisQualificationsWhat would make you a fit for the role:Degree in Information Technology or another relevant fieldExperience in Software Testing including expertise in writing Test scripts for Functional, Regression and Performance testsExperience in various tools/frameworks such as Selenium, SoapUI, JMeterWork experience in the creation of Test Cases, Test Scripts, Test Reports and participation in Test CyclesComplete understanding of the Agile Software Development methodologiesExcellent command of the English language (written & oral)It would also be a plus if you match some of the following:Knowledge in WebServices (SOAP & RESTful), Cucumber, Serenity, TestNG, JUnit, Mockito, REST Assured API and Jira, Jira XRay, Javascript, Typescript, Microservice Architectures, Kafka, Arquillian and Spring Boot are considered a plusWork experience in Java, .Net, Groovy, SQL, XML Additional InformationBeing a part of the Netcompany-Ιntrasoft team, you will be provided with: The opportunity to work in a modern environment & in a hybrid working modelA seamless onboarding experience and a buddy to support you on your first stepsA competitive compensation & benefits packageHealth and life insurance programMeal and commuting allowanceWell-being activities (on premises)Continuous learning opportunities using the most modern methods (unlimited access to Udemy for Business, ad-hoc trainings)A personalized development plan for targeted career growthIf you are looking forward to be part of a diverse environment, and have the opportunity to work alongside well-experienced professionals, on challenging, large-scale projects that directly impact millions of citizens around the globe, then this is the place to be!By joining Netcompany-Intrasoft Athens, you will be part of a vivid team of 2000+ tech enthusiasts. When at the office you will have the chance to work at our brand-new, state-of-the-art, sustainable offices, located in 3 different spots in Athens!#LI-LF1 Our cultureOur people are the most important element of our success. Our work life is well defined by our set of fundamental Values: https://netcompany.com/careers/greece/our-values/ #BePartOfSomethingGreat!Please submit your CV in English. All applications will be treated as strictly confidential.We ensure equal opportunities, treatment, and consideration to all candidates. Discrimination based on sex, racial or ethnic origin, religion or belief, disability, age, sexual orientation or marital status, physical or mental disability, or any other factor protected by applicable laws and regulations is prohibited. As part of the Netcompany-Intrasoft culture, we respect human rights and focus on creating a positive workplace, where all employees are valued, and where diversity and inclusion are a vital part of our our everyday working experience.",,Full-time,"Athens, Greece",EL,2024-10-03,kariera.gr,174295,,"['http://data.europa.eu/esco/skill/23ac233d-84ad-4517-b0f5-8ca19ba2614e', 'http://data.europa.eu/esco/skill/3993c87c-7719-4186-811b-8ddfb40e76be', 'http://data.europa.eu/esco/skill/52cf3037-ab53-4806-85ed-7fd21ea7f6a1', 'http://data.europa.eu/esco/skill/598de5b0-5b58-4ea7-8058-a4bc4d18c742', 'http://data.europa.eu/esco/skill/6a0aab53-6246-41e8-a910-e7a13f314860', 'http://data.europa.eu/esco/skill/7557f0f4-b8bc-4ac0-b91e-222ab1ba744f', 'http://data.europa.eu/esco/skill/867137fb-ff1b-4ca3-99f3-cb6969aa2c68', 'http://data.europa.eu/esco/skill/8f6ed69b-29d0-4c01-81ba-f05920a185f3', 'http://data.europa.eu/esco/skill/c4b626c1-e71c-44ec-9f88-042766f37fcc', 'http://data.europa.eu/esco/skill/ce354460-500e-4eaa-8e95-8f243fcea3db', 'http://data.europa.eu/esco/skill/dba46f87-0831-49cd-a1c7-340a653c0221']","['http://data.europa.eu/esco/occupation/719f101d-1866-49d3-8d5c-2256f606a8b9', 'http://data.europa.eu/esco/isco/C2519']"
76056,Software Engineer in Test,"Company DescriptionWe are Netcompany-Intrasoft, a member of Netcompany Group A/S, and a leading European IT Solutions and Services company with strong international presence and expertise, dedicated to responsible digitalisation. We offer innovative and added-value solutions of the highest quality to a wide range of public and private organizations, while being a key-player in the EU Institutions for the past 30 years. We hold an outstanding record of 500+ organizations in 70+ countries, that have chosen our solutions and services, to fulfil their business needs. Our team of 3500+ professionals is our driving force and our most valuable asset.Job DescriptionWhat does it feel like to be a Software Engineer in Test in Netcompany-Intrasoft?Our fully inhouse Testing team consists of 180 professionals across our sites and is Gold ISTQB partner. This is a team led by Test Managers, that serves the entire Netcompany-Intrasoft organization, bringing value and benefit in all the technologies we use and offer. Our Testing team is engaged with a vast portfolio of services, technologies, solutions and methodologies.As a Software Engineer in Test you will:Understand the business logic for the system under testFamiliarize with the architecture of the system under testAnalyze the tests to be automated and identify the most appropriate test automation methodology/technologyImplement and maintain test automation scripts/frameworksParticipate in PoC for evaluation of various tools, frameworks, methodologiesParticipate in the building of a CI pipelineAutomate tests for any of the following test types (functional, performance, usability, compatibility, cross-browser, component)Analysis of test results for troubleshooting, qualitative and quantitative analysisQualificationsWhat would make you a fit for the role:Degree in Information Technology or another relevant fieldExperience in Software Testing including expertise in writing Test scripts for Functional, Regression and Performance testsExperience in various tools/frameworks such as Selenium, SoapUI, JMeterWork experience in the creation of Test Cases, Test Scripts, Test Reports and participation in Test CyclesComplete understanding of the Agile Software Development methodologiesExcellent command of the English language (written & oral)It would also be a plus if you match some of the following:Knowledge in WebServices (SOAP & RESTful), Cucumber, Serenity, TestNG, JUnit, Mockito, REST Assured API and Jira, Jira XRay, Javascript, Typescript, Microservice Architectures, Kafka, Arquillian and Spring Boot are considered a plusWork experience in Java, .Net, Groovy, SQL, XML Additional InformationBeing a part of the Netcompany-Ιntrasoft team, you will be provided with: The opportunity to work in a modern environment & in a hybrid working modelA seamless onboarding experience and a buddy to support you on your first stepsA competitive compensation & benefits packageHealth and life insurance programMeal allowanceWell-being activities (on premises)Continuous learning opportunities using the most modern methods (unlimited access to Udemy for Business, ad-hoc trainings)A personalized development plan for targeted career growthIf you are looking forward to be part of a diverse environment, and have the opportunity to work alongside well-experienced professionals, on challenging, large-scale projects that directly impact millions of citizens around the globe, then this is the place to be!Join Netcompany-Intrasoft Patras' branch, and be part of our 150+ tech enthusiasts team!#LI-LF1 Our cultureOur people are the most important element of our success. Our work life is well defined by our set of fundamental Values: https://netcompany.com/careers/greece/our-values/ #BePartOfSomethingGreat!Please submit your CV in English. All applications will be treated as strictly confidential.We ensure equal opportunities, treatment, and consideration to all candidates. Discrimination based on sex, racial or ethnic origin, religion or belief, disability, age, sexual orientation or marital status, physical or mental disability, or any other factor protected by applicable laws and regulations is prohibited. As part of the Netcompany-Intrasoft culture, we respect human rights and focus on creating a positive workplace, where all employees are valued, and where diversity and inclusion are a vital part of our our everyday working experience.",,Full-time,"Patra, Greece",EL,2024-10-03,kariera.gr,174298,,"['http://data.europa.eu/esco/skill/23ac233d-84ad-4517-b0f5-8ca19ba2614e', 'http://data.europa.eu/esco/skill/3993c87c-7719-4186-811b-8ddfb40e76be', 'http://data.europa.eu/esco/skill/52cf3037-ab53-4806-85ed-7fd21ea7f6a1', 'http://data.europa.eu/esco/skill/598de5b0-5b58-4ea7-8058-a4bc4d18c742', 'http://data.europa.eu/esco/skill/6a0aab53-6246-41e8-a910-e7a13f314860', 'http://data.europa.eu/esco/skill/7557f0f4-b8bc-4ac0-b91e-222ab1ba744f', 'http://data.europa.eu/esco/skill/867137fb-ff1b-4ca3-99f3-cb6969aa2c68', 'http://data.europa.eu/esco/skill/8f6ed69b-29d0-4c01-81ba-f05920a185f3', 'http://data.europa.eu/esco/skill/c4b626c1-e71c-44ec-9f88-042766f37fcc', 'http://data.europa.eu/esco/skill/ce354460-500e-4eaa-8e95-8f243fcea3db', 'http://data.europa.eu/esco/skill/dba46f87-0831-49cd-a1c7-340a653c0221']","['http://data.europa.eu/esco/occupation/719f101d-1866-49d3-8d5c-2256f606a8b9', 'http://data.europa.eu/esco/isco/C2519']"
76057,Senior Software Engineer in Test,"Company DescriptionWe are Netcompany-Intrasoft, a member of Netcompany Group A/S, and a leading European IT Solutions and Services company with strong international presence and expertise, dedicated to responsible digitalisation. We offer innovative and added-value solutions of the highest quality to a wide range of public and private organizations, while being a key-player in the EU Institutions for the past 30 years. We hold an outstanding record of 500+ organizations in 70+ countries, that have chosen our solutions and services, to fulfil their business needs. Our team of 3500+ professionals is our driving force and our most valuable asset.Job DescriptionAre you ready to discover the role of a Senior Software Engineer in Test in Netcompany-Intrasoft?Our fully inhouse Testing team consists of 180 professionals across our sites and is Gold ISTQB partner. This is a team led by Test Managers, that serves the entire Netcompany-Intrasoft organization, bringing value and benefit in all the technologies we use and offer. Our Testing team is engaged with a vast portfolio of services, technologies, solutions and methodologies.As a Senior Software Engineer in Test you will:Familiarize with the architecture of the system under testAnalyze the tests to be automated and identify the most appropriate test automation methodology/technologyImplement and maintain test automation scripts/frameworksParticipate in PoC for evaluation of various tools, frameworks, methodologiesParticipate in the building of a CI pipelineAutomate tests for any of the following test types (functional, performance, usability, compatibility, cross-browser, component)Analysis of test results for troubleshooting, qualitative and quantitative analysisDefine, engage, and commit to testing planning as part of the Release planning, providing accurate estimations and schedules of all testing activities, timelines, and milestones with appropriate toolsDevelop comprehensive test plans based on project requirements and specifications.Ensure that the several testing and validation processes are improved continuouslyOversee the execution of manual and service test cases to identify software defects and ensure product qualityReview and approval of all test artifacts (scripts, test data) and testing deliverablesQualificationsWhat would make you a fit for the role:Degree in Information Technology or another relevant fieldAt least 4 years of experience in Software Testing including expertise in writing Test scripts for Functional, Regression and Performance testsExperience in various tools/frameworks such as Selenium, SoapUI, JMeterWork experience in the creation of Test Cases, Test Scripts, Test Reports and participation in Test CyclesComplete understanding of the Agile Software Development methodologiesExcellent command of the English language (both written & oral)It would also be a plus if you match some of the following:Knowledge in WebServices (SOAP & RESTful), Cucumber, Serenity, TestNG, JUnit, Mockito, REST Assured API and Jira, Jira XRay, Javascript, Typescript, Microservice Architectures, Kafka, Arquillian and Spring Boot are considered a plusWork experience in Java, .Net, Groovy, SQL, XML ISTQB Foundation certificate in Software Testing;Test Automation knowledge through QTP.Additional InformationBeing a part of the Netcompany-Ιntrasoft team, you will be provided with: The opportunity to work in a modern environment & in a hybrid working modelA seamless onboarding experience and a buddy to support you on your first stepsA competitive compensation & benefits packageHealth and life insurance programMeal and commuting allowanceWell-being activities (on premises)Continuous learning opportunities using the most modern methods (unlimited access to Udemy for Business, ad-hoc trainings)A personalized development plan for targeted career growthIf you are looking forward to be part of a diverse environment, and have the opportunity to work alongside well-experienced professionals, on challenging, large-scale projects that directly impact millions of citizens around the globe, then this is the place to be!By joining Netcompany-Intrasoft Athens, you will be part of a vivid team of 2000+ tech enthusiasts. When at the office you will have the chance to work at our brand-new, state-of-the-art, sustainable offices, located in 3 different spots in Athens!#LI-TM1Our cultureOur people are the most important element of our success. Our work life is well defined by our set of fundamental Values: https://netcompany.com/careers/greece/our-values/ #BePartOfSomethingGreat!Please submit your CV in English. All applications will be treated as strictly confidential.We ensure equal opportunities, treatment, and consideration to all candidates. Discrimination based on sex, racial or ethnic origin, religion or belief, disability, age, sexual orientation or marital status, physical or mental disability, or any other factor protected by applicable laws and regulations is prohibited. As part of the Netcompany-Intrasoft culture, we respect human rights and focus on creating a positive workplace, where all employees are valued, and where diversity and inclusion are a vital part of our our everyday working experience.",N/A,Full-time,"Athens, Greece",EL,2025-06-15,kariera.gr,174293,,"['http://data.europa.eu/esco/skill/23ac233d-84ad-4517-b0f5-8ca19ba2614e', 'http://data.europa.eu/esco/skill/2522a6ce-3202-4ac8-9f5b-b9cb5a3a83a1', 'http://data.europa.eu/esco/skill/3993c87c-7719-4186-811b-8ddfb40e76be', 'http://data.europa.eu/esco/skill/52cf3037-ab53-4806-85ed-7fd21ea7f6a1', 'http://data.europa.eu/esco/skill/598de5b0-5b58-4ea7-8058-a4bc4d18c742', 'http://data.europa.eu/esco/skill/5d74614d-32c8-4ca4-9818-6980e52424b1', 'http://data.europa.eu/esco/skill/6a0aab53-6246-41e8-a910-e7a13f314860', 'http://data.europa.eu/esco/skill/6a322874-e32f-4cd8-9683-badce67a7f73', 'http://data.europa.eu/esco/skill/7557f0f4-b8bc-4ac0-b91e-222ab1ba744f', 'http://data.europa.eu/esco/skill/867137fb-ff1b-4ca3-99f3-cb6969aa2c68', 'http://data.europa.eu/esco/skill/8f6ed69b-29d0-4c01-81ba-f05920a185f3', 'http://data.europa.eu/esco/skill/c4b626c1-e71c-44ec-9f88-042766f37fcc', 'http://data.europa.eu/esco/skill/dba46f87-0831-49cd-a1c7-340a653c0221']","['http://data.europa.eu/esco/occupation/608edf30-fe37-4ae5-bdd1-2d3a8fd347bd', 'http://data.europa.eu/esco/occupation/719f101d-1866-49d3-8d5c-2256f606a8b9', 'http://data.europa.eu/esco/isco/C2519']"
76058,Software Engineer in Test,"Company DescriptionWe are Netcompany-Intrasoft, a member of Netcompany Group A/S, and a leading European IT Solutions and Services company with strong international presence and expertise, dedicated to responsible digitalisation. We offer innovative and added-value solutions of the highest quality to a wide range of public and private organizations, while being a key-player in the EU Institutions for the past 30 years. We hold an outstanding record of 500+ organizations in 70+ countries, that have chosen our solutions and services, to fulfil their business needs. Our team of 3500+ professionals is our driving force and our most valuable asset.Job DescriptionWhat does it feel like to be a Software Engineer in Test in Netcompany-Intrasoft?Our fully inhouse Testing team consists of 180 professionals across our sites and is Gold ISTQB partner. This is a team led by Test Managers, that serves the entire Netcompany-Intrasoft organization, bringing value and benefit in all the technologies we use and offer. Our Testing team is engaged with a vast portfolio of services, technologies, solutions and methodologies.As a Software Engineer in Test you will:Understand the business logic for the system under testFamiliarize with the architecture of the system under testAnalyze the tests to be automated and identify the most appropriate test automation methodology/technologyImplement and maintain test automation scripts/frameworksParticipate in PoC for evaluation of various tools, frameworks, methodologiesParticipate in the building of a CI pipelineAutomate tests for any of the following test types (functional, performance, usability, compatibility, cross-browser, component)Analysis of test results for troubleshooting, qualitative and quantitative analysisQualificationsWhat would make you a fit for the role:Degree in Information Technology or another relevant fieldExperience in Software Testing including expertise in writing Test scripts for Functional, Regression and Performance testsExperience in various tools/frameworks such as Selenium, SoapUI, JMeterWork experience in the creation of Test Cases, Test Scripts, Test Reports and participation in Test CyclesComplete understanding of the Agile Software Development methodologiesExcellent command of the English language (written & oral)It would also be a plus if you match some of the following:Knowledge in WebServices (SOAP & RESTful), Cucumber, Serenity, TestNG, JUnit, Mockito, REST Assured API and Jira, Jira XRay, Javascript, Typescript, Microservice Architectures, Kafka, Arquillian and Spring Boot are considered a plusWork experience in Java, .Net, Groovy, SQL, XML Additional InformationBeing a part of the Netcompany-Ιntrasoft team, you will be provided with: The opportunity to work in a modern environment & in a hybrid working modelA seamless onboarding experience and a buddy to support you on your first stepsA competitive compensation & benefits packageHealth and life insurance programMeal and commuting allowanceWell-being activities (on premises)Continuous learning opportunities using the most modern methods (unlimited access to Udemy for Business, ad-hoc trainings)A personalized development plan for targeted career growthIf you are looking forward to be part of a diverse environment, and have the opportunity to work alongside well-experienced professionals, on challenging, large-scale projects that directly impact millions of citizens around the globe, then this is the place to be!Join Netcompany-Intrasoft Thessaloniki's branch, and be part of our 250+ tech enthusiasts team!#LI-LF1 Our cultureOur people are the most important element of our success. Our work life is well defined by our set of fundamental Values: https://netcompany.com/careers/greece/our-values/ #BePartOfSomethingGreat!Please submit your CV in English. All applications will be treated as strictly confidential.We ensure equal opportunities, treatment, and consideration to all candidates. Discrimination based on sex, racial or ethnic origin, religion or belief, disability, age, sexual orientation or marital status, physical or mental disability, or any other factor protected by applicable laws and regulations is prohibited. As part of the Netcompany-Intrasoft culture, we respect human rights and focus on creating a positive workplace, where all employees are valued, and where diversity and inclusion are a vital part of our our everyday working experience.",,Full-time,"Thessaloniki, Greece",EL,2024-10-03,kariera.gr,174304,,"['http://data.europa.eu/esco/skill/23ac233d-84ad-4517-b0f5-8ca19ba2614e', 'http://data.europa.eu/esco/skill/3993c87c-7719-4186-811b-8ddfb40e76be', 'http://data.europa.eu/esco/skill/52cf3037-ab53-4806-85ed-7fd21ea7f6a1', 'http://data.europa.eu/esco/skill/598de5b0-5b58-4ea7-8058-a4bc4d18c742', 'http://data.europa.eu/esco/skill/6a0aab53-6246-41e8-a910-e7a13f314860', 'http://data.europa.eu/esco/skill/7557f0f4-b8bc-4ac0-b91e-222ab1ba744f', 'http://data.europa.eu/esco/skill/867137fb-ff1b-4ca3-99f3-cb6969aa2c68', 'http://data.europa.eu/esco/skill/8f6ed69b-29d0-4c01-81ba-f05920a185f3', 'http://data.europa.eu/esco/skill/c4b626c1-e71c-44ec-9f88-042766f37fcc', 'http://data.europa.eu/esco/skill/ce354460-500e-4eaa-8e95-8f243fcea3db', 'http://data.europa.eu/esco/skill/dba46f87-0831-49cd-a1c7-340a653c0221']","['http://data.europa.eu/esco/occupation/719f101d-1866-49d3-8d5c-2256f606a8b9', 'http://data.europa.eu/esco/isco/C2519']"
81097,"Full Stack Software Engineer, Angular","Description

Want to build great software with great people? Let's discuss and find a position that suits your interests.
INDICE is a software house based in Athens, Greece. Our team develops digital infrastructure for the enterprise and delivers large scale consumer facing applications. Our team is connected by their love of technology and held together by our common values: respect for the individual, pride in one's work and integrity towards our clients.
As a full stack software engineer at Indice you will be joining our experienced solutions development team. You get to work with the latest technologies in the Angular and .NET and open source ecosystem, delivering enterprise-grade software for leading Greek and foreign organizations that live on Azure. In your new role with INDICE, you will be tasked to work on large scale, api-based architectures that reside on premises or the cloud.
This position can be fullfilled through hybrid office/home work. We strongly suggest a 4 days in the office, 1 at home week arrangement in order to better understand the company's values, boost cooperation and morale.



Requirements


Familiarity with Angular or similar frameworks, prefferably Angular 12+ and RxJS
Good grasp of HTML5/CSS3 and CSS frameworks (Tailwind preferably),


API experience and OAuth (REST, swagger, OAuth flows) with .NET
Good grasp of Object Oriented software engineering, either in Typescript or C#
Understanding of agile scrum
experienced in Git and branching/merging strategies
experience with .NET Core is a strong plus

 
At least 2 years of prior experience in similar technologies is required for this position.



Benefits

perks include

Private health insurance plan
Sponsoring of certifications, conferences, books etc
Great workstations and paraphernalia
supportive atmosphere encouraging personal growth",Senior,Full-time,"Athens, Greece",EL,2024-10-07,kariera.gr,174852,,"['http://data.europa.eu/esco/skill/1ffac4ac-fda7-407d-8ed1-ca8f4a8dc146', 'http://data.europa.eu/esco/skill/4c016b68-4116-468c-9dc6-42710c239e4a', 'http://data.europa.eu/esco/skill/5be3d306-6cf1-4b49-aa1d-01651dd4ba4c', 'http://data.europa.eu/esco/skill/a8797f21-1af0-4c5e-98ca-bf1442929363', 'http://data.europa.eu/esco/skill/dba46f87-0831-49cd-a1c7-340a653c0221']",[]
83823,Senior Front-End Software Engineer,"Αt Relational FS we know that companies with a strong positive culture perform so much better. That is why every day we strive to create a collaborative and inclusive working environment where our people can feel empowered to succeed.
 
Relational FS has an opportunity available, to work on complex and challenging new products, to drive transformative change for our top-tier Financial Services clients. Be part of both Product and Discipline teams through our Product-Chapter Matrix and develop state-of-the-art software products in the former, and an ever-evolving engineering culture in the latter.
 
Responsibilities

Work closely with a business analysts’ team and stakeholders to design and implement the best solutions.
Follow industry’s best practices and standards.
Test and deliver high-quality software.

 
Essential Qualifications

Excellent English communication (both verbal and written).
Familiarity with Agile methodologies.
Bachelor’s degree in Computer Science or other relevant field.
Experience in building SPAs with Angular.
Experience in Typescript.
Experience in building rich responsive/adaptive web UIs with HTML5 and CSS3.
Extensive experience in consuming REST APIs and in REST principles.

 
Desired Qualifications

Experience with state management tools (e.g. NGRX, NGXS, Akita, Redux).
Familiarity with version control software tools (preferably Git).
Familiarity with CSS preprocessors (e.g. Sass, LESS).
Familiarity with CSS frameworks (e.g. primeng, tailwind).

 
 
What Does our tech stack look like?
At Relational FS, we pride ourselves on adaptability and keeping up with the latest technologies. Our current tech stack looks like this

Angular,Typescript, PrimeNG, TailWind
Figma
.NET C#
Azure DevOps CI/CD, Git
Kubernetes, Docker, Harbor

 
Why work with us?
 
Relational FS is one of Greece's leading technology software companies, with a mission to provide our clients with innovative, scalable, and secure software solutions that enhance their business performance and customer satisfaction. Through matrix organizational structure we achieve cross-functional collaboration which helps to increase efficiency, innovation, and responsiveness to changing markets. Along with that we introduced a software coaching/mentoring scheme which provides guidance, feedback, and support to software engineers or learners who want to improve their skills, knowledge, and performance.
 
You will collaborate with experienced and talented people, who will inspire you, mentor you, and help you grow. You will also have access to numerous resources, tools, and facilities that will enable you to do your best work.
 
As an equal opportunity employer, we celebrate diversity and are committed to creating an inclusive environment for all employees.
Our company is people - centric and offers personalized benefits to each employee:

We want you to be well compensated for what you bring in, so we offer an attractive salary package
Your health matters to us, so all colleagues have a private health insurance plan from day one
Developer’s fuel is coffee, and the supply source is in our kitchen!
We are excited for challenges, so you are invited to take part in exciting projects
We love the Relational vibes so we gather on smaller and bigger occasions to celebrate good times together!

Relational Financial Solutions adheres to the General Data Protection Regulation principles by applying its Privacy Policy as published in https://www.relationalfs.com/legal-information/pri.... By submitting an application to this position and by sharing your personal data with Relational Financial Solutions you acknowledge and accept its Policy and authorise Relational Financial Solutions to process your personal data for the purposes of the company's recruitment opportunities, in line to the Policy.",Senior,Full-time,"Athens, Greece",EL,2024-10-09,kariera.gr,175591,,"['http://data.europa.eu/esco/skill/07dd856d-6141-48a7-a228-918f88494812', 'http://data.europa.eu/esco/skill/08e2ff26-88ff-47b5-9d37-d19ace01b075', 'http://data.europa.eu/esco/skill/1110c92f-3059-445a-9436-0f4200d365f5', 'http://data.europa.eu/esco/skill/1ffac4ac-fda7-407d-8ed1-ca8f4a8dc146', 'http://data.europa.eu/esco/skill/2b7a79e5-84d8-4880-be66-3d9bb05bea17', 'http://data.europa.eu/esco/skill/2fb8480e-de3c-462b-b169-e8bbb344da68', 'http://data.europa.eu/esco/skill/4c016b68-4116-468c-9dc6-42710c239e4a', 'http://data.europa.eu/esco/skill/553e1d2d-abf1-4b37-8ac4-c5c78a8edbc0', 'http://data.europa.eu/esco/skill/63f224ea-d889-42ea-b3ef-730ef78c7176', 'http://data.europa.eu/esco/skill/7dfbe0f3-076f-4a19-9eaa-db4d6db704b6', 'http://data.europa.eu/esco/skill/8330c86e-63cf-4be6-849f-4f77628cc5c5', 'http://data.europa.eu/esco/skill/867137fb-ff1b-4ca3-99f3-cb6969aa2c68', 'http://data.europa.eu/esco/skill/9d2e926f-53d9-41f5-98f3-19dfaa687f3f', 'http://data.europa.eu/esco/skill/a4346013-a967-4a58-a533-6b32ad1364c5', 'http://data.europa.eu/esco/skill/be64bb4c-84ac-4c83-8cc7-fc8593e15136', 'http://data.europa.eu/esco/skill/dba46f87-0831-49cd-a1c7-340a653c0221', 'http://data.europa.eu/esco/skill/fe30a4b0-1a99-4fc7-afff-b162b8c834ba', 'http://data.europa.eu/esco/skill/c475b9cd-148b-4854-b13e-1e1a86231943']",['http://data.europa.eu/esco/occupation/3fa9a480-ceb3-4c2a-8a91-0508e1bb6ba5']
86887,Full Stack Developer - Angular & Java Spring Boot  (e-Health Sector) Thessaloniki,"About Sigmasoft S.A. 
Sigmasoft S.A. is an innovative software development company providing state-of-the-art software solutions and services for the e-Health &  e-Government Sector.
What You Will Be Doing
You will be working with our team of talented software engineers to create innovative e-Health software systems and solutions. 
Experience You Will Need to Succeed

BSc or MSc in Computer Science or equivalent
Knowledge of JavaScript or AngularJS
Knowledge of Typescript will be considered as a plus
Knowledge of relational databases will be considered as a plus.
Strong knowledge of Java
Knowledge of Spring Framework will be considered as a plus.
Knowledge of PL/SQL programming, will be considered as a plus

 Personal skills we are looking for

Excellent communication skills
Excellent analytical, problem solving and troubleshooting abilities
Solid organizational skills and focus on accuracy and attention to detail
Able to work independently or as part of a team
Detail oriented, maintaining the highest quality work standards
Enjoy working within agile/scrum-based team

What we offer

Competitive base salary
Private medical insurance coverage
Full-time long-term co-operation
Outstanding on the job training opportunities
Outstanding working environment
Outstanding career opportunities",Mid-level,Full-time,"Thessaloniki, Greece",EL,2024-10-10,kariera.gr,175858,,"['http://data.europa.eu/esco/skill/19a8293b-8e95-4de3-983f-77484079c389', 'http://data.europa.eu/esco/skill/867137fb-ff1b-4ca3-99f3-cb6969aa2c68']",[]
86893,Full Stack Developer - Angular & Java Spring Boot  (e-Health Sector) Athens,"About Sigmasoft S.A. 
Sigmasoft S.A. is an innovative software development company providing state-of-the-art software solutions and services for the e-Health &  e-Government Sector.
What You Will Be Doing
You will be working with our team of talented software engineers to create innovative e-Health software systems and solutions.
Experience You Will Need to Succeed

BSc or MSc in Computer Science or equivalent
Knowledge of JavaScript or AngularJS
Knowledge of Typescript will be considered as a plus
Knowledge of relational databases will be considered as a plus.
Strong knowledge of Java
Knowledge of Spring Framework will be considered as a plus.
Knowledge of PL/SQL programming, will be considered as a plus

 Personal skills we are looking for

Excellent communication skills
Excellent analytical, problem solving and troubleshooting abilities
Solid organizational skills and focus on accuracy and attention to detail
Able to work independently or as part of a team
Detail oriented, maintaining the highest quality work standards
Enjoy working within agile/scrum-based team

What we offer

Competitive base salary
Private medical insurance coverage
Full-time long-term co-operation
Outstanding on the job training opportunities
Outstanding working environment
Outstanding career opportunities",Mid-level,Full-time,"Athens, Greece",EL,2024-10-10,kariera.gr,175852,,"['http://data.europa.eu/esco/skill/19a8293b-8e95-4de3-983f-77484079c389', 'http://data.europa.eu/esco/skill/867137fb-ff1b-4ca3-99f3-cb6969aa2c68']",[]
92759,"Associate, User Success Engineer​","ROLE SUMMARYPfizer's Chief Digital Office (CDO) leads the transformation of Pfizer into a digital powerhouse that will generate patient superior experiences which results in better health outcomes. The Analytics Experience team, which is part of the Artificial Intelligence, Data and Advanced Analytics (AIDA) organization, is responsible for the creating a seamless experience for analytics experts to harness the potential of big data, machine learning, and interactive analytics through a unified platform across the enterprise in all Pfizer geographies.  Part of the Analytics Experience team are a group of User Success Engineers who are responsible for onboarding, enabling, and supporting self-sufficient analytical users across the Pfizer business, to ensure seamless user experience in the enterprise analytics platform. This platform will be the digital engine that brings together investments we have made into a unified experience for colleagues that take us to the next level of value creation.  It powers next generation insights by developing enterprise-grade data foundations, allowing data to flow horizontally, enabling a versatile analytics environment, and embedding insights into day-to-day work to create a digital, data-driven culture. In this role, you will be the responsible for understanding end users' needs, providing technical guidance, and ensuring their success with enterprise analytics platform. You will work closely with platform engineers, and external vendors to address customer issues, gather feedback, and drive platform adoption through improvements. Smooth onboarding, ongoing support and robust change-management is critical to success in this role. As this role require both technical expertise and customer services skills, you will have the ability to develop technical proficiency and get exposure to Pfizer stakeholders.
ROLE RESPONSIBILITIESWith supervision, you will:

Collaborate with cross functional teams and provide tailored solutions to meet stakeholders' needs.
Facilitate the onboarding and training activities to ensure successful adoption of the enterprise platform.
Partner with end-users to provide support and guidance.
Proactively identify opportunities to improve user experience and drive customer satisfaction.
Contribute and manage our knowledge base, community forums and community of practice.
Monitor and analyze customer usage data to identify trends and opportunities for optimization.
Up-skill to and maintain 'expert' status in one of our core analytical platforms.
Employ 'creative disruption' techniques to ensure continuous improvement and evolution within our methods and practices.

BASIC QUALIFICATIONS

BS in computer science, data science, or a related field.
0-2+ years of work experience.
Familiarity with database systems such as PostgreSQL or MySQL.
Experience in frontend development using JavaScript or TypeScript.
Experience with developing, testing and maintaining high-quality code using Python.
Hands-on skills in data engineering, machine learning and/or data visualization.
Experience with analytical problem solving.
Strong communication skills (written & verbal).

PREFERRED QUALIFICATIONS

1+ years of experience in the field of data and analytics.
Strong hands-on skills for data and machine learning pipeline orchestration via Dataiku, Palantir or similar platform.
Strong hands-on skills in Data Visualization platforms (e.g. Tableau, Spotfire).
Containerization and underlying infrastructure knowledge to support performance and resource optimization.
Knowledge of software development methodologies (Agile, Scrum).





Pfizer is an equal opportunity employer and complies with all applicable equal employment opportunity legislation in each jurisdiction in which it operates.
To apply please visit our website www.pfizercareers.com and search job ​​Associate, User Success Engineer​ with id 4916754.",Mid-level,Full-time,"Thessaloniki, Greece",EL,2024-10-15,kariera.gr,176487,,"['http://data.europa.eu/esco/skill/1605025e-a179-421f-8f35-5b07d182a6b2', 'http://data.europa.eu/esco/skill/38da3c60-4b7c-4698-9256-574e4ee4e93b', 'http://data.europa.eu/esco/skill/3cd569a2-4f88-4c1e-9995-8dce8c5e51a7', 'http://data.europa.eu/esco/skill/47ac9325-b072-4e37-8e40-e6ffed03e851', 'http://data.europa.eu/esco/skill/750caee5-12a0-46ba-b8aa-1e56370deaf9', 'http://data.europa.eu/esco/skill/867137fb-ff1b-4ca3-99f3-cb6969aa2c68', 'http://data.europa.eu/esco/skill/8d10ae08-3b0d-4bbb-86c5-25dd2c6858cd', 'http://data.europa.eu/esco/skill/a8d07b5a-c1a1-42c6-9d53-db9c7a2ca996', 'http://data.europa.eu/esco/skill/c3e36d05-8ae8-447f-bb2b-6f9409f85389', 'http://data.europa.eu/esco/skill/c69587b4-05d3-45bb-b79b-9b85e6603fc2', 'http://data.europa.eu/esco/skill/dba46f87-0831-49cd-a1c7-340a653c0221', 'http://data.europa.eu/esco/skill/edebd83d-35f6-4ed5-a940-6c203d178c01']","['http://data.europa.eu/esco/occupation/2079755f-d809-49e6-8037-4de6180e54c0', 'http://data.europa.eu/esco/occupation/258e46f9-0075-4a2e-adae-1ff0477e0f30', 'http://data.europa.eu/esco/occupation/35553663-deab-4d9a-bf22-15c1625d28e8', 'http://data.europa.eu/esco/occupation/7b1b5da8-573a-49bb-a38e-68725a949f4f', 'http://data.europa.eu/esco/occupation/7f0fe7d3-54c6-41e9-88ba-9d4f0f1a46b4', 'http://data.europa.eu/esco/occupation/812c217d-32b7-4f6a-9faf-993d3577ac7f', 'http://data.europa.eu/esco/occupation/8cb59bc4-1f39-477e-beea-effed12d186c', 'http://data.europa.eu/esco/occupation/b12b14fd-5b74-40c6-afd9-dd35b34e27ed', 'http://data.europa.eu/esco/isco/C42']"
100991,"Senior Associate, Software Engineering","Role Summary
Pfizer's purpose is to deliver breakthroughs that change patients' lives.In Pfizer Digital Core Solutions, we partner closely with our Pfizer business operations colleagues to efficiently deliver robust supporting technology solutions that enhance their work to achieve the Pfizer purpose. We value our team members' technical skills, but also their passion, teamwork, and growth. Our culture is focused on delivering value through courage, excellence, equity, and joy. Our collective skillset supports all aspects of technology planning, project execution and application development excellence.We are looking for Software Engineer (SE) candidates who are aligned with our culture and values, and with academic and/or work experience in software development projects that include both backend and frontend development using Java and Javascript-based technologies for multi-tiered, RDBMS-based web applications.The Software Engineer plays a key role in meeting our mission. The SE analyzes specifications, designs logic, writes code, customizes products, unit tests, debugs, and documents software applications. The SE participates in agile team events and works within the agile team framework.The SE will work closely with their manager to ensure growth over time, including the selection of project work among hundreds of applications that will expand their skillset to meet personal and organizational goals, to provide fulfilling work, and to advance their careers.
Role Responsibilities

Works within project teams as a contributor to design, prototype, implement and unit test software solutions in support of the project objectives.
Works as a senior developer on small-to-medium size software development projects, which may include accountability for the work of a small number of other junior and/or contract Software Engineers, as well as responsibility for dictating and managing coding standards, coding best practices, source code control approaches, versioning, etc.
Translates logical designs of user/system interfaces into physical designs, considering the target environment, performance requirements and existing systems.
Helps produce detailed design specifications where applicable, and documents all work using required standards, methods, and tools, including prototyping tools, where appropriate.
Conducts reviews of supplied specifications as appropriate.
Defines the integration build and produces a build definition for generation of the software.
Work in a matrix, team environment with Pfizer colleagues as well as vendor partners.
Dedicated to meeting the expectations and requirements of internal and external customers.

Qualifications
Education:

Undergraduate degree in Software Engineering, Information Management, Computer Science, Mathematics, or other scientific or engineering discipline.

Prior Experience:

Minimum of 3 years of experience as a software developer/engineer.

Required Capabilities and Experience:

Facilitation, negotiating and presentation skills.
Experience working in ambiguous situations.
Demonstrated experience and skills in analysis and problem solving.
Demonstrated ability to developing multi-tiered solutions using multiple programming languages and web technologies including Java, TypeScript (Angular), HTML, CSS, SQL, etc.
Demonstrated experience using standard requirements business analysis techniques, including brainstorming, interviewing, requirements sessions, activity diagrams and use cases desired.
Demonstrated experience and/or competencies either informally or formally contributing on various-size teams of technologists, IT professionals or project managers using Agile, Scrum, DevOps, and other approaches for iterative development.
Demonstrated ability to collaborate and work effectively in team settings, frequently in virtual teams with client partner and customer engagement responsibilities.
Demonstrated ability to understand data and integration architectures to manage, transform, and exploit data across the enterprise.
Demonstrated capability to understand security requirements, and using the frameworks and tools the organization has put in place to meet those requirements.
Excellent oral and written communication skills.

Required Aptitude:

Quick to establish trust and respect
Action oriented and energetic
Resourceful and creative
Persistent and determined
Mature and cool under pressure
Easily makes connections
Reads situations quickly
Commitment and follow through

Pfizer is an equal opportunity employer and complies with all applicable equal employment opportunity legislation in each jurisdiction in which it operates.
To apply please visit our website www.pfizercareers.com and search job Senior Associate, Software Engineer with id 4919474.",Mid-level,Full-time,"Thessaloniki, Greece",EL,2024-10-21,kariera.gr,177921,,"['http://data.europa.eu/esco/skill/0a9acb6b-1139-4be9-b431-3a80a959f2f4', 'http://data.europa.eu/esco/skill/0af062de-eb43-41e9-9b96-249e2cd22d26', 'http://data.europa.eu/esco/skill/0ee94c0a-3716-494a-95a2-dcbab9e58be2', 'http://data.europa.eu/esco/skill/113b4428-0a31-4199-8496-070af7854b91', 'http://data.europa.eu/esco/skill/19a8293b-8e95-4de3-983f-77484079c389', 'http://data.europa.eu/esco/skill/1b957e3d-0017-42b0-9bfe-49a1cdd31de7', 'http://data.europa.eu/esco/skill/1fcce318-3212-487a-ac07-4941bc85060d', 'http://data.europa.eu/esco/skill/234aeb8d-56c3-4531-9193-1c5e6a8d16cb', 'http://data.europa.eu/esco/skill/2522a6ce-3202-4ac8-9f5b-b9cb5a3a83a1', 'http://data.europa.eu/esco/skill/33d49d4f-31ec-473f-9b8a-b555aa5116bb', 'http://data.europa.eu/esco/skill/385479b7-5da5-4367-9763-0d15b41bb65b', 'http://data.europa.eu/esco/skill/4339176e-3acd-4f7f-a5d9-445bee3d23f2', 'http://data.europa.eu/esco/skill/598de5b0-5b58-4ea7-8058-a4bc4d18c742', 'http://data.europa.eu/esco/skill/5b26f08b-88bc-45f0-b901-530d7786466b', 'http://data.europa.eu/esco/skill/5dd96c59-5955-474b-8cf5-e986a5b50f1a', 'http://data.europa.eu/esco/skill/7954861c-86d4-4529-afbb-2c23dab9ac74', 'http://data.europa.eu/esco/skill/867137fb-ff1b-4ca3-99f3-cb6969aa2c68', 'http://data.europa.eu/esco/skill/a8797f21-1af0-4c5e-98ca-bf1442929363', 'http://data.europa.eu/esco/skill/d433c82e-fa7a-492e-a8fd-eee7b39e4c48', 'http://data.europa.eu/esco/skill/e76dd90d-91c4-49c0-bfd0-dfa2c4c90c81', 'http://data.europa.eu/esco/skill/ed1d8bd4-cd2a-4c64-b665-56d70651026c', 'http://data.europa.eu/esco/skill/f0de4973-0a70-4644-8fd4-3a97080476f4', 'http://data.europa.eu/esco/skill/f37d9f67-2e79-4958-8307-1ce9d6dcc8bd', 'http://data.europa.eu/esco/skill/f5308e60-d763-4ead-be95-88c96fb3e02b', 'http://data.europa.eu/esco/skill/f9b52e2d-56a7-48ca-b04d-2fc6436fcd4f', 'http://data.europa.eu/esco/skill/fd33c66c-70c4-40e6-b87c-5495bd3bf26e']","['http://data.europa.eu/esco/occupation/196a4c75-9591-436f-9677-67252df34c22', 'http://data.europa.eu/esco/occupation/72628f3a-fd49-499a-9741-870b0a1fcef2', 'http://data.europa.eu/esco/occupation/7843a4c6-a9f6-4095-94b9-45b384d4bd57', 'http://data.europa.eu/esco/occupation/836f0a96-7546-4003-9fc8-714fc79199d4', 'http://data.europa.eu/esco/occupation/8b6388a4-4904-471b-9331-d3b1211f5525', 'http://data.europa.eu/esco/occupation/cc867bee-ab5c-427f-9244-f7a204d9574b', 'http://data.europa.eu/esco/occupation/d515e82a-ca9f-4be4-9823-33694dff7304', 'http://data.europa.eu/esco/isco/C1330', 'http://data.europa.eu/esco/isco/C2519']"
1695557,"Full Stack Software Engineer, Angular","Description

Want to build great software with great people? Let's discuss and find a position that suits your interests.
INDICE is a software house based in Athens, Greece. Our team develops digital infrastructure for the enterprise and delivers large scale consumer facing applications. Our team is connected by their love of technology and held together by our common values: respect for the individual, pride in one's work and integrity towards our clients.
As a full stack software engineer at Indice you will be joining our experienced solutions development team. You get to work with the latest technologies in the Angular and .NET and open source ecosystem, delivering enterprise-grade software for leading Greek and foreign organizations that live on Azure. In your new role with INDICE, you will be tasked to work on large scale, api-based architectures that reside on premises or the cloud.
This position can be fullfilled through hybrid office/home work. We strongly suggest a 4 days in the office, 1 at home week arrangement in order to better understand the company's values, boost cooperation and morale.



Requirements


Familiarity with Angular or similar frameworks, prefferably Angular 12+ and RxJS
Good grasp of HTML5/CSS3 and CSS frameworks (Tailwind preferably),


API experience and OAuth (REST, swagger, OAuth flows) with .NET
Good grasp of Object Oriented software engineering, either in Typescript or C#
Understanding of agile scrum
experienced in Git and branching/merging strategies
experience with .NET Core is a strong plus

 
At least 2 years of prior experience in similar technologies is required for this position.



Benefits

perks include

Private health insurance plan
Sponsoring of certifications, conferences, books etc
Great workstations and paraphernalia
supportive atmosphere encouraging personal growth",Senior,Full-time,"Athens, Greece",EL,2024-11-07,kariera.gr,181409,,"['http://data.europa.eu/esco/skill/1ffac4ac-fda7-407d-8ed1-ca8f4a8dc146', 'http://data.europa.eu/esco/skill/4c016b68-4116-468c-9dc6-42710c239e4a', 'http://data.europa.eu/esco/skill/5be3d306-6cf1-4b49-aa1d-01651dd4ba4c', 'http://data.europa.eu/esco/skill/a8797f21-1af0-4c5e-98ca-bf1442929363', 'http://data.europa.eu/esco/skill/dba46f87-0831-49cd-a1c7-340a653c0221']",[]
1696110,"Angular Developers – Cyprus, Greece or Remote","Angular Developers – Cyprus, Greece or Remote 
 
The Role: 
As an Angular Developer you will join a fast-growing team of highly skilled professionals. Your focus will be to deliver high quality code in existing and new Angular client-facing applications. In addition, you will have the opportunity to share your knowledge amongst other IT professionals and evolve in your career by pushing Angular to its limits.
The main responsibilities of the position include:

Build advanced front-end applications with the Angular Framework
Follow test-driven development, continuous integration and agile methodologies
Review code from other developers
Continuously monitor and improve application reliability and optimise performance
Run unit testing and automation testing
Contribute to system design and architecture

 
Main requirements:

Degree in computer science, engineering, or any other related degree
At least 1 year of work experience in Angular 2+ and TypeScript
At least 5 years of work experience in JavaScript development
Proven experience with REST APIs
Experience with CSS/SCSS
Experience with unit tests using Jasmine and Karma
Experience with Git
Excellent understanding of algorithmic complexity, data structures, OOP Principles
Solid understanding of the full development life cycle
Very good communication and interpersonal skills
Self-motivated with a passion for professional development
Fluency in English

 
The following will be considered an advantage:

Knowledge of NestJS
Familiarity with AWS Services
Familiarity with CI/CD concepts
Work portfolio of open-source projects and technical blogs, working knowledge of Node.js

Benefit from:

Attractive remuneration package plus performance related reward  
Intellectually stimulating work environment
Food allowance
Continuous personal development and international training opportunities
Attractive relocation package and support for a smooth relocation for you and your family

Type of employment: Full-time
Location: Cyprus, Greece or Remote
Please visit our website www.xm.com/careers to submit your online application for this position.
 
All applications will be treated with strict confidentiality!",Mid-level,Full-time,"Athens, Greece",EL,2024-11-04,kariera.gr,180677,,"['http://data.europa.eu/esco/skill/519e801b-3cc4-44d4-bcf1-32fdb9a77e51', 'http://data.europa.eu/esco/skill/7557f0f4-b8bc-4ac0-b91e-222ab1ba744f', 'http://data.europa.eu/esco/skill/867137fb-ff1b-4ca3-99f3-cb6969aa2c68', 'http://data.europa.eu/esco/skill/a8d24a95-47b3-4f88-92e7-06600bcd3612', 'http://data.europa.eu/esco/skill/dba46f87-0831-49cd-a1c7-340a653c0221', 'http://data.europa.eu/esco/skill/fecf8a0d-62c4-4e71-9b03-0f4fc2ad7bf5']","['http://data.europa.eu/esco/isco/C2', 'http://data.europa.eu/esco/isco/C214']"
1710056,Senior .Net Developer,"We are looking for a Senior .NET software developer to join our expanding team of talented and passionate developers! In this role, you will be responsible for implementing projects using the latest Microsoft technology stack for the most significant projects that are currently under going in major organizations in Greece, which makes your role extremely important for our success while ensuring customer satisfaction and loyalty.
We seek a candidate with strong technical skills, as well a hands-on approach with a go-getter type of mentality. Our team works with a certain degree of autonomy; therefore, we search for a person who is self-motivated, flexible, dynamic, willing to learn and understand our business, and be helpful to the rest of the team.
Essential Duties

Understands complex database concepts as well as the implications of different database designs.
Demonstrates expert knowledge of Microsoft development stack.
Understands the benefits of the various programming languages.
Possesses significant knowledge of internet system architectures.
Creates well designed, reusable objects, avoids duplicate code.
Understands Restfull API services best practices.

Required Skills/Experience

Degree in information technology related field
Good OOP experience using C#.net (4 years +). Vb.net will be a plus
Good knowledge of Angular and/or AngularJS and typescript. Alternatively, very good knowledge on web technologies using html, CSS, Json and JavaScript.
Experience in building and consuming Rest APIs preferably using ASP.net or .net Core.
Familiarity with relational databases and queries. Preferably using MS SQL server
Familiarity with debugging and production incident investigation 
Ability to work under stressful conditions in critical enterprise systems 

What we offer to you:
We believe in happy and enjoyable working environment. So we offer:

Very good remuneration package
Private Health Insurance
Constant Training
Work from Home/Offices (Hybrid)",Mid-level,Full-time,"Marousi, Greece",EL,2024-11-11,kariera.gr,182267,,"['http://data.europa.eu/esco/skill/00e53a0a-c0ba-4c9f-a2ed-4706d5832a00', 'http://data.europa.eu/esco/skill/13bdd41a-2a18-441f-96db-41252c519413', 'http://data.europa.eu/esco/skill/2522a6ce-3202-4ac8-9f5b-b9cb5a3a83a1', 'http://data.europa.eu/esco/skill/867137fb-ff1b-4ca3-99f3-cb6969aa2c68', 'http://data.europa.eu/esco/skill/c062bab3-3ea0-4291-9220-a2d8fef4bead']",[]
1710192,Angular Front-End Software Engineer,"Αt Relational FS we know that companies with a strong positive culture perform so much better. That is why every day we strive to create a collaborative and inclusive working environment where our people can feel empowered to succeed.
 
Relational FS has an opportunity available, to work on complex and challenging new products, to drive transformative change for our top-tier Financial Services clients. Be part of both Product and Discipline teams through our Product-Chapter Matrix and develop state-of-the-art software products in the former, and an ever-evolving engineering culture in the latter.
 
Responsibilities

Work closely with a business analysts’ team and stakeholders to design and implement the best solutions.
Follow industry’s best practices and standards.
Test and deliver high-quality software.

 
Essential Qualifications

Excellent English communication (both verbal and written).
Familiarity with Agile methodologies.
Bachelor’s degree in Computer Science or other relevant field.
Experience in building SPAs with Angular.
Experience in Typescript.
Experience in building rich responsive/adaptive web UIs with HTML5 and CSS3.
Extensive experience in consuming REST APIs and in REST principles.

 
Desired Qualifications

Experience with state management tools (e.g. NGRX, NGXS, Akita, Redux).
Familiarity with version control software tools (preferably Git).
Familiarity with CSS preprocessors (e.g. Sass, LESS).
Familiarity with CSS frameworks (e.g. primeng, tailwind).

 
 
What Does our tech stack look like?
At Relational FS, we pride ourselves on adaptability and keeping up with the latest technologies. Our current tech stack looks like this

Angular,Typescript, PrimeNG, TailWind
Figma
.NET C#
Azure DevOps CI/CD, Git
Kubernetes, Docker, Harbor

 
Why work with us?
 
Relational FS is one of Greece's leading technology software companies, with a mission to provide our clients with innovative, scalable, and secure software solutions that enhance their business performance and customer satisfaction. Through matrix organizational structure we achieve cross-functional collaboration which helps to increase efficiency, innovation, and responsiveness to changing markets. Along with that we introduced a software coaching/mentoring scheme which provides guidance, feedback, and support to software engineers or learners who want to improve their skills, knowledge, and performance.
 
You will collaborate with experienced and talented people, who will inspire you, mentor you, and help you grow. You will also have access to numerous resources, tools, and facilities that will enable you to do your best work.
 
As an equal opportunity employer, we celebrate diversity and are committed to creating an inclusive environment for all employees.
Our company is people - centric and offers personalized benefits to each employee:

We want you to be well compensated for what you bring in, so we offer an attractive salary package
Your health matters to us, so all colleagues have a private health insurance plan from day one
Developer’s fuel is coffee, and the supply source is in our kitchen!
We are excited for challenges, so you are invited to take part in exciting projects
We love the Relational vibes so we gather on smaller and bigger occasions to celebrate good times together!

Relational Financial Solutions adheres to the General Data Protection Regulation principles by applying its Privacy Policy as published in https://www.relationalfs.com/legal-information/pri.... By submitting an application to this position and by sharing your personal data with Relational Financial Solutions you acknowledge and accept its Policy and authorise Relational Financial Solutions to process your personal data for the purposes of the company's recruitment opportunities, in line to the Policy.",Senior,Full-time,"Athens, Greece",EL,2024-11-11,kariera.gr,182122,,"['http://data.europa.eu/esco/skill/08e2ff26-88ff-47b5-9d37-d19ace01b075', 'http://data.europa.eu/esco/skill/1110c92f-3059-445a-9436-0f4200d365f5', 'http://data.europa.eu/esco/skill/1ffac4ac-fda7-407d-8ed1-ca8f4a8dc146', 'http://data.europa.eu/esco/skill/2fb8480e-de3c-462b-b169-e8bbb344da68', 'http://data.europa.eu/esco/skill/4c016b68-4116-468c-9dc6-42710c239e4a', 'http://data.europa.eu/esco/skill/553e1d2d-abf1-4b37-8ac4-c5c78a8edbc0', 'http://data.europa.eu/esco/skill/63f224ea-d889-42ea-b3ef-730ef78c7176', 'http://data.europa.eu/esco/skill/7dfbe0f3-076f-4a19-9eaa-db4d6db704b6', 'http://data.europa.eu/esco/skill/8330c86e-63cf-4be6-849f-4f77628cc5c5', 'http://data.europa.eu/esco/skill/867137fb-ff1b-4ca3-99f3-cb6969aa2c68', 'http://data.europa.eu/esco/skill/9d2e926f-53d9-41f5-98f3-19dfaa687f3f', 'http://data.europa.eu/esco/skill/a4346013-a967-4a58-a533-6b32ad1364c5', 'http://data.europa.eu/esco/skill/c475b9cd-148b-4854-b13e-1e1a86231943', 'http://data.europa.eu/esco/skill/dba46f87-0831-49cd-a1c7-340a653c0221']",[]
1720165,Full Stack Developer - Angular & Java Spring Boot  (e-Health Sector) Thessaloniki,"About Sigmasoft S.A. 
Sigmasoft S.A. is an innovative software development company providing state-of-the-art software solutions and services for the e-Health &  e-Government Sector.
What You Will Be Doing
You will be working with our team of talented software engineers to create innovative e-Health software systems and solutions. 
Experience You Will Need to Succeed

BSc or MSc in Computer Science or equivalent
Knowledge of JavaScript or AngularJS
Knowledge of Typescript will be considered as a plus
Knowledge of relational databases will be considered as a plus.
Strong knowledge of Java
Knowledge of Spring Framework will be considered as a plus.
Knowledge of PL/SQL programming, will be considered as a plus

 Personal skills we are looking for

Excellent communication skills
Excellent analytical, problem solving and troubleshooting abilities
Solid organizational skills and focus on accuracy and attention to detail
Able to work independently or as part of a team
Detail oriented, maintaining the highest quality work standards
Enjoy working within agile/scrum-based team

What we offer

Competitive base salary
Private medical insurance coverage
Full-time long-term co-operation
Outstanding on the job training opportunities
Outstanding working environment
Outstanding career opportunities",Mid-level,Full-time,"Thessaloniki, Greece",EL,2024-11-12,kariera.gr,182424,,"['http://data.europa.eu/esco/skill/19a8293b-8e95-4de3-983f-77484079c389', 'http://data.europa.eu/esco/skill/867137fb-ff1b-4ca3-99f3-cb6969aa2c68']",[]
1720166,Full Stack Developer - Angular & Java Spring Boot  (e-Health Sector) Athens,"About Sigmasoft S.A. 
Sigmasoft S.A. is an innovative software development company providing state-of-the-art software solutions and services for the e-Health &  e-Government Sector.
What You Will Be Doing
You will be working with our team of talented software engineers to create innovative e-Health software systems and solutions.
Experience You Will Need to Succeed

BSc or MSc in Computer Science or equivalent
Knowledge of JavaScript or AngularJS
Knowledge of Typescript will be considered as a plus
Knowledge of relational databases will be considered as a plus.
Strong knowledge of Java
Knowledge of Spring Framework will be considered as a plus.
Knowledge of PL/SQL programming, will be considered as a plus

 Personal skills we are looking for

Excellent communication skills
Excellent analytical, problem solving and troubleshooting abilities
Solid organizational skills and focus on accuracy and attention to detail
Able to work independently or as part of a team
Detail oriented, maintaining the highest quality work standards
Enjoy working within agile/scrum-based team

What we offer

Competitive base salary
Private medical insurance coverage
Full-time long-term co-operation
Outstanding on the job training opportunities
Outstanding working environment
Outstanding career opportunities",Mid-level,Full-time,"Athens, Greece",EL,2024-11-12,kariera.gr,182426,,"['http://data.europa.eu/esco/skill/19a8293b-8e95-4de3-983f-77484079c389', 'http://data.europa.eu/esco/skill/867137fb-ff1b-4ca3-99f3-cb6969aa2c68']",[]
1726396,Application Team Leader,"What you will need to do:

Lead and manage a team of application developers, providing guidance and support to ensure high-quality outputs
Collaborate with cross-functional teams, including project management, product owners, and other stakeholders, to align technology solutions with business objectives
Oversee the development, deployment, and maintenance of business applications
Establish coding standards, processes, and best practices within the team
Ensure that all projects are completed on time, within scope and budget
Perform regular performance evaluations and identify areas for skill development within the team
Handle resource planning, allocation, and capacity management
Stay updated on the latest industry trends and integrate new technologies when appropriate
Occasional traveling to project sites, if needed

What you will need to have:

BSc degree in Computer Science, Software Engineering, or a related field
Five (5) years of experience in software development using frameworks and technologies such as PHP, MS SQL, TypeScript, jQuery, Laravel, and React
Proven experience in leading and mentoring a team of developers
Strong understanding of application architecture, software development lifecycle (SDLC), and project management
Fluency in English

You are someone who:

Is confident of your abilities and you like to present new problem-solving ideas
Can work with minimum supervision and you are eager to develop and get exposed to new things every day!
Can prioritize and execute tasks in a high-pressure environment
Is a true team member
Enjoys challenge, working with different cultures and travelling!
Is resourceful and ownership taker
Pays extreme attention to detail

What's in it for you: 
Competitive salary and benefits are part of the offering, yet the real joy comes from being a member of smart and passionate teams, within an international leading EPC Group on a mission that matters. We create mega construction projects - literally around the globe - with meaningful impact on the local communities for the years to come. At Archirodon, you will find a proud, productive and human-centric culture, caring for and building on our people and their development!
Please note that you will be contacted only in case you are shortlisted for an interview. In the meantime, do not hesitate to stay in touch and keep monitoring our open vacancies and our LinkedIn page!  Rest assured that your application will be treated with strict confidentiality and under all applicable data privacy regulations",Senior,Full-time,"Kropia, Greece",EL,2024-11-19,kariera.gr,184161,,"['http://data.europa.eu/esco/skill/07e51c60-763a-4335-b4ec-70a15f66d328', 'http://data.europa.eu/esco/skill/09f2f811-a3fb-4de3-a70f-6420a6935575', 'http://data.europa.eu/esco/skill/1de3942b-99d8-41e8-9ef0-fbc9e9f6307b', 'http://data.europa.eu/esco/skill/2b69525c-731c-4813-99a7-673fa5679d32', 'http://data.europa.eu/esco/skill/477173ca-5fc2-406b-9122-95d92811f284', 'http://data.europa.eu/esco/skill/598de5b0-5b58-4ea7-8058-a4bc4d18c742', 'http://data.europa.eu/esco/skill/8327754d-3990-4056-b07e-4faa49cfcd26', 'http://data.europa.eu/esco/skill/83b33952-3872-46ec-9a2e-b28f91303a7e', 'http://data.europa.eu/esco/skill/867137fb-ff1b-4ca3-99f3-cb6969aa2c68', 'http://data.europa.eu/esco/skill/a4346013-a967-4a58-a533-6b32ad1364c5', 'http://data.europa.eu/esco/skill/ac802765-4098-4466-ac1e-4791f192c667', 'http://data.europa.eu/esco/skill/cd5efa8c-e44d-4cbc-91c6-796018dbed68']","['http://data.europa.eu/esco/occupation/4543bf7b-8ffb-4ade-88b9-58da34366f04', 'http://data.europa.eu/esco/occupation/57af9090-55b4-4911-b2d0-86db01c00b02', 'http://data.europa.eu/esco/occupation/7843a4c6-a9f6-4095-94b9-45b384d4bd57', 'http://data.europa.eu/esco/occupation/bea99fea-0383-4c63-b944-70d4799de2c5']"
1726398,Software Developer,"What you will need to do:

Design, develop, and maintain high-quality web applications using TypeScript, Node.js, and React
Participate in all stages of the software development lifecycle, from planning and design to testing, deployment, and ongoing maintenance
Debug and troubleshoot complex issues across the full-stack environment
Develop business process management forms with ProcessMaker software
Collaborate with the product, design, and engineering teams to implement robust, scalable software solutions
Write clean, efficient, and well-documented code that adheres to best practices and coding standards
Participate in code reviews, providing constructive feedback to peers
Perform task management and CI/CD using Azure DevOps
Stay current with industry trends and emerging technologies to improve the development process and maintain a high standard of code quality

What you will need to have:

BSc degree in Computer Science, Software Engineering, or related field
Two (2) – Four (4) years of experience in a software development, especially TypeScript, Node.js, and React
Good knowledge of relational databases, especially MS SQL Server
Interest in cloud technologies, especially Azure
Fluency in English

What it is nice to have:

Previous experience in ERP development
Experience in PHP and Laravel

You are someone who:

Is confident of your abilities and you like to present new problem-solving ideas
Can work with minimum supervision and you are eager to develop and get exposed to new things every day!
Can prioritize and execute tasks in a high-pressure environment
Is a true team member
Enjoys challenge, working with different cultures and travelling!
Is resourceful and ownership taker
Pays extreme attention to detail

What’s in it for you:
Competitive salary and benefits are part of the offering, yet the real joy comes from being a member of smart and passionate teams, within an international leading EPC Group on a mission that matters. We create mega construction projects - literally around the globe - with meaningful impact on the local communities for the years to come. At Archirodon, you will find a proud, productive and human-centric culture, caring for and building on our people and their development!
Please note that you will be contacted only in case you are shortlisted for an interview. In the meantime, do not hesitate to stay in touch and keep monitoring our open vacancies and our LinkedIn page!  Rest assured that your application will be treated with strict confidentiality and under all applicable data privacy regulations.",Entry / Junior,Full-time,"Kropia, Greece",EL,2024-11-19,kariera.gr,184158,,"['http://data.europa.eu/esco/skill/09f2f811-a3fb-4de3-a70f-6420a6935575', 'http://data.europa.eu/esco/skill/867137fb-ff1b-4ca3-99f3-cb6969aa2c68', 'http://data.europa.eu/esco/skill/9e84a506-df06-4be3-874a-fa01293e3dd5', 'http://data.europa.eu/esco/skill/a4346013-a967-4a58-a533-6b32ad1364c5', 'http://data.europa.eu/esco/skill/c062bab3-3ea0-4291-9220-a2d8fef4bead', 'http://data.europa.eu/esco/skill/dbc538a0-7d1d-4394-b2f6-8fae44a55d86']","['http://data.europa.eu/esco/occupation/57af9090-55b4-4911-b2d0-86db01c00b02', 'http://data.europa.eu/esco/occupation/6a29d804-f775-446c-bec7-35fc4e28ac97', 'http://data.europa.eu/esco/occupation/7843a4c6-a9f6-4095-94b9-45b384d4bd57', 'http://data.europa.eu/esco/occupation/f2b15a0e-e65a-438a-affb-29b9d50b77d1']"
1742323,Full Stack Developer,"We are seeking a Cloud and Web Application Engineer responsible for developing web and application user interfaces, including visualizing Furuno device information. This role involves supporting web applications at the Edge and in the Cloud, as well as ensuring seamless interoperability between front-end and back-end environments.
Key Responsibilities:

Develop intuitive and efficient user interfaces for web applications
Visualize device information and data from Furuno products
Support and maintain web applications in both Edge and Cloud environments
Ensure interoperability between front-end and back-end components
Create APIs to unify various application data on a single platform.
Collaborate with the R&D Team Leader to develop web interfaces for users and admins across different applications.

Requirements:

Proficient in HTML, CSS, JavaScript, and TypeScript
Strong experience with the Angular framework
Familiarity with CI/CD processes and the software development lifecycle
Experience with design tools such as Figma and Inkscape
Proficiency in AWS services, including DynamoDB, S3, Lambda functions, and API Gateway
Experience with API testing tools like Postman
Skilled in Python and SQL
Familiar with Jira Software for project tracking

What we offer:Join our dynamic R&D team where innovation thrives, and your ideas fuel the future. We provide a collaborative and cutting-edge environment that encourages exploration, experimentation, and continuous growth. Be part of an international group of visionaries driven to redefine possibilities and create groundbreaking solutions.",Mid-level,Full-time,"Glyfada, Greece",EL,2024-11-22,kariera.gr,185231,,"['http://data.europa.eu/esco/skill/09f2f811-a3fb-4de3-a70f-6420a6935575', 'http://data.europa.eu/esco/skill/3d957fb2-b8f4-4b4c-b955-23299c761ad5', 'http://data.europa.eu/esco/skill/598de5b0-5b58-4ea7-8058-a4bc4d18c742', 'http://data.europa.eu/esco/skill/5c66ce3a-658d-43b1-9d8d-0f39be6c0f2e', 'http://data.europa.eu/esco/skill/867137fb-ff1b-4ca3-99f3-cb6969aa2c68', 'http://data.europa.eu/esco/skill/fd33c66c-70c4-40e6-b87c-5495bd3bf26e']","['http://data.europa.eu/esco/occupation/781a6350-e686-45b9-b075-e4c8d5a05ff7', 'http://data.europa.eu/esco/occupation/96e20037-0a25-4bf6-a25e-808d1605d890', 'http://data.europa.eu/esco/occupation/c40a2919-48a9-40ea-b506-1f34f693496d']"
1742855,"Senior Associate, Software Engineer","Role Summary
Pfizer's purpose is to deliver breakthroughs that change patients' lives.In Pfizer Digital Core Solutions, we partner closely with our Pfizer business operations colleagues to efficiently deliver robust supporting technology solutions that enhance their work to achieve the Pfizer purpose. We value our team members' technical skills, but also their passion, teamwork, and growth. Our culture is focused on delivering value through courage, excellence, equity, and joy. Our collective skillset supports all aspects of technology planning, project execution and application development excellence.We are looking for Software Engineer (SE) candidates who are aligned with our culture and values, and with academic and/or work experience in software development projects that include both backend and frontend development using Java and Javascript-based technologies for multi-tiered, RDBMS-based web applications.The Software Engineer plays a key role in meeting our mission. The SE analyzes specifications, designs logic, writes code, customizes products, unit tests, debugs, and documents software applications. The SE participates in agile team events and works within the agile team framework.The SE will work closely with their manager to ensure growth over time, including the selection of project work among hundreds of applications that will expand their skillset to meet personal and organizational goals, to provide fulfilling work, and to advance their careers.
Role Responsibilities

Works within project teams as a contributor to design, prototype, implement and unit test software solutions in support of the project objectives.
Works as a senior developer on small-to-medium size software development projects, which may include accountability for the work of a small number of other junior and/or contract Software Engineers, as well as responsibility for dictating and managing coding standards, coding best practices, source code control approaches, versioning, etc.
Translates logical designs of user/system interfaces into physical designs, considering the target environment, performance requirements and existing systems.
Helps produce detailed design specifications where applicable, and documents all work using required standards, methods, and tools, including prototyping tools, where appropriate.
Conducts reviews of supplied specifications as appropriate.
Defines the integration build and produces a build definition for generation of the software.
Work in a matrix, team environment with Pfizer colleagues as well as vendor partners.
Dedicated to meeting the expectations and requirements of internal and external customers.





Qualifications
Education:

Undergraduate degree in Software Engineering, Information Management, Computer Science, Mathematics, or other scientific or engineering discipline.

Prior Experience:

Minimum of 3 years of experience as a software developer/engineer.

Required Capabilities and Experience:

Facilitation, negotiating and presentation skills.
Experience working in ambiguous situations.
Demonstrated experience and skills in analysis and problem solving.
Demonstrated ability to developing multi-tiered solutions using multiple programming languages and web technologies including Java, TypeScript (Angular), HTML, CSS, SQL, etc.
Demonstrated experience using standard requirements business analysis techniques, including brainstorming, interviewing, requirements sessions, activity diagrams and use cases desired.
Demonstrated experience and/or competencies either informally or formally contributing on various-size teams of technologists, IT professionals or project managers using Agile, Scrum, DevOps, and other approaches for iterative development.
Demonstrated ability to collaborate and work effectively in team settings, frequently in virtual teams with client partner and customer engagement responsibilities.
Demonstrated ability to understand data and integration architectures to manage, transform, and exploit data across the enterprise.
Demonstrated capability to understand security requirements, and using the frameworks and tools the organization has put in place to meet those requirements.
Excellent oral and written communication skills.

Required Aptitude:

Quick to establish trust and respect
Action oriented and energetic
Resourceful and creative
Persistent and determined
Mature and cool under pressure
Easily makes connections
Reads situations quickly
Commitment and follow through

Pfizer is an equal opportunity employer and complies with all applicable equal employment opportunity legislation in each jurisdiction in which it operates.
To apply please visit our website www.pfizercareers.com and search job Senior Associate, Software Engineer with id 4919474.",Mid-level,Full-time,"Thessaloniki, Greece",EL,2024-11-21,kariera.gr,184548,,"['http://data.europa.eu/esco/skill/0a9acb6b-1139-4be9-b431-3a80a959f2f4', 'http://data.europa.eu/esco/skill/0af062de-eb43-41e9-9b96-249e2cd22d26', 'http://data.europa.eu/esco/skill/0ee94c0a-3716-494a-95a2-dcbab9e58be2', 'http://data.europa.eu/esco/skill/113b4428-0a31-4199-8496-070af7854b91', 'http://data.europa.eu/esco/skill/19a8293b-8e95-4de3-983f-77484079c389', 'http://data.europa.eu/esco/skill/1b957e3d-0017-42b0-9bfe-49a1cdd31de7', 'http://data.europa.eu/esco/skill/1fcce318-3212-487a-ac07-4941bc85060d', 'http://data.europa.eu/esco/skill/234aeb8d-56c3-4531-9193-1c5e6a8d16cb', 'http://data.europa.eu/esco/skill/2522a6ce-3202-4ac8-9f5b-b9cb5a3a83a1', 'http://data.europa.eu/esco/skill/33d49d4f-31ec-473f-9b8a-b555aa5116bb', 'http://data.europa.eu/esco/skill/385479b7-5da5-4367-9763-0d15b41bb65b', 'http://data.europa.eu/esco/skill/4339176e-3acd-4f7f-a5d9-445bee3d23f2', 'http://data.europa.eu/esco/skill/598de5b0-5b58-4ea7-8058-a4bc4d18c742', 'http://data.europa.eu/esco/skill/5b26f08b-88bc-45f0-b901-530d7786466b', 'http://data.europa.eu/esco/skill/5dd96c59-5955-474b-8cf5-e986a5b50f1a', 'http://data.europa.eu/esco/skill/7954861c-86d4-4529-afbb-2c23dab9ac74', 'http://data.europa.eu/esco/skill/867137fb-ff1b-4ca3-99f3-cb6969aa2c68', 'http://data.europa.eu/esco/skill/a8797f21-1af0-4c5e-98ca-bf1442929363', 'http://data.europa.eu/esco/skill/d433c82e-fa7a-492e-a8fd-eee7b39e4c48', 'http://data.europa.eu/esco/skill/e76dd90d-91c4-49c0-bfd0-dfa2c4c90c81', 'http://data.europa.eu/esco/skill/ed1d8bd4-cd2a-4c64-b665-56d70651026c', 'http://data.europa.eu/esco/skill/f0de4973-0a70-4644-8fd4-3a97080476f4', 'http://data.europa.eu/esco/skill/f37d9f67-2e79-4958-8307-1ce9d6dcc8bd', 'http://data.europa.eu/esco/skill/f5308e60-d763-4ead-be95-88c96fb3e02b', 'http://data.europa.eu/esco/skill/f9b52e2d-56a7-48ca-b04d-2fc6436fcd4f', 'http://data.europa.eu/esco/skill/fd33c66c-70c4-40e6-b87c-5495bd3bf26e']","['http://data.europa.eu/esco/occupation/196a4c75-9591-436f-9677-67252df34c22', 'http://data.europa.eu/esco/occupation/72628f3a-fd49-499a-9741-870b0a1fcef2', 'http://data.europa.eu/esco/occupation/7843a4c6-a9f6-4095-94b9-45b384d4bd57', 'http://data.europa.eu/esco/occupation/836f0a96-7546-4003-9fc8-714fc79199d4', 'http://data.europa.eu/esco/occupation/8b6388a4-4904-471b-9331-d3b1211f5525', 'http://data.europa.eu/esco/occupation/cc867bee-ab5c-427f-9244-f7a204d9574b', 'http://data.europa.eu/esco/occupation/d515e82a-ca9f-4be4-9823-33694dff7304', 'http://data.europa.eu/esco/isco/C1330', 'http://data.europa.eu/esco/isco/C2519']"
1766149,Back-End Software Engineer,"I4 Energy, an innovative spin-off from MAS Europe, is redefining energy management with cutting-edge solutions for smart grids, virtual power plants, and SCADA systems. We’re looking for a talented Back-End Software Engineer to join our multidisciplinary team and help build the future of IIoT platforms and industrial automation. Your Role As a Back-End Software Engineer, you’ll collaborate closely with product managers, engineers, and operations to design and maintain scalable, high-performance solutions. Your key responsibilities include: Developing and supporting web services (RESTful APIs). Creating microservices for streaming, processing, and broadcasting time-series data. Driving system improvements for reliability, scalability, and performance. Designing and maintaining custom drivers for industrial communication protocols. Preparing and maintaining comprehensive technical documentation. Requirements BSc in Computer Science or a related field  Strong skills in server-side programming (e.g., TypeScript with Node.js/Deno, Java).  Proven experience with NoSQL and RDBMS databases (Elastic, MongoDB, MySQL).  Proficiency with message brokers (Kafka, MQTT) and event-driven architectures.  Development Process: Experience with Git, CI/CD pipelines, and microservices orchestration.  Problem-solving, debugging, teamwork, and excellent English communication.  Nice to have Knowledge of industrial protocols (e.g., OPC/UA, Modbus TCP/RTU, BACnet). Familiarity with Node-RED, PLC logic, sensors, and SCADA systems. Understanding of IIoT concepts and networking.BenefitsCompetitive remuneration package. Private health care insurance. Opportunity for business development. Stable, long-term cooperation. Hybrid work model Parking Facilities",Mid-level,Full-time,"Athens, Greece",EL,2024-12-05,kariera.gr,188210,,"['http://data.europa.eu/esco/skill/2522a6ce-3202-4ac8-9f5b-b9cb5a3a83a1', 'http://data.europa.eu/esco/skill/2636b3d3-843e-46a9-8b4c-a9d6ca3f5a2d', 'http://data.europa.eu/esco/skill/6468e5fb-f3be-4025-87be-4b6556755c61', 'http://data.europa.eu/esco/skill/76ef6ed3-1658-4a1a-9593-204d799c6d0c', 'http://data.europa.eu/esco/skill/79a5bc25-5b59-47bc-a4c2-fb8e8cb1ddf6', 'http://data.europa.eu/esco/skill/867137fb-ff1b-4ca3-99f3-cb6969aa2c68', 'http://data.europa.eu/esco/skill/a4bbd0d9-a6be-4472-b05d-291e60cf6b4b', 'http://data.europa.eu/esco/skill/ddce2912-bc0f-4a47-aa2b-c1de48bc4b44', 'http://data.europa.eu/esco/skill/f4a6e9f7-5cff-46c0-894c-59c20bb78694', 'http://data.europa.eu/esco/skill/fc4fcb4b-993f-4f2c-b158-c2171ec18ed8']","['http://data.europa.eu/esco/occupation/5001506f-dd7d-4801-92ac-6f7e93b45133', 'http://data.europa.eu/esco/occupation/874a2080-a9b6-46a9-8662-c9b7d4208f73', 'http://data.europa.eu/esco/occupation/b76178c0-a03a-4793-b079-1e61e636c521', 'http://data.europa.eu/esco/isco/C214']"
1783242,Angular Front-End Software Engineer,"Αt Relational FS we know that companies with a strong positive culture perform so much better. That is why every day we strive to create a collaborative and inclusive working environment where our people can feel empowered to succeed.
 
Relational FS has an opportunity available, to work on complex and challenging new products, to drive transformative change for our top-tier Financial Services clients. Be part of both Product and Discipline teams through our Product-Chapter Matrix and develop state-of-the-art software products in the former, and an ever-evolving engineering culture in the latter.
 
Responsibilities

Work closely with a business analysts’ team and stakeholders to design and implement the best solutions.
Follow industry’s best practices and standards.
Test and deliver high-quality software.

 
Essential Qualifications

Excellent English communication (both verbal and written).
Familiarity with Agile methodologies.
Bachelor’s degree in Computer Science or other relevant field.
Experience in building SPAs with Angular.
Experience in Typescript.
Experience in building rich responsive/adaptive web UIs with HTML5 and CSS3.
Extensive experience in consuming REST APIs and in REST principles.

 
Desired Qualifications

Experience with state management tools (e.g. NGRX, NGXS, Akita, Redux).
Familiarity with version control software tools (preferably Git).
Familiarity with CSS preprocessors (e.g. Sass, LESS).
Familiarity with CSS frameworks (e.g. primeng, tailwind).

 
 
What Does our tech stack look like?
At Relational FS, we pride ourselves on adaptability and keeping up with the latest technologies. Our current tech stack looks like this

Angular,Typescript, PrimeNG, TailWind
Figma
.NET C#
Azure DevOps CI/CD, Git
Kubernetes, Docker, Harbor

 
Why work with us?
 
Relational FS is one of Greece's leading technology software companies, with a mission to provide our clients with innovative, scalable, and secure software solutions that enhance their business performance and customer satisfaction. Through matrix organizational structure we achieve cross-functional collaboration which helps to increase efficiency, innovation, and responsiveness to changing markets. Along with that we introduced a software coaching/mentoring scheme which provides guidance, feedback, and support to software engineers or learners who want to improve their skills, knowledge, and performance.
 
You will collaborate with experienced and talented people, who will inspire you, mentor you, and help you grow. You will also have access to numerous resources, tools, and facilities that will enable you to do your best work.
 
As an equal opportunity employer, we celebrate diversity and are committed to creating an inclusive environment for all employees.
Our company is people - centric and offers personalized benefits to each employee:

We want you to be well compensated for what you bring in, so we offer an attractive salary package
Your health matters to us, so all colleagues have a private health insurance plan from day one
Developer’s fuel is coffee, and the supply source is in our kitchen!
We are excited for challenges, so you are invited to take part in exciting projects
We love the Relational vibes so we gather on smaller and bigger occasions to celebrate good times together!

Relational Financial Solutions adheres to the General Data Protection Regulation principles by applying its Privacy Policy as published in https://www.relationalfs.com/legal-information/pri.... By submitting an application to this position and by sharing your personal data with Relational Financial Solutions you acknowledge and accept its Policy and authorise Relational Financial Solutions to process your personal data for the purposes of the company's recruitment opportunities, in line to the Policy.",Senior,Full-time,"Athens, Greece",EL,2024-12-12,kariera.gr,189823,,"['http://data.europa.eu/esco/skill/08e2ff26-88ff-47b5-9d37-d19ace01b075', 'http://data.europa.eu/esco/skill/1110c92f-3059-445a-9436-0f4200d365f5', 'http://data.europa.eu/esco/skill/1ffac4ac-fda7-407d-8ed1-ca8f4a8dc146', 'http://data.europa.eu/esco/skill/2fb8480e-de3c-462b-b169-e8bbb344da68', 'http://data.europa.eu/esco/skill/4c016b68-4116-468c-9dc6-42710c239e4a', 'http://data.europa.eu/esco/skill/553e1d2d-abf1-4b37-8ac4-c5c78a8edbc0', 'http://data.europa.eu/esco/skill/63f224ea-d889-42ea-b3ef-730ef78c7176', 'http://data.europa.eu/esco/skill/7dfbe0f3-076f-4a19-9eaa-db4d6db704b6', 'http://data.europa.eu/esco/skill/8330c86e-63cf-4be6-849f-4f77628cc5c5', 'http://data.europa.eu/esco/skill/867137fb-ff1b-4ca3-99f3-cb6969aa2c68', 'http://data.europa.eu/esco/skill/9d2e926f-53d9-41f5-98f3-19dfaa687f3f', 'http://data.europa.eu/esco/skill/a4346013-a967-4a58-a533-6b32ad1364c5', 'http://data.europa.eu/esco/skill/c475b9cd-148b-4854-b13e-1e1a86231943', 'http://data.europa.eu/esco/skill/dba46f87-0831-49cd-a1c7-340a653c0221']",[]
1827191,Application Architect,"Company DescriptionWe are Netcompany-Intrasoft, a member of Netcompany Group A/S, and a leading European IT Solutions and Services company with strong international presence and expertise, dedicated to responsible digitalisation. We offer innovative and added-value solutions of the highest quality to a wide range of public and private organizations, while being a key-player in the EU Institutions for the past 30 years. We hold an outstanding record of 500+ organizations in 70+ countries, that have chosen our solutions and services, to fulfil their business needs. Our team of 3500+ professionals is our driving force and our most valuable asset.Job DescriptionWhat does it feel like to be an Application Architect in Netcompany-Intrasoft?As an Application Architect, you will be part of high performing and cross-functional team responsible for the design and maintenance of effective technical solutions. The role includes designing of applications and products for our clients, architecture comprising several components using the latest tools, technologies and frameworks. You will be working with existing and future clients to understand their challenges, explore and propose effective solutions and develop long-term trusted relationships. As a Application Architect you will:Design major aspects of the architecture of an application, including components such as user interface, middleware and infrastructure.Provide technical leadership to the application development team .Perform design and code reviews.Ensure that uniform enterprise-wide application design standards are maintained.Provide technical guidance and coaching to developers and engineers.Provide input in the development of schedules and test plans, preparation of documentation based on analyst reports and defining key project milestones.Evaluate potential risk in projects.Collaborate with other stakeholders to ensure the architecture is aligned with business requirements.QualificationsWhat would make you a fit for the role:University degree in Computer Science or a related field, with a minimum of 9 years of experience in the ICT sector.At least 3 years in IT architecture and solution/software design (application, data, infrastructure, network layers).Expertise in the full development lifecycle of complex, large-scale, multi-user, and event-driven applications.Strong experience in Agile methodologies (e.g., Kanban, Scrum, lean techniques).Proficiency in web development using Angular or React (preferably with TypeScript).Extensive experience with on-premise, virtualized and cloud infrastructures (IaaS, PaaS, SaaS).Deep understanding of Object-Oriented design, design patterns, and interoperability technologies (e.g., web services, service bus).Proficiency in testing (test cases, scripts and test automation).Knowledge of relational databases (e.g. Oracle SQL Developer).Familiarity with Kubernetes tooling (e.g. Helm) and containerization.Cloud architecture certifications (e.g. AWS Certified Solutions Architect, Azure Solutions Architect Expert).Excellent English communication and interpersonal skills, with experience in technical presentations and multilingual collaboration.Additional InformationBeing a part of the Netcompany-Ιntrasoft team, you will be provided with: The opportunity to work in a modern environment & in a hybrid working modelA seamless onboarding experience and a buddy to support you on your first stepsA competitive compensation & benefits packageHealth and life insurance programMeal and commuting allowanceWell-being activities (on premises)Continuous learning opportunities using the most modern methods (unlimited access to Udemy for Business, ad-hoc trainings)A personalized development plan for targeted career growthIf you are looking forward to be part of a diverse environment, and have the opportunity to work alongside well-experienced professionals, on challenging, large-scale projects that directly impact millions of citizens around the globe, then this is the place to be!By joining Netcompany-Intrasoft Athens, you will be part of a vivid team of 2000+ tech enthusiasts. When at the office you will have the chance to work at our brand-new, state-of-the-art, sustainable offices, located in 3 different spots in Athens!Our cultureOur people are the most important element of our success. Our work life is well defined by our set of fundamental Values: https://netcompany.com/careers/greece/our-values/ #BePartOfSomethingGreat!Please submit your CV in English. All applications will be treated as strictly confidential.We ensure equal opportunities, treatment, and consideration to all candidates. Discrimination based on sex, racial or ethnic origin, religion or belief, disability, age, sexual orientation or marital status, physical or mental disability, or any other factor protected by applicable laws and regulations is prohibited. As part of the Netcompany-Intrasoft culture, we respect human rights and focus on creating a positive workplace, where all employees are valued, and where diversity and inclusion are a vital part of our our everyday working experience.",,Full-time,"Athens, Greece",EL,2024-12-28,kariera.gr,192328,,"['http://data.europa.eu/esco/skill/11430d93-c835-48ed-8e70-285fa69c9ae6', 'http://data.europa.eu/esco/skill/1d86f05e-e9cc-40ce-99d8-2b21cc71b16b', 'http://data.europa.eu/esco/skill/21fecc8a-392e-49ce-ac26-fb0696ccfead', 'http://data.europa.eu/esco/skill/23ac233d-84ad-4517-b0f5-8ca19ba2614e', 'http://data.europa.eu/esco/skill/2b7a79e5-84d8-4880-be66-3d9bb05bea17', 'http://data.europa.eu/esco/skill/3bddfd7c-ab6d-40c2-883d-5e97fb7640ba', 'http://data.europa.eu/esco/skill/5d74614d-32c8-4ca4-9818-6980e52424b1', 'http://data.europa.eu/esco/skill/5ef0c719-5bcb-49f8-b8eb-824388225333', 'http://data.europa.eu/esco/skill/695c3249-18e7-4435-bdb8-54a16011159d', 'http://data.europa.eu/esco/skill/8f6ed69b-29d0-4c01-81ba-f05920a185f3', 'http://data.europa.eu/esco/skill/ae4f0cc6-e0b9-47f5-bdca-2fc2e6316dce', 'http://data.europa.eu/esco/skill/c6c1af60-9594-460c-a328-00f9ad292be0', 'http://data.europa.eu/esco/skill/da56feea-941c-4ff6-b573-bb16ccbde670', 'http://data.europa.eu/esco/skill/ee3c1d54-f46a-43c7-a0f9-0ba3648164d0', 'http://data.europa.eu/esco/skill/f7e2eb04-3e50-4561-bce1-7e51a1fec308', 'http://data.europa.eu/esco/skill/f84a433f-34f1-4083-b0a3-24802623509c', 'http://data.europa.eu/esco/skill/fae27053-8924-4bfd-b565-c9fe502044c9', 'http://data.europa.eu/esco/skill/fd33c66c-70c4-40e6-b87c-5495bd3bf26e']","['http://data.europa.eu/esco/occupation/2bef94db-0088-4507-982a-2ca717529adb', 'http://data.europa.eu/esco/occupation/2fb96c6c-8d0b-4ef0-b1ee-3e493305e4eb', 'http://data.europa.eu/esco/occupation/3fa9a480-ceb3-4c2a-8a91-0508e1bb6ba5', 'http://data.europa.eu/esco/occupation/719f101d-1866-49d3-8d5c-2256f606a8b9', 'http://data.europa.eu/esco/occupation/8cb59bc4-1f39-477e-beea-effed12d186c', 'http://data.europa.eu/esco/occupation/d0aa0792-4345-474b-9365-686cf4869d2e', 'http://data.europa.eu/esco/occupation/d9612966-e295-4d81-ba2b-9f36bad0b392', 'http://data.europa.eu/esco/isco/C214']"
1827192,Application Architect,"Company DescriptionWe are Netcompany-Intrasoft, a member of Netcompany Group A/S, and a leading European IT Solutions and Services company with strong international presence and expertise, dedicated to responsible digitalisation. We offer innovative and added-value solutions of the highest quality to a wide range of public and private organizations, while being a key-player in the EU Institutions for the past 30 years. We hold an outstanding record of 500+ organizations in 70+ countries, that have chosen our solutions and services, to fulfil their business needs. Our team of 3500+ professionals is our driving force and our most valuable asset.Job DescriptionWhat does it feel like to be an Application Architect in Netcompany-Intrasoft?As an Application Architect, you will be part of high performing and cross-functional team responsible for the design and maintenance of effective technical solutions. The role includes designing of applications and products for our clients, architecture comprising several components using the latest tools, technologies and frameworks. You will be working with existing and future clients to understand their challenges, explore and propose effective solutions and develop long-term trusted relationships. As a Application Architect you will:Design major aspects of the architecture of an application, including components such as user interface, middleware and infrastructure.Provide technical leadership to the application development team .Perform design and code reviews.Ensure that uniform enterprise-wide application design standards are maintained.Provide technical guidance and coaching to developers and engineers.Provide input in the development of schedules and test plans, preparation of documentation based on analyst reports and defining key project milestones.Evaluate potential risk in projects.Collaborate with other stakeholders to ensure the architecture is aligned with business requirements.QualificationsWhat would make you a fit for the role:University degree in Computer Science or a related field, with a minimum of 9 years of experience in the ICT sector.At least 3 years in IT architecture and solution/software design (application, data, infrastructure, network layers).Expertise in the full development lifecycle of complex, large-scale, multi-user, and event-driven applications.Strong experience in Agile methodologies (e.g., Kanban, Scrum, lean techniques).Proficiency in web development using Angular or React (preferably with TypeScript).Extensive experience with on-premise, virtualized and cloud infrastructures (IaaS, PaaS, SaaS).Deep understanding of Object-Oriented design, design patterns, and interoperability technologies (e.g., web services, service bus).Proficiency in testing (test cases, scripts and test automation).Knowledge of relational databases (e.g. Oracle SQL Developer).Familiarity with Kubernetes tooling (e.g. Helm) and containerization.Cloud architecture certifications (e.g. AWS Certified Solutions Architect, Azure Solutions Architect Expert).Excellent English communication and interpersonal skills, with experience in technical presentations and multilingual collaboration.Additional InformationBeing a part of the Netcompany-Ιntrasoft team, you will be provided with: The opportunity to work in a modern environment & in a hybrid working modelA seamless onboarding experience and a buddy to support you on your first stepsA competitive compensation & benefits packageHealth and life insurance programMeal allowanceWell-being activities (on premises)Continuous learning opportunities using the most modern methods (unlimited access to Udemy for Business, ad-hoc trainings)A personalized development plan for targeted career growthIf you are looking forward to be part of a diverse environment, and have the opportunity to work alongside well-experienced professionals, on challenging, large-scale projects that directly impact millions of citizens around the globe, then this is the place to be!Join Netcompany-Intrasoft Patras' branch, and be part of our 150+ tech enthusiasts team!Our cultureOur people are the most important element of our success. Our work life is well defined by our set of fundamental Values: https://netcompany.com/careers/greece/our-values/ #BePartOfSomethingGreat!Please submit your CV in English. All applications will be treated as strictly confidential.We ensure equal opportunities, treatment, and consideration to all candidates. Discrimination based on sex, racial or ethnic origin, religion or belief, disability, age, sexual orientation or marital status, physical or mental disability, or any other factor protected by applicable laws and regulations is prohibited. As part of the Netcompany-Intrasoft culture, we respect human rights and focus on creating a positive workplace, where all employees are valued, and where diversity and inclusion are a vital part of our our everyday working experience.",,Full-time,"Patra, Greece",EL,2024-12-28,kariera.gr,192331,,"['http://data.europa.eu/esco/skill/11430d93-c835-48ed-8e70-285fa69c9ae6', 'http://data.europa.eu/esco/skill/1d86f05e-e9cc-40ce-99d8-2b21cc71b16b', 'http://data.europa.eu/esco/skill/21fecc8a-392e-49ce-ac26-fb0696ccfead', 'http://data.europa.eu/esco/skill/23ac233d-84ad-4517-b0f5-8ca19ba2614e', 'http://data.europa.eu/esco/skill/2b7a79e5-84d8-4880-be66-3d9bb05bea17', 'http://data.europa.eu/esco/skill/3bddfd7c-ab6d-40c2-883d-5e97fb7640ba', 'http://data.europa.eu/esco/skill/5d74614d-32c8-4ca4-9818-6980e52424b1', 'http://data.europa.eu/esco/skill/5ef0c719-5bcb-49f8-b8eb-824388225333', 'http://data.europa.eu/esco/skill/695c3249-18e7-4435-bdb8-54a16011159d', 'http://data.europa.eu/esco/skill/8f6ed69b-29d0-4c01-81ba-f05920a185f3', 'http://data.europa.eu/esco/skill/ae4f0cc6-e0b9-47f5-bdca-2fc2e6316dce', 'http://data.europa.eu/esco/skill/c6c1af60-9594-460c-a328-00f9ad292be0', 'http://data.europa.eu/esco/skill/da56feea-941c-4ff6-b573-bb16ccbde670', 'http://data.europa.eu/esco/skill/ee3c1d54-f46a-43c7-a0f9-0ba3648164d0', 'http://data.europa.eu/esco/skill/f7e2eb04-3e50-4561-bce1-7e51a1fec308', 'http://data.europa.eu/esco/skill/f84a433f-34f1-4083-b0a3-24802623509c', 'http://data.europa.eu/esco/skill/fae27053-8924-4bfd-b565-c9fe502044c9', 'http://data.europa.eu/esco/skill/fd33c66c-70c4-40e6-b87c-5495bd3bf26e']","['http://data.europa.eu/esco/occupation/2bef94db-0088-4507-982a-2ca717529adb', 'http://data.europa.eu/esco/occupation/2fb96c6c-8d0b-4ef0-b1ee-3e493305e4eb', 'http://data.europa.eu/esco/occupation/3fa9a480-ceb3-4c2a-8a91-0508e1bb6ba5', 'http://data.europa.eu/esco/occupation/719f101d-1866-49d3-8d5c-2256f606a8b9', 'http://data.europa.eu/esco/occupation/8cb59bc4-1f39-477e-beea-effed12d186c', 'http://data.europa.eu/esco/occupation/d0aa0792-4345-474b-9365-686cf4869d2e', 'http://data.europa.eu/esco/occupation/d9612966-e295-4d81-ba2b-9f36bad0b392', 'http://data.europa.eu/esco/isco/C214']"
1827194,Application Architect,"Company DescriptionWe are Netcompany-Intrasoft, a member of Netcompany Group A/S, and a leading European IT Solutions and Services company with strong international presence and expertise, dedicated to responsible digitalisation. We offer innovative and added-value solutions of the highest quality to a wide range of public and private organizations, while being a key-player in the EU Institutions for the past 30 years. We hold an outstanding record of 500+ organizations in 70+ countries, that have chosen our solutions and services, to fulfil their business needs. Our team of 3500+ professionals is our driving force and our most valuable asset.Job DescriptionWhat does it feel like to be an Application Architect in Netcompany-Intrasoft?As an Application Architect, you will be part of high performing and cross-functional team responsible for the design and maintenance of effective technical solutions. The role includes designing of applications and products for our clients, architecture comprising several components using the latest tools, technologies and frameworks. You will be working with existing and future clients to understand their challenges, explore and propose effective solutions and develop long-term trusted relationships. As a Application Architect you will:Design major aspects of the architecture of an application, including components such as user interface, middleware and infrastructure.Provide technical leadership to the application development team .Perform design and code reviews.Ensure that uniform enterprise-wide application design standards are maintained.Provide technical guidance and coaching to developers and engineers.Provide input in the development of schedules and test plans, preparation of documentation based on analyst reports and defining key project milestones.Evaluate potential risk in projects.Collaborate with other stakeholders to ensure the architecture is aligned with business requirements.QualificationsWhat would make you a fit for the role:University degree in Computer Science or a related field, with a minimum of 9 years of experience in the ICT sector.At least 3 years in IT architecture and solution/software design (application, data, infrastructure, network layers).Expertise in the full development lifecycle of complex, large-scale, multi-user, and event-driven applications.Strong experience in Agile methodologies (e.g., Kanban, Scrum, lean techniques).Proficiency in web development using Angular or React (preferably with TypeScript).Extensive experience with on-premise, virtualized and cloud infrastructures (IaaS, PaaS, SaaS).Deep understanding of Object-Oriented design, design patterns, and interoperability technologies (e.g., web services, service bus).Proficiency in testing (test cases, scripts and test automation).Knowledge of relational databases (e.g. Oracle SQL Developer).Familiarity with Kubernetes tooling (e.g. Helm) and containerization.Cloud architecture certifications (e.g. AWS Certified Solutions Architect, Azure Solutions Architect Expert).Excellent English communication and interpersonal skills, with experience in technical presentations and multilingual collaboration.Additional InformationBeing a part of the Netcompany-Ιntrasoft team, you will be provided with: The opportunity to work in a modern environment & in a hybrid working modelA seamless onboarding experience and a buddy to support you on your first stepsA competitive compensation & benefits packageHealth and life insurance programMeal and commuting allowanceWell-being activities (on premises)Continuous learning opportunities using the most modern methods (unlimited access to Udemy for Business, ad-hoc trainings)A personalized development plan for targeted career growthIf you are looking forward to be part of a diverse environment, and have the opportunity to work alongside well-experienced professionals, on challenging, large-scale projects that directly impact millions of citizens around the globe, then this is the place to be!Join Netcompany-Intrasoft Thessaloniki's branch, and be part of our 250+ tech enthusiasts team!Our cultureOur people are the most important element of our success. Our work life is well defined by our set of fundamental Values: https://netcompany.com/careers/greece/our-values/ #BePartOfSomethingGreat!Please submit your CV in English. All applications will be treated as strictly confidential.We ensure equal opportunities, treatment, and consideration to all candidates. Discrimination based on sex, racial or ethnic origin, religion or belief, disability, age, sexual orientation or marital status, physical or mental disability, or any other factor protected by applicable laws and regulations is prohibited. As part of the Netcompany-Intrasoft culture, we respect human rights and focus on creating a positive workplace, where all employees are valued, and where diversity and inclusion are a vital part of our our everyday working experience.",,Full-time,"Thessaloniki, Greece",EL,2024-12-28,kariera.gr,192341,,"['http://data.europa.eu/esco/skill/11430d93-c835-48ed-8e70-285fa69c9ae6', 'http://data.europa.eu/esco/skill/1d86f05e-e9cc-40ce-99d8-2b21cc71b16b', 'http://data.europa.eu/esco/skill/21fecc8a-392e-49ce-ac26-fb0696ccfead', 'http://data.europa.eu/esco/skill/23ac233d-84ad-4517-b0f5-8ca19ba2614e', 'http://data.europa.eu/esco/skill/2b7a79e5-84d8-4880-be66-3d9bb05bea17', 'http://data.europa.eu/esco/skill/3bddfd7c-ab6d-40c2-883d-5e97fb7640ba', 'http://data.europa.eu/esco/skill/5d74614d-32c8-4ca4-9818-6980e52424b1', 'http://data.europa.eu/esco/skill/5ef0c719-5bcb-49f8-b8eb-824388225333', 'http://data.europa.eu/esco/skill/695c3249-18e7-4435-bdb8-54a16011159d', 'http://data.europa.eu/esco/skill/8f6ed69b-29d0-4c01-81ba-f05920a185f3', 'http://data.europa.eu/esco/skill/ae4f0cc6-e0b9-47f5-bdca-2fc2e6316dce', 'http://data.europa.eu/esco/skill/c6c1af60-9594-460c-a328-00f9ad292be0', 'http://data.europa.eu/esco/skill/da56feea-941c-4ff6-b573-bb16ccbde670', 'http://data.europa.eu/esco/skill/ee3c1d54-f46a-43c7-a0f9-0ba3648164d0', 'http://data.europa.eu/esco/skill/f7e2eb04-3e50-4561-bce1-7e51a1fec308', 'http://data.europa.eu/esco/skill/f84a433f-34f1-4083-b0a3-24802623509c', 'http://data.europa.eu/esco/skill/fae27053-8924-4bfd-b565-c9fe502044c9', 'http://data.europa.eu/esco/skill/fd33c66c-70c4-40e6-b87c-5495bd3bf26e']","['http://data.europa.eu/esco/occupation/2bef94db-0088-4507-982a-2ca717529adb', 'http://data.europa.eu/esco/occupation/2fb96c6c-8d0b-4ef0-b1ee-3e493305e4eb', 'http://data.europa.eu/esco/occupation/3fa9a480-ceb3-4c2a-8a91-0508e1bb6ba5', 'http://data.europa.eu/esco/occupation/719f101d-1866-49d3-8d5c-2256f606a8b9', 'http://data.europa.eu/esco/occupation/8cb59bc4-1f39-477e-beea-effed12d186c', 'http://data.europa.eu/esco/occupation/d0aa0792-4345-474b-9365-686cf4869d2e', 'http://data.europa.eu/esco/occupation/d9612966-e295-4d81-ba2b-9f36bad0b392', 'http://data.europa.eu/esco/isco/C214']"
1827195,Software Engineer in Test,"Company DescriptionWe are Netcompany-Intrasoft, a member of Netcompany Group A/S, and a leading European IT Solutions and Services company with strong international presence and expertise, dedicated to responsible digitalisation. We offer innovative and added-value solutions of the highest quality to a wide range of public and private organizations, while being a key-player in the EU Institutions for the past 30 years. We hold an outstanding record of 500+ organizations in 70+ countries, that have chosen our solutions and services, to fulfil their business needs. Our team of 3500+ professionals is our driving force and our most valuable asset.Job DescriptionWhat does it feel like to be a Software Engineer in Test in Netcompany-Intrasoft?Our fully inhouse Testing team consists of 180 professionals across our sites and is Gold ISTQB partner. This is a team led by Test Managers, that serves the entire Netcompany-Intrasoft organization, bringing value and benefit in all the technologies we use and offer. Our Testing team is engaged with a vast portfolio of services, technologies, solutions and methodologies.As a Software Engineer in Test you will:Understand the business logic for the system under testFamiliarize with the architecture of the system under testAnalyze the tests to be automated and identify the most appropriate test automation methodology/technologyImplement and maintain test automation scripts/frameworksParticipate in PoC for evaluation of various tools, frameworks, methodologiesParticipate in the building of a CI pipelineAutomate tests for any of the following test types (functional, performance, usability, compatibility, cross-browser, component)Analysis of test results for troubleshooting, qualitative and quantitative analysisQualificationsWhat would make you a fit for the role:Degree in Information Technology or another relevant fieldExperience in Software Testing including expertise in writing Test scripts for Functional, Regression and Performance testsExperience in various tools/frameworks such as Selenium, SoapUI, JMeterWork experience in the creation of Test Cases, Test Scripts, Test Reports and participation in Test CyclesComplete understanding of the Agile Software Development methodologiesExcellent command of the English language (written & oral)It would also be a plus if you match some of the following:Knowledge in WebServices (SOAP & RESTful), Cucumber, Serenity, TestNG, JUnit, Mockito, REST Assured API and Jira, Jira XRay, Javascript, Typescript, Microservice Architectures, Kafka, Arquillian and Spring Boot are considered a plusWork experience in Java, .Net, Groovy, SQL, XML Additional InformationBeing a part of the Netcompany-Ιntrasoft team, you will be provided with: The opportunity to work in a modern environment & in a hybrid working modelA seamless onboarding experience and a buddy to support you on your first stepsA competitive compensation & benefits packageHealth and life insurance programMeal and commuting allowanceWell-being activities (on premises)Continuous learning opportunities using the most modern methods (unlimited access to Udemy for Business, ad-hoc trainings)A personalized development plan for targeted career growthIf you are looking forward to be part of a diverse environment, and have the opportunity to work alongside well-experienced professionals, on challenging, large-scale projects that directly impact millions of citizens around the globe, then this is the place to be!By joining Netcompany-Intrasoft Athens, you will be part of a vivid team of 2000+ tech enthusiasts. When at the office you will have the chance to work at our brand-new, state-of-the-art, sustainable offices, located in 3 different spots in Athens!#LI-LF1 Our cultureOur people are the most important element of our success. Our work life is well defined by our set of fundamental Values: https://netcompany.com/careers/greece/our-values/ #BePartOfSomethingGreat!Please submit your CV in English. All applications will be treated as strictly confidential.We ensure equal opportunities, treatment, and consideration to all candidates. Discrimination based on sex, racial or ethnic origin, religion or belief, disability, age, sexual orientation or marital status, physical or mental disability, or any other factor protected by applicable laws and regulations is prohibited. As part of the Netcompany-Intrasoft culture, we respect human rights and focus on creating a positive workplace, where all employees are valued, and where diversity and inclusion are a vital part of our our everyday working experience.",,Full-time,"Athens, Greece",EL,2024-12-28,kariera.gr,192334,,"['http://data.europa.eu/esco/skill/23ac233d-84ad-4517-b0f5-8ca19ba2614e', 'http://data.europa.eu/esco/skill/3993c87c-7719-4186-811b-8ddfb40e76be', 'http://data.europa.eu/esco/skill/52cf3037-ab53-4806-85ed-7fd21ea7f6a1', 'http://data.europa.eu/esco/skill/598de5b0-5b58-4ea7-8058-a4bc4d18c742', 'http://data.europa.eu/esco/skill/6a0aab53-6246-41e8-a910-e7a13f314860', 'http://data.europa.eu/esco/skill/7557f0f4-b8bc-4ac0-b91e-222ab1ba744f', 'http://data.europa.eu/esco/skill/867137fb-ff1b-4ca3-99f3-cb6969aa2c68', 'http://data.europa.eu/esco/skill/8f6ed69b-29d0-4c01-81ba-f05920a185f3', 'http://data.europa.eu/esco/skill/c4b626c1-e71c-44ec-9f88-042766f37fcc', 'http://data.europa.eu/esco/skill/ce354460-500e-4eaa-8e95-8f243fcea3db', 'http://data.europa.eu/esco/skill/dba46f87-0831-49cd-a1c7-340a653c0221']","['http://data.europa.eu/esco/occupation/719f101d-1866-49d3-8d5c-2256f606a8b9', 'http://data.europa.eu/esco/isco/C2519']"
1844159,Angular Front-End Software Engineer,"Αt Relational FS we know that companies with a strong positive culture perform so much better. That is why every day we strive to create a collaborative and inclusive working environment where our people can feel empowered to succeed.
 
Relational FS has an opportunity available, to work on complex and challenging new products, to drive transformative change for our top-tier Financial Services clients. Be part of both Product and Discipline teams through our Product-Chapter Matrix and develop state-of-the-art software products in the former, and an ever-evolving engineering culture in the latter.
 
Responsibilities

Work closely with a business analysts’ team and stakeholders to design and implement the best solutions.
Follow industry’s best practices and standards.
Test and deliver high-quality software.

 
Essential Qualifications

Excellent English communication (both verbal and written).
Familiarity with Agile methodologies.
Bachelor’s degree in Computer Science or other relevant field.
Experience in building SPAs with Angular.
Experience in Typescript.
Experience in building rich responsive/adaptive web UIs with HTML5 and CSS3.
Extensive experience in consuming REST APIs and in REST principles.

 
Desired Qualifications

Experience with state management tools (e.g. NGRX, NGXS, Akita, Redux).
Familiarity with version control software tools (preferably Git).
Familiarity with CSS preprocessors (e.g. Sass, LESS).
Familiarity with CSS frameworks (e.g. primeng, tailwind).

 
 
What Does our tech stack look like?
At Relational FS, we pride ourselves on adaptability and keeping up with the latest technologies. Our current tech stack looks like this

Angular,Typescript, PrimeNG, TailWind
Figma
.NET C#
Azure DevOps CI/CD, Git
Kubernetes, Docker, Harbor

 
Why work with us?
 
Relational FS is one of Greece's leading technology software companies, with a mission to provide our clients with innovative, scalable, and secure software solutions that enhance their business performance and customer satisfaction. Through matrix organizational structure we achieve cross-functional collaboration which helps to increase efficiency, innovation, and responsiveness to changing markets. Along with that we introduced a software coaching/mentoring scheme which provides guidance, feedback, and support to software engineers or learners who want to improve their skills, knowledge, and performance.
 
You will collaborate with experienced and talented people, who will inspire you, mentor you, and help you grow. You will also have access to numerous resources, tools, and facilities that will enable you to do your best work.
 
As an equal opportunity employer, we celebrate diversity and are committed to creating an inclusive environment for all employees.
Our company is people - centric and offers personalized benefits to each employee:

We want you to be well compensated for what you bring in, so we offer an attractive salary package
Your health matters to us, so all colleagues have a private health insurance plan from day one
Developer’s fuel is coffee, and the supply source is in our kitchen!
We are excited for challenges, so you are invited to take part in exciting projects
We love the Relational vibes so we gather on smaller and bigger occasions to celebrate good times together!

Relational Financial Solutions adheres to the General Data Protection Regulation principles by applying its Privacy Policy as published in https://www.relationalfs.com/legal-information/pri.... By submitting an application to this position and by sharing your personal data with Relational Financial Solutions you acknowledge and accept its Policy and authorise Relational Financial Solutions to process your personal data for the purposes of the company's recruitment opportunities, in line to the Policy.",Senior,Full-time,"Athens, Greece",EL,2025-01-13,kariera.gr,195451,,"['http://data.europa.eu/esco/skill/08e2ff26-88ff-47b5-9d37-d19ace01b075', 'http://data.europa.eu/esco/skill/1110c92f-3059-445a-9436-0f4200d365f5', 'http://data.europa.eu/esco/skill/1ffac4ac-fda7-407d-8ed1-ca8f4a8dc146', 'http://data.europa.eu/esco/skill/2fb8480e-de3c-462b-b169-e8bbb344da68', 'http://data.europa.eu/esco/skill/4c016b68-4116-468c-9dc6-42710c239e4a', 'http://data.europa.eu/esco/skill/553e1d2d-abf1-4b37-8ac4-c5c78a8edbc0', 'http://data.europa.eu/esco/skill/63f224ea-d889-42ea-b3ef-730ef78c7176', 'http://data.europa.eu/esco/skill/7dfbe0f3-076f-4a19-9eaa-db4d6db704b6', 'http://data.europa.eu/esco/skill/8330c86e-63cf-4be6-849f-4f77628cc5c5', 'http://data.europa.eu/esco/skill/867137fb-ff1b-4ca3-99f3-cb6969aa2c68', 'http://data.europa.eu/esco/skill/9d2e926f-53d9-41f5-98f3-19dfaa687f3f', 'http://data.europa.eu/esco/skill/a4346013-a967-4a58-a533-6b32ad1364c5', 'http://data.europa.eu/esco/skill/c475b9cd-148b-4854-b13e-1e1a86231943', 'http://data.europa.eu/esco/skill/dba46f87-0831-49cd-a1c7-340a653c0221']",[]
1860285,"Angular Developers – Cyprus, Greece or Remote","Angular Developers – Cyprus, Greece or Remote 
 
The Role: 
As an Angular Developer you will join a fast-growing team of highly skilled professionals. Your focus will be to deliver high quality code in existing and new Angular client-facing applications. In addition, you will have the opportunity to share your knowledge amongst other IT professionals and evolve in your career by pushing Angular to its limits.
The main responsibilities of the position include:

Build advanced front-end applications with the Angular Framework
Follow test-driven development, continuous integration and agile methodologies
Review code from other developers
Continuously monitor and improve application reliability and optimise performance
Run unit testing and automation testing
Contribute to system design and architecture

 
Main requirements:

Degree in computer science, engineering, or any other related degree
At least 1 year of work experience in Angular 2+ and TypeScript
At least 5 years of work experience in JavaScript development
Proven experience with REST APIs
Experience with CSS/SCSS
Experience with unit tests using Jasmine and Karma
Experience with Git
Excellent understanding of algorithmic complexity, data structures, OOP Principles
Solid understanding of the full development life cycle
Very good communication and interpersonal skills
Self-motivated with a passion for professional development
Fluency in English

 
The following will be considered an advantage:

Knowledge of NestJS
Familiarity with AWS Services
Familiarity with CI/CD concepts
Work portfolio of open-source projects and technical blogs, working knowledge of Node.js

Benefit from:

Attractive remuneration package plus performance related reward  
Intellectually stimulating work environment
Food allowance
Continuous personal development and international training opportunities
Attractive relocation package and support for a smooth relocation for you and your family

Type of employment: Full-time
Location: Cyprus, Greece or Remote
Please visit our website www.xm.com/careers to submit your online application for this position.
 
All applications will be treated with strict confidentiality!",Mid-level,Full-time,"Athens, Greece",EL,2025-01-22,kariera.gr,198610,,"['http://data.europa.eu/esco/skill/519e801b-3cc4-44d4-bcf1-32fdb9a77e51', 'http://data.europa.eu/esco/skill/7557f0f4-b8bc-4ac0-b91e-222ab1ba744f', 'http://data.europa.eu/esco/skill/867137fb-ff1b-4ca3-99f3-cb6969aa2c68', 'http://data.europa.eu/esco/skill/a8d24a95-47b3-4f88-92e7-06600bcd3612', 'http://data.europa.eu/esco/skill/dba46f87-0831-49cd-a1c7-340a653c0221', 'http://data.europa.eu/esco/skill/fecf8a0d-62c4-4e71-9b03-0f4fc2ad7bf5']","['http://data.europa.eu/esco/isco/C2', 'http://data.europa.eu/esco/isco/C214']"
1906257,Angular Front-End Software Engineer,"Αt Relational FS we know that companies with a strong positive culture perform so much better. That is why every day we strive to create a collaborative and inclusive working environment where our people can feel empowered to succeed.
 
Relational FS has an opportunity available, to work on complex and challenging new products, to drive transformative change for our top-tier Financial Services clients. Be part of both Product and Discipline teams through our Product-Chapter Matrix and develop state-of-the-art software products in the former, and an ever-evolving engineering culture in the latter.
 
Responsibilities

Work closely with a business analysts’ team and stakeholders to design and implement the best solutions.
Follow industry’s best practices and standards.
Test and deliver high-quality software.

 
Essential Qualifications

Excellent English communication (both verbal and written).
Familiarity with Agile methodologies.
Bachelor’s degree in Computer Science or other relevant field.
Experience in building SPAs with Angular.
Experience in Typescript.
Experience in building rich responsive/adaptive web UIs with HTML5 and CSS3.
Extensive experience in consuming REST APIs and in REST principles.

 
Desired Qualifications

Experience with state management tools (e.g. NGRX, NGXS, Akita, Redux).
Familiarity with version control software tools (preferably Git).
Familiarity with CSS preprocessors (e.g. Sass, LESS).
Familiarity with CSS frameworks (e.g. primeng, tailwind).

 
 
What Does our tech stack look like?
At Relational FS, we pride ourselves on adaptability and keeping up with the latest technologies. Our current tech stack looks like this

Angular,Typescript, PrimeNG, TailWind
Figma
.NET C#
Azure DevOps CI/CD, Git
Kubernetes, Docker, Harbor

 
Why work with us?
 
Relational FS is one of Greece's leading technology software companies, with a mission to provide our clients with innovative, scalable, and secure software solutions that enhance their business performance and customer satisfaction. Through matrix organizational structure we achieve cross-functional collaboration which helps to increase efficiency, innovation, and responsiveness to changing markets. Along with that we introduced a software coaching/mentoring scheme which provides guidance, feedback, and support to software engineers or learners who want to improve their skills, knowledge, and performance.
 
You will collaborate with experienced and talented people, who will inspire you, mentor you, and help you grow. You will also have access to numerous resources, tools, and facilities that will enable you to do your best work.
 
As an equal opportunity employer, we celebrate diversity and are committed to creating an inclusive environment for all employees.
Our company is people - centric and offers personalized benefits to each employee:

We want you to be well compensated for what you bring in, so we offer an attractive salary package
Your health matters to us, so all colleagues have a private health insurance plan from day one
Developer’s fuel is coffee, and the supply source is in our kitchen!
We are excited for challenges, so you are invited to take part in exciting projects
We love the Relational vibes so we gather on smaller and bigger occasions to celebrate good times together!

Relational Financial Solutions adheres to the General Data Protection Regulation principles by applying its Privacy Policy as published in https://www.relationalfs.com/legal-information/pri.... By submitting an application to this position and by sharing your personal data with Relational Financial Solutions you acknowledge and accept its Policy and authorise Relational Financial Solutions to process your personal data for the purposes of the company's recruitment opportunities, in line to the Policy.",Mid-level,Full-time,"Athens, Greece",EL,2025-02-14,kariera.gr,204649,,"['http://data.europa.eu/esco/skill/08e2ff26-88ff-47b5-9d37-d19ace01b075', 'http://data.europa.eu/esco/skill/1110c92f-3059-445a-9436-0f4200d365f5', 'http://data.europa.eu/esco/skill/1ffac4ac-fda7-407d-8ed1-ca8f4a8dc146', 'http://data.europa.eu/esco/skill/2fb8480e-de3c-462b-b169-e8bbb344da68', 'http://data.europa.eu/esco/skill/4c016b68-4116-468c-9dc6-42710c239e4a', 'http://data.europa.eu/esco/skill/553e1d2d-abf1-4b37-8ac4-c5c78a8edbc0', 'http://data.europa.eu/esco/skill/63f224ea-d889-42ea-b3ef-730ef78c7176', 'http://data.europa.eu/esco/skill/7dfbe0f3-076f-4a19-9eaa-db4d6db704b6', 'http://data.europa.eu/esco/skill/8330c86e-63cf-4be6-849f-4f77628cc5c5', 'http://data.europa.eu/esco/skill/867137fb-ff1b-4ca3-99f3-cb6969aa2c68', 'http://data.europa.eu/esco/skill/9d2e926f-53d9-41f5-98f3-19dfaa687f3f', 'http://data.europa.eu/esco/skill/a4346013-a967-4a58-a533-6b32ad1364c5', 'http://data.europa.eu/esco/skill/c475b9cd-148b-4854-b13e-1e1a86231943', 'http://data.europa.eu/esco/skill/dba46f87-0831-49cd-a1c7-340a653c0221']",[]
1907830,Full Stack Developer,"About Us 
SurPrice Mobility is a leading company in the Car Rental and Mobility industry, known for its dedication to delivering quality services at competitive rates. With flexible terms, 24-hour customer support, and a customer-first approach, we aim to redefine mobility solutions globally.
As we expand our portfolio of innovative services, we're investing heavily in our in-house development team to help shape the future of our digital ecosystem. Join us at this exciting juncture as we reimagine our core systems and take on ambitious projects that will impact the experience of thousands of users worldwide.
 
We are seeking a passionate and experienced Full-Stack Developerto join our dynamic team. This role offers the opportunity to work on cutting-edge technologies and play a key role in building our systems from the ground up. As we embark on rewriting and modernizing our core platforms, you’ll have a chance to design, develop, and shape the architecture of critical services and applications.
This position is ideal for someone who thrives on solving complex challenges, values clean and efficient code, and is eager to mentor and collaborate with a talented team of developers.
 
Your Responsibilities 
· Design, develop, and deploy scalable services and applications that align with business goals and technical specifications.
· Provide constructive feedback on technical designs and specifications, helping to refine and enhance project objectives.
· Act as a mentor and guide to junior developers, fostering a culture of knowledge sharing and continuous improvement.
· Collaborate with cross-functional teams to ensure seamless integration of services and technologies.
· Contribute to system architecture and design discussions, bringing innovative ideas and best practices to the table.
· Continuously refine your skills and stay updated on emerging technologies to deliver the best solutions.
 
What We’re Looking For
· Experience:5+ years of hands-on development experience.
· Technical Expertise:
o Expert frontend knowledge, specifically with HTML, CSS, and React (required)
o Strong proficiency in Node.js and TypeScript(required)
o Experience working with event-driven microservices
o Proficiency with AWS, GCP, or other cloud platforms, with a solid understanding of cloud-native design
o Familiarity with CI/CD pipelines, Git version control, and containerization tools like Docker.
· Problem-Solving:Exceptional analytical and troubleshooting skills to handle complex scenarios.
· Communication:Fluent in English with excellent written and verbal communication skills.
 
What We Offer
· Remote-First Culture:Enjoy the freedom of working fully remotely from anywhere.
· Flexibility:Flexible working hours that allow you to balance professional and personal commitments.
· Challenging Projects:Work on exciting, impactful projects that redefine our industry.
· Growth Opportunities:A supportive environment where you can expand your skills, take ownership of key initiatives, and advance your career.
· Collaborative Team:Join a team of talented, driven professionals committed to delivering excellence.
 
Be part of a forward-thinking company where your contributions will directly influence our success and shape the future of mobility solutions.
If you’re ready to make a difference and grow with us, apply today!",Mid-level,Full-time,"Penteli, Greece",EL,2025-02-10,kariera.gr,202912,,"['http://data.europa.eu/esco/skill/0550431f-9c8b-4204-9c45-59bc5feacf06', 'http://data.europa.eu/esco/skill/0af062de-eb43-41e9-9b96-249e2cd22d26', 'http://data.europa.eu/esco/skill/0da516ee-e70e-4384-be13-f5ff80be8127', 'http://data.europa.eu/esco/skill/2857540c-180b-4208-9127-e94a01871966', 'http://data.europa.eu/esco/skill/3993c87c-7719-4186-811b-8ddfb40e76be', 'http://data.europa.eu/esco/skill/a06a0d41-10fa-4ba7-a988-e8b5eba966fb', 'http://data.europa.eu/esco/skill/a15dab55-f1da-4f85-ae3e-2b5c5b5333ca', 'http://data.europa.eu/esco/skill/c475b9cd-148b-4854-b13e-1e1a86231943', 'http://data.europa.eu/esco/skill/c624c6a3-b0ba-4a31-a296-0d433fe47e41', 'http://data.europa.eu/esco/skill/c69587b4-05d3-45bb-b79b-9b85e6603fc2', 'http://data.europa.eu/esco/skill/e76dd90d-91c4-49c0-bfd0-dfa2c4c90c81']","['http://data.europa.eu/esco/occupation/349ee6f6-c295-4c38-9b98-48765b55280e', 'http://data.europa.eu/esco/occupation/3b129d8d-268e-465a-b0c5-bf32cae59a41', 'http://data.europa.eu/esco/occupation/812c217d-32b7-4f6a-9faf-993d3577ac7f', 'http://data.europa.eu/esco/occupation/8cb59bc4-1f39-477e-beea-effed12d186c', 'http://data.europa.eu/esco/occupation/f2b15a0e-e65a-438a-affb-29b9d50b77d1']"
1907854,"Full Stack Software Engineer, Angular","Want to build great software with great people? Let's discuss and find a position that suits your interests.INDICE is a software house based in Athens, Greece. Our team develops digital infrastructure for the enterprise and delivers large scale consumer facing applications. Our team is connected by their love of technology and held together by our common values: respect for the individual, pride in one's work and integrity towards our clients.As a full stack software engineer at Indice you will be joining our experienced solutions development team. You get to work with the latest technologies in the Angular and .NET and open source ecosystem, delivering enterprise-grade software for leading Greek and foreign organizations that live on Azure. In your new role with INDICE, you will be tasked to work on large scale, api-based architectures that reside on premises or the cloud.This position can be fullfilled through hybrid office/home work. We strongly suggest a 4 days in the office, 1 at home week arrangement in order to better understand the company's values, boost cooperation and morale.Requirements Familiarity with Angular or similar frameworks, prefferably Angular 12+ and RxJS Good grasp of HTML5/CSS3 and CSS frameworks (Tailwind preferably),  API experience and OAuth (REST, swagger, OAuth flows) with .NET Good grasp of Object Oriented software engineering, either in Typescript or C# Understanding of agile scrum experienced in Git and branching/merging strategies experience with .NET Core is a strong plus At least 2 years of prior experience in similar technologies is required for this position.Benefits  Private health insurance plan   Personal growth: Sponsoring of certifications, conferences, books etc  Hybrid flexibility: Work 4 days on-site and 1 day remote, with flexibility to accommodate occasional personal needs.  Prime location: Our office is in the vibrant Kerameikos neighborhood of Athens, blending creativity with convenience.  Exciting challenges: Be part of meaningful projects where your expertise drives results.  Collaborative culture: Work alongside a talented team committed to innovation and excellence.",Mid-level,Full-time,"Athens, Greece",EL,2025-02-10,kariera.gr,202881,,['http://data.europa.eu/esco/skill/dba46f87-0831-49cd-a1c7-340a653c0221'],[]
1909201,Senior Software Engineer,"Scope of tasks

design and provide programming software and parts of the software,
creating new and changing existing elements of the software such as its functionality and performance,
based on the analysis of mathematical models and programming algorithms, development of software in accordance with the tasks set.
selection of the programming language for describing algorithms and data structures,
determination of the information to be processed by computer equipment, its volume, structure, layouts and schemes of input, processing, storage and output, methods of its control,
unification and typification of computing processes,
checking the functionality and compliance of the software with its functional purpose,
formation of the content of control examples for software testing,
development of automatic software verification systems,
preparation and debugging of the software,
adjustment of the developed software based on the analysis of the output data of testing and debugging,
start of operation of debugged programs and entering the source data determined by the conditions of the tasks set,
software administration, maintenance and modernization,
development and execution of user, technical and operational documentation,
preparation of a reports for managers on the work done and tasks completed (including a monthly list of creative works performed, i.e. works or parts thereof),
performance of other instructions and tasks of the manager within the scope of the Contract.

 
Requirements:

5+ years of commercial experience in Java programming with expertise in the Spring framework, including Spring Boot and Spring Cloud.
Strong understanding of Web Services (SOAP/REST) and integration techniques.
Solid knowledge of SQL and practical experience with relational databases (e.g., PostgreSQL, MySQL), including ORM technologies (Hibernate) and query languages (HQL).
Strong expertise in React and TypeScript
Experience with DevOps practices, including CI/CD pipelines, automated testing, and infrastructure as code (IaC).
Good knowledge of AWS services and best practices for cloud architecture, with hands-on experience in Kubernetes (k8s) for container orchestration.
Ability to produce clean, high-quality code, ensuring scalability and maintainability.
Experience in designing and improving software architectures for performance, reliability, and maintainability in large-scale distributed systems.
Excellent communication skills, capable of effectively collaborating with both technical and non-technical stakeholders.


Ability to work UK business hours and participate in on-call rotation.


English skills sufficient to read technical documentation (min. B2)

 
Nice to have:

Proficiency in Python for data processing, scripting, and integration tasks.
Experience working with NoSQL databases (e.g., MongoDB, Cassandra).
Familiarity with WebSockets for real-time communication.
Familiarity with AngularJS, Redux Toolkit, Vite
Knowledge of AI/ML frameworks and integration of AI functionalities into production systems.
Exposure to monitoring and logging tools such as Prometheus, Grafana, or ELK Stack for effective system observability.",Senior,Full-time / Part-time,"Athens, Greece",EL,2025-02-03,kariera.gr,201229,,"['http://data.europa.eu/esco/skill/11430d93-c835-48ed-8e70-285fa69c9ae6', 'http://data.europa.eu/esco/skill/2522a6ce-3202-4ac8-9f5b-b9cb5a3a83a1', 'http://data.europa.eu/esco/skill/4339176e-3acd-4f7f-a5d9-445bee3d23f2', 'http://data.europa.eu/esco/skill/598de5b0-5b58-4ea7-8058-a4bc4d18c742', 'http://data.europa.eu/esco/skill/5a214c90-0c40-49f6-b512-4ff3a7cfc135', 'http://data.europa.eu/esco/skill/5ef0c719-5bcb-49f8-b8eb-824388225333', 'http://data.europa.eu/esco/skill/6a322874-e32f-4cd8-9683-badce67a7f73', 'http://data.europa.eu/esco/skill/7bb5d9af-0a7e-48a7-a860-0e1ded0f6e75', 'http://data.europa.eu/esco/skill/7d10fcb2-b368-48ab-996b-7c9fafcf68ed', 'http://data.europa.eu/esco/skill/867137fb-ff1b-4ca3-99f3-cb6969aa2c68', 'http://data.europa.eu/esco/skill/913e7e83-b8f8-4574-b1ca-1b38f3fd974a', 'http://data.europa.eu/esco/skill/9cf681c7-89ec-470c-b651-7fe03786f586', 'http://data.europa.eu/esco/skill/a8d07b5a-c1a1-42c6-9d53-db9c7a2ca996', 'http://data.europa.eu/esco/skill/c5bc42be-4970-4dce-80e2-af78bae42e84', 'http://data.europa.eu/esco/skill/d8567009-7c6f-43fb-82fb-7154ed8ebca9', 'http://data.europa.eu/esco/skill/eb0e5615-1575-4a86-a1a2-7d39595033c5', 'http://data.europa.eu/esco/skill/f08e2bd6-0366-4948-a670-1f03f130126f', 'http://data.europa.eu/esco/skill/f0de4973-0a70-4644-8fd4-3a97080476f4', 'http://data.europa.eu/esco/skill/f84a433f-34f1-4083-b0a3-24802623509c', 'http://data.europa.eu/esco/skill/f9670490-8aa4-4540-b121-d440a8294aab', 'http://data.europa.eu/esco/skill/fecf8a0d-62c4-4e71-9b03-0f4fc2ad7bf5']","['http://data.europa.eu/esco/occupation/106f79e4-6264-45f1-9e7a-297435cd684b', 'http://data.europa.eu/esco/occupation/2c9939ef-ebab-4111-8f27-605ae8782791', 'http://data.europa.eu/esco/occupation/2fb96c6c-8d0b-4ef0-b1ee-3e493305e4eb', 'http://data.europa.eu/esco/occupation/ab7bccb2-6f81-4a3d-a0c0-fca5d47d2775', 'http://data.europa.eu/esco/occupation/cc867bee-ab5c-427f-9244-f7a204d9574b', 'http://data.europa.eu/esco/occupation/f31f487b-4ce2-40f3-90e8-7d0011b4ef1d', 'http://data.europa.eu/esco/isco/C2512']"
1939818,Senior Software Frontend Engineer,"Who We Are
Kariera Group is a leading key player for recruiting in the global job market. We empower employment through every product, service or initiative we produce and support, across Europe and Asia. We have one clear mission: to match the perfect candidate with the right job!
 
About the Role
We are seeking an experienced and passionate Senior Frontend Engineer to join our growing, fully remote team. In this role, you’ll lead the development of high-performance, scalable user interfaces for our products, working closely with cross-functional teams to deliver exceptional user experiences.
As a senior engineer, you’ll take ownership of frontend architecture, drive best practices, and mentor junior developers - all while working with cutting-edge technologies like React, TypeScript, and Next.js.
If you’re excited by the challenge of building world-class interfaces and want to have a real impact, we’d love to hear from you!
 
Key Responsibilities


UI/UX Development:


Design, build, and maintain responsive, dynamic frontend applications using modern frameworks.


Collaborate with designers to bring intuitive, accessible, and engaging interfaces to life.




Collaboration:


Work closely with product managers, designers, and backend engineers to turn concepts into reality.




State Management & APIs:


Architect solutions that integrate seamlessly with backend services via RESTful APIs.


Use tools like Redux or Context API for state management.




Performance Optimization:


Ensure applications are fast, efficient, and scalable across all devices and browsers.




Technical Leadership:


Mentor junior developers and foster a culture of learning.


Lead code reviews and promote coding standards and best practices.




Testing & Quality Assurance:


Write and maintain unit, integration, and end-to-end tests using frameworks like Jest or Cypress.




Continuous Improvement:


Contribute to CI/CD pipelines.


Help evolve our frontend development processes to keep us at the cutting edge.




 
What We’re Looking For


Experience: 5+ years in frontend development, with at least 2 years in a senior role.


Tech Stack: Strong proficiency in React, TypeScript, and Next.js.


Tools & Processes: Familiarity with build tools (Webpack, Babel) and version control systems (Git).


Architecture Knowledge: Solid understanding of component-driven design, responsive layouts, and performance optimization techniques.


Testing Experience: Hands-on experience with automated testing frameworks.


Bonus Points:


Experience with cloud platforms (AWS, GCP, or Azure).


Familiarity with Docker, mobile-first design, and accessibility standards.




 
What We Offer


Competitive Compensation: Salary and bonus aligned with the role’s impact.


Private Health Insurance: Comprehensive coverage for your peace of mind.


Remote-First Culture: Work from anywhere, with the option to visit our Athens office whenever you like.


Award-Winning Office Space: Our Omikron Building features an in-house gym and an onsite restaurant.


Growth & Learning: Access to ongoing training, challenging projects, and career development opportunities.


Team Culture: A collaborative, inclusive, and innovative work environment where your ideas matter.


 
If you’re ready to shape the future of our frontend technology stack and make a tangible impact, we’d love to have you on board!
 ",Senior,Full-time,"Gerakas, Greece",EL,2025-03-07,kariera.gr,209120,,"['http://data.europa.eu/esco/skill/0550431f-9c8b-4204-9c45-59bc5feacf06', 'http://data.europa.eu/esco/skill/1177c6f5-09c5-4c35-873c-afd22d170ad3', 'http://data.europa.eu/esco/skill/6ad40ca3-dc34-4442-b23f-0b1b28936f56', 'http://data.europa.eu/esco/skill/867137fb-ff1b-4ca3-99f3-cb6969aa2c68', 'http://data.europa.eu/esco/skill/9d2e926f-53d9-41f5-98f3-19dfaa687f3f', 'http://data.europa.eu/esco/skill/d52382fe-f236-421f-95fe-34fe69d48dbd']","['http://data.europa.eu/esco/occupation/00030d09-2b3a-4efd-87cc-c4ea39d27c34', 'http://data.europa.eu/esco/occupation/866c7813-2c03-47d7-9bdc-192cfbace57c', 'http://data.europa.eu/esco/occupation/8a0afc76-4a09-449a-9e7b-a33495889f95', 'http://data.europa.eu/esco/occupation/ab360abd-32e2-4e03-967d-a10758efffa7', 'http://data.europa.eu/esco/occupation/ab7bccb2-6f81-4a3d-a0c0-fca5d47d2775', 'http://data.europa.eu/esco/occupation/ed976196-3d5d-4121-9367-e1022af603fa', 'http://data.europa.eu/esco/occupation/f2b15a0e-e65a-438a-affb-29b9d50b77d1']"
1946487,Angular/Java Software Engineer,"We currently have an opening for an ambitious and highly motivated Angular/Java Software Engineer to join our development team in Athens. The successful candidate will join a highly professional team of Software Engineers that use state-of-the-art technologies to implement challenging custom in-house software projects.
Main Responsibilities And Tasks
Develop front end using Angular frameworkDevelop and maintain Java EE/Angular applicationsImplementation, testing and documentation of enterprise level tailor made multi-tier applicationsParticipate in the entire application life cycle, focusing on coding and debuggingWrite clean code to develop functional web applicationsBuild reusable code and libraries for future useLiaise with developers, designers and system administrators to identify new features
Requirements
Bachelor’s degree in Computer Science or other relevant fieldMinimum 2-3 years of experience with the full software development life cycle in developing Spring framework/Spring Boot or Java/JEE applicationsSolid background in Object Oriented Analysis and DesignExcellent knowledge of Angular, Typescript, HTML, and CSSExcellent knowledge of JEE, Spring Boot, and ORM (JPA2, Hibernate)Very good knowledge of Relational Databases (preferred Oracle DB, PostgreSQL)Experience in Git, Maven, and DockerExcellent written and oral use of English 
Experience in the following technologies will be considered an asset:
Development of SOAP or Restful Web ServicesJEE Application Servers (i.e. WildFly)",Mid-level,Full-time,"Alimos, Greece",EL,2025-03-07,kariera.gr,209390,,"['http://data.europa.eu/esco/skill/013441c1-1f13-47e9-80c4-9a53e8e1bc05', 'http://data.europa.eu/esco/skill/0af062de-eb43-41e9-9b96-249e2cd22d26', 'http://data.europa.eu/esco/skill/0d168770-4d9c-4096-b048-a6577818d306', 'http://data.europa.eu/esco/skill/867137fb-ff1b-4ca3-99f3-cb6969aa2c68', 'http://data.europa.eu/esco/skill/a8797f21-1af0-4c5e-98ca-bf1442929363', 'http://data.europa.eu/esco/skill/d52382fe-f236-421f-95fe-34fe69d48dbd']","['http://data.europa.eu/esco/occupation/39e06c20-d262-44f9-a6a8-a0f3ba9e887c', 'http://data.europa.eu/esco/occupation/9e2e6e1e-363b-4e1b-a673-7bc0f7343300', 'http://data.europa.eu/esco/occupation/ab7bccb2-6f81-4a3d-a0c0-fca5d47d2775', 'http://data.europa.eu/esco/isco/C13']"
2082261,"Angular Developers – Cyprus, Greece or Remote","Angular Developers – Cyprus, Greece or Remote 
 
The Role: 
As an Angular Developer you will join a fast-growing team of highly skilled professionals. Your focus will be to deliver high quality code in existing and new Angular client-facing applications. In addition, you will have the opportunity to share your knowledge amongst other IT professionals and evolve in your career by pushing Angular to its limits.
The main responsibilities of the position include:

Build advanced front-end applications with the Angular Framework
Follow test-driven development, continuous integration and agile methodologies
Review code from other developers
Continuously monitor and improve application reliability and optimise performance
Run unit testing and automation testing
Contribute to system design and architecture

 
Main requirements:

Degree in computer science, engineering, or any other related degree
At least 1 year of work experience in Angular 2+ and TypeScript
At least 5 years of work experience in JavaScript development
Proven experience with REST APIs
Experience with CSS/SCSS
Experience with unit tests using Jasmine and Karma
Experience with Git
Excellent understanding of algorithmic complexity, data structures, OOP Principles
Solid understanding of the full development life cycle
Very good communication and interpersonal skills
Self-motivated with a passion for professional development
Fluency in English

 
The following will be considered an advantage:

Knowledge of NestJS
Familiarity with AWS Services
Familiarity with CI/CD concepts
Work portfolio of open-source projects and technical blogs, working knowledge of Node.js

Benefit from:

Attractive remuneration package plus performance related reward  
Intellectually stimulating work environment
Food allowance
Continuous personal development and international training opportunities
Attractive relocation package and support for a smooth relocation for you and your family

Type of employment: Full-time
Location: Cyprus, Greece or Remote
Please visit our website www.xm.com/careers to submit your online application for this position.
 
All applications will be treated with strict confidentiality!
 ",Mid-level,Full-time,"Athens, Greece",EL,2025-04-04,kariera.gr,216101,61052.0,"['http://data.europa.eu/esco/skill/519e801b-3cc4-44d4-bcf1-32fdb9a77e51', 'http://data.europa.eu/esco/skill/7557f0f4-b8bc-4ac0-b91e-222ab1ba744f', 'http://data.europa.eu/esco/skill/867137fb-ff1b-4ca3-99f3-cb6969aa2c68', 'http://data.europa.eu/esco/skill/a8d24a95-47b3-4f88-92e7-06600bcd3612', 'http://data.europa.eu/esco/skill/dba46f87-0831-49cd-a1c7-340a653c0221', 'http://data.europa.eu/esco/skill/fecf8a0d-62c4-4e71-9b03-0f4fc2ad7bf5']","['http://data.europa.eu/esco/isco/C2', 'http://data.europa.eu/esco/isco/C214']"
2082266,"Angular Developers – Cyprus, Greece or Remote","Angular Developers – Cyprus, Greece or Remote 
 
The Role: 
As an Angular Developer you will join a fast-growing team of highly skilled professionals. Your focus will be to deliver high quality code in existing and new Angular client-facing applications. In addition, you will have the opportunity to share your knowledge amongst other IT professionals and evolve in your career by pushing Angular to its limits.
The main responsibilities of the position include:

Build advanced front-end applications with the Angular Framework
Follow test-driven development, continuous integration and agile methodologies
Review code from other developers
Continuously monitor and improve application reliability and optimise performance
Run unit testing and automation testing
Contribute to system design and architecture

 
Main requirements:

Degree in computer science, engineering, or any other related degree
At least 1 year of work experience in Angular 2+ and TypeScript
At least 5 years of work experience in JavaScript development
Proven experience with REST APIs
Experience with CSS/SCSS
Experience with unit tests using Jasmine and Karma
Experience with Git
Excellent understanding of algorithmic complexity, data structures, OOP Principles
Solid understanding of the full development life cycle
Very good communication and interpersonal skills
Self-motivated with a passion for professional development
Fluency in English

 
The following will be considered an advantage:

Knowledge of NestJS
Familiarity with AWS Services
Familiarity with CI/CD concepts
Work portfolio of open-source projects and technical blogs, working knowledge of Node.js

Benefit from:

Attractive remuneration package plus performance related reward  
Intellectually stimulating work environment
Food allowance
Continuous personal development and international training opportunities
Attractive relocation package and support for a smooth relocation for you and your family

Type of employment: Full-time
Location: Cyprus, Greece or Remote
Please visit our website www.xm.com/careers to submit your online application for this position.
 
All applications will be treated with strict confidentiality!
 ",Mid-level,Full-time,"Athens, Greece",EL,2025-04-04,kariera.gr,216098,61052.0,"['http://data.europa.eu/esco/skill/519e801b-3cc4-44d4-bcf1-32fdb9a77e51', 'http://data.europa.eu/esco/skill/7557f0f4-b8bc-4ac0-b91e-222ab1ba744f', 'http://data.europa.eu/esco/skill/867137fb-ff1b-4ca3-99f3-cb6969aa2c68', 'http://data.europa.eu/esco/skill/a8d24a95-47b3-4f88-92e7-06600bcd3612', 'http://data.europa.eu/esco/skill/dba46f87-0831-49cd-a1c7-340a653c0221', 'http://data.europa.eu/esco/skill/fecf8a0d-62c4-4e71-9b03-0f4fc2ad7bf5']","['http://data.europa.eu/esco/isco/C2', 'http://data.europa.eu/esco/isco/C214']"
2773837,Full Stack Developer,"About Us
SurPrice Mobility is a leading company in the Car Rental and Mobility industry, known for its dedication to delivering quality services at competitive rates. With flexible terms, 24-hour customer support, and a customer-first approach, we aim to redefine mobility solutions globally.
As we expand our portfolio of innovative services, we're investing heavily in our in-house development team to help shape the future of our digital ecosystem. Join us at this exciting juncture as we reimagine our core systems and take on ambitious projects that will impact the experience of thousands of users worldwide.
 
We are seeking a passionate and experienced Full-Stack Developerto join our dynamic team. This role offers the opportunity to work on cutting-edge technologies and play a key role in building our systems from the ground up. As we embark on rewriting and modernizing our core platforms, you’ll have a chance to design, develop, and shape the architecture of critical services and applications.
This position is ideal for someone who thrives on solving complex challenges, values clean and efficient code, and is eager to mentor and collaborate with a talented team of developers.
 
Your Responsibilities
· Design, develop, and deploy scalable services and applications that align with business goals and technical specifications.
· Provide constructive feedback on technical designs and specifications, helping to refine and enhance project objectives.
· Act as a mentor and guide to junior developers, fostering a culture of knowledge sharing and continuous improvement.
· Collaborate with cross-functional teams to ensure seamless integration of services and technologies.
· Contribute to system architecture and design discussions, bringing innovative ideas and best practices to the table.
· Continuously refine your skills and stay updated on emerging technologies to deliver the best solutions.
 
What We’re Looking For
· Experience:5+ years of hands-on development experience.
· Technical Expertise:
o Expert frontend knowledge, specifically with HTML, CSS, and React (required)
o Strong proficiency in Node.js and TypeScript(required)
o Experience working with event-driven microservices
o Proficiency with AWS, GCP, or other cloud platforms, with a solid understanding of cloud-native design
o Familiarity with CI/CD pipelines, Git version control, and containerization tools like Docker.
· Problem-Solving:Exceptional analytical and troubleshooting skills to handle complex scenarios.
· Communication:Fluent in English with excellent written and verbal communication skills.
 
What We Offer
· Remote-First Culture:Enjoy the freedom of working fully remotely from anywhere.
· Flexibility:Flexible working hours that allow you to balance professional and personal commitments.
· Challenging Projects:Work on exciting, impactful projects that redefine our industry.
· Growth Opportunities:A supportive environment where you can expand your skills, take ownership of key initiatives, and advance your career.
· Collaborative Team:Join a team of talented, driven professionals committed to delivering excellence.
 
Be part of a forward-thinking company where your contributions will directly influence our success and shape the future of mobility solutions.
If you’re ready to make a difference and grow with us, apply today!",Mid-level,Full-time,"Athens, Greece",EL,2025-05-08,kariera.gr,223723,61090.0,"['http://data.europa.eu/esco/skill/0550431f-9c8b-4204-9c45-59bc5feacf06', 'http://data.europa.eu/esco/skill/0af062de-eb43-41e9-9b96-249e2cd22d26', 'http://data.europa.eu/esco/skill/0da516ee-e70e-4384-be13-f5ff80be8127', 'http://data.europa.eu/esco/skill/2857540c-180b-4208-9127-e94a01871966', 'http://data.europa.eu/esco/skill/3993c87c-7719-4186-811b-8ddfb40e76be', 'http://data.europa.eu/esco/skill/a06a0d41-10fa-4ba7-a988-e8b5eba966fb', 'http://data.europa.eu/esco/skill/a15dab55-f1da-4f85-ae3e-2b5c5b5333ca', 'http://data.europa.eu/esco/skill/c475b9cd-148b-4854-b13e-1e1a86231943', 'http://data.europa.eu/esco/skill/c624c6a3-b0ba-4a31-a296-0d433fe47e41', 'http://data.europa.eu/esco/skill/c69587b4-05d3-45bb-b79b-9b85e6603fc2', 'http://data.europa.eu/esco/skill/e76dd90d-91c4-49c0-bfd0-dfa2c4c90c81']","['http://data.europa.eu/esco/occupation/349ee6f6-c295-4c38-9b98-48765b55280e', 'http://data.europa.eu/esco/occupation/3b129d8d-268e-465a-b0c5-bf32cae59a41', 'http://data.europa.eu/esco/occupation/812c217d-32b7-4f6a-9faf-993d3577ac7f', 'http://data.europa.eu/esco/occupation/8cb59bc4-1f39-477e-beea-effed12d186c', 'http://data.europa.eu/esco/occupation/f2b15a0e-e65a-438a-affb-29b9d50b77d1']"
2780430,"Angular Developers – Cyprus, Greece or Remote","Angular Developers – Cyprus, Greece or Remote 
 
The Role: 
As an Angular Developer you will join a fast-growing team of highly skilled professionals. Your focus will be to deliver high quality code in existing and new Angular client-facing applications. In addition, you will have the opportunity to share your knowledge amongst other IT professionals and evolve in your career by pushing Angular to its limits.
The main responsibilities of the position include:

Build advanced front-end applications with the Angular Framework
Follow test-driven development, continuous integration and agile methodologies
Review code from other developers
Continuously monitor and improve application reliability and optimise performance
Run unit testing and automation testing
Contribute to system design and architecture

 
Main requirements:

Degree in computer science, engineering, or any other related degree
At least 1 year of work experience in Angular 2+ and TypeScript
At least 5 years of work experience in JavaScript development
Proven experience with REST APIs
Experience with CSS/SCSS
Experience with unit tests using Jasmine and Karma
Experience with Git
Excellent understanding of algorithmic complexity, data structures, OOP Principles
Solid understanding of the full development life cycle
Very good communication and interpersonal skills
Self-motivated with a passion for professional development
Fluency in English

 
The following will be considered an advantage:

Knowledge of NestJS
Familiarity with AWS Services
Familiarity with CI/CD concepts
Work portfolio of open-source projects and technical blogs, working knowledge of Node.js

Benefit from:

Attractive remuneration package plus performance related reward  
Intellectually stimulating work environment
Food allowance
Continuous personal development and international training opportunities
Attractive relocation package and support for a smooth relocation for you and your family

Type of employment: Full-time
Location: Cyprus, Greece or Remote
Please visit our website www.xm.com/careers to submit your online application for this position.
 
All applications will be treated with strict confidentiality!
 ",Mid-level,Full-time,"Athens, Greece",EL,2025-05-19,kariera.gr,226260,61052.0,"['http://data.europa.eu/esco/skill/519e801b-3cc4-44d4-bcf1-32fdb9a77e51', 'http://data.europa.eu/esco/skill/7557f0f4-b8bc-4ac0-b91e-222ab1ba744f', 'http://data.europa.eu/esco/skill/867137fb-ff1b-4ca3-99f3-cb6969aa2c68', 'http://data.europa.eu/esco/skill/a8d24a95-47b3-4f88-92e7-06600bcd3612', 'http://data.europa.eu/esco/skill/dba46f87-0831-49cd-a1c7-340a653c0221', 'http://data.europa.eu/esco/skill/fecf8a0d-62c4-4e71-9b03-0f4fc2ad7bf5']","['http://data.europa.eu/esco/isco/C2', 'http://data.europa.eu/esco/isco/C214']"
2783371,Experienced Java Developer @ Thessaloniki,"What Impact will you make?
Experienced Java Developer @ Deloitte Competence Center
Are you looking for an opportunity in Thessaloniki that offers you a hybrid working model?
Are you ready to work on international projects for industry-leading clients around the world and elevate your tech consulting career to an international level?
If so, check below for more info about this career opportunity!
You bring passion, we bring opportunities!
 
#YourOpportunity
Deloitte is a worldwide leader in Professional Services with a presence in more than 150 countries and territories. Since 2018, Deloitte has been operating its Competence Center in Thessaloniki with satellites in the cities of Patras, Heraklion, and Ioannina - which are model hubs of expertise, training, and innovation, specializing in cutting-edge exponential technologies, in which graduates and young professionals undergo immersive experiences, continuous learning, gaining practical insights and hands-on training that empower them to navigate the complexities of the digital landscape.
Deloitte is an ideal working environment for both young and senior professionals who want to take the next step in their careers, offering them a supportive and international working environment that leverages their expertise and potential. Its corporate culture is based on trust and collaboration and ensures diversity and inclusion so that everyone feels part of a great team.
 
#YourServiceLine
Technology & Transformation​
Our Technology & Transformation teams empower organizations to navigate the future through technology-driven business transformation. Combining deep industry knowledge with cutting-edge technology, we deliver tailored solutions that drive innovation, enhance efficiency, promote cybersecurity, and foster sustainable growth.​
 
#AboutYourTeam
Our Application Modernization practices support our customers, in various projects, in understanding and adopting the most advanced technological solutions.
You will be part of a project delivery team, with colleagues in Greece but as well as members of other international offices, including Italy. Delivering front and / or back-end development tasks, as part of an Agile Scrum team. The projects will focus on the delivery of Cloud based and or related solutions and/or on cutting edge integration tools.
You will be responsible to:

Proactively interpret customer needs, identifying coherent methodologies and approaches; 
Develop initiatives and solutions independently, collecting and structuring data and carrying out analysis to support business decisions;
Enhance the contribution of the most junior colleagues and contribute to their growth. 

 
 
#OurRequirements
Key Qualifications

Own a degree from a University or Technological Educational Institution in Informatics, Computer Science, Software Engineering or similar technical course of study
Integration at a consultancy firm or software house
Experience on modern enterprise tools and platforms, such as Java, Python, Typescript, Angular, Spring Boot, Spark, Mongo DB, Kafka
Knowledge of Relational Databases
Competence of the main web communication protocols such as REST, SOAP, XML, JSON
Excellent communication and interpersonal skills.
Ability and willingness to work in a team, but also autonomously if necessary
High motivation for consulting field
Excellent knowledge of written and spoken English

Bonus Qualifications

Knowledge of design and architectural pattern
Exposure to any major public cloud platform (e.g., AWS, Azure, GCP)

 
#WhoWeAreLookingFor
Individuals who have a strong will to expand their knowledge of new technologies, a passion to grow within the company and aspirations for career growth. At Deloitte we foster a consultative culture because the best decisions are made in collaboration with others. We approach our work with a collaborative mindset, teaming across businesses, geographies, and skill sets to deliver tangible, measurable, attributable impact. These are not aspirations, but principles that we all commit to today and every day.
 
#WhatWeOffer
At Deloitte, we know that great people make a great organization. We value our people and offer employees a broad range of benefits:

Modern hybrid workplace, characterized by flexibility and Smart Working
Empowered well-being: We provide multiple program offerings to support your well-being needs (flexible working arrangements, extra days of leave, parental allowances)
Engagement within international large-scale teams and projects, with opportunities to travel for training or client purposes.
Constant opportunities for learning with unlimited access to internal and external learning platforms and sponsored certificates aligned with business needs and technology trends
Challenging and innovating environment where personal development and growth are encouraged, always with transparency and trust
Diverse culture and active communities that enable you to bring yourself to work 
Team Building and Corporate Social Responsibility Activities
A buddy to support you with your onboarding
Private medical health insurance plan
Ticket restaurant card
Exclusive Discounts to several retail providers, restaurants and others
Mobile phone
Fresh fruits and unlimited coffee every day at our offices  

Please note that all the well-being benefits mentioned above are subject to annual review 
 





#AboutDeloitte
#OurServices
Deloitte offers integrated services that include Audit & Assurance, Tax and Legal, Strategy-Risk & Transactions Advisory, and Technology & Transformation. Our approach combines insight and innovation from multiple disciplines with global business and industry expertise to help our clients excel anywhere in the world. We deliver outstanding impact on the reputation and success of our clients, in Italy and globally. In pursuing this we contribute to a sustainable and prosperous society, and are firm believers in the positive impact business can and should have on the world it operates within.
#OurPurpose
We are led by a purpose, to make an impact that matters with clients, people and society. This purpose defines who we are and what we stand for. It's not about being the biggest. It’s about being the first choice for the largest and most influential clients, and the first choice for the best talent.
#OurValues
At Deloitte we foster a collaborative culture where talented individuals can produce their best work. We value innovative thinking, diverse insights and a genuinely distinctive level of customer service through our expertise and professionalism. We value difference, with respect at the heart of our inclusive culture.
#OurTalentExperience
From day one at our firm, practitioners are part of a community. Our development and career progression framework will help them develop the skills and capabilities to succeed. The wellness of our people and the ability to offer agile working arrangements is at the center of our unique talent experience. We create a workplace that encourages collaboration, creativity, inclusiveness to ensure our staff are supported, encouraged and feel a sense of purpose and meaning in what they do each day.
 
Sounds like the sort of role for you? Apply now.
Location: Thessaloniki
 
This document has been prepared by Deloitte Business Solutions Societe Anonyme of Business Consultants, Deloitte Certified Public Accountants Societe Anonyme and Deloitte Alexander Competence Center Single Member Societe Anonyme of Business Consultants. 


Deloitte Business Solutions Societe Anonyme of Business Consultants, a Greek company, registered in Greece with registered number 000665201000 and its registered office at Marousi Attica, 3a Fragkokklisias & Granikou str., 151 25, Deloitte Certified Public Accountants Societe Anonyme, a Greek company, registered in Greece with registered number 0001223601000 and its registered office at Marousi, Attica, 3a Fragkokklisias & Granikou str., 151 25 and Deloitte Alexander Competence Center Single Member Societe Anonyme of Business Consultants, a Greek company, registered in Greece with registered number 144724504000 and its registered office at Thessaloniki, Municipality of Pylaia - Chortiatis of Thessaloniki, Vepe Technopolis Thessaloniki (5th and 3rd street), are one of the Deloitte Central Mediterranean S.r.l. (“DCM”) countries. DCM, a company limited by guarantee registered in Italy with registered number 09599600963 and its registered office at Via Tortona no. 25, 20144, Milan, Italy is one of the Deloitte NSE LLP geographies. Deloitte NSE LLP is a UK limited liability partnership and member firm of Deloitte Touche Tohmatsu Limited, a UK private company limited by guarantee. 
Deloitte refers to one or more of Deloitte Touche Tohmatsu Limited (“DTTL”), its global network of member firms and their related entities (collectively, the “Deloitte organization”). DTTL (also referred to as “Deloitte Global”) and each of its member firms and related entities are legally separate and independent entities, which cannot obligate or bind each other in respect of third parties. DTTL and each DTTL member firm and related entity is liable only for its own acts and omissions, and not those of any of each other. DTTL does not provide services to clients. Please see www.deloitte.com/ about to learn more. 
DTTL, Deloitte NSE LLP and Deloitte Central Mediterranean S.r.l. do not provide services to clients. Please see www.deloitte.com/about to learn more about our global network of member firms. 
Deloitte is a leading global provider of audit and assurance, consulting, financial advisory, risk advisory, tax and related services. Our global network of member firms and related entities in more than 150 countries and territories serves four out of five Fortune Global 500® companies. Learn how Deloitte’s approximately 460,300 people make an impact that matters at www.deloitte.com. 
This communication contains general information only, and Deloitte Business Solutions Societe Anonyme of Business Consultants, Deloitte Certified Public Accountants Societe Anonyme and Deloitte Alexander Competence Center Single Member Societe Anonyme of Business Consultants, is not, by means of this communication, rendering professional advice or services. Before making any decision or taking any action that may affect your finances or your business, you should consult a qualified professional adviser. No entity in the Deloitte organization shall be responsible for any loss whatsoever sustained by any person who relies on this communication. Deloitte organization refers to Deloitte Touche Tohmatsu Limited (“DTTL”), its global network of member firms and their related entities collectively.
© 2025 For more information contact Deloitte Central Mediterranean.",Mid-level,Full-time,"Thessaloniki, Greece",EL,2025-06-05,kariera.gr,230636,61820.0,"['http://data.europa.eu/esco/skill/082967d4-b94c-4305-aa13-35a6aa8c5c7c', 'http://data.europa.eu/esco/skill/19a8293b-8e95-4de3-983f-77484079c389', 'http://data.europa.eu/esco/skill/1ffac4ac-fda7-407d-8ed1-ca8f4a8dc146', 'http://data.europa.eu/esco/skill/2a2fa8e8-aaf3-4abf-a60b-af6415f1c6d4', 'http://data.europa.eu/esco/skill/2fb8480e-de3c-462b-b169-e8bbb344da68', 'http://data.europa.eu/esco/skill/54d774a3-de3b-4425-b0d7-c03bc99a0937', 'http://data.europa.eu/esco/skill/5b26f08b-88bc-45f0-b901-530d7786466b', 'http://data.europa.eu/esco/skill/5ca953f7-541d-4f67-bc55-7721348366cf', 'http://data.europa.eu/esco/skill/651d7458-ff97-4bee-9290-af375c7ff25f', 'http://data.europa.eu/esco/skill/68698869-c13c-4563-adc7-118b7644f45d', 'http://data.europa.eu/esco/skill/7369f779-4b71-4aab-8836-48b69c676eec', 'http://data.europa.eu/esco/skill/7a17d7ce-01a2-4746-bbcc-22ffe22fa16e', 'http://data.europa.eu/esco/skill/7fc4c18a-68f3-425a-aadf-f83633be47a1', 'http://data.europa.eu/esco/skill/867137fb-ff1b-4ca3-99f3-cb6969aa2c68', 'http://data.europa.eu/esco/skill/8c4c49d4-9708-433f-8ca7-bf2c5211ee49', 'http://data.europa.eu/esco/skill/9531fe02-1e1f-4a36-95f7-a76a77cd4b8d', 'http://data.europa.eu/esco/skill/b19e0820-a96f-4c0a-a724-3c056180c1b3', 'http://data.europa.eu/esco/skill/c2a0c52c-0b4b-4180-a918-92650ea3b458', 'http://data.europa.eu/esco/skill/ccd0a1d9-afda-43d9-b901-96344886e14d', 'http://data.europa.eu/esco/skill/ce4cbc3a-bde0-43b4-9526-e643c4fe5b04', 'http://data.europa.eu/esco/skill/dba46f87-0831-49cd-a1c7-340a653c0221', 'http://data.europa.eu/esco/skill/fecf8a0d-62c4-4e71-9b03-0f4fc2ad7bf5']","['http://data.europa.eu/esco/occupation/0ce5a9f4-e00a-4bbe-b255-3c63407167a4', 'http://data.europa.eu/esco/occupation/2fb96c6c-8d0b-4ef0-b1ee-3e493305e4eb', 'http://data.europa.eu/esco/occupation/57af9090-55b4-4911-b2d0-86db01c00b02', 'http://data.europa.eu/esco/occupation/9e285322-2cfa-430f-9b66-41be57d698e2', 'http://data.europa.eu/esco/occupation/d5db9d5c-2ebf-4a54-a79a-1b7e7ff70471', 'http://data.europa.eu/esco/isco/C2']"
2783409,SW QA Engineer,"In Thessaloniki, GWF has established a modern Development Center whose mission is to create fresh smart-metering and IoT solutions that reshape traditional utilities toward smart city paradigms. We want to contribute to the local tech ecosystem and at the same time drive the company’s international growth. The team offers a vibrant environment, passionate bright colleagues, and a clear goal to transform IoT data into modern applications.
 
Key Responsibilities

Participate in the verification and validation testing of digital products. Understand product requirements and specifications, and identify problems in them, especially from the testing/testability viewpoint. Contribute to test plans with well-designed test cases for specific parts of the products. Execute automated and manual testing to verify and validate functionality.
Assist in harmonizing processes, tools, and methodologies for the functional workstream. Follow best practices and team recommendations and identify challenges in them.
Collaborate with development, testing and project and product management teams and document your work. Participate in relevant peer and code reviews. Actively participate in and contribute to team processes including planning, dailies, standups, retros, etc. Create and maintain synoptical and detailed documentation.
Contribute to a healthy local company culture. Embrace company vision, values, and mission.
Contribute towards program goals, ensuring schedules are met and deliverables are signed off in time, scope, and budget.
Assist in the evaluation of new and existing technologies to propose how they could be applied in new ways to solve problems (incl. pre-development/pre-studies).
Focus on growing as an engineer, learning existing tools, resources and processes.

 
Essential skills

Linux (also in the embedded systems context)
Python
CI/CD & DevOps (azure pipelines and similar, Jenkins and similar)
Test mentality (experience, mentality, diligence, completeness, coming up with Test cases, redacting test plans)
Digital Product Testing (Playwright, Appium, Espresso, Selenium)

 
Important skills

Networking (layers, protocols, TCP/IP)
Version control systems (git, branching models)
Full stack fundamentals: Frontend (HTML, CSS, JavaScript, TypeScript, React - Remix, Next.js), Backend (Django, FastAPI), Databases (SQL, PostgreSQL, Redis)
Cloud Services (Azure: API management, Logic apps, Function apps, Event Hubs, Service Bus, Webapps)
Test automation (relevant frameworks, triggering strategies, nightly/weekly tests, test setups on-prem & cloud)

 
2+ years of experience in testing, relevant certifications (e.g. ISTQB, CSTE, or relevant) and a degree in Electrical Engineering, Computer Science, or similar rounds up your profile.
 
We offer

A pleasant, fun and achievement-oriented environment
Learning and growth opportunities in an international company setup
Full support for relevant training & lifelong learning initiatives
Medical Coverage Package
Modern, bright office with parking space, located close to the airport
Company Sponsored events

  Interested? We look forward to receiving your complete application documents.",Mid-level,Full-time,"Thermi, Greece",EL,2025-06-05,kariera.gr,230624,63630.0,"['http://data.europa.eu/esco/skill/1f1d2ff8-c4c1-45cc-9812-6a7ee84a73cb', 'http://data.europa.eu/esco/skill/2180bd8c-86de-4889-8165-adac902eee9d', 'http://data.europa.eu/esco/skill/385479b7-5da5-4367-9763-0d15b41bb65b', 'http://data.europa.eu/esco/skill/43ae58b9-5e56-4524-b45a-b422777a0576', 'http://data.europa.eu/esco/skill/5b26f08b-88bc-45f0-b901-530d7786466b', 'http://data.europa.eu/esco/skill/5d74614d-32c8-4ca4-9818-6980e52424b1', 'http://data.europa.eu/esco/skill/6e4f75b4-c60f-4623-a9ba-760c8245753b', 'http://data.europa.eu/esco/skill/71a495fe-fd76-4a70-8d77-2ef99c5ce30d', 'http://data.europa.eu/esco/skill/7d9bace0-63d0-4848-ac87-350a98082c12', 'http://data.europa.eu/esco/skill/867137fb-ff1b-4ca3-99f3-cb6969aa2c68', 'http://data.europa.eu/esco/skill/97e077b3-c517-4cd9-9486-0818b1da6a90', 'http://data.europa.eu/esco/skill/9d2e926f-53d9-41f5-98f3-19dfaa687f3f', 'http://data.europa.eu/esco/skill/a8d07b5a-c1a1-42c6-9d53-db9c7a2ca996', 'http://data.europa.eu/esco/skill/ccd0a1d9-afda-43d9-b901-96344886e14d', 'http://data.europa.eu/esco/skill/da56feea-941c-4ff6-b573-bb16ccbde670', 'http://data.europa.eu/esco/skill/f47a1998-0beb-43be-9f46-380aa4d183da']","['http://data.europa.eu/esco/occupation/86ca306c-ab99-420a-9e2a-aa73c5c4de22', 'http://data.europa.eu/esco/occupation/9f508305-80ce-4111-8722-f2c9b4a44890']"
2783627,Front-end Developer with Angular (Mid-Senior) @ Thessaloniki,"What Impact will you make?
Front-end Developer with Angular (Mid-Senior) @ Deloitte Competence Center
Are you looking for an opportunity in Thessaloniki that offers you a hybrid working model?
Are you ready to work on international projects for industry-leading clients around the world and elevate your tech consulting career to an international level?
If so, check below for more info about this career opportunity!
You bring passion, we bring opportunities!
 
 
#YourOpportunity
Deloitte is a worldwide leader in Professional Services with a presence in more than 150 countries and territories. Since 2018, Deloitte has been operating its Alexander Competence Center in Thessaloniki with satellites in the cities of Patras, Heraklion, and Ioannina - which are model hubs of expertise, training, and innovation, specializing in cutting-edge exponential technologies, in which graduates and young professionals undergo immersive experiences, continuous learning, gaining practical insights and hands-on training that empower them to navigate the complexities of the digital landscape.
Deloitte is an ideal working environment for both young and senior professionals who want to take the next step in their careers, offering them a supportive and international working environment that leverages their expertise and potential. Its corporate culture is based on trust and collaboration and ensures diversity and inclusion so that everyone feels part of a great team.
 
 
#AboutYourTeam
Our Angular Development Team focuses on the delivery of client engagements by understanding expectations and demonstrating personal accountability for keeping performance on track, exercising effective communication and relationship-building skills, and contributing to the priorities of the team and the business. In this role, you will commit to personal learning and development and explore opportunities to make an impact by delivering exceptional client services.
During your tenure as an Angular Developer, you will demonstrate and develop your ability to:
 
 
•    Design, develop and implement complex web applications using Angular
•    Collaborate with cross-functional teams to gather requirements and design solutions that meet business needs
•    Write high-quality, clean, and maintainable code that meets development standards
•    Troubleshoot and resolve issues related to web applications and provide support to end-users
•    Participate in Agile development processes, including sprint planning, backlog grooming, and sprint retrospectives
•    Create and maintain technical documentation and user manuals for web-based solutions
•    Design and develop robust, scalable, high performing, high-volume production applications with users across the globe
•    Review and recommend improvements to existing system designs and engineering processes.
•    Develop and share reusable assets that can be readily applied to new projects
 
 
#OurRequierements
 
 
Key Qualifications
To qualify for the role, you must have:•    University Degree in Computer Engineering / Science, Mathematics, Information Technology or related field
•    Master’s Degree in Information Technology or Computer Engineering / Science would be considered a plus
•    At least 2 years of relevant working experience
•    Strong knowledge of Angular and TypeScript
•    Experience with HTML, CSS, and JavaScript
•    Ability to work independently and as part of a team in a fast-paced environment
•    Excellent problem-solving and analytical skills
•    Strong communication and interpersonal skills
•    Familiarity with RESTful APIs to connect web applications to backend services
•    Agile/SCRUM Software Development Process experience will be considered a plus
•    Ability to design data-based solutions that enable the client’s technology agenda, and communicate market trends and potential impacts effectively to the client
•    Strong interpersonal and communications skills in Greek and English
 
 
#WhoWeAreLookingFor
Individuals who have a strong will to expand their knowledge of new technologies, a passion to grow within the company and aspirations for career growth. At Deloitte we foster a consultative culture because the best decisions are made in collaboration with others. We approach our work with a collaborative mindset, teaming across businesses, geographies, and skill sets to deliver tangible, measurable, attributable impact. These are not aspirations, but principles that we all commit to today and every day.
 
 
#WhatWeOffer
At Deloitte, we know that great people make a great organization. We value our people and offer employees a broad range of benefits:
🏠 Modern hybrid workplace, characterized by flexibility and Smart Working
⚖ Empowered well-being: We provide multiple program offerings to support your well-being needs (flexible working arrangements, extra days of leave, parental allowances)
🌍 Engagement within international large-scale teams and projects, with opportunities to travel for training or client purposes
📚 Constant opportunities for learning with unlimited access to internal and external learning platforms and sponsored certificates aligned with business needs and technology trends
🚀 Challenging and innovating environment where personal development and growth are encouraged, always with transparency and trust
🌈 Diverse culture and active communities that enable you to bring yourself to work
🎉 Team Building and Corporate Social Responsibility Activities
🏃 A buddy to support you with your onboarding
⚕️Private medical health insurance plan
💳 Ticket restaurant card
🏷️Exclusive Discounts to several retail providers, restaurants and others
📱Mobile phone
🍏 Fresh fruits and unlimited coffee everyday at our offices
 
We exist to solve complex problems Our consultants are renowned for their straightforward approach to solving some of the world’s largest and most complex business challenges. Each member of our  team is energized by the challenge a seemingly inscrutable problem presents. Our distinctiveness lies in our refusal to accept a problem at face value - we draw on the depth of our shared insight to ask the right questions, and it’s these questions that uncover answers - answers with impact. We are committed to collaboration Our role is to unlock potential for growth and innovation. We believe this requires real collaboration – with our own networks and with our clients. It is why we commit to truly getting under the skin of our client’s needs, developing a full appreciation for their environment, goals and ambitions. We are also unafraid to challenge.  In so doing, we build long-term and trusted affinities. We create long-term, sustainable impact We often work hand-in-hand with our clients to help find the right solution and to help apply that solution. Our aim is to leave behind ambassadors who are equipped to continue the transformation we began. For us, it is about embedding sustainable change, allowing the impact of our insight to be felt for a long time to come.
 
 #AboutDeloitte Our services Deloitte offers Global professional services that include Audit, Risk Advisory, Tax, Consulting and Financial Advisory. Our approach combines insight and innovation from multiple disciplines with global business and industry expertise to help our clients excel anywhere in the world. We deliver outstanding impact on the reputation and success of our clients, in Greece and globally. In pursuing this we contribute to a sustainable and prosperous society, and are firm believers in the positive impact business can and should have on the world it operates within. Our Purpose Our purpose, “To make an impact that matters for our clients, our people and society “- defines who we are and what we stand for. This is not about size it is about being the first choice. The first choice for the largest and most influential clients and the first choice for the best talent. Our values At Deloitte, we foster a collaborative culture where talented individuals can produce their best work. We value innovative thinking, diverse insights and a genuinely distinctive level of customer service through our expertise and professionalism. We value difference, with respect at the heart of our inclusive culture. Our talent experience From day one at our firm, practitioners are part of a community. Our development and career progression framework will help them develop the skills and capabilities to succeed. The wellness of our people and the ability to offer agile working arrangements is at the center of our unique talent experience. We create a workplace that encourages collaboration, creativity, inclusiveness to ensure our staff are supported, encouraged and feel a sense of purpose and meaning in what they do each day.
 
 
Sounds like the sort of role for you? Apply now.
Location: Thessaloniki
 
This document has been prepared by Deloitte Alexander Competence Center Single Member Societe Anonyme of Business Consultants.  Deloitte Alexander Competence Center Single Member Societe Anonyme of Business Consultants, a Greek company, registered in Greece with registered number 144724504000 and its registered office at Thessaloniki, Municipality of Pylaia - Chortiatis of Thessaloniki, Vepe Technopolis Thessaloniki (5th and 3rd street), is one of the Deloitte Central Mediterranean S.r.l. (“DCM”) Countries. DCM, a company limited by guarantee registered in Italy with registered number 09599600963 and its registered office at Via Tortona no. 25, 20144, Milan, Italy is one of the Deloitte NSE LLP Geographies. Deloitte NSE LLP is a UK limited liability partnership and member firm of Deloitte Touche Tohmatsu Limited, a UK private company limited by guarantee (“DTTL”).DTTL and each of its member firms are legally separate and independent entities. DTTL, Deloitte NSE LLP and Deloitte Central Mediterranean S.r.l. do not provide services to clients. Please see www.deloitte.com/about to learn more about our global network of member firms.This document and its contents are confidential and prepared solely for your use, and may not be reproduced, redistributed or passed on to any other person in whole or in part, unless otherwise expressly agreed with you. No other party is entitled to rely on this document for any purpose whatsoever and we accept no liability to any other party, who is provided with or obtains access or relies to this document.
© 2025 Deloitte Central Mediterranean. All rights reserved.",Mid-level,Full-time,"Thessaloniki, Greece",EL,2025-06-04,kariera.gr,230365,61820.0,"['http://data.europa.eu/esco/skill/0af062de-eb43-41e9-9b96-249e2cd22d26', 'http://data.europa.eu/esco/skill/199f7919-5114-41b6-b6a5-41e0e4896ec1', 'http://data.europa.eu/esco/skill/2636b3d3-843e-46a9-8b4c-a9d6ca3f5a2d', 'http://data.europa.eu/esco/skill/2a2fa8e8-aaf3-4abf-a60b-af6415f1c6d4', 'http://data.europa.eu/esco/skill/2fb8480e-de3c-462b-b169-e8bbb344da68', 'http://data.europa.eu/esco/skill/4339176e-3acd-4f7f-a5d9-445bee3d23f2', 'http://data.europa.eu/esco/skill/6078e099-7696-44a5-b3c1-452b9abe886a', 'http://data.europa.eu/esco/skill/651d7458-ff97-4bee-9290-af375c7ff25f', 'http://data.europa.eu/esco/skill/7a17d7ce-01a2-4746-bbcc-22ffe22fa16e', 'http://data.europa.eu/esco/skill/7fc4c18a-68f3-425a-aadf-f83633be47a1', 'http://data.europa.eu/esco/skill/867137fb-ff1b-4ca3-99f3-cb6969aa2c68', 'http://data.europa.eu/esco/skill/8c4c49d4-9708-433f-8ca7-bf2c5211ee49', 'http://data.europa.eu/esco/skill/9531fe02-1e1f-4a36-95f7-a76a77cd4b8d', 'http://data.europa.eu/esco/skill/b19e0820-a96f-4c0a-a724-3c056180c1b3', 'http://data.europa.eu/esco/skill/c2a0c52c-0b4b-4180-a918-92650ea3b458', 'http://data.europa.eu/esco/skill/ce4cbc3a-bde0-43b4-9526-e643c4fe5b04', 'http://data.europa.eu/esco/skill/dba46f87-0831-49cd-a1c7-340a653c0221', 'http://data.europa.eu/esco/skill/ea4ebfa1-e17a-4416-ac54-955f33e6ade7']","['http://data.europa.eu/esco/occupation/5fd2980e-22c4-4ace-a394-190c76f4f539', 'http://data.europa.eu/esco/occupation/72628f3a-fd49-499a-9741-870b0a1fcef2', 'http://data.europa.eu/esco/occupation/9e285322-2cfa-430f-9b66-41be57d698e2', 'http://data.europa.eu/esco/occupation/b5eaf231-77ad-4a86-8e54-15cc4398aad2', 'http://data.europa.eu/esco/occupation/d5db9d5c-2ebf-4a54-a79a-1b7e7ff70471', 'http://data.europa.eu/esco/isco/C2']"
2783767,Full Stack Developer,"About UsSioufas & Associates Law Firm is a leading Greek law firm with a strong presence in Athens, Thessaloniki, Patras, and Bucharest, Romania. We are committed to delivering exceptional legal services and fostering a dynamic, inclusive, and high-performing work environment.Position OverviewAs a Full Stack Developer, you will play a key role in enhancing and expanding our software applications while ensuring the efficiency of the SDLC. As a key member of our Legal Services Department, you will collaborate closely with the Business Analyst team to design, develop, and implement scalable applications that align with business needs.Key Responsibilities Design, develop, and maintain robust front-end and back-end applications. Develop new user-facing features using Angular and React. Build reusable components and front-end libraries for future use. Translate UI/UX designs and wireframes into high-quality, responsive code. Ensure the technical feasibility of UI/UX designs and optimize applications for maximum speed and scalability. Collaborate with UI/UX designers and back-end developers to improve usability and performance. Develop and maintain back-end services using Python. Implement and manage RESTful APIs for seamless integration. Write complex SQL queries while ensuring performance optimization and avoiding deadlocks. Ensure code quality through comprehensive testing and debugging. Maintain high graphic standards and ensure brand consistency across all applications. Stay up-to-date with emerging technologies, frameworks, and best practices to drive continuous improvement. Requirements Bachelor's degree in Computer Science, Information Technology, or a related field. Strong proficiency in HTML, CSS, JavaScript, and TypeScript. Hands-on experience with React, Angular, and Angular Material. Proficiency in back-end development using Python. Expertise in writing optimized SQL queries and working with relational databases. Solid understanding of RESTful API design and integration. Knowledge of modern authentication and authorization mechanisms, such as JSON Web Token (JWT). Experience with front-end development tools such as Babel, Webpack, and NPM. Ability to translate business requirements into scalable technical solutions. Familiarity with version control systems, primarily Git. Strong problem-solving skills, attention to detail, and ability to work in a collaborative environment. Benefits Competitive remuneration and benefits package. Bonus upon success. Private medical insurance. A team who is eager to provide the best possible solutions for our clients. Formal training and development of your skills. A place where your professional and personal success is our commitment.",Senior,Full-time,"Agios Ioannis Rentis, Greece",EL,2025-06-04,kariera.gr,230201,61661.0,"['http://data.europa.eu/esco/skill/0550431f-9c8b-4204-9c45-59bc5feacf06', 'http://data.europa.eu/esco/skill/113b4428-0a31-4199-8496-070af7854b91', 'http://data.europa.eu/esco/skill/1835a7c1-600e-4b16-a0af-fb4f7d8d77b9', 'http://data.europa.eu/esco/skill/1ffac4ac-fda7-407d-8ed1-ca8f4a8dc146', 'http://data.europa.eu/esco/skill/2522a6ce-3202-4ac8-9f5b-b9cb5a3a83a1', 'http://data.europa.eu/esco/skill/5cede168-97f8-47a4-89fd-8f7188c55c5d', 'http://data.europa.eu/esco/skill/7dfbe0f3-076f-4a19-9eaa-db4d6db704b6', 'http://data.europa.eu/esco/skill/867137fb-ff1b-4ca3-99f3-cb6969aa2c68']","['http://data.europa.eu/esco/occupation/60082a99-d8ef-4e84-9290-78902681b6ed', 'http://data.europa.eu/esco/occupation/866c7813-2c03-47d7-9bdc-192cfbace57c', 'http://data.europa.eu/esco/isco/C3411']"
2821429,Lead Frontend Engineer (Angular),"Company DescriptionWe are Netcompany-Intrasoft, a leading European IT Solutions and Services company with strong international presence and expertise, dedicated to responsible digitalisation. We offer innovative and added-value solutions of the highest quality to a wide range of public and private organizations, while being a key-player in the EU Institutions for the past 30 years. We hold an outstanding record of 500+ organizations in 70+ countries, that have chosen our solutions and services, to fulfil their business needs. Our team of 3500+ professionals is our driving force and our most valuable asset.Job DescriptionEver wondered what it feels like to be a Lead Frontend Engineer (Angular) in Netcompany-Intrasoft?As a Lead Frontend Engineer (Angular), you will be a member of team responsible for designing, developing and testing in order to create software solutions aligned to the needs of the business and external customers. You'll drive architectural decisions, mentor teams, and shape the front-end strategy across critical projects.As a Lead Frontend Engineer (Angular), you will:Lead the front-end design and development process for large-scale, enterprise-grade Angular applications.Mentor and support front-end developers, performing code reviews and providing architectural guidance.Collaborate closely with UX/UI designers, back-end engineers, and business analysts to deliver robust, maintainable solutions.Define and promote front-end best practices, standards, and tooling across teams.Contribute to project planning, effort estimations, and risk management.Ensure technical decisions align with business goals and customer needs.Keep up to date with emerging technologies and propose their adoption where beneficial.QualificationsWhat would make you a fit for the role:Bachelor's or Master's degree in Computer Science, Software Engineering, Electrical Engineering, or related field.7+ years of experience in front-end development with Angular (version 2+), with at least 2 years in a senior or lead capacity.Advanced proficiency in Angular (v2+), with experience building and scaling enterprise-grade SPA applications.Strong command of TypeScript, JavaScript (ES6+), HTML5, and CSS3/SASS.Experience with component architecture, state management patterns (e.g., NgRx, Akita), and lazy loading for performance optimization.Proven ability to translate complex UI/UX designs into clean, reusable Angular components.Experience designing scalable and maintainable front-end architectures.Strong understanding of MVC/MVVM patterns, dependency injection, and modular application design.Ability to evaluate and select front-end frameworks/tools, ensuring code quality and future-proofing.Demonstrated experience leading and mentoring front-end teams, conducting code reviews, and driving engineering excellence.Strong cross-functional collaboration skills—comfortable working with designers, product managers, and backend teams.Experience in agile environments (Scrum/Kanban) and modern development workflows (CI/CD, code versioning, testing pipelines).Additional InformationBeing a part of the Netcompany-Intrasoft team, you will be provided with: The opportunity to work in a modern environment & in a hybrid working modelA seamless onboarding experience and a buddy to support you on your first stepsA competitive compensation & benefits packageHealth and life insurance programMeal and commuting allowanceWell-being activities (on premises)Continuous learning opportunities using the most modern methods (unlimited access to Udemy for Business, ad-hoc trainings)A personalized development plan for targeted career growthIf you are looking forward to be part of a diverse environment, and have the opportunity to work alongside well-experienced professionals, on challenging, large-scale projects that directly impact millions of citizens around the globe, then this is the place to be!By joining Netcompany-Intrasoft Athens, you will be part of a vivid team of 2000+ tech enthusiasts. When at the office you will have the chance to work at our brand-new, state-of-the-art, sustainable offices, located in 3 different spots in Athens!Our cultureOur people are the most important element of our success. Our work life is well defined by our set of fundamental Values: https://netcompany.com/careers/greece/our-values/ #BePartOfSomethingGreat!Please submit your CV in English. All applications will be treated as strictly confidential.We ensure equal opportunities, treatment, and consideration to all candidates. Discrimination based on sex, racial or ethnic origin, religion or belief, disability, age, sexual orientation or marital status, physical or mental disability, or any other factor protected by applicable laws and regulations is prohibited. As part of the Netcompany-Intrasoft culture, we respect human rights and focus on creating a positive workplace, where all employees are valued, and where diversity and inclusion are a vital part of our our everyday working experience.",N/A,Full-time,"Athens, Greece",EL,2025-06-27,kariera.gr,235577,60766.0,"['http://data.europa.eu/esco/skill/0daaf096-1639-461c-bf1a-bbeea77e6b67', 'http://data.europa.eu/esco/skill/1110c92f-3059-445a-9436-0f4200d365f5', 'http://data.europa.eu/esco/skill/23ac233d-84ad-4517-b0f5-8ca19ba2614e', 'http://data.europa.eu/esco/skill/3e40c7d0-0e36-4b33-bc33-0aa87eda0561', 'http://data.europa.eu/esco/skill/68698869-c13c-4563-adc7-118b7644f45d', 'http://data.europa.eu/esco/skill/6a0aab53-6246-41e8-a910-e7a13f314860', 'http://data.europa.eu/esco/skill/867137fb-ff1b-4ca3-99f3-cb6969aa2c68', 'http://data.europa.eu/esco/skill/8f6ed69b-29d0-4c01-81ba-f05920a185f3', 'http://data.europa.eu/esco/skill/fc4fcb4b-993f-4f2c-b158-c2171ec18ed8']","['http://data.europa.eu/esco/occupation/57af9090-55b4-4911-b2d0-86db01c00b02', 'http://data.europa.eu/esco/occupation/719f101d-1866-49d3-8d5c-2256f606a8b9', 'http://data.europa.eu/esco/occupation/866c7813-2c03-47d7-9bdc-192cfbace57c', 'http://data.europa.eu/esco/occupation/86ca306c-ab99-420a-9e2a-aa73c5c4de22', 'http://data.europa.eu/esco/occupation/874a2080-a9b6-46a9-8662-c9b7d4208f73', 'http://data.europa.eu/esco/occupation/9f508305-80ce-4111-8722-f2c9b4a44890', 'http://data.europa.eu/esco/occupation/b09acdda-6680-49d1-a411-129610ee3bc0', 'http://data.europa.eu/esco/occupation/bea99fea-0383-4c63-b944-70d4799de2c5']"
5287062,Senior React Developer,"Company DescriptionAre you ready to shape the future technological landscape in Europe?We are dedicated to responsible digitalisation, building innovative, inclusive solutions that drive meaningful impact. With over 8,900 professionals across Europe, we help EU institutions, public and private organisations thrive in a rapidly evolving digital world. Are you ready to shape the future through technology? Your journey starts here. Take a look at some of our impactful projects here: https://netcompany.com/cases/Job DescriptionAre you ready to join the forefront of technology as a Senior React Developer in Netcompany?   Joining us as a Senior React Developer, you will have the opportunity to be a part of our highly skilled agile consultants teams working within large-scale transformation projects, that impact the life of millions of EU citizens. You will be involved in the design, customization, and integration, that are intended mainly in private sector organizations.   As a Senior React Developer you will:Collaborate with the development team to define and implement the strategic direction of front-end development, ensuring alignment with business goals.Mentor junior developers, fostering a culture of continuous improvement and knowledge sharing within the team.Design and develop high-performance, scalable web applications that enhance user experience.Work closely with product managers to gather project requirements and establish realistic timelines.Advocate for the adoption of modern development practices and tools, contributing to the establishment of best practices to improve team efficiency.Troubleshoot and resolve complex technical challenges, providing innovative solutions to enhance product performance.Ensure project deliverables are met on time, while maintaining high-quality standards.Participate in decision-making processes at a technical level, contributing to the evolution of future projects.QualificationsWhat would make you a fit for the role:4+ years of relevant experience in software development, with a strong focus on front-end technologiesProven experience collaborating effectively within a team environment and mentoring junior developersStrong communication skills, especially in working with cross-functional teams and stakeholdersKnowledge of agile methodologies and best practices in software developmentExpertise in the following technologies: TypeScript, JavaScript, React, UI/UX Design, HTML/CSS, RESTful APIsAdditional InformationBeing a part of the Netcompany team, you will be provided with: The opportunity to work in a modern environment & in a hybrid working modelA seamless onboarding experience and a buddy to support you on your first stepsA competitive compensation & benefits packageHealth and life insurance programMeal allowanceWell-being activities (on premises)Continuous learning opportunities using the most modern methods (unlimited access to Udemy for Business, ad-hoc trainings)A personalized development plan for targeted career growthIf you are looking forward to be part of a diverse environment, and have the opportunity to work alongside well-experienced professionals, on challenging, large-scale projects that directly impact millions of citizens around the globe, then this is the place to be!Our branch in Patras employs 180+ talented professionals, working on a variety of EU mission-critical projects!Please upload your CV in English via the Apply button. All applications will be treated as strictly confidential.We ensure equal opportunities, treatment, and consideration to all candidates. Discrimination based on sex, racial or ethnic origin, religion or belief, disability, age, sexual orientation or marital status, physical or mental disability, or any other factor protected by applicable laws and regulations is prohibited. As part of the Netcompany culture, we respect human rights and focus on creating a positive workplace, where all employees are valued, and where diversity and inclusion are a vital part of our everyday working experience.In the following link you may find our CV Submission privacy notice: https://netcompany.com/cv-submission-privacy-notice/",N/A,Full-time,"Patra, Greece",EL,2025-09-05,kariera.gr,237170,60766.0,"['http://data.europa.eu/esco/skill/0550431f-9c8b-4204-9c45-59bc5feacf06', 'http://data.europa.eu/esco/skill/14832d87-2f2f-4895-b290-e4760ebae42a', 'http://data.europa.eu/esco/skill/5c1e686c-92cc-4bd7-9f23-51f9d8a58886', 'http://data.europa.eu/esco/skill/867137fb-ff1b-4ca3-99f3-cb6969aa2c68', 'http://data.europa.eu/esco/skill/c2a0c52c-0b4b-4180-a918-92650ea3b458', 'http://data.europa.eu/esco/skill/cb668e89-6ef5-4ff3-ab4a-506010e7e70b', 'http://data.europa.eu/esco/skill/dba46f87-0831-49cd-a1c7-340a653c0221', 'http://data.europa.eu/esco/skill/fd33c66c-70c4-40e6-b87c-5495bd3bf26e']","['http://data.europa.eu/esco/occupation/96e20037-0a25-4bf6-a25e-808d1605d890', 'http://data.europa.eu/esco/occupation/f2b15a0e-e65a-438a-affb-29b9d50b77d1', 'http://data.europa.eu/esco/isco/C251']"
5287073,Lead Frontend Engineer (Angular),"Company DescriptionAre you ready to shape the future technological landscape in Europe? We are dedicated to responsible digitalisation, building innovative, inclusive solutions that drive meaningful impact. With over 8,900 professionals across Europe, we help EU institutions, public and private organisations thrive in a rapidly evolving digital world. Are you ready to shape the future through technology? Your journey starts here. Take a look at some of our impactful projects here: https://netcompany.com/cases/Job DescriptionEver wondered what it feels like to be a Lead Frontend Engineer (Angular) in Netcompany?As a Lead Frontend Engineer (Angular), you will be a member of team responsible for designing, developing and testing in order to create software solutions aligned to the needs of the business and external customers. You'll drive architectural decisions, mentor teams, and shape the front-end strategy across critical projects.As a Lead Frontend Engineer (Angular), you will:Lead the front-end design and development process for large-scale, enterprise-grade Angular applications.Mentor and support front-end developers, performing code reviews and providing architectural guidance.Collaborate closely with UX/UI designers, back-end engineers, and business analysts to deliver robust, maintainable solutions.Define and promote front-end best practices, standards, and tooling across teams.Contribute to project planning, effort estimations, and risk management.Ensure technical decisions align with business goals and customer needs.Keep up to date with emerging technologies and propose their adoption where beneficial.QualificationsWhat would make you a fit for the role:Bachelor's or Master's degree in Computer Science, Software Engineering, Electrical Engineering, or related field.7+ years of experience in front-end development with Angular (version 2+), with at least 2 years in a senior or lead capacity.Advanced proficiency in Angular (v2+), with experience building and scaling enterprise-grade SPA applications.Strong command of TypeScript, JavaScript (ES6+), HTML5, and CSS3/SASS.Experience with component architecture, state management patterns (e.g., NgRx, Akita), and lazy loading for performance optimization.Proven ability to translate complex UI/UX designs into clean, reusable Angular components.Experience designing scalable and maintainable front-end architectures.Strong understanding of MVC/MVVM patterns, dependency injection, and modular application design.Ability to evaluate and select front-end frameworks/tools, ensuring code quality and future-proofing.Demonstrated experience leading and mentoring front-end teams, conducting code reviews, and driving engineering excellence.Strong cross-functional collaboration skills—comfortable working with designers, product managers, and backend teams.Experience in agile environments (Scrum/Kanban) and modern development workflows (CI/CD, code versioning, testing pipelines).Additional InformationBeing a part of the Netcompany team, you will be provided with: The opportunity to work in a modern environment & in a hybrid working modelA seamless onboarding experience and a buddy to support you on your first stepsA competitive compensation & benefits packageHealth and life insurance programMeal and commuting allowanceWell-being activities (on premises)Continuous learning opportunities using the most modern methods (unlimited access to Udemy for Business, ad-hoc trainings)A personalized development plan for targeted career growthIf you are looking forward to be part of a diverse environment, and have the opportunity to work alongside well-experienced professionals, on challenging, large-scale projects that directly impact millions of citizens around the globe, then this is the place to be!By joining Netcompany in Athens, you will be part of a vivid team of 2,300+ tech professionals. When at the office, you'll have the flexibility to work from our three modern, sustainable, and state-of-the-art offices!Please upload your CV in English via the Apply button. All applications will be treated as strictly confidential.We ensure equal opportunities, treatment, and consideration to all candidates. Discrimination based on sex, racial or ethnic origin, religion or belief, disability, age, sexual orientation or marital status, physical or mental disability, or any other factor protected by applicable laws and regulations is prohibited. As part of the Netcompany culture, we respect human rights and focus on creating a positive workplace, where all employees are valued, and where diversity and inclusion are a vital part of our everyday working experience.In the following link you may find our CV Submission privacy notice: https://netcompany.com/cv-submission-privacy-notice/",N/A,Full-time,"Athens, Greece",EL,2025-08-04,kariera.gr,237168,60766.0,"['http://data.europa.eu/esco/skill/0daaf096-1639-461c-bf1a-bbeea77e6b67', 'http://data.europa.eu/esco/skill/1110c92f-3059-445a-9436-0f4200d365f5', 'http://data.europa.eu/esco/skill/3e40c7d0-0e36-4b33-bc33-0aa87eda0561', 'http://data.europa.eu/esco/skill/68698869-c13c-4563-adc7-118b7644f45d', 'http://data.europa.eu/esco/skill/6a0aab53-6246-41e8-a910-e7a13f314860', 'http://data.europa.eu/esco/skill/867137fb-ff1b-4ca3-99f3-cb6969aa2c68', 'http://data.europa.eu/esco/skill/c2a0c52c-0b4b-4180-a918-92650ea3b458', 'http://data.europa.eu/esco/skill/fc4fcb4b-993f-4f2c-b158-c2171ec18ed8']","['http://data.europa.eu/esco/occupation/57af9090-55b4-4911-b2d0-86db01c00b02', 'http://data.europa.eu/esco/occupation/866c7813-2c03-47d7-9bdc-192cfbace57c', 'http://data.europa.eu/esco/occupation/86ca306c-ab99-420a-9e2a-aa73c5c4de22', 'http://data.europa.eu/esco/occupation/874a2080-a9b6-46a9-8662-c9b7d4208f73', 'http://data.europa.eu/esco/occupation/9f508305-80ce-4111-8722-f2c9b4a44890', 'http://data.europa.eu/esco/occupation/b09acdda-6680-49d1-a411-129610ee3bc0', 'http://data.europa.eu/esco/occupation/bea99fea-0383-4c63-b944-70d4799de2c5', 'http://data.europa.eu/esco/isco/C3']"
5287096,Application Architect,"Company DescriptionAre you ready to shape the future technological landscape in Europe? We are dedicated to responsible digitalisation, building innovative, inclusive solutions that drive meaningful impact. With over 8,900 professionals across Europe, we help EU institutions, public and private organisations thrive in a rapidly evolving digital world. Are you ready to shape the future through technology? Your journey starts here. Take a look at some of our impactful projects here: https://netcompany.com/cases/Job DescriptionWhat does it feel like to be an Application Architect in Netcompany?As an Application Architect, you will be part of high performing and cross-functional team responsible for the design and maintenance of effective technical solutions. The role includes designing of applications and products for our clients, architecture comprising several components using the latest tools, technologies and frameworks. You will be working with existing and future clients to understand their challenges, explore and propose effective solutions and develop long-term trusted relationships. As a Application Architect you will:Design major aspects of the architecture of an application, including components such as user interface, middleware and infrastructure.Provide technical leadership to the application development team .Perform design and code reviews.Ensure that uniform enterprise-wide application design standards are maintained.Provide technical guidance and coaching to developers and engineers.Provide input in the development of schedules and test plans, preparation of documentation based on analyst reports and defining key project milestones.Evaluate potential risk in projects.Collaborate with other stakeholders to ensure the architecture is aligned with business requirements.QualificationsWhat would make you a fit for the role:University degree in Computer Science or a related field, with a minimum of 9 years of experience in the ICT sector.At least 3 years in IT architecture and solution/software design (application, data, infrastructure, network layers).Expertise in the full development lifecycle of complex, large-scale, multi-user, and event-driven applications.Strong experience in Agile methodologies (e.g., Kanban, Scrum, lean techniques).Proficiency in web development using Angular or React (preferably with TypeScript).Extensive experience with on-premise, virtualized and cloud infrastructures (IaaS, PaaS, SaaS).Deep understanding of Object-Oriented design, design patterns, and interoperability technologies (e.g., web services, service bus).Proficiency in testing (test cases, scripts and test automation).Knowledge of relational databases (e.g. Oracle SQL Developer).Familiarity with Kubernetes tooling (e.g. Helm) and containerization.Cloud architecture certifications (e.g. AWS Certified Solutions Architect, Azure Solutions Architect Expert).Excellent English communication and interpersonal skills, with experience in technical presentations and multilingual collaboration.Additional InformationBeing a part of the Netcompanyteam, you will be provided with: The opportunity to work in a modern environment & in a hybrid working modelA seamless onboarding experience and a buddy to support you on your first stepsA competitive compensation & benefits packageHealth and life insurance programMeal allowanceWell-being activities (on premises)Continuous learning opportunities using the most modern methods (unlimited access to Udemy for Business, ad-hoc trainings)A personalized development plan for targeted career growthIf you are looking forward to be part of a diverse environment, and have the opportunity to work alongside well-experienced professionals, on challenging, large-scale projects that directly impact millions of citizens around the globe, then this is the place to be!Our branch in Patras employs 180+ talented professionals, working on a variety of EU mission-critical projects!Please upload your CV in English via the Apply button. All applications will be treated as strictly confidential.We ensure equal opportunities, treatment, and consideration to all candidates. Discrimination based on sex, racial or ethnic origin, religion or belief, disability, age, sexual orientation or marital status, physical or mental disability, or any other factor protected by applicable laws and regulations is prohibited. As part of the Netcompany culture, we respect human rights and focus on creating a positive workplace, where all employees are valued, and where diversity and inclusion are a vital part of our everyday working experience.In the following link you may find our CV Submission privacy notice: https://netcompany.com/cv-submission-privacy-notice/",N/A,Full-time,"Patra, Greece",EL,2026-02-02,kariera.gr,237147,60766.0,"['http://data.europa.eu/esco/skill/11430d93-c835-48ed-8e70-285fa69c9ae6', 'http://data.europa.eu/esco/skill/1d86f05e-e9cc-40ce-99d8-2b21cc71b16b', 'http://data.europa.eu/esco/skill/21fecc8a-392e-49ce-ac26-fb0696ccfead', 'http://data.europa.eu/esco/skill/2b7a79e5-84d8-4880-be66-3d9bb05bea17', 'http://data.europa.eu/esco/skill/3bddfd7c-ab6d-40c2-883d-5e97fb7640ba', 'http://data.europa.eu/esco/skill/5d74614d-32c8-4ca4-9818-6980e52424b1', 'http://data.europa.eu/esco/skill/5ef0c719-5bcb-49f8-b8eb-824388225333', 'http://data.europa.eu/esco/skill/695c3249-18e7-4435-bdb8-54a16011159d', 'http://data.europa.eu/esco/skill/ae4f0cc6-e0b9-47f5-bdca-2fc2e6316dce', 'http://data.europa.eu/esco/skill/c2a0c52c-0b4b-4180-a918-92650ea3b458', 'http://data.europa.eu/esco/skill/c6c1af60-9594-460c-a328-00f9ad292be0', 'http://data.europa.eu/esco/skill/da56feea-941c-4ff6-b573-bb16ccbde670', 'http://data.europa.eu/esco/skill/ee3c1d54-f46a-43c7-a0f9-0ba3648164d0', 'http://data.europa.eu/esco/skill/f7e2eb04-3e50-4561-bce1-7e51a1fec308', 'http://data.europa.eu/esco/skill/f84a433f-34f1-4083-b0a3-24802623509c', 'http://data.europa.eu/esco/skill/fae27053-8924-4bfd-b565-c9fe502044c9', 'http://data.europa.eu/esco/skill/fd33c66c-70c4-40e6-b87c-5495bd3bf26e']","['http://data.europa.eu/esco/occupation/2bef94db-0088-4507-982a-2ca717529adb', 'http://data.europa.eu/esco/occupation/2fb96c6c-8d0b-4ef0-b1ee-3e493305e4eb', 'http://data.europa.eu/esco/occupation/3fa9a480-ceb3-4c2a-8a91-0508e1bb6ba5', 'http://data.europa.eu/esco/occupation/8cb59bc4-1f39-477e-beea-effed12d186c', 'http://data.europa.eu/esco/occupation/d0aa0792-4345-474b-9365-686cf4869d2e', 'http://data.europa.eu/esco/occupation/d9612966-e295-4d81-ba2b-9f36bad0b392', 'http://data.europa.eu/esco/isco/C214']"
5287097,Application Architect,"Company DescriptionAre you ready to shape the future technological landscape in Europe? We are dedicated to responsible digitalisation, building innovative, inclusive solutions that drive meaningful impact. With over 8,900 professionals across Europe, we help EU institutions, public and private organisations thrive in a rapidly evolving digital world. Are you ready to shape the future through technology? Your journey starts here. Take a look at some of our impactful projects here: https://netcompany.com/cases/Job DescriptionWhat does it feel like to be an Application Architect in Netcompany?As an Application Architect, you will be part of high performing and cross-functional team responsible for the design and maintenance of effective technical solutions. The role includes designing of applications and products for our clients, architecture comprising several components using the latest tools, technologies and frameworks. You will be working with existing and future clients to understand their challenges, explore and propose effective solutions and develop long-term trusted relationships. As a Application Architect you will:Design major aspects of the architecture of an application, including components such as user interface, middleware and infrastructure.Provide technical leadership to the application development team .Perform design and code reviews.Ensure that uniform enterprise-wide application design standards are maintained.Provide technical guidance and coaching to developers and engineers.Provide input in the development of schedules and test plans, preparation of documentation based on analyst reports and defining key project milestones.Evaluate potential risk in projects.Collaborate with other stakeholders to ensure the architecture is aligned with business requirements.QualificationsWhat would make you a fit for the role:University degree in Computer Science or a related field, with a minimum of 9 years of experience in the ICT sector.At least 3 years in IT architecture and solution/software design (application, data, infrastructure, network layers).Expertise in the full development lifecycle of complex, large-scale, multi-user, and event-driven applications.Strong experience in Agile methodologies (e.g., Kanban, Scrum, lean techniques).Proficiency in web development using Angular or React (preferably with TypeScript).Extensive experience with on-premise, virtualized and cloud infrastructures (IaaS, PaaS, SaaS).Deep understanding of Object-Oriented design, design patterns, and interoperability technologies (e.g., web services, service bus).Proficiency in testing (test cases, scripts and test automation).Knowledge of relational databases (e.g. Oracle SQL Developer).Familiarity with Kubernetes tooling (e.g. Helm) and containerization.Cloud architecture certifications (e.g. AWS Certified Solutions Architect, Azure Solutions Architect Expert).Excellent English communication and interpersonal skills, with experience in technical presentations and multilingual collaboration.Additional InformationBeing a part of the Netcompany team, you will be provided with: The opportunity to work in a modern environment & in a hybrid working modelA seamless onboarding experience and a buddy to support you on your first stepsA competitive compensation & benefits packageHealth and life insurance programMeal and commuting allowanceWell-being activities (on premises)Continuous learning opportunities using the most modern methods (unlimited access to Udemy for Business, ad-hoc trainings)A personalized development plan for targeted career growthIf you are looking forward to be part of a diverse environment, and have the opportunity to work alongside well-experienced professionals, on challenging, large-scale projects that directly impact millions of citizens around the globe, then this is the place to be!By joining Netcompany in Athens, you will be part of a vivid team of 2,300+ tech professionals. When at the office, you'll have the flexibility to work from our three modern, sustainable, and state-of-the-art offices!Please upload your CV in English via the Apply button. All applications will be treated as strictly confidential.We ensure equal opportunities, treatment, and consideration to all candidates. Discrimination based on sex, racial or ethnic origin, religion or belief, disability, age, sexual orientation or marital status, physical or mental disability, or any other factor protected by applicable laws and regulations is prohibited. As part of the Netcompany culture, we respect human rights and focus on creating a positive workplace, where all employees are valued, and where diversity and inclusion are a vital part of our everyday working experience.In the following link you may find our CV Submission privacy notice: https://netcompany.com/cv-submission-privacy-notice/",N/A,Full-time,"Athens, Greece",EL,2026-02-02,kariera.gr,237127,60766.0,"['http://data.europa.eu/esco/skill/11430d93-c835-48ed-8e70-285fa69c9ae6', 'http://data.europa.eu/esco/skill/1d86f05e-e9cc-40ce-99d8-2b21cc71b16b', 'http://data.europa.eu/esco/skill/21fecc8a-392e-49ce-ac26-fb0696ccfead', 'http://data.europa.eu/esco/skill/2b7a79e5-84d8-4880-be66-3d9bb05bea17', 'http://data.europa.eu/esco/skill/3bddfd7c-ab6d-40c2-883d-5e97fb7640ba', 'http://data.europa.eu/esco/skill/5d74614d-32c8-4ca4-9818-6980e52424b1', 'http://data.europa.eu/esco/skill/5ef0c719-5bcb-49f8-b8eb-824388225333', 'http://data.europa.eu/esco/skill/695c3249-18e7-4435-bdb8-54a16011159d', 'http://data.europa.eu/esco/skill/ae4f0cc6-e0b9-47f5-bdca-2fc2e6316dce', 'http://data.europa.eu/esco/skill/c2a0c52c-0b4b-4180-a918-92650ea3b458', 'http://data.europa.eu/esco/skill/c6c1af60-9594-460c-a328-00f9ad292be0', 'http://data.europa.eu/esco/skill/da56feea-941c-4ff6-b573-bb16ccbde670', 'http://data.europa.eu/esco/skill/ee3c1d54-f46a-43c7-a0f9-0ba3648164d0', 'http://data.europa.eu/esco/skill/f7e2eb04-3e50-4561-bce1-7e51a1fec308', 'http://data.europa.eu/esco/skill/f84a433f-34f1-4083-b0a3-24802623509c', 'http://data.europa.eu/esco/skill/fae27053-8924-4bfd-b565-c9fe502044c9', 'http://data.europa.eu/esco/skill/fd33c66c-70c4-40e6-b87c-5495bd3bf26e']","['http://data.europa.eu/esco/occupation/2bef94db-0088-4507-982a-2ca717529adb', 'http://data.europa.eu/esco/occupation/2fb96c6c-8d0b-4ef0-b1ee-3e493305e4eb', 'http://data.europa.eu/esco/occupation/3fa9a480-ceb3-4c2a-8a91-0508e1bb6ba5', 'http://data.europa.eu/esco/occupation/8cb59bc4-1f39-477e-beea-effed12d186c', 'http://data.europa.eu/esco/occupation/d0aa0792-4345-474b-9365-686cf4869d2e', 'http://data.europa.eu/esco/occupation/d9612966-e295-4d81-ba2b-9f36bad0b392', 'http://data.europa.eu/esco/isco/C214', 'http://data.europa.eu/esco/isco/C3']"
5287109,Application Architect,"Company DescriptionAre you ready to shape the future technological landscape in Europe? We are dedicated to responsible digitalisation, building innovative, inclusive solutions that drive meaningful impact. With over 8,900 professionals across Europe, we help EU institutions, public and private organisations thrive in a rapidly evolving digital world. Are you ready to shape the future through technology? Your journey starts here. Take a look at some of our impactful projects here: https://netcompany.com/cases/Job DescriptionWhat does it feel like to be an Application Architect in Netcompany?As an Application Architect, you will be part of high performing and cross-functional team responsible for the design and maintenance of effective technical solutions. The role includes designing of applications and products for our clients, architecture comprising several components using the latest tools, technologies and frameworks. You will be working with existing and future clients to understand their challenges, explore and propose effective solutions and develop long-term trusted relationships. As a Application Architect you will:Design major aspects of the architecture of an application, including components such as user interface, middleware and infrastructure.Provide technical leadership to the application development team .Perform design and code reviews.Ensure that uniform enterprise-wide application design standards are maintained.Provide technical guidance and coaching to developers and engineers.Provide input in the development of schedules and test plans, preparation of documentation based on analyst reports and defining key project milestones.Evaluate potential risk in projects.Collaborate with other stakeholders to ensure the architecture is aligned with business requirements.QualificationsWhat would make you a fit for the role:University degree in Computer Science or a related field, with a minimum of 9 years of experience in the ICT sector.At least 3 years in IT architecture and solution/software design (application, data, infrastructure, network layers).Expertise in the full development lifecycle of complex, large-scale, multi-user, and event-driven applications.Strong experience in Agile methodologies (e.g., Kanban, Scrum, lean techniques).Proficiency in web development using Angular or React (preferably with TypeScript).Extensive experience with on-premise, virtualized and cloud infrastructures (IaaS, PaaS, SaaS).Deep understanding of Object-Oriented design, design patterns, and interoperability technologies (e.g., web services, service bus).Proficiency in testing (test cases, scripts and test automation).Knowledge of relational databases (e.g. Oracle SQL Developer).Familiarity with Kubernetes tooling (e.g. Helm) and containerization.Cloud architecture certifications (e.g. AWS Certified Solutions Architect, Azure Solutions Architect Expert).Excellent English communication and interpersonal skills, with experience in technical presentations and multilingual collaboration.Additional InformationBeing a part of the Netcompany team, you will be provided with: The opportunity to work in a modern environment & in a hybrid working modelA seamless onboarding experience and a buddy to support you on your first stepsA competitive compensation & benefits packageHealth and life insurance programMeal and commuting allowanceWell-being activities (on premises)Continuous learning opportunities using the most modern methods (unlimited access to Udemy for Business, ad-hoc trainings)A personalized development plan for targeted career growthIf you are looking forward to be part of a diverse environment, and have the opportunity to work alongside well-experienced professionals, on challenging, large-scale projects that directly impact millions of citizens around the globe, then this is the place to be!Our branch in Thessaloniki employs 300+ talented professionals, working on a variety of EU mission-critical projects!Please upload your CV in English via the Apply button. All applications will be treated as strictly confidential.We ensure equal opportunities, treatment, and consideration to all candidates. Discrimination based on sex, racial or ethnic origin, religion or belief, disability, age, sexual orientation or marital status, physical or mental disability, or any other factor protected by applicable laws and regulations is prohibited. As part of the Netcompany culture, we respect human rights and focus on creating a positive workplace, where all employees are valued, and where diversity and inclusion are a vital part of our everyday working experience.In the following link you may find our CV Submission privacy notice: https://netcompany.com/cv-submission-privacy-notice/",N/A,Full-time,"Thessaloniki, Greece",EL,2026-02-02,kariera.gr,237125,60766.0,"['http://data.europa.eu/esco/skill/11430d93-c835-48ed-8e70-285fa69c9ae6', 'http://data.europa.eu/esco/skill/1d86f05e-e9cc-40ce-99d8-2b21cc71b16b', 'http://data.europa.eu/esco/skill/21fecc8a-392e-49ce-ac26-fb0696ccfead', 'http://data.europa.eu/esco/skill/2b7a79e5-84d8-4880-be66-3d9bb05bea17', 'http://data.europa.eu/esco/skill/3bddfd7c-ab6d-40c2-883d-5e97fb7640ba', 'http://data.europa.eu/esco/skill/5d74614d-32c8-4ca4-9818-6980e52424b1', 'http://data.europa.eu/esco/skill/5ef0c719-5bcb-49f8-b8eb-824388225333', 'http://data.europa.eu/esco/skill/695c3249-18e7-4435-bdb8-54a16011159d', 'http://data.europa.eu/esco/skill/ae4f0cc6-e0b9-47f5-bdca-2fc2e6316dce', 'http://data.europa.eu/esco/skill/c2a0c52c-0b4b-4180-a918-92650ea3b458', 'http://data.europa.eu/esco/skill/c6c1af60-9594-460c-a328-00f9ad292be0', 'http://data.europa.eu/esco/skill/da56feea-941c-4ff6-b573-bb16ccbde670', 'http://data.europa.eu/esco/skill/ee3c1d54-f46a-43c7-a0f9-0ba3648164d0', 'http://data.europa.eu/esco/skill/f7e2eb04-3e50-4561-bce1-7e51a1fec308', 'http://data.europa.eu/esco/skill/f84a433f-34f1-4083-b0a3-24802623509c', 'http://data.europa.eu/esco/skill/fae27053-8924-4bfd-b565-c9fe502044c9', 'http://data.europa.eu/esco/skill/fd33c66c-70c4-40e6-b87c-5495bd3bf26e']","['http://data.europa.eu/esco/occupation/2bef94db-0088-4507-982a-2ca717529adb', 'http://data.europa.eu/esco/occupation/2fb96c6c-8d0b-4ef0-b1ee-3e493305e4eb', 'http://data.europa.eu/esco/occupation/3fa9a480-ceb3-4c2a-8a91-0508e1bb6ba5', 'http://data.europa.eu/esco/occupation/8cb59bc4-1f39-477e-beea-effed12d186c', 'http://data.europa.eu/esco/occupation/d0aa0792-4345-474b-9365-686cf4869d2e', 'http://data.europa.eu/esco/occupation/d9612966-e295-4d81-ba2b-9f36bad0b392', 'http://data.europa.eu/esco/isco/C214']"
5287411,Senior Software Engineer in Test,"Company DescriptionAre you ready to shape the future technological landscape in Europe? We are dedicated to responsible digitalisation, building innovative, inclusive solutions that drive meaningful impact. With over 8,900 professionals across Europe, we help EU institutions, public and private organisations thrive in a rapidly evolving digital world. Are you ready to shape the future through technology? Your journey starts here. Take a look at some of our impactful projects here: https://netcompany.com/cases/ Our fully inhouse Testing team consists of 240+ professionals and is Gold ISTQB partner. This is a team led by Test Managers, that serves the entire Netcompany SEE & EUI organization, bringing value and benefit in all the technologies we use and offer. Our Testing team is engaged with a vast portfolio of services, technologies, solutions and methodologies.Job DescriptionAre you ready to discover the role of a Senior Software Engineer in Test in Netcompany?As a Senior Software Engineer in Test you will:Familiarize with the architecture of the system under testAnalyze the tests to be automated and identify the most appropriate test automation methodology/technologyImplement and maintain test automation scripts/frameworksParticipate in PoC for evaluation of various tools, frameworks, methodologiesParticipate in the building of a CI pipelineAutomate tests for any of the following test types (functional, performance, usability, compatibility, cross-browser, component)Analysis of test results for troubleshooting, qualitative and quantitative analysisDefine, engage, and commit to testing planning as part of the Release planning, providing accurate estimations and schedules of all testing activities, timelines, and milestones with appropriate toolsDevelop comprehensive test plans based on project requirements and specifications.Ensure that the several testing and validation processes are improved continuouslyOversee the execution of manual and service test cases to identify software defects and ensure product qualityReview and approval of all test artifacts (scripts, test data) and testing deliverablesQualificationsWhat would make you a fit for the role:Degree in Information Technology or another relevant fieldAt least 4 years of experience in Software Testing including expertise in writing Test scripts for Functional, Regression and Performance testsExperience in various tools/frameworks such as Selenium, SoapUI, JMeterWork experience in the creation of Test Cases, Test Scripts, Test Reports and participation in Test CyclesComplete understanding of the Agile Software Development methodologiesExcellent command of the English language (both written & oral)It would also be a plus if you match some of the following:Knowledge in WebServices (SOAP & RESTful), Cucumber, Serenity, TestNG, JUnit, Mockito, REST Assured API and Jira, Jira XRay, Javascript, Typescript, Microservice Architectures, Kafka, Arquillian and Spring Boot are considered a plusWork experience in Java, .Net, Groovy, SQL, XML ISTQB Foundation certificate in Software Testing;Test Automation knowledge through QTP.Additional InformationBeing a part of the Netcompany-Ιntrasoft team, you will be provided with: The opportunity to work in a modern environment & in a hybrid working modelA seamless onboarding experience and a buddy to support you on your first stepsA competitive compensation & benefits packageHealth and life insurance programMeal and commuting allowanceWell-being activities (on premises)Continuous learning opportunities using the most modern methods (unlimited access to Udemy for Business, ad-hoc trainings)A personalized development plan for targeted career growthIf you are looking forward to be part of a diverse environment, and have the opportunity to work alongside well-experienced professionals, on challenging, large-scale projects that directly impact millions of citizens around the globe, then this is the place to be!By joining Netcompany in Athens, you will be part of a vivid team of 2,300+ tech professionals. When at the office, you'll have the flexibility to work from our three modern, sustainable, and state-of-the-art offices!Please upload your CV in English via the Apply button. All applications will be treated as strictly confidential.We ensure equal opportunities, treatment, and consideration to all candidates. Discrimination based on sex, racial or ethnic origin, religion or belief, disability, age, sexual orientation or marital status, physical or mental disability, or any other factor protected by applicable laws and regulations is prohibited. As part of the Netcompany culture, we respect human rights and focus on creating a positive workplace, where all employees are valued, and where diversity and inclusion are a vital part of our everyday working experience.In the following link you may find our CV Submission privacy notice: https://netcompany.com/cv-submission-privacy-notice/",N/A,Full-time,"Athens, Greece",EL,2026-02-01,kariera.gr,236739,60766.0,"['http://data.europa.eu/esco/skill/2522a6ce-3202-4ac8-9f5b-b9cb5a3a83a1', 'http://data.europa.eu/esco/skill/3993c87c-7719-4186-811b-8ddfb40e76be', 'http://data.europa.eu/esco/skill/52cf3037-ab53-4806-85ed-7fd21ea7f6a1', 'http://data.europa.eu/esco/skill/598de5b0-5b58-4ea7-8058-a4bc4d18c742', 'http://data.europa.eu/esco/skill/5d74614d-32c8-4ca4-9818-6980e52424b1', 'http://data.europa.eu/esco/skill/6a0aab53-6246-41e8-a910-e7a13f314860', 'http://data.europa.eu/esco/skill/6a322874-e32f-4cd8-9683-badce67a7f73', 'http://data.europa.eu/esco/skill/7557f0f4-b8bc-4ac0-b91e-222ab1ba744f', 'http://data.europa.eu/esco/skill/867137fb-ff1b-4ca3-99f3-cb6969aa2c68', 'http://data.europa.eu/esco/skill/c2a0c52c-0b4b-4180-a918-92650ea3b458', 'http://data.europa.eu/esco/skill/c4b626c1-e71c-44ec-9f88-042766f37fcc', 'http://data.europa.eu/esco/skill/dba46f87-0831-49cd-a1c7-340a653c0221']","['http://data.europa.eu/esco/occupation/608edf30-fe37-4ae5-bdd1-2d3a8fd347bd', 'http://data.europa.eu/esco/isco/C2519', 'http://data.europa.eu/esco/isco/C3']"
5287412,Software Engineer in Test,"Company DescriptionAre you ready to shape the future technological landscape in Europe? We are dedicated to responsible digitalisation, building innovative, inclusive solutions that drive meaningful impact. With over 8,900 professionals across Europe, we help EU institutions, public and private organisations thrive in a rapidly evolving digital world. Are you ready to shape the future through technology? Your journey starts here. Take a look at some of our impactful projects here: https://netcompany.com/cases/ Our fully inhouse Testing team consists of 240+ professionals and is Gold ISTQB partner. This is a team led by Test Managers, that serves the entire Netcompany SEE & EUI organization, bringing value and benefit in all the technologies we use and offer. Our Testing team is engaged with a vast portfolio of services, technologies, solutions and methodologies.Job DescriptionWhat does it feel like to be a Software Engineer in Test in Netcompany?As a Software Engineer in Test you will:Understand the business logic for the system under testFamiliarize with the architecture of the system under testAnalyze the tests to be automated and identify the most appropriate test automation methodology/technologyImplement and maintain test automation scripts/frameworksParticipate in PoC for evaluation of various tools, frameworks, methodologiesParticipate in the building of a CI pipelineAutomate tests for any of the following test types (functional, performance, usability, compatibility, cross-browser, component)Analysis of test results for troubleshooting, qualitative and quantitative analysisQualificationsWhat would make you a fit for the role:Degree in Information Technology or another relevant fieldExperience in Software Testing including expertise in writing Test scripts for Functional, Regression and Performance testsExperience in various tools/frameworks such as Selenium, SoapUI, JMeterWork experience in the creation of Test Cases, Test Scripts, Test Reports and participation in Test CyclesComplete understanding of the Agile Software Development methodologiesExcellent command of the English language (written & oral)It would also be a plus if you match some of the following:Knowledge in WebServices (SOAP & RESTful), Cucumber, Serenity, TestNG, JUnit, Mockito, REST Assured API and Jira, Jira XRay, Javascript, Typescript, Microservice Architectures, Kafka, Arquillian and Spring Boot are considered a plusWork experience in Java, .Net, Groovy, SQL, XML Additional InformationBeing a part of the Netcompany-Ιntrasoft team, you will be provided with: The opportunity to work in a modern environment & in a hybrid working modelA seamless onboarding experience and a buddy to support you on your first stepsA competitive compensation & benefits packageHealth and life insurance programMeal and commuting allowanceWell-being activities (on premises)Continuous learning opportunities using the most modern methods (unlimited access to Udemy for Business, ad-hoc trainings)A personalized development plan for targeted career growthIf you are looking forward to be part of a diverse environment, and have the opportunity to work alongside well-experienced professionals, on challenging, large-scale projects that directly impact millions of citizens around the globe, then this is the place to be!Our branch in Thessaloniki employs 300+ talented professionals, working on a variety of EU mission-critical projects! Please upload your CV in English via the Apply button. All applications will be treated as strictly confidential.We ensure equal opportunities, treatment, and consideration to all candidates. Discrimination based on sex, racial or ethnic origin, religion or belief, disability, age, sexual orientation or marital status, physical or mental disability, or any other factor protected by applicable laws and regulations is prohibited. As part of the Netcompany culture, we respect human rights and focus on creating a positive workplace, where all employees are valued, and where diversity and inclusion are a vital part of our everyday working experience.In the following link you may find our CV Submission privacy notice: https://netcompany.com/cv-submission-privacy-notice/",N/A,Full-time,"Thessaloniki, Greece",EL,2025-07-03,kariera.gr,236764,60766.0,"['http://data.europa.eu/esco/skill/3993c87c-7719-4186-811b-8ddfb40e76be', 'http://data.europa.eu/esco/skill/52cf3037-ab53-4806-85ed-7fd21ea7f6a1', 'http://data.europa.eu/esco/skill/598de5b0-5b58-4ea7-8058-a4bc4d18c742', 'http://data.europa.eu/esco/skill/6a0aab53-6246-41e8-a910-e7a13f314860', 'http://data.europa.eu/esco/skill/7557f0f4-b8bc-4ac0-b91e-222ab1ba744f', 'http://data.europa.eu/esco/skill/867137fb-ff1b-4ca3-99f3-cb6969aa2c68', 'http://data.europa.eu/esco/skill/c2a0c52c-0b4b-4180-a918-92650ea3b458', 'http://data.europa.eu/esco/skill/c4b626c1-e71c-44ec-9f88-042766f37fcc', 'http://data.europa.eu/esco/skill/ce354460-500e-4eaa-8e95-8f243fcea3db', 'http://data.europa.eu/esco/skill/dba46f87-0831-49cd-a1c7-340a653c0221']",['http://data.europa.eu/esco/isco/C2519']
5287413,Test Automation Leader,"Company DescriptionAre you ready to shape the future technological landscape in Europe? We are dedicated to responsible digitalisation, building innovative, inclusive solutions that drive meaningful impact. With over 8,900 professionals across Europe, we help EU institutions, public and private organisations thrive in a rapidly evolving digital world. Are you ready to shape the future through technology? Your journey starts here. Take a look at some of our impactful projects here: https://netcompany.com/cases/ Our fully inhouse Testing team consists of 240+ professionals and is Gold ISTQB partner. This is a team led by Test Managers, that serves the entire Netcompany SEE & EUI organization, bringing value and benefit in all the technologies we use and offer. Our Testing team is engaged with a vast portfolio of services, technologies, solutions and methodologies.Job DescriptionAre you ready to discover the role of a Test Automation Leader in Netcompany?As a Test Automation Leader you will:Work on analyzing and managing the testing lifecycle of large-scale software applications of EU institutions / Products / Public Sector. You will be exposed to a wide variety of services and technologies in a multinational environment.Create and maintain comprehensive automated test suites Integrate automated tests into the CI/CD pipelines using e.g., Jenkins, GitLab CI, ensuring tests are run consistently with each build and deployment.Participate in PoC for evaluation of various tools, frameworks, methodologiesParticipate in the building of a CI pipelineAutomate tests for any of the following test types (functional, performance, usability, compatibility, cross-browser, component)Analysis of test results for troubleshooting, qualitative and quantitative analysisQualificationsWhat would make you a fit for the role:University degree in Information Technology or another relevant field and 7+ years of experience in Test Automation, including leadership rolesProven experience in Software Testing and Test Automation, with expertise in designing and implementing Test Automation Strategies for Component, Functional, Regression, and Performance testsProficiency in Java, .NET, Typescript, SQL, HTML, XML, JSON, Shell & Bat scriptingExpertise in various tools/frameworks such as Selenium, Appium, Playwright, Cypress, WebdriverIO, TestNG, JUnit, NUnit, Spring, Spring Boot, Cucumber, SpecFlow, Rest Assured API, SoapUI, Postman, JMeter, LoadUI, K6, BPMN, Kafka, JMSExperience with Test Management (Xray, Zephyr, Azure Test, etc.) and Defect Management Tools (Jira, etc.) and in automated integrations with those toolsProficiency with CI Tools (Jenkins, Bamboo, etc.) and pipeline scriptingExperience with Docker, Kubernetes is considered a plusStrong background in creating Test Cases, Test Scripts, Test Reports, and participation in Test CyclesProven ability to train, guide, coach, and share knowledge with less experienced team membersDeep understanding of Agile Software Development methodologiesAdditional InformationBeing a part of the Netcompany team, you will be provided with: The opportunity to work in a modern environment & in a hybrid working modelA seamless onboarding experience and a buddy to support you on your first stepsA competitive compensation & benefits packageHealth and life insurance programMeal allowanceWell-being activities (on premises)Continuous learning opportunities using the most modern methods (unlimited access to Udemy for Business, ad-hoc trainings)A personalized development plan for targeted career growthIf you are looking forward to be part of a diverse environment, and have the opportunity to work alongside well-experienced professionals, on challenging, large-scale projects that directly impact millions of citizens around the globe, then this is the place to be!Our branch in Patras employs 180+ talented professionals, working on a variety of EU mission-critical projects!Please upload your CV in English via the Apply button. All applications will be treated as strictly confidential.We ensure equal opportunities, treatment, and consideration to all candidates. Discrimination based on sex, racial or ethnic origin, religion or belief, disability, age, sexual orientation or marital status, physical or mental disability, or any other factor protected by applicable laws and regulations is prohibited. As part of the Netcompany culture, we respect human rights and focus on creating a positive workplace, where all employees are valued, and where diversity and inclusion are a vital part of our everyday working experience.In the following link you may find our CV Submission privacy notice: https://netcompany.com/cv-submission-privacy-notice/",N/A,Full-time,"Patra, Greece",EL,2025-09-05,kariera.gr,236735,60766.0,"['http://data.europa.eu/esco/skill/0af062de-eb43-41e9-9b96-249e2cd22d26', 'http://data.europa.eu/esco/skill/2d3552aa-08da-4aad-9942-675be826a212', 'http://data.europa.eu/esco/skill/598de5b0-5b58-4ea7-8058-a4bc4d18c742', 'http://data.europa.eu/esco/skill/6a0aab53-6246-41e8-a910-e7a13f314860', 'http://data.europa.eu/esco/skill/7557f0f4-b8bc-4ac0-b91e-222ab1ba744f', 'http://data.europa.eu/esco/skill/867137fb-ff1b-4ca3-99f3-cb6969aa2c68', 'http://data.europa.eu/esco/skill/c2a0c52c-0b4b-4180-a918-92650ea3b458', 'http://data.europa.eu/esco/skill/c4b626c1-e71c-44ec-9f88-042766f37fcc', 'http://data.europa.eu/esco/skill/dba46f87-0831-49cd-a1c7-340a653c0221', 'http://data.europa.eu/esco/skill/f47a1998-0beb-43be-9f46-380aa4d183da']","['http://data.europa.eu/esco/occupation/572c51ef-531b-4331-8e66-b1641173e54e', 'http://data.europa.eu/esco/occupation/7ed2e153-8da8-4c0d-b4c5-3402c623f34b', 'http://data.europa.eu/esco/occupation/ab7bccb2-6f81-4a3d-a0c0-fca5d47d2775']"
5287416,Test Automation Leader,"Company DescriptionAre you ready to shape the future technological landscape in Europe? We are dedicated to responsible digitalisation, building innovative, inclusive solutions that drive meaningful impact. With over 8,900 professionals across Europe, we help EU institutions, public and private organisations thrive in a rapidly evolving digital world. Are you ready to shape the future through technology? Your journey starts here. Take a look at some of our impactful projects here: https://netcompany.com/cases/ Our fully inhouse Testing team consists of 240+ professionals and is Gold ISTQB partner. This is a team led by Test Managers, that serves the entire Netcompany SEE & EUI organization, bringing value and benefit in all the technologies we use and offer. Our Testing team is engaged with a vast portfolio of services, technologies, solutions and methodologies.Job DescriptionAre you ready to discover the role of a Test Automation Leader in Netcompany?As a Test Automation Leader you will:Work on analyzing and managing the testing lifecycle of large-scale software applications of EU institutions / Products / Public Sector. You will be exposed to a wide variety of services and technologies in a multinational environment.Create and maintain comprehensive automated test suites Integrate automated tests into the CI/CD pipelines using e.g., Jenkins, GitLab CI, ensuring tests are run consistently with each build and deployment.Participate in PoC for evaluation of various tools, frameworks, methodologiesParticipate in the building of a CI pipelineAutomate tests for any of the following test types (functional, performance, usability, compatibility, cross-browser, component)Analysis of test results for troubleshooting, qualitative and quantitative analysisQualificationsWhat would make you a fit for the role:University degree in Information Technology or another relevant field and 7+ years of experience in Test Automation, including leadership rolesProven experience in Software Testing and Test Automation, with expertise in designing and implementing Test Automation Strategies for Component, Functional, Regression, and Performance testsProficiency in Java, .NET, Typescript, SQL, HTML, XML, JSON, Shell & Bat scriptingExpertise in various tools/frameworks such as Selenium, Appium, Playwright, Cypress, WebdriverIO, TestNG, JUnit, NUnit, Spring, Spring Boot, Cucumber, SpecFlow, Rest Assured API, SoapUI, Postman, JMeter, LoadUI, K6, BPMN, Kafka, JMSExperience with Test Management (Xray, Zephyr, Azure Test, etc.) and Defect Management Tools (Jira, etc.) and in automated integrations with those toolsProficiency with CI Tools (Jenkins, Bamboo, etc.) and pipeline scriptingExperience with Docker, Kubernetes is considered a plusStrong background in creating Test Cases, Test Scripts, Test Reports, and participation in Test CyclesProven ability to train, guide, coach, and share knowledge with less experienced team membersDeep understanding of Agile Software Development methodologiesAdditional InformationBeing a part of the Netcompany team, you will be provided with: The opportunity to work in a modern environment & in a hybrid working modelA seamless onboarding experience and a buddy to support you on your first stepsA competitive compensation & benefits packageHealth and life insurance programMeal and commuting allowanceWell-being activities (on premises)Continuous learning opportunities using the most modern methods (unlimited access to Udemy for Business, ad-hoc trainings)A personalized development plan for targeted career growthIf you are looking forward to be part of a diverse environment, and have the opportunity to work alongside well-experienced professionals, on challenging, large-scale projects that directly impact millions of citizens around the globe, then this is the place to be!By joining Netcompany in Athens, you will be part of a vivid team of 2,300+ tech professionals. When at the office, you'll have the flexibility to work from our three modern, sustainable, and state-of-the-art offices!Please upload your CV in English via the Apply button. All applications will be treated as strictly confidential.We ensure equal opportunities, treatment, and consideration to all candidates. Discrimination based on sex, racial or ethnic origin, religion or belief, disability, age, sexual orientation or marital status, physical or mental disability, or any other factor protected by applicable laws and regulations is prohibited. As part of the Netcompany culture, we respect human rights and focus on creating a positive workplace, where all employees are valued, and where diversity and inclusion are a vital part of our everyday working experience.In the following link you may find our CV Submission privacy notice: https://netcompany.com/cv-submission-privacy-notice/",N/A,Full-time,"Athens, Greece",EL,2025-09-05,kariera.gr,236738,60766.0,"['http://data.europa.eu/esco/skill/0af062de-eb43-41e9-9b96-249e2cd22d26', 'http://data.europa.eu/esco/skill/2d3552aa-08da-4aad-9942-675be826a212', 'http://data.europa.eu/esco/skill/598de5b0-5b58-4ea7-8058-a4bc4d18c742', 'http://data.europa.eu/esco/skill/6a0aab53-6246-41e8-a910-e7a13f314860', 'http://data.europa.eu/esco/skill/7557f0f4-b8bc-4ac0-b91e-222ab1ba744f', 'http://data.europa.eu/esco/skill/867137fb-ff1b-4ca3-99f3-cb6969aa2c68', 'http://data.europa.eu/esco/skill/c2a0c52c-0b4b-4180-a918-92650ea3b458', 'http://data.europa.eu/esco/skill/c4b626c1-e71c-44ec-9f88-042766f37fcc', 'http://data.europa.eu/esco/skill/dba46f87-0831-49cd-a1c7-340a653c0221', 'http://data.europa.eu/esco/skill/f47a1998-0beb-43be-9f46-380aa4d183da']","['http://data.europa.eu/esco/occupation/572c51ef-531b-4331-8e66-b1641173e54e', 'http://data.europa.eu/esco/occupation/7ed2e153-8da8-4c0d-b4c5-3402c623f34b', 'http://data.europa.eu/esco/occupation/ab7bccb2-6f81-4a3d-a0c0-fca5d47d2775', 'http://data.europa.eu/esco/isco/C3']"
5287418,Test Automation Leader,"Company DescriptionAre you ready to shape the future technological landscape in Europe? We are dedicated to responsible digitalisation, building innovative, inclusive solutions that drive meaningful impact. With over 8,900 professionals across Europe, we help EU institutions, public and private organisations thrive in a rapidly evolving digital world. Are you ready to shape the future through technology? Your journey starts here. Take a look at some of our impactful projects here: https://netcompany.com/cases/ Our fully inhouse Testing team consists of 240+ professionals and is Gold ISTQB partner. This is a team led by Test Managers, that serves the entire Netcompany SEE & EUI organization, bringing value and benefit in all the technologies we use and offer. Our Testing team is engaged with a vast portfolio of services, technologies, solutions and methodologies.Job DescriptionAre you ready to discover the role of a Test Automation Leader in Netcompany?As a Test Automation Leader you will:Work on analyzing and managing the testing lifecycle of large-scale software applications of EU institutions / Products / Public Sector. You will be exposed to a wide variety of services and technologies in a multinational environment.Create and maintain comprehensive automated test suites Integrate automated tests into the CI/CD pipelines using e.g., Jenkins, GitLab CI, ensuring tests are run consistently with each build and deployment.Participate in PoC for evaluation of various tools, frameworks, methodologiesParticipate in the building of a CI pipelineAutomate tests for any of the following test types (functional, performance, usability, compatibility, cross-browser, component)Analysis of test results for troubleshooting, qualitative and quantitative analysisQualificationsWhat would make you a fit for the role:University degree in Information Technology or another relevant field and 7+ years of experience in Test Automation, including leadership rolesProven experience in Software Testing and Test Automation, with expertise in designing and implementing Test Automation Strategies for Component, Functional, Regression, and Performance testsProficiency in Java, .NET, Typescript, SQL, HTML, XML, JSON, Shell & Bat scriptingExpertise in various tools/frameworks such as Selenium, Appium, Playwright, Cypress, WebdriverIO, TestNG, JUnit, NUnit, Spring, Spring Boot, Cucumber, SpecFlow, Rest Assured API, SoapUI, Postman, JMeter, LoadUI, K6, BPMN, Kafka, JMSExperience with Test Management (Xray, Zephyr, Azure Test, etc.) and Defect Management Tools (Jira, etc.) and in automated integrations with those toolsProficiency with CI Tools (Jenkins, Bamboo, etc.) and pipeline scriptingExperience with Docker, Kubernetes is considered a plusStrong background in creating Test Cases, Test Scripts, Test Reports, and participation in Test CyclesProven ability to train, guide, coach, and share knowledge with less experienced team membersDeep understanding of Agile Software Development methodologiesAdditional InformationBeing a part of the Netcompany team, you will be provided with: The opportunity to work in a modern environment & in a hybrid working modelA seamless onboarding experience and a buddy to support you on your first stepsA competitive compensation & benefits packageHealth and life insurance programMeal and commuting allowanceWell-being activities (on premises)Continuous learning opportunities using the most modern methods (unlimited access to Udemy for Business, ad-hoc trainings)A personalized development plan for targeted career growthIf you are looking forward to be part of a diverse environment, and have the opportunity to work alongside well-experienced professionals, on challenging, large-scale projects that directly impact millions of citizens around the globe, then this is the place to be!Our branch in Thessaloniki employs 300+ talented professionals, working on a variety of EU mission-critical projects!Please upload your CV in English via the Apply button. All applications will be treated as strictly confidential.We ensure equal opportunities, treatment, and consideration to all candidates. Discrimination based on sex, racial or ethnic origin, religion or belief, disability, age, sexual orientation or marital status, physical or mental disability, or any other factor protected by applicable laws and regulations is prohibited. As part of the Netcompany culture, we respect human rights and focus on creating a positive workplace, where all employees are valued, and where diversity and inclusion are a vital part of our everyday working experience.In the following link you may find our CV Submission privacy notice: https://netcompany.com/cv-submission-privacy-notice/",N/A,Full-time,"Thessaloniki, Greece",EL,2025-09-05,kariera.gr,236733,60766.0,"['http://data.europa.eu/esco/skill/0af062de-eb43-41e9-9b96-249e2cd22d26', 'http://data.europa.eu/esco/skill/2d3552aa-08da-4aad-9942-675be826a212', 'http://data.europa.eu/esco/skill/598de5b0-5b58-4ea7-8058-a4bc4d18c742', 'http://data.europa.eu/esco/skill/6a0aab53-6246-41e8-a910-e7a13f314860', 'http://data.europa.eu/esco/skill/7557f0f4-b8bc-4ac0-b91e-222ab1ba744f', 'http://data.europa.eu/esco/skill/867137fb-ff1b-4ca3-99f3-cb6969aa2c68', 'http://data.europa.eu/esco/skill/c2a0c52c-0b4b-4180-a918-92650ea3b458', 'http://data.europa.eu/esco/skill/c4b626c1-e71c-44ec-9f88-042766f37fcc', 'http://data.europa.eu/esco/skill/dba46f87-0831-49cd-a1c7-340a653c0221', 'http://data.europa.eu/esco/skill/f47a1998-0beb-43be-9f46-380aa4d183da']","['http://data.europa.eu/esco/occupation/572c51ef-531b-4331-8e66-b1641173e54e', 'http://data.europa.eu/esco/occupation/7ed2e153-8da8-4c0d-b4c5-3402c623f34b', 'http://data.europa.eu/esco/occupation/ab7bccb2-6f81-4a3d-a0c0-fca5d47d2775']"
5287419,Senior Software Engineer in Test,"Company DescriptionAre you ready to shape the future technological landscape in Europe? We are dedicated to responsible digitalisation, building innovative, inclusive solutions that drive meaningful impact. With over 8,900 professionals across Europe, we help EU institutions, public and private organisations thrive in a rapidly evolving digital world. Are you ready to shape the future through technology? Your journey starts here. Take a look at some of our impactful projects here: https://netcompany.com/cases/ Our fully inhouse Testing team consists of 240+ professionals and is Gold ISTQB partner. This is a team led by Test Managers, that serves the entire NetcompanySEE & EUI organization, bringing value and benefit in all the technologies we use and offer. Our Testing team is engaged with a vast portfolio of services, technologies, solutions and methodologies.Job DescriptionAre you ready to discover the role of a Senior Software Engineer in Test in Netcompany?As a Senior Software Engineer in Test you will:Familiarize with the architecture of the system under testAnalyze the tests to be automated and identify the most appropriate test automation methodology/technologyImplement and maintain test automation scripts/frameworksParticipate in PoC for evaluation of various tools, frameworks, methodologiesParticipate in the building of a CI pipelineAutomate tests for any of the following test types (functional, performance, usability, compatibility, cross-browser, component)Analysis of test results for troubleshooting, qualitative and quantitative analysisDefine, engage, and commit to testing planning as part of the Release planning, providing accurate estimations and schedules of all testing activities, timelines, and milestones with appropriate toolsDevelop comprehensive test plans based on project requirements and specifications.Ensure that the several testing and validation processes are improved continuouslyOversee the execution of manual and service test cases to identify software defects and ensure product qualityReview and approval of all test artifacts (scripts, test data) and testing deliverablesQualificationsWhat would make you a fit for the role:Degree in Information Technology or another relevant fieldAt least 4 years of experience in Software Testing including expertise in writing Test scripts for Functional, Regression and Performance testsExperience in various tools/frameworks such as Selenium, SoapUI, JMeterWork experience in the creation of Test Cases, Test Scripts, Test Reports and participation in Test CyclesComplete understanding of the Agile Software Development methodologiesExcellent command of the English language (both written & oral)It would also be a plus if you match some of the following:Knowledge in WebServices (SOAP & RESTful), Cucumber, Serenity, TestNG, JUnit, Mockito, REST Assured API and Jira, Jira XRay, Javascript, Typescript, Microservice Architectures, Kafka, Arquillian and Spring Boot are considered a plusWork experience in Java, .Net, Groovy, SQL, XML ISTQB Foundation certificate in Software Testing;Test Automation knowledge through QTP.Additional InformationBeing a part of the Netcompany-Ιntrasoft team, you will be provided with: The opportunity to work in a modern environment & in a hybrid working modelA seamless onboarding experience and a buddy to support you on your first stepsA competitive compensation & benefits packageHealth and life insurance programMeal and commuting allowanceWell-being activities (on premises)Continuous learning opportunities using the most modern methods (unlimited access to Udemy for Business, ad-hoc trainings)A personalized development plan for targeted career growthIf you are looking forward to be part of a diverse environment, and have the opportunity to work alongside well-experienced professionals, on challenging, large-scale projects that directly impact millions of citizens around the globe, then this is the place to be!Our branch in Thessaloniki employs 300+ talented professionals, working on a variety of EU mission-critical projects!Please upload your CV in English via the Apply button. All applications will be treated as strictly confidential.We ensure equal opportunities, treatment, and consideration to all candidates. Discrimination based on sex, racial or ethnic origin, religion or belief, disability, age, sexual orientation or marital status, physical or mental disability, or any other factor protected by applicable laws and regulations is prohibited. As part of the Netcompany culture, we respect human rights and focus on creating a positive workplace, where all employees are valued, and where diversity and inclusion are a vital part of our everyday working experience.In the following link you may find our CV Submission privacy notice: https://netcompany.com/cv-submission-privacy-notice/",N/A,Full-time,"Thessaloniki, Greece",EL,2026-02-01,kariera.gr,236754,60766.0,"['http://data.europa.eu/esco/skill/2522a6ce-3202-4ac8-9f5b-b9cb5a3a83a1', 'http://data.europa.eu/esco/skill/3993c87c-7719-4186-811b-8ddfb40e76be', 'http://data.europa.eu/esco/skill/52cf3037-ab53-4806-85ed-7fd21ea7f6a1', 'http://data.europa.eu/esco/skill/598de5b0-5b58-4ea7-8058-a4bc4d18c742', 'http://data.europa.eu/esco/skill/5d74614d-32c8-4ca4-9818-6980e52424b1', 'http://data.europa.eu/esco/skill/6a0aab53-6246-41e8-a910-e7a13f314860', 'http://data.europa.eu/esco/skill/6a322874-e32f-4cd8-9683-badce67a7f73', 'http://data.europa.eu/esco/skill/7557f0f4-b8bc-4ac0-b91e-222ab1ba744f', 'http://data.europa.eu/esco/skill/867137fb-ff1b-4ca3-99f3-cb6969aa2c68', 'http://data.europa.eu/esco/skill/c2a0c52c-0b4b-4180-a918-92650ea3b458', 'http://data.europa.eu/esco/skill/c4b626c1-e71c-44ec-9f88-042766f37fcc', 'http://data.europa.eu/esco/skill/dba46f87-0831-49cd-a1c7-340a653c0221']","['http://data.europa.eu/esco/occupation/608edf30-fe37-4ae5-bdd1-2d3a8fd347bd', 'http://data.europa.eu/esco/isco/C2519']"
5287420,Software Engineer in Test,"Company DescriptionAre you ready to shape the future technological landscape in Europe? We are dedicated to responsible digitalisation, building innovative, inclusive solutions that drive meaningful impact. With over 8,900 professionals across Europe, we help EU institutions, public and private organisations thrive in a rapidly evolving digital world. Are you ready to shape the future through technology? Your journey starts here. Take a look at some of our impactful projects here: https://netcompany.com/cases/ Our fully inhouse Testing team consists of 240+ professionals and is Gold ISTQB partner. This is a team led by Test Managers, that serves the entire Netcompany SEE & EUI organization, bringing value and benefit in all the technologies we use and offer. Our Testing team is engaged with a vast portfolio of services, technologies, solutions and methodologies.Job DescriptionWhat does it feel like to be a Software Engineer in Test in Netcompany?As a Software Engineer in Test you will:Understand the business logic for the system under testFamiliarize with the architecture of the system under testAnalyze the tests to be automated and identify the most appropriate test automation methodology/technologyImplement and maintain test automation scripts/frameworksParticipate in PoC for evaluation of various tools, frameworks, methodologiesParticipate in the building of a CI pipelineAutomate tests for any of the following test types (functional, performance, usability, compatibility, cross-browser, component)Analysis of test results for troubleshooting, qualitative and quantitative analysisQualificationsWhat would make you a fit for the role:Degree in Information Technology or another relevant fieldExperience in Software Testing including expertise in writing Test scripts for Functional, Regression and Performance testsExperience in various tools/frameworks such as Selenium, SoapUI, JMeterWork experience in the creation of Test Cases, Test Scripts, Test Reports and participation in Test CyclesComplete understanding of the Agile Software Development methodologiesExcellent command of the English language (written & oral)It would also be a plus if you match some of the following:Knowledge in WebServices (SOAP & RESTful), Cucumber, Serenity, TestNG, JUnit, Mockito, REST Assured API and Jira, Jira XRay, Javascript, Typescript, Microservice Architectures, Kafka, Arquillian and Spring Boot are considered a plusWork experience in Java, .Net, Groovy, SQL, XML Additional InformationBeing a part of the Netcompany-Ιntrasoft team, you will be provided with: The opportunity to work in a modern environment & in a hybrid working modelA seamless onboarding experience and a buddy to support you on your first stepsA competitive compensation & benefits packageHealth and life insurance programMeal allowanceWell-being activities (on premises)Continuous learning opportunities using the most modern methods (unlimited access to Udemy for Business, ad-hoc trainings)A personalized development plan for targeted career growthIf you are looking forward to be part of a diverse environment, and have the opportunity to work alongside well-experienced professionals, on challenging, large-scale projects that directly impact millions of citizens around the globe, then this is the place to be!Our branch in Patras employs 180+ talented professionals, working on a variety of EU mission-critical projects!Please upload your CV in English via the Apply button. All applications will be treated as strictly confidential.We ensure equal opportunities, treatment, and consideration to all candidates. Discrimination based on sex, racial or ethnic origin, religion or belief, disability, age, sexual orientation or marital status, physical or mental disability, or any other factor protected by applicable laws and regulations is prohibited. As part of the Netcompany culture, we respect human rights and focus on creating a positive workplace, where all employees are valued, and where diversity and inclusion are a vital part of our everyday working experience.In the following link you may find our CV Submission privacy notice: https://netcompany.com/cv-submission-privacy-notice/",N/A,Full-time,"Patra, Greece",EL,2025-07-03,kariera.gr,236755,60766.0,"['http://data.europa.eu/esco/skill/3993c87c-7719-4186-811b-8ddfb40e76be', 'http://data.europa.eu/esco/skill/52cf3037-ab53-4806-85ed-7fd21ea7f6a1', 'http://data.europa.eu/esco/skill/598de5b0-5b58-4ea7-8058-a4bc4d18c742', 'http://data.europa.eu/esco/skill/6a0aab53-6246-41e8-a910-e7a13f314860', 'http://data.europa.eu/esco/skill/7557f0f4-b8bc-4ac0-b91e-222ab1ba744f', 'http://data.europa.eu/esco/skill/867137fb-ff1b-4ca3-99f3-cb6969aa2c68', 'http://data.europa.eu/esco/skill/c2a0c52c-0b4b-4180-a918-92650ea3b458', 'http://data.europa.eu/esco/skill/c4b626c1-e71c-44ec-9f88-042766f37fcc', 'http://data.europa.eu/esco/skill/ce354460-500e-4eaa-8e95-8f243fcea3db', 'http://data.europa.eu/esco/skill/dba46f87-0831-49cd-a1c7-340a653c0221']",['http://data.europa.eu/esco/isco/C2519']
5287421,Software Engineer in Test,"Company DescriptionAre you ready to shape the future technological landscape in Europe? We are dedicated to responsible digitalisation, building innovative, inclusive solutions that drive meaningful impact. With over 8,900 professionals across Europe, we help EU institutions, public and private organisations thrive in a rapidly evolving digital world. Are you ready to shape the future through technology? Your journey starts here. Take a look at some of our impactful projects here: https://netcompany.com/cases/ Our fully inhouse Testing team consists of 240+ professionals and is Gold ISTQB partner. This is a team led by Test Managers, that serves the entire Netcompany SEE & EUI organization, bringing value and benefit in all the technologies we use and offer. Our Testing team is engaged with a vast portfolio of services, technologies, solutions and methodologies.Job DescriptionWhat does it feel like to be a Software Engineer in Test in Netcompany?As a Software Engineer in Test you will:Understand the business logic for the system under testFamiliarize with the architecture of the system under testAnalyze the tests to be automated and identify the most appropriate test automation methodology/technologyImplement and maintain test automation scripts/frameworksParticipate in PoC for evaluation of various tools, frameworks, methodologiesParticipate in the building of a CI pipelineAutomate tests for any of the following test types (functional, performance, usability, compatibility, cross-browser, component)Analysis of test results for troubleshooting, qualitative and quantitative analysisQualificationsWhat would make you a fit for the role:Degree in Information Technology or another relevant fieldExperience in Software Testing including expertise in writing Test scripts for Functional, Regression and Performance testsExperience in various tools/frameworks such as Selenium, SoapUI, JMeterWork experience in the creation of Test Cases, Test Scripts, Test Reports and participation in Test CyclesComplete understanding of the Agile Software Development methodologiesExcellent command of the English language (written & oral)It would also be a plus if you match some of the following:Knowledge in WebServices (SOAP & RESTful), Cucumber, Serenity, TestNG, JUnit, Mockito, REST Assured API and Jira, Jira XRay, Javascript, Typescript, Microservice Architectures, Kafka, Arquillian and Spring Boot are considered a plusWork experience in Java, .Net, Groovy, SQL, XML Additional InformationBeing a part of the Netcompany-Ιntrasoft team, you will be provided with: The opportunity to work in a modern environment & in a hybrid working modelA seamless onboarding experience and a buddy to support you on your first stepsA competitive compensation & benefits packageHealth and life insurance programMeal and commuting allowanceWell-being activities (on premises)Continuous learning opportunities using the most modern methods (unlimited access to Udemy for Business, ad-hoc trainings)A personalized development plan for targeted career growthIf you are looking forward to be part of a diverse environment, and have the opportunity to work alongside well-experienced professionals, on challenging, large-scale projects that directly impact millions of citizens around the globe, then this is the place to be!By joining Netcompany in Athens, you will be part of a vivid team of 2,300+ tech professionals. When at the office, you'll have the flexibility to work from our three modern, sustainable, and state-of-the-art offices!Please upload your CV in English via the Apply button. All applications will be treated as strictly confidential.We ensure equal opportunities, treatment, and consideration to all candidates. Discrimination based on sex, racial or ethnic origin, religion or belief, disability, age, sexual orientation or marital status, physical or mental disability, or any other factor protected by applicable laws and regulations is prohibited. As part of the Netcompany culture, we respect human rights and focus on creating a positive workplace, where all employees are valued, and where diversity and inclusion are a vital part of our everyday working experience.In the following link you may find our CV Submission privacy notice: https://netcompany.com/cv-submission-privacy-notice/",N/A,Full-time,"Athens, Greece",EL,2025-07-03,kariera.gr,236729,60766.0,"['http://data.europa.eu/esco/skill/3993c87c-7719-4186-811b-8ddfb40e76be', 'http://data.europa.eu/esco/skill/52cf3037-ab53-4806-85ed-7fd21ea7f6a1', 'http://data.europa.eu/esco/skill/598de5b0-5b58-4ea7-8058-a4bc4d18c742', 'http://data.europa.eu/esco/skill/6a0aab53-6246-41e8-a910-e7a13f314860', 'http://data.europa.eu/esco/skill/7557f0f4-b8bc-4ac0-b91e-222ab1ba744f', 'http://data.europa.eu/esco/skill/867137fb-ff1b-4ca3-99f3-cb6969aa2c68', 'http://data.europa.eu/esco/skill/c2a0c52c-0b4b-4180-a918-92650ea3b458', 'http://data.europa.eu/esco/skill/c4b626c1-e71c-44ec-9f88-042766f37fcc', 'http://data.europa.eu/esco/skill/ce354460-500e-4eaa-8e95-8f243fcea3db', 'http://data.europa.eu/esco/skill/dba46f87-0831-49cd-a1c7-340a653c0221']","['http://data.europa.eu/esco/isco/C2519', 'http://data.europa.eu/esco/isco/C3']"
5287422,Senior Software Engineer in Test,"Company DescriptionAre you ready to shape the future technological landscape in Europe? We are dedicated to responsible digitalisation, building innovative, inclusive solutions that drive meaningful impact. With over 8,900 professionals across Europe, we help EU institutions, public and private organisations thrive in a rapidly evolving digital world. Are you ready to shape the future through technology? Your journey starts here. Take a look at some of our impactful projects here: https://netcompany.com/cases/ Our fully inhouse Testing team consists of 240+ professionals and is Gold ISTQB partner. This is a team led by Test Managers, that serves the entire NetcompanySEE & EUI organization, bringing value and benefit in all the technologies we use and offer. Our Testing team is engaged with a vast portfolio of services, technologies, solutions and methodologies.Job DescriptionAre you ready to discover the role of a Senior Software Engineer in Test in Netcompany?As a Senior Software Engineer in Test you will:Familiarize with the architecture of the system under testAnalyze the tests to be automated and identify the most appropriate test automation methodology/technologyImplement and maintain test automation scripts/frameworksParticipate in PoC for evaluation of various tools, frameworks, methodologiesParticipate in the building of a CI pipelineAutomate tests for any of the following test types (functional, performance, usability, compatibility, cross-browser, component)Analysis of test results for troubleshooting, qualitative and quantitative analysisDefine, engage, and commit to testing planning as part of the Release planning, providing accurate estimations and schedules of all testing activities, timelines, and milestones with appropriate toolsDevelop comprehensive test plans based on project requirements and specifications.Ensure that the several testing and validation processes are improved continuouslyOversee the execution of manual and service test cases to identify software defects and ensure product qualityReview and approval of all test artifacts (scripts, test data) and testing deliverablesQualificationsWhat would make you a fit for the role:Degree in Information Technology or another relevant fieldAt least 4 years of experience in Software Testing including expertise in writing Test scripts for Functional, Regression and Performance testsExperience in various tools/frameworks such as Selenium, SoapUI, JMeterWork experience in the creation of Test Cases, Test Scripts, Test Reports and participation in Test CyclesComplete understanding of the Agile Software Development methodologiesExcellent command of the English language (both written & oral)It would also be a plus if you match some of the following:Knowledge in WebServices (SOAP & RESTful), Cucumber, Serenity, TestNG, JUnit, Mockito, REST Assured API and Jira, Jira XRay, Javascript, Typescript, Microservice Architectures, Kafka, Arquillian and Spring Boot are considered a plusWork experience in Java, .Net, Groovy, SQL, XML ISTQB Foundation certificate in Software Testing;Test Automation knowledge through QTP.Additional InformationBeing a part of the Netcompany-Ιntrasoft team, you will be provided with: The opportunity to work in a modern environment & in a hybrid working modelA seamless onboarding experience and a buddy to support you on your first stepsA competitive compensation & benefits packageHealth and life insurance programMeal allowanceWell-being activities (on premises)Continuous learning opportunities using the most modern methods (unlimited access to Udemy for Business, ad-hoc trainings)A personalized development plan for targeted career growthIf you are looking forward to be part of a diverse environment, and have the opportunity to work alongside well-experienced professionals, on challenging, large-scale projects that directly impact millions of citizens around the globe, then this is the place to be!Our branch in Patras employs 180+ talented professionals, working on a variety of EU mission-critical projects!Please upload your CV in English via the Apply button. All applications will be treated as strictly confidential.We ensure equal opportunities, treatment, and consideration to all candidates. Discrimination based on sex, racial or ethnic origin, religion or belief, disability, age, sexual orientation or marital status, physical or mental disability, or any other factor protected by applicable laws and regulations is prohibited. As part of the Netcompany culture, we respect human rights and focus on creating a positive workplace, where all employees are valued, and where diversity and inclusion are a vital part of our everyday working experience.In the following link you may find our CV Submission privacy notice: https://netcompany.com/cv-submission-privacy-notice/",N/A,Full-time,"Patra, Greece",EL,2026-02-01,kariera.gr,236736,60766.0,"['http://data.europa.eu/esco/skill/2522a6ce-3202-4ac8-9f5b-b9cb5a3a83a1', 'http://data.europa.eu/esco/skill/3993c87c-7719-4186-811b-8ddfb40e76be', 'http://data.europa.eu/esco/skill/52cf3037-ab53-4806-85ed-7fd21ea7f6a1', 'http://data.europa.eu/esco/skill/598de5b0-5b58-4ea7-8058-a4bc4d18c742', 'http://data.europa.eu/esco/skill/5d74614d-32c8-4ca4-9818-6980e52424b1', 'http://data.europa.eu/esco/skill/6a0aab53-6246-41e8-a910-e7a13f314860', 'http://data.europa.eu/esco/skill/6a322874-e32f-4cd8-9683-badce67a7f73', 'http://data.europa.eu/esco/skill/7557f0f4-b8bc-4ac0-b91e-222ab1ba744f', 'http://data.europa.eu/esco/skill/867137fb-ff1b-4ca3-99f3-cb6969aa2c68', 'http://data.europa.eu/esco/skill/c2a0c52c-0b4b-4180-a918-92650ea3b458', 'http://data.europa.eu/esco/skill/c4b626c1-e71c-44ec-9f88-042766f37fcc', 'http://data.europa.eu/esco/skill/dba46f87-0831-49cd-a1c7-340a653c0221']","['http://data.europa.eu/esco/occupation/608edf30-fe37-4ae5-bdd1-2d3a8fd347bd', 'http://data.europa.eu/esco/isco/C2519']"
5287466,Lead Frontend Engineer (React),"Company DescriptionAre you ready to shape the future technological landscape in Europe?We are dedicated to responsible digitalisation, building innovative, inclusive solutions that drive meaningful impact. With over 8,900 professionals across Europe, we help EU institutions, public and private organisations thrive in a rapidly evolving digital world. Are you ready to shape the future through technology? Your journey starts here. Take a look at some of our impactful projects here: https://netcompany.com/cases/Job DescriptionWhat does it feel like to be a Lead Frontend Engineer (React) in Netcompany?  Joining us as a Lead Frontend Engineer (React), you will have the opportunity to be a part of our highly skilled agile consultant teams working within large-scale transformation projects, that impact the life of millions of EU citizens. The job holder will have the opportunity to manage a backlog of forward-thinking product features and guide the agile team into delivering valuable Product Increments using cutting-edge technologies and agile at scale methodologies. As a Lead Frontend Engineer (React), you will:Drive the strategic direction of front-end development, ensuring alignment with business goalsInspire and mentor your team, fostering a culture of continuous improvement and innovationArchitect and build high-performance, scalable web applications that enhance user experienceCollaborate with product managers to define project requirements and timelinesUtilize the use of modern development practices and tools, introducing best practices to improve efficiencyTake ownership of troubleshooting and resolving complex technical challengesEnsure the timely delivery of projects, balancing quality with speedContribute to decision-making processes at both a technical and operational level, influencing the direction of future projectsQualificationsWhat would make you a fit for the role:6+ years of relevant experience in software developmentProven experience leading a team of developersStrong communication skills, especially in collaborating with delivery groupsKnowledge of agile methodologies and best practices in software developmentExpertise in the following technologies: JavaScript, TypeScript, React, UI/UX Design, HTML/CSS, RESTful APIsAdditional InformationBeing a part of the Netcompany team, you will be provided with: The opportunity to work in a modern environment & in a hybrid working modelA seamless onboarding experience and a buddy to support you on your first stepsA competitive compensation & benefits packageHealth and life insurance programMeal allowanceWell-being activities (on premises)Continuous learning opportunities using the most modern methods (unlimited access to Udemy for Business, ad-hoc trainings)A personalized development plan for targeted career growthIf you are looking forward to be part of a diverse environment, and have the opportunity to work alongside well-experienced professionals, on challenging, large-scale projects that directly impact millions of citizens around the globe, then this is the place to be!By joining Netcompany in Athens, you will be part of a vivid team of 2,300+ tech professionals. When at the office, you'll have the flexibility to work from our three modern, sustainable, and state-of-the-art offices!Please upload your CV in English via the Apply button. All applications will be treated as strictly confidential.We ensure equal opportunities, treatment, and consideration to all candidates. Discrimination based on sex, racial or ethnic origin, religion or belief, disability, age, sexual orientation or marital status, physical or mental disability, or any other factor protected by applicable laws and regulations is prohibited. As part of the Netcompany culture, we respect human rights and focus on creating a positive workplace, where all employees are valued, and where diversity and inclusion are a vital part of our everyday working experience.In the following link you may find our CV Submission privacy notice: https://netcompany.com/cv-submission-privacy-notice/",N/A,Full-time,"Athens, Greece",EL,2025-09-04,kariera.gr,236763,60766.0,"['http://data.europa.eu/esco/skill/0550431f-9c8b-4204-9c45-59bc5feacf06', 'http://data.europa.eu/esco/skill/867137fb-ff1b-4ca3-99f3-cb6969aa2c68', 'http://data.europa.eu/esco/skill/c2a0c52c-0b4b-4180-a918-92650ea3b458', 'http://data.europa.eu/esco/skill/fd33c66c-70c4-40e6-b87c-5495bd3bf26e']","['http://data.europa.eu/esco/occupation/96e20037-0a25-4bf6-a25e-808d1605d890', 'http://data.europa.eu/esco/isco/C3']"
5287467,Senior React Developer,"Company DescriptionAre you ready to shape the future technological landscape in Europe?We are dedicated to responsible digitalisation, building innovative, inclusive solutions that drive meaningful impact. With over 8,900 professionals across Europe, we help EU institutions, public and private organisations thrive in a rapidly evolving digital world. Are you ready to shape the future through technology? Your journey starts here. Take a look at some of our impactful projects here: https://netcompany.com/cases/Job DescriptionAre you ready to join the forefront of technology as a Senior React Developer in Netcompany?   Joining us as a Senior React Developer, you will have the opportunity to be a part of our highly skilled agile consultants teams working within large-scale transformation projects, that impact the life of millions of EU citizens. You will be involved in the design, customization, and integration, that are intended mainly in private sector organizations.   As a Senior React Developer you will:Collaborate with the development team to define and implement the strategic direction of front-end development, ensuring alignment with business goals.Mentor junior developers, fostering a culture of continuous improvement and knowledge sharing within the team.Design and develop high-performance, scalable web applications that enhance user experience.Work closely with product managers to gather project requirements and establish realistic timelines.Advocate for the adoption of modern development practices and tools, contributing to the establishment of best practices to improve team efficiency.Troubleshoot and resolve complex technical challenges, providing innovative solutions to enhance product performance.Ensure project deliverables are met on time, while maintaining high-quality standards.Participate in decision-making processes at a technical level, contributing to the evolution of future projects.QualificationsWhat would make you a fit for the role:4+ years of relevant experience in software development, with a strong focus on front-end technologiesProven experience collaborating effectively within a team environment and mentoring junior developersStrong communication skills, especially in working with cross-functional teams and stakeholdersKnowledge of agile methodologies and best practices in software developmentExpertise in the following technologies: TypeScript, JavaScript, React, UI/UX Design, HTML/CSS, RESTful APIsAdditional InformationBeing a part of the Netcompany team, you will be provided with: The opportunity to work in a modern environment & in a hybrid working modelA seamless onboarding experience and a buddy to support you on your first stepsA competitive compensation & benefits packageHealth and life insurance programMeal and commuting allowanceWell-being activities (on premises)Continuous learning opportunities using the most modern methods (unlimited access to Udemy for Business, ad-hoc trainings)A personalized development plan for targeted career growthIf you are looking forward to be part of a diverse environment, and have the opportunity to work alongside well-experienced professionals, on challenging, large-scale projects that directly impact millions of citizens around the globe, then this is the place to be!By joining Netcompany in Athens, you will be part of a vivid team of 2,300+ tech professionals. When at the office, you'll have the flexibility to work from our three modern, sustainable, and state-of-the-art offices!Please upload your CV in English via the Apply button. All applications will be treated as strictly confidential.We ensure equal opportunities, treatment, and consideration to all candidates. Discrimination based on sex, racial or ethnic origin, religion or belief, disability, age, sexual orientation or marital status, physical or mental disability, or any other factor protected by applicable laws and regulations is prohibited. As part of the Netcompany culture, we respect human rights and focus on creating a positive workplace, where all employees are valued, and where diversity and inclusion are a vital part of our everyday working experience.In the following link you may find our CV Submission privacy notice: https://netcompany.com/cv-submission-privacy-notice/",N/A,Full-time,"Athens, Greece",EL,2025-09-04,kariera.gr,236761,60766.0,"['http://data.europa.eu/esco/skill/0550431f-9c8b-4204-9c45-59bc5feacf06', 'http://data.europa.eu/esco/skill/14832d87-2f2f-4895-b290-e4760ebae42a', 'http://data.europa.eu/esco/skill/5c1e686c-92cc-4bd7-9f23-51f9d8a58886', 'http://data.europa.eu/esco/skill/867137fb-ff1b-4ca3-99f3-cb6969aa2c68', 'http://data.europa.eu/esco/skill/c2a0c52c-0b4b-4180-a918-92650ea3b458', 'http://data.europa.eu/esco/skill/cb668e89-6ef5-4ff3-ab4a-506010e7e70b', 'http://data.europa.eu/esco/skill/dba46f87-0831-49cd-a1c7-340a653c0221', 'http://data.europa.eu/esco/skill/fd33c66c-70c4-40e6-b87c-5495bd3bf26e']","['http://data.europa.eu/esco/occupation/96e20037-0a25-4bf6-a25e-808d1605d890', 'http://data.europa.eu/esco/occupation/f2b15a0e-e65a-438a-affb-29b9d50b77d1', 'http://data.europa.eu/esco/isco/C251', 'http://data.europa.eu/esco/isco/C3']"
5287468,Senior React Developer,"Company DescriptionAre you ready to shape the future technological landscape in Europe?We are dedicated to responsible digitalisation, building innovative, inclusive solutions that drive meaningful impact. With over 8,900 professionals across Europe, we help EU institutions, public and private organisations thrive in a rapidly evolving digital world. Are you ready to shape the future through technology? Your journey starts here. Take a look at some of our impactful projects here: https://netcompany.com/cases/Job DescriptionAre you ready to join the forefront of technology as a Senior React Developer in Netcompany?   Joining us as a Senior React Developer, you will have the opportunity to be a part of our highly skilled agile consultants teams working within large-scale transformation projects, that impact the life of millions of EU citizens. You will be involved in the design, customization, and integration, that are intended mainly in private sector organizations.   As a Senior React Developer you will:Collaborate with the development team to define and implement the strategic direction of front-end development, ensuring alignment with business goals.Mentor junior developers, fostering a culture of continuous improvement and knowledge sharing within the team.Design and develop high-performance, scalable web applications that enhance user experience.Work closely with product managers to gather project requirements and establish realistic timelines.Advocate for the adoption of modern development practices and tools, contributing to the establishment of best practices to improve team efficiency.Troubleshoot and resolve complex technical challenges, providing innovative solutions to enhance product performance.Ensure project deliverables are met on time, while maintaining high-quality standards.Participate in decision-making processes at a technical level, contributing to the evolution of future projects.QualificationsWhat would make you a fit for the role:4+ years of relevant experience in software development, with a strong focus on front-end technologiesProven experience collaborating effectively within a team environment and mentoring junior developersStrong communication skills, especially in working with cross-functional teams and stakeholdersKnowledge of agile methodologies and best practices in software developmentExpertise in the following technologies: TypeScript, JavaScript, React, UI/UX Design, HTML/CSS, RESTful APIsAdditional InformationBeing a part of the Netcompany team, you will be provided with: The opportunity to work in a modern environment & in a hybrid working modelA seamless onboarding experience and a buddy to support you on your first stepsA competitive compensation & benefits packageHealth and life insurance programMeal and commuting allowanceWell-being activities (on premises)Continuous learning opportunities using the most modern methods (unlimited access to Udemy for Business, ad-hoc trainings)A personalized development plan for targeted career growthIf you are looking forward to be part of a diverse environment, and have the opportunity to work alongside well-experienced professionals, on challenging, large-scale projects that directly impact millions of citizens around the globe, then this is the place to be!Our branch in Thessaloniki employs 300+ talented professionals, working on a variety of EU mission-critical projects!Please upload your CV in English via the Apply button. All applications will be treated as strictly confidential.We ensure equal opportunities, treatment, and consideration to all candidates. Discrimination based on sex, racial or ethnic origin, religion or belief, disability, age, sexual orientation or marital status, physical or mental disability, or any other factor protected by applicable laws and regulations is prohibited. As part of the Netcompany culture, we respect human rights and focus on creating a positive workplace, where all employees are valued, and where diversity and inclusion are a vital part of our everyday working experience.In the following link you may find our CV Submission privacy notice: https://netcompany.com/cv-submission-privacy-notice/",N/A,Full-time,"Thessaloniki, Greece",EL,2025-09-04,kariera.gr,236723,60766.0,"['http://data.europa.eu/esco/skill/0550431f-9c8b-4204-9c45-59bc5feacf06', 'http://data.europa.eu/esco/skill/14832d87-2f2f-4895-b290-e4760ebae42a', 'http://data.europa.eu/esco/skill/5c1e686c-92cc-4bd7-9f23-51f9d8a58886', 'http://data.europa.eu/esco/skill/867137fb-ff1b-4ca3-99f3-cb6969aa2c68', 'http://data.europa.eu/esco/skill/c2a0c52c-0b4b-4180-a918-92650ea3b458', 'http://data.europa.eu/esco/skill/cb668e89-6ef5-4ff3-ab4a-506010e7e70b', 'http://data.europa.eu/esco/skill/dba46f87-0831-49cd-a1c7-340a653c0221', 'http://data.europa.eu/esco/skill/fd33c66c-70c4-40e6-b87c-5495bd3bf26e']","['http://data.europa.eu/esco/occupation/96e20037-0a25-4bf6-a25e-808d1605d890', 'http://data.europa.eu/esco/occupation/f2b15a0e-e65a-438a-affb-29b9d50b77d1', 'http://data.europa.eu/esco/isco/C251']"
5289132,Angular Front-End Software Engineer,"Αt Relational FS we know that companies with a strong positive culture perform so much better. That is why every day we strive to create a collaborative and inclusive working environment where our people can feel empowered to succeed.
 
Relational FS has an opportunity available, to work on complex and challenging new products, to drive transformative change for our top-tier Financial Services clients. Be part of both Product and Discipline teams through our Product-Chapter Matrix and develop state-of-the-art software products in the former, and an ever-evolving engineering culture in the latter.
 
Responsibilities

Work closely with a business analysts’ team and stakeholders to design and implement the best solutions.
Follow industry’s best practices and standards.
Test and deliver high-quality software.

 
Essential Qualifications

Excellent English communication (both verbal and written).
Familiarity with Agile methodologies.
Bachelor’s degree in Computer Science or other relevant field.
Experience in building SPAs with Angular.
Experience in Typescript.
Experience in building rich responsive/adaptive web UIs with HTML5 and CSS3.
Extensive experience in consuming REST APIs and in REST principles.

 
Desired Qualifications

Experience with state management tools (e.g. NGRX, NGXS, Akita, Redux).
Familiarity with version control software tools (preferably Git).
Familiarity with CSS preprocessors (e.g. Sass, LESS).
Familiarity with CSS frameworks (e.g. primeng, tailwind).

 
 
What Does our tech stack look like?
At Relational FS, we pride ourselves on adaptability and keeping up with the latest technologies. Our current tech stack looks like this

Angular,Typescript, PrimeNG, TailWind
Figma
.NET C#
Azure DevOps CI/CD, Git
Kubernetes, Docker, Harbor

 
Why work with us?
 
Relational FS is one of Greece's leading technology software companies, with a mission to provide our clients with innovative, scalable, and secure software solutions that enhance their business performance and customer satisfaction. Through matrix organizational structure we achieve cross-functional collaboration which helps to increase efficiency, innovation, and responsiveness to changing markets. Along with that we introduced a software coaching/mentoring scheme which provides guidance, feedback, and support to software engineers or learners who want to improve their skills, knowledge, and performance.
 
You will collaborate with experienced and talented people, who will inspire you, mentor you, and help you grow. You will also have access to numerous resources, tools, and facilities that will enable you to do your best work.
 
As an equal opportunity employer, we celebrate diversity and are committed to creating an inclusive environment for all employees.
Our company is people - centric and offers personalized benefits to each employee:

We want you to be well compensated for what you bring in, so we offer an attractive salary package
Your health matters to us, so all colleagues have a private health insurance plan from day one
Developer’s fuel is coffee, and the supply source is in our kitchen!
We are excited for challenges, so you are invited to take part in exciting projects
We love the Relational vibes so we gather on smaller and bigger occasions to celebrate good times together!

Relational Financial Solutions adheres to the General Data Protection Regulation principles by applying its Privacy Policy as published in https://www.relationalfs.com/legal-information/pri.... By submitting an application to this position and by sharing your personal data with Relational Financial Solutions you acknowledge and accept its Policy and authorise Relational Financial Solutions to process your personal data for the purposes of the company's recruitment opportunities, in line to the Policy.
 ",Mid-level,Full-time,"Athens, Greece",EL,2025-07-09,kariera.gr,238070,60741.0,"['http://data.europa.eu/esco/skill/08e2ff26-88ff-47b5-9d37-d19ace01b075', 'http://data.europa.eu/esco/skill/1110c92f-3059-445a-9436-0f4200d365f5', 'http://data.europa.eu/esco/skill/1ffac4ac-fda7-407d-8ed1-ca8f4a8dc146', 'http://data.europa.eu/esco/skill/2fb8480e-de3c-462b-b169-e8bbb344da68', 'http://data.europa.eu/esco/skill/4c016b68-4116-468c-9dc6-42710c239e4a', 'http://data.europa.eu/esco/skill/553e1d2d-abf1-4b37-8ac4-c5c78a8edbc0', 'http://data.europa.eu/esco/skill/63f224ea-d889-42ea-b3ef-730ef78c7176', 'http://data.europa.eu/esco/skill/7dfbe0f3-076f-4a19-9eaa-db4d6db704b6', 'http://data.europa.eu/esco/skill/8330c86e-63cf-4be6-849f-4f77628cc5c5', 'http://data.europa.eu/esco/skill/867137fb-ff1b-4ca3-99f3-cb6969aa2c68', 'http://data.europa.eu/esco/skill/9d2e926f-53d9-41f5-98f3-19dfaa687f3f', 'http://data.europa.eu/esco/skill/a4346013-a967-4a58-a533-6b32ad1364c5', 'http://data.europa.eu/esco/skill/c475b9cd-148b-4854-b13e-1e1a86231943', 'http://data.europa.eu/esco/skill/dba46f87-0831-49cd-a1c7-340a653c0221']",[]
5289346,Experienced Java Developer @ Thessaloniki,"What Impact will you make?
Experienced Java Developer @ Deloitte Competence Center
Are you looking for an opportunity in Thessaloniki that offers you a hybrid working model?
Are you ready to work on international projects for industry-leading clients around the world and elevate your tech consulting career to an international level?
If so, check below for more info about this career opportunity!
You bring passion, we bring opportunities!
 
#YourOpportunity
Deloitte is a worldwide leader in Professional Services with a presence in more than 150 countries and territories. Since 2018, Deloitte has been operating its Competence Center in Thessaloniki with satellites in the cities of Patras, Heraklion, and Ioannina - which are model hubs of expertise, training, and innovation, specializing in cutting-edge exponential technologies, in which graduates and young professionals undergo immersive experiences, continuous learning, gaining practical insights and hands-on training that empower them to navigate the complexities of the digital landscape.
Deloitte is an ideal working environment for both young and senior professionals who want to take the next step in their careers, offering them a supportive and international working environment that leverages their expertise and potential. Its corporate culture is based on trust and collaboration and ensures diversity and inclusion so that everyone feels part of a great team.
 
#YourServiceLine
Technology & Transformation​
Our Technology & Transformation teams empower organizations to navigate the future through technology-driven business transformation. Combining deep industry knowledge with cutting-edge technology, we deliver tailored solutions that drive innovation, enhance efficiency, promote cybersecurity, and foster sustainable growth.​
 
#AboutYourTeam
Our Application Modernization practices support our customers, in various projects, in understanding and adopting the most advanced technological solutions.
You will be part of a project delivery team, with colleagues in Greece but as well as members of other international offices, including Italy. Delivering front and / or back-end development tasks, as part of an Agile Scrum team. The projects will focus on the delivery of Cloud based and or related solutions and/or on cutting edge integration tools.
You will be responsible to:

Proactively interpret customer needs, identifying coherent methodologies and approaches; 
Develop initiatives and solutions independently, collecting and structuring data and carrying out analysis to support business decisions;
Enhance the contribution of the most junior colleagues and contribute to their growth. 

 
 
#OurRequirements
Key Qualifications

Own a degree from a University or Technological Educational Institution in Informatics, Computer Science, Software Engineering or similar technical course of study
Integration at a consultancy firm or software house
Experience on modern enterprise tools and platforms, such as Java, Python, Typescript, Angular, Spring Boot, Spark, Mongo DB, Kafka
Knowledge of Relational Databases
Competence of the main web communication protocols such as REST, SOAP, XML, JSON
Excellent communication and interpersonal skills.
Ability and willingness to work in a team, but also autonomously if necessary
High motivation for consulting field
Excellent knowledge of written and spoken English

Bonus Qualifications

Knowledge of design and architectural pattern
Exposure to any major public cloud platform (e.g., AWS, Azure, GCP)

 
#WhoWeAreLookingFor
Individuals who have a strong will to expand their knowledge of new technologies, a passion to grow within the company and aspirations for career growth. At Deloitte we foster a consultative culture because the best decisions are made in collaboration with others. We approach our work with a collaborative mindset, teaming across businesses, geographies, and skill sets to deliver tangible, measurable, attributable impact. These are not aspirations, but principles that we all commit to today and every day.
 
#WhatWeOffer
At Deloitte, we know that great people make a great organization. We value our people and offer employees a broad range of benefits:

Modern hybrid workplace, characterized by flexibility and Smart Working
Empowered well-being: We provide multiple program offerings to support your well-being needs (flexible working arrangements, extra days of leave, parental allowances)
Engagement within international large-scale teams and projects, with opportunities to travel for training or client purposes.
Constant opportunities for learning with unlimited access to internal and external learning platforms and sponsored certificates aligned with business needs and technology trends
Challenging and innovating environment where personal development and growth are encouraged, always with transparency and trust
Diverse culture and active communities that enable you to bring yourself to work 
Team Building and Corporate Social Responsibility Activities
A buddy to support you with your onboarding
Private medical health insurance plan
Ticket restaurant card
Exclusive Discounts to several retail providers, restaurants and others
Mobile phone
Fresh fruits and unlimited coffee every day at our offices  

Please note that all the well-being benefits mentioned above are subject to annual review 
 





#AboutDeloitte
#OurServices
Deloitte offers integrated services that include Audit & Assurance, Tax and Legal, Strategy-Risk & Transactions Advisory, and Technology & Transformation. Our approach combines insight and innovation from multiple disciplines with global business and industry expertise to help our clients excel anywhere in the world. We deliver outstanding impact on the reputation and success of our clients, in Italy and globally. In pursuing this we contribute to a sustainable and prosperous society, and are firm believers in the positive impact business can and should have on the world it operates within.
#OurPurpose
We are led by a purpose, to make an impact that matters with clients, people and society. This purpose defines who we are and what we stand for. It's not about being the biggest. It’s about being the first choice for the largest and most influential clients, and the first choice for the best talent.
#OurValues
At Deloitte we foster a collaborative culture where talented individuals can produce their best work. We value innovative thinking, diverse insights and a genuinely distinctive level of customer service through our expertise and professionalism. We value difference, with respect at the heart of our inclusive culture.
#OurTalentExperience
From day one at our firm, practitioners are part of a community. Our development and career progression framework will help them develop the skills and capabilities to succeed. The wellness of our people and the ability to offer agile working arrangements is at the center of our unique talent experience. We create a workplace that encourages collaboration, creativity, inclusiveness to ensure our staff are supported, encouraged and feel a sense of purpose and meaning in what they do each day.
 
Sounds like the sort of role for you? Apply now.
Location: Thessaloniki
 
This document has been prepared by Deloitte Business Solutions Societe Anonyme of Business Consultants, Deloitte Certified Public Accountants Societe Anonyme and Deloitte Alexander Competence Center Single Member Societe Anonyme of Business Consultants. 


Deloitte Business Solutions Societe Anonyme of Business Consultants, a Greek company, registered in Greece with registered number 000665201000 and its registered office at Marousi Attica, 3a Fragkokklisias & Granikou str., 151 25, Deloitte Certified Public Accountants Societe Anonyme, a Greek company, registered in Greece with registered number 0001223601000 and its registered office at Marousi, Attica, 3a Fragkokklisias & Granikou str., 151 25 and Deloitte Alexander Competence Center Single Member Societe Anonyme of Business Consultants, a Greek company, registered in Greece with registered number 144724504000 and its registered office at Thessaloniki, Municipality of Pylaia - Chortiatis of Thessaloniki, Vepe Technopolis Thessaloniki (5th and 3rd street), are one of the Deloitte Central Mediterranean S.r.l. (“DCM”) countries. DCM, a company limited by guarantee registered in Italy with registered number 09599600963 and its registered office at Via Tortona no. 25, 20144, Milan, Italy is one of the Deloitte NSE LLP geographies. Deloitte NSE LLP is a UK limited liability partnership and member firm of Deloitte Touche Tohmatsu Limited, a UK private company limited by guarantee. 
Deloitte refers to one or more of Deloitte Touche Tohmatsu Limited (“DTTL”), its global network of member firms and their related entities (collectively, the “Deloitte organization”). DTTL (also referred to as “Deloitte Global”) and each of its member firms and related entities are legally separate and independent entities, which cannot obligate or bind each other in respect of third parties. DTTL and each DTTL member firm and related entity is liable only for its own acts and omissions, and not those of any of each other. DTTL does not provide services to clients. Please see www.deloitte.com/ about to learn more. 
DTTL, Deloitte NSE LLP and Deloitte Central Mediterranean S.r.l. do not provide services to clients. Please see www.deloitte.com/about to learn more about our global network of member firms. 
Deloitte is a leading global provider of audit and assurance, consulting, financial advisory, risk advisory, tax and related services. Our global network of member firms and related entities in more than 150 countries and territories serves four out of five Fortune Global 500® companies. Learn how Deloitte’s approximately 460,300 people make an impact that matters at www.deloitte.com. 
This communication contains general information only, and Deloitte Business Solutions Societe Anonyme of Business Consultants, Deloitte Certified Public Accountants Societe Anonyme and Deloitte Alexander Competence Center Single Member Societe Anonyme of Business Consultants, is not, by means of this communication, rendering professional advice or services. Before making any decision or taking any action that may affect your finances or your business, you should consult a qualified professional adviser. No entity in the Deloitte organization shall be responsible for any loss whatsoever sustained by any person who relies on this communication. Deloitte organization refers to Deloitte Touche Tohmatsu Limited (“DTTL”), its global network of member firms and their related entities collectively.
© 2025 For more information contact Deloitte Central Mediterranean.",Mid-level,Full-time,"Thessaloniki, Greece",EL,2025-07-08,kariera.gr,237783,61820.0,"['http://data.europa.eu/esco/skill/082967d4-b94c-4305-aa13-35a6aa8c5c7c', 'http://data.europa.eu/esco/skill/19a8293b-8e95-4de3-983f-77484079c389', 'http://data.europa.eu/esco/skill/1ffac4ac-fda7-407d-8ed1-ca8f4a8dc146', 'http://data.europa.eu/esco/skill/2a2fa8e8-aaf3-4abf-a60b-af6415f1c6d4', 'http://data.europa.eu/esco/skill/2fb8480e-de3c-462b-b169-e8bbb344da68', 'http://data.europa.eu/esco/skill/54d774a3-de3b-4425-b0d7-c03bc99a0937', 'http://data.europa.eu/esco/skill/5b26f08b-88bc-45f0-b901-530d7786466b', 'http://data.europa.eu/esco/skill/5ca953f7-541d-4f67-bc55-7721348366cf', 'http://data.europa.eu/esco/skill/651d7458-ff97-4bee-9290-af375c7ff25f', 'http://data.europa.eu/esco/skill/68698869-c13c-4563-adc7-118b7644f45d', 'http://data.europa.eu/esco/skill/7369f779-4b71-4aab-8836-48b69c676eec', 'http://data.europa.eu/esco/skill/7a17d7ce-01a2-4746-bbcc-22ffe22fa16e', 'http://data.europa.eu/esco/skill/7fc4c18a-68f3-425a-aadf-f83633be47a1', 'http://data.europa.eu/esco/skill/867137fb-ff1b-4ca3-99f3-cb6969aa2c68', 'http://data.europa.eu/esco/skill/8c4c49d4-9708-433f-8ca7-bf2c5211ee49', 'http://data.europa.eu/esco/skill/9531fe02-1e1f-4a36-95f7-a76a77cd4b8d', 'http://data.europa.eu/esco/skill/b19e0820-a96f-4c0a-a724-3c056180c1b3', 'http://data.europa.eu/esco/skill/c2a0c52c-0b4b-4180-a918-92650ea3b458', 'http://data.europa.eu/esco/skill/ccd0a1d9-afda-43d9-b901-96344886e14d', 'http://data.europa.eu/esco/skill/ce4cbc3a-bde0-43b4-9526-e643c4fe5b04', 'http://data.europa.eu/esco/skill/dba46f87-0831-49cd-a1c7-340a653c0221', 'http://data.europa.eu/esco/skill/fecf8a0d-62c4-4e71-9b03-0f4fc2ad7bf5']","['http://data.europa.eu/esco/occupation/0ce5a9f4-e00a-4bbe-b255-3c63407167a4', 'http://data.europa.eu/esco/occupation/2fb96c6c-8d0b-4ef0-b1ee-3e493305e4eb', 'http://data.europa.eu/esco/occupation/57af9090-55b4-4911-b2d0-86db01c00b02', 'http://data.europa.eu/esco/occupation/9e285322-2cfa-430f-9b66-41be57d698e2', 'http://data.europa.eu/esco/occupation/d5db9d5c-2ebf-4a54-a79a-1b7e7ff70471', 'http://data.europa.eu/esco/isco/C2']"
5289904,Software Engineer in Test,"Company DescriptionAre you ready to shape the future technological landscape in Europe? We are dedicated to responsible digitalisation, building innovative, inclusive solutions that drive meaningful impact. With over 8,900 professionals across Europe, we help EU institutions, public and private organisations thrive in a rapidly evolving digital world. Are you ready to shape the future through technology? Your journey starts here. Take a look at some of our impactful projects here: https://netcompany.com/cases/ Our fully inhouse Testing team consists of 240+ professionals and is Gold ISTQB partner. This is a team led by Test Managers, that serves the entire Netcompany SEE & EUI organization, bringing value and benefit in all the technologies we use and offer. Our Testing team is engaged with a vast portfolio of services, technologies, solutions and methodologies.Job DescriptionWhat does it feel like to be a Software Engineer in Test in Netcompany?As a Software Engineer in Test you will:Understand the business logic for the system under testFamiliarize with the architecture of the system under testAnalyze the tests to be automated and identify the most appropriate test automation methodology/technologyImplement and maintain test automation scripts/frameworksParticipate in PoC for evaluation of various tools, frameworks, methodologiesParticipate in the building of a CI pipelineAutomate tests for any of the following test types (functional, performance, usability, compatibility, cross-browser, component)Analysis of test results for troubleshooting, qualitative and quantitative analysisQualificationsWhat would make you a fit for the role:Degree in Information Technology or another relevant fieldExperience in Software Testing including expertise in writing Test scripts for Functional, Regression and Performance testsExperience in various tools/frameworks such as Selenium, SoapUI, JMeterWork experience in the creation of Test Cases, Test Scripts, Test Reports and participation in Test CyclesComplete understanding of the Agile Software Development methodologiesExcellent command of the English language (written & oral)It would also be a plus if you match some of the following:Knowledge in WebServices (SOAP & RESTful), Cucumber, Serenity, TestNG, JUnit, Mockito, REST Assured API and Jira, Jira XRay, Javascript, Typescript, Microservice Architectures, Kafka, Arquillian and Spring Boot are considered a plusWork experience in Java, .Net, Groovy, SQL, XML Additional InformationBeing a part of the Netcompany-Ιntrasoft team, you will be provided with: The opportunity to work in a modern environment & in a hybrid working modelA seamless onboarding experience and a buddy to support you on your first stepsA competitive compensation & benefits packageHealth and life insurance programMeal and commuting allowanceWell-being activities (on premises)Continuous learning opportunities using the most modern methods (unlimited access to Udemy for Business, ad-hoc trainings)A personalized development plan for targeted career growthIf you are looking forward to be part of a diverse environment, and have the opportunity to work alongside well-experienced professionals, on challenging, large-scale projects that directly impact millions of citizens around the globe, then this is the place to be!By joining Netcompany in Athens, you will be part of a vivid team of 2,300+ tech professionals. When at the office, you'll have the flexibility to work from our three modern, sustainable, and state-of-the-art offices!Please upload your CV in English via the Apply button. All applications will be treated as strictly confidential.We ensure equal opportunities, treatment, and consideration to all candidates. Discrimination based on sex, racial or ethnic origin, religion or belief, disability, age, sexual orientation or marital status, physical or mental disability, or any other factor protected by applicable laws and regulations is prohibited. As part of the Netcompany culture, we respect human rights and focus on creating a positive workplace, where all employees are valued, and where diversity and inclusion are a vital part of our everyday working experience.In the following link you may find our CV Submission privacy notice: https://netcompany.com/cv-submission-privacy-notice/",N/A,Full-time,"Athens, Greece",EL,2025-08-18,kariera.gr,239917,60766.0,"['http://data.europa.eu/esco/skill/3993c87c-7719-4186-811b-8ddfb40e76be', 'http://data.europa.eu/esco/skill/52cf3037-ab53-4806-85ed-7fd21ea7f6a1', 'http://data.europa.eu/esco/skill/598de5b0-5b58-4ea7-8058-a4bc4d18c742', 'http://data.europa.eu/esco/skill/6a0aab53-6246-41e8-a910-e7a13f314860', 'http://data.europa.eu/esco/skill/7557f0f4-b8bc-4ac0-b91e-222ab1ba744f', 'http://data.europa.eu/esco/skill/867137fb-ff1b-4ca3-99f3-cb6969aa2c68', 'http://data.europa.eu/esco/skill/c2a0c52c-0b4b-4180-a918-92650ea3b458', 'http://data.europa.eu/esco/skill/c4b626c1-e71c-44ec-9f88-042766f37fcc', 'http://data.europa.eu/esco/skill/ce354460-500e-4eaa-8e95-8f243fcea3db', 'http://data.europa.eu/esco/skill/dba46f87-0831-49cd-a1c7-340a653c0221']","['http://data.europa.eu/esco/isco/C2519', 'http://data.europa.eu/esco/isco/C3']"
5290939,Software Engineer in Test,"Company DescriptionAre you ready to shape the future technological landscape in Europe? We are dedicated to responsible digitalisation, building innovative, inclusive solutions that drive meaningful impact. With over 8,900 professionals across Europe, we help EU institutions, public and private organisations thrive in a rapidly evolving digital world. Are you ready to shape the future through technology? Your journey starts here. Take a look at some of our impactful projects here: https://netcompany.com/cases/ Our fully inhouse Testing team consists of 240+ professionals and is Gold ISTQB partner. This is a team led by Test Managers, that serves the entire Netcompany SEE & EUI organization, bringing value and benefit in all the technologies we use and offer. Our Testing team is engaged with a vast portfolio of services, technologies, solutions and methodologies.Job DescriptionWhat does it feel like to be a Software Engineer in Test in Netcompany?As a Software Engineer in Test you will:Understand the business logic for the system under testFamiliarize with the architecture of the system under testAnalyze the tests to be automated and identify the most appropriate test automation methodology/technologyImplement and maintain test automation scripts/frameworksParticipate in PoC for evaluation of various tools, frameworks, methodologiesParticipate in the building of a CI pipelineAutomate tests for any of the following test types (functional, performance, usability, compatibility, cross-browser, component)Analysis of test results for troubleshooting, qualitative and quantitative analysisQualificationsWhat would make you a fit for the role:Degree in Information Technology or another relevant fieldExperience in Software Testing including expertise in writing Test scripts for Functional, Regression and Performance testsExperience in various tools/frameworks such as Selenium, SoapUI, JMeterWork experience in the creation of Test Cases, Test Scripts, Test Reports and participation in Test CyclesComplete understanding of the Agile Software Development methodologiesExcellent command of the English language (written & oral)It would also be a plus if you match some of the following:Knowledge in WebServices (SOAP & RESTful), Cucumber, Serenity, TestNG, JUnit, Mockito, REST Assured API and Jira, Jira XRay, Javascript, Typescript, Microservice Architectures, Kafka, Arquillian and Spring Boot are considered a plusWork experience in Java, .Net, Groovy, SQL, XML Additional InformationBeing a part of the Netcompany-Ιntrasoft team, you will be provided with: The opportunity to work in a modern environment & in a hybrid working modelA seamless onboarding experience and a buddy to support you on your first stepsA competitive compensation & benefits packageHealth and life insurance programMeal and commuting allowanceWell-being activities (on premises)Continuous learning opportunities using the most modern methods (unlimited access to Udemy for Business, ad-hoc trainings)A personalized development plan for targeted career growthIf you are looking forward to be part of a diverse environment, and have the opportunity to work alongside well-experienced professionals, on challenging, large-scale projects that directly impact millions of citizens around the globe, then this is the place to be!Our branch in Thessaloniki employs 300+ talented professionals, working on a variety of EU mission-critical projects! Please upload your CV in English via the Apply button. All applications will be treated as strictly confidential.We ensure equal opportunities, treatment, and consideration to all candidates. Discrimination based on sex, racial or ethnic origin, religion or belief, disability, age, sexual orientation or marital status, physical or mental disability, or any other factor protected by applicable laws and regulations is prohibited. As part of the Netcompany culture, we respect human rights and focus on creating a positive workplace, where all employees are valued, and where diversity and inclusion are a vital part of our everyday working experience.In the following link you may find our CV Submission privacy notice: https://netcompany.com/cv-submission-privacy-notice/",N/A,Full-time,"Thessaloniki, Greece",EL,2025-08-23,kariera.gr,240781,60766.0,"['http://data.europa.eu/esco/skill/3993c87c-7719-4186-811b-8ddfb40e76be', 'http://data.europa.eu/esco/skill/52cf3037-ab53-4806-85ed-7fd21ea7f6a1', 'http://data.europa.eu/esco/skill/598de5b0-5b58-4ea7-8058-a4bc4d18c742', 'http://data.europa.eu/esco/skill/6a0aab53-6246-41e8-a910-e7a13f314860', 'http://data.europa.eu/esco/skill/7557f0f4-b8bc-4ac0-b91e-222ab1ba744f', 'http://data.europa.eu/esco/skill/867137fb-ff1b-4ca3-99f3-cb6969aa2c68', 'http://data.europa.eu/esco/skill/c2a0c52c-0b4b-4180-a918-92650ea3b458', 'http://data.europa.eu/esco/skill/c4b626c1-e71c-44ec-9f88-042766f37fcc', 'http://data.europa.eu/esco/skill/ce354460-500e-4eaa-8e95-8f243fcea3db', 'http://data.europa.eu/esco/skill/dba46f87-0831-49cd-a1c7-340a653c0221']",['http://data.europa.eu/esco/isco/C2519']
5290941,Software Engineer in Test,"Company DescriptionAre you ready to shape the future technological landscape in Europe? We are dedicated to responsible digitalisation, building innovative, inclusive solutions that drive meaningful impact. With over 8,900 professionals across Europe, we help EU institutions, public and private organisations thrive in a rapidly evolving digital world. Are you ready to shape the future through technology? Your journey starts here. Take a look at some of our impactful projects here: https://netcompany.com/cases/ Our fully inhouse Testing team consists of 240+ professionals and is Gold ISTQB partner. This is a team led by Test Managers, that serves the entire Netcompany SEE & EUI organization, bringing value and benefit in all the technologies we use and offer. Our Testing team is engaged with a vast portfolio of services, technologies, solutions and methodologies.Job DescriptionWhat does it feel like to be a Software Engineer in Test in Netcompany?As a Software Engineer in Test you will:Understand the business logic for the system under testFamiliarize with the architecture of the system under testAnalyze the tests to be automated and identify the most appropriate test automation methodology/technologyImplement and maintain test automation scripts/frameworksParticipate in PoC for evaluation of various tools, frameworks, methodologiesParticipate in the building of a CI pipelineAutomate tests for any of the following test types (functional, performance, usability, compatibility, cross-browser, component)Analysis of test results for troubleshooting, qualitative and quantitative analysisQualificationsWhat would make you a fit for the role:Degree in Information Technology or another relevant fieldExperience in Software Testing including expertise in writing Test scripts for Functional, Regression and Performance testsExperience in various tools/frameworks such as Selenium, SoapUI, JMeterWork experience in the creation of Test Cases, Test Scripts, Test Reports and participation in Test CyclesComplete understanding of the Agile Software Development methodologiesExcellent command of the English language (written & oral)It would also be a plus if you match some of the following:Knowledge in WebServices (SOAP & RESTful), Cucumber, Serenity, TestNG, JUnit, Mockito, REST Assured API and Jira, Jira XRay, Javascript, Typescript, Microservice Architectures, Kafka, Arquillian and Spring Boot are considered a plusWork experience in Java, .Net, Groovy, SQL, XML Additional InformationBeing a part of the Netcompany-Ιntrasoft team, you will be provided with: The opportunity to work in a modern environment & in a hybrid working modelA seamless onboarding experience and a buddy to support you on your first stepsA competitive compensation & benefits packageHealth and life insurance programMeal allowanceWell-being activities (on premises)Continuous learning opportunities using the most modern methods (unlimited access to Udemy for Business, ad-hoc trainings)A personalized development plan for targeted career growthIf you are looking forward to be part of a diverse environment, and have the opportunity to work alongside well-experienced professionals, on challenging, large-scale projects that directly impact millions of citizens around the globe, then this is the place to be!Our branch in Patras employs 180+ talented professionals, working on a variety of EU mission-critical projects!Please upload your CV in English via the Apply button. All applications will be treated as strictly confidential.We ensure equal opportunities, treatment, and consideration to all candidates. Discrimination based on sex, racial or ethnic origin, religion or belief, disability, age, sexual orientation or marital status, physical or mental disability, or any other factor protected by applicable laws and regulations is prohibited. As part of the Netcompany culture, we respect human rights and focus on creating a positive workplace, where all employees are valued, and where diversity and inclusion are a vital part of our everyday working experience.In the following link you may find our CV Submission privacy notice: https://netcompany.com/cv-submission-privacy-notice/",N/A,Full-time,"Patra, Greece",EL,2025-08-23,kariera.gr,240790,60766.0,"['http://data.europa.eu/esco/skill/3993c87c-7719-4186-811b-8ddfb40e76be', 'http://data.europa.eu/esco/skill/52cf3037-ab53-4806-85ed-7fd21ea7f6a1', 'http://data.europa.eu/esco/skill/598de5b0-5b58-4ea7-8058-a4bc4d18c742', 'http://data.europa.eu/esco/skill/6a0aab53-6246-41e8-a910-e7a13f314860', 'http://data.europa.eu/esco/skill/7557f0f4-b8bc-4ac0-b91e-222ab1ba744f', 'http://data.europa.eu/esco/skill/867137fb-ff1b-4ca3-99f3-cb6969aa2c68', 'http://data.europa.eu/esco/skill/c2a0c52c-0b4b-4180-a918-92650ea3b458', 'http://data.europa.eu/esco/skill/c4b626c1-e71c-44ec-9f88-042766f37fcc', 'http://data.europa.eu/esco/skill/ce354460-500e-4eaa-8e95-8f243fcea3db', 'http://data.europa.eu/esco/skill/dba46f87-0831-49cd-a1c7-340a653c0221']",['http://data.europa.eu/esco/isco/C2519']
5297832,Full Stack Developer - Angular & Java Spring Boot  (e-Health Sector) Athens,"About Sigmasoft S.A. 
Sigmasoft S.A. is an innovative software development company providing state-of-the-art software solutions and services for the e-Health &  e-Government Sector.
What You Will Be Doing
You will be working with our team of talented software engineers to create innovative e-Health software systems and solutions.
Experience You Will Need to Succeed

BSc or MSc in Computer Science or equivalent
Knowledge of JavaScript or AngularJS
Knowledge of Typescript will be considered as a plus
Knowledge of relational databases will be considered as a plus.
Strong knowledge of Java
Knowledge of Spring Framework will be considered as a plus.
Knowledge of PL/SQL programming, will be considered as a plus

 Personal skills we are looking for

Excellent communication skills
Excellent analytical, problem solving and troubleshooting abilities
Solid organizational skills and focus on accuracy and attention to detail
Able to work independently or as part of a team
Detail oriented, maintaining the highest quality work standards
Enjoy working within agile/scrum-based team

What we offer

Competitive base salary
Private medical insurance coverage
Full-time long-term co-operation
Outstanding on the job training opportunities
Outstanding working environment
Outstanding career opportunities",Mid-level,Full-time,"Athens, Greece",EL,2025-08-14,kariera.gr,243780,65391.0,"['http://data.europa.eu/esco/skill/19a8293b-8e95-4de3-983f-77484079c389', 'http://data.europa.eu/esco/skill/867137fb-ff1b-4ca3-99f3-cb6969aa2c68']",[]
5304387,Frontend Engineer (Angular),"Company DescriptionAre you ready to shape the future technological landscape in Europe? We are dedicated to responsible digitalisation, building innovative, inclusive solutions that drive meaningful impact. With over 8,900 professionals across Europe, we help EU institutions, public and private organisations thrive in a rapidly evolving digital world. Are you ready to shape the future through technology? Your journey starts here. Take a look at some of our impactful projects here: https://netcompany.com/cases/Job DescriptionEver wondered what it feels like to be a Lead Frontend Engineer (Angular) in Netcompany?As a Lead Frontend Engineer (Angular), you will be a member of team responsible for designing, developing and testing in order to create software solutions aligned to the needs of the business and external customers. You'll drive architectural decisions, mentor teams, and shape the front-end strategy across critical projects.As a Lead Frontend Engineer (Angular), you will:Lead the front-end design and development process for large-scale, enterprise-grade Angular applications.Mentor and support front-end developers, performing code reviews and providing architectural guidance.Collaborate closely with UX/UI designers, back-end engineers, and business analysts to deliver robust, maintainable solutions.Define and promote front-end best practices, standards, and tooling across teams.Contribute to project planning, effort estimations, and risk management.Ensure technical decisions align with business goals and customer needs.Keep up to date with emerging technologies and propose their adoption where beneficial.QualificationsWhat would make you a fit for the role:Bachelor's or Master's degree in Computer Science, Software Engineering, Electrical Engineering, or related field.7+ years of experience in front-end development with Angular (version 2+), with at least 2 years in a senior or lead capacity.Advanced proficiency in Angular (v2+), with experience building and scaling enterprise-grade SPA applications.Strong command of TypeScript, JavaScript (ES6+), HTML5, and CSS3/SASS.Experience with component architecture, state management patterns (e.g., NgRx, Akita), and lazy loading for performance optimization.Proven ability to translate complex UI/UX designs into clean, reusable Angular components.Experience designing scalable and maintainable front-end architectures.Strong understanding of MVC/MVVM patterns, dependency injection, and modular application design.Ability to evaluate and select front-end frameworks/tools, ensuring code quality and future-proofing.Demonstrated experience leading and mentoring front-end teams, conducting code reviews, and driving engineering excellence.Strong cross-functional collaboration skills—comfortable working with designers, product managers, and backend teams.Experience in agile environments (Scrum/Kanban) and modern development workflows (CI/CD, code versioning, testing pipelines).Additional InformationBeing a part of the Netcompany team, you will be provided with: The opportunity to work in a modern environment & in a hybrid working modelA seamless onboarding experience and a buddy to support you on your first stepsA competitive compensation & benefits packageHealth and life insurance programMeal and commuting allowanceWell-being activities (on premises)Continuous learning opportunities using the most modern methods (unlimited access to Udemy for Business, ad-hoc trainings)A personalized development plan for targeted career growthIf you are looking forward to be part of a diverse environment, and have the opportunity to work alongside well-experienced professionals, on challenging, large-scale projects that directly impact millions of citizens around the globe, then this is the place to be!By joining Netcompany in Athens, you will be part of a vivid team of 2,300+ tech professionals. When at the office, you'll have the flexibility to work from our three modern, sustainable, and state-of-the-art offices!Please upload your CV in English via the Apply button. All applications will be treated as strictly confidential.We ensure equal opportunities, treatment, and consideration to all candidates. Discrimination based on sex, racial or ethnic origin, religion or belief, disability, age, sexual orientation or marital status, physical or mental disability, or any other factor protected by applicable laws and regulations is prohibited. As part of the Netcompany culture, we respect human rights and focus on creating a positive workplace, where all employees are valued, and where diversity and inclusion are a vital part of our everyday working experience.In the following link you may find our CV Submission privacy notice: https://netcompany.com/cv-submission-privacy-notice/",N/A,Full-time,"Athens, Greece",EL,2026-01-02,kariera.gr,245875,60766.0,"['http://data.europa.eu/esco/skill/0daaf096-1639-461c-bf1a-bbeea77e6b67', 'http://data.europa.eu/esco/skill/1110c92f-3059-445a-9436-0f4200d365f5', 'http://data.europa.eu/esco/skill/3e40c7d0-0e36-4b33-bc33-0aa87eda0561', 'http://data.europa.eu/esco/skill/68698869-c13c-4563-adc7-118b7644f45d', 'http://data.europa.eu/esco/skill/6a0aab53-6246-41e8-a910-e7a13f314860', 'http://data.europa.eu/esco/skill/867137fb-ff1b-4ca3-99f3-cb6969aa2c68', 'http://data.europa.eu/esco/skill/c2a0c52c-0b4b-4180-a918-92650ea3b458', 'http://data.europa.eu/esco/skill/fc4fcb4b-993f-4f2c-b158-c2171ec18ed8']","['http://data.europa.eu/esco/occupation/57af9090-55b4-4911-b2d0-86db01c00b02', 'http://data.europa.eu/esco/occupation/866c7813-2c03-47d7-9bdc-192cfbace57c', 'http://data.europa.eu/esco/occupation/86ca306c-ab99-420a-9e2a-aa73c5c4de22', 'http://data.europa.eu/esco/occupation/874a2080-a9b6-46a9-8662-c9b7d4208f73', 'http://data.europa.eu/esco/occupation/9f508305-80ce-4111-8722-f2c9b4a44890', 'http://data.europa.eu/esco/occupation/b09acdda-6680-49d1-a411-129610ee3bc0', 'http://data.europa.eu/esco/occupation/bea99fea-0383-4c63-b944-70d4799de2c5', 'http://data.europa.eu/esco/isco/C3']"
5304962,Angular Front-End Software Engineer,"Αt Relational FS we know that companies with a strong positive culture perform so much better. That is why every day we strive to create a collaborative and inclusive working environment where our people can feel empowered to succeed.
 
Relational FS has an opportunity available, to work on complex and challenging new products, to drive transformative change for our top-tier Financial Services clients. Be part of both Product and Discipline teams through our Product-Chapter Matrix and develop state-of-the-art software products in the former, and an ever-evolving engineering culture in the latter.
 
Responsibilities

Work closely with a business analysts’ team and stakeholders to design and implement the best solutions.
Follow industry’s best practices and standards.
Test and deliver high-quality software.

 
Essential Qualifications

Excellent English communication (both verbal and written).
Familiarity with Agile methodologies.
Bachelor’s degree in Computer Science or other relevant field.
Experience in building SPAs with Angular.
Experience in Typescript.
Experience in building rich responsive/adaptive web UIs with HTML5 and CSS3.
Extensive experience in consuming REST APIs and in REST principles.

 
Desired Qualifications

Experience with state management tools (e.g. NGRX, NGXS, Akita, Redux).
Familiarity with version control software tools (preferably Git).
Familiarity with CSS preprocessors (e.g. Sass, LESS).
Familiarity with CSS frameworks (e.g. primeng, tailwind).

 
 
What Does our tech stack look like?
At Relational FS, we pride ourselves on adaptability and keeping up with the latest technologies. Our current tech stack looks like this

Angular,Typescript, PrimeNG, TailWind
Figma
.NET C#
Azure DevOps CI/CD, Git
Kubernetes, Docker, Harbor

 
Why work with us?
 
Relational FS is one of Greece's leading technology software companies, with a mission to provide our clients with innovative, scalable, and secure software solutions that enhance their business performance and customer satisfaction. Through matrix organizational structure we achieve cross-functional collaboration which helps to increase efficiency, innovation, and responsiveness to changing markets. Along with that we introduced a software coaching/mentoring scheme which provides guidance, feedback, and support to software engineers or learners who want to improve their skills, knowledge, and performance.
 
You will collaborate with experienced and talented people, who will inspire you, mentor you, and help you grow. You will also have access to numerous resources, tools, and facilities that will enable you to do your best work.
 
As an equal opportunity employer, we celebrate diversity and are committed to creating an inclusive environment for all employees.
Our company is people - centric and offers personalized benefits to each employee:

We want you to be well compensated for what you bring in, so we offer an attractive salary package
Your health matters to us, so all colleagues have a private health insurance plan from day one
Developer’s fuel is coffee, and the supply source is in our kitchen!
We are excited for challenges, so you are invited to take part in exciting projects
We love the Relational vibes so we gather on smaller and bigger occasions to celebrate good times together!

Relational Financial Solutions adheres to the General Data Protection Regulation principles by applying its Privacy Policy as published in https://www.relationalfs.com/legal-information/pri.... By submitting an application to this position and by sharing your personal data with Relational Financial Solutions you acknowledge and accept its Policy and authorise Relational Financial Solutions to process your personal data for the purposes of the company's recruitment opportunities, in line to the Policy.
 ",Mid-level,Full-time,"Athens, Greece",EL,2025-08-25,kariera.gr,245195,60741.0,"['http://data.europa.eu/esco/skill/08e2ff26-88ff-47b5-9d37-d19ace01b075', 'http://data.europa.eu/esco/skill/1110c92f-3059-445a-9436-0f4200d365f5', 'http://data.europa.eu/esco/skill/1ffac4ac-fda7-407d-8ed1-ca8f4a8dc146', 'http://data.europa.eu/esco/skill/2fb8480e-de3c-462b-b169-e8bbb344da68', 'http://data.europa.eu/esco/skill/4c016b68-4116-468c-9dc6-42710c239e4a', 'http://data.europa.eu/esco/skill/553e1d2d-abf1-4b37-8ac4-c5c78a8edbc0', 'http://data.europa.eu/esco/skill/63f224ea-d889-42ea-b3ef-730ef78c7176', 'http://data.europa.eu/esco/skill/7dfbe0f3-076f-4a19-9eaa-db4d6db704b6', 'http://data.europa.eu/esco/skill/8330c86e-63cf-4be6-849f-4f77628cc5c5', 'http://data.europa.eu/esco/skill/867137fb-ff1b-4ca3-99f3-cb6969aa2c68', 'http://data.europa.eu/esco/skill/9d2e926f-53d9-41f5-98f3-19dfaa687f3f', 'http://data.europa.eu/esco/skill/a4346013-a967-4a58-a533-6b32ad1364c5', 'http://data.europa.eu/esco/skill/c475b9cd-148b-4854-b13e-1e1a86231943', 'http://data.europa.eu/esco/skill/dba46f87-0831-49cd-a1c7-340a653c0221']",[]
