organization,skills,occupations,sectors,id,title,description,experience_level,type,location,location_code,nuts1,nuts2,nuts3,upload_date,source,source_id
,"['http://data.europa.eu/esco/skill/2239694b-771a-4586-8b54-2794e361a9ae', 'http://data.europa.eu/esco/skill/25a7fc25-f2fc-4bfd-9999-943c03d53372', 'http://data.europa.eu/esco/skill/3391d6dd-d584-4c8c-9af9-d2f0c45e2b4b', 'http://data.europa.eu/esco/skill/3c834f6e-523a-49ee-8ed1-e073e28ae6fe', 'http://data.europa.eu/esco/skill/3c8c9fe5-bbc6-4a0b-8cf2-a839aeef585c', 'http://data.europa.eu/esco/skill/4134622c-c3fb-4a41-beb6-6d58ba5107db', 'http://data.europa.eu/esco/skill/4cb51222-3e2e-417c-9a5c-e9ccf262721d', 'http://data.europa.eu/esco/skill/4d313147-b39d-413f-a5e2-b12d5f0dc9e6', 'http://data.europa.eu/esco/skill/5330b70e-16f5-43a7-a6de-18fd6a4bd063', 'http://data.europa.eu/esco/skill/6b305973-8993-475f-bd8a-daf037c61401', 'http://data.europa.eu/esco/skill/8c4b7305-4b83-4586-9d42-2817f96c60ea', 'http://data.europa.eu/esco/skill/99c4c69a-025c-464f-adda-874c7f107a31', 'http://data.europa.eu/esco/skill/9a42bdc6-8496-4874-b9f5-b48207a85282', 'http://data.europa.eu/esco/skill/b1ef509e-f191-405a-8419-51663b08922e', 'http://data.europa.eu/esco/skill/c2a0c52c-0b4b-4180-a918-92650ea3b458', 'http://data.europa.eu/esco/skill/c5449667-9b40-4114-8d74-f51177669984', 'http://data.europa.eu/esco/skill/d39022ab-d102-4720-b689-540d6f056b17']","['http://data.europa.eu/esco/occupation/4f89b0d2-b666-4890-af01-25d1d60da1f3', 'http://data.europa.eu/esco/occupation/53cdd34e-22f2-41bd-b3c7-de22bf9bbcae', 'http://data.europa.eu/esco/occupation/6cd08cbe-7611-4d70-8886-6c59c0385442', 'http://data.europa.eu/esco/occupation/7843a4c6-a9f6-4095-94b9-45b384d4bd57', 'http://data.europa.eu/esco/occupation/9e285322-2cfa-430f-9b66-41be57d698e2', 'http://data.europa.eu/esco/occupation/b55718eb-e8ff-4485-8ad0-bbac32cbd77b', 'http://data.europa.eu/esco/occupation/caf7b8fb-b2d6-46b7-bffa-bea7f8e4aed8', 'http://data.europa.eu/esco/occupation/f0ca39a8-1e30-487c-95f9-ef2d5e734adc', 'http://data.europa.eu/esco/isco/C2432', 'http://data.europa.eu/esco/isco/C2642']","['Research and experimental development on social sciences and humanities', 'Accommodation', 'Activities of head offices', 'Market research and public opinion polling', 'Business and other management consultancy activities', 'Public relations and communication activities', 'Activities of advertising agencies', 'Administration of the State and the economic, social and environmental policies of the community', 'Provision of services to the community as a whole', 'Computing infrastructure, data processing, hosting and other information service activities']",2,Senior Manager (Corporate Communications & PR),"Job description


Senior Manager (Corporate Communications & PR)
 
Your role in summary
The Senior Manager is a pivotal role within our team, responsible for developing and executing communication strategies and action plans. In this capacity, you will act as the principal point of contact for our clients, ensuring their satisfaction and retention through dedicated service and the application of V+O principles and values. This role requires close collaboration with the Director/ Business Unit Director, and involves a strong focus on client advisory, especially in areas of corporate communications, public affairs, policy research and analysis.
Key Responsibilities:

Develop and manage corporate communication strategies and action plans under the direction of the Director/ Business Unit Director.
Advise clients on public affairs and stakeholder engagement in coordination with the Director/ Business Unit Director.
Build, manage, and nurture existing client relationships, ensuring continual deepening of these relationships through client satisfaction, development, and retention.
Serve as the project owner for the portfolio, maintaining client KPIs and reports, and proposing actionable recommendations based on outcomes.
Proactively anticipate client needs and provide relevant, timely recommendations.
Responsible for creating all copywriting materials (Press Releases, Q&A documents, interviews, speeches) in line with agreed strategy.
Build and maintain strong relationships and networks with the media and other stakeholders per client needs.
Oversee client’s press office activities under the supervision of Director/ Business Unit Director.
Organize and ensure the timely, budget-compliant completion of all project deliverables.
Support crisis communications under the supervision of Director/ Business Unit Director.
Conduct research on policy issues at national, European, and international levels, and monitor legislation and regulations relevant to client’s business interests.
Undertake the people manager role, managing, training, guiding, and developing team members in accordance with company values and management processes.
Cooperate with external providers, ensuring performance and compliance with company policies.
Manage the completion of all client-related administrative tasks (databases, ISO files, etc.) on time and in accordance with company policies and procedures.

QUALIFICATIONS AND STANDARDS: 
Education & Experience 
 
Essential
- University degree in Business Administration, Media Communications, Public Relations, Journalism, or Political Science
- Excellent written and verbal communication skills in both Greek and English
- Minimum 5 years of relevant working experience in a PR firm or in a Corporate Communication Department
Desirable 
- A master's or advanced degree in a relevant field, demonstrating a higher level of expertise.
- Advanced experience in crisis communications
Join us for a challenging career! 
We offer an exciting business framework for you to accelerate professionally as well as a competitive remuneration package and benefits both numerical and non-numerical. We work with great clients, from SMB to global corporations, on a variety of communication challenges, to create compelling and persuasive experiences through insightful planning, innovative thinking, and seamless execution.
If you want to become a member of our team, please send us your CV at careers@vando.gr 
 
Your application will be handled with the utmost confidentiality!",Senior,Full-time / Part-time,"Athens, Greece",EL,,,,2024-09-09,kariera.gr,168914
,"['http://data.europa.eu/esco/skill/db27065e-3c06-4f89-aa55-48fd87dabf82', 'http://data.europa.eu/esco/skill/e3e42d54-78bd-4337-aa87-bb31a7670c9a', 'http://data.europa.eu/esco/skill/f9670490-8aa4-4540-b121-d440a8294aab']","['http://data.europa.eu/esco/occupation/040fcfa5-24be-43eb-afd5-828297175b16', 'http://data.europa.eu/esco/occupation/8bbac392-3d62-4c46-a56e-3f244fdda216', 'http://data.europa.eu/esco/isco/C2433', 'http://data.europa.eu/esco/isco/C522']","['Warehousing and storage', 'Retail sale of medical and orthopaedic goods']",21,SALES SUPPORT- Orthopedics,"He/she is responsible for compiling Daily Sales Reports and assembling the sales schedule (surgeries, doctor visits, presentations).
Records leave reports of the department's personnel and informs the supervisor.
Compiles and processes the Department Incident Charges, regarding non-billables.
He is responsible for opening new product codes in ERP
Sends sales/purchases statistics according to the needs of each sales department.
Corrects incident data in ERP. Match charges to invoices. On a weekly basis, he receives the data from the sellers regarding the sales, so that the necessary corrections can be made to the incidents (doctor's name, seller's name, category of operations, etc.)
Performs inventory control via ERP and informs vendors and supervisor of inventory and warehouse and overstock expiration dates. As for back orders and delays in receiving goods.
Notifies sellers of product descriptions approved by Product Manager and BUM.
Monitors sales prices, and matches products in the price watch, in collaboration with the Product Manager and BUM.
Communicates with hospital supply departments to inform them regarding delivery of backorders, vantage code project, etc.
Communicates with domestic suppliers to process Expense requests for surgical consumables.
Prepares and participates in monthly sales meetings.
He/she is responsible for extracting the records of the hospital records for processing their inventory and sending them to the involved/interested members of the B.U. as defined by the company based on the procedure (monthly and quarterly inventories of deposits with code, description, pieces, lot number, expiration date), as well as for the collection and formatting of the inventoried materials, data processing and sending them to invoicing.",Mid-level,Full-time,"Chalandri, Greece",EL,,,,2024-09-09,kariera.gr,138975
,"['http://data.europa.eu/esco/skill/15d76317-c71a-4fa2-aadc-2ecc34e627b7', 'http://data.europa.eu/esco/skill/2fb8480e-de3c-462b-b169-e8bbb344da68', 'http://data.europa.eu/esco/skill/677d5144-4c77-4f8d-afc7-116f4bc0e660', 'http://data.europa.eu/esco/skill/7954861c-86d4-4529-afbb-2c23dab9ac74', 'http://data.europa.eu/esco/skill/adc6dc11-3376-467b-96c5-9b0a21edc869', 'http://data.europa.eu/esco/skill/ecc18804-a466-40d9-98b4-fba5cd67dd4b', 'http://data.europa.eu/esco/skill/f683ae1d-cb7c-4aa1-b9fe-205e1bd23535', 'http://data.europa.eu/esco/skill/fa6acfc3-0a4f-4192-b77d-80e94d0faf2a']","['http://data.europa.eu/esco/occupation/30f3ea93-882a-4525-841c-1d5b4b64076f', 'http://data.europa.eu/esco/occupation/35fbb8cd-c044-49a1-850c-010481c99b4a', 'http://data.europa.eu/esco/occupation/6cd08cbe-7611-4d70-8886-6c59c0385442', 'http://data.europa.eu/esco/occupation/8d586ee9-0ab1-4155-a3b0-2ca786c8e48c', 'http://data.europa.eu/esco/isco/C241']","['Activities of head offices', 'Business and other management consultancy activities', 'Other activities auxiliary to financial services, except insurance and pension funding', 'Research and experimental development on social sciences and humanities', 'FINANCIAL AND INSURANCE ACTIVITIES', 'Activities of extraterritorial organisations and bodies']",32,FINANCIAL AND COMMERCIAL DEPARTMENT EXECUTIVE - FINANCIAL PROJECT ANALYST,"Who We Are
At Infoworx, we focus on innovation and the quality of our services and products.
As a leading company in the field of electrical and electronic imports through B2B services, in which we have been active since 2009, we have realized a vision by expanding into the e-commerce industry. In 2015, we created Electroholic's store, through which we offer B2C services and solutions at an affordable cost, providing continuous and human-centered support to our customers.
Always putting the consumer first, our goal is to provide a unique shopping experience.
Our team consists of talented people, team players with vision and appetite for work, on whom we can base our future plans by investing in their continuous and continuous development.
 
Role Description
The role of a financial analyst is of great importance for the healthy operation of the business, as it guides and manages all the financial processes that lead to its growth and stability.
 
Job Description:

Cooperation with the accounting offices of the group companies for the preparation of management reports.
Monthly checks of income - expenditure - cash accounts
Analysis of business performance / results, with an emphasis on Finance.

Required Qualifications:

University / TEI degree in economics.
At least 5 years of experience in a similar role in Financial Management
Excellent knowledge of Ms Office programs (excel etc).
Good knowledge of accounting.
Administrative, communication and negotiation skills.
Organizational skills and problem solving ability",Mid-level,Full-time,"Peristeri, Greece",EL,,,,2024-09-09,kariera.gr,168874
,"['http://data.europa.eu/esco/skill/001115fb-569f-4ee6-8381-c6807ef2527f', 'http://data.europa.eu/esco/skill/03a0ab28-ce99-4e14-baf8-a66c55da28f8', 'http://data.europa.eu/esco/skill/0b144726-21c2-46ed-8d13-c03d27f61604', 'http://data.europa.eu/esco/skill/7edc05fe-378b-4c9e-bbb2-e5a29c5a845f', 'http://data.europa.eu/esco/skill/b19e0820-a96f-4c0a-a724-3c056180c1b3', 'http://data.europa.eu/esco/skill/b478d218-21df-447f-9eba-6fb11f94b071', 'http://data.europa.eu/esco/skill/b769f524-0f25-44d7-8538-5c46710a040e', 'http://data.europa.eu/esco/skill/c55caed2-de9e-4a25-819e-a0b0e83fba1b']","['http://data.europa.eu/esco/occupation/1b38a27d-ef98-4d9f-b1b2-8c109bf47e79', 'http://data.europa.eu/esco/isco/C2432', 'http://data.europa.eu/esco/isco/C4223']",['Organisation of conventions and trade shows'],100,Administrative Services Staff Member,"Job Title: Administrative Services Staff MemberCompany: QLS (Quality Language Schools)Location:  Athens Greece
Description:QLS, a network of quality foreign language schools throughout Greece, is seeking a dynamic and highly organized individual to join our team as an Office Administrator.
Responsibilities:Managing phone calls.Organizing workspace.File management, data recording, and updating electronic filing systems.Assisting in monitoring financial activities and preparing reports.Performing general administrative tasks.Coordinating events.
Requirements:The successful candidate is expected to have:Strong organizational and prioritization skills.Public relations skills.Excellent command of Greek and English, both oral and written.IT and social media skills.Willingness to work in an environment where multitasking is required and highly valued.Good work ethic and a team spirit approach.Willingness to take initiative.
Preferred Skills:Project and event management skills.Understanding of platforms, includingcoordination of online presentations and webinars.
What We Offer:Competitive salaryA very pleasant working environment.Friendly and supportive atmosphere.Convenient location close to a metro station.
If you meet the above requirements and areinterested in this position, please submit your resume with a photograph by 16 September2024",Mid-level,Full-time,"Athens, Greece",EL,,,,2024-09-09,kariera.gr,168766
,"['http://data.europa.eu/esco/skill/199f7919-5114-41b6-b6a5-41e0e4896ec1', 'http://data.europa.eu/esco/skill/7954861c-86d4-4529-afbb-2c23dab9ac74', 'http://data.europa.eu/esco/skill/7d092d81-d1e2-4c34-b3cb-c1c9f2e68b7d', 'http://data.europa.eu/esco/skill/91abe492-18be-4cce-93c7-0dca07072363', 'http://data.europa.eu/esco/skill/c624c6a3-b0ba-4a31-a296-0d433fe47e41', 'http://data.europa.eu/esco/skill/e2fea4d5-f1f4-4dea-89bb-43b1d07658af', 'http://data.europa.eu/esco/skill/f683ae1d-cb7c-4aa1-b9fe-205e1bd23535', 'http://data.europa.eu/esco/skill/fd446407-b08e-49da-b8e3-7e7c79618c3f']","['http://data.europa.eu/esco/occupation/2b48a4cd-2333-4abf-ac3e-6f63d6ed3663', 'http://data.europa.eu/esco/occupation/44e0c015-309d-4f67-98a3-1e036966ed7f']","['Technical testing and analysis', 'Activities of holding companies', 'Fund management activities', 'Activities of head offices', 'Business and other management consultancy activities', 'General public administration activities']",102,Development Manager,"Would you like to become part of a team of young professionals who are working in a vivid environment in the heart of Athens, implementing EU projects that matter?
AKMI International, part of Alphabet Education, offers high-quality, customized project implementation services turning innovative ideas into funded projects. This ranges from EU grants to private investments identification, including consortium building, application writing, selection of experts, negotiation, budgeting, quality control, and evaluation of projects.
Currently, we are seeking a dynamic and self-motivated Development Manager / Application Writer for EU Projects (Erasmus+, Horizon, CERV, AMIF, etc) to become part of our dynamic team in Athens.
Responsibilities:

Networking and conduction of presentations to events, seminars, workshops, etc.
Consortia building and formulation of vivid partnerships
Conceptualize innovative ideas
Analyzing funding opportunities and find new ones
Draft Applications, tenders and Technical Proposals indicatively under Erasmus+, CERV, AMIF, EMFAF, HORIZON and other Programs etc.
Cooperate with the Financial Department for preparing the financial part of the proposals / budgeting
Collect partners' documents for the submission procedure
Facilitate the submission procedure through the relevant platforms (Funding & Tenders, Webgate, etc.)
You will refer to the Head of Development and General Director

Job Requirements:

Bachelor or/and a Master’s degree, preferably in Social Sciences
Excellent English Knowledge (both written and oral)
Knowledge of a second language will be considered a strong asset.
At least 2 years of relevant experience
Proven track records in drafting EU funded projects will be highly appreciated
Excellent command of MS Office (mainly Excel and Word)
Responsibility, consistency, and adherence to strict deadlines
Excellent communication skills
Travel availability (Schengen and non-Schengen)

Your benefits:

Competitive compensation packages
Hybrid working model
Continuous learning & fast career growth
An international dynamic within a fast-paced working environment
The opportunity to work in a diverse environment with talented colleagues",Mid-level,Full-time,"Athens, Greece",EL,,,,2024-09-09,kariera.gr,168793
,"['http://data.europa.eu/esco/skill/199f7919-5114-41b6-b6a5-41e0e4896ec1', 'http://data.europa.eu/esco/skill/4df7a57a-9405-4995-8e02-4ca404832247', 'http://data.europa.eu/esco/skill/7954861c-86d4-4529-afbb-2c23dab9ac74', 'http://data.europa.eu/esco/skill/7d092d81-d1e2-4c34-b3cb-c1c9f2e68b7d', 'http://data.europa.eu/esco/skill/8c6feedd-339f-4dba-b28a-dae84c759853', 'http://data.europa.eu/esco/skill/91abe492-18be-4cce-93c7-0dca07072363', 'http://data.europa.eu/esco/skill/99c4c69a-025c-464f-adda-874c7f107a31', 'http://data.europa.eu/esco/skill/c68af615-b24c-4719-a199-c4141e08f2bd', 'http://data.europa.eu/esco/skill/e2fea4d5-f1f4-4dea-89bb-43b1d07658af']","['http://data.europa.eu/esco/occupation/1f8967ce-9faa-4d56-a656-50e041f7d07e', 'http://data.europa.eu/esco/occupation/2b48a4cd-2333-4abf-ac3e-6f63d6ed3663', 'http://data.europa.eu/esco/occupation/35fbb8cd-c044-49a1-850c-010481c99b4a', 'http://data.europa.eu/esco/occupation/6cd08cbe-7611-4d70-8886-6c59c0385442', 'http://data.europa.eu/esco/occupation/bea99fea-0383-4c63-b944-70d4799de2c5', 'http://data.europa.eu/esco/occupation/cd7b838c-51f6-41ec-9067-bb974c0f991b']","['Manufacture of leather and related products of other materials', 'Technical testing and analysis', 'Other activities auxiliary to financial services, except insurance and pension funding', 'Research and experimental development on social sciences and humanities', 'Activities of head offices', 'Business and other management consultancy activities', 'Public relations and communication activities']",104,Project Manager – EU Projects,"Would you like to become part of a team of young professionals who are working in a vivid environment in the heart of Athens, implementing EU projects that matter?
AKMI International, part of Alphabet Education, offers high-quality, customized project implementation services turning innovative ideas into funded projects. This ranges from EU grants to private investments identification, including consortium building, application writing, selection of experts, negotiation, budgeting, quality control, and evaluation of projects.
Currently, we are seeking a dynamic and self-motivated Project Manager for EU Projects (Erasmus+, REC, AMIF, etc) to become part of our dynamic team in Athens.
Responsibilities:

Manage Project implementation, including coordination of current partnerships
Follow and manage project timetables, identifying implementation risks, working on solutions
Prepare and submit Monitoring reports to responsible Managing Authorities
Manage communication to third parties and stakeholders during project implementation
Draft deliverables or supervise their quality
Draft Applications and Technical Proposals indicatively under Erasmus+, CERV, AMIF, etc.
Participate in the formulation of vivid partnerships.

Job Requirements:

Academic background with a Bachelor or/and a Master’s degree, preferably in Social Sciences
Excellent English Knowledge (both written and oral).
At least 1 yearof project management experience in EU Projects
Responsibility, consistency, and adherence to strict deadlines
Travel availability (Schengen and non-Schengen)
Excellent command of MS Office
Administrative, organizational, and communication skills
Knowledge of a second language will be considered a strong asset.",Mid-level,Full-time,"Athens, Greece",EL,,,,2024-09-09,kariera.gr,168792
,"['http://data.europa.eu/esco/skill/82887396-e5bf-4306-af51-3fe8d82790b2', 'http://data.europa.eu/esco/skill/cd5efa8c-e44d-4cbc-91c6-796018dbed68']","['http://data.europa.eu/esco/occupation/bea99fea-0383-4c63-b944-70d4799de2c5', 'http://data.europa.eu/esco/occupation/d7d986e1-7333-431b-9719-0c5c6939e360', 'http://data.europa.eu/esco/occupation/e20eee17-4876-4f21-a0cb-5d7f40c63cd8']","['Activities of head offices', 'Business and other management consultancy activities', 'CONSTRUCTION', 'Engineering activities and related technical consultancy', 'Security and commodity contracts brokerage']",233,"Asset Management Associate /Analyst - Heraklion, Crete","The main responsibility of the position is to contribute to the actions required to optimize the group's assets.
Necessary qualifications:

Bachelor's Degree in Finance/Mathematics/RealEstate or Civil Engineering
Excellent knowledge of English
Excellent use of Excel - Data analysis
Project Management

Desired qualifications:

Work experience in a hotel or Real Estate environment
Work experience in financial models - Investment evaluation

We offer:

Excellent people-centered working atmosphere
Child Bonus and Marriage Bonus (if you become a parent or get married during our partnership)
Free access to Trainings
Professional development prospects

Please send your CV with a recent ID or passport photo attached",Mid-level,Full-time,"Irakleio, Greece",EL,,,,2024-09-09,kariera.gr,168626
,"['http://data.europa.eu/esco/skill/001115fb-569f-4ee6-8381-c6807ef2527f', 'http://data.europa.eu/esco/skill/0ee7b0d6-db98-4785-9948-f2ef415d155a', 'http://data.europa.eu/esco/skill/234aeb8d-56c3-4531-9193-1c5e6a8d16cb', 'http://data.europa.eu/esco/skill/2a2fa8e8-aaf3-4abf-a60b-af6415f1c6d4', 'http://data.europa.eu/esco/skill/2fb8480e-de3c-462b-b169-e8bbb344da68', 'http://data.europa.eu/esco/skill/3bddfd7c-ab6d-40c2-883d-5e97fb7640ba', 'http://data.europa.eu/esco/skill/4f6e68b2-85c8-446e-a96d-b306ec7e0091', 'http://data.europa.eu/esco/skill/6078e099-7696-44a5-b3c1-452b9abe886a', 'http://data.europa.eu/esco/skill/63f224ea-d889-42ea-b3ef-730ef78c7176', 'http://data.europa.eu/esco/skill/7111b95d-0ce3-441a-9d92-4c75d05c4388', 'http://data.europa.eu/esco/skill/74e49482-75e8-4637-bdb1-fff868d02f7a', 'http://data.europa.eu/esco/skill/8c4c49d4-9708-433f-8ca7-bf2c5211ee49', 'http://data.europa.eu/esco/skill/adc6dc11-3376-467b-96c5-9b0a21edc869', 'http://data.europa.eu/esco/skill/b91535d7-1265-455d-a565-901e2eafa883', 'http://data.europa.eu/esco/skill/c29aa9d2-4da8-4bdd-831c-8d4a2fb51730', 'http://data.europa.eu/esco/skill/c2a0c52c-0b4b-4180-a918-92650ea3b458', 'http://data.europa.eu/esco/skill/cf9a4613-ff8a-40a7-931f-c6fba2cc3d50', 'http://data.europa.eu/esco/skill/e24377fb-020b-4430-8bed-86dd539bbf3a', 'http://data.europa.eu/esco/skill/f2071535-4da0-4253-a548-920d170b80e0', 'http://data.europa.eu/esco/skill/f683ae1d-cb7c-4aa1-b9fe-205e1bd23535', 'http://data.europa.eu/esco/skill/fd446407-b08e-49da-b8e3-7e7c79618c3f']","['http://data.europa.eu/esco/occupation/00030d09-2b3a-4efd-87cc-c4ea39d27c34', 'http://data.europa.eu/esco/occupation/0c7c9606-fde3-4658-8136-8fe0c9b8bd09', 'http://data.europa.eu/esco/occupation/196a4c75-9591-436f-9677-67252df34c22', 'http://data.europa.eu/esco/occupation/2a2da883-8af5-4b98-832e-00e6681b22c3', 'http://data.europa.eu/esco/occupation/654ce97c-9ed1-4614-bc76-36f4a1f67557', 'http://data.europa.eu/esco/occupation/6fc8f605-98b9-4218-b5e2-91c4c9c55c4d', 'http://data.europa.eu/esco/occupation/8cb59bc4-1f39-477e-beea-effed12d186c', 'http://data.europa.eu/esco/occupation/afbe50b0-6634-4677-a3e7-0aada10cb9a7', 'http://data.europa.eu/esco/occupation/b5eaf231-77ad-4a86-8e54-15cc4398aad2', 'http://data.europa.eu/esco/occupation/bea99fea-0383-4c63-b944-70d4799de2c5', 'http://data.europa.eu/esco/isco/C214', 'http://data.europa.eu/esco/isco/C2433', 'http://data.europa.eu/esco/isco/C3116']","['Operation of arts facilities and sites', 'Manufacture of irradiation, electromedical and electrotherapeutic equipment', 'Manufacture of medical and dental instruments and supplies', 'Engineering activities and related technical consultancy', 'Technical testing and analysis', 'Research and experimental development on natural sciences and engineering', 'Industrial product and fashion design activities', 'Manufacture of prepared meals and dishes', 'Manufacture of other organic basic chemicals', 'Manufacture of plastics in primary forms', 'Manufacture of synthetic rubber in primary forms', 'Manufacture of man-made fibres', 'Manufacture of rubber and plastic products', 'Manufacture of plastics and rubber machinery', 'Manufacture of additive manufacturing machinery', 'Manufacture of other special-purpose machinery n.e.c.', 'Computer consultancy and computer facilities management activities', 'Manufacture of ovens, furnaces and permanent household heating equipment', 'MANUFACTURING', 'Activities of head offices', 'Business and other management consultancy activities']",238,SENIOR HEAT TRANSFER R&D ENGINEER,"Senior Heat Transfer R&D Engineer: Energy Transition Technologies
About FARADThis position is open to candidates authorized to work in Greece. FARAD is an Equal Employment Opportunity employer. All qualified applicants will receive consideration for employment without regard to race, color, religion, gender, sexual orientation, gender identity or expression, national origin, age, genetic information, or disability. All employment is decided based on qualifications, merit, and business need.
About the role:FARAD is looking for a motivated, high energy, well-organized, collaborative engineer to support our business activities and provide design engineering support for FARAD’s R&D department. It will be your responsibility to translate ideas into product designs and drive products’ innovation.Responsibilities:NOTE: This job description is not intended to be all-inclusive. Employee may perform other related duties as negotiated to meet the ongoing needs of the organization. The essentials of the position include, but are not limited to, the following duties:▪ Initiate and develop comprehensive “Energy Transition Technologies” insights, to support senior leadership in making business decisions related to the company's strategy, technology and R&D activities, and aligning those activities with business priorities.▪ Support the proposal process from opportunity to handoff to the Sales team in key RFQs.▪ Contribute to several heat transfer focused projects and assist in key heat exchanger technology initiatives.▪ Lead product development on several development projects, working as member of the R&D department team.▪ Evaluate the design and performance of the newly developed equipment; ensure deliverability and reliability of suppliers to meet specifications and timetable.▪ Expand professional and technical knowledge by reviewing professional and scientific publications and expanding personal networks with potential clients, vendors and internal teams.▪ Provide support to design teams to ensure proper application of new heat transfer technologies with an end-goal to introduce these technologies to manufacturing operations.▪ Assist in the commercialization of the newly developed company products.▪ Plan and coordinate the manufacturing of engineered samples and pilot runs if needed.▪ Support pre-sales activities as needed.▪ Generate written technical proposals, summary reports and standard work instructions.▪ Work with technical department and other departments personnel to implement the most promising opportunities.▪ Conduct presentations for engineering, technical department, and business personnel.Requirements:1. A degree in Chemical Engineering is preferred but consideration will be given to other engineering degrees (i.e Mechanical Engineering) based on actual relevant experience.2. Ability to demonstrate at least three years of experience as R&D or product development engineer in the development of process equipment products, or as a process development engineer for project transfers from R&D phase to manufacturing phase.3. Mastery skill level in process simulations is a necessary requirement for the position.4. Strong desire to develop new products or improve existing ones while working on the boundaries of several engineering and scientific disciplines.5. Strong analytical and problem-solving skills, and a detail-oriented and innovative thinking mindset.6. Excellent troubleshooter using a sound professional judgment, creativity, innovation, experience, resources, initiative, and tools to analyze and correct issues in an efficient and expedited manner.7. Excellent and proven technical writing skills.8. Proficient in Microsoft (MS) Office Suite.9. Excellent technical communication (inside and outside the company) and presentation skills, both written and oral.10. Fluency in written and spoken English.11. Ability to work diligently and efficiently under pressure, independently and with limited supervision or guidance.12. Strong work ethics and ambition to grow with company.13. Ability to maintain confidentiality of pertinent information.14. Position may require some travel.Nice to have:1. Subject Matter Expert knowledge for heat transfer technologies for Carbon Capture & Storage and Hydrogen applications.2. Experience working with cryogenic and refrigeration equipment.3. PhD or research experience in a related subject and in close cooperation with industrial sector.4. General knowledge about standards and codes used within the hydrogen industry.5. Participation in the design of, or experimentation with, prototype process equipment.6. Basic understanding of project management fundamentals.7. Experience with ASPEN EDR or/and HTRI software.8. Experience with CAD/CAE (FEM, CFD) software.Location: Piraeus (Greece).Note: The selected applicant will be asked to provide a criminal record clearance/certificate of good standing from each country where they have resided for more than 12 months in the past 10 years",Senior,Full-time,"Piraeus, Greece",EL,,,,2024-09-09,kariera.gr,159074
,"['http://data.europa.eu/esco/skill/1177c6f5-09c5-4c35-873c-afd22d170ad3', 'http://data.europa.eu/esco/skill/4707da90-9cfc-46ca-8de0-38a0b7bfb137', 'http://data.europa.eu/esco/skill/4df7a57a-9405-4995-8e02-4ca404832247', 'http://data.europa.eu/esco/skill/54660948-b811-49a9-874c-bf2be5f280a2', 'http://data.europa.eu/esco/skill/94dd823c-148e-4614-a6e8-99249b16357d', 'http://data.europa.eu/esco/skill/adc6dc11-3376-467b-96c5-9b0a21edc869', 'http://data.europa.eu/esco/skill/cd5efa8c-e44d-4cbc-91c6-796018dbed68', 'http://data.europa.eu/esco/skill/d4789070-2ff7-4bbb-94ca-8bb1739826a9', 'http://data.europa.eu/esco/skill/f64fe2c2-d090-4e91-ba74-1355d96b9bca']","['http://data.europa.eu/esco/occupation/2b48a4cd-2333-4abf-ac3e-6f63d6ed3663', 'http://data.europa.eu/esco/occupation/8cb59bc4-1f39-477e-beea-effed12d186c', 'http://data.europa.eu/esco/occupation/bea99fea-0383-4c63-b944-70d4799de2c5', 'http://data.europa.eu/esco/isco/C1330', 'http://data.europa.eu/esco/occupation/c956be07-53a3-4b01-b8f8-f0c5a428eaa8', 'http://data.europa.eu/esco/isco/C2433']","['Technical testing and analysis', 'Computer consultancy and computer facilities management activities', 'Activities of head offices', 'Business and other management consultancy activities', 'Wholesale of household goods', 'Wholesale of information and communication equipment', 'Wholesale of other machinery, equipment and supplies', 'Other specialised wholesale']",258,TECHNICAL PROJECT MANAGER,"AMCO SA, is looking for a dynamic and skilled Sales Engineer to join our team. The ideal candidate will have the opportunity to work in a dynamic environment, contribute to the development and promotion of innovative IT and technology products and services, and support sales with technical expertise.
Responsibilities:• Develop and maintain information technology plans which outline project status individual tasks, milestones, completion estimates, and resource allocation.• Hold regular technical team meetings to determine progress and address any questions or challenges regarding projects.• Coordinate the roll-out of beta and production releases.• Inspect projects for quality assurance.• Identify the resources needed for the project and source these materials.• Analyze, plan and develop technical requirements and standards in reference to scheduled projects.• Ensure customer satisfaction through post-project debrief with clients.• Oversee the implementation of project improvements. Qualifications:• Bachelor’s degree in computer science or equivalent.• 2+ years of experience in technical project management of ICT projects which include hardware, software and integration with 3rd party software platforms.• Excellent time management and organizational skills and experience establishing guidelines for others.• Strong sense of personal accountability regarding decision-making and supervising technical teams.• Experience working in a high-level collaborative environment and promoting a teamwork mentality.• Managerial experience applying analytical thinking and problem-solving skills.• Ability to predict challenges and seek to proactively head-off obstacles.• Strong written and verbal communication skills in English.
The company offers:• Competitive salary, based on qualifications• Excellent working environment• Prospects of development• Continuous education• Private Health Insurance",Mid-level,Full-time,"Moschato, Greece",EL,,,,2024-09-09,kariera.gr,168606
,"['http://data.europa.eu/esco/skill/0b144726-21c2-46ed-8d13-c03d27f61604', 'http://data.europa.eu/esco/skill/15d76317-c71a-4fa2-aadc-2ecc34e627b7', 'http://data.europa.eu/esco/skill/382c11ed-20d5-4ae7-b60e-15fec527fa6c', 'http://data.europa.eu/esco/skill/7d092d81-d1e2-4c34-b3cb-c1c9f2e68b7d', 'http://data.europa.eu/esco/skill/91abe492-18be-4cce-93c7-0dca07072363', 'http://data.europa.eu/esco/skill/a8d24a95-47b3-4f88-92e7-06600bcd3612', 'http://data.europa.eu/esco/skill/d0c425c6-e3de-465e-923d-d4d30ec4be9b', 'http://data.europa.eu/esco/skill/da1398ac-6955-4cf3-9225-67f16e41dbdc', 'http://data.europa.eu/esco/skill/ecc18804-a466-40d9-98b4-fba5cd67dd4b']","['http://data.europa.eu/esco/occupation/0959cd1d-f6c8-4362-939a-ad7d5f75d659', 'http://data.europa.eu/esco/occupation/6cd08cbe-7611-4d70-8886-6c59c0385442', 'http://data.europa.eu/esco/isco/C2', 'http://data.europa.eu/esco/isco/C241', 'http://data.europa.eu/esco/isco/C4311', 'http://data.europa.eu/esco/occupation/8d586ee9-0ab1-4155-a3b0-2ca786c8e48c', 'http://data.europa.eu/esco/occupation/c956be07-53a3-4b01-b8f8-f0c5a428eaa8', 'http://data.europa.eu/esco/isco/C2433']","['Tertiary education', 'Research and experimental development on social sciences and humanities', 'FINANCIAL AND INSURANCE ACTIVITIES', 'Business and other management consultancy activities', 'Activities of extraterritorial organisations and bodies', 'Wholesale of household goods', 'Wholesale of information and communication equipment', 'Wholesale of other machinery, equipment and supplies', 'Other specialised wholesale']",259,Financial Project Analyst,"Job Summary:
AMCO SA, is looking for a dynamic and skilled Sales Engineer to join our team. The ideal candidate will have the opportunity to work in a dynamic environment, contribute to the development and promotion of innovative IT and technology products and services, and support sales with technical expertise.
Responsibilities:

Collecting and analyzing financial data related to the company's projects.
Monitoring the cost, timelines, and resources allocated to each project.
Generating financial reports and analyzing results.
Contributing to the identification of problems and proposing improvements in project financial management.
Collaborating with other departments of the company to resolve financial issues related to projects.

 
Required Qualifications:

Bachelor's degree in Economics, Business Administration, Finance, or a related field.


Minimum of 4 years of experience in a similar position.


Knowledge of accounting principles and data analysis techniques.


Excellent knowledge of accounting and use of accounting tools.
Familiarity with the creation and monitoring of project budgets.


Communication and teamwork skills.


Excellent knowledge of the English language.

 
Personal Characteristics:

Analytical and organized.
Ability to manage multiple tasks and deadlines.
Ability to work effectively both independently and in a team environment.
Professional demeanor and discretion in handling sensitive information.

 
We Offer:

Competitive compensation package.
Professional development and advancement opportunities.
Pleasant working environment.
Private Health Insurance",Mid-level,Full-time,"Moschato, Greece",EL,,,,2024-09-09,kariera.gr,168605
,"['http://data.europa.eu/esco/skill/9e9a4209-c7cf-4f6e-973e-dc2ffadccc74', 'http://data.europa.eu/esco/skill/cd5efa8c-e44d-4cbc-91c6-796018dbed68', 'http://data.europa.eu/esco/skill/ed1fbdc3-1071-423c-9bb4-e3288ca6d1fe', 'http://data.europa.eu/esco/skill/f683ae1d-cb7c-4aa1-b9fe-205e1bd23535']","['http://data.europa.eu/esco/occupation/53a362a4-4c83-4ce2-837f-d1faba4cd247', 'http://data.europa.eu/esco/occupation/bea99fea-0383-4c63-b944-70d4799de2c5', 'http://data.europa.eu/esco/occupation/cb4f98c8-6b8d-41d8-87eb-a2a2033a3a25', 'http://data.europa.eu/esco/isco/C242', 'http://data.europa.eu/esco/occupation/0959cd1d-f6c8-4362-939a-ad7d5f75d659', 'http://data.europa.eu/esco/occupation/5791a961-4717-4230-a245-a4082a675f04', 'http://data.europa.eu/esco/isco/C13']","['Activities of head offices', 'Business and other management consultancy activities', 'General public administration activities', 'Tertiary education', 'Engineering activities and related technical consultancy']",260,Public Tenders Officer,"Amco S.A. was founded in 2003 by a group of experienced and qualified executives with the aim of providing integrated high-tech automation solutions and in general the implementation of complex IT and communications projects.  Gradually, since 2003, Amco has acquired a leading position in the Greek market both in ticketing and passenger information systems and in LED technology information systems. The company has a presence in more than 10 countries and has successfully implemented hundreds of projects for the private and public sector.
AMCO ABEE wishes to hire:
Main responsibilities include:

Search and cancel active declarations or invitations and update the commercial address.
Study of public procurement announcements and preparation of the supporting documents for participation.
Communication with subcontractors and suppliers to gather the necessary supporting documents for participation.
Submission of the offer file to the ESIDIS system.
Support of the legal advisor in the objections and appeals process.
Monitoring the course of the tender from the submission of the offer to the signing of the contract.

Required Qualifications:

University degree in economics or administration, postgraduate degree preferred.
At least 2 years of experience in a similar position.
Excellent knowledge of N. 4412/2016 and public procurement procedures.
Time and project management ability, with excellent administrative skills.
Very good knowledge of MS Office applications.
Excellent knowledge of the English language.

The Company Offers:

Competitive salary package depending on qualifications.
Excellent and dynamic work environment.
Opportunities for professional growth and development.
Continuous education and training.",Mid-level,Full-time,"Moschato, Greece",EL,,,,2024-09-09,kariera.gr,168604
,"['http://data.europa.eu/esco/skill/0a9acb6b-1139-4be9-b431-3a80a959f2f4', 'http://data.europa.eu/esco/skill/23ac233d-84ad-4517-b0f5-8ca19ba2614e', 'http://data.europa.eu/esco/skill/32db65d3-5ef3-43eb-9bf8-752c9cf0b22e', 'http://data.europa.eu/esco/skill/3993c87c-7719-4186-811b-8ddfb40e76be', 'http://data.europa.eu/esco/skill/64bd4157-5df0-4166-8259-ede237dd7cdf', 'http://data.europa.eu/esco/skill/7111b95d-0ce3-441a-9d92-4c75d05c4388', 'http://data.europa.eu/esco/skill/8f6ed69b-29d0-4c01-81ba-f05920a185f3', 'http://data.europa.eu/esco/skill/b215031a-dd21-48b1-a998-75d6373838d8', 'http://data.europa.eu/esco/skill/c881ddd2-9c0e-4743-bd24-36be650493dd', 'http://data.europa.eu/esco/skill/e2fea4d5-f1f4-4dea-89bb-43b1d07658af']","['http://data.europa.eu/esco/occupation/2b48a4cd-2333-4abf-ac3e-6f63d6ed3663', 'http://data.europa.eu/esco/occupation/719f101d-1866-49d3-8d5c-2256f606a8b9', 'http://data.europa.eu/esco/occupation/b09acdda-6680-49d1-a411-129610ee3bc0', 'http://data.europa.eu/esco/occupation/bea99fea-0383-4c63-b944-70d4799de2c5', 'http://data.europa.eu/esco/isco/C3322']","['Technical testing and analysis', 'Computer consultancy and computer facilities management activities', 'Business and other management consultancy activities', 'Activities of head offices']",272,Project Manager,"Company DescriptionWe are Netcompany-Intrasoft, a member of Netcompany Group A/S, and a leading European IT Solutions and Services company with strong international presence and expertise, dedicated to responsible digitalisation. We offer innovative and added-value solutions of the highest quality to a wide range of public and private organizations, while being a key-player in the EU Institutions for the past 30 years. We hold an outstanding record of 500+ organizations in 70+ countries, that have chosen our solutions and services, to fulfil their business needs. Our team of 3500+ professionals is our driving force and our most valuable asset.Job DescriptionEver wondered what it feels like to be a Project Manager in Netcompany-Intrasoft?Joining us as a Project Manager, you will be part of highly skilled agile teams that design, develop, deploy, customize, and support break-through applications for EU Institutions/ Banking/ Telco/or Public.As a Project Manager you will:Perform Project Management for multiple projects, including, planning, the definition of tasks and deliverables, review of project deliverables, quality control, risk analysis & management, status reports, problem reporting & management, follow upDevelop a detailed project plan and track activities against plan providing regular, accurate, and timely reportsDraft project management deliverables such as the Business Case, Project Strategy or Vision documents; Create and maintain comprehensive project documentationEnsure delivery of projects on-time, within scope and within budget; Successfully manage and minimize potential risks of the projects or any changes that may ariseParticipate in functional and technical working groups and progress meetings; Effectively coordinate the project team (including external stakeholders) ensuring that team members are motivated; Act as liaison with the customer and sub-contractorsQualificationsWhat would make you a fit for the role:Degree in Computer Science or other relevant disciplinesAt least 10 years of solid working experience in the IT SectorAt least 4 years of Proven experience in project management activities within software development field preferably with the European InstitutionsProject Management Certification (Prince2, PMP, PMI methodology)Excellent command of the English language (written & oral)Familiar with Agile methodologiesStrong expertise in MS Project and other MS Office toolsCustomer, Quality and Results-oriented approach Efficient communicator and Team-PlayerHighly competent in problem solving, methodical and flexibleAdept with reportingAvailable for frequent travels & short-term missionsAdditional InformationBeing a part of the Netcompany-Ιntrasoft team, you will be provided with: The opportunity to work in a modern environment & in a hybrid working modelA seamless onboarding experience and a buddy to support you on your first stepsA competitive compensation & benefits packageHealth and life insurance programMeal and commuting allowanceWell-being activities (on premises)Continuous learning opportunities using the most modern methods (unlimited access to Udemy for Business, ad-hoc trainings)A personalized development plan for targeted career growthIf you are looking forward to be part of a diverse environment, and have the opportunity to work alongside well-experienced professionals, on challenging, large-scale projects that directly impact millions of citizens around the globe, then this is the place to be!Our cultureOur people are the most important element of our success. Our work life is well defined by our set of fundamental Values: https://bit.ly/3SSbBzU  #BePartOfSomethingGreat!*Please submit your CV in EnglishAll applications will be treated as strictly confidential.",,Full-time,"Athens, Greece",EL,,,,2024-09-08,kariera.gr,151485
,"['http://data.europa.eu/esco/skill/23ac233d-84ad-4517-b0f5-8ca19ba2614e', 'http://data.europa.eu/esco/skill/6cd29d73-e352-40b4-89c5-cdb3faff0a38', 'http://data.europa.eu/esco/skill/8f6ed69b-29d0-4c01-81ba-f05920a185f3', 'http://data.europa.eu/esco/skill/d0c6d77e-cb25-4770-bf77-2073fc5f7523']","['http://data.europa.eu/esco/occupation/0ce5a9f4-e00a-4bbe-b255-3c63407167a4', 'http://data.europa.eu/esco/occupation/4daee8bd-8400-4da6-ba52-30d4c193d1a9', 'http://data.europa.eu/esco/occupation/719f101d-1866-49d3-8d5c-2256f606a8b9', 'http://data.europa.eu/esco/isco/C2522']","['Security activities n.e.c.', 'Service activities incidental to air transportation', 'Engineering activities and related technical consultancy', 'Computer consultancy and computer facilities management activities', 'Business and other management consultancy activities']",273,Senior System Engineer,"Company DescriptionWe are Netcompany-Intrasoft, a member of Netcompany Group A/S, and a leading European IT Solutions and Services company with strong international presence and expertise, dedicated to responsible digitalisation. We offer innovative and added-value solutions of the highest quality to a wide range of public and private organizations, while being a key-player in the EU Institutions for the past 30 years. We hold an outstanding record of 500+ organizations in 70+ countries, that have chosen our solutions and services, to fulfil their business needs. Our team of 3500+ professionals is our driving force and our most valuable asset.Job DescriptionEver wondered what it feels like to be a Senior System Engineer in Netcompany-Intrasoft?As a Senior System Engineer, you will work closely with a highly skilled team of domain experts to support a multitude of VMWare and Linux-based core infrastructure technologies.As a Senior System Engineer you will:Administer and design enterprise-wide infrastructure solutions based on VMWare & LinuxPlan and execute system Change Management tasks involving relevant datacenter technologiesEstablish service automationsFulfill service requests and resolve incidentsCoordinate with the DevOps, Network and Security Engineering teams as part of incident response, project implementations and architecture initiativesConduct technical evaluationsInteract and collaborate with all levels of the team to provide analysis, recommendations, and direction related to service functionalities. Maintain the respective documentation of the relevant services, systems, and processesQualificationsWhat would make you a fit for the role:University or Technological Institute Degree in Computer Science or relative facultyMinimum 3 years of work experience in a similar roleProven experience working in large-scale infrastructure environments involving VMWare and Linux technologies in an SAN environmentConsiderable expertise in LinuxExcellent command of the English language (written and oral)VCP certification or proven equivalent experienceAbility to work in an international/multicultural environment Strong analytical & problem-solving skillsIt would also be a plus if you match some of the following:Working experience in Microservices-based environmentsAny Linux certification Additional InformationBeing a part of the Netcompany-Ιntrasoft team, you will be provided with: The opportunity to work in a modern environment & in a hybrid working modelA seamless onboarding experience and a buddy to support you on your first stepsA competitive compensation & benefits packageHealth and life insurance programMeal and commuting allowanceWell-being activities (on premises)Continuous learning opportunities using the most modern methods (unlimited access to Udemy for Business, ad-hoc trainings)A personalized development plan for targeted career growthIf you are looking forward to be part of a diverse environment, and have the opportunity to work alongside well-experienced professionals, on challenging, large-scale projects that directly impact millions of citizens around the globe, then this is the place to be!Our cultureOur people are the most important element of our success. Our work life is well defined by our set of fundamental Values: https://bit.ly/3SSbBzU  #BePartOfSomethingGreat!*Please submit your CV in EnglishAll applications will be treated as strictly confidential.",,Full-time,"Athens, Greece",EL,,,,2024-09-08,kariera.gr,151484
,"['http://data.europa.eu/esco/skill/03500955-88a6-4c3d-a8c0-7594409dcff0', 'http://data.europa.eu/esco/skill/15725b82-9608-4579-abdf-adf91982dad9', 'http://data.europa.eu/esco/skill/35f1dcdc-577f-46c6-96d9-6c7a64501de9', 'http://data.europa.eu/esco/skill/3938da70-dd7a-4092-b039-10c2218867fd', 'http://data.europa.eu/esco/skill/394028bf-8dd1-4910-ad46-bc9e8e6e5b6d', 'http://data.europa.eu/esco/skill/4cde32b5-fc2f-4257-a8b9-5b15a67ee3e5', 'http://data.europa.eu/esco/skill/59a317ae-8b75-4ee3-9942-cceb10b39d4a', 'http://data.europa.eu/esco/skill/6a66039e-0580-473b-a605-eedfdab85a2d', 'http://data.europa.eu/esco/skill/707ff33d-d130-4e61-8a2a-6e8b023be9fc', 'http://data.europa.eu/esco/skill/7629db63-5922-42fa-8c80-9575526f7326', 'http://data.europa.eu/esco/skill/7dcb927b-9a77-4e93-b33c-d6ea28a45fde', 'http://data.europa.eu/esco/skill/7f7756fc-d89d-41d5-93ef-85991603f4ad', 'http://data.europa.eu/esco/skill/a13c386f-9953-46be-aa5a-cfcf7cd4574d', 'http://data.europa.eu/esco/skill/a9dc9e40-14a6-4899-93ec-29d5c79c2ebd', 'http://data.europa.eu/esco/skill/adc6dc11-3376-467b-96c5-9b0a21edc869', 'http://data.europa.eu/esco/skill/ca49f512-4434-49c1-8f49-9a078b60d2fe', 'http://data.europa.eu/esco/skill/e15b02ed-0264-4d44-9fa3-e29d6b52414a', 'http://data.europa.eu/esco/skill/e4a32aa6-6042-4073-b46b-38362522198b']","['http://data.europa.eu/esco/occupation/1cd93859-d796-4559-90c4-4b4597cd6e54', 'http://data.europa.eu/esco/occupation/64e909ad-1bd0-493c-a8dc-1afbed0c9c2f', 'http://data.europa.eu/esco/occupation/72913ee1-1696-4d74-b26f-681d17887c58', 'http://data.europa.eu/esco/occupation/853698f5-0f1e-42ae-9301-e5411a26dae2', 'http://data.europa.eu/esco/occupation/88721b6c-d2ce-41c6-8878-73c0d3aacf39', 'http://data.europa.eu/esco/occupation/91f93dc4-1b71-4053-b6fb-c579ec19303a', 'http://data.europa.eu/esco/occupation/a1273779-d2d4-4708-a406-62f7cdd26aab', 'http://data.europa.eu/esco/occupation/b09acdda-6680-49d1-a411-129610ee3bc0', 'http://data.europa.eu/esco/occupation/b560456a-bc4d-41a9-94c8-bf8636147246', 'http://data.europa.eu/esco/occupation/d4ccb6d4-ea97-47e5-a319-b72cffbf0631', 'http://data.europa.eu/esco/occupation/f83f19ca-b816-484a-b8be-92b7785121ea', 'http://data.europa.eu/esco/isco/C3253']","['Fire service activities', 'Patient transportation by ambulance', 'Hospital activities', 'Vocational secondary education', 'Tertiary education', 'Regulation of and contribution to more efficient operation of businesses', 'Remediation activities and other waste management service activities', 'Engineering activities and related technical consultancy', 'Technical testing and analysis', 'Activities of head offices', 'Other education n.e.c.', 'MINING AND QUARRYING']",280,Βοηθός-Τεχνικός Αντιμετώπισης Έκτακτης Ανάγκης,"Hellas Gold Single Member S.A. is a gold, silver, lead and zinc mining company headquartered in Athens, Greece. Since 2004, Hellas Gold operates the Kassandra Mines at N.E. Chalkidiki, under the strictest EU safety and environmental standards and regulations. The Kassandra Mines consist of the operating mine at Olympias the state-of-the-art Kokkinolakkas Tailings Managements Facility and the Skouries project. Evolving a mining history of 25 centuries, Hellas Gold invests in the development of sustainable mining in the region, contributing to the local economic growth and prosperity with investments of more than $1 billion, the employment of 1,600 people, the active support to the local suppliers, and important investments to local community initiatives and projects. Since 2012, Hellas Gold operates as a subsidiary of the Canadian-based Eldorado Gold Corporation, which has over 25 years of experience in exploration, construction and operation of mines around the world. We live our values in pursuit of our purpose: to find a better way to do things. We aim to break new ground in all that we do. We do this by creating a positive impact today, and for future generations, through our commitment to operating safely, sustainably, and profitably. The company offers the opportunity to those who wish to express interest in the position of “Emergency Response Assistant”, for its premises in Olympias/Stratoni/Skouries. The position will be reported to the Emergency Preparedness & Response Supervisor of the Kassandra Health & Safety department. Responsibilities: Respond to emergencies (fires, explosions, collapses, spills) and implement safety protocols. Provide first aid and coordinate with medical services for advanced care. Identify and assess hazards in the mine environment - take proactive measures to minimize risks. Maintain communication with supervisors and team members during emergencies. Ensure emergency response mobile & fixed equipment is maintained, ready and regularly inspected. Participate in training drills and guide Mine Rescue Members on safety practices. Keep accurate records of incidents, prepare reports and support post-incident analysis. Lead the Mine Rescue team during operations, fostering a culture of safety and teamwork. Provide regular updates to supervisors on response activities and resource needs. Train employees on the use of Refuge Chambers and Self-Escape units. Manage procurement and ensure operational readiness of Mine Rescue Stations and equipment. Collaborate with safety engineers and participate in health and safety meetings as needed. Undertaking tasks assigned by the supervisor related to the role's functions. Train Emergency Response, Mine Rescue Teams and Fire Safety Teams.  Requirements: 1-3 years of experience in emergency response within the mining sector.  Strong knowledge of safety, emergency response principles, and procedures. Proficiency in operating emergency equipment. Medical first aid certification (Basic and Advanced) and trauma life support. Experience in risk management. Excellent oral and written communication skills in Greek and English. Proven ability to lead teams, solve problems, and work under pressure. Valid driver's license (categories B) and relevant educational qualifications.  Our company offers a competitive remuneration package that includes an attractive combination of basic salary and benefits, as well as opportunities for development in a challenging work environment. Inclusion and Diversity Hellas Gold is an equal opportunities employer. We are committed to promoting an inclusive and diverse workplace where we value and respect every colleague for who they are and provide equality of opportunity so that everyone can fulfill their potential. If you are looking for a global and dynamic environment, please send us your CV in English.",Mid-level,Full-time,"Stageira-Akanthos, Greece",EL,,,,2024-09-08,kariera.gr,168588
,"['http://data.europa.eu/esco/skill/08e2ff26-88ff-47b5-9d37-d19ace01b075', 'http://data.europa.eu/esco/skill/19a64e91-bfe3-4c48-9225-3bb1229b12f0', 'http://data.europa.eu/esco/skill/2a0efd9a-4a60-4edc-8561-f2754d24eeb8', 'http://data.europa.eu/esco/skill/4707da90-9cfc-46ca-8de0-38a0b7bfb137', 'http://data.europa.eu/esco/skill/75d8e5d9-bef3-418b-9011-01bff9f27207', 'http://data.europa.eu/esco/skill/7f7756fc-d89d-41d5-93ef-85991603f4ad', 'http://data.europa.eu/esco/skill/9531fe02-1e1f-4a36-95f7-a76a77cd4b8d', 'http://data.europa.eu/esco/skill/99b163e8-7815-43e2-83f3-a47f3076354c', 'http://data.europa.eu/esco/skill/9a42bdc6-8496-4874-b9f5-b48207a85282', 'http://data.europa.eu/esco/skill/a15dab55-f1da-4f85-ae3e-2b5c5b5333ca', 'http://data.europa.eu/esco/skill/b895bd42-0009-4815-a150-eb9eb5caec21', 'http://data.europa.eu/esco/skill/c2617b44-886a-485e-8393-bc0fc6339539', 'http://data.europa.eu/esco/skill/c624c6a3-b0ba-4a31-a296-0d433fe47e41', 'http://data.europa.eu/esco/skill/c6c1af60-9594-460c-a328-00f9ad292be0', 'http://data.europa.eu/esco/skill/cd5efa8c-e44d-4cbc-91c6-796018dbed68', 'http://data.europa.eu/esco/skill/eade4171-3d57-4fb2-9518-44d5a1da4ff5', 'http://data.europa.eu/esco/skill/ecc18804-a466-40d9-98b4-fba5cd67dd4b', 'http://data.europa.eu/esco/skill/f683ae1d-cb7c-4aa1-b9fe-205e1bd23535', 'http://data.europa.eu/esco/skill/f7e7ccb6-fadc-4c35-935d-e1040be40dfe', 'http://data.europa.eu/esco/skill/fcd7dbd4-095d-448d-b605-89e8ac6a3d92', 'http://data.europa.eu/esco/skill/fef5a450-6230-4a34-b3e3-764252dbdcec']","['http://data.europa.eu/esco/occupation/056f1849-7ff8-4d6f-9b8a-176a610bba44', 'http://data.europa.eu/esco/occupation/38d9c76b-1a7b-4d65-879b-733ae7e9364e', 'http://data.europa.eu/esco/occupation/3b43dafb-8c6b-4906-9fe5-bc218aacad55', 'http://data.europa.eu/esco/occupation/53cdd34e-22f2-41bd-b3c7-de22bf9bbcae', 'http://data.europa.eu/esco/occupation/99492920-e5a5-4dba-9e5a-93193147198c', 'http://data.europa.eu/esco/occupation/9e285322-2cfa-430f-9b66-41be57d698e2', 'http://data.europa.eu/esco/occupation/b09acdda-6680-49d1-a411-129610ee3bc0', 'http://data.europa.eu/esco/occupation/bea99fea-0383-4c63-b944-70d4799de2c5', 'http://data.europa.eu/esco/isco/C2', 'http://data.europa.eu/esco/isco/C2411', 'http://data.europa.eu/esco/isco/C2412', 'http://data.europa.eu/esco/isco/C3313']","['Activities of advertising agencies', 'Other monetary intermediation', 'Other activities auxiliary to financial services, except insurance and pension funding', 'Sports and recreation education', 'Accommodation', 'Activities of head offices', 'Research and experimental development on social sciences and humanities', 'All other professional, scientific and technical activities n.e.c.', 'Business and other management consultancy activities', 'Public relations and communication activities']",314,Financial Accounting Advisory Assistant Manager/Manager,"At EY, you'll have the chance to build a career as unique as you are, with the global scale, support, inclusive culture and technology to become the best version of you. And we're counting on your unique voice and perspective to help EY become even better, too.Join our continuously growing team, which employs over 2.500 professionals in Greece, and is listed in Greece's Top Employers, Great Place to Work and Best Workplaces for Women for 2024! Experience great flexibility, under our hybrid operating model across our offices in Athens, Patras, and Thessaloniki, while benefiting from personalized learning and career development opportunities. We prioritize diversity, equity, and inclusion, fostering an environment where everyone's unique perspectives are valued, that supports you in building an exceptional experience for yourself, and a better working world for all. The OpportunityWe are currently seeking talented individuals with a grounding in accounting and financial reporting who are able to use their professional skills and experience to deliver on large service engagements. You will have interaction with company management teams and other advisers. In your role, you will be contributing to building trust in financial, management, investor reporting and capital markets. In return, our growing Financial Accounting Advisory Services (FAAS) team in Greece and Central, Eastern and Southeastern Europe & Central Asia (CESA) will provide access to growing, global and innovative projects and transactions to support a sound and exciting development and growth journey.Why Financial Accounting Advisory Services (FAAS) be right for you?Our clients look to us as trusted consultants, and as a FAAS professional, you will be at the heart of that goal. Our roles vary but we come together to achieve similar objectives for our clients; everyone has a different part to play. Whether you have experience in a specific industry, advising clients or teams on complex IFRS matters, advising clients through IPOs and debt raising or regulatory reporting, there is a role for you. Our team is very diverse representing a wide range of backgrounds and experiences. You will be provided with the opportunity to further develop your expertise, differentiate yourself from your peers and be part of a dynamic and growing part of the firm.You will be building strong relationships with clients, working collaboratively to achieve their goals and demonstrate your ability to deliver high quality service. You will have a great opportunity to expand your technical accounting and financial reporting knowledge and skills, act as the IFRS specialist working collaboratively with audit and advisory teams on different projects across industries, including on complex business transactions.You will be part of a team where you will receive exposure to some of EY's most diverse and exciting clients and be given all the skills, knowledge and opportunities to progress and become ready to build a better working world for our people, our clients and our communities. Your work will be recognized and rewarded, and a solid career will lie ahead of you. Sounds interesting?Skills and attributes for success 

	Fostering an efficient, innovative and team-oriented working environment by maintaining cooperative relationships that lead to open communications and sharing of information
	Collaborating effectively with Managers and/or Senior Managers at the planning, execution and wrap-up stages of engagements 
	Building strong relationships with clients working collaboratively to achieve their goals
	Demonstrating positive attitude, professionalism, teamwork competences, project management and leadership skills and high level of self-motivation and desire to exceed expectations
	Illustrating critical thinking and ability to work in a multi-tasking and results-oriented working environment with keen attention to high quality and accuracy along with strong appetite for development
	Embracing technology to continually enhance service delivery

To qualify for the role, you must have 

	Excellent academic background including a bachelor and/or master's degree in accounting, Finance, Economics, Business Administration or other appropriate academic major
	Professional accountancy qualification or working towards gaining one (ACCA, ACA, CFA, CPA, SOEL)
	At least 5 years of relevant working experience in an IFRS department at a big accounting or consulting firm or large corporate
	Very good IFRS knowledge, strong technical skills, ability to research IFRS technical issues and risk management ability
	Experience in performing IFRS technical analysis, making IFRS calculations and accounting entries for IFRS adjustments and preparing IFRS financial statements
	Professional acumen in analyzing complex accounting issues and providing solutions in accordance with the relevant accounting standards and legislation
	Strong analytical skills that enable you to think out of the box and come with good ideas to support our clients address their complex accounting questions.
	Substantial knowledge of Microsoft Office and Outlook applications
	Excellent written and verbal communication skills in Greek and English and the ability to explain specialized concepts to non-technical audiences.
	Results-oriented approach with keen attention to high quality and accuracy
	Ability to work under tight timelines.
	Flexibility to travel in accordance with client and other job requirements both locally and internationally

Working location: Athens (hybrid)What we offer

	Competitive remuneration package: You'll be rewarded for your individual and team performance. Depending on your experience, our comprehensive rewards package includes benefits that suit your needs including cutting-edge technological equipment, ticket restaurant vouchers, a private health insurance scheme, life insurance, income protection and an exclusive EY benefits club that provides a wide range of discounts, offers and promotions. 
	Flexible working arrangements: We operate under a hybrid working model, which is defined based on both your own preferences and team's needs, and we enjoy our summers with short Fridays.
	Personalized learning experience and career development: We provide free and unlimited access to educational platforms and EY Badges, support certifications, and provide coaching and feedback, as a part of our Leadership & Development process, all of which can lead to a meaningful impact and success as defined by you.
	Transformative leadership: We'll give you the insights, coaching and confidence to be the leader the world needs.
	Diverse and inclusive culture: You'll be embraced for who you are and empowered to use your voice to help others find theirs.
	International Experience: Become part of international projects and work along multicultural teams, through our global network.
	Above all, you will be working in one of the most recognized employers in Greece, as we have been awarded the Top Employers, Great Place to Work and Best Workplaces for Women awards for 2024.

If you can demonstrate that you meet the criteria above, please contact us as soon as possible.The exceptional EY experience. It's yours to build.Apply Now.EY | Building a better working world EY exists to build a better working world, helping to create long-term value for clients, people and society and build trust in the capital markets. Enabled by data and technology, diverse EY teams in over 150 countries provide trust through assurance and help clients grow, transform and operate. Working across assurance, consulting, law, strategy, tax and transactions, EY teams ask better questions to find new answers for the complex issues facing our world today.#betterworkingworld #LI-Hybrid",,Full-time,"Marousi, Greece",EL,,,,2024-09-07,kariera.gr,151142
,"['http://data.europa.eu/esco/skill/23ac233d-84ad-4517-b0f5-8ca19ba2614e', 'http://data.europa.eu/esco/skill/3993c87c-7719-4186-811b-8ddfb40e76be', 'http://data.europa.eu/esco/skill/44985078-6f4c-42b2-bceb-a37ea224b21d', 'http://data.europa.eu/esco/skill/7954861c-86d4-4529-afbb-2c23dab9ac74', 'http://data.europa.eu/esco/skill/7e251454-2496-4f09-99fe-3da59bc4c10a', 'http://data.europa.eu/esco/skill/8f6ed69b-29d0-4c01-81ba-f05920a185f3', 'http://data.europa.eu/esco/skill/9531fe02-1e1f-4a36-95f7-a76a77cd4b8d', 'http://data.europa.eu/esco/skill/ac802765-4098-4466-ac1e-4791f192c667', 'http://data.europa.eu/esco/skill/c09bf6d4-f8a7-40f3-aead-ef01643f2352']","['http://data.europa.eu/esco/occupation/5e4d156a-1f05-4b2c-b0f0-5abb82d52ed6', 'http://data.europa.eu/esco/occupation/719f101d-1866-49d3-8d5c-2256f606a8b9', 'http://data.europa.eu/esco/occupation/89b85c45-ddc7-4fe1-be5a-d3db2be11f3b', 'http://data.europa.eu/esco/occupation/d96de969-d43d-4082-8559-7fc35484a217', 'http://data.europa.eu/esco/occupation/f84aae41-28cc-4aa0-a0df-e7c3030516fd']","['Other monetary intermediation', 'Computer consultancy and computer facilities management activities', 'Business and other management consultancy activities', 'Wholesale of information and communication equipment', 'Security and commodity contracts brokerage', 'Other personal service activities n.e.c.']",315,Senior Account Manager (Enterprise),"Company DescriptionWe are Netcompany-Intrasoft, a member of Netcompany Group A/S, and a leading European IT Solutions and Services company with strong international presence and expertise, dedicated to responsible digitalisation. We offer innovative and added-value solutions of the highest quality to a wide range of public and private organizations, while being a key-player in the EU Institutions for the past 30 years. We hold an outstanding record of 500+ organizations in 70+ countries, that have chosen our solutions and services, to fulfil their business needs. Our team of 3500+ professionals is our driving force and our most valuable asset.Job DescriptionEver wondered what it feels like to be a Senior Account Manager in Netcompany-Intrasoft?Joining us as a Senior Account Manager, you will part of our team and lead our efforts in the Enterprise market. This role is pivotal in in managing and growing our key enterprise accounts across various industries, ensuring the delivery of exceptional IT solutions and consulting services that meet our clients' needs.As a Senior Account Manager you will:Build and maintain strong, long-lasting client relationships with key stakeholders in the banking industry (Client Relationship Management).Identify opportunities to expand our services within existing accounts and secure new business within the banking vertical (Account Growth).Understand clients' business challenges and provide strategic IT solutions that deliver value and drive business outcomes (Consultative Selling).Lead & orchestrate the entire sales cycle from proposal development to contracting, ensuring a seamless process and successful closure of deals (Sales Management)Collaborate with project managers and delivery teams to ensure successful implementation of solutions and customer satisfaction (Project Oversight).Stay updated with the latest industry trends, technologies, and competitive landscape to provide informed recommendations to clients (Market insights).Achieve assigned sales targets and contribute to the overall revenue growth of the company (Revenue Targets).QualificationsWhat would make you a fit for the role:Bachelor's degree in Business, IT, or a related fieldMinimum of 7-10 years of account management experience in the IT services or consulting industryProven track record of managing and growing large accountsStrong understanding of banking industry challenges and opportunitiesExcellent communication, negotiation, and presentation skillsAbility to work collaboratively with cross-functional teams and influence decision-makingStrategic thinker with a customer-centric approach.Excellent command of the English language (written & oral)It would also be a plus if you match some of the following:Commercial awarenessMBA or relevant advanced degree is a plusAdditional InformationBeing a part of the Netcompany-Ιntrasoft team, you will be provided with: The opportunity to work in a modern environment & in a hybrid working modelA seamless onboarding experience and a buddy to support you on your first stepsA competitive compensation & benefits packageHealth and life insurance programMeal and commuting allowanceWell-being activities (on premises)Continuous learning opportunities using the most modern methods (unlimited access to Udemy for Business, ad-hoc trainings)A personalized development plan for targeted career growthIf you are looking forward to be part of a diverse environment, and have the opportunity to work alongside well-experienced professionals, on challenging, large-scale projects that directly impact millions of citizens around the globe, then this is the place to be!Our cultureOur people are the most important element of our success. Our work life is well defined by our set of fundamental Values: https://bit.ly/3SSbBzU  #BePartOfSomethingGreat!*Please submit your CV in EnglishAll applications will be treated as strictly confidential.",,Full-time,"Athens, Greece",EL,,,,2024-09-07,kariera.gr,151140
,"['http://data.europa.eu/esco/skill/23ac233d-84ad-4517-b0f5-8ca19ba2614e', 'http://data.europa.eu/esco/skill/3993c87c-7719-4186-811b-8ddfb40e76be', 'http://data.europa.eu/esco/skill/44985078-6f4c-42b2-bceb-a37ea224b21d', 'http://data.europa.eu/esco/skill/7954861c-86d4-4529-afbb-2c23dab9ac74', 'http://data.europa.eu/esco/skill/8f6ed69b-29d0-4c01-81ba-f05920a185f3', 'http://data.europa.eu/esco/skill/9531fe02-1e1f-4a36-95f7-a76a77cd4b8d', 'http://data.europa.eu/esco/skill/ac802765-4098-4466-ac1e-4791f192c667', 'http://data.europa.eu/esco/skill/c09bf6d4-f8a7-40f3-aead-ef01643f2352']","['http://data.europa.eu/esco/occupation/719f101d-1866-49d3-8d5c-2256f606a8b9', 'http://data.europa.eu/esco/occupation/89b85c45-ddc7-4fe1-be5a-d3db2be11f3b', 'http://data.europa.eu/esco/occupation/a7594892-ff23-4e2a-aedf-2f967ebca15c', 'http://data.europa.eu/esco/occupation/d96de969-d43d-4082-8559-7fc35484a217', 'http://data.europa.eu/esco/occupation/f84aae41-28cc-4aa0-a0df-e7c3030516fd']","['Computer consultancy and computer facilities management activities', 'Business and other management consultancy activities', 'Wholesale of information and communication equipment', 'WHOLESALE AND RETAIL TRADE', 'Other monetary intermediation', 'Security and commodity contracts brokerage', 'Other personal service activities n.e.c.']",316,Sales Manager (Banking),"Company DescriptionWe are Netcompany-Intrasoft, a member of Netcompany Group A/S, and a leading European IT Solutions and Services company with strong international presence and expertise, dedicated to responsible digitalisation. We offer innovative and added-value solutions of the highest quality to a wide range of public and private organizations, while being a key-player in the EU Institutions for the past 30 years. We hold an outstanding record of 500+ organizations in 70+ countries, that have chosen our solutions and services, to fulfil their business needs. Our team of 3500+ professionals is our driving force and our most valuable asset.Job DescriptionEver wondered what it feels like to be a Sales Manager in Netcompany-Intrasoft?Joining us as a Sales Manager, you will part of our team and lead our efforts in the Enterprise market. This role is pivotal in in managing and growing our key enterprise accounts across various industries, ensuring the delivery of exceptional IT solutions and consulting services that meet our clients' needs.As a Sales Manager you will:Build and maintain strong, long-lasting client relationships with key stakeholders in the banking industry (Client Relationship Management).Identify opportunities to expand our services within existing accounts and secure new business within the banking vertical (Account Growth).Understand clients' business challenges and provide strategic IT solutions that deliver value and drive business outcomes (Consultative Selling).Lead & orchestrate the entire sales cycle from proposal development to contracting, ensuring a seamless process and successful closure of deals (Sales Management)Collaborate with project managers and delivery teams to ensure successful implementation of solutions and customer satisfaction (Project Oversight).Stay updated with the latest industry trends, technologies, and competitive landscape to provide informed recommendations to clients (Market insights).Achieve assigned sales targets and contribute to the overall revenue growth of the company (Revenue Targets).QualificationsWhat would make you a fit for the role:Bachelor's degree in Business, IT, or a related fieldMinimum of 10 years of account management experience in the IT services or consulting industryProven track record of managing and growing large accountsStrong understanding of banking industry challenges and opportunitiesExcellent communication, negotiation, and presentation skillsAbility to work collaboratively with cross-functional teams and influence decision-makingStrategic thinker with a customer-centric approach.Excellent command of the English language (written & oral)It would also be a plus if you match some of the following:Commercial awarenessMBA or relevant advanced degree is a plusAdditional InformationBeing a part of the Netcompany-Ιntrasoft team, you will be provided with: The opportunity to work in a modern environment & in a hybrid working modelA seamless onboarding experience and a buddy to support you on your first stepsA competitive compensation & benefits packageHealth and life insurance programMeal and commuting allowanceWell-being activities (on premises)Continuous learning opportunities using the most modern methods (unlimited access to Udemy for Business, ad-hoc trainings)A personalized development plan for targeted career growthIf you are looking forward to be part of a diverse environment, and have the opportunity to work alongside well-experienced professionals, on challenging, large-scale projects that directly impact millions of citizens around the globe, then this is the place to be!Our cultureOur people are the most important element of our success. Our work life is well defined by our set of fundamental Values: https://bit.ly/3SSbBzU  #BePartOfSomethingGreat!*Please submit your CV in EnglishAll applications will be treated as strictly confidential.",,Full-time,"Athens, Greece",EL,,,,2024-09-07,kariera.gr,151139
,"['http://data.europa.eu/esco/skill/09f2f811-a3fb-4de3-a70f-6420a6935575', 'http://data.europa.eu/esco/skill/0ee7b0d6-db98-4785-9948-f2ef415d155a', 'http://data.europa.eu/esco/skill/1af2db15-2af9-44dd-9639-bf1fc69d4c34', 'http://data.europa.eu/esco/skill/21fecc8a-392e-49ce-ac26-fb0696ccfead', 'http://data.europa.eu/esco/skill/234aeb8d-56c3-4531-9193-1c5e6a8d16cb', 'http://data.europa.eu/esco/skill/23ac233d-84ad-4517-b0f5-8ca19ba2614e', 'http://data.europa.eu/esco/skill/2450c3b3-e78e-435b-b84d-e05d984e71dc', 'http://data.europa.eu/esco/skill/2fb8480e-de3c-462b-b169-e8bbb344da68', 'http://data.europa.eu/esco/skill/33d49d4f-31ec-473f-9b8a-b555aa5116bb', 'http://data.europa.eu/esco/skill/3993c87c-7719-4186-811b-8ddfb40e76be', 'http://data.europa.eu/esco/skill/42cb7669-c371-4903-9c0b-13db67b2e4bb', 'http://data.europa.eu/esco/skill/477173ca-5fc2-406b-9122-95d92811f284', 'http://data.europa.eu/esco/skill/47a49cd6-097d-457a-9f7b-c290c14930d5', 'http://data.europa.eu/esco/skill/5b26f08b-88bc-45f0-b901-530d7786466b', 'http://data.europa.eu/esco/skill/8f6ed69b-29d0-4c01-81ba-f05920a185f3', 'http://data.europa.eu/esco/skill/941364b9-1375-4add-9889-d67bae99bc8c', 'http://data.europa.eu/esco/skill/97bd1c21-66b2-4b7e-ad0f-e3cda590e378', 'http://data.europa.eu/esco/skill/a8797f21-1af0-4c5e-98ca-bf1442929363', 'http://data.europa.eu/esco/skill/b011c8b4-76e1-4bbc-8bb9-1d205e7b618a', 'http://data.europa.eu/esco/skill/c79a6989-a73c-496b-997f-c706e1c5c52b', 'http://data.europa.eu/esco/skill/cd5efa8c-e44d-4cbc-91c6-796018dbed68', 'http://data.europa.eu/esco/skill/d83cba15-8511-4d07-b89a-9fde0d1d8241', 'http://data.europa.eu/esco/skill/ead58f22-0af5-467c-ac1e-b750e4e1ac6a', 'http://data.europa.eu/esco/skill/ec6df9cb-be92-4027-80fa-83b70aabce58', 'http://data.europa.eu/esco/skill/f08e2bd6-0366-4948-a670-1f03f130126f', 'http://data.europa.eu/esco/skill/f17f94f1-88cb-4815-873a-2a9639f10729', 'http://data.europa.eu/esco/skill/f9738fc9-4d67-43e8-bfda-954123e34d42', 'http://data.europa.eu/esco/skill/fa642fc3-5cc5-41cf-8926-6617a8b976a7']","['http://data.europa.eu/esco/occupation/53cdd34e-22f2-41bd-b3c7-de22bf9bbcae', 'http://data.europa.eu/esco/occupation/66fb9704-0d56-4673-8e69-7823816b73e1', 'http://data.europa.eu/esco/occupation/6cd08cbe-7611-4d70-8886-6c59c0385442', 'http://data.europa.eu/esco/occupation/6ce5f7e3-a534-4aa2-ab23-255408ddb53a', 'http://data.europa.eu/esco/occupation/719f101d-1866-49d3-8d5c-2256f606a8b9', 'http://data.europa.eu/esco/occupation/7819669b-30c2-42e6-a1c4-0bcd6f0379ff', 'http://data.europa.eu/esco/occupation/8cb59bc4-1f39-477e-beea-effed12d186c', 'http://data.europa.eu/esco/occupation/969f8af0-3c0d-403a-9c16-a6fb76c6b443', 'http://data.europa.eu/esco/occupation/a7c1d23d-aeca-4bee-9a08-5993ed98b135', 'http://data.europa.eu/esco/occupation/bea99fea-0383-4c63-b944-70d4799de2c5', 'http://data.europa.eu/esco/occupation/d0aa0792-4345-474b-9365-686cf4869d2e', 'http://data.europa.eu/esco/occupation/e8bbc7fd-cfa2-406f-a664-57e5024cfbc5', 'http://data.europa.eu/esco/occupation/e9507d34-c70f-474f-a4a3-d2cbfe50f6e9']","['Accommodation', 'Activities of head offices', 'Market research and public opinion polling', 'Research and experimental development on social sciences and humanities', 'Computer programming activities', 'Computer consultancy and computer facilities management activities', 'Other information technology and computer service activities', 'Business and other management consultancy activities', 'General public administration activities', 'Foreign affairs', 'Activities of extraterritorial organisations and bodies', 'Visual arts creation activities', 'Computing infrastructure, data processing, hosting and other information service activities', 'Investigation and private security activities']",317,R&D Project Manager,"Company DescriptionWe are Netcompany-Intrasoft, a member of Netcompany Group A/S, and a leading European IT Solutions and Services company with strong international presence and expertise, dedicated to responsible digitalisation. We offer innovative and added-value solutions of the highest quality to a wide range of public and private organizations, while being a key-player in the EU Institutions for the past 30 years. We hold an outstanding record of 500+ organizations in 70+ countries, that have chosen our solutions and services, to fulfil their business needs. Our team of 3500+ professionals is our driving force and our most valuable asset.Job DescriptionEver wondered what it feels like to be a Project Manager for EU R&D Projects in Athens in Netcompany-Intrasoft?Joining us as a Project Manager for EU R&D Projects, you will manage and implement R&D projects (EU R&D and Innovation projects (H2020 & Horizon Europe (HE)). The candidate is expected to have a strong background in EU R&D proposals' and projects' management, IT/software development, and technical writing.As a Project Manager for EU R&D Projects you will:Management and implementation of R&D projects (EU R&D and Innovation projects (H2020 & HE)).Assisting in the definition of project specifications, involving all relevant stakeholders/teams and ensuring technical feasibility and resource availability.Ensuring the on-time and on-budget delivery of projects.Tracking progress through a solid project plan.Implementing quality control processes.Creating and maintaining comprehensive project documentation.Managing stakeholders' relationships and expectations.Elaboration of deliverables for the technical, scientific and innovation related activities of an R&D project (state-of-art, requirements, conceptual architecture, specifications, implementation plans, innovation, exploitation, dissemination and communication planning, market analysis, business planning, etc.).Organizing the project's EU reporting tasks (activities, management, financial/costs).Active engagement in business development activities, such as conception and writing of new research proposals; Finding new ideas, calls, partners; Delivery of high-quality presentations at events; Networking; Establishing and maintaining relationships with third parties.Participation in scientific and/or business publications.Following the evolution of new technologies and identification of new concepts.Reporting and escalating to management as needed.QualificationsWhat would make you a fit for the role:PhD / MSc in IT, Computer Science or related fieldsProven experience in project management activities within software development field preferably with EU funded programsExperience in areas such as  software development and integration  , development life-cycle methodologies, software architectures, Artificial Intelligence, Big Data, Data Analytics, IoT, Transportation / Mobility, Security, Manufacturing, etc.Extensive experience with MS Project and other MS Office toolsCustomer, Quality and Results-orientationExcellent written and spoken communication skills in English, ability to negotiate, and to cooperate with international partners and clientsCompetency in technical writingStrong problem solving, organizational and presentation skillsAgility and team spiritAvailable for frequent travels & short-term missionsExcellent command of the English language (written & oral)Additional InformationBeing a part of the Netcompany-Ιntrasoft team, you will be provided with: The opportunity to work in a modern environment & in a hybrid working modelA seamless onboarding experience and a buddy to support you on your first stepsA competitive compensation & benefits packageHealth and life insurance programMeal and commuting allowanceWell-being activities (on premises)Continuous learning opportunities using the most modern methods (unlimited access to Udemy for Business, ad-hoc trainings)A personalized development plan for targeted career growthIf you are looking forward to be part of a diverse environment, and have the opportunity to work alongside well-experienced professionals, on challenging, large-scale projects that directly impact millions of citizens around the globe, then this is the place to be!Our cultureOur people are the most important element of our success. Our work life is well defined by our set of fundamental Values: https://bit.ly/3SSbBzU  #BePartOfSomethingGreat!*Please submit your CV in EnglishAll applications will be treated as strictly confidential.",,Full-time,"Athens, Greece",EL,,,,2024-09-07,kariera.gr,151138
,"['http://data.europa.eu/esco/skill/23ac233d-84ad-4517-b0f5-8ca19ba2614e', 'http://data.europa.eu/esco/skill/32db65d3-5ef3-43eb-9bf8-752c9cf0b22e', 'http://data.europa.eu/esco/skill/3993c87c-7719-4186-811b-8ddfb40e76be', 'http://data.europa.eu/esco/skill/64bd4157-5df0-4166-8259-ede237dd7cdf', 'http://data.europa.eu/esco/skill/7111b95d-0ce3-441a-9d92-4c75d05c4388', 'http://data.europa.eu/esco/skill/8f6ed69b-29d0-4c01-81ba-f05920a185f3', 'http://data.europa.eu/esco/skill/c3687b34-fe53-4db2-ad1b-5055a6c5b6fd', 'http://data.europa.eu/esco/skill/c881ddd2-9c0e-4743-bd24-36be650493dd', 'http://data.europa.eu/esco/skill/e2fea4d5-f1f4-4dea-89bb-43b1d07658af', 'http://data.europa.eu/esco/skill/f17f94f1-88cb-4815-873a-2a9639f10729']","['http://data.europa.eu/esco/occupation/2b48a4cd-2333-4abf-ac3e-6f63d6ed3663', 'http://data.europa.eu/esco/occupation/719f101d-1866-49d3-8d5c-2256f606a8b9', 'http://data.europa.eu/esco/occupation/b09acdda-6680-49d1-a411-129610ee3bc0', 'http://data.europa.eu/esco/occupation/bea99fea-0383-4c63-b944-70d4799de2c5']","['Technical testing and analysis', 'Computer consultancy and computer facilities management activities', 'Business and other management consultancy activities', 'Activities of head offices']",318,Technical Project Manager,"Company DescriptionWe are Netcompany-Intrasoft, a member of Netcompany Group A/S, and a leading European IT Solutions and Services company with strong international presence and expertise, dedicated to responsible digitalisation. We offer innovative and added-value solutions of the highest quality to a wide range of public and private organizations, while being a key-player in the EU Institutions for the past 30 years. We hold an outstanding record of 500+ organizations in 70+ countries, that have chosen our solutions and services, to fulfil their business needs. Our team of 3500+ professionals is our driving force and our most valuable asset.Job DescriptionEver wondered what it feels like to be a Technical Project Manager  in Netcompany-Intrasoft?Joining us as a Technical Project Manager, you will be part of a vibrant and highly skilled agile team that designs, develop, deploy, customize, and support our IT projects while you will have the opportunity to be exposed to a wide variety of services and technologies. As a Technical Project Manager you will:Perform project management for multiple projects, including, planning, the definition of tasks and deliverables, review of project deliverables, quality control, risk analysis & management, status reports, problem reporting & management, follow upDraft project management deliverables such as the Business Case, Project Strategy or Vision documentsDevelop a detailed project plan and track activities against plan providing regular, accurate, and timely reportsParticipate in functional and technical working groups and progress meetingsEnsure delivery of projects on time, within the scope, and within budget; manage successfully any changes that may arise. Manage and minimize the potential risks of the projectsCreate and maintain comprehensive project documentationCoordinate effectively the project team (including external stakeholders) ensuring that team members are motivatedAct as liaison with the customer and sub-contractorsQualificationsWhat would make you a fit for the role:Degree in Management or Finance or Information Technology or other relevant disciplinesProblem-solving mindset and adaptabilityCustomer, quality and results-oriented approach Good communication skills and Teamworking spiritExcellent command of the English language (written & oral)It would also be a plus if you match some of the following:Commercial awarenessA PMI CertificationAdditional InformationBeing a part of the Netcompany-Ιntrasoft team, you will be provided with: The opportunity to work in a modern environment & in a hybrid working modelA seamless onboarding experience and a buddy to support you on your first stepsA competitive compensation & benefits packageHealth and life insurance programMeal and commuting allowanceWell-being activities (on premises)Continuous learning opportunities using the most modern methods (unlimited access to Udemy for Business, ad-hoc trainings)A personalized development plan for targeted career growthIf you are looking forward to be part of a diverse environment, and have the opportunity to work alongside well-experienced professionals, on challenging, large-scale projects that directly impact millions of citizens around the globe, then this is the place to be!Our cultureOur people are the most important element of our success. Our work life is well defined by our set of fundamental Values: https://bit.ly/3SSbBzU  #BePartOfSomethingGreat!*Please submit your CV in EnglishAll applications will be treated as strictly confidential.",,Full-time,"Athens, Greece",EL,,,,2024-09-07,kariera.gr,151137
,"['http://data.europa.eu/esco/skill/0daaf096-1639-461c-bf1a-bbeea77e6b67', 'http://data.europa.eu/esco/skill/3c76296d-4bbd-44ba-8eaa-95bf275f79b7', 'http://data.europa.eu/esco/skill/477173ca-5fc2-406b-9122-95d92811f284', 'http://data.europa.eu/esco/skill/4df7a57a-9405-4995-8e02-4ca404832247', 'http://data.europa.eu/esco/skill/75d8e5d9-bef3-418b-9011-01bff9f27207', 'http://data.europa.eu/esco/skill/8c6feedd-339f-4dba-b28a-dae84c759853', 'http://data.europa.eu/esco/skill/8d4271ca-c9fd-40b3-875f-15f78332a49e', 'http://data.europa.eu/esco/skill/e24377fb-020b-4430-8bed-86dd539bbf3a']","['http://data.europa.eu/esco/occupation/8b6388a4-4904-471b-9331-d3b1211f5525', 'http://data.europa.eu/esco/occupation/b09acdda-6680-49d1-a411-129610ee3bc0']","['Computing infrastructure, data processing, hosting and other information service activities', 'Activities of head offices']",350,IT Project Manager (Heraklion | Crete or Athens),"Cosmos Sport SA, member of JD Sports Fashion Plc, founded in September of 1982. First store opened in Heraklion-Crete and since then the network expanded 91 further physical stores in Greece & Cyprus, 6 retail brands (JD Sports, Cosmos Sport, Sneaker10, Sports Factory, Slamdunk, Rundome) 9 on-line shops and thousands of happy customers in Greece and Cyprus. Cosmos Sport is a constantly growing omnichannel company with a strong passion for sportswear, street style and limited items. Our team consists of 1600+ highly skilled, self-motivated young people, who love sports and have a passion for innovation! We are proud that Cosmossport.gr is now the No1 on-line store in the industry also selling abroad, having been awarded for 7 consecutive years as the best online sports shop in the country in e-volution Awards. We are excited being a preferred partner for global brands like Nike, Adidas, Reebok in the SEE.We are looking for an IT Project Manager to join the IT team, based in Heraklion, Crete or Athens!As an IT Project Manager you will oversee IT projects from start to finish, coordinating teams, resources, and stakeholders. You'll be responsible for planning, executing, and monitoring project progress, managing risks and budgets, ensuring quality, and aligning IT initiatives with business goals. This position requires a blend of technical knowledge, leadership skills, and the ability to effectively communicate across all levels of our organization to deliver successful technology solutions. If you're a driven professional with a track record of managing complex IT projects, we want to hear from you. Apply now to help shape our technological future!Responsibilities Plan and execute IT projects from start to finish Develop project schedules, budgets, and resource plans Lead cross-functional teams and manage stakeholders Monitor progress, risks, and quality Ensure timely project delivery within budget Prepare status reports for management Manage vendor relationships Implement change control processes Align projects with organizational goals Ensure compliance with IT policies and regulations Requirements Bachelor's degree in IT / Computer Science / Business Administration or related field At least 2 years experience in IT Project Management Proven track record of successfully delivering complex IT projects Excellent team management abilities Analytical and problem-solving skills  Good written and verbal communication skills Budgeting and resource allocation experience Experience with project management software Ability to work under pressure and meet deadlines Fluency in English and solid presentation skills BenefitsWhy You’ll Love It Here Competitive compensation package Career development opportunities & education programs Up to 75% discount at the European University of Cyprus (face-to-face or online attendance) One day off, part of our ""parents’ day off"" program Flexitime for working parents: Open Work from Home Anytime- Anywhere you need Generous employee discount in all our brands (JD Sports, Cosmos Sport, Sneaker10, Slamdunk, Sportsfactory, Rundome) Extras, discounts and perks - Being a valued member of Cosmos Sport team means a lot to us! We offer a variety of 100+ cool extras link here!  At Cosmos Sport, we are committed to providing a great place to work for all of our people, without regard to race, religion, color, sex, national origin, age, sexual orientations, genders, or disability.",Mid-level,Full-time,"Heraklion, Greece",EL,,,,2024-09-07,kariera.gr,168523
,"['http://data.europa.eu/esco/skill/08591546-e9bc-47fc-97b3-8663b3713a5f', 'http://data.europa.eu/esco/skill/113b4428-0a31-4199-8496-070af7854b91', 'http://data.europa.eu/esco/skill/385479b7-5da5-4367-9763-0d15b41bb65b', 'http://data.europa.eu/esco/skill/3993c87c-7719-4186-811b-8ddfb40e76be', 'http://data.europa.eu/esco/skill/64db87c7-2360-4e20-88d3-d222402e477c', 'http://data.europa.eu/esco/skill/9cf681c7-89ec-470c-b651-7fe03786f586', 'http://data.europa.eu/esco/skill/a80fb090-63f4-4b05-83a5-2f090deb7757', 'http://data.europa.eu/esco/skill/b34a15fe-dc14-43eb-9eb3-c227238a029c', 'http://data.europa.eu/esco/skill/ecee574b-4332-4cb4-b81c-d7ac71a0e2e2', 'http://data.europa.eu/esco/skill/ed57378a-2b27-4d80-8701-124e559cf17d', 'http://data.europa.eu/esco/skill/f683ae1d-cb7c-4aa1-b9fe-205e1bd23535']","['http://data.europa.eu/esco/occupation/5fd2980e-22c4-4ace-a394-190c76f4f539', 'http://data.europa.eu/esco/occupation/8c8b5cba-14b2-4728-b22c-eb90f1786e00', 'http://data.europa.eu/esco/isco/C3252']","['Computing infrastructure, data processing, hosting and other information service activities', 'General medical practice activities']",356,"​​Associate Central Monitor, Data Surveillance, Clinical Data Sciences​","Why Patients Need You
Pfizer Worldwide Medical and Safety colleagues play a key role in connecting evidenced based, medical decision support with colleagues and stakeholders to enable better health and treatment outcomes. Whether you are creating framework necessary to ensure our evidence is scientifically sound, providing unbiased, medically necessary expertise or investigating how to close gaps in data, our mission is simple. Empower healthcare decisions regarding the safe and appropriate use of medicines for patients.




What You Will Achieve
It is our mission to strengthen the oversight of our clinical data through stronger ownership, control, and visibility. You will play an important role in processing, reviewing and receiving clinical data and records and from therapeutic groups as well as internal and outside investigators. You will ensure that accurate, timely, and consistent data reaches the clinical teams and other groups. You will be relied on for data management plans including data preparation and validation activities, among others.As an Associate, your focus on the job will contribute in achieving project tasks and goals. Through your domain knowledge and commitment, you will create a collaborative team environment for your colleagues.It is your commitment and hard work that will help make Pfizer ready to achieve new milestones and help patients across the globe.
How You Will Achieve It

Contribute to completion of project milestones and organize own work to meet project task deadlines.
Participate in Data Monitoring and Management (DMM) activities including data review and query management.
Ensure quality database design including documentation, testing, validation, and implementation of clinical data collection tools, and/or other data collection systems.
Serve as the first Point of Contact for customers needing assistance with Clinical Trial Management System (CTMS) questions and issues.
Ensure work is carried out in accordance with applicable Standard Operating Procedures (SOPs) and working practices.
Investigate logic check flags, utilizing system information, as well as applicable study documentation.
Liaise with Study Team Point of Contact, Document Owners, Trial master file (TMF) Study Owners and/or other end users to resolve document related discrepancies and issues.
Identify and investigate any potential discrepancies and review findings with the study team Point of Contact to verify.
Contribute to process improvement and additional project that may arise.





Qualifications
Must-Have

Bachelor's Degree in relevant field.
Demonstrated experience or knowledge of ICH/GCP (International Council for Harmonization/ Good Clinical Practice) documentation requirements.
Hands-on experience with electronic documentation management systems and/or web based data management systems.
Awareness of clinical development process including knowledge and understanding of the principles of Good Clinical Practice.
Understanding of regulatory requirements and relevant data standards.
Consistent, detail-oriented, and dedicated to excellence.
Strong oral and written English communications skills.
Proficiency in the use of Microsoft Office Suite of tools.

Nice-to-Have

Experience in management of medical and clinical study records and documentation.




Pfizer is an equal opportunity employer and complies with all applicable equal employment opportunity legislation in each jurisdiction in which it operates.To apply please visit our website www.pfizercareers.com and search job ​​Associate Central Monitor, Data Surveillance, Clinical Data Sciences​ with id 4916839.",Senior,Full-time,"Thessaloniki, Greece",EL,,,,2024-09-07,kariera.gr,168515
,"['http://data.europa.eu/esco/skill/02e22093-3436-46a8-8dc5-b041bc4800cc', 'http://data.europa.eu/esco/skill/04f1b938-d4d4-4cb1-a863-982af76b9d93', 'http://data.europa.eu/esco/skill/0b144726-21c2-46ed-8d13-c03d27f61604', 'http://data.europa.eu/esco/skill/19a8293b-8e95-4de3-983f-77484079c389', 'http://data.europa.eu/esco/skill/1af2db15-2af9-44dd-9639-bf1fc69d4c34', 'http://data.europa.eu/esco/skill/367c240d-5f34-423a-86b1-866ad27206ea', 'http://data.europa.eu/esco/skill/3ec2e4d6-7000-4905-bf1a-c5b1679416de', 'http://data.europa.eu/esco/skill/65e58886-bd1e-4c5b-8ca5-8d9b353c8aa1', 'http://data.europa.eu/esco/skill/68ef0e4d-5542-4e64-84f4-752cce5a3c22', 'http://data.europa.eu/esco/skill/75b30aeb-34c0-40f4-b77d-271d75a98b14', 'http://data.europa.eu/esco/skill/adc6dc11-3376-467b-96c5-9b0a21edc869', 'http://data.europa.eu/esco/skill/c69587b4-05d3-45bb-b79b-9b85e6603fc2', 'http://data.europa.eu/esco/skill/ccd0a1d9-afda-43d9-b901-96344886e14d', 'http://data.europa.eu/esco/skill/cd5efa8c-e44d-4cbc-91c6-796018dbed68', 'http://data.europa.eu/esco/skill/f3c5fae0-c0e3-4410-bc09-62bd82d4cecc']","['http://data.europa.eu/esco/occupation/0f845e64-de8b-431e-9fe3-1bccf8e1c5b9', 'http://data.europa.eu/esco/occupation/234be692-befb-41df-bdf0-e1b2f4eaf5e7', 'http://data.europa.eu/esco/occupation/3cbbdb83-7c36-4ae5-8c45-6c284186f477', 'http://data.europa.eu/esco/occupation/8cb59bc4-1f39-477e-beea-effed12d186c', 'http://data.europa.eu/esco/occupation/b11e1742-5e28-4270-b081-b0193d85ee7d', 'http://data.europa.eu/esco/occupation/bea99fea-0383-4c63-b944-70d4799de2c5', 'http://data.europa.eu/esco/occupation/d3edb8f8-3a06-47a0-8fb9-9b212c006aa2', 'http://data.europa.eu/esco/occupation/e297ec12-4712-40a4-ad98-ba004cacb205', 'http://data.europa.eu/esco/occupation/ef909843-97c6-4c48-8038-2e7aefdfcad5']","['Manufacture of basic pharmaceutical products and pharmaceutical preparations', 'Amusement and recreation activities n.e.c.', 'Manufacture of medical and dental instruments and supplies', 'Industrial product and fashion design activities', 'Computer consultancy and computer facilities management activities', 'Computer programming activities', 'Computing infrastructure, data processing, hosting and related activities', 'Activities of head offices', 'Business and other management consultancy activities', 'Computing infrastructure, data processing, hosting and other information service activities', 'Hospital activities']",360,"Central Monitor Data Analyst, Senior Associate- Risk Based Monitoring","Pfizer careers are like no other. In our culture of individual ownership, we believe in our ability to improve future healthcare, and potential to transform millions of lives. We’re looking for new talent to join our global community, to unearth new innovative therapies that make the world a healthier place.




The Senior Associate, Central Monitor is responsible for ensuring the completeness, quality, and integrity of the subject data in the clinical trial database under Risk Based Monitoring (RBM) mode. The areas of activity include but are not limited to: developing Risk-Based Monitoring system for applicable studies, ensuring key risk indicators (KRIs) properly defined and set up in the system to support the study, processing and reviewing study data in the system for the signal and action management, follow up for the issue resolution. The Senior Associate, Central Monitor ensures risk-based monitoring activities comply with regulations, applicable Standard Operating Procedures (SOPs) and Processes at all times and is familiar with supported systems (RBM system, etc.) and able to troubleshoot and provide rapid response for all database issues. The Senior Associate, Central Monitor ensures quality oversight/control steps implemented in the central monitor activities. The Senior Associate, Central Monitor works with the global study team to meet the study objectives.




Must-Have:• Bachelor’s degree or above or equivalent experience in a scientific or business-related discipline required.• 2-4 years working experience in the clinical development fields.• Working knowledge of clinical development process, understanding concepts of Phase I-IV and principles of study design.• Previous experience within a data management role, understanding key processes and principles associated with role including CRF design, database set-up, edit check specification, DMPs and data cleaning activities.• Knowledge of clinical trial database and its applications.• Works independently, receives instruction primarily on unusual situations.• Ability to organize tasks, time and priorities; ability to multi-task.• Ability to communicate effectively and appropriately with internal & external stakeholders, locally and globally.• Knowledge of Windows Environment and its applications (Word, Excel, PowerPoint, Project, etc.).• Technical expertise and business experience in supporting clinical trials database development, data management, site monitoring, etc.• Thorough understanding of the processes associated with clinical study management, data management, and regulatory operations.• Project management skills and technical capabilities as well as effective verbal and written communication skills in relating to colleagues and associates both inside and outside the organization.• Good understanding of the state-of-the-art technologies to evaluate and leverage them into improved business processes for worldwide deployment and adoption.Nice-to-Have:• Master's degree.• Relevant pharmaceutical industry experience.• Experience in Oracle, PL/SQL, SAS, R/R-Shiny, Python, Java, relational database design and database programming skills.• Experience using data visualization tools.• Proficient experience using commercial clinical data management systems and/or EDC products.• Awareness of regulatory requirements and relevant data standards.• Knowledge of basic statistical principles and statistical methodology.• Routine problem-solving skills, developing the ability to solve complex problems using skills based on experience and extrapolation to new situations.• Experience in developing successful partnerships within study teams.



PurposeBreakthroughs that change patients' lives... At Pfizer we are a patient centric company, guided by our four values: courage, joy, equity and excellence. Our breakthrough culture lends itself to our dedication to transforming millions of lives.Digital Transformation StrategyOne bold way we are achieving our purpose is through our company wide digital transformation strategy. We are leading the way in adopting new data, modelling and automated solutions to further digitize and accelerate drug discovery and development with the aim of enhancing health outcomes and the patient experience.FlexibilityWe aim to create a trusting, flexible workplace culture which encourages employees to achieve work life harmony, attracts talent and enables everyone to be their best working self. Let’s start the conversation!Equal Employment OpportunityWe believe that a diverse and inclusive workforce is crucial to building a successful business. As an employer, Pfizer is committed to celebrating this, in all its forms – allowing for us to be as diverse as the patients and communities we serve. Together, we continue to build a culture that encourages, supports and empowers our employees.Disability InclusionOur mission is unleashing the power of all our people and we are proud to be a disability inclusive employer, ensuring equal employment opportunities for all candidates. We encourage you to put your best self forward with the knowledge and trust that we will make any reasonable adjustments to support your application and future career. Your journey with Pfizer starts here!",Mid-level,Full-time,"Thessaloniki, Greece",EL,,,,2024-09-07,kariera.gr,168512
,"['http://data.europa.eu/esco/skill/0b144726-21c2-46ed-8d13-c03d27f61604', 'http://data.europa.eu/esco/skill/0ee94c0a-3716-494a-95a2-dcbab9e58be2', 'http://data.europa.eu/esco/skill/477173ca-5fc2-406b-9122-95d92811f284', 'http://data.europa.eu/esco/skill/633a3637-2c6b-40ae-ac38-289eb2a62aa6', 'http://data.europa.eu/esco/skill/758a4e08-3133-4dd5-893e-b4067a67344f', 'http://data.europa.eu/esco/skill/9531fe02-1e1f-4a36-95f7-a76a77cd4b8d', 'http://data.europa.eu/esco/skill/adc6dc11-3376-467b-96c5-9b0a21edc869', 'http://data.europa.eu/esco/skill/e76dd90d-91c4-49c0-bfd0-dfa2c4c90c81']","['http://data.europa.eu/esco/occupation/456ed487-02f2-45c9-9213-d0fd8e9a069d', 'http://data.europa.eu/esco/occupation/6a29d804-f775-446c-bec7-35fc4e28ac97', 'http://data.europa.eu/esco/occupation/fe0fa514-b48d-4a53-9757-a283c0baacf0', 'http://data.europa.eu/esco/isco/C2512']","['Computer programming activities', 'Computer consultancy and computer facilities management activities', 'Business and other management consultancy activities', 'Other information service activities']",367,Software Development Business Analyst (e-Health &  e-Government Sector) Athens,"About Sigmasoft S.A. 
Sigmasoft S.A. is an innovative software development company providing state-of-the-art software solutions and services for the e-Health &  e-Government Sector.
What You Will Be Doing
We are looking for a Business Analyst to join our team, to ensure the optimal delivery of software products, aiming to maximize the value that our clients get from our products and bring measurable improvements to our business performance.
Responsibilities:

Drive business analysis to identify requirements and ensure client’s business processes are addressed from software solutions
Define configuration specifications and business analysis requirements. Communicate specifications and solutions to the Clients to a clear way
Plan and effectively conduct Key/End users’ trainings
Plan, prepare and monitor User Acceptance Test (UAT), support Client during execution and selectively execute Business Scenarios where necessary
Provide post production support to ensure smooth transition to Service Management after go live.
Carry out reporting and communication to all related stakeholders throughout the project stages
Own and develop trusted relationship with our clients, working close with them to maximize client satisfaction from our services and solutions
Constantly be on the outlook for ways to improve monitoring, discover issues and deliver better value to the client and
Communicate key insights and findings to product team that drives and evolves software solutions.

What You Will Need to Succeed

BSc or MSc in Computer Science or equivalent
2+ years’ experience in business analysis or software application consulting
Strong communication and interpersonal skills
Excellent client facing, analytical and problem-solving skills
Solid organizational skills, attention to detail and multi-tasking skills
Competency in technical training and presentations to engage in discussions with both the business and technology functions at client organizations
Enjoy working within agile/scrum-based team
Great energy level and enjoy working in full software development lifecycle, from concept and design to testing.
PMI-PBA or CBAP certification will be considered an asset.

What we offer

Competitive base salary
Private medical insurance coverage
Full-time long-term co-operation
Outstanding on the job training opportunities
Outstanding working environment
Outstanding career opportunities",Mid-level,Full-time,"Athens, Greece",EL,,,,2024-09-07,kariera.gr,165955
,"['http://data.europa.eu/esco/skill/0b144726-21c2-46ed-8d13-c03d27f61604', 'http://data.europa.eu/esco/skill/0ee94c0a-3716-494a-95a2-dcbab9e58be2', 'http://data.europa.eu/esco/skill/477173ca-5fc2-406b-9122-95d92811f284', 'http://data.europa.eu/esco/skill/633a3637-2c6b-40ae-ac38-289eb2a62aa6', 'http://data.europa.eu/esco/skill/758a4e08-3133-4dd5-893e-b4067a67344f', 'http://data.europa.eu/esco/skill/9531fe02-1e1f-4a36-95f7-a76a77cd4b8d', 'http://data.europa.eu/esco/skill/adc6dc11-3376-467b-96c5-9b0a21edc869', 'http://data.europa.eu/esco/skill/e76dd90d-91c4-49c0-bfd0-dfa2c4c90c81']","['http://data.europa.eu/esco/occupation/456ed487-02f2-45c9-9213-d0fd8e9a069d', 'http://data.europa.eu/esco/occupation/6a29d804-f775-446c-bec7-35fc4e28ac97', 'http://data.europa.eu/esco/occupation/fe0fa514-b48d-4a53-9757-a283c0baacf0', 'http://data.europa.eu/esco/isco/C2512']","['Computer programming activities', 'Computer consultancy and computer facilities management activities', 'Business and other management consultancy activities', 'Other information service activities']",369,Software Development Business Analyst (e-Health &  e-Government Sector) Thessaloniki,"About Sigmasoft S.A. 
Sigmasoft S.A. is an innovative software development company providing state-of-the-art software solutions and services for the e-Health &  e-Government Sector.
What You Will Be Doing
We are looking for a Business Analyst to join our team, to ensure the optimal delivery of software products, aiming to maximize the value that our clients get from our products and bring measurable improvements to our business performance.
Responsibilities:

Drive business analysis to identify requirements and ensure client’s business processes are addressed from software solutions
Define configuration specifications and business analysis requirements. Communicate specifications and solutions to the Clients to a clear way
Plan and effectively conduct Key/End users’ trainings
Plan, prepare and monitor User Acceptance Test (UAT), support Client during execution and selectively execute Business Scenarios where necessary
Provide post production support to ensure smooth transition to Service Management after go live.
Carry out reporting and communication to all related stakeholders throughout the project stages
Own and develop trusted relationship with our clients, working close with them to maximize client satisfaction from our services and solutions
Constantly be on the outlook for ways to improve monitoring, discover issues and deliver better value to the client and
Communicate key insights and findings to product team that drives and evolves software solutions.

What You Will Need to Succeed

BSc or MSc in Computer Science or equivalent
2+ years’ experience in business analysis or software application consulting
Strong communication and interpersonal skills
Excellent client facing, analytical and problem-solving skills
Solid organizational skills, attention to detail and multi-tasking skills
Competency in technical training and presentations to engage in discussions with both the business and technology functions at client organizations
Enjoy working within agile/scrum-based team
Great energy level and enjoy working in full software development lifecycle, from concept and design to testing.
PMI-PBA or CBAP certification will be considered an asset.

What we offer

Competitive base salary
Private medical insurance coverage
Full-time long-term co-operation
Outstanding on the job training opportunities
Outstanding working environment
Outstanding career opportunities",Mid-level,Full-time,"Thessaloniki, Greece",EL,,,,2024-09-07,kariera.gr,165957
,"['http://data.europa.eu/esco/skill/02e22093-3436-46a8-8dc5-b041bc4800cc', 'http://data.europa.eu/esco/skill/04f1b938-d4d4-4cb1-a863-982af76b9d93', 'http://data.europa.eu/esco/skill/0b144726-21c2-46ed-8d13-c03d27f61604', 'http://data.europa.eu/esco/skill/19a8293b-8e95-4de3-983f-77484079c389', 'http://data.europa.eu/esco/skill/1af2db15-2af9-44dd-9639-bf1fc69d4c34', 'http://data.europa.eu/esco/skill/367c240d-5f34-423a-86b1-866ad27206ea', 'http://data.europa.eu/esco/skill/3ec2e4d6-7000-4905-bf1a-c5b1679416de', 'http://data.europa.eu/esco/skill/65e58886-bd1e-4c5b-8ca5-8d9b353c8aa1', 'http://data.europa.eu/esco/skill/68ef0e4d-5542-4e64-84f4-752cce5a3c22', 'http://data.europa.eu/esco/skill/75b30aeb-34c0-40f4-b77d-271d75a98b14', 'http://data.europa.eu/esco/skill/adc6dc11-3376-467b-96c5-9b0a21edc869', 'http://data.europa.eu/esco/skill/c69587b4-05d3-45bb-b79b-9b85e6603fc2', 'http://data.europa.eu/esco/skill/ccd0a1d9-afda-43d9-b901-96344886e14d', 'http://data.europa.eu/esco/skill/cd5efa8c-e44d-4cbc-91c6-796018dbed68', 'http://data.europa.eu/esco/skill/f3c5fae0-c0e3-4410-bc09-62bd82d4cecc']","['http://data.europa.eu/esco/occupation/0f845e64-de8b-431e-9fe3-1bccf8e1c5b9', 'http://data.europa.eu/esco/occupation/234be692-befb-41df-bdf0-e1b2f4eaf5e7', 'http://data.europa.eu/esco/occupation/3cbbdb83-7c36-4ae5-8c45-6c284186f477', 'http://data.europa.eu/esco/occupation/8cb59bc4-1f39-477e-beea-effed12d186c', 'http://data.europa.eu/esco/occupation/b11e1742-5e28-4270-b081-b0193d85ee7d', 'http://data.europa.eu/esco/occupation/bea99fea-0383-4c63-b944-70d4799de2c5', 'http://data.europa.eu/esco/occupation/d3edb8f8-3a06-47a0-8fb9-9b212c006aa2', 'http://data.europa.eu/esco/occupation/e297ec12-4712-40a4-ad98-ba004cacb205', 'http://data.europa.eu/esco/occupation/ef909843-97c6-4c48-8038-2e7aefdfcad5']","['Manufacture of basic pharmaceutical products and pharmaceutical preparations', 'Amusement and recreation activities n.e.c.', 'Manufacture of medical and dental instruments and supplies', 'Industrial product and fashion design activities', 'Computer consultancy and computer facilities management activities', 'Computer programming activities', 'Computing infrastructure, data processing, hosting and related activities', 'Activities of head offices', 'Business and other management consultancy activities', 'Computing infrastructure, data processing, hosting and other information service activities', 'Hospital activities']",372,"Central Monitor Data Analyst, Senior Associate- Risk Based Monitoring","Pfizer careers are like no other. In our culture of individual ownership, we believe in our ability to improve future healthcare, and potential to transform millions of lives. We’re looking for new talent to join our global community, to unearth new innovative therapies that make the world a healthier place.




The Senior Associate, Central Monitor is responsible for ensuring the completeness, quality, and integrity of the subject data in the clinical trial database under Risk Based Monitoring (RBM) mode. The areas of activity include but are not limited to: developing Risk-Based Monitoring system for applicable studies, ensuring key risk indicators (KRIs) properly defined and set up in the system to support the study, processing and reviewing study data in the system for the signal and action management, follow up for the issue resolution. The Senior Associate, Central Monitor ensures risk-based monitoring activities comply with regulations, applicable Standard Operating Procedures (SOPs) and Processes at all times and is familiar with supported systems (RBM system, etc.) and able to troubleshoot and provide rapid response for all database issues. The Senior Associate, Central Monitor ensures quality oversight/control steps implemented in the central monitor activities. The Senior Associate, Central Monitor works with the global study team to meet the study objectives.




Must-Have:• Bachelor’s degree or above or equivalent experience in a scientific or business-related discipline required.• 2-4 years working experience in the clinical development fields.• Working knowledge of clinical development process, understanding concepts of Phase I-IV and principles of study design.• Previous experience within a data management role, understanding key processes and principles associated with role including CRF design, database set-up, edit check specification, DMPs and data cleaning activities.• Knowledge of clinical trial database and its applications.• Works independently, receives instruction primarily on unusual situations.• Ability to organize tasks, time and priorities; ability to multi-task.• Ability to communicate effectively and appropriately with internal & external stakeholders, locally and globally.• Knowledge of Windows Environment and its applications (Word, Excel, PowerPoint, Project, etc.).• Technical expertise and business experience in supporting clinical trials database development, data management, site monitoring, etc.• Thorough understanding of the processes associated with clinical study management, data management, and regulatory operations.• Project management skills and technical capabilities as well as effective verbal and written communication skills in relating to colleagues and associates both inside and outside the organization.• Good understanding of the state-of-the-art technologies to evaluate and leverage them into improved business processes for worldwide deployment and adoption.Nice-to-Have:• Master's degree.• Relevant pharmaceutical industry experience.• Experience in Oracle, PL/SQL, SAS, R/R-Shiny, Python, Java, relational database design and database programming skills.• Experience using data visualization tools.• Proficient experience using commercial clinical data management systems and/or EDC products.• Awareness of regulatory requirements and relevant data standards.• Knowledge of basic statistical principles and statistical methodology.• Routine problem-solving skills, developing the ability to solve complex problems using skills based on experience and extrapolation to new situations.• Experience in developing successful partnerships within study teams.




PurposeBreakthroughs that change patients' lives... At Pfizer we are a patient centric company, guided by our four values: courage, joy, equity and excellence. Our breakthrough culture lends itself to our dedication to transforming millions of lives.Digital Transformation StrategyOne bold way we are achieving our purpose is through our company wide digital transformation strategy. We are leading the way in adopting new data, modelling and automated solutions to further digitize and accelerate drug discovery and development with the aim of enhancing health outcomes and the patient experience.FlexibilityWe aim to create a trusting, flexible workplace culture which encourages employees to achieve work life harmony, attracts talent and enables everyone to be their best working self. Let’s start the conversation!Equal Employment OpportunityWe believe that a diverse and inclusive workforce is crucial to building a successful business. As an employer, Pfizer is committed to celebrating this, in all its forms – allowing for us to be as diverse as the patients and communities we serve. Together, we continue to build a culture that encourages, supports and empowers our employees.Disability InclusionOur mission is unleashing the power of all our people and we are proud to be a disability inclusive employer, ensuring equal employment opportunities for all candidates. We encourage you to put your best self forward with the knowledge and trust that we will make any reasonable adjustments to support your application and future career. Your journey with Pfizer starts here!",Mid-level,Full-time,"Thessaloniki, Greece",EL,,,,2024-09-07,kariera.gr,168508
,"['http://data.europa.eu/esco/skill/07e51c60-763a-4335-b4ec-70a15f66d328', 'http://data.europa.eu/esco/skill/23ac233d-84ad-4517-b0f5-8ca19ba2614e', 'http://data.europa.eu/esco/skill/7111b95d-0ce3-441a-9d92-4c75d05c4388', 'http://data.europa.eu/esco/skill/e747e77e-0ea1-4001-8b07-1d11946b5f1b']",['http://data.europa.eu/esco/occupation/bea99fea-0383-4c63-b944-70d4799de2c5'],"['Activities of head offices', 'Business and other management consultancy activities']",391,Bid Manager,"Company DescriptionWe are Netcompany-Intrasoft, a leading European IT Solutions and Services Group with strong international presence and expertise, offering innovative and added-value solutions of the highest quality to a wide range of international and national public and private organizations. More than 500 organizations in over 70 countries worldwide have chosen the company's services and solutions to fulfill their business needs. For more information regarding our company, current projects, and openings around Europe, please consult our website: www.netcompany-intrasoft.com.Job DescriptionWhat does it feel like to be a Bid Manager in Netcompany-Intrasoft?As a Bid Manager you will: • Organize and be responsible for the construction and delivery of Public Sector bids • Understands the features of our key solutions. Understands the impact of different technologies on our solutions • Organize and drive bid workshops with customers and partners • Can quickly understand new relevant business domainsQualificationsWhat would make you a fit for the role: • Technical/ Engineering/Science academic background • Project management and Organizational skills • Willingness to travel • Excellent command of English language (oral, written), command of French language would be considered a plus • Ability to work effectively as member of a team • Excellent communication and interpersonal skills • Strong presentation skills • Experience in Presales/Bid Management positions • Knowledge or active interest in the latest advancements of applied science and in the international technology innovation activities • Strong willingness to operate outside their existing comfort knowledge zone and support multidisciplinary activitiesAdditional InformationBeing a part of the Netcompany-Ιntrasoft team, you will be provided with: The opportunity to work in a modern environment & in a hybrid working modelA seamless onboarding experience and a buddy to support you on your first stepsA competitive compensation & benefits packageHealth and life insurance programMeal and commuting allowanceWell-being activities (on premises)Continuous learning opportunities using the most modern methods (unlimited access to Udemy for Business, ad-hoc trainings)A personalized development plan for targeted career growthIf you are looking forward to be part of a diverse environment, and have the opportunity to work alongside well-experienced professionals, on challenging, large-scale projects that directly impact millions of citizens around the globe, then this is the place to be!By joining Netcompany-Intrasoft Athens, you will be part of a vivid team of 2000+ tech enthusiasts. When at the office you will have the chance to work at our brand-new, state-of-the-art, sustainable offices, located in 3 different spots in Athens!Our cultureOur people are the most important element of our success. Our work life is well defined by our set of fundamental Values: https://netcompany.com/careers/greece/our-values/ #BePartOfSomethingGreat!Please submit your CV in English. All applications will be treated as strictly confidential.We ensure equal opportunities, treatment, and consideration to all candidates. Discrimination based on sex, racial or ethnic origin, religion or belief, disability, age, sexual orientation or marital status, physical or mental disability, or any other factor protected by applicable laws and regulations is prohibited. As part of the Netcompany-Intrasoft culture, we respect human rights and focus on creating a positive workplace, where all employees are valued, and where diversity and inclusion are a vital part of our our everyday working experience.",,Full-time,"Athens, Greece",EL,,,,2024-09-07,kariera.gr,168488
,"['http://data.europa.eu/esco/skill/0b144726-21c2-46ed-8d13-c03d27f61604', 'http://data.europa.eu/esco/skill/113b4428-0a31-4199-8496-070af7854b91', 'http://data.europa.eu/esco/skill/128f0b4c-8da7-467b-9196-7c691e067a1e', 'http://data.europa.eu/esco/skill/15d76317-c71a-4fa2-aadc-2ecc34e627b7', 'http://data.europa.eu/esco/skill/1835a7c1-600e-4b16-a0af-fb4f7d8d77b9', 'http://data.europa.eu/esco/skill/277f489c-7a47-4791-bd87-61ca01737f96', 'http://data.europa.eu/esco/skill/2a0efd9a-4a60-4edc-8561-f2754d24eeb8', 'http://data.europa.eu/esco/skill/3d427a49-4f85-42cd-8a92-62d4a34f41a1', 'http://data.europa.eu/esco/skill/43ae58b9-5e56-4524-b45a-b422777a0576', 'http://data.europa.eu/esco/skill/4dafe480-f2ae-46b5-bd5e-8d4e538f50c7', 'http://data.europa.eu/esco/skill/91abe492-18be-4cce-93c7-0dca07072363', 'http://data.europa.eu/esco/skill/a89a94fb-c417-49b4-a9a9-9a22e0f12697', 'http://data.europa.eu/esco/skill/c6e05357-9a38-46d1-89e3-a6e7abcbdd1c', 'http://data.europa.eu/esco/skill/cd5efa8c-e44d-4cbc-91c6-796018dbed68', 'http://data.europa.eu/esco/skill/d83cba15-8511-4d07-b89a-9fde0d1d8241', 'http://data.europa.eu/esco/skill/ea4ebfa1-e17a-4416-ac54-955f33e6ade7', 'http://data.europa.eu/esco/skill/f683ae1d-cb7c-4aa1-b9fe-205e1bd23535']","['http://data.europa.eu/esco/occupation/3d190639-90f8-4402-b1b3-a104a17e0d67', 'http://data.europa.eu/esco/occupation/91f93dc4-1b71-4053-b6fb-c579ec19303a', 'http://data.europa.eu/esco/occupation/929ef41d-afd0-4d5a-b85b-69eab68fa368', 'http://data.europa.eu/esco/occupation/974d4eab-fbee-4c52-b16e-73bdd8c25b53', 'http://data.europa.eu/esco/occupation/99492920-e5a5-4dba-9e5a-93193147198c', 'http://data.europa.eu/esco/occupation/a2bc52c2-9802-4929-a95c-6379d9f19204', 'http://data.europa.eu/esco/occupation/b12b14fd-5b74-40c6-afd9-dd35b34e27ed', 'http://data.europa.eu/esco/occupation/b2e81332-0972-4e0f-9a4d-1d15c9c9513b', 'http://data.europa.eu/esco/occupation/bea99fea-0383-4c63-b944-70d4799de2c5', 'http://data.europa.eu/esco/isco/C2424', 'http://data.europa.eu/esco/isco/C261']","['Computer programming activities', 'Computing infrastructure, data processing, hosting and related activities', 'Regulation of and contribution to more efficient operation of businesses', 'Legal activities', 'Justice and judicial activities', 'Research and experimental development on social sciences and humanities', 'All other professional, scientific and technical activities n.e.c.', 'Manufacture of leather and related products of other materials', 'Engineering activities and related technical consultancy', 'Office administrative and support activities', 'Activities of head offices', 'Business and other management consultancy activities']",423,Supervisor Back Office ( Legal Actions ),"Sioufas & Associates Law Firm, the largest firm in the field of legal services, is seeking a Legal Actions Backoffice Supervisor to join its payment order team. The successful candidate will supervise and lead a team of legal assistants and staff in the back office, ensuring high-quality support to the law firm's attorneys in their legal actions.Sioufas & Associates Law Firm has been providing legal services since 1999 and has an impressive client base that includes the largest Greek and multinational companies from all sectors of the economy. With presence in Athens, Patras, Thessaloniki and Bucharest, the law firm continues to grow and expand, offering a dynamic and challenging work environment.Responsibilities Supervise and coordinate the work of back-office staff, including legal assistants and staff, ensuring compliance with quality standards and deadlines. Assign tasks and projects to the back-office staff, monitor progress, and provide guidance and support.  Ensure proper maintenance of legal files, databases, and systems, and contribute to their continuous improvement. Review the department's overall process and procedural documentation to identify areas for improvement, optimize performance and efficiency, and ensure compliance with quality standards and deadlines. Develop, enhance, and implement reporting and oversight measures to drive production and minimize risk. Develop and maintain effective communication and collaboration with lawyers, other supervisors, and staff across the law firm's offices. Provide training and coaching to the back-office staff, identify their development needs, and support their career growth. Achieve department goals by managing the department through established objectives and key results. Requirements Bachelor's      degree in business administration, economics, or a related field.  At      least 3 years of experience in a similar position or      in a law firm's back office, with demonstrated experience in team      leadership, project management, and client service.  Excellent      knowledge of procedures and documents, with strong attention to detail and      accuracy.  Proficiency      in Microsoft Office (Word, Excel, PowerPoint) and legal databases.  Strong      communication, interpersonal, and organizational skills.  Ability      to work independently and multitask in a fast-paced and demanding      environment.  Fluency      in English and Greek, both written and spoken. Benefits Competitive remuneration and benefits package. Bonus upon success. Private medical insurance. Formal training and development of your skills. A place where your professional and personal success is our commitment.",Senior,Full-time,"Agios Ioannis Rentis, Greece",EL,,,,2024-09-07,kariera.gr,168442
,"['http://data.europa.eu/esco/skill/47ac9325-b072-4e37-8e40-e6ffed03e851', 'http://data.europa.eu/esco/skill/8d4271ca-c9fd-40b3-875f-15f78332a49e', 'http://data.europa.eu/esco/skill/f683ae1d-cb7c-4aa1-b9fe-205e1bd23535']","['http://data.europa.eu/esco/occupation/bea99fea-0383-4c63-b944-70d4799de2c5', 'http://data.europa.eu/esco/occupation/d7d986e1-7333-431b-9719-0c5c6939e360', 'http://data.europa.eu/esco/occupation/faed05c0-c1d1-4e34-b575-0dea96459e56', 'http://data.europa.eu/esco/isco/C2']","['Activities of head offices', 'Business and other management consultancy activities', 'CONSTRUCTION', 'Engineering activities and related technical consultancy']",432,Construction Civil Engineer,"Zafido Holding Hellas Ltd the largest residential real estate construction company in the southern suburbs with over 60 projects in progress, is looking for a Civil Site Engineer to staff the company's Engineering department.
Necessary qualifications:
Degree in Civil Engineering / Architect.
More than 5 years experience.
Experience in construction projects essential.
Knowledge of Autocad.
Knowledge of Ms Office.
 
Duties:
Supervision, coordination and management of on-site projects.
Ensuring the quality and consistency of the works according to the construction plans. 
Implementation of the studies and their adaptation where required in collaboration with the Project researchers.
Management of subcontractors.
 
Amenities:
Competitive remuneration package.
Extra fee for undertaking project supervision.
Travel expenses.
Excellent working environment.
Possibility of professional development.
 
All resumes will be kept strictly confidential. The company will only contact candidates whose resumes meet the required qualifications and criteria",Mid-level,Full-time,"Glyfada, Greece",EL,,,,2024-09-07,kariera.gr,168427
,"['http://data.europa.eu/esco/skill/507e2b21-1285-47e9-bf09-0db794df1bf0', 'http://data.europa.eu/esco/skill/55a4ae74-45e3-4f5c-8646-17149edfbddb', 'http://data.europa.eu/esco/skill/60ab2bf7-c812-4a88-86c0-7c81a9b2f77c', 'http://data.europa.eu/esco/skill/6f5850ea-5785-4e2c-b062-743066fd5bdb', 'http://data.europa.eu/esco/skill/89f5fa96-ae45-4906-902c-d50ca51009c6', 'http://data.europa.eu/esco/skill/95bff246-c3ce-4181-a11b-e4363453c2f8']","['http://data.europa.eu/esco/occupation/11d72bd6-779a-4643-9962-313833740094', 'http://data.europa.eu/esco/occupation/139fba7b-6c1f-40ee-8acf-78f97e57c905', 'http://data.europa.eu/esco/occupation/4ed9ce62-75d4-4b05-80d4-e86528fecdcd', 'http://data.europa.eu/esco/occupation/555235ce-8c45-409b-a6c9-83e69c2d2bce', 'http://data.europa.eu/esco/occupation/e40e4a07-4246-4c6f-a51c-89d35b6fe75e', 'http://data.europa.eu/esco/isco/C2133', 'http://data.europa.eu/esco/isco/C334']","['Engineering activities and related technical consultancy', 'Technical testing and analysis', 'Research and experimental development on natural sciences and engineering', 'All other professional, scientific and technical activities n.e.c.', 'Regulation of health care, education, cultural services and other social services', 'Remediation activities and other waste management service activities', 'Materials recovery', 'Defence activities', 'Wholesale of waste and scrap']",440,Technical adviser,"In the team of kariera.gr | Hiring Solutions, we leverage our wealth of knowledge in staffing jobs covering all levels - mid to senior level. We understand the diverse landscape of career opportunities and tailor our approach to meet your unique skills and aspirations.
In the team of kariera.gr | Hiring Solutions your every professional move is a step towards excellence. Choose us as the catalyst for your success, and let's plan your future together.
The Hiring Solutions team of kariera.gr is looking for a Technical Consultant on behalf of Combatt, a non-profit company specializing in the alternative management of waste accumulators (batteries) from vehicles and industries. Position responsibilities:

Management of technical issues related to the alternative management of battery waste.
Development and expansion of a network of partners in the field of recycling.
Control of compliance with environmental conditions and specifications in cooperating companies.
Development and implementation of monitoring and environmental audit procedures for partner waste management companies.

Required Qualifications: 

College Degree in Chemical Engineering/Environmental Engineering or other related field.
2-5 years of experience preferably in waste management and/or environmental studies, with the possibility of considering experience in related fields.
Very good knowledge of the English language.
Excellent knowledge of PC & office applications.
Knowledge of project licensing procedures.
Basic knowledge of Environmental Legislation.
Basic knowledge of Environmental Certifications (eg ISO 14001).

The company offers: 

Competitive remuneration package
Bonus scheme
Development prospects

#hiringsolutionsisrecruiting",Mid-level,Full-time,"Athens, Greece",EL,,,,2024-09-07,kariera.gr,168426
,"['http://data.europa.eu/esco/skill/507e2b21-1285-47e9-bf09-0db794df1bf0', 'http://data.europa.eu/esco/skill/55a4ae74-45e3-4f5c-8646-17149edfbddb', 'http://data.europa.eu/esco/skill/60ab2bf7-c812-4a88-86c0-7c81a9b2f77c', 'http://data.europa.eu/esco/skill/6f5850ea-5785-4e2c-b062-743066fd5bdb', 'http://data.europa.eu/esco/skill/89f5fa96-ae45-4906-902c-d50ca51009c6', 'http://data.europa.eu/esco/skill/95bff246-c3ce-4181-a11b-e4363453c2f8']","['http://data.europa.eu/esco/occupation/11d72bd6-779a-4643-9962-313833740094', 'http://data.europa.eu/esco/occupation/139fba7b-6c1f-40ee-8acf-78f97e57c905', 'http://data.europa.eu/esco/occupation/4ed9ce62-75d4-4b05-80d4-e86528fecdcd', 'http://data.europa.eu/esco/occupation/555235ce-8c45-409b-a6c9-83e69c2d2bce', 'http://data.europa.eu/esco/occupation/e40e4a07-4246-4c6f-a51c-89d35b6fe75e', 'http://data.europa.eu/esco/isco/C2133', 'http://data.europa.eu/esco/isco/C334']","['Engineering activities and related technical consultancy', 'Technical testing and analysis', 'Research and experimental development on natural sciences and engineering', 'All other professional, scientific and technical activities n.e.c.', 'Regulation of health care, education, cultural services and other social services', 'Remediation activities and other waste management service activities', 'Materials recovery', 'Defence activities', 'Wholesale of waste and scrap']",442,Technical adviser,"In the team of kariera.gr | Hiring Solutions, we leverage our wealth of knowledge in staffing jobs covering all levels - mid to senior level. We understand the diverse landscape of career opportunities and tailor our approach to meet your unique skills and aspirations.
In the team of kariera.gr | Hiring Solutions your every professional move is a step towards excellence. Choose us as the catalyst for your success, and let's plan your future together.
The Hiring Solutions team of kariera.gr is looking for a Technical Consultant on behalf of Combatt, a non-profit company specializing in the alternative management of waste accumulators (batteries) from vehicles and industries.
Position Responsibilities:

Management of technical issues related to the alternative management of battery waste.
Development and expansion of a network of partners in the field of recycling.
Control of compliance with environmental conditions and specifications in cooperating companies.
Development and implementation of monitoring and environmental audit procedures for partner waste management companies.

Required Qualifications: 

Graduate School Degree in Chemical Engineering / Environmental Engineering or other related field.
2-5 years of experience preferably in waste management and/or environmental studies, with the possibility of considering experience in related fields.
Very good knowledge of the English language.
Excellent knowledge of PC & office applications.
Knowledge of project licensing procedures.
Basic knowledge of Environmental Legislation.
Basic knowledge of Environmental Certifications (eg ISO 14001).

The company offers: 

Competitive remuneration package
Bonus scheme
Development prospects

#hiringsolutionsisrecruiting",Mid-level,Full-time,"Athens, Greece",EL,,,,2024-09-07,kariera.gr,168410
