id,title,description,experience_level,type,location,location_code,upload_date,source,source_id,organization,skills,occupations
67,Autocad designer,"The construction company TECHNIKAL AE is looking for:
Autocad + BIM Designer – Architect/Mechanical/Civil Engineer
Main responsibilities:

Create / coordinate plans using Autocad and Revit
Create plan list using Word, Excel
Organization of paper deliveries (prints, sorting, etc.)
Organization of electronic deliveries / creation of an electronic file.

Necessary qualifications:

Excellent knowledge of Autocad and Revit design software
Excellent knowledge of Adobe Acrobat and MS Office
Excellent knowledge of the English language

Previous experience in a metal construction company would be appreciated.",Senior,Full-time,"Acharnes, Greece",EL,2024-09-09,kariera.gr,168837,,"['http://data.europa.eu/esco/skill/4e883275-9f45-4336-8e68-4b58f943c532', 'http://data.europa.eu/esco/skill/8fdf4273-d8ce-47a2-b461-45cb1282ef36', 'http://data.europa.eu/esco/skill/cf310cff-0d28-4dbc-9dbb-cc500a3196c2']","['http://data.europa.eu/esco/occupation/0368c4d4-94cf-4168-a84d-283a25880e0d', 'http://data.europa.eu/esco/occupation/c11e2b53-06f7-465f-9b5c-708016bc96f4']"
258,TECHNICAL PROJECT MANAGER,"AMCO SA, is looking for a dynamic and skilled Sales Engineer to join our team. The ideal candidate will have the opportunity to work in a dynamic environment, contribute to the development and promotion of innovative IT and technology products and services, and support sales with technical expertise.
Responsibilities:• Develop and maintain information technology plans which outline project status individual tasks, milestones, completion estimates, and resource allocation.• Hold regular technical team meetings to determine progress and address any questions or challenges regarding projects.• Coordinate the roll-out of beta and production releases.• Inspect projects for quality assurance.• Identify the resources needed for the project and source these materials.• Analyze, plan and develop technical requirements and standards in reference to scheduled projects.• Ensure customer satisfaction through post-project debrief with clients.• Oversee the implementation of project improvements. Qualifications:• Bachelor’s degree in computer science or equivalent.• 2+ years of experience in technical project management of ICT projects which include hardware, software and integration with 3rd party software platforms.• Excellent time management and organizational skills and experience establishing guidelines for others.• Strong sense of personal accountability regarding decision-making and supervising technical teams.• Experience working in a high-level collaborative environment and promoting a teamwork mentality.• Managerial experience applying analytical thinking and problem-solving skills.• Ability to predict challenges and seek to proactively head-off obstacles.• Strong written and verbal communication skills in English.
The company offers:• Competitive salary, based on qualifications• Excellent working environment• Prospects of development• Continuous education• Private Health Insurance",Mid-level,Full-time,"Moschato, Greece",EL,2024-09-09,kariera.gr,168606,,"['http://data.europa.eu/esco/skill/1177c6f5-09c5-4c35-873c-afd22d170ad3', 'http://data.europa.eu/esco/skill/4707da90-9cfc-46ca-8de0-38a0b7bfb137', 'http://data.europa.eu/esco/skill/4df7a57a-9405-4995-8e02-4ca404832247', 'http://data.europa.eu/esco/skill/54660948-b811-49a9-874c-bf2be5f280a2', 'http://data.europa.eu/esco/skill/94dd823c-148e-4614-a6e8-99249b16357d', 'http://data.europa.eu/esco/skill/adc6dc11-3376-467b-96c5-9b0a21edc869', 'http://data.europa.eu/esco/skill/cd5efa8c-e44d-4cbc-91c6-796018dbed68', 'http://data.europa.eu/esco/skill/d4789070-2ff7-4bbb-94ca-8bb1739826a9', 'http://data.europa.eu/esco/skill/f64fe2c2-d090-4e91-ba74-1355d96b9bca']","['http://data.europa.eu/esco/occupation/2b48a4cd-2333-4abf-ac3e-6f63d6ed3663', 'http://data.europa.eu/esco/occupation/8cb59bc4-1f39-477e-beea-effed12d186c', 'http://data.europa.eu/esco/occupation/bea99fea-0383-4c63-b944-70d4799de2c5', 'http://data.europa.eu/esco/isco/C1330', 'http://data.europa.eu/esco/occupation/c956be07-53a3-4b01-b8f8-f0c5a428eaa8', 'http://data.europa.eu/esco/isco/C2433']"
275,Frontend Engineer (Angular) Mid-Senior,"Company DescriptionWe are Netcompany-Intrasoft, a member of Netcompany Group A/S, and a leading European IT Solutions and Services company with strong international presence and expertise, dedicated to responsible digitalisation. We offer innovative and added-value solutions of the highest quality to a wide range of public and private organizations, while being a key-player in the EU Institutions for the past 30 years. We hold an outstanding record of 500+ organizations in 70+ countries, that have chosen our solutions and services, to fulfil their business needs. Our team of 3500+ professionals is our driving force and our most valuable asset.Job DescriptionEver wondered what it feels like to be a Front End Developer (Angular) in Netcompany-Intrasoft? As a Front-end Developer, you will be a member of team responsible for designing, developing and testing in order to create software solutions aligned to the needs of the business and external customers. The role requires developed and strong foundation of web-development skills and good knowledge of relevant technologies.As a Frontend Developer you will:Able to take ownership, accountability and initiativeDetail-driven, able to take constructive criticismStrong analytical-thinker and problem-solverCommunicative and team playerQualificationsWhat would make you a fit for the role:University degree in Computer Science or Electrical EngineeringAt least 2 years of Javascript experienceAt least 1 year of Angular (version 2 or greater) development experience, or some other relevant framework (Backbone.js, AngularJS, viewJS, react)Knowledge of the interaction between JavaScript, HTML and CSS.Ability to create, modify, and style elements on a page with ease and can also do this dynamicallyAbility to analyse visual designs into design patternsStrong knowledge in MVC ArchitectureKnowledge of version control softwareExperience consuming RESTful API'sGood command of the English Language (written & verbal)It would also be a plus if you match some of the following:Cross browser experience, working with backwards compatibility with graceful degradationExperience in Bootstrap and responsive web application developmentFamiliarity with backend development, understanding application layersExperience writing RESTful API's and fully understanding the RESTful architecture and goalsA background in design or appreciation of good design and UXExperience with SQL and being comfortable with querying databaseAdditional InformationBeing a part of the Netcompany-Ιntrasoft team, you will be provided with: The opportunity to work in a modern environment & in a hybrid working modelA seamless onboarding experience and a buddy to support you on your first stepsA competitive compensation & benefits packageHealth and life insurance programMeal and commuting allowanceWell-being activities (on premises)Continuous learning opportunities using the most modern methods (unlimited access to Udemy for Business, ad-hoc trainings)A personalized development plan for targeted career growthIf you are looking forward to be part of a diverse environment, and have the opportunity to work alongside well-experienced professionals, on challenging, large-scale projects that directly impact millions of citizens around the globe, then this is the place to be!By joining Netcompany-Intrasoft Athens, you will be part of a vivid team of 2000+ tech enthusiasts. When at the office you will have the chance to work at our brand-new, state-of-the-art, sustainable offices, located in 3 different spots in Athens!Our cultureOur people are the most important element of our success. Our work life is well defined by our set of fundamental Values: https://netcompany.com/careers/greece/our-values/ #BePartOfSomethingGreat!Please submit your CV in English. All applications will be treated as strictly confidential.We ensure equal opportunities, treatment, and consideration to all candidates. Discrimination based on sex, racial or ethnic origin, religion or belief, disability, age, sexual orientation or marital status, physical or mental disability, or any other factor protected by applicable laws and regulations is prohibited. As part of the Netcompany-Intrasoft culture, we respect human rights and focus on creating a positive workplace, where all employees are valued, and where diversity and inclusion are a vital part of our our everyday working experience.",,Full-time,"Athens, Greece",EL,2024-09-08,kariera.gr,163332,,"['http://data.europa.eu/esco/skill/0af062de-eb43-41e9-9b96-249e2cd22d26', 'http://data.europa.eu/esco/skill/23ac233d-84ad-4517-b0f5-8ca19ba2614e', 'http://data.europa.eu/esco/skill/598de5b0-5b58-4ea7-8058-a4bc4d18c742', 'http://data.europa.eu/esco/skill/8f6ed69b-29d0-4c01-81ba-f05920a185f3', 'http://data.europa.eu/esco/skill/fc4fcb4b-993f-4f2c-b158-c2171ec18ed8']","['http://data.europa.eu/esco/occupation/719f101d-1866-49d3-8d5c-2256f606a8b9', 'http://data.europa.eu/esco/occupation/874a2080-a9b6-46a9-8662-c9b7d4208f73', 'http://data.europa.eu/esco/occupation/c40a2919-48a9-40ea-b506-1f34f693496d']"
320,Call for Talents - Junior Software Engineers,"Company DescriptionWe are Netcompany-Intrasoft, a member of Netcompany Group A/S, and a leading European IT Solutions and Services company with strong international presence and expertise, dedicated to responsible digitalisation. We offer innovative and added-value solutions of the highest quality to a wide range of public and private organizations, while being a key-player in the EU Institutions for the past 30 years. We hold an outstanding record of 500+ organizations in 70+ countries, that have chosen our solutions and services, to fulfil their business needs. Our team of 3500+ professionals is our driving force and our most valuable asset.Job DescriptionEver wondered what it feels like to be a Junior Software Engineer in Netcompany-Intrasoft? Joining us as a Junior Software Engineer you will become part of agile, highly skilled SW Product Development teams that design, develop, deploy, customize, test, and support web and digital applications for various industries (FinTech / Betting / Insurance / Telecommunications / Utilities / Retail / EU Institutions / Public Sector Digital Transformation). This will be the beginning of your career in one of the following specialties: backend, frontend, full-stack, DevOps, or automation testing SW Engineers.As a Junior Software Engineer you will:Work within an agile team that designs, develops, tests, and maintains web applications by using technologies such as Java, Spring, Spring boot, Microservices Architecture, Angular, React, Docker, Kafka, Kubernetes, Selenium, Cucumber, etc.Perform a full range of complex programming tasks using a variety of web and application-based programming technologies and languages, keeping current with new programming techniquesDevelop and maintain code and application libraries, instructions, and technical documentationCollaborate with team members to understand requirements and propose solutionsParticipate in peer code reviewsBe up to date, learn and gain experience in new technology stacks.QualificationsWhat would make you a fit for the role:Degree in Computer Science, Software Engineering or other relevant disciplinesFamiliarity with at least one of the below (Java, Spring, Spring boot, Microservices Architecture, Angular, React, Docker, Kafka, Kubernetes, Selenium and Cucumber)Excellent command of the English language (written & oral)It would also be a plus if you match some of the following:Knowledge of:web technologies including HTML5, CSS3, JavaScript frameworksdatabase concepts and SQL programmingExperience with Source Control(GIT, Subversion) and Build Tools (Maven).Additional InformationAll newcomers attend a high-quality training by our internal onboarding academy, regarding the Netcompany-Intrasoft culture and digital journey. All sessions are conducted by our tech specialists, who share their knowledge on technologies and methodologies that are used in our projects, ensuring a smooth and enlightening onboarding process.Being a part of the Netcompany-Ιntrasoft team, you will be provided with: The opportunity to work in a modern environment & in a hybrid working modelA seamless onboarding experience and a buddy to support you on your first stepsA competitive compensation & benefits packageHealth and life insurance programMeal and commuting allowanceWell-being activities (on premises)Continuous learning opportunities using the most modern methods (unlimited access to Udemy for Business, ad-hoc trainings)A personalized development plan for targeted career growthIf you are looking forward to be part of a diverse environment, and have the opportunity to work alongside well-experienced professionals, on challenging, large-scale projects that directly impact millions of citizens around the globe, then this is the place to be!Join Netcompany-Intrasoft Patras' branch, and be part of our 150+ tech enthusiasts team!Our cultureOur people are the most important element of our success. Our work life is well defined by our set of fundamental Values: https://netcompany.com/careers/greece/our-values/ #BePartOfSomethingGreat!Please submit your CV in English. All applications will be treated as strictly confidential.We ensure equal opportunities, treatment, and consideration to all candidates. Discrimination based on sex, racial or ethnic origin, religion or belief, disability, age, sexual orientation or marital status, physical or mental disability, or any other factor protected by applicable laws and regulations is prohibited. As part of the Netcompany-Intrasoft culture, we respect human rights and focus on creating a positive workplace, where all employees are valued, and where diversity and inclusion are a vital part of our our everyday working experience.",,Full-time,"Patra, Greece",EL,2024-09-07,kariera.gr,163204,,"['http://data.europa.eu/esco/skill/0d168770-4d9c-4096-b048-a6577818d306', 'http://data.europa.eu/esco/skill/19a8293b-8e95-4de3-983f-77484079c389', 'http://data.europa.eu/esco/skill/1ffac4ac-fda7-407d-8ed1-ca8f4a8dc146', 'http://data.europa.eu/esco/skill/23ac233d-84ad-4517-b0f5-8ca19ba2614e', 'http://data.europa.eu/esco/skill/3993c87c-7719-4186-811b-8ddfb40e76be', 'http://data.europa.eu/esco/skill/484df271-bb52-49f1-8f50-f19624bf4df2', 'http://data.europa.eu/esco/skill/7557f0f4-b8bc-4ac0-b91e-222ab1ba744f', 'http://data.europa.eu/esco/skill/8f6ed69b-29d0-4c01-81ba-f05920a185f3', 'http://data.europa.eu/esco/skill/a8797f21-1af0-4c5e-98ca-bf1442929363', 'http://data.europa.eu/esco/skill/dba46f87-0831-49cd-a1c7-340a653c0221', 'http://data.europa.eu/esco/skill/f0de4973-0a70-4644-8fd4-3a97080476f4']","['http://data.europa.eu/esco/occupation/57af9090-55b4-4911-b2d0-86db01c00b02', 'http://data.europa.eu/esco/occupation/719f101d-1866-49d3-8d5c-2256f606a8b9', 'http://data.europa.eu/esco/occupation/866c7813-2c03-47d7-9bdc-192cfbace57c', 'http://data.europa.eu/esco/occupation/a9c7a04d-807a-41b5-b441-87c73c73c9c5', 'http://data.europa.eu/esco/occupation/c52129d9-4656-4ce8-ba13-8a72a51d5400', 'http://data.europa.eu/esco/occupation/cc867bee-ab5c-427f-9244-f7a204d9574b']"
364,Software Engineer - C# .NET or ASP.NET (e-Health Sector) Thessaloniki,"About Sigmasoft S.A. 
Sigmasoft S.A. is an innovative software development company providing state-of-the-art software solutions and services for the e-Health &  e-Government Sector.
What You Will Be Doing
You will be working with our team of talented software engineers to create innovative digital Health and medical software systems.
Experience You Will Need to Succeed

BSc in Computer Science or related field
Knowledge of using .NET WinForms Framework
Knowledge of C#
Knowledge of SOAP/Rest APIs
Knowledge of Microsoft SQL Server
Familiarity with Entity Framework will be considered as a plus
Knowledge of LINQ will be considered as a plus
Knowledge of DevExpress controls will be considered as a plus
Knowledge of Multithreading/Asynchronous programming will be considered as a plus

Personal skills we are looking for

Excellent communication skills
Excellent analytical, problem solving and troubleshooting abilities
Solid organizational skills and focus on accuracy and attention to detail
Able to work independently or as part of a team
Detail oriented, maintaining the highest quality work standards
Enjoy working within agile/scrum-based team
Great energy level and enjoy working in full software development lifecycle, from concept and design to testing.",Mid-level,Full-time,"Thessaloniki, Greece",EL,2024-09-07,kariera.gr,165953,,"['http://data.europa.eu/esco/skill/4c016b68-4116-468c-9dc6-42710c239e4a', 'http://data.europa.eu/esco/skill/b21e2984-c6b2-4352-bbe8-8f3b03bd50f6', 'http://data.europa.eu/esco/skill/c062bab3-3ea0-4291-9220-a2d8fef4bead', 'http://data.europa.eu/esco/skill/c7d24594-0c11-4b27-9039-fe0bb903da8e']",[]
365,Software Engineer - C# .NET or ASP.NET (e-Health Sector) Athens,"About Sigmasoft S.A. 
Sigmasoft S.A. is an innovative software development company providing state-of-the-art software solutions and services for the e-Health &  e-Government Sector.
What You Will Be Doing
You will be working with our team of talented software engineers to create innovative digital Health and medical software systems.
Experience You Will Need to Succeed

BSc in Computer Science or related field
Knowledge of using .NET WinForms Framework
Knowledge of C#
Knowledge of SOAP/Rest APIs
Knowledge of Microsoft SQL Server
Familiarity with Entity Framework will be considered as a plus
Knowledge of LINQ will be considered as a plus
Knowledge of DevExpress controls will be considered as a plus
Knowledge of Multithreading/Asynchronous programming will be considered as a plus

Personal skills we are looking for

Excellent communication skills
Excellent analytical, problem solving and troubleshooting abilities
Solid organizational skills and focus on accuracy and attention to detail
Able to work independently or as part of a team
Detail oriented, maintaining the highest quality work standards
Enjoy working within agile/scrum-based team
Great energy level and enjoy working in full software development lifecycle, from concept and design to testing.",Mid-level,Full-time,"Athens, Greece",EL,2024-09-07,kariera.gr,165954,,"['http://data.europa.eu/esco/skill/4c016b68-4116-468c-9dc6-42710c239e4a', 'http://data.europa.eu/esco/skill/b21e2984-c6b2-4352-bbe8-8f3b03bd50f6', 'http://data.europa.eu/esco/skill/c062bab3-3ea0-4291-9220-a2d8fef4bead', 'http://data.europa.eu/esco/skill/c7d24594-0c11-4b27-9039-fe0bb903da8e']",[]
428,B2B Sales Consultant - Sales Engineer,"Airblock, one of the largest companies specializing in compressed air and automation, is looking for (1) a person to fill the position of B2B Sales Engineer - Consultant
Necessary qualifications:
· Holder of a degree in technological direction (AEI, TEI)
· Relevant experience of at least 3 years
· Good knowledge of ERP software (Softone, Epsilonet, etc.)
· Good knowledge of PC and Windows and MS-Office applications (Word, Excel, Outlook)
· Good knowledge of written & spoken English
· Responsibility and reliability
· Teamwork & collaboration
· Excellent organizational and time management skills
 
Responsibilities:
· Offering integrated solutions according to the client's needs
· Investigation of the needs and advisory support of the customers
· Creation and Follow up of offers
· Close and manage deals
· Continuous monitoring of the market and competition and identification of new cooperation opportunities
The company offers:
· Salary commensurate with qualifications and private insurance
· Conditions that enhance knowledge and provide significant opportunities
· Ongoing training and coaching
· A particularly modern and pleasant working environment
· Possibility of professional development and growth",Mid-level,Full-time,"Thessaloniki, Greece",EL,2024-09-07,kariera.gr,168432,,"['http://data.europa.eu/esco/skill/81824871-4923-4618-85d5-dfd137568c37', 'http://data.europa.eu/esco/skill/c6c1af60-9594-460c-a328-00f9ad292be0', 'http://data.europa.eu/esco/skill/cf310cff-0d28-4dbc-9dbb-cc500a3196c2', 'http://data.europa.eu/esco/skill/f4a6e9f7-5cff-46c0-894c-59c20bb78694']","['http://data.europa.eu/esco/occupation/2082e125-d06b-43e6-957f-b7aa3c48dc2f', 'http://data.europa.eu/esco/occupation/3ac7fbb4-91b2-4d4d-abc8-7a6c55ed648f', 'http://data.europa.eu/esco/isco/C2']"
487,TECHNICAL DEPARTMENT ENGINEER,"I. Object                                                                                                                                 
Support for the construction of luxury residential projects on the islands of Paros and Antiparos
II. Main role characteristics                                                                                                
Support and management of all production processes of technical projects, with an emphasis on luxury homes and hotels.
Skills and personal characteristics

Concept of coordination and management of all production processes of building projects
More than three years of experience in the management of technical projects/projects
Knowledge of workshop construction specialties
Conception of project contracts (agreements) and technical project specifications
Knowledge of Autocad, Sketchup or Rhino, Photoshop, etc.
Very good knowledge (written and spoken) of the English language.
Very good knowledge of MS Office (excel, word).
Knowledge of or desire to learn time planning software (eg MS Project or similar).
Desire for professional development
Knowledge of additional foreign languages ​​with priority in French
IT literacy
Good organization of personal time and priorities, initiatives, unsupervised work
Ability to travel (approximately 10% of employment time)
Good communication (colleagues, partners and clients)

III. Additional clarifications                                                                                                          
Job Type: Full-time and full-time job based in Paros, with time allocation according to workload. Indicatively, approximately 20% construction sites and 80% office are mentioned, while all the necessary services for the supervision of the projects are available from the company.
Send Resumes: cv.constructionparos@gmail.com",Mid-level,Full-time,"Paros, Greece",EL,2024-09-06,kariera.gr,168368,,"['http://data.europa.eu/esco/skill/12c7b323-d870-4f5b-9d7d-d9f525206d77', 'http://data.europa.eu/esco/skill/14ced458-5f4b-495f-bd3d-9c240614bda0', 'http://data.europa.eu/esco/skill/21fecc8a-392e-49ce-ac26-fb0696ccfead', 'http://data.europa.eu/esco/skill/91be6910-bd67-4e1f-95b0-32513b399b24', 'http://data.europa.eu/esco/skill/9f8ace7a-46e0-4c00-a51c-a0ba9babe9de', 'http://data.europa.eu/esco/skill/a8d24a95-47b3-4f88-92e7-06600bcd3612', 'http://data.europa.eu/esco/skill/f683ae1d-cb7c-4aa1-b9fe-205e1bd23535']","['http://data.europa.eu/esco/occupation/00030d09-2b3a-4efd-87cc-c4ea39d27c34', 'http://data.europa.eu/esco/occupation/4588cd69-e6a5-4668-94c7-f02a3d86a649', 'http://data.europa.eu/esco/occupation/bea99fea-0383-4c63-b944-70d4799de2c5', 'http://data.europa.eu/esco/occupation/eb9479c6-5fdf-4f45-ace4-28b547b8c7e5', 'http://data.europa.eu/esco/isco/C1321', 'http://data.europa.eu/esco/isco/C2']"
488,WORKSHOP ENGINEER,"Site Engineer (Construction)
I. Objective                                                                                                                                  
Monitoring/Support of construction projects of the company, on the Islands of Paros and Antiparos
II. Main role characteristics                                                                                                
Support and management of all production processes of technical projects, with an emphasis on luxury homes and hotels.
Skills and personal characteristics

Concept of coordination and management of all production processes of building projects
More than ten years of experience in the management of technical projects/projects
Construction crew management and order coordination
Conception of project contracts (agreements) and technical project specifications
Knowledge of Autocad, Sketchup or Rhino, Photoshop, etc
Very good knowledge (written and spoken) of the English language.
Very good knowledge of MS Office (excel, word).
Knowledge of or desire to learn time planning software (eg MS Project or similar).
Desire for professional development
Knowledge of additional foreign languages ​​with priority in French.
IT literacy, Familiarity with electronic project monitoring tools.
Good organization of personal time and priorities, initiatives, unsupervised work
Ability to travel if required (approximately 10% of employment time)
Good communication (colleagues, partners and clients)

III. Additional clarifications                                                                                                          
Job Type: Full-time and exclusive job based in N. Paro, with time allocation according to the load, between the office and construction sites.
Send Resumes: cv.constructionparos@gmail.com",Mid-level,Full-time,"Paros, Greece",EL,2024-09-06,kariera.gr,168367,,"['http://data.europa.eu/esco/skill/088dd17a-9d92-4b93-9e4a-49587e015e06', 'http://data.europa.eu/esco/skill/12c7b323-d870-4f5b-9d7d-d9f525206d77', 'http://data.europa.eu/esco/skill/14ced458-5f4b-495f-bd3d-9c240614bda0', 'http://data.europa.eu/esco/skill/21fecc8a-392e-49ce-ac26-fb0696ccfead', 'http://data.europa.eu/esco/skill/32abc65b-333e-4af8-88df-ae2938018fb9', 'http://data.europa.eu/esco/skill/91be6910-bd67-4e1f-95b0-32513b399b24', 'http://data.europa.eu/esco/skill/9f8ace7a-46e0-4c00-a51c-a0ba9babe9de', 'http://data.europa.eu/esco/skill/a8d24a95-47b3-4f88-92e7-06600bcd3612', 'http://data.europa.eu/esco/skill/f683ae1d-cb7c-4aa1-b9fe-205e1bd23535']","['http://data.europa.eu/esco/occupation/4588cd69-e6a5-4668-94c7-f02a3d86a649', 'http://data.europa.eu/esco/occupation/ba3bacd4-73e9-4861-a9c0-f89f1f28055a', 'http://data.europa.eu/esco/occupation/eb9479c6-5fdf-4f45-ace4-28b547b8c7e5', 'http://data.europa.eu/esco/isco/C1321', 'http://data.europa.eu/esco/isco/C2', 'http://data.europa.eu/esco/isco/C214']"
539,"Senior Associate, Software Engineering","Role Summary
Pfizer's purpose is to deliver breakthroughs that change patients' lives.In Pfizer Digital Core Solutions, we partner closely with our Pfizer business operations colleagues to efficiently deliver robust supporting technology solutions that enhance their work to achieve the Pfizer purpose. We value our team members' technical skills, but also their passion, teamwork, and growth. Our culture is focused on delivering value through courage, excellence, equity, and joy. Our collective skillset supports all aspects of technology planning, project execution and application development excellence.We are looking for Software Engineer (SE) candidates who are aligned with our culture and values, and with academic and/or work experience in software development projects that include both backend and frontend development using Java and Javascript-based technologies for multi-tiered, RDBMS-based web applications.The Software Engineer plays a key role in meeting our mission. The SE analyzes specifications, designs logic, writes code, customizes products, unit tests, debugs, and documents software applications. The SE participates in agile team events and works within the agile team framework.The SE will work closely with their manager to ensure growth over time, including the selection of project work among hundreds of applications that will expand their skillset to meet personal and organizational goals, to provide fulfilling work, and to advance their careers.
Role Responsibilities

Works within project teams as a contributor to design, prototype, implement and unit test software solutions in support of the project objectives.
Works as a senior developer on small-to-medium size software development projects, which may include accountability for the work of a small number of other junior and/or contract Software Engineers, as well as responsibility for dictating and managing coding standards, coding best practices, source code control approaches, versioning, etc.
Translates logical designs of user/system interfaces into physical designs, considering the target environment, performance requirements and existing systems.
Helps produce detailed design specifications where applicable, and documents all work using required standards, methods, and tools, including prototyping tools, where appropriate.
Conducts reviews of supplied specifications as appropriate.
Defines the integration build and produces a build definition for generation of the software.
Work in a matrix, team environment with Pfizer colleagues as well as vendor partners.
Dedicated to meeting the expectations and requirements of internal and external customers.

Qualifications
Education:

Undergraduate degree in Software Engineering, Information Management, Computer Science, Mathematics, or other scientific or engineering discipline.

Prior Experience:

Minimum of 3 years of experience as a software developer/engineer.

Required Capabilities and Experience:

Facilitation, negotiating and presentation skills.
Experience working in ambiguous situations.
Demonstrated experience and skills in analysis and problem solving.
Demonstrated ability to developing multi-tiered solutions using multiple programming languages and web technologies including Java, TypeScript (Angular), HTML, CSS, SQL, etc.
Demonstrated experience using standard requirements business analysis techniques, including brainstorming, interviewing, requirements sessions, activity diagrams and use cases desired.
Demonstrated experience and/or competencies either informally or formally contributing on various-size teams of technologists, IT professionals or project managers using Agile, Scrum, DevOps, and other approaches for iterative development.
Demonstrated ability to collaborate and work effectively in team settings, frequently in virtual teams with client partner and customer engagement responsibilities.
Demonstrated ability to understand data and integration architectures to manage, transform, and exploit data across the enterprise.
Demonstrated capability to understand security requirements, and using the frameworks and tools the organization has put in place to meet those requirements.
Excellent oral and written communication skills.

Required Aptitude:

Quick to establish trust and respect
Action oriented and energetic
Resourceful and creative
Persistent and determined
Mature and cool under pressure
Easily makes connections
Reads situations quickly
Commitment and follow through

Pfizer is an equal opportunity employer and complies with all applicable equal employment opportunity legislation in each jurisdiction in which it operates.
To apply please visit our website www.pfizercareers.com and search job Senior Associate, Software Engineer with id 4919474.",Mid-level,Full-time,"Thessaloniki, Greece",EL,2024-09-06,kariera.gr,168300,,"['http://data.europa.eu/esco/skill/0a9acb6b-1139-4be9-b431-3a80a959f2f4', 'http://data.europa.eu/esco/skill/0af062de-eb43-41e9-9b96-249e2cd22d26', 'http://data.europa.eu/esco/skill/0ee94c0a-3716-494a-95a2-dcbab9e58be2', 'http://data.europa.eu/esco/skill/113b4428-0a31-4199-8496-070af7854b91', 'http://data.europa.eu/esco/skill/19a8293b-8e95-4de3-983f-77484079c389', 'http://data.europa.eu/esco/skill/1b957e3d-0017-42b0-9bfe-49a1cdd31de7', 'http://data.europa.eu/esco/skill/1fcce318-3212-487a-ac07-4941bc85060d', 'http://data.europa.eu/esco/skill/234aeb8d-56c3-4531-9193-1c5e6a8d16cb', 'http://data.europa.eu/esco/skill/2522a6ce-3202-4ac8-9f5b-b9cb5a3a83a1', 'http://data.europa.eu/esco/skill/33d49d4f-31ec-473f-9b8a-b555aa5116bb', 'http://data.europa.eu/esco/skill/385479b7-5da5-4367-9763-0d15b41bb65b', 'http://data.europa.eu/esco/skill/4339176e-3acd-4f7f-a5d9-445bee3d23f2', 'http://data.europa.eu/esco/skill/598de5b0-5b58-4ea7-8058-a4bc4d18c742', 'http://data.europa.eu/esco/skill/5b26f08b-88bc-45f0-b901-530d7786466b', 'http://data.europa.eu/esco/skill/5dd96c59-5955-474b-8cf5-e986a5b50f1a', 'http://data.europa.eu/esco/skill/7954861c-86d4-4529-afbb-2c23dab9ac74', 'http://data.europa.eu/esco/skill/867137fb-ff1b-4ca3-99f3-cb6969aa2c68', 'http://data.europa.eu/esco/skill/a8797f21-1af0-4c5e-98ca-bf1442929363', 'http://data.europa.eu/esco/skill/d433c82e-fa7a-492e-a8fd-eee7b39e4c48', 'http://data.europa.eu/esco/skill/e76dd90d-91c4-49c0-bfd0-dfa2c4c90c81', 'http://data.europa.eu/esco/skill/ed1d8bd4-cd2a-4c64-b665-56d70651026c', 'http://data.europa.eu/esco/skill/f0de4973-0a70-4644-8fd4-3a97080476f4', 'http://data.europa.eu/esco/skill/f37d9f67-2e79-4958-8307-1ce9d6dcc8bd', 'http://data.europa.eu/esco/skill/f5308e60-d763-4ead-be95-88c96fb3e02b', 'http://data.europa.eu/esco/skill/f9b52e2d-56a7-48ca-b04d-2fc6436fcd4f', 'http://data.europa.eu/esco/skill/fd33c66c-70c4-40e6-b87c-5495bd3bf26e']","['http://data.europa.eu/esco/occupation/196a4c75-9591-436f-9677-67252df34c22', 'http://data.europa.eu/esco/occupation/72628f3a-fd49-499a-9741-870b0a1fcef2', 'http://data.europa.eu/esco/occupation/7843a4c6-a9f6-4095-94b9-45b384d4bd57', 'http://data.europa.eu/esco/occupation/836f0a96-7546-4003-9fc8-714fc79199d4', 'http://data.europa.eu/esco/occupation/8b6388a4-4904-471b-9331-d3b1211f5525', 'http://data.europa.eu/esco/occupation/cc867bee-ab5c-427f-9244-f7a204d9574b', 'http://data.europa.eu/esco/occupation/d515e82a-ca9f-4be4-9823-33694dff7304', 'http://data.europa.eu/esco/isco/C1330', 'http://data.europa.eu/esco/isco/C2519']"
547,Methods Engineer,"Company DescriptionArchirodon, having earned its reputation as a reliable and respected international contractor for more than a half century in the Engineering, Procurement and Construction (EPC) market, continues to create value to its stakeholders by executing complex EPC projects worldwide, in recognition of its superior standards of performance.  We have an outstanding record in completing major Energy, Marine, Infrastructure and Defense & Security projects around the globe and we pride ourselves on delivering over the years the kind of reliability and trust that the client has the right to expect from a major EPC contractor. We are constantly growing and are currently looking for an experienced Methods Engineer to join a top qualified and knowledgeable Technical Office Team for Marine and Infrastructure Projects in our Athens Office. Are you an adventurer? Do you wish to build a career within a leading contracting organization, working with different cultures and travelling around the world? We want to meet you!Job DescriptionYou will be involved in impactful mega international EPC projects, and you will have the opportunity to add value to our mission, learn from multidisciplinary teams and grow within a world class team.You will be part of the Marine & Infrastructure Division (MID) and support the Technical Offices and Construction teams across countries. We will count you on you for the design of temporary works, construction engineering, and technical documentation.What you will need to do:Assist in preparation of special materials/equipment RFQs and liaise with suppliers and subcontractors to ensure that comprehensive and consistent quotations are received (during tender and project phase).Technical Bid Evaluations through Archirodon's procurement control system (and optional Commercial) of MEP materials quotations and subcontractsSupport the Division Technical Manager, such as preparation of sequencing and Time Schedule using Primavera or other software (tender and project phase)Follow up of MEP progress for specific assigned projects, ensuring integration of Engineering, Procurement and ConstructionSupport Division Technical Office and Projects' Technical Offices in special MEP tasksPresence at site, as required but not exceeding the 30% of the working days, annually. Undertake the role of MEP manager for a short period (max 3 months) until the assignment of the project MEP managerAssist in production of cost estimates and assist estimators providing his/her technical expertise in order a comprehensive and techno commercially competitive proposal to be submitted (tender phase)Contribute in the preparation of MEP execution plan, mainly indicating the method, the procurement strategy and the logistics to be followed in a tender and projectliaise with the project MEP and TO manager for the preparation of the MEP constructability reviewsReviewing budgets prepared by the project teamsReview consultants' specifications and subcontractors' submittals for ER complianceParticipate in meetings and negotiations with Partners/Clients in the complete spectrum of a Proposal (technical, commercial, and contractual)-tender phase.Participate, as required in meetings with Partners/Clients during project executionParticipate in construction meetings with the MEP Manager, follow the project's progress, contribute to the solution of technical and construction issues and propose mitigation plans during the project executionQualificationsMinimum 5 years of experience within a construction contractor/industryBEng or equivalent in Electrical or Mechanical EngineeringMaster's degree would be considered a plusExcellent English command (written and verbal)Computer literacy, including use of MS Office (Word, Excel, PowerPoint), Primavera or Microsoft Project softwareKnowledge of any Project Management tool would be highly welcomedStrong interpersonal and communication skills (written and verbal)A team spirit and possesses international mindset, particularly in a multicultural environmentA ""can-do"" attitude, flexibility and hands on mentalityEagerness to learn and professionally developedYou are someone who:Holds strong analytical skills having a keen eye on details; you love numbers, and you see yourself mastering data across a wide range of analysis' requirements with accuracyDemonstrates a fighting spirit and preservice in making things happenDisplays excellent interpersonal and communication skills and build rapport easilyIs keen to learn and professionally growIs proactive thinker; you think ahead and act before an issue becomes an actual problem to get things doneDisplays a team spirit; particularly in a multicultural environment collaborating smoothly and effectivelyAdditional InformationWhat's in it for you:Competitive salary and benefits are part of the offering, yet the real joy comes from being a member of smart and passionate teams, within an international leading EPC Group on a mission that matters. We create mega construction projects - literally around the globe - with meaningful impact on the local communities for the years to come. At Archirodon, you will find a proud, productive and human-centric culture, caring for and building on our people and their development!",,Full-time,"Kropia, Greece",EL,2024-09-06,kariera.gr,157897,,"['http://data.europa.eu/esco/skill/2636b3d3-843e-46a9-8b4c-a9d6ca3f5a2d', 'http://data.europa.eu/esco/skill/29cd7e7b-215c-483a-b67a-6bdad0647de9', 'http://data.europa.eu/esco/skill/2c4b6914-4b97-4e35-85cb-e6602a8bb04a', 'http://data.europa.eu/esco/skill/3bc08c26-2f98-4730-bbb6-ec4a8566e3cf', 'http://data.europa.eu/esco/skill/71152876-b629-4a99-b9ea-0f25a0d07e4e', 'http://data.europa.eu/esco/skill/d15ce60f-ddab-41ce-ba56-398451b77b60', 'http://data.europa.eu/esco/skill/f14ff4b7-be1e-4b55-b39b-520005f8a97e', 'http://data.europa.eu/esco/skill/f683ae1d-cb7c-4aa1-b9fe-205e1bd23535']","['http://data.europa.eu/esco/occupation/07e60525-1aad-4099-aaf3-2c7014c92212', 'http://data.europa.eu/esco/occupation/2a914d26-42aa-46b5-acf3-097d51ba4617', 'http://data.europa.eu/esco/occupation/4588cd69-e6a5-4668-94c7-f02a3d86a649', 'http://data.europa.eu/esco/occupation/5fd2980e-22c4-4ace-a394-190c76f4f539', 'http://data.europa.eu/esco/occupation/6cd08cbe-7611-4d70-8886-6c59c0385442', 'http://data.europa.eu/esco/occupation/8cb59bc4-1f39-477e-beea-effed12d186c', 'http://data.europa.eu/esco/occupation/91f93dc4-1b71-4053-b6fb-c579ec19303a', 'http://data.europa.eu/esco/occupation/ba3bacd4-73e9-4861-a9c0-f89f1f28055a', 'http://data.europa.eu/esco/occupation/cb4f98c8-6b8d-41d8-87eb-a2a2033a3a25', 'http://data.europa.eu/esco/occupation/d5eb6150-bbff-4a9c-9d0c-21eab4dbe2b6']"
548,Senior Piping Engineer,"Company DescriptionArchirodon, having earned its reputation as a reliable and respected international contractor for more than a half century in the Engineering, Procurement and Construction (EPC) market, continues to create value to its stakeholders by executing complex EPC projects worldwide, in recognition of its superior standards of performance.  We have an outstanding record in completing major Energy, Marine, Infrastructure and Defense & Security projects around the globe and we pride ourselves on delivering over the years the kind of reliability and trust that the client has the right to expect from a major EPC contractor.Job DescriptionJob DescriptionWe are constantly growing and are currently looking for an experienced Senior Piping Engineer to join our Mechanical Engineering Discipline of our Engineering Department in Athens. Build towards excellence and join our worldwide journey!Role Summary: You will be working with a team of highly knowledgeable professionals, and you will undertake and perform accurately and confidently engineering, coordination and project team supporting tasks throughout the stages of international Oil and Gas, Power Plants, Energy, and Infrastructure Projects from tendering to startup and operation, leading effectively other team members under responsibility.What you will need to do:Ensures availability of drawings and information.Ensures availability of materials.Review Mechanical documents received by 3rd parties (Engineering Subcontractors / Vendors) and identify any problems/design issues.Participate in meetings with CLIENT/SUBCONTRACTOR/VENDOR related to Mechanical Discipline issuesPrepare key project documents (like Specifications, Mechanical Data Sheets, Material Requisitions, Technical Bid Evaluations, Mechanical Studies etc.)Provide input data and contribution to other disciplines to develop their own deliverables such as Piping Drawings, Plot Plans/Layouts etc.Perform technical bid evaluations for vendor offers and technical review of vendor drawings and documents.Work in accordance with the requirements of company IMS proceduresQualificationsWhat you will need to have:BE or equivalent in Mechanical Engineering, and MSc (preferably in an international English-speaking University).Minimum 5 years of relevant experience related to Oil & Gas, Power Plants, Industrial Projects, and detailed engineering experience in the field of expertise (Mechanical / Piping engineering).Technical competence in Mechanical engineering with strong technical background in static, rotating equipment and mechanical packages, pipe stress analysis and HVAC installations. Advanced analytical skills in basic and detailed engineering design from project feasibility stage to plant commissioning and start up is considered as an asset of the candidate.Previous exposure to international environment will be considered an advantage.Experience using relevant CAD and Mechanical commercial software applicable to Oil & Gas and Power Plants projects (like AUTOCAD, CAESAR II, PVElite, AMETank, HAP, THERMOFLOW etc.).In depth knowledge of international codes & standards, international design guidelines & recommendations (like ASME, API, NFPA, ASHRAE, etc.).Experience in Machinery Safety Regulations (local, international).Mobility is desirable to participate in working teams at Archirodon's project home offices throughout the countries that Archirodon executes its EPC projects.Excellent command (written and oral) of the English language.Additional InformationWhat's in it for you:Competitive salary and benefits are part of the offering, yet the real joy comes from being a member of smart and passionate teams, within an international leading EPC Group on a mission that matters. We create mega construction projects - literally around the globe - with meaningful impact on the local communities for the years to come. At Archirodon, you will find a proud, productive and human-centric culture, caring for and building on our people and their development!",,Full-time,"Kropia, Greece",EL,2024-09-06,kariera.gr,157896,,"['http://data.europa.eu/esco/skill/1f1d2ff8-c4c1-45cc-9812-6a7ee84a73cb', 'http://data.europa.eu/esco/skill/3bc08c26-2f98-4730-bbb6-ec4a8566e3cf', 'http://data.europa.eu/esco/skill/3d427a49-4f85-42cd-8a92-62d4a34f41a1', 'http://data.europa.eu/esco/skill/7c7d8588-5224-473c-bfe8-1fda049eeaaf', 'http://data.europa.eu/esco/skill/86065a19-7537-4bd5-b41c-7e0638d67b58', 'http://data.europa.eu/esco/skill/a2b5dcf3-5b6a-453d-876c-cff540c0faf1', 'http://data.europa.eu/esco/skill/fc4fcb4b-993f-4f2c-b158-c2171ec18ed8']","['http://data.europa.eu/esco/occupation/24677ef2-512c-4f4a-bc1c-14bf374e9f22', 'http://data.europa.eu/esco/occupation/42ff9e52-1f56-427d-b772-b9328c39b98a', 'http://data.europa.eu/esco/occupation/53a362a4-4c83-4ce2-837f-d1faba4cd247', 'http://data.europa.eu/esco/occupation/57ac359a-ae52-4aea-bc9c-93af7efa502e', 'http://data.europa.eu/esco/occupation/76abbb82-c103-4d7a-a4c0-14dba4d6199a', 'http://data.europa.eu/esco/occupation/79f435d0-9bc6-4d25-a26a-acbe16569ebb', 'http://data.europa.eu/esco/occupation/bea99fea-0383-4c63-b944-70d4799de2c5', 'http://data.europa.eu/esco/occupation/cb4f98c8-6b8d-41d8-87eb-a2a2033a3a25', 'http://data.europa.eu/esco/isco/C3118']"
567,R&D Software Engineer (Quarkus/Spring Framework),"Company DescriptionWe are Netcompany-Intrasoft, a leading European IT Solutions and Services Group with strong international presence and expertise, offering innovative and added-value solutions of the highest quality to a wide range of international and national public and private organizations. More than 500 organizations in over 70 countries worldwide have chosen the company's services and solutions to fulfill their business needs.For more information regarding our company, current projects, and openings around Europe, please consult our website: www.netcompany-intrasoft.com.Job DescriptionA day in the life of a R&D Software Engineer (Quarkus/Spring Framework)As a R&D Software Engineer, with expertise in the Quarkus and Spring frameworks. your role will be pivotal in creating and maintaining a sophisticated, full-stack service platform. This platform operates on a microservices architecture, demanding high performance, scalability, and efficiency standards.Your main duties will be to: Collaborate in designing and deploying large-scale distributed systems, ensuring reliability and high availabilityDevelop and maintain critical components of our service platform using Java, Quarkus framework and Spring WebFlux/BootContribute to the development of microservices in a distributed architecture, focusing on seamless integration and efficient communication between servicesUphold best practices in the development of large-scale web applications within a containerized environmentDesign and implement robust APIs for our distributed systems, ensuring scalability, security, and performanceCollaborate with cross-functional teams to ensure efficient deployment and seamless service operationParticipate in continuous improvement processes, focusing on system performance and reliabilityBy joining Netcompany - Intrasoft, a leading IT company, you will be part of a hub of 1.700+ tech enthusiasts in Greece. You will work using cutting-edge technologies that contribute to the design and delivery of solutions and products for challenging, large-scale IT projects, that affect the lives of millions of citizens around the globe.QualificationsIf you have:Bachelor's or Master's degree in Computer Science, Software Engineering, or a related fieldProven experience (3+ years) in preferably large IT projects with strong usage of open-source frameworks, software, and toolsProven experience in developing high-performance APIs and a deep understanding of RESTful principlesStrong background in designing and implementing solutions in a distributed systems environmentSolid experience in Java development, particularly with the Quarkus framework.Proficiency with Spring Boot and WebFluxKnowledge of Kubernetes and microservices architecturesExcellent communication skillsStrong interpersonal skills, adaptability and team spiritFluent in English...then this position is suitable for you! This position comes withCompetitive compensation packagesContinuous learning (with the most modern methods - unlimited access to Udemy for Business), and fast career growthChallenging tasks within large-scale projectsAn international dynamic within a fast-paced working environmentThe opportunity to work in a diverse environment with talented colleaguesAdditional InformationWe ensure equal opportunities, treatment, and consideration for all candidates. Discrimination based on sex, racial or ethnic origin, religion or belief, disability, age, sexual orientation or marital status, physical or mental disability, or any other factor protected by applicable laws and regulations is prohibited. At Netcompany-Intrasoft we respect human rights as part of our culture, and we focus on creating a positive workplace in which all employees are valued and where diversity and inclusivity are welcomed.The safety and well-being of our employees remain our top priority. Please note that Netcompany-Intrasoft's recruitment process is being conducted virtually due to preventive measures against the Covid-19 pandemic.#LI-Hybrid #LI-KA1 #LI-ZS1 #LI-AG1Our cultureOur people are the most important element of our success. Our work life is well defined by our set of fundamental Values: https://bit.ly/3SSbBzU  #BePartOfSomethingGreat!*Please submit your CV in EnglishAll applications will be treated as strictly confidential.",N/A,Full-time,"Athens, Greece",EL,2025-03-12,kariera.gr,129321,,"['http://data.europa.eu/esco/skill/07e51c60-763a-4335-b4ec-70a15f66d328', 'http://data.europa.eu/esco/skill/23ac233d-84ad-4517-b0f5-8ca19ba2614e', 'http://data.europa.eu/esco/skill/49de9958-2aa4-4eef-a89d-fe5d5bcd28c4', 'http://data.europa.eu/esco/skill/897b393f-e7e0-4248-a40d-d77119694e83', 'http://data.europa.eu/esco/skill/d4789070-2ff7-4bbb-94ca-8bb1739826a9', 'http://data.europa.eu/esco/skill/f9738fc9-4d67-43e8-bfda-954123e34d42']","['http://data.europa.eu/esco/occupation/57af9090-55b4-4911-b2d0-86db01c00b02', 'http://data.europa.eu/esco/occupation/e9507d34-c70f-474f-a4a3-d2cbfe50f6e9']"
571,Cloud Security Engineer,"Company DescriptionWe are Netcompany-Intrasoft, a member of Netcompany Group A/S, and a leading European IT Solutions and Services company with strong international presence and expertise, dedicated to responsible digitalisation. We offer innovative and added-value solutions of the highest quality to a wide range of public and private organizations, while being a key-player in the EU Institutions for the past 30 years. We hold an outstanding record of 500+ organizations in 70+ countries, that have chosen our solutions and services, to fulfil their business needs. Our team of 3500+ professionals is our driving force and our most valuable asset.Job DescriptionEver wondered what it feels like to be a Cloud Security Engineer in Netcompany-Intrasoft?Joining us as a Cloud Security Engineer, you will be a part of the vibrant team of our highly skilled Cybersecurity Technology Department of the Information Security organization. Your everyday life will mainly consist of designing and implementing Cloud Security Solutions:As a Cloud Security Engineer you will:Design, implement, and maintain cloud security solutions to protect against unauthorized access, data breaches, and other security threats.Collaborate with development and operations teams to integrate security measures into the development and deployment processes.Conduct threat modeling exercises to identify potential security risks and vulnerabilities in cloud architectures, applications, and services, and work with stakeholders to develop mitigation strategies.Develop and maintain documentation, policies, and procedures related to cloud security controls, configurations, and incident response protocols.Stay current on emerging threats, vulnerabilities, and security technologies relevant to cloud computing, and make recommendations for enhancements to security posture.Stay updated with industry trends and emerging technologies relevant to Cloud Security.The option to be engaged in mid-term missions abroad at EU institutes, mainly in the Benelux region.QualificationsWhat would make you a fit for the role:University degree in Computer Engineering or another relevant fieldAt least 2 years of relevant experience in delivering Cloud services with focus on securing Azure environments.Solid understanding of diverse cloud computing technologies, encompassing Infrastructure as a Service (IaaS), Platform as a Service (PaaS), and Software as a Service (SaaS)Experience with cloud security in Microsoft Azure, showcasing proficiency in safeguarding cloud-based environments.Strong methodical mindset and problem-solving acumen, facilitating the identification and resolution of cloud security challenges.Comprehensive knowledge of fortifying cloud-hosted data and applications against a spectrum of threats.Excellent communication skills, with the ability to effectively communicate complex technical concepts to both technical and non-technical stakeholders.Excellent command of the English language (verbal and written) It would also be a plus if you match some of the following:Master's degree in information securityRelevant Microsoft Azure credentials and Microsoft Security credentials will be considered a plus.Additional InformationBeing a part of the Netcompany-Ιntrasoft team, you will be provided with: The opportunity to work in a modern environment & in a hybrid working modelA seamless onboarding experience and a buddy to support you on your first stepsA competitive compensation & benefits packageHealth and life insurance programMeal and commuting allowanceWell-being activities (on premises)Continuous learning opportunities using the most modern methods (unlimited access to Udemy for Business, ad-hoc trainings)A personalized development plan for targeted career growthIf you are looking forward to be part of a diverse environment, and have the opportunity to work alongside well-experienced professionals, on challenging, large-scale projects that directly impact millions of citizens around the globe, then this is the place to be!#LI-TM1Our cultureOur people are the most important element of our success. Our work life is well defined by our set of fundamental Values: https://bit.ly/3SSbBzU  #BePartOfSomethingGreat!*Please submit your CV in EnglishAll applications will be treated as strictly confidential.",,Full-time,"Athens, Greece",EL,2024-09-06,kariera.gr,150751,,"['http://data.europa.eu/esco/skill/1d86f05e-e9cc-40ce-99d8-2b21cc71b16b', 'http://data.europa.eu/esco/skill/23ac233d-84ad-4517-b0f5-8ca19ba2614e', 'http://data.europa.eu/esco/skill/385479b7-5da5-4367-9763-0d15b41bb65b', 'http://data.europa.eu/esco/skill/7f27f1ff-2e17-4b69-990e-c23334478313', 'http://data.europa.eu/esco/skill/8f6ed69b-29d0-4c01-81ba-f05920a185f3', 'http://data.europa.eu/esco/skill/ac802765-4098-4466-ac1e-4791f192c667', 'http://data.europa.eu/esco/skill/bd14968e-e409-45af-b362-3495ed7b10e0', 'http://data.europa.eu/esco/skill/c13fb093-5ffb-491a-b8b7-fa2d42a57e2e', 'http://data.europa.eu/esco/skill/f75b740c-b36c-495e-bc67-efe347bbc6b5', 'http://data.europa.eu/esco/skill/f9738fc9-4d67-43e8-bfda-954123e34d42']","['http://data.europa.eu/esco/occupation/2fb96c6c-8d0b-4ef0-b1ee-3e493305e4eb', 'http://data.europa.eu/esco/occupation/349ee6f6-c295-4c38-9b98-48765b55280e', 'http://data.europa.eu/esco/occupation/719f101d-1866-49d3-8d5c-2256f606a8b9', 'http://data.europa.eu/esco/occupation/7754d570-9519-48c2-b1c9-8e165f8bca0f', 'http://data.europa.eu/esco/occupation/8cb59bc4-1f39-477e-beea-effed12d186c', 'http://data.europa.eu/esco/occupation/caf7b8fb-b2d6-46b7-bffa-bea7f8e4aed8', 'http://data.europa.eu/esco/occupation/e9507d34-c70f-474f-a4a3-d2cbfe50f6e9']"
716,Junior Java Developer / DevOps Engineer (Remote/Thessaloniki),"Description
Are you a Junior Java Developer or DevOps Engineer looking for a dynamic role in a growing development team? Join us in Thessaloniki or work fully remotely, and become part of our innovative team implementing cutting-edge IT software projects for major international public organizations.
Main Responsibilities and Tasks:

Participate in the design and development of large scale web-based and mobile applications using state-of-the-art techniques and technologies;
Maintain and develop DevOps tools and services such as CI/CD pipelines and automated processes;
Participate and contribute in the process of defining the software architecture;
Work in a multi-national environment.

Requirements

Bachelor’s degree in Electrical Engineering, Computer Science, or Software Engineering.
Enthusiasm for programming and knowledge of Java;
Strong analytical capabilities, team- and quality-oriented, keen to learn and excel;
Fluency in verbal and written English.

Additional qualification

Experience in any of the following technologies will be highly appreciated: Java, Javascript, Frontend JS frameworks (e.g. Angular), Databases and SQL, REST, Linux, microservices, SpringBoot or Quarkus, Jenkins, Docker.

Benefits
We offer a competitive remuneration based on qualifications and experience, including:

Competitive full-time salary;
Private Health Coverage on the Company’s group program;
Flexible working hours, top - of - the Line tools, language courses, specialized trainings;
A great opportunity to grow and work with innovative and exciting specialists in the industry;
Being part of an environment that offers challenging goals, autonomy and mentoring, which creates development opportunities, both for you and the company.

If you are seeking a career in an exciting, dynamic and multicultural international environment with exciting opportunities that will boost your career, please send us your detailed CV in English, quoting reference: (JJD_D/09/24).
You may also consider all our other open vacancies by visiting the career section of our website (www.eurodyn.com) and follow us on Twitter (@EURODYN_Careers) and LinkedIn.
EUROPEAN DYNAMICS (ED) (www.eurodyn.com) is a leading European Software, Information and Communication Technologies company, operating internationally (Athens, Brussels, Luxembourg, Copenhagen, Berlin, Stockholm, London, Nicosia, Valetta, Vienna, Den Haag, Hong Kong, etc.) The company employs over 1000 engineers, IT experts and consultants (around 3% PhD, 36% MSc and 53% BSc). We design and develop software applications using integrated, state-of-the-art technology. Our current IT projects have a value exceeding 300 million EURO. EUROPEAN DYNAMICS is a renowned supplier of IT services to European Union Institutions, international organizations, European Agencies and national government Administrations in 40 countries and 4 continents.
As part of our dedication to the diversity of our workforce, we are committed to Equal Employment Opportunity without regard for race, colour, national origin, ethnicity, gender, disability, sexual orientation, gender identity, or religion.
EUROPEAN DYNAMICS (ED) adheres to the General Data Protection Regulation principles by applying its Privacy Policy as published in www.eurodyn.com/privacy. By submitting an application to this position and by sharing your personal data with ED, you acknowledge and accept its Policy and authorise ED to process your personal data for the purposes of the company's recruitment opportunities, in line to the Policy.",Entry / Junior,Full-time,"Thessaloniki, Greece",EL,2024-09-06,kariera.gr,168131,,"['http://data.europa.eu/esco/skill/19a8293b-8e95-4de3-983f-77484079c389', 'http://data.europa.eu/esco/skill/21d2f96d-35f7-4e3f-9745-c533d2dd6e97', 'http://data.europa.eu/esco/skill/2b1ce548-4e16-45fb-bfb2-f3141c8efe8d', 'http://data.europa.eu/esco/skill/3993c87c-7719-4186-811b-8ddfb40e76be', 'http://data.europa.eu/esco/skill/43ae58b9-5e56-4524-b45a-b422777a0576', 'http://data.europa.eu/esco/skill/598de5b0-5b58-4ea7-8058-a4bc4d18c742', 'http://data.europa.eu/esco/skill/5b26f08b-88bc-45f0-b901-530d7786466b', 'http://data.europa.eu/esco/skill/96eb286a-58b7-45ff-a916-5578d0b79b8c', 'http://data.europa.eu/esco/skill/a8797f21-1af0-4c5e-98ca-bf1442929363', 'http://data.europa.eu/esco/skill/d3e9b00a-0891-4fa8-836d-8240ec3d2758', 'http://data.europa.eu/esco/skill/e24377fb-020b-4430-8bed-86dd539bbf3a', 'http://data.europa.eu/esco/skill/f0de4973-0a70-4644-8fd4-3a97080476f4', 'http://data.europa.eu/esco/skill/f47a1998-0beb-43be-9f46-380aa4d183da', 'http://data.europa.eu/esco/skill/f7e2eb04-3e50-4561-bce1-7e51a1fec308', 'http://data.europa.eu/esco/skill/fcc0a1c8-d36e-4f8e-b928-00d5bca10a47']","['http://data.europa.eu/esco/occupation/3d190639-90f8-4402-b1b3-a104a17e0d67', 'http://data.europa.eu/esco/occupation/57af9090-55b4-4911-b2d0-86db01c00b02', 'http://data.europa.eu/esco/occupation/86ca306c-ab99-420a-9e2a-aa73c5c4de22', 'http://data.europa.eu/esco/occupation/cc867bee-ab5c-427f-9244-f7a204d9574b', 'http://data.europa.eu/esco/occupation/d0aa0792-4345-474b-9365-686cf4869d2e', 'http://data.europa.eu/esco/occupation/d1b1dfdf-7d60-430a-b569-7dd71b2ebeaa']"
743,Software Engineer (Oracle),"ICAP Executive Search & Selection is one of the premium consultancies and part of ICAP People & Employment Solutions, the largest HR Services Provider in Greece and Cyprus. With more than 50 years of experience, we specialize in assessing and recruiting Senior to Middle Level Executives across all sectors.ICAP Executive Search, on behalf of its client, a multinational industrial group of companies with offices in the city of Thessaloniki, is seeking an experienced professional for the position of: 
Software Engineer (Oracle) – Ref. 5692/SEO/ESS/GR
Position Overview:We are looking for a skilled Software Engineer to design and develop software applications that meet our clients needs. In this role, you will be responsible for creating high-quality software, ensuring the functionality of key systems, and supporting users with technical issues. Your work will have a direct impact on the smooth operation of their manufacturing and supply chain processes.Key Responsibilities:

Design and develop software applications using HTML, CSS, JavaScript, and relational databases such as Oracle and SQL Server to support company operations across all subsidiaries.
Conduct testing and debugging to ensure the proper functioning of applications, particularly those built with PL/SQL.
Write technical documentation for software deliverables.
Provide technical support and maintenance for existing systems, including ERP, CRM, and WMS platforms.
Train users on new applications or system upgrades.
Research and present new software development technologies that could benefit the company’s systems.
Gather and evaluate user requirements to recommend software optimizations.
Collaborate with teams to translate user needs into technical specifications.
Provide ongoing user support for daily technical issues.
Train staff on software tools and systems.
Present and implement emerging technologies that can enhance our information systems.

Qualifications:

Bachelor’s degree in Computer Science or a related field.
At least 3 years of experience in a relevant role (Back-end Developer, SQL Developer, etc.).
Experience in software development using mobile and web technologies (HTML, CSS, JavaScript).
Strong knowledge of relational databases.
Experience with Oracle and SQL Server database development.
Proficiency in PL/SQL is required.
Familiarity with SAP ERP, WMS, MRP, and CRM systems is a plus.
Fluency in English.
Strong communication skills.
Team-oriented mindset and ability to collaborate effectively.
Initiative and problem-solving capabilities.
Analytical thinking.",Entry / Junior,Full-time,"Thessaloniki, Greece",EL,2024-09-05,kariera.gr,168093,,"['http://data.europa.eu/esco/skill/001115fb-569f-4ee6-8381-c6807ef2527f', 'http://data.europa.eu/esco/skill/2522a6ce-3202-4ac8-9f5b-b9cb5a3a83a1', 'http://data.europa.eu/esco/skill/2624158e-4a53-4667-8921-96ee7aaea7b3', 'http://data.europa.eu/esco/skill/2636b3d3-843e-46a9-8b4c-a9d6ca3f5a2d', 'http://data.europa.eu/esco/skill/4707da90-9cfc-46ca-8de0-38a0b7bfb137', 'http://data.europa.eu/esco/skill/4f5ccaad-0e4f-4e9f-8246-47765564387d', 'http://data.europa.eu/esco/skill/7369f779-4b71-4aab-8836-48b69c676eec', 'http://data.europa.eu/esco/skill/7a1dcd86-8c78-40a8-b446-269438f24d72', 'http://data.europa.eu/esco/skill/adc6dc11-3376-467b-96c5-9b0a21edc869', 'http://data.europa.eu/esco/skill/b7e57889-a84f-440c-9e60-459aa69979e9', 'http://data.europa.eu/esco/skill/c062bab3-3ea0-4291-9220-a2d8fef4bead', 'http://data.europa.eu/esco/skill/f28617ad-afdd-4041-814c-216153a38998', 'http://data.europa.eu/esco/skill/f8e3425c-fe44-4ffb-bafe-0e20d91dadf4']","['http://data.europa.eu/esco/occupation/10469d70-78a3-4650-9e29-d04de13c62c1', 'http://data.europa.eu/esco/occupation/2ed56c3f-61d6-4f7e-9ef8-8849eb102e4c', 'http://data.europa.eu/esco/occupation/8cb59bc4-1f39-477e-beea-effed12d186c', 'http://data.europa.eu/esco/occupation/aacc3918-b5d3-484b-9480-5d29aa550d74', 'http://data.europa.eu/esco/occupation/b11e1742-5e28-4270-b081-b0193d85ee7d']"
953,Network Engineer,"The Network Engineer’s role is to ensure the stability and integrity of network infrastructure. In addition, the Network Engineer will participate with the design, installation, monitoring, maintenance, support, and optimization of all network hardware, software, and communication links. This individual will also analyze and resolve network hardware and software problems in a timely and accurate fashion.
Position responsibilities:
Strategy & Planning  

Collaborate with department heads to assess near- and long-term network capacity needs.  
Create and maintain documentation as it relates to network configuration, network mapping,  processes, and service records.  
Develop, implement and maintain policies, procedures, and associated training plans for network  administration, usage, and disaster recovery.
Management of virtual/physical assets (ASNs, IP addresses, equipment inventory etc.)
Testing of new equipment for introduction into the network

Necessary skills:
Excellent knowledge of Ethernet & IP technologies and more specifically

IPv4/IPv6
Interconnection, IP traffic routing & switching and aggregation technologies
Routing: ISIS, BGP, MPLS
Security: L3VPN, IPSec/SSL VPN
Layer2: VLAN, STP, LAG, mcLAG
Service provisioning: PPPoE, IPoE, BRAS/BNG

Necessary qualifications:

University Degree or equivalent, in Engineering, Computer Science or similar
At least 3 years of experience in Ethernet & IP technologies, ideally in a Telecommunication Service Provider environment or related technology Vendor/Integrato
Fluency in English
Related certifications will be considered an asset, especially from Cisco, Huawei, Mikrotik
Soft skills: problem-solving abilities, effective communication and teamwork are all considered as a must",Mid-level,Full-time,"Athens, Greece",EL,2024-09-05,kariera.gr,165641,,"['http://data.europa.eu/esco/skill/15d76317-c71a-4fa2-aadc-2ecc34e627b7', 'http://data.europa.eu/esco/skill/47ca0da1-cae5-4395-ae6b-fd97b9ff48d3', 'http://data.europa.eu/esco/skill/5b26f08b-88bc-45f0-b901-530d7786466b', 'http://data.europa.eu/esco/skill/949ced5f-7536-4614-ac60-563ffc91a2f2', 'http://data.europa.eu/esco/skill/c5bc42be-4970-4dce-80e2-af78bae42e84', 'http://data.europa.eu/esco/skill/d4789070-2ff7-4bbb-94ca-8bb1739826a9', 'http://data.europa.eu/esco/skill/f1a56786-e6d7-4b2e-a39c-23e09024d473']","['http://data.europa.eu/esco/occupation/102e75c8-3b47-4964-9b47-30a980aed25c', 'http://data.europa.eu/esco/occupation/4f49df98-98b8-4a9e-98ad-9c5557817eba', 'http://data.europa.eu/esco/occupation/6fc8f605-98b9-4218-b5e2-91c4c9c55c4d', 'http://data.europa.eu/esco/occupation/caf7b8fb-b2d6-46b7-bffa-bea7f8e4aed8', 'http://data.europa.eu/esco/occupation/d07e6a57-a339-4cfd-bf22-a951713148a3', 'http://data.europa.eu/esco/isco/C334']"
1074,Senior Architect Engineer (Building Sector - Milos Island),"TERNA S.A., member of GEK TERNA GROUP S.A. is seeking for a:
Senior Architect Engineer (Building Sector – Milos Island)
Main Responsibilities:

Manages planning, execution and completion of construction project, ensuring all phases are executed according to timeline
Supervises on-site construction activities, ensuring compliance with design specifications, safety standards and regulatory requirements
Provides technical support and guidance to the construction team, including contractors, subcontractors and site workers, ensuring all engineering aspects are addressed
Assists in preparing project budgets and manages costs to keep projects within financial limits, ensuring efficient use of resources
Maintains accurate and detailed project documentation, including daily reports, schedules and project plans
Supervises the implementation of the original plan and proposes changes to the original design, if needed
Promotes and enforces health and safety standards on construction sites

Requirements:

Bachelor’s degree in Architecture
10+ years of working experience in related roles
Proficiency in architectural design software
Excellent knowledge of AutoCad
Excellent knowledge of English language, both oral and written
Ability to operate in a highly technical field
Strong understanding of construction methods, materials and legal regulations

Skills:

 Excellent communication, leadership and organizational skills
 Ability to manage multiple projects simultaneously and meet deadlines
 Strong problem-solving skills and attention to detail

The Company Offers:

Opportunities for further development within Group
Health & Life Insurance plan",Senior,Full-time,"Milos, Greece",EL,2024-09-04,kariera.gr,167702,,"['http://data.europa.eu/esco/skill/1de548e0-9535-4d2e-9d20-d4474c1ea813', 'http://data.europa.eu/esco/skill/21fecc8a-392e-49ce-ac26-fb0696ccfead', 'http://data.europa.eu/esco/skill/72a74f69-5cf1-43c5-99b9-62a444578919', 'http://data.europa.eu/esco/skill/75d8e5d9-bef3-418b-9011-01bff9f27207', 'http://data.europa.eu/esco/skill/7d092d81-d1e2-4c34-b3cb-c1c9f2e68b7d', 'http://data.europa.eu/esco/skill/91abe492-18be-4cce-93c7-0dca07072363', 'http://data.europa.eu/esco/skill/c881ddd2-9c0e-4743-bd24-36be650493dd', 'http://data.europa.eu/esco/skill/cc173f61-3386-44c5-a048-3889e1ec9114', 'http://data.europa.eu/esco/skill/ce5598ec-5ca4-4f3e-92a2-c55c90ce6038', 'http://data.europa.eu/esco/skill/df5e3d02-9f0f-44ee-91c2-85c62f161868', 'http://data.europa.eu/esco/skill/e49f4158-9d4c-425d-bf32-dfe89b19840a', 'http://data.europa.eu/esco/skill/f17f94f1-88cb-4815-873a-2a9639f10729', 'http://data.europa.eu/esco/skill/f5308e60-d763-4ead-be95-88c96fb3e02b']","['http://data.europa.eu/esco/occupation/01989dd8-36c0-43cc-a82d-2bfc409de9c4', 'http://data.europa.eu/esco/occupation/2a914d26-42aa-46b5-acf3-097d51ba4617', 'http://data.europa.eu/esco/occupation/8cb59bc4-1f39-477e-beea-effed12d186c', 'http://data.europa.eu/esco/occupation/ba3bacd4-73e9-4861-a9c0-f89f1f28055a', 'http://data.europa.eu/esco/occupation/bea99fea-0383-4c63-b944-70d4799de2c5', 'http://data.europa.eu/esco/occupation/d0aa0792-4345-474b-9365-686cf4869d2e', 'http://data.europa.eu/esco/isco/C3', 'http://data.europa.eu/esco/isco/C3123']"
1113,R&D SW Engineer,"Company DescriptionWe are Netcompany-Intrasoft, a member of Netcompany Group A/S, and a leading European IT Solutions and Services company with strong international presence and expertise, dedicated to responsible digitalisation. We offer innovative and added-value solutions of the highest quality to a wide range of public and private organizations, while being a key-player in the EU Institutions for the past 30 years. We hold an outstanding record of 500+ organizations in 70+ countries, that have chosen our solutions and services, to fulfil their business needs. Our team of 3500+ professionals is our driving force and our most valuable asset.Job DescriptionAre you ready to join the forefront of technology as a R&D Software Engineer in Netcompany-Intrasoft? Joining us as a R&D Engineer, you will have the opportunity to be a part of our highly talented and multidisciplinary Research & Innovation Development (RID) team, and you will be able to address technical design and implementation tasks in a demanding and fast-paced environment associated with R&D projects (EU-funded research and innovation projects).As an Experienced R&D Software Engineer you will:Lead and manage R&D projects, ensuring the successful delivery of high-quality solutions across Software, Data/ML, and DevOps engineering domains.Effectively contribute to important technical decisions and evaluate solutions, while maintaining a strong sense of responsibility and ownership. Be able to understand concerns and ideas inherent to distributed systems and deployments, including performance and security.Adapt to new technologies and methodologies quickly, demonstrating a continuous learning mindset.Work with cross-functional teams to deliver technical R&D solutions, innovative prototypes, and proof of concepts, leading to the pre-commercialization of new products/services.Contribute to R&D projects with your own, creative ideas. Propose follow-up projects and activities within own technical area based on new ideas and by capitalizing upon the company's existing offerings.Implement technical and scientific deliverables (state-of-art, requirements, conceptual architecture, specifications, implementation/integration plans, prototypes, testing, etc.)Communicate complex technical concepts effectively to both technical and non-technical stakeholders.QualificationsWhat would make you a fit for the role:MSc or BSc degree in Information Technology (IT), computer science, software engineering, or related fieldsProven experience (5+ years) in preferably large IT projects with strong usage of open-source frameworks, software, and toolsExperience with all aspects of the system implementation process of system design, configuration, customization, integration, testing, and supportExperience with communicating requirements in writing and using technical design meansPassion for innovation and staying up to date with industry trends and advancementsExcellent written and spoken communication skills in EnglishIt would also be a plus if you match some of the following:Familiarity with ETL procedures and stream processing involving large datasets.Source code management (Git, code branches, commits, merges, etc.) with knowledge of CI/CD procedures, methodologies, and related tools including Jenkins, testing frameworks, and containerization technologies.Experience with (some, not all) of the following API architecture styles:RESTfulGraphQLgRPCWebsocketWebhooksSOAP (mainly for interoperability needs with legacy systems).Experience/familiarity with distributed processing frameworks (e.g., Apache Spark, Apache Flink).Picking up new languages is also important. We also consider colleagues that are proficient with NodeJS or Go Lang.Additional InformationBeing a part of the Netcompany-Ιntrasoft team, you will be provided with: The opportunity to work in a modern environment & in a hybrid working modelA seamless onboarding experience and a buddy to support you on your first stepsA competitive compensation & benefits packageHealth and life insurance programMeal and commuting allowanceWell-being activities (on premises)Continuous learning opportunities using the most modern methods (unlimited access to Udemy for Business, ad-hoc trainings)A personalized development plan for targeted career growth If you are looking forward to be part of a diverse environment, and have the opportunity to work alongside well-experienced professionals, on challenging, large-scale projects that directly impact millions of citizens around the globe, then this is the place to be!By joining Netcompany-Intrasoft Athens, you will be part of a vivid team of 2000+ tech enthusiasts. When at the office you will have the chance to work at our brand-new, state-of-the-art, sustainable offices, located in 3 different spots in Athens!Our cultureOur people are the most important element of our success. Our work life is well defined by our set of fundamental Values: https://bit.ly/3SSbBzU  #BePartOfSomethingGreat!*Please submit your CV in EnglishAll applications will be treated as strictly confidential.",,Full-time,"Athens, Greece",EL,2024-09-04,kariera.gr,150439,,"['http://data.europa.eu/esco/skill/199f7919-5114-41b6-b6a5-41e0e4896ec1', 'http://data.europa.eu/esco/skill/1d86f05e-e9cc-40ce-99d8-2b21cc71b16b', 'http://data.europa.eu/esco/skill/23ac233d-84ad-4517-b0f5-8ca19ba2614e', 'http://data.europa.eu/esco/skill/2fb8480e-de3c-462b-b169-e8bbb344da68', 'http://data.europa.eu/esco/skill/4fc1d2b4-9645-4fda-be99-abdf8e66c88d', 'http://data.europa.eu/esco/skill/5b26f08b-88bc-45f0-b901-530d7786466b', 'http://data.europa.eu/esco/skill/5c1e686c-92cc-4bd7-9f23-51f9d8a58886', 'http://data.europa.eu/esco/skill/8327754d-3990-4056-b07e-4faa49cfcd26', 'http://data.europa.eu/esco/skill/861313ba-3a1a-4d33-842a-1b8e45e2415b', 'http://data.europa.eu/esco/skill/897b393f-e7e0-4248-a40d-d77119694e83', 'http://data.europa.eu/esco/skill/8f6ed69b-29d0-4c01-81ba-f05920a185f3', 'http://data.europa.eu/esco/skill/9fc400ac-8ed2-4aff-915f-aa4f2609ec7b', 'http://data.europa.eu/esco/skill/a8797f21-1af0-4c5e-98ca-bf1442929363', 'http://data.europa.eu/esco/skill/ac802765-4098-4466-ac1e-4791f192c667', 'http://data.europa.eu/esco/skill/af7ae54f-4649-4c16-87c7-59ba41d4d57f', 'http://data.europa.eu/esco/skill/bacbfc27-4b5d-47de-8bfd-af5fa27562a2', 'http://data.europa.eu/esco/skill/d4789070-2ff7-4bbb-94ca-8bb1739826a9', 'http://data.europa.eu/esco/skill/f0de4973-0a70-4644-8fd4-3a97080476f4', 'http://data.europa.eu/esco/skill/f47a1998-0beb-43be-9f46-380aa4d183da', 'http://data.europa.eu/esco/skill/f9738fc9-4d67-43e8-bfda-954123e34d42', 'http://data.europa.eu/esco/skill/f9b52e2d-56a7-48ca-b04d-2fc6436fcd4f', 'http://data.europa.eu/esco/skill/fae27053-8924-4bfd-b565-c9fe502044c9']","['http://data.europa.eu/esco/occupation/1d8f8111-79dd-41dc-aa2a-12f3192dde3c', 'http://data.europa.eu/esco/occupation/57af9090-55b4-4911-b2d0-86db01c00b02', 'http://data.europa.eu/esco/occupation/719f101d-1866-49d3-8d5c-2256f606a8b9', 'http://data.europa.eu/esco/occupation/8cb59bc4-1f39-477e-beea-effed12d186c', 'http://data.europa.eu/esco/occupation/969f8af0-3c0d-403a-9c16-a6fb76c6b443', 'http://data.europa.eu/esco/occupation/cc867bee-ab5c-427f-9244-f7a204d9574b', 'http://data.europa.eu/esco/occupation/d515e82a-ca9f-4be4-9823-33694dff7304', 'http://data.europa.eu/esco/occupation/e9507d34-c70f-474f-a4a3-d2cbfe50f6e9']"
1124,Call for Talents - Junior Software Engineers,"Company DescriptionWe are Netcompany-Intrasoft, a member of Netcompany Group A/S, and a leading European IT Solutions and Services company with strong international presence and expertise, dedicated to responsible digitalisation. We offer innovative and added-value solutions of the highest quality to a wide range of public and private organizations, while being a key-player in the EU Institutions for the past 30 years. We hold an outstanding record of 500+ organizations in 70+ countries, that have chosen our solutions and services, to fulfil their business needs. Our team of 3500+ professionals is our driving force and our most valuable asset.Job DescriptionEver wondered what it feels like to be a Junior Software Engineer in Netcompany-Intrasoft? Joining us as a Junior Software Engineer you will become part of agile, highly skilled SW Product Development teams that design, develop, deploy, customize, test, and support web and digital applications for various industries (FinTech / Betting / Insurance / Telecommunications / Utilities / Retail / EU Institutions / Public Sector Digital Transformation). This will be the beginning of your career in one of the following specialties: backend, frontend, full-stack, DevOps, or automation testing SW Engineers.As a Junior Software Engineer you will:Work within an agile team that designs, develops, tests, and maintains web applications by using technologies such as Java, Spring, Spring boot, Microservices Architecture, Angular, React, Docker, Kafka, Kubernetes, Selenium, Cucumber, etc.Perform a full range of complex programming tasks using a variety of web and application-based programming technologies and languages, keeping current with new programming techniquesDevelop and maintain code and application libraries, instructions, and technical documentationCollaborate with team members to understand requirements and propose solutionsParticipate in peer code reviewsBe up to date, learn and gain experience in new technology stacks.QualificationsWhat would make you a fit for the role:Degree in Computer Science, Software Engineering or other relevant disciplinesFamiliarity with at least one of the below (Java, Spring, Spring boot, Microservices Architecture, Angular, React, Docker, Kafka, Kubernetes, Selenium and Cucumber)Excellent command of the English language (written & oral)It would also be a plus if you match some of the following:Knowledge of:web technologies including HTML5, CSS3, JavaScript frameworksdatabase concepts and SQL programmingExperience with Source Control(GIT, Subversion) and Build Tools (Maven).Additional InformationAll newcomers attend a high-quality training by our internal onboarding academy, regarding the Netcompany-Intrasoft culture and digital journey. All sessions are conducted by our tech specialists, who share their knowledge on technologies and methodologies that are used in our projects, ensuring a smooth and enlightening onboarding process.Being a part of the Netcompany-Ιntrasoft team, you will be provided with: The opportunity to work in a modern environment & in a hybrid working modelA seamless onboarding experience and a buddy to support you on your first stepsA competitive compensation & benefits packageHealth and life insurance programMeal and commuting allowanceWell-being activities (on premises)Continuous learning opportunities using the most modern methods (unlimited access to Udemy for Business, ad-hoc trainings)A personalized development plan for targeted career growthIf you are looking forward to be part of a diverse environment, and have the opportunity to work alongside well-experienced professionals, on challenging, large-scale projects that directly impact millions of citizens around the globe, then this is the place to be!By joining Netcompany-Intrasoft Athens, you will be part of a vivid team of 2000+ tech enthusiasts. When at the office you will have the chance to work at our brand-new, state-of-the-art, sustainable offices, located in 3 different spots in Athens!Our cultureOur people are the most important element of our success. Our work life is well defined by our set of fundamental Values: https://bit.ly/3SSbBzU  #BePartOfSomethingGreat!*Please submit your CV in EnglishAll applications will be treated as strictly confidential.",,Full-time,"Athens, Greece",EL,2024-09-04,kariera.gr,150421,,"['http://data.europa.eu/esco/skill/0d168770-4d9c-4096-b048-a6577818d306', 'http://data.europa.eu/esco/skill/19a8293b-8e95-4de3-983f-77484079c389', 'http://data.europa.eu/esco/skill/1ffac4ac-fda7-407d-8ed1-ca8f4a8dc146', 'http://data.europa.eu/esco/skill/23ac233d-84ad-4517-b0f5-8ca19ba2614e', 'http://data.europa.eu/esco/skill/3993c87c-7719-4186-811b-8ddfb40e76be', 'http://data.europa.eu/esco/skill/484df271-bb52-49f1-8f50-f19624bf4df2', 'http://data.europa.eu/esco/skill/7557f0f4-b8bc-4ac0-b91e-222ab1ba744f', 'http://data.europa.eu/esco/skill/8f6ed69b-29d0-4c01-81ba-f05920a185f3', 'http://data.europa.eu/esco/skill/a8797f21-1af0-4c5e-98ca-bf1442929363', 'http://data.europa.eu/esco/skill/dba46f87-0831-49cd-a1c7-340a653c0221', 'http://data.europa.eu/esco/skill/f0de4973-0a70-4644-8fd4-3a97080476f4']","['http://data.europa.eu/esco/occupation/57af9090-55b4-4911-b2d0-86db01c00b02', 'http://data.europa.eu/esco/occupation/719f101d-1866-49d3-8d5c-2256f606a8b9', 'http://data.europa.eu/esco/occupation/866c7813-2c03-47d7-9bdc-192cfbace57c', 'http://data.europa.eu/esco/occupation/a9c7a04d-807a-41b5-b441-87c73c73c9c5', 'http://data.europa.eu/esco/occupation/c52129d9-4656-4ce8-ba13-8a72a51d5400', 'http://data.europa.eu/esco/occupation/cc867bee-ab5c-427f-9244-f7a204d9574b']"
1125,Call for Talents - Junior Software Engineers,"Company DescriptionWe are Netcompany-Intrasoft, a member of Netcompany Group A/S, and a leading European IT Solutions and Services company with strong international presence and expertise, dedicated to responsible digitalisation. We offer innovative and added-value solutions of the highest quality to a wide range of public and private organizations, while being a key-player in the EU Institutions for the past 30 years. We hold an outstanding record of 500+ organizations in 70+ countries, that have chosen our solutions and services, to fulfil their business needs. Our team of 3500+ professionals is our driving force and our most valuable asset.Job DescriptionEver wondered what it feels like to be a Junior Software Engineer in Netcompany-Intrasoft? Joining us as a Junior Software Engineer you will become part of agile, highly skilled SW Product Development teams that design, develop, deploy, customize, test, and support web and digital applications for various industries (FinTech / Betting / Insurance / Telecommunications / Utilities / Retail / EU Institutions / Public Sector Digital Transformation). This will be the beginning of your career in one of the following specialties: backend, frontend, full-stack, DevOps, or automation testing SW Engineers.As a Junior Software Engineer you will:Work within an agile team that designs, develops, tests, and maintains web applications by using technologies such as Java, Spring, Spring boot, Microservices Architecture, Angular, React, Docker, Kafka, Kubernetes, Selenium, Cucumber, etc.Perform a full range of complex programming tasks using a variety of web and application-based programming technologies and languages, keeping current with new programming techniquesDevelop and maintain code and application libraries, instructions, and technical documentationCollaborate with team members to understand requirements and propose solutionsParticipate in peer code reviewsBe up to date, learn and gain experience in new technology stacks.QualificationsWhat would make you a fit for the role:Degree in Computer Science, Software Engineering or other relevant disciplinesFamiliarity with at least one of the below (Java, Spring, Spring boot, Microservices Architecture, Angular, React, Docker, Kafka, Kubernetes, Selenium and Cucumber)Excellent command of the English language (written & oral)It would also be a plus if you match some of the following:Knowledge of:web technologies including HTML5, CSS3, JavaScript frameworksdatabase concepts and SQL programmingExperience with Source Control(GIT, Subversion) and Build Tools (Maven).Additional InformationAll newcomers attend a high-quality training by our internal onboarding academy, regarding the Netcompany-Intrasoft culture and digital journey. All sessions are conducted by our tech specialists, who share their knowledge on technologies and methodologies that are used in our projects, ensuring a smooth and enlightening onboarding process.Being a part of the Netcompany-Ιntrasoft team, you will be provided with: The opportunity to work in a modern environment & in a hybrid working modelA seamless onboarding experience and a buddy to support you on your first stepsA competitive compensation & benefits packageHealth and life insurance programMeal and commuting allowanceWell-being activities (on premises)Continuous learning opportunities using the most modern methods (unlimited access to Udemy for Business, ad-hoc trainings)A personalized development plan for targeted career growthIf you are looking forward to be part of a diverse environment, and have the opportunity to work alongside well-experienced professionals, on challenging, large-scale projects that directly impact millions of citizens around the globe, then this is the place to be!Join Netcompany-Intrasoft Thessaloniki's branch, and be part of our 250+ tech enthusiasts team!Our cultureOur people are the most important element of our success. Our work life is well defined by our set of fundamental Values: https://bit.ly/3SSbBzU  #BePartOfSomethingGreat!*Please submit your CV in EnglishAll applications will be treated as strictly confidential.",,Full-time,"Thessaloniki, Greece",EL,2024-09-04,kariera.gr,150420,,"['http://data.europa.eu/esco/skill/0d168770-4d9c-4096-b048-a6577818d306', 'http://data.europa.eu/esco/skill/19a8293b-8e95-4de3-983f-77484079c389', 'http://data.europa.eu/esco/skill/1ffac4ac-fda7-407d-8ed1-ca8f4a8dc146', 'http://data.europa.eu/esco/skill/23ac233d-84ad-4517-b0f5-8ca19ba2614e', 'http://data.europa.eu/esco/skill/3993c87c-7719-4186-811b-8ddfb40e76be', 'http://data.europa.eu/esco/skill/484df271-bb52-49f1-8f50-f19624bf4df2', 'http://data.europa.eu/esco/skill/7557f0f4-b8bc-4ac0-b91e-222ab1ba744f', 'http://data.europa.eu/esco/skill/8f6ed69b-29d0-4c01-81ba-f05920a185f3', 'http://data.europa.eu/esco/skill/a8797f21-1af0-4c5e-98ca-bf1442929363', 'http://data.europa.eu/esco/skill/dba46f87-0831-49cd-a1c7-340a653c0221', 'http://data.europa.eu/esco/skill/f0de4973-0a70-4644-8fd4-3a97080476f4']","['http://data.europa.eu/esco/occupation/57af9090-55b4-4911-b2d0-86db01c00b02', 'http://data.europa.eu/esco/occupation/719f101d-1866-49d3-8d5c-2256f606a8b9', 'http://data.europa.eu/esco/occupation/866c7813-2c03-47d7-9bdc-192cfbace57c', 'http://data.europa.eu/esco/occupation/a9c7a04d-807a-41b5-b441-87c73c73c9c5', 'http://data.europa.eu/esco/occupation/c52129d9-4656-4ce8-ba13-8a72a51d5400', 'http://data.europa.eu/esco/occupation/cc867bee-ab5c-427f-9244-f7a204d9574b']"
1136,DevOps Engineer (Mid-Senior),"Company DescriptionWe are Netcompany-Intrasoft, a member of Netcompany Group A/S, and a leading European IT Solutions and Services company with strong international presence and expertise, dedicated to responsible digitalisation. We offer innovative and added-value solutions of the highest quality to a wide range of public and private organizations, while being a key-player in the EU Institutions for the past 30 years. We hold an outstanding record of 500+ organizations in 70+ countries, that have chosen our solutions and services, to fulfil their business needs. Our team of 3500+ professionals is our driving force and our most valuable asset.Job DescriptionAre you ready to discover the role of a DevOps Engineer in Netcompany-Intrasoft?Joining us as a DevOps Engineer, you will have the opportunity to be a part of our highly skilled agile team responsible for designing and implementing automated solutions to support applications development at all stages (from dev environment to production ), while you will be closely collaborating with stakeholders such as the Software development engineers, test engineers, etc. of internal teams as well as on the customers' side. As a DevOps Engineer you will:Build and set up development tools and infrastructureDesign and implement application life cycle management methodology based on State of the Art CI/CD tools Test and review automation Code.Propose, design, implement and continuously improve DevOps services such as Logging, Monitoring etc.Automate and improve development and release processesInstall, configure, and maintain a harmonized deployment workflowApply cybersecurity measures QualificationsWhat would make you a fit for the role:Degree in Computer Science or similar fieldExperience in a DevOps or a similar roleExperience with UNIX/Linux environmentsStrong understanding of DevOps, Agile and Cybersecurity concepts Familiarity with continuous integration/delivery tools (e.g. Jenkins) Familiarity with build tools (e.g. Maven) and scripting/programming languages (e.g. Python, Groovy, Bash )  Experience with git and git workflows Knowledge of containers (e.g. Docker) and container orchestration (e.g. Kubernetes) Ability to take initiativeAccountability, attention to detailStrong analytical and problem-solving skillsGood communication skills and TeamworkExcellent command of the English Language (written & verbal)It would also be a plus if you match some of the following:Experience with Infrastructure-as-Code (e.g. Terraform) and Configuration-as-Code (e.g. Ansible) tools Familiarity in building and operating CI/CD pipelines (e.g. using GitLab CI/CD, GitHub Actions)Familiarity with cloud services (e.g. Azure, AWS) Additional InformationBeing a part of the Netcompany-Ιntrasoft team, you will be provided with: The opportunity to work in a modern environment & in a hybrid working modelA seamless onboarding experience and a buddy to support you on your first stepsA competitive compensation & benefits packageHealth and life insurance programMeal and commuting allowanceWell-being activities (on premises)Continuous learning opportunities using the most modern methods (unlimited access to Udemy for Business, ad-hoc trainings)A personalized development plan for targeted career growthIf you are looking forward to be part of a diverse environment, and have the opportunity to work alongside well-experienced professionals, on challenging, large-scale projects that directly impact millions of citizens around the globe, then this is the place to be!By joining Netcompany-Intrasoft Athens, you will be part of a vivid team of 2000+ tech enthusiasts. When at the office you will have the chance to work at our brand-new, state-of-the-art, sustainable offices, located in 3 different spots in Athens!#LI-Hybrid #LI-ZS1Our cultureOur people are the most important element of our success. Our work life is well defined by our set of fundamental Values: https://bit.ly/3SSbBzU  #BePartOfSomethingGreat!*Please submit your CV in EnglishAll applications will be treated as strictly confidential.",,Full-time,"Athens, Greece",EL,2024-09-04,kariera.gr,150403,,"['http://data.europa.eu/esco/skill/09f2f811-a3fb-4de3-a70f-6420a6935575', 'http://data.europa.eu/esco/skill/0d168770-4d9c-4096-b048-a6577818d306', 'http://data.europa.eu/esco/skill/23ac233d-84ad-4517-b0f5-8ca19ba2614e', 'http://data.europa.eu/esco/skill/52cf3037-ab53-4806-85ed-7fd21ea7f6a1', 'http://data.europa.eu/esco/skill/5ef0c719-5bcb-49f8-b8eb-824388225333', 'http://data.europa.eu/esco/skill/6f8a40d6-f9ce-43ec-a72f-d4213a53f3ed', 'http://data.europa.eu/esco/skill/8f6ed69b-29d0-4c01-81ba-f05920a185f3', 'http://data.europa.eu/esco/skill/ccd0a1d9-afda-43d9-b901-96344886e14d', 'http://data.europa.eu/esco/skill/dba46f87-0831-49cd-a1c7-340a653c0221', 'http://data.europa.eu/esco/skill/f0de4973-0a70-4644-8fd4-3a97080476f4', 'http://data.europa.eu/esco/skill/f47a1998-0beb-43be-9f46-380aa4d183da', 'http://data.europa.eu/esco/skill/fc4fcb4b-993f-4f2c-b158-c2171ec18ed8']","['http://data.europa.eu/esco/occupation/608edf30-fe37-4ae5-bdd1-2d3a8fd347bd', 'http://data.europa.eu/esco/occupation/719f101d-1866-49d3-8d5c-2256f606a8b9', 'http://data.europa.eu/esco/occupation/874a2080-a9b6-46a9-8662-c9b7d4208f73', 'http://data.europa.eu/esco/occupation/cc867bee-ab5c-427f-9244-f7a204d9574b']"
1137,DevOps Engineer (Mid-Senior),"Company DescriptionWe are Netcompany-Intrasoft, a member of Netcompany Group A/S, and a leading European IT Solutions and Services company with strong international presence and expertise, dedicated to responsible digitalisation. We offer innovative and added-value solutions of the highest quality to a wide range of public and private organizations, while being a key-player in the EU Institutions for the past 30 years. We hold an outstanding record of 500+ organizations in 70+ countries, that have chosen our solutions and services, to fulfil their business needs. Our team of 3500+ professionals is our driving force and our most valuable asset.Job DescriptionAre you ready to discover the role of a DevOps Engineer in Netcompany-Intrasoft?Joining us as a DevOps Engineer, you will have the opportunity to be a part of our highly skilled agile team responsible for designing and implementing automated solutions to support applications development at all stages (from dev environment to production ), while you will be closely collaborating with stakeholders such as the Software development engineers, test engineers, etc. of internal teams as well as on the customers' side. As a DevOps Engineer you will:Build and set up development tools and infrastructureDesign and implement application life cycle management methodology based on State of the Art CI/CD tools Test and review automation Code.Propose, design, implement and continuously improve DevOps services such as Logging, Monitoring etc.Automate and improve development and release processesInstall, configure, and maintain a harmonized deployment workflowApply cybersecurity measures QualificationsWhat would make you a fit for the role:Degree in Computer Science or similar fieldExperience in a DevOps or a similar roleExperience with UNIX/Linux environmentsStrong understanding of DevOps, Agile and Cybersecurity concepts Familiarity with continuous integration/delivery tools (e.g. Jenkins) Familiarity with build tools (e.g. Maven) and scripting/programming languages (e.g. Python, Groovy, Bash )  Experience with git and git workflows Knowledge of containers (e.g. Docker) and container orchestration (e.g. Kubernetes) Ability to take initiativeAccountability, attention to detailStrong analytical and problem-solving skillsGood communication skills and TeamworkExcellent command of the English Language (written & verbal)It would also be a plus if you match some of the following:Experience with Infrastructure-as-Code (e.g. Terraform) and Configuration-as-Code (e.g. Ansible) tools Familiarity in building and operating CI/CD pipelines (e.g. using GitLab CI/CD, GitHub Actions)Familiarity with cloud services (e.g. Azure, AWS) Additional InformationBeing a part of the Netcompany-Ιntrasoft team, you will be provided with: The opportunity to work in a modern environment & in a hybrid working modelA seamless onboarding experience and a buddy to support you on your first stepsA competitive compensation & benefits packageHealth and life insurance programMeal and commuting allowanceWell-being activities (on premises)Continuous learning opportunities using the most modern methods (unlimited access to Udemy for Business, ad-hoc trainings)A personalized development plan for targeted career growthIf you are looking forward to be part of a diverse environment, and have the opportunity to work alongside well-experienced professionals, on challenging, large-scale projects that directly impact millions of citizens around the globe, then this is the place to be!Join Netcompany-Intrasoft Patras' branch, and be part of our 150+ tech enthusiasts team!#LI-Hybrid #LI-ZS1Our cultureOur people are the most important element of our success. Our work life is well defined by our set of fundamental Values: https://bit.ly/3SSbBzU  #BePartOfSomethingGreat!*Please submit your CV in EnglishAll applications will be treated as strictly confidential.",,Full-time,"Patra, Greece",EL,2024-09-04,kariera.gr,150402,,"['http://data.europa.eu/esco/skill/09f2f811-a3fb-4de3-a70f-6420a6935575', 'http://data.europa.eu/esco/skill/0d168770-4d9c-4096-b048-a6577818d306', 'http://data.europa.eu/esco/skill/23ac233d-84ad-4517-b0f5-8ca19ba2614e', 'http://data.europa.eu/esco/skill/52cf3037-ab53-4806-85ed-7fd21ea7f6a1', 'http://data.europa.eu/esco/skill/5ef0c719-5bcb-49f8-b8eb-824388225333', 'http://data.europa.eu/esco/skill/6f8a40d6-f9ce-43ec-a72f-d4213a53f3ed', 'http://data.europa.eu/esco/skill/8f6ed69b-29d0-4c01-81ba-f05920a185f3', 'http://data.europa.eu/esco/skill/ccd0a1d9-afda-43d9-b901-96344886e14d', 'http://data.europa.eu/esco/skill/dba46f87-0831-49cd-a1c7-340a653c0221', 'http://data.europa.eu/esco/skill/f0de4973-0a70-4644-8fd4-3a97080476f4', 'http://data.europa.eu/esco/skill/f47a1998-0beb-43be-9f46-380aa4d183da', 'http://data.europa.eu/esco/skill/fc4fcb4b-993f-4f2c-b158-c2171ec18ed8']","['http://data.europa.eu/esco/occupation/608edf30-fe37-4ae5-bdd1-2d3a8fd347bd', 'http://data.europa.eu/esco/occupation/719f101d-1866-49d3-8d5c-2256f606a8b9', 'http://data.europa.eu/esco/occupation/874a2080-a9b6-46a9-8662-c9b7d4208f73', 'http://data.europa.eu/esco/occupation/cc867bee-ab5c-427f-9244-f7a204d9574b']"
1138,DevOps Engineer (Mid-Senior),"Company DescriptionWe are Netcompany-Intrasoft, a member of Netcompany Group A/S, and a leading European IT Solutions and Services company with strong international presence and expertise, dedicated to responsible digitalisation. We offer innovative and added-value solutions of the highest quality to a wide range of public and private organizations, while being a key-player in the EU Institutions for the past 30 years. We hold an outstanding record of 500+ organizations in 70+ countries, that have chosen our solutions and services, to fulfil their business needs. Our team of 3500+ professionals is our driving force and our most valuable asset.Job DescriptionAre you ready to discover the role of a DevOps Engineer in Netcompany-Intrasoft?Joining us as a DevOps Engineer, you will have the opportunity to be a part of our highly skilled agile team responsible for designing and implementing automated solutions to support applications development at all stages (from dev environment to production ), while you will be closely collaborating with stakeholders such as the Software development engineers, test engineers, etc. of internal teams as well as on the customers' side. As a DevOps Engineer you will:Build and set up development tools and infrastructureDesign and implement application life cycle management methodology based on State of the Art CI/CD tools Test and review automation Code.Propose, design, implement and continuously improve DevOps services such as Logging, Monitoring etc.Automate and improve development and release processesInstall, configure, and maintain a harmonized deployment workflowApply cybersecurity measures QualificationsWhat would make you a fit for the role:Degree in Computer Science or similar fieldExperience in a DevOps or a similar roleExperience with UNIX/Linux environmentsStrong understanding of DevOps, Agile and Cybersecurity concepts Familiarity with continuous integration/delivery tools (e.g. Jenkins) Familiarity with build tools (e.g. Maven) and scripting/programming languages (e.g. Python, Groovy, Bash )  Experience with git and git workflows Knowledge of containers (e.g. Docker) and container orchestration (e.g. Kubernetes) Ability to take initiativeAccountability, attention to detailStrong analytical and problem-solving skillsGood communication skills and TeamworkExcellent command of the English Language (written & verbal)It would also be a plus if you match some of the following:Experience with Infrastructure-as-Code (e.g. Terraform) and Configuration-as-Code (e.g. Ansible) tools Familiarity in building and operating CI/CD pipelines (e.g. using GitLab CI/CD, GitHub Actions)Familiarity with cloud services (e.g. Azure, AWS) Additional InformationBeing a part of the Netcompany-Ιntrasoft team, you will be provided with: The opportunity to work in a modern environment & in a hybrid working modelA seamless onboarding experience and a buddy to support you on your first stepsA competitive compensation & benefits packageHealth and life insurance programMeal and commuting allowanceWell-being activities (on premises)Continuous learning opportunities using the most modern methods (unlimited access to Udemy for Business, ad-hoc trainings)A personalized development plan for targeted career growthIf you are looking forward to be part of a diverse environment, and have the opportunity to work alongside well-experienced professionals, on challenging, large-scale projects that directly impact millions of citizens around the globe, then this is the place to be!Join Netcompany-Intrasoft Thessaloniki's branch, and be part of our 250+ tech enthusiasts team!#LI-Hybrid #LI-ZS1Our cultureOur people are the most important element of our success. Our work life is well defined by our set of fundamental Values: https://bit.ly/3SSbBzU  #BePartOfSomethingGreat!*Please submit your CV in EnglishAll applications will be treated as strictly confidential.",,Full-time,"Thessaloniki, Greece",EL,2024-09-04,kariera.gr,150401,,"['http://data.europa.eu/esco/skill/09f2f811-a3fb-4de3-a70f-6420a6935575', 'http://data.europa.eu/esco/skill/0d168770-4d9c-4096-b048-a6577818d306', 'http://data.europa.eu/esco/skill/23ac233d-84ad-4517-b0f5-8ca19ba2614e', 'http://data.europa.eu/esco/skill/52cf3037-ab53-4806-85ed-7fd21ea7f6a1', 'http://data.europa.eu/esco/skill/5ef0c719-5bcb-49f8-b8eb-824388225333', 'http://data.europa.eu/esco/skill/6f8a40d6-f9ce-43ec-a72f-d4213a53f3ed', 'http://data.europa.eu/esco/skill/8f6ed69b-29d0-4c01-81ba-f05920a185f3', 'http://data.europa.eu/esco/skill/ccd0a1d9-afda-43d9-b901-96344886e14d', 'http://data.europa.eu/esco/skill/dba46f87-0831-49cd-a1c7-340a653c0221', 'http://data.europa.eu/esco/skill/f0de4973-0a70-4644-8fd4-3a97080476f4', 'http://data.europa.eu/esco/skill/f47a1998-0beb-43be-9f46-380aa4d183da', 'http://data.europa.eu/esco/skill/fc4fcb4b-993f-4f2c-b158-c2171ec18ed8']","['http://data.europa.eu/esco/occupation/608edf30-fe37-4ae5-bdd1-2d3a8fd347bd', 'http://data.europa.eu/esco/occupation/719f101d-1866-49d3-8d5c-2256f606a8b9', 'http://data.europa.eu/esco/occupation/874a2080-a9b6-46a9-8662-c9b7d4208f73', 'http://data.europa.eu/esco/occupation/cc867bee-ab5c-427f-9244-f7a204d9574b']"
1139,"Full Stack Engineer (React.js, Java)","Company DescriptionWe are Netcompany-Intrasoft, a member of Netcompany Group A/S, and a leading European IT Solutions and Services company with strong international presence and expertise, dedicated to responsible digitalisation. We offer innovative and added-value solutions of the highest quality to a wide range of public and private organizations, while being a key-player in the EU Institutions for the past 30 years. We hold an outstanding record of 500+ organizations in 70+ countries, that have chosen our solutions and services, to fulfil their business needs. Our team of 3500+ professionals is our driving force and our most valuable asset.Job DescriptionEver wondered what it feels like to be a Full Stack Engineer in Netcompany-Intrasoft? Joining us as a Full Stack Engineer, you will have the opportunity to be a part of our highly skilled agile, software product development teams working within large-scale transformation projects.As a Full Stack Engineer you will:Collaboration with team members to understand requirements andpropose solutionsEngage with UX/UI designers to implement highly intuitive user experiencesDevelop and maintain code, application libraries and produce technical documentationParticipate in Scrum meetings, provide technical assessments, perform peer code reviews and produce time estimates for development tasksQualificationsWhat would make you a fit for the role:Degree in Computer Science or other relevant disciplines2 years of experience in React.js, JavaFamiliarity with JavaScript/ TypeScript and Spring BootExcellent command of the English language (written and verbal)An analytical mind with problem-solving abilitiesExcellent interpersonal skills and team spiritIt would also be a plus if you match some of the following:Familiarity with Oracle DatabaseFamiliarity withMicroservices architectural patternsFamiliarity with KubernetesFamiliarity with CI/CD and version control platforms (Jenkins X, Bamboo)Additional InformationBeing a part of the Netcompany-Ιntrasoft team, you will be provided with: The opportunity to work in a modern environment & in a hybrid working modelA seamless onboarding experience and a buddy to support you on your first stepsA competitive compensation & benefits packageHealth and life insurance program Meal and commuting allowanceWell-being activities (on premises)Continuous learning opportunities using the most modern methods (unlimited access to Udemy for Business, ad-hoc trainings)A personalized development plan for targeted career growthIf you are looking forward to be part of a diverse environment, and have the opportunity to work alongside well-experienced professionals, on challenging, large-scale projects that directly impact millions of citizens around the globe, then this is the place to be!By joining Netcompany-Intrasoft Athens, you will be part of a vivid team of 2000+ tech enthusiasts. When at the office you will have the chance to work at our brand-new, state-of-the-art, sustainable offices, located in 3 different spots in Athens!Our cultureOur people are the most important element of our success. Our work life is well defined by our set of fundamental Values: https://bit.ly/3SSbBzU  #BePartOfSomethingGreat!*Please submit your CV in EnglishAll applications will be treated as strictly confidential.",,Full-time,"Athens, Greece",EL,2024-09-04,kariera.gr,150398,,"['http://data.europa.eu/esco/skill/07dd856d-6141-48a7-a228-918f88494812', 'http://data.europa.eu/esco/skill/23ac233d-84ad-4517-b0f5-8ca19ba2614e', 'http://data.europa.eu/esco/skill/484df271-bb52-49f1-8f50-f19624bf4df2', 'http://data.europa.eu/esco/skill/8f6ed69b-29d0-4c01-81ba-f05920a185f3', 'http://data.europa.eu/esco/skill/a8797f21-1af0-4c5e-98ca-bf1442929363', 'http://data.europa.eu/esco/skill/f47a1998-0beb-43be-9f46-380aa4d183da']","['http://data.europa.eu/esco/occupation/719f101d-1866-49d3-8d5c-2256f606a8b9', 'http://data.europa.eu/esco/occupation/faed411a-f920-4100-86a8-b877928b429c', 'http://data.europa.eu/esco/isco/C7543']"
1193,Electrical Engineer (Archipetrol S.A.),"We are seeking for an Electrical Engineer, who besides to have strong motivation for technical development and evolvement, will be able to:

Perform design calculations in the Electrical Department (such as cable sizing etc.)
Prepare material take-offs (MTOs).
Review and evaluate vendor documentation.
Perform 2D and 3D design work.
Prepare electrical equipment Material Requisitions.
Prepare updates and checks calculations for detailed engineering.
Contributes to optimization of material quantities by proposing valued engineering solutions.
Ensures contractual technical specifications are met by the suppliers.
Adheres to the maintenance of the project schedule, company quality standards, all contractual requirements and execution plan.
Executes electrical engineering activities and meets quality objectives of the project.
Ensures that the discipline engineering deliverables are compliant with project QHSE plan and discipline engineering processes & standards.
Works towards development and training.
Provides assistance to Electrical Department Head in various departmental activities.

Qualifications

Diploma in Electrical Engineering
Relevant experience in a similar role related to Oil & Gas Projects and detailed engineering in the field of expertise (Electrical engineering - preferably within a major engineering company) will be considered an advantage.
Knowledge of international codes & standards, international design guidelines & recommendations (like IEC, NEC, etc).
Knowledge of performing basic calculations and preparation of data sheets for electrical equipment.
Knowledge of developing and follow-up of Single Line Diagrams (SLDs), Load Lists, Electrical Cable Layouts as well as cable lists.

You are someone with:

Ability to liaise with the other engineering disciplines, assisting them during detail engineering.
Experience using relevant electrical commercial software applicable to electrical engineering (like ETAP etc) will be considered an advantage.
Be able to work in a team environment and handle multiple Project responsibilities.
Willing to work on a national and international environment.
Previous exposure to international environment will be considered an advantage.
Mobility is desirable to participate in working teams at project home offices throughout the countries where EPC projects are executed.
Excellent command in English (written and spoken)

The Electrical Engineer will report to the Electrical Department Discipline Head.",Mid-level,Full-time,"Paiania, Greece",EL,2024-09-04,kariera.gr,167600,,"['http://data.europa.eu/esco/skill/27f461a7-3bf9-47e5-9e46-a2aa13cf4064', 'http://data.europa.eu/esco/skill/385479b7-5da5-4367-9763-0d15b41bb65b', 'http://data.europa.eu/esco/skill/52797dce-911c-4e6d-b0cb-491f6469014f', 'http://data.europa.eu/esco/skill/8c6feedd-339f-4dba-b28a-dae84c759853', 'http://data.europa.eu/esco/skill/97965983-0da4-4902-9daf-d5cd2693ef73', 'http://data.europa.eu/esco/skill/a8081afe-46ff-425d-9d9f-f4033b3f84f6', 'http://data.europa.eu/esco/skill/c5c51528-ccfc-4c53-b409-c200aaa44222']","['http://data.europa.eu/esco/occupation/7569f423-2c37-49aa-947e-41acb66ec909', 'http://data.europa.eu/esco/occupation/86ca306c-ab99-420a-9e2a-aa73c5c4de22', 'http://data.europa.eu/esco/occupation/8862c29b-3810-4fbc-85c7-c9ee87535f73', 'http://data.europa.eu/esco/occupation/8cb59bc4-1f39-477e-beea-effed12d186c', 'http://data.europa.eu/esco/isco/C214', 'http://data.europa.eu/esco/isco/C2151', 'http://data.europa.eu/esco/isco/C7411']"
1194,Instrumentation & Automation Engineer (Archipetrol S.A.),"We are seeking for an an experienced engineer capable of understanding and executing specific Project Instrumentation and Control system tasks. He will be capable of assisting in the manhour estimation and scheduling of specific deliverables and allocating specific tasks to lesser experienced engineers, providing guidance and assistance to ensure the correctness and timely execution of each task.
Responsibilities:

Prepare field instruments and control systems (DCS/ESD/SCADA) Material Requisitions.
Prepares updates and checks calculations for detailed engineering.
Perform design calculations in the Instrumentation Department
Prepare material take-offs (MTOs).
Review and evaluate vendor documentation.
Perform 2D and 3D design work.
Contributes to optimization of material quantities by proposing valued engineering solutions.
Ensures contractual technical specifications are met by the suppliers.
Adheres to the maintenance of the project schedule, company quality standards, all contractual requirements and execution plan.
Executes instrumentation engineering activities and meets quality objectives of the project.
Ensures that the discipline engineering deliverables are compliant with project QHSE plan and discipline engineering processes & standards.
Works towards development and training.
Provides assistance to Instrumentation Department Head in various departmental activities.
Interfaces with other discipline specialist engineers and possibly project support functions such as procurement and planning.
Provides guidance and mentoring to more junior engineering employees.

Qualifications

Diploma in Electrical or Chemical Engineering.
Relevant experience in a similar role related to Oil & Gas Projects and detailed engineering in the field of Instrumentation engineering of at five (5) (preferably within a major engineering company) will be considered an advantage.
Knowledge of international codes & standards, international design guidelines & recommendations (like ISO, ISA, API, ASTM, ATEX etc).
Knowledge of performing basic calculations and preparation of data sheets for field instruments.
Knowledge of developing and follow-up of Control System (DCS/ESD/SCADA) Architectural Drawings, Instrument Cable Lists & Layouts as well as Instrument Index, Material Requisition for Control Systems (DCS/ESD/SCADA) and field instrumentation.

You are someone with:

Ability to liaise with the other engineering disciplines, assisting them during detail engineering.
Experience using relevant instrumentation commercial software applicable to instrumentation engineering (like InstruCalc, SPI etc) will be considered an advantage.
Be able to work in a team environment and handle multiple project responsibilities.
Willing to work in a national and international environment.
Previous exposure to international environment will be considered an advantage.
Mobility is desirable to participate in working teams at project home offices throughout the countries where EPC projects are executed.
Excellent command in English (written and spoken)

The Instrumentation & Automation Engineer will report to the Instrumentation & Automation Discipline Head.",Mid-level,Full-time,"Paiania, Greece",EL,2024-09-04,kariera.gr,167597,,"['http://data.europa.eu/esco/skill/2b69525c-731c-4813-99a7-673fa5679d32', 'http://data.europa.eu/esco/skill/385479b7-5da5-4367-9763-0d15b41bb65b', 'http://data.europa.eu/esco/skill/4309a39d-af97-4e56-8d0e-5351b7b8dd01', 'http://data.europa.eu/esco/skill/5d71a91f-cc72-4b66-b6e3-d75ecc05e235', 'http://data.europa.eu/esco/skill/75d2ac62-700a-41d1-b920-5cd7aaa78553', 'http://data.europa.eu/esco/skill/8c6feedd-339f-4dba-b28a-dae84c759853', 'http://data.europa.eu/esco/skill/97965983-0da4-4902-9daf-d5cd2693ef73', 'http://data.europa.eu/esco/skill/a8081afe-46ff-425d-9d9f-f4033b3f84f6', 'http://data.europa.eu/esco/skill/c5c51528-ccfc-4c53-b409-c200aaa44222']","['http://data.europa.eu/esco/occupation/2bb8adee-2b84-4d7b-84f9-0620bc09ada8', 'http://data.europa.eu/esco/occupation/7569f423-2c37-49aa-947e-41acb66ec909', 'http://data.europa.eu/esco/occupation/e6800524-eec2-4c33-af0e-6f36d1d679bc', 'http://data.europa.eu/esco/occupation/ec21ce88-ce14-49b6-be0a-cc53cf5a3a67', 'http://data.europa.eu/esco/isco/C214', 'http://data.europa.eu/esco/isco/C7312']"
1198,Process Engineer (Archipetrol S.A.),"Responsibilities:
We are seeking for a Process Engineer, who besides to have strong and long technical experience, will be able to:

Perform perform process design for process and safety systems
Perform process simulations and develop Process Flow Diagrams and H&MBs
Prepare operation control and ESD philosophies as well as process studies reports.
Perform design process calculations in the Process Discipline
Prepare equipment and instrumentation process data sheets as well as duty specifications for packaged units.
Assist other disciplines in detailed design
Review and evaluate vendor documentation.
Is responsible for maintaining project schedule, company quality standards, all contractual requirements and execution plan.
Is responsible for preparation of feasibility study reports or preliminary projectreports.
Supervises process engineering activities.
Manages and controls man/hours.
Is responsible for proposing cost effective solutions.
Coordinates with Lead Engineers of other departments and project support functions such as procurement and planning.
Ensures that the discipline engineering deliverables are compliant with project QHSE plan and discipline engineering processes & standards.
Works towards development and training of subordinates.
Provides assistance to Process Department Head in various departmental activities.
Contributes to project close out and lessons learned.

Qualifications

BE or equivalent in Chemical Engineering, and MSc.
Minimum of five (5) years’ experience, relevant experience in a similar role related to Oil & Gas Projects in the field of expertise (Process engineering - preferably within a major engineering company).
In depth knowledge of international codes & standards, international design guidelines & recommendations (like NFPA, API, etc).
Knowledge of performing basic process calculations and preparation of process data sheets for equipment and instruments.
Knowledge of developing and follow-up of Process Flow Diagrams (PFDs), H&MBs and Piping & Instrumentation Diagrams (P&IDs), as well as mechanical line & equipment lists.
Experience in safety assessment studies (HAZOP,etc.).
Experience in Environmental regulatory requirements (local, international), review and understanding of local Environmental Laws would be a definite advantage.

You are someone with:

Ability to liaise with the other engineering disciplines, assisting them during detail engineering.
Experience using relevant Process commercial software applicable to Oil & Gas projects (like PIPENET, AspenTech HYSYS, SIMSCI PROII, FLARENET, PIPESIM, etc).
Technical competence in Process engineering with strong technical background, and advanced analytical skills in basic and detailed engineering design from project feasibility stage to plant commissioning and startup
Be able to work in a team environment and handle multiple Project responsibilities.
Willing to work on a national and international environment.
Previous exposure to international environment will be considered an advantage.
Mobility is desirable to participate in working teams at project home offices throughout the countries where EPC projects are executed.
Excellent command in English (written and spoken)

The Process Engineer will report to the Process Department Discipline Head.",Mid-level,Full-time,"Paiania, Greece",EL,2024-09-04,kariera.gr,167594,,"['http://data.europa.eu/esco/skill/29d4aaba-99f9-4733-bd74-ad558f2ae3a7', 'http://data.europa.eu/esco/skill/2c28fc20-8a60-4311-8899-5ef8729c05b3', 'http://data.europa.eu/esco/skill/35f1dcdc-577f-46c6-96d9-6c7a64501de9', 'http://data.europa.eu/esco/skill/385479b7-5da5-4367-9763-0d15b41bb65b', 'http://data.europa.eu/esco/skill/47d491a9-f7c0-4b13-a10f-983d3aa0113e', 'http://data.europa.eu/esco/skill/63f73b81-8a9c-4331-a713-c9beb57dfbcf', 'http://data.europa.eu/esco/skill/8b9d609a-6d62-4d5c-9133-01d41979cfac', 'http://data.europa.eu/esco/skill/8c6feedd-339f-4dba-b28a-dae84c759853', 'http://data.europa.eu/esco/skill/901105f8-3a08-453e-b1dc-23619e317fd3', 'http://data.europa.eu/esco/skill/92721092-fe7c-4689-96bd-4f02385bc0e7', 'http://data.europa.eu/esco/skill/c5c51528-ccfc-4c53-b409-c200aaa44222', 'http://data.europa.eu/esco/skill/d74df140-eb69-43e2-bac9-1cafc824d702']","['http://data.europa.eu/esco/occupation/1b422c31-f242-46b5-bbdc-aa63885e4b5c', 'http://data.europa.eu/esco/occupation/53be4843-8f31-4645-b25c-9a5bbb04f6b6', 'http://data.europa.eu/esco/occupation/7569f423-2c37-49aa-947e-41acb66ec909', 'http://data.europa.eu/esco/occupation/76abbb82-c103-4d7a-a4c0-14dba4d6199a', 'http://data.europa.eu/esco/occupation/b558a934-9308-48fc-b03b-bea8e23ab085', 'http://data.europa.eu/esco/occupation/b5eaf231-77ad-4a86-8e54-15cc4398aad2', 'http://data.europa.eu/esco/occupation/d37cc820-15f5-4a81-88db-af48b0ee6a32', 'http://data.europa.eu/esco/isco/C1120', 'http://data.europa.eu/esco/isco/C214']"
1205,Mechanical Engineer (Arcipetrol S.A.),"Responsibilities
We are seeking for a Mechanical Engineer, who besides to have strong motivation for technical development and evolvement, will be able to:

Perform design calculations in the Mechanical Department
Prepare Material Requisitions for mechanical equipment (Pressure Equipment, Machinery, Packages).
Prepare material take-offs (MTOs).
Prepare technical bid evaluations of Vendor offers
Review and evaluate vendor drawings and documents.
Prepares technical specifications for pressure vessels, tanks, machinery and packages.
Performs engineering calculations for dimensioning and design of pressure vessels and atmospheric storage tanks.
Prepares equipment mechanical data sheets.
Coordinates work with other engineering disciplines.
Performs technical evaluation, bid conditioning and technical alignment of bids.
Prepares material requisitions for inquiry & purchase.
Performs vendor’s documents and drawings review.
Ensures contractual technical specifications are met.
Ensures timely internal and external reporting on engineering / requisitioning activities to the group leader/Mechanical Discipline Coordinator.
Ensures that the discipline engineering deliverables are compliant with project QHSE plan and discipline engineering processes & standards.
Ensures contractual technical specifications are met by the suppliers.
Adheres to the maintenance of the project schedule, company quality standards, all contractual requirements and execution plan.
Works towards development and training.
Provides assistance to Mechanical Discipline Head in various discipline activities.
Interfaces with other discipline specialist engineers and possibly provides project support function.

Qualifications

Diploma in Mechanical Engineering (five years studies).
Relevant experience in a similar role related to Oil & Gas Projects and detailed engineering in the field of Instrumentation engineering of at five (5) (preferably within a major engineering company) will be considered an advantage.
Knowledge of international codes & standards, international design guidelines & recommendations (like ASME, ISO, PED, API, ASTM, NACE, DIN, EN etc).
Knowledge of performing basic calculations and preparation of mechanical data sheets for mechanical equipment.
Knowledge of developing and follow-up of Material Requisitions for static (pressure vessels, atmospheric tanks etc.) and/or rotating equipment (pumps, compressors etc.) as well as packages.

You are someone with:

Ability to liaise with the other engineering disciplines, assisting them during detail engineering.
Experience using relevant mechanical design commercial software applicable to mechanical engineering (like AutoCAD, PV Elite, AutoPipe Vessel, Tank etc) will be considered an advantage.
Be able to work in a team environment and handle multiple project responsibilities.
Willingnes to work in a national and international environment.
Previous exposure to international environment will be considered an advantage.
Mobility is desirable to participate in working teams at project home offices throughout the countries where EPC projects are executed.
Excellent command in English (written and spoken)

The Mechanical Engineer will report to the Mechanical Head.",Mid-level,Full-time,"Paiania, Greece",EL,2024-09-04,kariera.gr,167553,,"['http://data.europa.eu/esco/skill/3d427a49-4f85-42cd-8a92-62d4a34f41a1', 'http://data.europa.eu/esco/skill/576b305e-8c25-4546-8a69-87f975783114', 'http://data.europa.eu/esco/skill/7c632656-361e-4db1-8d69-b9f85d6be0d0', 'http://data.europa.eu/esco/skill/8c6feedd-339f-4dba-b28a-dae84c759853', 'http://data.europa.eu/esco/skill/a2b5dcf3-5b6a-453d-876c-cff540c0faf1', 'http://data.europa.eu/esco/skill/c5c51528-ccfc-4c53-b409-c200aaa44222', 'http://data.europa.eu/esco/skill/d9e5349e-8791-49c2-8ba4-839fdd1606c2', 'http://data.europa.eu/esco/skill/fc4fcb4b-993f-4f2c-b158-c2171ec18ed8']","['http://data.europa.eu/esco/occupation/24119471-6ca1-465b-8f48-b2aec5c60869', 'http://data.europa.eu/esco/occupation/42ff9e52-1f56-427d-b772-b9328c39b98a', 'http://data.europa.eu/esco/occupation/579254cf-6d69-4889-9000-9c79dc568644', 'http://data.europa.eu/esco/occupation/7569f423-2c37-49aa-947e-41acb66ec909', 'http://data.europa.eu/esco/occupation/8cb59bc4-1f39-477e-beea-effed12d186c', 'http://data.europa.eu/esco/isco/C214']"
1258,CAD Architectural Applications Engineer - BIM Specialist,"Alphanetrix is ​​the only Gold Partner of Autodesk in Greece and Cyprus. We are looking for new partners to staff - strengthen the technical department.
The candidate will be responsible for the presentation, support and training of Autodesk architectural design software with the aim of promoting BIM construction solutions as well as the new Autodesk Construction Cloud platform. 
Candidate Profile:

Degree in Architecture, Civil Engineering, Structural Works, HEI/TEI
Necessary knowledge and experience in the use of Revit, AutoCAD software
Excellent presentation and communication skills
Ability to work to schedules
Thirst for learning and constant knowledge of new technologies.
Excellent knowledge of the English Language
Good knowledge of MS Office applications (Excel, Word, Power Point, Outlook)

Position benefits:

Competitive salary
Pleasant working environment
International certification  
Possibilities for personal development and continuous training from the manufacturers of the software.
Possibility for partial remote work",Mid-level,Full-time,"Chalandri, Greece",EL,2024-09-04,kariera.gr,167534,,"['http://data.europa.eu/esco/skill/519e801b-3cc4-44d4-bcf1-32fdb9a77e51', 'http://data.europa.eu/esco/skill/82887396-e5bf-4306-af51-3fe8d82790b2', 'http://data.europa.eu/esco/skill/85038d57-1fdd-40de-b908-2c005545a8c3', 'http://data.europa.eu/esco/skill/f683ae1d-cb7c-4aa1-b9fe-205e1bd23535']","['http://data.europa.eu/esco/occupation/6cd08cbe-7611-4d70-8886-6c59c0385442', 'http://data.europa.eu/esco/occupation/d7d986e1-7333-431b-9719-0c5c6939e360']"
1325,Maintenance Contract Management Engineer,"Responsibilities:

Management – ​​Scheduling of Technical Staff,
Scheduling the execution of Maintenance Contracts,
Work Orders,
Emergency Call Management,
Technical proposals – Financial Offers,
Use of special Facility Maintenance Software.

Necessary qualifications

Degree in Mechanical or Electrical Engineering,
Communication and Organizational Skills,
Personnel Management Skills,
Knowledge of the English language,
Excellent PC and Microsoft Office.

Experience in a similar position in a Facility Management company is desirable. 
They are provided

Remuneration package commensurate with qualifications and achievement of objectives,
Car,
Excellent work environment,
Continuous training procedures,
Possibility of professional development.",Mid-level,Full-time,"Glyka Nera, Greece",EL,2024-09-04,kariera.gr,167411,,"['http://data.europa.eu/esco/skill/15d76317-c71a-4fa2-aadc-2ecc34e627b7', 'http://data.europa.eu/esco/skill/3e40c7d0-0e36-4b33-bc33-0aa87eda0561', 'http://data.europa.eu/esco/skill/677d5144-4c77-4f8d-afc7-116f4bc0e660', 'http://data.europa.eu/esco/skill/6d3edede-8951-4621-a835-e04323300fa0', 'http://data.europa.eu/esco/skill/c5bc42be-4970-4dce-80e2-af78bae42e84', 'http://data.europa.eu/esco/skill/cf310cff-0d28-4dbc-9dbb-cc500a3196c2']","['http://data.europa.eu/esco/occupation/2c9939ef-ebab-4111-8f27-605ae8782791', 'http://data.europa.eu/esco/occupation/68450507-b4a0-40e0-895b-385fe705be10', 'http://data.europa.eu/esco/occupation/6cd08cbe-7611-4d70-8886-6c59c0385442', 'http://data.europa.eu/esco/occupation/86ca306c-ab99-420a-9e2a-aa73c5c4de22', 'http://data.europa.eu/esco/occupation/b42c5ed4-c6e4-4694-934f-96127719cc43', 'http://data.europa.eu/esco/occupation/f605bcd2-90b6-45a0-a558-d05016d68a77', 'http://data.europa.eu/esco/isco/C2']"
1372,Department Manager - Project Controls - Saudi Arabia,"Are you ready to elevate your career with a global leader in construction consulting? Hill International is seeking talented and motivated professionals to join our team! With projects spanning various sectors and locations, Hill International offers a dynamic and stimulating work environment where innovation, collaboration, and excellence are our core values.
Hill International provides comprehensive program, project, and construction management services for clients across diverse sectors undertaking major construction projects worldwide. Our expertise includes cost engineering and estimating, quality assurance, inspection, scheduling, risk management, and claims avoidance. To learn more about Hill International, please visit our website at www.hillintl.com.
 
We are committed to delivering exceptional project management services and solutions globally. Whether you are an experienced project manager, engineer, or a recent graduate eager to launch your career in the construction industry, we have opportunities that will both challenge and inspire you.
 
We are currently looking for a Department Manager - Project Controls to join our mega NWC project in Saudi Arabia. Submit your application in English today at apply@hillintl.com.
 
Join us and be part of a team that's shaping the future of the construction industry!
 
General Description of Role and Responsibilities:
 

Has overall responsibility for managing and monitoring budgets, cost, planning/scheduling, and management of change, including managing the development and implementation of budgets and baselines to meet the project objectives and ensure adherence to the policies and procedures of the project.
Assessing the capability of project control staff and recommending appropriate roles and responsibilities.
Inputting to the project control department knowledge transfer program includes comprehensive on-the-job learning.
Developing and getting ratified section operating structure and department operating processes and procedures based on the PMM processes and procedures.
Controlling and monitoring project schedules from registration to handover.
Implementing the relevant Stage Gate Process on all new and existing projects.
Ensuring that all projects provide input to monthly dashboards, consistent with project guidelines
Undertaking cost-related activities.
Preparing and maintaining portfolio cost reports, showing the budget for each project, forecast commitments and actual costs.
Defining cost requirements for contracts.
Preparing financial input for contracts.
Preparation of consolidated cost report.
Establish project invoice registration and update it monthly.
Monitor the project's cash flow and available funds.
Implementing PMM standard planning and scheduling processes and procedures Qualifications.
Undertaking all planning and schedule-related activities.
Preparing and maintaining portfolio level 1 management schedule showing plan/actual/forecast for each project in a single line highlighting critical projects.
Preparing and maintaining a level 1 stage gate schedule for each project.
Preparing schedules for projects before bidding.
Defining schedule requirements for contracts.
Evaluating bidder's schedule submittals.
Preparing milestones and schedules input for contracts.
Maintaining Master Schedule.
Preparing a consolidated schedule performance report.
Review and approve baseline schedules submitted by the contractor.
Review the recovery plans and corrective actions proposed by contractors and accepted by the supervision consultant.
Implementing an Enterprise Documents Management System (EDMS) per relevant retention legislation.
Developing a structure and archiving project documents.
Preparing document management input for contracts.
Preparing the Document Management department knowledge transfer program, which includes comprehensive on-the-job learning.
Monitoring and auditing of cluster Document Management performance, including spot checks and other verification of adherence to project record filing requirements per project.
Preparing testing and commissioning scope of work for construction RFPs.
Reviewing testing and commissioning aspects of contractors' proposed project execution plans.
Preparing testing and commissioning input to contracts.
Assigning testing and commissioning resources to projects.
Maintaining functional responsibility for testing and commissioning resources assigned to projects.
Maintaining overall responsibility for construction contractor/subcontractor testing, commissioning performance, and adherence to their respective contracts.
Development and rectification of department operating structure [Org. Chart, Roles, Responsibilities] as well as tools to be deployed [software, apply Int’l best practice].
Informs themselves of the relevant Quality, Environmental, Safety, and Occupational Health Policies, Manuals, and Procedures in place within Hill International, and ensures continued compliance with these requirements while employed by Hill.
Perform other duties as assigned by the line manager/supervisor.

 
Experience, Knowledge, and Skills:

Bachelor in engineering from an accredited Western university.
Minimum 20 years’ experience in planning and scheduling, including working as the scheduling manager on large-scale projects.
Thorough knowledge and demonstrated experience in directing cost engineering, cost estimating, control and analysis, planning and scheduling, schedule development, control, and analysis. Experience and demonstrated skill in establishing criteria and system set-up for all project control activities.
Knowledge of engineering, procurement, contracts, construction, and startup/set-up work processes.
Involvement in continuous improvement and capacity building/talent development.
Experience in performing, monitoring, and reviewing planning and scheduling functions, which include schedule development, control, and analysis, in the field and the home office.
Advanced knowledge of engineering, procurement, contracts, construction, and startup work processes.
Professional user of scheduling software such as Primavera P6 and EPPM platform.
Ability to review and analyze project schedules and contractor performance.
Demonstrated management skills and supervisory and personnel administrative functions.
Excellent verbal and written communication skills.
Experience working internationally (preference KSA experience).",Senior,Full-time,"Marousi, Greece",EL,2024-09-04,kariera.gr,167394,,"['http://data.europa.eu/esco/skill/0550431f-9c8b-4204-9c45-59bc5feacf06', 'http://data.europa.eu/esco/skill/0daaf096-1639-461c-bf1a-bbeea77e6b67', 'http://data.europa.eu/esco/skill/1177c6f5-09c5-4c35-873c-afd22d170ad3', 'http://data.europa.eu/esco/skill/1b957e3d-0017-42b0-9bfe-49a1cdd31de7', 'http://data.europa.eu/esco/skill/1d86f05e-e9cc-40ce-99d8-2b21cc71b16b', 'http://data.europa.eu/esco/skill/1fcce318-3212-487a-ac07-4941bc85060d', 'http://data.europa.eu/esco/skill/237db40b-4600-47c0-837f-4a2c4f3014ab', 'http://data.europa.eu/esco/skill/378caeec-10a0-4162-b75c-ab374a42e93d', 'http://data.europa.eu/esco/skill/3bc08c26-2f98-4730-bbb6-ec4a8566e3cf', 'http://data.europa.eu/esco/skill/3c03ee71-4a23-448f-b79e-81fd75d27dca', 'http://data.europa.eu/esco/skill/4ca91852-c534-4b98-ab1c-59a126534c88', 'http://data.europa.eu/esco/skill/4df04290-0084-499a-b52c-a43ff074e198', 'http://data.europa.eu/esco/skill/677d5144-4c77-4f8d-afc7-116f4bc0e660', 'http://data.europa.eu/esco/skill/6bee2e0f-4f12-4a82-a395-370cf0567c12', 'http://data.europa.eu/esco/skill/70159320-b7f9-4d3e-9f00-99e0adf3f77e', 'http://data.europa.eu/esco/skill/74688c5d-2af1-4f7a-9d1c-00e808eaa1e6', 'http://data.europa.eu/esco/skill/83b33952-3872-46ec-9a2e-b28f91303a7e', 'http://data.europa.eu/esco/skill/8c6feedd-339f-4dba-b28a-dae84c759853', 'http://data.europa.eu/esco/skill/93a68dcb-3dc6-4dbe-b196-f6d212228a50', 'http://data.europa.eu/esco/skill/ab986bc4-df92-4351-9ac1-aa75af943cf7', 'http://data.europa.eu/esco/skill/b769f524-0f25-44d7-8538-5c46710a040e', 'http://data.europa.eu/esco/skill/bda0d115-f315-453e-99dc-f8b0e5862db3', 'http://data.europa.eu/esco/skill/c5b90c0c-3af0-4c8c-a06c-cc3ced02242c', 'http://data.europa.eu/esco/skill/cbd9cd0f-6c22-4bbc-8af2-dc9c7f5efcb5', 'http://data.europa.eu/esco/skill/cd4b9e72-a18d-44bd-b227-14bbdd162dc1', 'http://data.europa.eu/esco/skill/d5e39a53-4f54-4d5f-9df3-b49664c9559d', 'http://data.europa.eu/esco/skill/e49f4158-9d4c-425d-bf32-dfe89b19840a', 'http://data.europa.eu/esco/skill/ee6630cd-f44d-4968-aa48-c179703fa012', 'http://data.europa.eu/esco/skill/f206e732-110c-47ce-a53f-f00c9d97c90d']","['http://data.europa.eu/esco/occupation/219d1c30-3849-4de3-b0d6-07da187b6521', 'http://data.europa.eu/esco/occupation/2b48a4cd-2333-4abf-ac3e-6f63d6ed3663', 'http://data.europa.eu/esco/occupation/3ae4fd99-814a-4d06-a7db-5ee680c22e26', 'http://data.europa.eu/esco/occupation/3b1ea27c-781c-41eb-821f-214285260dd2', 'http://data.europa.eu/esco/occupation/44e0c015-309d-4f67-98a3-1e036966ed7f', 'http://data.europa.eu/esco/occupation/68ad860f-c5cd-420f-840f-993e3e813508', 'http://data.europa.eu/esco/occupation/76abbb82-c103-4d7a-a4c0-14dba4d6199a', 'http://data.europa.eu/esco/occupation/812c217d-32b7-4f6a-9faf-993d3577ac7f', 'http://data.europa.eu/esco/occupation/ab360abd-32e2-4e03-967d-a10758efffa7', 'http://data.europa.eu/esco/occupation/b09acdda-6680-49d1-a411-129610ee3bc0', 'http://data.europa.eu/esco/occupation/ba3bacd4-73e9-4861-a9c0-f89f1f28055a', 'http://data.europa.eu/esco/occupation/bea99fea-0383-4c63-b944-70d4799de2c5', 'http://data.europa.eu/esco/occupation/cb4f98c8-6b8d-41d8-87eb-a2a2033a3a25', 'http://data.europa.eu/esco/occupation/ef5b17a5-3ca8-4965-bd3d-61c4aca490d1', 'http://data.europa.eu/esco/isco/C1323', 'http://data.europa.eu/esco/isco/C3257', 'http://data.europa.eu/esco/isco/C334', 'http://data.europa.eu/esco/isco/C3343']"
1561,Software Engineer,"FlexLearn Business Solutions is a rapidly growing company that specializes in providing innovative and pioneering HR solutions to both businesses and educational organizations.
Our goal is to upgrade people skills, empower organizations to digitize HR processes, and streamline talent acquisition through innovative technology, guided by the principles of flexibility, independence, and collaboration.
We are looking for an enthusiastic and motivated Software Engineer to design and develop cloud software programs and applications. You will be able to develop, write and implement fully performing software in compliance with the latest coding standards.
Our software solutions are web based (ASP.NET, C#, JQuery, JavaScript, MVC), to mobile web (JQuery Mobile native apps Android, iOS) with Google and other APIs.
Basic Skills

Analyze complex concepts and develop clear, practical solutions
Write well designed, testable, efficient code
Strong verbal and written communications
Quick learner of new concepts and technologies

Technical Skills

Design & Develop applications using Visual Studio C#, ASP.NET Core, Signal R
MS-SQL (ADO.NET, stored procedures, triggers, etc.)
Front-end engineering using CSS/HTML/JavaScript/JQuery/XML
Object Oriented Analysis/Design/UML Modeling
Ability to recognize and apply software design patterns with security considerations
Experience in deploying load balanced web solutions
Microsoft developer certifications (i.e. MCPD, MCSD)

 Competitive Compensation

Highly effective learning environment
Annual and project-based incentive bonus plan tied to performance
Hybrid working model

Additional Benefits

We at FlexLearn have the opportunity to combine the intense rhythms of life with personal exercise and improvement of our health - in accordance with the international trends of Employee Support - by regularly offering Swimming pool, gym subscription, free yoga classes, mental health programs etc.
Variety of events are organized for employees.",Mid-level,Full-time,"Chalandri, Greece",EL,2024-09-03,kariera.gr,167188,,"['http://data.europa.eu/esco/skill/0e161427-3369-47c0-8669-9e226207f6d0', 'http://data.europa.eu/esco/skill/2b7a79e5-84d8-4880-be66-3d9bb05bea17', 'http://data.europa.eu/esco/skill/4c016b68-4116-468c-9dc6-42710c239e4a', 'http://data.europa.eu/esco/skill/6b643893-0a1f-4f6c-83a1-e7eef75849b9', 'http://data.europa.eu/esco/skill/7193cb6d-8334-494f-86e5-21e6d03a47c3', 'http://data.europa.eu/esco/skill/bf4d884f-c848-402a-b130-69c266b04164', 'http://data.europa.eu/esco/skill/f206e732-110c-47ce-a53f-f00c9d97c90d']","['http://data.europa.eu/esco/occupation/2fb96c6c-8d0b-4ef0-b1ee-3e493305e4eb', 'http://data.europa.eu/esco/occupation/5a91a8bc-eb18-4c7e-847d-96cbcce5a47a', 'http://data.europa.eu/esco/occupation/a6e8a6bf-9209-4d19-a131-a8b6431e0f75', 'http://data.europa.eu/esco/isco/C3']"
1623,"Mechanical Design Engineer (Heraklion, Crete)","The dynamically developing innovative packaging materials industry, Megaplast S.A., 
is interested in adding to its potential 
           Mechanical Design Engineer (Heraklion, Crete)
Main Responsibilities / Responsibilities:

Design and development of innovative mechanical devices using modern tools (CAD and CAE software)
Design and study of mechanical equipment layouts of the approved projects by combining the principles of engineering, electronics and IT (mechatronics).
Cooperation with the Project Action Team and the company's Engineers for the smooth completion of constructions with its physical presence in production units of Heraklion, Crete and Thebes.
Maintaining and organizing the records of the projects undertaken, for the correct recording, classification and filing of the mechanical components related to research or other activities.
Contribution to the monitoring of mechanical equipment optimization projects (measurements, records, etc.).
Recognition and implementation of company policies and procedures as well as hygiene and safety rules in accordance with current legislation
Contribution to the achievement of the company's strategic goals
Care for the adoption of the corporate culture
Any other authority is described in the applicable special regulations and established company procedures

Necessary Qualifications:

Degree of AEI/TEI in Mechanical Engineering
At least 3 years of experience in a similar position
Excellent knowledge of PRO-Engineering design package (3D) and 2D AutoCAD
Excellent knowledge of the English language, desirable knowledge of German and PC

Skills:

Experience working in Creo
Innovation and creativity
Analytical Thinking
Diagnosing and Solving Technological Problems
Research and application of new technologies
Ability to travel frequently

Offered:

Excellent working environment and cooperative spirit
Competitive remuneration package
Join the company's Bonus system
Private Life Insurance & Medical coverage",Mid-level,Full-time,"Marousi, Greece",EL,2024-09-03,kariera.gr,167125,,"['http://data.europa.eu/esco/skill/0450eaee-1a00-4622-8f4e-5356fce816d2', 'http://data.europa.eu/esco/skill/14832d87-2f2f-4895-b290-e4760ebae42a', 'http://data.europa.eu/esco/skill/2fb8480e-de3c-462b-b169-e8bbb344da68', 'http://data.europa.eu/esco/skill/4707da90-9cfc-46ca-8de0-38a0b7bfb137', 'http://data.europa.eu/esco/skill/4812a4ea-dc55-4dc6-b9b0-4a59bba2c647', 'http://data.europa.eu/esco/skill/6c153605-d62c-4970-81a9-49646ab32032', 'http://data.europa.eu/esco/skill/82313e12-9d39-47d1-b7c9-78bbd6bb50e2', 'http://data.europa.eu/esco/skill/8327754d-3990-4056-b07e-4faa49cfcd26', 'http://data.europa.eu/esco/skill/8c4c49d4-9708-433f-8ca7-bf2c5211ee49', 'http://data.europa.eu/esco/skill/f75b740c-b36c-495e-bc67-efe347bbc6b5', 'http://data.europa.eu/esco/skill/fc54bd7f-0c03-4fdd-af8c-5eb4021e716d']",['http://data.europa.eu/esco/occupation/4d34a9ee-2653-4da0-bef7-f59294577224']
1628,Mechanical Design Engineer (Athens),"The dynamically developing innovative packaging materials industry, Megaplast S.A., 
is interested in adding to its potential 
                                      Mechanical Design Engineer (Athens)
Main Responsibilities / Responsibilities:

Design and development of innovative mechanical devices using modern tools (CAD and CAE software)
Design and study of mechanical equipment layouts of the approved projects by combining the principles of engineering, electronics and IT (mechatronics).
Cooperation with the Project Action Team and the company's Engineers for the smooth completion of constructions with its physical presence in production units of Heraklion, Crete and Thebes.
Maintaining and organizing the records of the projects undertaken, for the correct recording, classification and filing of the mechanical components related to research or other activities.
Contribution to the monitoring of mechanical equipment optimization projects (measurements, records, etc.).
Recognition and implementation of company policies and procedures as well as hygiene and safety rules in accordance with current legislation
Contribution to the achievement of the company's strategic goals
Care for the adoption of the corporate culture
Any other authority is described in the applicable special regulations and established company procedures

Necessary Qualifications:

Degree of AEI/TEI in Mechanical Engineering
At least 3 years of experience in a similar position
Excellent knowledge of PRO-Engineering design package (3D) and 2D AutoCAD
Excellent knowledge of the English language, desirable knowledge of German and PC

Skills:

Experience working in Creo
Innovation and creativity
Analytical Thinking
Diagnosing and Solving Technological Problems
Research and application of new technologies
Ability to travel frequently

Offered:

Excellent working environment and cooperative spirit
Competitive remuneration package
Join the company's Bonus system
Private Life Insurance & Medical coverage",Mid-level,Full-time,"Marousi, Greece",EL,2024-09-03,kariera.gr,166918,,"['http://data.europa.eu/esco/skill/0450eaee-1a00-4622-8f4e-5356fce816d2', 'http://data.europa.eu/esco/skill/14832d87-2f2f-4895-b290-e4760ebae42a', 'http://data.europa.eu/esco/skill/2fb8480e-de3c-462b-b169-e8bbb344da68', 'http://data.europa.eu/esco/skill/4707da90-9cfc-46ca-8de0-38a0b7bfb137', 'http://data.europa.eu/esco/skill/4812a4ea-dc55-4dc6-b9b0-4a59bba2c647', 'http://data.europa.eu/esco/skill/6c153605-d62c-4970-81a9-49646ab32032', 'http://data.europa.eu/esco/skill/82313e12-9d39-47d1-b7c9-78bbd6bb50e2', 'http://data.europa.eu/esco/skill/8327754d-3990-4056-b07e-4faa49cfcd26', 'http://data.europa.eu/esco/skill/8c4c49d4-9708-433f-8ca7-bf2c5211ee49', 'http://data.europa.eu/esco/skill/b8ac179c-4a29-4467-9177-031daf1321d6', 'http://data.europa.eu/esco/skill/f75b740c-b36c-495e-bc67-efe347bbc6b5', 'http://data.europa.eu/esco/skill/fc54bd7f-0c03-4fdd-af8c-5eb4021e716d']","['http://data.europa.eu/esco/occupation/4d34a9ee-2653-4da0-bef7-f59294577224', 'http://data.europa.eu/esco/occupation/d515e82a-ca9f-4be4-9823-33694dff7304']"
1673,IoT Presales Engineer,"Intracom Telecom is a global telecommunications systems and solutions vendor that has been a leader in the market for over 40 years. The company is at the forefront of innovation in the wireless access and transmission domain and offers a competitive software portfolio and a comprehensive range of professional services addressing multiple market domains. Our mission is to shape the future through technology, and we recognize that human capital is the key factor in achieving this in today's fast-paced business environment. Our highly skilled and experienced personnel are pivotal in meeting demanding objectives and advancing the company's capabilities to better serve our customers.We are seeking an agile and highly motivated 'IoT Presales Engineer' to join our IoT business unit and play a key role in driving the adoption of our IoT solutions by articulating value propositions, customizing offerings and collaborating closely with our sales team to win new business opportunities.Position OverviewThe IoT Presales Engineer will play a crucial role in expanding our IoT offering (which encompasses our proprietary IoT platform and a strong vendor ecosystem) and achieving business objectives by working in a dynamic environment with both local and international customers and partners. This role is integral to enhancing our market presence across various verticals, such as Smart cities, Utilities, Factories, Sustainability and the Environment. It is well suited for a highly motivated individual with strong time management and problem-solving skills and a passion for IoT technologies.Key ResponsibilitiesYou will be involved in the following activities: Respond to requests for information / proposal / quotation (RFI/P/Q), while coordinating with relevant internal stakeholders (finance, accounting, legal, bidding, etc.) Follow technology trends and help introduce new products, ensuring our solutions remain competitive and innovative Conduct market analysis, including market research, technology assessment and competitive analysis Collaborate with technology and business partners to drive business objectives and enhance customer satisfaction Promote products/solutions at exhibitions and conferences Prepare collateral material & technical documentation, including product descriptions, business-oriented brochures and sales presentations Collaborate with the sales team to identify new business opportunities and develop targeted strategies Lead technical engagements of the sales process, serving as the main technical expert for potential customers Deliver presentations and demos to customers Gather information and analyze customer feedback to support product management and development functions Ensure that proposed solutions meet customer requirements and are aligned with industry standards Assist in the preparation and delivery of customer workshops and training sessions Requirements University degree in Electrical/Electronic Engineering, Computer Science, Physics, or Telecommunications At least 2 years of work experience in a presales or product management role is essential Knowledge of the IoT market and a solid understanding of related products and solutions Good familiarity with connectivity protocols, device management concepts and cloud technologies Fluency in both Greek and English languages, with excellent communication and presentation skills Ability to travel for short durations abroad Vendor management experience  Desired skills Previous involvement in IoT/ICT projects (experience in tendering procedures within the Greek public sector will be considered advantageous) Solution formulation based on customer requirements Knowledge or experience in Energy and/or Water management and/or Smart City and Environmental solutions A business-related degree or certification will be considered an advantage Technical writing in both Greek and English language BenefitsINTRACOM TELECOM provides an excellent working environment which encourages team spirit, cooperation and continuous learning, in which the career prospects depend on each employee’s performance. Remuneration is competitive and aligned with the company’s credo “our competitive advantage is our human capital”.Further, the facility of a company bus is convenient for every employee.Education and continuous personal improvement constitute major priorities for the company to keep abreast with the technology evolution and maintain the high growth rate and its strategic position.Our company applies policies for equal opportunities irrespective of caste, national origin, religion, disability, gender, sexual orientation, union membership, political affiliation, or age.",Mid-level,Full-time,"Paiania, Greece",EL,2024-09-03,kariera.gr,167055,,"['http://data.europa.eu/esco/skill/082967d4-b94c-4305-aa13-35a6aa8c5c7c', 'http://data.europa.eu/esco/skill/0e0c9c11-b39e-43cf-ba95-2fe646f5de64', 'http://data.europa.eu/esco/skill/29a50780-f81b-429c-b410-7f23a492e19d', 'http://data.europa.eu/esco/skill/538f8bc6-a5bf-422b-8112-5ad3fe9de9a0', 'http://data.europa.eu/esco/skill/5b06c369-10db-477d-a8df-987179324001', 'http://data.europa.eu/esco/skill/5b26f08b-88bc-45f0-b901-530d7786466b', 'http://data.europa.eu/esco/skill/63f224ea-d889-42ea-b3ef-730ef78c7176', 'http://data.europa.eu/esco/skill/71746a0b-e58d-4dc4-ad03-bd84082eae21', 'http://data.europa.eu/esco/skill/7a17d7ce-01a2-4746-bbcc-22ffe22fa16e', 'http://data.europa.eu/esco/skill/adc6dc11-3376-467b-96c5-9b0a21edc869', 'http://data.europa.eu/esco/skill/b99aa3b8-0066-46b2-a027-30afae444ad8', 'http://data.europa.eu/esco/skill/c55caed2-de9e-4a25-819e-a0b0e83fba1b', 'http://data.europa.eu/esco/skill/cf532795-a1fd-43bd-8407-6e43f877e6e3', 'http://data.europa.eu/esco/skill/dba46f87-0831-49cd-a1c7-340a653c0221', 'http://data.europa.eu/esco/skill/e24377fb-020b-4430-8bed-86dd539bbf3a', 'http://data.europa.eu/esco/skill/ecc18804-a466-40d9-98b4-fba5cd67dd4b', 'http://data.europa.eu/esco/skill/ee96ef27-0d69-4ca8-ae48-4e88c1f3e15c', 'http://data.europa.eu/esco/skill/f75b740c-b36c-495e-bc67-efe347bbc6b5', 'http://data.europa.eu/esco/skill/fe39d4db-4cb5-4299-bb9f-896c8fd6ab13']","['http://data.europa.eu/esco/occupation/16605833-c196-48d7-a6f5-bbdebdc353df', 'http://data.europa.eu/esco/occupation/2cf2b905-3308-4b5d-8e8d-633fc7a3f3ce', 'http://data.europa.eu/esco/occupation/546ec458-e2a4-4cb1-ac17-553d314ac2e2', 'http://data.europa.eu/esco/occupation/66fb9704-0d56-4673-8e69-7823816b73e1', 'http://data.europa.eu/esco/occupation/7f2761eb-4edc-48ad-9fbf-eed0a0db9a21', 'http://data.europa.eu/esco/occupation/8cb59bc4-1f39-477e-beea-effed12d186c', 'http://data.europa.eu/esco/occupation/a79170ad-0b7b-4697-864f-1748359aa10a', 'http://data.europa.eu/esco/occupation/f1ecc3c4-8212-4386-871a-6fda1b5b4d91', 'http://data.europa.eu/esco/isco/C2433', 'http://data.europa.eu/esco/isco/C3313']"
1681,.Net C# Software Engineer,"At Relational FS we know that companies with a strong positive culture perform so much better. That is why every day we strive to create a collaborative and inclusive working environment where our people can feel empowered to succeed.
Are you a skilled and experienced .NET developer looking for an opportunity to grow while working on exciting and challenging projects in a collaborative and dynamic environment?
Relational FS has an opportunity available, to work on complex and challenging new products, to drive transformative change for our top-tier Financial Services clients. Operating in an Agile environment, applications are built with latest modern technologies like C#, microservices and front-end web frameworks.
Responsibilities

Design, code, debug, document, and test software according development fundamentals, processes, and specifications
Estimate development project tasks and timelines
Contribute to product design reviews with creative and practical solutions
Mentor junior team members

Essential Qualifications

Excellent English communication (both verbal and written)
Familiarity with Agile methodologies
Bachelor’s degree in computer science or other relevant field
2+ years of relevant working experience
Strong understanding of Computer Science fundamentals such as OOP, Design Patterns, Data Structures, Algorithms
Good understanding of C# .NET & Asp.Net WebAPI,
Good understanding of RDBMS (SQL Server) and ORMs
Good understanding of microservice architecture
Experience with Front-end technologies, especially angular, will be considered a plus
Experience with REST microservices and Service oriented architecture will be considered a plus

Desired Qualifications: What we might consider an advantage

Unit testing (Test Driven Development)
Azure DevOps Pipelines (CI/CD)
Cloud native containerized application Docker

What Does our tech stack look like?
At Relational FS, we pride ourselves on adaptability and keeping up with the latest technologies. Our current tech stack looks like this

.NET C#
Azure DevOps CI/CD, Git
Kubernetes, Docker, Harbor
MSSQL, PostgreSQL, Redis, Spark.NET
Prometheus, Grafana, Loci, Jaeger, OpenTelemetry

Why work with us?
Relational FS is one of Greece's leading technology software companies, with a mission to provide our clients with innovative, scalable, and secure software solutions that enhance their business performance and customer satisfaction. Through matrix organizational structure we achieve cross-functional collaboration which helps to increase efficiency, innovation, and responsiveness to changing markets. Along with that we introduced a software coaching/mentoring scheme which provides guidance, feedback, and support to software engineers or learners who want to improve their skills, knowledge, and performance.
You will collaborate with experienced and talented people, who will inspire you, mentor you, and help you grow. You will also have access to numerous resources, tools, and facilities that will enable you to do your best work.
As an equal opportunity employer, we celebrate diversity and are committed to creating an inclusive environment for all employees.
Our company is people - centric and offers personalized benefits to each employee:

We want you to be well compensated for what you bring in, so we offer an attractive salary package
Your health matters to us, so all colleagues have a private health insurance plan from day one
Developer’s fuel is coffee, and the supply source is in our kitchen!
We are excited for challenges, so you are invited to take part in exciting projects
We love the Relational vibes so we gather on smaller and bigger occasions to celebrate good times together!

Relational Financial Solutions adheres to the General Data Protection Regulation principles by applying its Privacy Policy as published in https://www.relationalfs.com/legal-information/pri.... By submitting an application to this position and by sharing your personal data with Relational Financial Solutions you acknowledge and accept its Policy and authorise Relational Financial Solutions to process your personal data for the purposes of the company's recruitment opportunities, in line to the Policy.",Mid-level,Full-time,"Athens, Greece",EL,2024-09-03,kariera.gr,167045,,"['http://data.europa.eu/esco/skill/08e2ff26-88ff-47b5-9d37-d19ace01b075', 'http://data.europa.eu/esco/skill/2b7a79e5-84d8-4880-be66-3d9bb05bea17', 'http://data.europa.eu/esco/skill/2fb8480e-de3c-462b-b169-e8bbb344da68', 'http://data.europa.eu/esco/skill/4c016b68-4116-468c-9dc6-42710c239e4a', 'http://data.europa.eu/esco/skill/63f224ea-d889-42ea-b3ef-730ef78c7176', 'http://data.europa.eu/esco/skill/7dfbe0f3-076f-4a19-9eaa-db4d6db704b6', 'http://data.europa.eu/esco/skill/8330c86e-63cf-4be6-849f-4f77628cc5c5', 'http://data.europa.eu/esco/skill/8c4b7305-4b83-4586-9d42-2817f96c60ea', 'http://data.europa.eu/esco/skill/913e7e83-b8f8-4574-b1ca-1b38f3fd974a', 'http://data.europa.eu/esco/skill/a4346013-a967-4a58-a533-6b32ad1364c5', 'http://data.europa.eu/esco/skill/a8d07b5a-c1a1-42c6-9d53-db9c7a2ca996', 'http://data.europa.eu/esco/skill/c062bab3-3ea0-4291-9220-a2d8fef4bead', 'http://data.europa.eu/esco/skill/dba46f87-0831-49cd-a1c7-340a653c0221', 'http://data.europa.eu/esco/skill/f5dd06b8-5d17-4932-9d03-957d0c4f5051', 'http://data.europa.eu/esco/skill/fecf8a0d-62c4-4e71-9b03-0f4fc2ad7bf5']","['http://data.europa.eu/esco/occupation/3fa9a480-ceb3-4c2a-8a91-0508e1bb6ba5', 'http://data.europa.eu/esco/isco/C2519']"
1682,Senior .Net C# Software Engineer,"At Relational FS we know that companies with a strong positive culture perform so much better. That is why every day we strive to create a collaborative and inclusive working environment where our people can feel empowered to succeed.
Are you a skilled and experienced .NET developer looking for an opportunity to grow professionally while working on exciting and challenging projects in a collaborative and dynamic environment?
Relational FS has an opportunity available, to work on complex and challenging new products, to drive transformative change for our top-tier Financial Services clients. Operating in an Agile environment, applications are built with latest modern technologies like C#, microservices and front-end web frameworks.
Responsibilities

Lead features from architecture to implementation alone or as part of a cross-functional team
Work closely with a business analyst team and stakeholders to design the best solutions
Mentor and guide fellow colleagues on industry’s best practices and standards
Test and deliver high-quality software
Mitigate technical risks, issues and proactively address any challenges

Essential Qualifications

Excellent English communication (both verbal and written)
Familiarity with Agile methodologies
Bachelor’s degree in computer science or other relevant field
Firm understanding of Computer Science fundamentals such as OOP, Design Patterns, Data Structures, Algorithms
Firm understanding of C# .NET, Asp.Net WebAPI,
Firm understanding of RDBMS (SQL Server) and ORMs
Firm understanding of microservice architecture
Experience with Front-end technologies, especially angular, will be considered a plus
Experience with REST microservices and Service oriented architecture

Desired Qualifications

Unit testing (Test Driven Development)
Azure DevOps Pipelines (CI/CD)
Cloud native containerized application Docker

What Does our tech stack look like?
At Relational FS, we pride ourselves on adaptability and keeping up with the latest technologies. Our current tech stack looks like this

.NET C#
Azure DevOps CI/CD, Git
Kubernetes, Docker, Harbor
MSSQL, PostgreSQL, Redis, Spark.NET
Prometheus, Grafana, Loci, Jaeger, OpenTelemetry

Why work with us?
Relational FS is one of Greece's leading technology software companies, with a mission to provide our clients with innovative, scalable, and secure software solutions that enhance their business performance and customer satisfaction. Through matrix organizational structure we achieve cross-functional collaboration which helps to increase efficiency, innovation, and responsiveness to changing markets. Along with that we introduced a software coaching/mentoring scheme which provides guidance, feedback, and support to software engineers or learners who want to improve their skills, knowledge, and performance.
You will collaborate with experienced and talented people, who will inspire you, mentor you, and help you grow. You will also have access to numerous resources, tools, and facilities that will enable you to do your best work.
As an equal opportunity employer, we celebrate diversity and are committed to creating an inclusive environment for all employees.
Our company is people - centric and offers personalized benefits to each employee:

We want you to be well compensated for what you bring in, so we offer an attractive salary package
Your health matters to us, so all colleagues have a private health insurance plan from day one
Developer’s fuel is coffee, and the supply source is in our kitchen!
We are excited for challenges, so you are invited to take part in exciting projects
We love the Relational vibes so we gather on smaller and bigger occasions to celebrate good times together!

Relational Financial Solutions adheres to the General Data Protection Regulation principles by applying its Privacy Policy as published in https://www.relationalfs.com/legal-information/pri.... By submitting an application to this position and by sharing your personal data with Relational Financial Solutions you acknowledge and accept its Policy and authorise Relational Financial Solutions to process your personal data for the purposes of the company's recruitment opportunities, in line to the Policy.",Senior,Full-time,"Athens, Greece",EL,2024-09-03,kariera.gr,167043,,"['http://data.europa.eu/esco/skill/08e2ff26-88ff-47b5-9d37-d19ace01b075', 'http://data.europa.eu/esco/skill/2b7a79e5-84d8-4880-be66-3d9bb05bea17', 'http://data.europa.eu/esco/skill/2fb8480e-de3c-462b-b169-e8bbb344da68', 'http://data.europa.eu/esco/skill/4c016b68-4116-468c-9dc6-42710c239e4a', 'http://data.europa.eu/esco/skill/63f224ea-d889-42ea-b3ef-730ef78c7176', 'http://data.europa.eu/esco/skill/7dfbe0f3-076f-4a19-9eaa-db4d6db704b6', 'http://data.europa.eu/esco/skill/8330c86e-63cf-4be6-849f-4f77628cc5c5', 'http://data.europa.eu/esco/skill/a4346013-a967-4a58-a533-6b32ad1364c5', 'http://data.europa.eu/esco/skill/a8d07b5a-c1a1-42c6-9d53-db9c7a2ca996', 'http://data.europa.eu/esco/skill/c062bab3-3ea0-4291-9220-a2d8fef4bead', 'http://data.europa.eu/esco/skill/dba46f87-0831-49cd-a1c7-340a653c0221', 'http://data.europa.eu/esco/skill/fecf8a0d-62c4-4e71-9b03-0f4fc2ad7bf5']",['http://data.europa.eu/esco/occupation/3fa9a480-ceb3-4c2a-8a91-0508e1bb6ba5']
1728,ELECTRICAL ENGINEER (Larissa),"At MEIDANIS we already count 40 years of successful course in the marketing and distribution of electrical equipment and lighting and we provide professionals and consumers with quality and high added value solutions.
As part of our dynamic development, we are looking for:
Electrical Engineers 
(headquarters: Larissa)
for the Costing-Bidding & Production Planning departments
of the Electrical Panels Manufacturing Unit
 
If you have the following qualifications

Degree in Electrical Engineering - Automation (University, Polytechnic, TEI)
2-3 years of experience in the field of study (preferred)
Very good knowledge of electrical design and similar design software
Very good knowledge of English
Very good knowledge of MS Office programs

and if you are looking to work in a large company, with history and continuous development, then send your CV to jobs@meidanis.gr with the indication IMLA.
With our excellent working climate, with the trust and interest we show in our people and with a competitive salary, we will give you a thousand reasons to be proud to belong to #team-meidanis!",Mid-level,Full-time,"Larisa, Greece",EL,2024-09-03,kariera.gr,166995,,['http://data.europa.eu/esco/skill/f683ae1d-cb7c-4aa1-b9fe-205e1bd23535'],"['http://data.europa.eu/esco/occupation/86ca306c-ab99-420a-9e2a-aa73c5c4de22', 'http://data.europa.eu/esco/occupation/faed05c0-c1d1-4e34-b575-0dea96459e56']"
1731,"Manager, Software Engineer","Why Patients Need You
Technology impacts everything we do. Pfizer's digital and 'data first' strategy focuses on implementing impactful and innovative technology solutions across all functions from research to manufacturing. Whether you are digitizing drug discovery and development, identifying solutions, or making our work easier and faster, you will be making a difference to countless lives.ROLE SUMMARYPfizer's purpose is to deliver breakthroughs that change patients' lives.In Pfizer Digital Core Solutions, we partner closely with our Pfizer business operations colleagues to efficiently deliver robust supporting technology solutions that enhance their work to achieve the Pfizer purpose. We value our team members' technical skills, but also their passion, teamwork, and growth. Our culture is focused on delivering value through courage, excellence, equity, and joy. Our collective skillset supports all aspects of technology planning, project execution and application development excellence.We are looking for Software Engineer (SE) candidates who are aligned with our culture and values, and with experience in software development projects that include both backend and frontend development using Java and Javascript-based technologies for multi-tiered, RDBMS-based web applications. Top candidates will also have experience working on regulated projects that have used an agile approach.The Software Engineer plays a key role in meeting our mission. In addition to standard software development and agile team responsibilities, SEs act as mentors as well as technical subject matter experts on in-house, outsourced, and co-sourced developed global applications. SEs may additionally lead technical teams and work independently or lead others on initiatives. SEs will collaborate closely with stakeholders of all levels across both the Digital Core Solutions organization as well as our partner business operations organizations, leading to opportunities to learn from and advise senior Pfizer leadership.The SE will work closely with their manager to ensure growth over time, including the selection of project work among hundreds of applications that will expand their skillset to meet personal and organizational goals, to provide fulfilling work, and to advance their careers.




ROLE RESPONSIBILITIES

Works independently and within teams to advance organizational and project objectives.
Works with project teams across R&D Solutions, providing technical leadership across business domains, including support for short and long-term strategies in alignment with Pfizer Digital colleagues: Client Partners, Architects, Solution Delivery Leads, among others.
Participates in Agile practices in alignment with team processes and objectives.
Designs application areas to meet project objectives and alignment with Digital standards and best practices.
Works in team environment with Pfizer colleagues as well as vendor partners.
Ensures the expectations and requirements of internal and external stakeholders are met.
Provides technical management of colleagues and contract resources for software development projects.
Provides technical expertise and oversight to ensure the quality and maintenance of existing production systems.
Suggests and assists in the development of Engineering Best Practices for the group.
Designs, prototypes, implements and unit tests software solutions in supported business areas.
Specifies user/system interfaces and translates logical designs into physical designs taking account of target environment, performance requirements and existing systems.
Produces detailed designs and documents all work using required standards, methods and tools, including prototyping tools, where appropriate.
Conducts reviews of supplied specifications as appropriate.
Creates, improves, and maintains DevOps and other build and code management configurations to support efficient, high quality, and secure software development and delivery.





QUALIFICATIONS ​

Undergraduate degree in Software Engineering, Information Management, Computer Science, Mathematics, or other scientific or engineering discipline.
5+ years of relevant experience within the Software Engineering discipline.
Experience working within teams of technologists, IT professionals or project managers using Agile, DevOps, and other approaches for iterative development.
Demonstrated capabilities and experience collaborating and working effectively in team settings, frequently in virtual teams with client partner and customer engagement responsibilities.
Experience in supporting the selection or implementation of technical direction on large projects and/or complex, program-level initiatives requiring technical and business-domain expertise.
Experience and demonstrated competencies either informally or formally managing and/or mentoring others with an emphasis on communicating software engineering and project development best practices.
Demonstrated focus on the high quality of outputs through various methods, such as through code quality initiatives, implementation of automated testing or a unit testing program, process improvement, or leading team engagement with quality initiatives.

Required Capabilities and Experience:

Strong capabilities in developing multi-tiered solutions using Java/J2EE, JBoss Application Server, SQL, REST and JMS, as well as web technologies and frameworks such as Angular, Typescript, HTML, CSS.
Experience using Agile and DevOps tools such as Jira, GitHub and Sonar.
Demonstrated capabilities in understanding data and integration architectures to manage, transform, and exploit data across the enterprise.
Capable of understanding security requirements and using the frameworks and tools the organization has put in place to meet those requirements.
Excellent oral and written communication skills including technical writing / documentation.

Required Aptitude:

Quick to establish trust and respect
Action oriented and energetic
Resourceful and creative
Persistent and determined
Mature and cool under pressure
Easily makes connections
Reads situations quickly
Commitment and follow through

Pfizer is an equal opportunity employer and complies with all applicable equal employment opportunity legislation in each jurisdiction in which it operates.
To apply please visit our website www.pfizercareers.com and search job Manager, Software Engineer id 4910159.",Senior,Full-time,"Thessaloniki, Greece",EL,2024-09-03,kariera.gr,166989,,"['http://data.europa.eu/esco/skill/0a9acb6b-1139-4be9-b431-3a80a959f2f4', 'http://data.europa.eu/esco/skill/0af062de-eb43-41e9-9b96-249e2cd22d26', 'http://data.europa.eu/esco/skill/113b4428-0a31-4199-8496-070af7854b91', 'http://data.europa.eu/esco/skill/1af2db15-2af9-44dd-9639-bf1fc69d4c34', 'http://data.europa.eu/esco/skill/1fcce318-3212-487a-ac07-4941bc85060d', 'http://data.europa.eu/esco/skill/21fecc8a-392e-49ce-ac26-fb0696ccfead', 'http://data.europa.eu/esco/skill/2624158e-4a53-4667-8921-96ee7aaea7b3', 'http://data.europa.eu/esco/skill/33d49d4f-31ec-473f-9b8a-b555aa5116bb', 'http://data.europa.eu/esco/skill/4339176e-3acd-4f7f-a5d9-445bee3d23f2', 'http://data.europa.eu/esco/skill/598de5b0-5b58-4ea7-8058-a4bc4d18c742', 'http://data.europa.eu/esco/skill/5b26f08b-88bc-45f0-b901-530d7786466b', 'http://data.europa.eu/esco/skill/5dd96c59-5955-474b-8cf5-e986a5b50f1a', 'http://data.europa.eu/esco/skill/6a322874-e32f-4cd8-9683-badce67a7f73', 'http://data.europa.eu/esco/skill/75b30aeb-34c0-40f4-b77d-271d75a98b14', 'http://data.europa.eu/esco/skill/867137fb-ff1b-4ca3-99f3-cb6969aa2c68', 'http://data.europa.eu/esco/skill/b16bcbcb-1d3f-42b3-a6a5-b91348a72b70', 'http://data.europa.eu/esco/skill/b87f6102-5bab-4e99-a5d8-11b6be1b99c2', 'http://data.europa.eu/esco/skill/bacbfc27-4b5d-47de-8bfd-af5fa27562a2', 'http://data.europa.eu/esco/skill/c69587b4-05d3-45bb-b79b-9b85e6603fc2', 'http://data.europa.eu/esco/skill/d83cba15-8511-4d07-b89a-9fde0d1d8241', 'http://data.europa.eu/esco/skill/dba46f87-0831-49cd-a1c7-340a653c0221', 'http://data.europa.eu/esco/skill/dd009c14-f702-4d16-a919-8d2098205cf4', 'http://data.europa.eu/esco/skill/ed1d8bd4-cd2a-4c64-b665-56d70651026c', 'http://data.europa.eu/esco/skill/f0de4973-0a70-4644-8fd4-3a97080476f4', 'http://data.europa.eu/esco/skill/f37d9f67-2e79-4958-8307-1ce9d6dcc8bd', 'http://data.europa.eu/esco/skill/f5308e60-d763-4ead-be95-88c96fb3e02b']","['http://data.europa.eu/esco/occupation/00030d09-2b3a-4efd-87cc-c4ea39d27c34', 'http://data.europa.eu/esco/occupation/070e94a8-a933-4557-9b95-fefe7f4f1763', 'http://data.europa.eu/esco/occupation/53cdd34e-22f2-41bd-b3c7-de22bf9bbcae', 'http://data.europa.eu/esco/occupation/72628f3a-fd49-499a-9741-870b0a1fcef2', 'http://data.europa.eu/esco/occupation/874a2080-a9b6-46a9-8662-c9b7d4208f73', 'http://data.europa.eu/esco/occupation/8b6388a4-4904-471b-9331-d3b1211f5525', 'http://data.europa.eu/esco/occupation/8c3f536e-ba66-4321-ba40-363dc39f129b', 'http://data.europa.eu/esco/occupation/8cb59bc4-1f39-477e-beea-effed12d186c', 'http://data.europa.eu/esco/occupation/cc867bee-ab5c-427f-9244-f7a204d9574b', 'http://data.europa.eu/esco/occupation/d515e82a-ca9f-4be4-9823-33694dff7304', 'http://data.europa.eu/esco/isco/C1330', 'http://data.europa.eu/esco/isco/C2519']"
1785,Senior Software Engineer for e-Health Solutions,"Responsibilities:


- Design, develop, and maintain high-quality healthcare software solutions.


- Improve existing systems and develop new features to meet evolving healthcare needs.


 


Preferred Qualifications:


- Bachelor's degree in Computer Science, a related technical field, or equivalent practical experience.


- Strong experience in C# development


- Knowledge of WPF(Windows Presentation Foundation) or Blazor


- Strong understanding of web technologies


- Understanding of healthcare domain and concepts.


- Experience in developing software for the e-health sector.


- Excellent communication and teamwork skills.


 


Why CCS?


- Be part of a leading company in the e-health industry.


- Work on impactful projects that improve healthcare delivery.


- Collaborative and innovative work environment.


- Opportunities for professional growth and development.",Mid-level,Full-time,"Marousi, Greece",EL,2024-09-02,kariera.gr,166921,,"['http://data.europa.eu/esco/skill/16636767-c215-4cf0-b126-e144fea20926', 'http://data.europa.eu/esco/skill/4c016b68-4116-468c-9dc6-42710c239e4a']",['http://data.europa.eu/esco/occupation/57af9090-55b4-4911-b2d0-86db01c00b02']
1834,"Sr. Associate, Network Automation Engineer","ROLE SUMMARYEnterprise Platforms & Security (EP&S), integrates and oversee Pfizer's global infrastructure, information technology operations, risk management, data privacy, and cybersecurity capabilities Our business application platforms support Pfizer's enterprise application and critical business processes. A robust infrastructure allows business traffic to travel where it needs to go, internally and externally, along with the appropriate access controls. EP&S secures Pfizer's most important information assets through world class controls and protections and enables Pfizer's business results by making security an enabler and not a roadblock to achieving business results.The Digital Command Operations (DCO) team delivers excellence in the pursuit of those breakthroughs through industry-leading infrastructure operations reliability. This is achieved through transparency in business and service health, predictive detection of service interruptions, the elimination of repetitive operational tasks (toil) through automation, and improved diagnostics to drive better decisions and interventions.The ​Sr. Associate, Network Automation Engineer​ will work collaboratively with other members of the Network Infrastructure, peer organizations and the broader Pfizer Digital Organization, to provide technical expertise in building Pfizer's network automation capabilities and identifying & successfully implementing advanced IT automation solutions for Pfizer Digital and our clients.




ROLE RESPONSIBILITIES

Identify potential opportunities to automate Network Operational processes, including elimination of toil and risk.
Programmatically analyze network incidents and develop automated solutions for close loop remediation.
Utilize software engineering practices, and programming or scripting languages like Java, Python, or JavaScript, to develop code, automate tasks, and integrate monitoring and alerting in the process.
Stay updated on emerging trends and technologies in network engineering, software engineering, and cloud computing.
Utilize logging and monitoring solutions like Grafana, Splunk or similar, to track, troubleshoot, and remediate issues.
Use and customize industry-leading Network Performance Monitoring, Planning, and Configuration Management capabilities.
Maintain design and support documentation.
Collaborate with cross-functional teams to identify opportunities for improving data collection, analysis processes, and data-driven decision-making.
Document analysis methodologies, findings, and insights to facilitate knowledge sharing and maintain data quality standards.





QUALIFICATIONSMinimum Qualifications:

Bachelor's degree in Computer Science, Information Technology, Engineering, or STEM related field, or equivalent practical experience.
3+ years of professional experience in network engineering or a related field.
Experience in any of the following Cisco/Meraki/SDWAN, Catalyst, Nexus, AireOS.
Experience with Network Performance Monitoring, Planning, and Configuration Management tools.
Experience in at least one programming or scripting language (e.g., Java, JavaScript, Python).
Experience in programmatically analyzing network incidents and developing automated remediation solutions.
Demonstrated experience with network automation tools and technologies.
Excellent communication and collaboration skills, with the ability to work effectively in a team environment.
Strong attention to detail and commitment to delivering high-quality work.
Demonstrated ability to work in an agile work environment possessing qualities such as a collaborative mindset, adaptability to change, and a proactive problem-solving approach.

Preferred Qualifications:

Associate level Industry certifications (CCNA, DEVASC, CCSA, or equivalent expertise).
Familiarity with F5 Load Balancers.
Experience with data visualization tools such as Grafana, Tableau.
Familiarity with software engineering best practices, version control, testing, deployment in maintenance will be considered plus.
Experience working in Agile environments, preferably with Scrum methodology with a focus on continuous improvement and delivery.
Professional certifications in network engineering, automation, or cloud services (e.g. AWS Certified Solutions Architect).

Pfizer is an equal opportunity employer and complies with all applicable equal employment opportunity legislation in each jurisdiction in which it operates.
To apply please visit our website www.pfizercareers.com and search job Sr. Associate, Network Automation Engineer id 4913533.",Senior,Full-time,"Thessaloniki, Greece",EL,2024-09-02,kariera.gr,166865,,"['http://data.europa.eu/esco/skill/0c15aa34-6977-4da7-b1f0-2ba6a582ef1b', 'http://data.europa.eu/esco/skill/0daaf096-1639-461c-bf1a-bbeea77e6b67', 'http://data.europa.eu/esco/skill/19a8293b-8e95-4de3-983f-77484079c389', 'http://data.europa.eu/esco/skill/21d2f96d-35f7-4e3f-9745-c533d2dd6e97', 'http://data.europa.eu/esco/skill/49de9958-2aa4-4eef-a89d-fe5d5bcd28c4', 'http://data.europa.eu/esco/skill/5ef0c719-5bcb-49f8-b8eb-824388225333', 'http://data.europa.eu/esco/skill/65e58886-bd1e-4c5b-8ca5-8d9b353c8aa1', 'http://data.europa.eu/esco/skill/9d2e926f-53d9-41f5-98f3-19dfaa687f3f', 'http://data.europa.eu/esco/skill/9e84a506-df06-4be3-874a-fa01293e3dd5', 'http://data.europa.eu/esco/skill/a4346013-a967-4a58-a533-6b32ad1364c5', 'http://data.europa.eu/esco/skill/a80fb090-63f4-4b05-83a5-2f090deb7757', 'http://data.europa.eu/esco/skill/bd14968e-e409-45af-b362-3495ed7b10e0', 'http://data.europa.eu/esco/skill/be20d05c-f6b4-4580-9fcf-f00f4baab562', 'http://data.europa.eu/esco/skill/cc7370dd-69fa-4c67-a96f-d4d135d38700', 'http://data.europa.eu/esco/skill/ccb2e5f2-4279-48fd-9d85-a1db42ff1e13', 'http://data.europa.eu/esco/skill/ccd0a1d9-afda-43d9-b901-96344886e14d', 'http://data.europa.eu/esco/skill/f4a6e9f7-5cff-46c0-894c-59c20bb78694']","['http://data.europa.eu/esco/occupation/2082e125-d06b-43e6-957f-b7aa3c48dc2f', 'http://data.europa.eu/esco/occupation/2fb96c6c-8d0b-4ef0-b1ee-3e493305e4eb', 'http://data.europa.eu/esco/occupation/3b1ea27c-781c-41eb-821f-214285260dd2', 'http://data.europa.eu/esco/occupation/57af9090-55b4-4911-b2d0-86db01c00b02', 'http://data.europa.eu/esco/occupation/7086d0ca-1e77-4690-89c9-7ed1a0478fa3', 'http://data.europa.eu/esco/occupation/b09acdda-6680-49d1-a411-129610ee3bc0', 'http://data.europa.eu/esco/occupation/bb609566-3ab6-44dd-8f48-cf0b15b96827', 'http://data.europa.eu/esco/isco/C214']"
1858,Software Engineer (Java),"Join INTRALOT as a Software Engineer (Java)!\n\nAre you a Java Developer looking for an opportunity to work with modern technologies and microservices? Do you thrive in a dynamic environment that fosters innovation and technical excellence? If so, we invite you to join our team!\nWhat you'll be doing:\n\n Contributing to the development and evolution of critical backend systems that support our applications and services.\n Developing and maintaining web applications in a microservices environment.\n Writing clean, efficient, and well-documented code.\n Collaborating with the team to analyze requirements and design solutions.\n Supporting internal and external customers when needed.\n Keeping up with the latest technologies and best practices.\n\nWhat we're looking for:\nDegree in Computer Science, Software Engineering, or a related field.3+ years of experience in Java development.We work with Java 17 and are migrating to Java 21 - so you'll have the opportunity to work with the latest technologies!Experience with Spring Boot (currently using 2.6).Understanding of RESTful APIs and microservices architecture.Knowledge of multithreading programming and testing frameworks (JUnit).Experience with databases (MySQL) and ORM frameworks (Hibernate).Familiarity with Source Control (GIT, SVN) and Build Tools (Maven).Knowledge or experience with Kubernetes, Docker, and Kafka.Team player with strong problem-solving skills!\nAbout Us: INTRALOT, a publicly listed company established in 1992, is a leading gaming solutions supplier and operator active in 39 regulated jurisdictions worldwide. With a global workforce of approximately 1,700 employees, INTRALOT is committed to redefine innovation and quality of services in the lottery and gaming sector, while supporting operators in raising funds for good causes. In 2023, INTRALOT was distinguished as a top ten most attractive employer brands in Greece.\nINTRALOT has been awarded the prestigious WLA Responsible Gaming Framework Certification by the World Lottery Association. We always act with integrity and enjoy what we do.\n\nWhy Join Us:\n A competitive compensation package combined with additional benefits.\n Hybrid working model.\n Private Insurance for you and your family.\n Modern facilities, parking inside, enticing restaurant and corporate bus.\n An extensive training program upon induction and throughout employment.\n Exceptional opportunities to learn and develop in a multinational environment.\n Prospects for professional growth both locally and globally.\n\nEqual Opportunity Employer: We celebrate diversity and are proud to be an Equal Opportunity Employer. We welcome applicants from all backgrounds and do not discriminate based on race, color, religion, gender, sexual orientation, national origin, age, marital status, medical condition, disability, or any other protected status. Our premises in Paiania, Attica, are accessible to individuals with disabilities. Join us in shaping the future of gaming and lottery solutions!",N/A,Full-time,"Athens, Greece",EL,2025-06-12,kariera.gr,162615,,"['http://data.europa.eu/esco/skill/0d168770-4d9c-4096-b048-a6577818d306', 'http://data.europa.eu/esco/skill/0ee7b0d6-db98-4785-9948-f2ef415d155a', 'http://data.europa.eu/esco/skill/1fcce318-3212-487a-ac07-4941bc85060d', 'http://data.europa.eu/esco/skill/2636b3d3-843e-46a9-8b4c-a9d6ca3f5a2d', 'http://data.europa.eu/esco/skill/484df271-bb52-49f1-8f50-f19624bf4df2', 'http://data.europa.eu/esco/skill/5bac4bcc-1846-4688-ba02-ad2b51544282', 'http://data.europa.eu/esco/skill/a8797f21-1af0-4c5e-98ca-bf1442929363', 'http://data.europa.eu/esco/skill/adc6dc11-3376-467b-96c5-9b0a21edc869', 'http://data.europa.eu/esco/skill/e24377fb-020b-4430-8bed-86dd539bbf3a', 'http://data.europa.eu/esco/skill/5b26f08b-88bc-45f0-b901-530d7786466b', 'http://data.europa.eu/esco/skill/19a8293b-8e95-4de3-983f-77484079c389']","['http://data.europa.eu/esco/occupation/50af07f0-7a75-424e-a66d-5a9deea10f4c', 'http://data.europa.eu/esco/occupation/57af9090-55b4-4911-b2d0-86db01c00b02', 'http://data.europa.eu/esco/occupation/5fd2980e-22c4-4ace-a394-190c76f4f539', 'http://data.europa.eu/esco/occupation/a9c7a04d-807a-41b5-b441-87c73c73c9c5', 'http://data.europa.eu/esco/occupation/d18a8976-a283-42ad-9541-75c49396dbd7']"
1906,Senior Application Security Engineer,"Company DescriptionWe are Netcompany-Intrasoft, a member of Netcompany Group A/S, and a leading European IT Solutions and Services company with strong international presence and expertise, dedicated to responsible digitalisation. We offer innovative and added-value solutions of the highest quality to a wide range of public and private organizations, while being a key-player in the EU Institutions for the past 30 years. We hold an outstanding record of 500+ organizations in 70+ countries, that have chosen our solutions and services, to fulfil their business needs. Our team of 3500+ professionals is our driving force and our most valuable asset.Job DescriptionA day in the life of a Senior Application Security EngineerAs a Senior Application Security Engineer, you will be part of the Information Security Department and you will drive the design, implementation, operation, and monitoring of the Secure Software Development Lifecycle roadmap of Netcompany-Intrasoft according to the business strategy and selected information security standards and best practices. Moreover, you will lead projects for the adoption of security by design principles in Netcompany-Intrasoft products and software development services, and enhance security assurance levels related to application security through DevSecOps culture and automation.As a Senior Application Security Engineer you will:Define secure architecture patterns and secure design specifications together with software architects to guide software implementationPerform threat modeling in software architecture and software design artifacts prepared by software architectsLead research and investigation activities to propose implementation of application security controls at the code levelLead the execution of manual secure code review to identify and report security issues and weaknessesLead the review of output from automated application security testing (e.g., SAST, DAST, SCA) and perform triage activities to assess relevancy of discovered vulnerabilities, rate their security impact and propose mitigation actionsLead scoped manual security verification assessments with specialized tools (e.g., Burp, ZAP Proxy, Postman and other) and prepare reports describing issues towards development teamsDevelop and deliver application security training activities and workshopsGive presentations on technical application security topics towards internal development teamsEvolve the implementation and configuration of scanning policies in DevSecOps tooling (e.g., SAST, DAST, SCA)QualificationsWhat would make you a fit for the role:Bachelor Degree in Computer Science or Computer Engineering field;Master Degree in Information Security field or related work experience of 3 or more yearsAdvanced skills in understanding workflows written in programming languages such as Java, C#, JavaScript and/or Python;Extended experience with identification and mitigation of OWASP Top 10 risks and CWE Top 25 vulnerabilities;Hands-on experience with secure design and security controls implementation in software applications that follow the micro-services architecture pattern;Practical experience performing threat modelling using relevant methodologies (e.g., STRIDE, PASTA, OCTAVE)Advanced technical knowledge in the following domains: HTML, CSS, URLs, DOM, Browser/Server Communication, Web & Application Servers;Technical knowledge in the following domains: Operating System Internals, Cloud Architecture, Container technology, Networking, Cryptography, Authentication mechanisms, Authorization controls, Input validation and DevSecOps;Good knowledge of security verification tools such as Burp Suite, ZAP, SonarQube;Good knowledge of risk measurement frameworks (e.g., CVSS, CWSS);Excellent command of the English language (C2 level).It would also be a plus if you match some of the following:Any Application Security certification, (e.g. CASE, CSSLP, CASS, CSP, GIAC Certified Web Application Defender).Any Information Security related certification, (e.g. CISSP, CEH, ISACA's CSX, Microsoft AZURE Security Associate, AWS Certified Security Specialty).Any other Application Security Micro-Learning certification, (e.g., Burp Suite Certified Practitioner, Online Course Completion certifications by Udemy, HackTheBox, etc.)2 or more years hands-on experience in Software DevelopmentAdditional InformationBeing a part of the Netcompany-Ιntrasoft team, you will be provided with: The opportunity to work in a modern environment & in a hybrid working modelA seamless onboarding experience and a buddy to support you on your first stepsA competitive compensation & benefits packageHealth and life insurance programMeal and commuting allowanceWell-being activities (on premises)Continuous learning opportunities using the most modern methods (unlimited access to Udemy for Business, ad-hoc trainings)A personalized development plan for targeted career growthIf you are looking forward to be part of a diverse environment, and have the opportunity to work alongside well-experienced professionals, on challenging, large-scale projects that directly impact millions of citizens around the globe, then this is the place to be!By joining Netcompany-Intrasoft Athens, you will be part of a vivid team of 2000+ tech enthusiasts. When at the office you will have the chance to work at our brand-new, state-of-the-art, sustainable offices, located in 3 different spots in Athens!Our cultureOur people are the most important element of our success. Our work life is well defined by our set of fundamental Values: https://bit.ly/3SSbBzU  #BePartOfSomethingGreat!*Please submit your CV in EnglishAll applications will be treated as strictly confidential.",N/A,Full-time,"Athens, Greece",EL,2025-03-12,kariera.gr,162187,,"['http://data.europa.eu/esco/skill/11430d93-c835-48ed-8e70-285fa69c9ae6', 'http://data.europa.eu/esco/skill/1ce4cddd-4a74-458e-a2d4-152ca939475a', 'http://data.europa.eu/esco/skill/23ac233d-84ad-4517-b0f5-8ca19ba2614e', 'http://data.europa.eu/esco/skill/3bddfd7c-ab6d-40c2-883d-5e97fb7640ba', 'http://data.europa.eu/esco/skill/4c016b68-4116-468c-9dc6-42710c239e4a', 'http://data.europa.eu/esco/skill/6f1edc19-191f-4ba5-a048-ee69aff05bab', 'http://data.europa.eu/esco/skill/89f6560b-2194-45c9-9ece-d33049a73eef', 'http://data.europa.eu/esco/skill/8f6ed69b-29d0-4c01-81ba-f05920a185f3', 'http://data.europa.eu/esco/skill/ccd0a1d9-afda-43d9-b901-96344886e14d', 'http://data.europa.eu/esco/skill/f0163b63-6794-4eb7-b17b-f91d11b2602d', 'http://data.europa.eu/esco/skill/f4a6e9f7-5cff-46c0-894c-59c20bb78694', 'http://data.europa.eu/esco/skill/f9a6f35b-01a7-40c9-8b61-b6ee46f97272']","['http://data.europa.eu/esco/occupation/1c5a896a-e010-4217-a29a-c44db26e25da', 'http://data.europa.eu/esco/occupation/2082e125-d06b-43e6-957f-b7aa3c48dc2f', 'http://data.europa.eu/esco/occupation/2fb96c6c-8d0b-4ef0-b1ee-3e493305e4eb', 'http://data.europa.eu/esco/occupation/719f101d-1866-49d3-8d5c-2256f606a8b9', 'http://data.europa.eu/esco/occupation/7ed2e153-8da8-4c0d-b4c5-3402c623f34b', 'http://data.europa.eu/esco/occupation/92bb3d8c-8a9f-4cd7-80ec-247bbf173004', 'http://data.europa.eu/esco/occupation/93b11f0f-69af-4ece-b9da-f29aab7d38d3', 'http://data.europa.eu/esco/occupation/a44a1dc5-be08-4840-8bd5-770c4ac1ca6d', 'http://data.europa.eu/esco/occupation/d0aa0792-4345-474b-9365-686cf4869d2e']"
2042,Web Developers,"Duties
As a Senior software engineer, you will join an autonomous team of software engineers, and your primary duties will be the following:
● Design, build, and maintain efficient, reusable, and reliable code● Develop data processing solutions per specifications● Support bug fixes and existing feature enhancement● Utilize, communicate and follow coding standards
Tech stack: Most sites and services are written in C# / ASP.NET, and new services are written in .NET Core. New applications use vue.js in the front end, while older ones use jQuery. MS SQL Server is used for most storage needs, but Redis is used when applicable. In addition, the company uses TFS and Git for code versioning and CI.
Prerequisites
● Minimum 2 years experience● Good knowledge of C# .NET Core, EF Core, jQuery, Vue.js or similar frameworks, MS SQL● Good knowledge of CSS3, HTML (HTML5), Responsive web design● English speaking
Desired
● Experience with complex applications, APIs and BackOffice systems● Basic knowledge of Varnish, Redis, and other supplementary technologies used in the modern development process● Experience with Git/TFS-based development workflows and agile software processes● Continuous Integration/ Delivery (CI/CD) Methods● Azure Pipelines
Incentives
● Flexible working hours● Possibility of working remotely● Competitive remuneration package",Mid-level,Full-time,"Nea Makri, Greece",EL,2024-08-31,kariera.gr,166461,,"['http://data.europa.eu/esco/skill/15d76317-c71a-4fa2-aadc-2ecc34e627b7', 'http://data.europa.eu/esco/skill/634865e0-2ec2-4b7f-bb7f-c196637f0f7b', 'http://data.europa.eu/esco/skill/6ad40ca3-dc34-4442-b23f-0b1b28936f56', 'http://data.europa.eu/esco/skill/c062bab3-3ea0-4291-9220-a2d8fef4bead']","['http://data.europa.eu/esco/occupation/6cd08cbe-7611-4d70-8886-6c59c0385442', 'http://data.europa.eu/esco/occupation/c40a2919-48a9-40ea-b506-1f34f693496d', 'http://data.europa.eu/esco/occupation/e8fca903-6590-48a8-8902-094bb41ee90c', 'http://data.europa.eu/esco/occupation/f2b15a0e-e65a-438a-affb-29b9d50b77d1']"
2080,GCS Sr. Associate Analytics Solution Engineer,"ROLE DETAILSAll over the world, Pfizer colleagues are working together to positively impact health for everyone, everywhere. Each position at Pfizer touches and contributes to the success of our business and our world. That's why, as one of the global leaders in the biopharmaceutical industry, Pfizer is committed to seeking out inspired new talent who share our core values and mission of making the world a healthier place.R&D within AIDA (AI, Data and Analytics), a Pfizer Digital organization, is responsible for the development and management of all data and analytics tools and platforms across the enterprise - from global research and development, to manufacturing, to commercial, to patient care across over 100+ countries. One of the team's top priorities is the advancement of AI/ML enabled analytics and the creation of data solutions that can be leveraged across the enterprise.R&D in AIDA holds responsibility for the development and operations of the aggregate data solutions (data lakes and associated application portfolios) supporting Pfizer's scientific and clinical functions.The Sr. Associate Solution Engineer will develop scientific data solutions with a team of peer developers, digital client partners, architects, platform leads and contract support personnel under the direction of a senior software developer.




ROLE RESPONSIBILITIES

Develop, maintain, and improve new and existing data solutions with a strong sense of accountability and attention to quality.
Collaborate closely with other engineers and team leaders to become a valued member of an autonomous, cross-functional team.
Translate high-level business problems into solutions using data-driven modeling and analysis.
Perform stringent testing of code written, including designing and writing automated tests to allow for continuous delivery.
Define and maintain related artifacts that support data integration.
Clearly and regularly communicate with line management and colleagues.
Mentor your more junior developer colleagues and perform tasks such as peer code reviews, provide feedback and corrections as necessary.
Help the team embrace agile core values, adopt, and apply those principles, and implementation practices.

QUALIFICATIONSProfessional Experience and Educational Requirements

BS/MS in Computer Science, Engineering, or related field.
3+ years' experience in data solutions and analytics development.
Fundamental knowledge in programming using Python and Pyspark.
Demonstrated knowledge of Structured query language (SQL).
Back-end experience with databases such as Oracle, RedShift, and Snowflake.
Knowledge of Big Data technologies.
Ability to work independently, in a team environment and multi-task effectively.
Flexible and willing to accept a change in priorities as necessary.
Strong attention to detail with high standards of quality and customer value.
Self-motivated and proactive with the ability to take ownership of issues.
Excellent oral and written communication skills.

PREFERRED QUALIFICATIONS

Experience with developing identity management solutions desirable.
Experience in developing solutions aimed at medical professionals desirable.
Experience in the Pharma industry desirable.
Experience in modern software development practices including distributed versioning systems, continuous integration/deployment, automated testing (DevOps).
Working knowledge of Jira, GitHub, and Docker.
Experience with AWS and demonstrated understanding of cloud application architectures (We heavily leverage AWS and experience of its services and how to use them is a definite bonus).

Pfizer is an equal opportunity employer and complies with all applicable equal employment opportunity legislation in each jurisdiction in which it operates.
To apply please visit our website www.pfizercareers.com and search job GCS Sr. Associate Analytics Solution Engineer with id 4918714.",Senior,Full-time,"Thessaloniki, Greece",EL,2024-08-30,kariera.gr,166592,,"['http://data.europa.eu/esco/skill/082967d4-b94c-4305-aa13-35a6aa8c5c7c', 'http://data.europa.eu/esco/skill/08e2ff26-88ff-47b5-9d37-d19ace01b075', 'http://data.europa.eu/esco/skill/0b144726-21c2-46ed-8d13-c03d27f61604', 'http://data.europa.eu/esco/skill/0d6714c6-720e-4985-9791-5ab85d28da79', 'http://data.europa.eu/esco/skill/11430d93-c835-48ed-8e70-285fa69c9ae6', 'http://data.europa.eu/esco/skill/1605025e-a179-421f-8f35-5b07d182a6b2', 'http://data.europa.eu/esco/skill/1b957e3d-0017-42b0-9bfe-49a1cdd31de7', 'http://data.europa.eu/esco/skill/97bd1c21-66b2-4b7e-ad0f-e3cda590e378', 'http://data.europa.eu/esco/skill/9cf681c7-89ec-470c-b651-7fe03786f586', 'http://data.europa.eu/esco/skill/ab1e97ed-2319-4293-a8b7-072d2648822f', 'http://data.europa.eu/esco/skill/bc0b0b5d-f6be-405a-b224-b6902a4dbe97', 'http://data.europa.eu/esco/skill/ccd0a1d9-afda-43d9-b901-96344886e14d', 'http://data.europa.eu/esco/skill/f0de4973-0a70-4644-8fd4-3a97080476f4', 'http://data.europa.eu/esco/skill/f8e3425c-fe44-4ffb-bafe-0e20d91dadf4']","['http://data.europa.eu/esco/occupation/2fb96c6c-8d0b-4ef0-b1ee-3e493305e4eb', 'http://data.europa.eu/esco/occupation/53cdcc84-e5ee-488c-aa09-88084e06d6d7', 'http://data.europa.eu/esco/occupation/8c3f536e-ba66-4321-ba40-363dc39f129b', 'http://data.europa.eu/esco/occupation/bd9d395a-d587-45c6-8d72-ceef226df9e1', 'http://data.europa.eu/esco/occupation/cc325a8f-702e-4bf0-893f-5b5d456475ad', 'http://data.europa.eu/esco/occupation/cc867bee-ab5c-427f-9244-f7a204d9574b', 'http://data.europa.eu/esco/occupation/f2b15a0e-e65a-438a-affb-29b9d50b77d1', 'http://data.europa.eu/esco/isco/C214']"
2148,Senior Database Engineer,"Company DescriptionAbout Netcompany-IntrasoftWe are Netcompany-Intrasoft, a leading European IT Solutions and Services Group with strong international presence and expertise, offering innovative and added-value solutions of the highest quality to a wide range of international and national public and private organizations. More than 500 organizations in over 70 countries worldwide have chosen the company's services and solutions to fulfill their business needs.For more information regarding our company, current projects, and openings around Europe, please consult our website: www.netcompany-intrasoft.com.Job DescriptionA day in the life of a Database Engineer for the Public Sector:Design and develop database, ensuring optimal performance, security, and scalability.Maintain and enhance existing databases to improve performance, upgrade interfaces, and integrate new features.Collaborate with application developers to integrate databases with existing applications and support application development.Write well-designed, testable, efficient database scripts, stored procedures, and functions.Provide support by troubleshooting and resolving database issues.Document database schemas and development processes.Stay informed of new technologies and best practices in database development.QualificationsBachelor's degree in Computer Science, Information Technology, or a related field.Proven work experience as a Database Developer or similar role with at least 2 years experience.Strong understanding of SQL and experience with database technologies such as MySQL, PostgreSQL, Oracle.Experience with database design, documentation, and coding.Familiarity with software development methodologies and the software development lifecycle.Additional InformationWe ensure equal opportunities, treatment, and consideration to all candidates. Discrimination based on sex, racial or ethnic origin, religion or belief, disability, age, sexual orientation or marital status, physical or mental disability, or any other factor protected by applicable laws and regulations is prohibited. At Netcompany-Intrasoft we respect human rights as part of our culture, and we focus on creating a positive workplace in which all employees are valued and where diversity and inclusivity are welcomed.The safety and well-being of our employees remain our top priority. Please note that Netcompany-Intrasoft's recruitment process is being conducted virtually due to preventive measures against the Covid-19 pandemic.Our cultureOur people are the most important element of our success. Our work life is well defined by our set of fundamental Values: https://bit.ly/3SSbBzU  #BePartOfSomethingGreat!*Please submit your CV in EnglishAll applications will be treated as strictly confidential.",,Full-time,"Athens, Greece",EL,2024-08-30,kariera.gr,149471,,"['http://data.europa.eu/esco/skill/07e51c60-763a-4335-b4ec-70a15f66d328', 'http://data.europa.eu/esco/skill/09f2f811-a3fb-4de3-a70f-6420a6935575', 'http://data.europa.eu/esco/skill/23ac233d-84ad-4517-b0f5-8ca19ba2614e', 'http://data.europa.eu/esco/skill/385479b7-5da5-4367-9763-0d15b41bb65b', 'http://data.europa.eu/esco/skill/64db87c7-2360-4e20-88d3-d222402e477c', 'http://data.europa.eu/esco/skill/84f58e3d-8669-4d83-8c1d-5dd1e73a654f', 'http://data.europa.eu/esco/skill/a8d07b5a-c1a1-42c6-9d53-db9c7a2ca996', 'http://data.europa.eu/esco/skill/bb40da1a-232f-4ba1-a9f5-5283a4fb7a7a', 'http://data.europa.eu/esco/skill/de9f85ba-e77f-48fd-8c66-f5ebaf32d655', 'http://data.europa.eu/esco/skill/f9738fc9-4d67-43e8-bfda-954123e34d42']","['http://data.europa.eu/esco/occupation/01ffb917-98dc-48c1-91ad-93c4104e791d', 'http://data.europa.eu/esco/occupation/b11e1742-5e28-4270-b081-b0193d85ee7d', 'http://data.europa.eu/esco/occupation/e9507d34-c70f-474f-a4a3-d2cbfe50f6e9', 'http://data.europa.eu/esco/isco/C2521']"
2149,Senior UI Engineer,"Company DescriptionWe are Netcompany-Intrasoft, a member of Netcompany Group A/S, and a leading European IT Solutions and Services company with strong international presence and expertise, dedicated to responsible digitalisation. We offer innovative and added-value solutions of the highest quality to a wide range of public and private organizations, while being a key-player in the EU Institutions for the past 30 years. We hold an outstanding record of 500+ organizations in 70+ countries, that have chosen our solutions and services, to fulfil their business needs. Our team of 3500+ professionals is our driving force and our most valuable asset.Job DescriptionEver wondered what it feels like to be a Senior UI Engineer in Netcompany-Intrasoft? As a Senior UI engineer, you will be responsible for the design and development of our Design System and front-end applications that meet the needs of the user. In this role, you will meet with the design team to discuss application features, create application mockups, and write the code for the final website design. To ensure success as a UI engineer, you should have in-depth knowledge of front-end languages, excellent visualization skills, and good project management skills. A top-class UI engineer will design and implement functional and aesthetically pleasing applications that perfectly meet the needs of the user.As a Senior UI Engineer you will:Meeting with the design team to discuss application features and design ideasResearching similar application designs and user interface modulesEnhancing our Design System with new featuresCreating a website and application design mockups with enhanced UI featuresPresenting updated front-end designs for final sign-offWriting the front-end code and building the user interfaceDebugging code errors and troubleshooting software issuesConducting live application tests and tweaksUpdating web applications in line with user trendsQualificationsWhat would make you a fit for the role:Bachelor's degree in computer science, graphic design, web design, or similar fieldPrevious experience as a UI engineer (5 years at least for the senior and 2 for the junior candidates)Familiarity with automated testing tools including Selenium and Jest.In-depth knowledge of user interface models, application design, and website functionalityProficient with front-end languages including HTML, JavaScript, and CSSFamiliarity with prototyping tools including Adobe XD, Figma, and Sketch.Advanced problem-solving skillsFamiliarity with relevant front-end frameworks (React, Angular) and databases.Knowledge of graphic design software including Adobe Illustrator, and Adobe PhotoshopGood communication skillsAdditional InformationBeing a part of the Netcompany-Ιntrasoft team, you will be provided with: The opportunity to work in a modern environment & in a hybrid working modelA seamless onboarding experience and a buddy to support you on your first stepsA competitive compensation & benefits packageHealth and life insurance program Meal and commuting allowanceWell-being activities (on premises)Continuous learning opportunities using the most modern methods (unlimited access to Udemy for Business, ad-hoc trainings)A personalized development plan for targeted career growthIf you are looking forward to be part of a diverse environment, and have the opportunity to work alongside well-experienced professionals, on challenging, large-scale projects that directly impact millions of citizens around the globe, then this is the place to be!By joining Netcompany-Intrasoft Athens, you will be part of a vivid team of 2000+ tech enthusiasts. When at the office you will have the chance to work at our brand-new, state-of-the-art, sustainable offices, located in 3 different spots in Athens!Our cultureOur people are the most important element of our success. Our work life is well defined by our set of fundamental Values: https://bit.ly/3SSbBzU  #BePartOfSomethingGreat!*Please submit your CV in EnglishAll applications will be treated as strictly confidential.",,Full-time,"Athens, Greece",EL,2024-08-30,kariera.gr,156502,,"['http://data.europa.eu/esco/skill/23ac233d-84ad-4517-b0f5-8ca19ba2614e', 'http://data.europa.eu/esco/skill/3bddfd7c-ab6d-40c2-883d-5e97fb7640ba', 'http://data.europa.eu/esco/skill/43ae58b9-5e56-4524-b45a-b422777a0576', 'http://data.europa.eu/esco/skill/7557f0f4-b8bc-4ac0-b91e-222ab1ba744f', 'http://data.europa.eu/esco/skill/8f6ed69b-29d0-4c01-81ba-f05920a185f3', 'http://data.europa.eu/esco/skill/a103bca9-6d00-4255-b61b-6c524dacfc8e', 'http://data.europa.eu/esco/skill/b5d7adfd-b8ad-4f12-88fa-e2d161c0b296', 'http://data.europa.eu/esco/skill/c4b1f326-224a-420a-b8b3-814a8f13b6cb', 'http://data.europa.eu/esco/skill/cd5efa8c-e44d-4cbc-91c6-796018dbed68', 'http://data.europa.eu/esco/skill/d0f22e58-e16d-4eac-8d6a-0d954c8d806b', 'http://data.europa.eu/esco/skill/f058bf62-70d1-4f5e-be2a-8b26fac24a96']","['http://data.europa.eu/esco/occupation/30ed83ba-cc89-4d9f-a59d-5c783c1da56e', 'http://data.europa.eu/esco/occupation/3d190639-90f8-4402-b1b3-a104a17e0d67', 'http://data.europa.eu/esco/occupation/69bcbb0a-8d80-4ecd-b0a4-9adea2a40de2', 'http://data.europa.eu/esco/occupation/719f101d-1866-49d3-8d5c-2256f606a8b9', 'http://data.europa.eu/esco/occupation/866c7813-2c03-47d7-9bdc-192cfbace57c', 'http://data.europa.eu/esco/occupation/bea99fea-0383-4c63-b944-70d4799de2c5']"
2245,Electrical Engineer,"Sovel member of Sidenor Group, is looking for an Electrical Engineer for its SOVEL Steel Plant in Almyros-Magnesia. With 60 years of industry know-how and expertise Sidenor is the largest steel industry in Greece and constitutes the steel production and trading segment of Viohalco. Sidenor Group is a leading steel producer in Southeastern Europe with 4 production units in Greece, Bulgaria and North Macedonia.
The Group's products are available in more than 50 countries with a significant contribution to the economic growth, such as those of steel reinforcing for building and infrastructure projects, shipbuilding and various other industrial applications.
If you want to be part of this large and dynamic organization, Sidenor Group has the opportunity for you!
As an Electrical Engineer, you will contribute to the overall electrical maintenance of our production process. You are dedicated to working with your colleagues as part of a high-performing team, demonstrating enthusiasm and high motivation to develop fast and pick up new skills and talents.
 
What you will need to do:

Follow Health & Safety regulations in accordance with the company’s policies and standards
Coordinate activities with production, maintenance and quality control departments to improve overall effectiveness
Perform and Oversee Corrective and Preventative Maintenance activities on all Electrical equipment
Participate, Monitor and Control the Progress of Maintenance Works
Upgrade, Maintain & Provide Technical Support for existing Electrical Control Systems
Provide assistance to Electrical Maintenance and Automation personnel with troubleshooting and breakdown diagnosis in order to minimize downtime
Oversee Project Scheduling and Organization of Maintenance Assignments
Create or Modify Electrical Equipment Maintenance Plans and Manuals

 
Your Profile:

Diploma in Electrical Engineering (Member of Technical Chamber of Greece)
2+ years prior experience in a similar role, preferably in a manufacturing environment will be considered an asset
Health & Safety Culture
Excellent command of MS Office Applications
Familiarity with automation software and hardware will be considered an asset
Good understanding of Electrical Design and Drawings (knowledge of CAD software, preferably AutoCAD or EPLAN will be considered an asset)

 
What will lead you to success:

Excellent communication skills (Greek & English)
Great interpersonal skills with Team Working Spirit
Decision-making, problem solving and resourceful thinking skills, with attention to detail
Strong time management and organizational skills and the ability to multitask and prioritize

 
What you will need to do next:Joining the Sidenor Group family is easy! If you feel that you meet the criteria and have the passion to succeed, simply apply by submitting your CV in English and leave the rest to us!
All applications will be treated as strictly confidential",Entry / Junior,Full-time,"Almyros, Greece",EL,2024-08-30,kariera.gr,166398,,"['http://data.europa.eu/esco/skill/05010f6c-0b40-4525-ac4a-057d46a2b6f4', 'http://data.europa.eu/esco/skill/0b144726-21c2-46ed-8d13-c03d27f61604', 'http://data.europa.eu/esco/skill/19a64e91-bfe3-4c48-9225-3bb1229b12f0', 'http://data.europa.eu/esco/skill/7dcb927b-9a77-4e93-b33c-d6ea28a45fde', 'http://data.europa.eu/esco/skill/8c6feedd-339f-4dba-b28a-dae84c759853', 'http://data.europa.eu/esco/skill/a2b5dcf3-5b6a-453d-876c-cff540c0faf1', 'http://data.europa.eu/esco/skill/c5bc42be-4970-4dce-80e2-af78bae42e84', 'http://data.europa.eu/esco/skill/cbd9cd0f-6c22-4bbc-8af2-dc9c7f5efcb5', 'http://data.europa.eu/esco/skill/cf310cff-0d28-4dbc-9dbb-cc500a3196c2', 'http://data.europa.eu/esco/skill/d62d2b4c-a6f8-439e-8a1b-4f29ab5f2c47', 'http://data.europa.eu/esco/skill/e0ded9a1-372d-46c8-80b5-ad994d606ef2', 'http://data.europa.eu/esco/skill/ea4ebfa1-e17a-4416-ac54-955f33e6ade7', 'http://data.europa.eu/esco/skill/ec7ec825-4d6d-4cd1-9993-a96c479e049e']","['http://data.europa.eu/esco/occupation/4910419f-b4af-4f59-b544-9dbebc8a74f0', 'http://data.europa.eu/esco/occupation/849a656c-8559-4471-91ed-442c42b0b641', 'http://data.europa.eu/esco/occupation/86ca306c-ab99-420a-9e2a-aa73c5c4de22', 'http://data.europa.eu/esco/occupation/8afab6c4-6145-4ea1-a0ae-d2c3438bda7e', 'http://data.europa.eu/esco/occupation/bb609566-3ab6-44dd-8f48-cf0b15b96827']"
2247,Senior Project Architect,"PwC Greece manages on behalf of its client, a leading real estate development and management company in the construction industry, the position of Experienced Architect Engineer with the following responsibilities: consultants, as well as work supervision and coordination of contractors and suppliers on construction projects in progress. Main Responsibilities: Coordination of project engineers and consultants Preparation of plans, schedules and budgets Pre-measurements Communication with suppliers, evaluation of offers and orders of materials Closing agreements with contractors/suppliers, production of contractual documents Scheduling and supervision of workshops Collaboration and communication with contractors/suppliers Schedule development and monitoring and Budget Measurements – Work Certifications Requirements Degree in Architecture Master's degree will be considered an additional qualification License to practice profession At least 15 years of experience in supervision and coordination of construction sites Knowledge of design software (AutoCAD, Revit) Experience in drawing up plans, construction details at the application study level Previous experience in large construction companies or architectural design offices with supervisory responsibilities Previous experience in large scale tourist & commercial buildings and luxury residences Very good command of the English language Excellent computer skills (MS Office) Excellent organizational and communication skills Ability to manage multiple projects at the same time. Analytical and critical thinking, attention to detail Result focus and meeting deadlines",Senior,Full-time,"Athens, Greece",EL,2024-08-30,kariera.gr,166400,,"['http://data.europa.eu/esco/skill/47ac9325-b072-4e37-8e40-e6ffed03e851', 'http://data.europa.eu/esco/skill/91abe492-18be-4cce-93c7-0dca07072363', 'http://data.europa.eu/esco/skill/b9f16465-56a9-426b-a047-0f9f1f95ec92', 'http://data.europa.eu/esco/skill/ed1fbdc3-1071-423c-9bb4-e3288ca6d1fe', 'http://data.europa.eu/esco/skill/fe77f9ca-7bd2-4a68-98f4-8463a4fb8301']","['http://data.europa.eu/esco/occupation/326027fc-5408-47cd-9b32-fbe770dbbe80', 'http://data.europa.eu/esco/occupation/8c3f536e-ba66-4321-ba40-363dc39f129b', 'http://data.europa.eu/esco/occupation/ba3bacd4-73e9-4861-a9c0-f89f1f28055a', 'http://data.europa.eu/esco/isco/C214', 'http://data.europa.eu/esco/isco/C2412']"
2284,"Manager, Software Engineer front-end","Why Patients Need You
Technology impacts everything we do. Pfizer's digital and 'data first' strategy focuses on implementing impactful and innovative technology solutions across all functions from research to manufacturing. Whether you are digitizing drug discovery and development, identifying solutions, or making our work easier and faster, you will be making a difference to countless lives.
What You Will Achieve
You will help Pfizer build its information technology solutions. You will leverage your technical skills to design, develop and implement IT solutions which satisfy the short term or long terms needs of Pfizer. You will work on front-end UI architecture design, wireframes and application infrastructure to deliver results.As a Manager, Software Developer front-end you will play a critical role in designing and implementing high-quality user interfaces. You will collaborate with cross-functional teams to deliver seamless and engaging experiences for our users. Your expertise will guide the team towards best practices, ensuring high code quality and continuous improvement in our front-end development processes.It is your hard work and dedication that will help in making Pfizer ready to achieve new milestones and help patients across the globe.




Key Responsibilities

Design, develop, and maintain responsive, high-performance web applications using modern front-end technologies.
Lead the technical design and architecture discussions for front-end development, ensuring scalable and maintainable solutions.
Mentor and guide junior developers, fostering a culture of continuous learning and improvement.
Collaborate with product managers, UX/UI designers, and other stakeholders to gather requirements and translate them into technical specifications.
Conduct code reviews to ensure adherence to coding standards, best practices, and overall code quality.
Troubleshoot and resolve complex technical issues, ensuring optimal performance and user experience.
Stay current with emerging technologies and industry trends, incorporating them into the development process as appropriate.
Participate in agile development processes, including sprint planning, stand-ups, and retrospectives.





Qualifications
Must-Have

Bachelor's or Master's degree in Computer Science, Engineering, or a related field.
5+ years of experience in front-end development, with a strong focus and knowledge of at least one modern JavaScript framework or library (e.g., React, Angular, Vue.js).
Proficiency in HTML, CSS, and JavaScript (ES6+).
Strong understanding of responsive design principles and mobile-first development.
Familiarity with RESTful APIs and asynchronous request handling.
Excellent problem-solving skills and the ability to think critically and creatively.
Strong communication skills, with the ability to effectively convey technical concepts to both technical and non-technical stakeholders.
Demonstrated ability to lead and mentor a team of developers.
Experience with version control systems, such as Git.
Knowledge of browser compatibility issues and ways to work around them.

Nice-to-Have

Experience with TypeScript.
Familiarity with DevOps practices and CI/CD pipelines.
Contribution to open-source projects or active participation in the developer community.
Knowledge of web performance optimization techniques.
Understanding of GraphQL.





Pfizer is an equal opportunity employer and complies with all applicable equal employment opportunity legislation in each jurisdiction in which it operates.
To apply please visit our website www.pfizercareers.com and search job Manager, Software Engineer front-end id 4915427.",Senior,Full-time,"Thessaloniki, Greece",EL,2024-08-30,kariera.gr,166346,,"['http://data.europa.eu/esco/skill/14832d87-2f2f-4895-b290-e4760ebae42a', 'http://data.europa.eu/esco/skill/1ffac4ac-fda7-407d-8ed1-ca8f4a8dc146', 'http://data.europa.eu/esco/skill/6ad40ca3-dc34-4442-b23f-0b1b28936f56', 'http://data.europa.eu/esco/skill/867137fb-ff1b-4ca3-99f3-cb6969aa2c68', 'http://data.europa.eu/esco/skill/9d2e926f-53d9-41f5-98f3-19dfaa687f3f', 'http://data.europa.eu/esco/skill/a8797f21-1af0-4c5e-98ca-bf1442929363', 'http://data.europa.eu/esco/skill/c4b1f326-224a-420a-b8b3-814a8f13b6cb', 'http://data.europa.eu/esco/skill/d52382fe-f236-421f-95fe-34fe69d48dbd', 'http://data.europa.eu/esco/skill/d9e5349e-8791-49c2-8ba4-839fdd1606c2', 'http://data.europa.eu/esco/skill/dba46f87-0831-49cd-a1c7-340a653c0221', 'http://data.europa.eu/esco/skill/f0de4973-0a70-4644-8fd4-3a97080476f4', 'http://data.europa.eu/esco/skill/f0f5bb34-71df-4715-9c9e-03567b76ec8f']","['http://data.europa.eu/esco/occupation/070e94a8-a933-4557-9b95-fefe7f4f1763', 'http://data.europa.eu/esco/occupation/2ed56c3f-61d6-4f7e-9ef8-8849eb102e4c', 'http://data.europa.eu/esco/occupation/53cdd34e-22f2-41bd-b3c7-de22bf9bbcae', 'http://data.europa.eu/esco/occupation/866c7813-2c03-47d7-9bdc-192cfbace57c', 'http://data.europa.eu/esco/occupation/8cb59bc4-1f39-477e-beea-effed12d186c', 'http://data.europa.eu/esco/occupation/96e20037-0a25-4bf6-a25e-808d1605d890', 'http://data.europa.eu/esco/occupation/cc867bee-ab5c-427f-9244-f7a204d9574b', 'http://data.europa.eu/esco/occupation/f2b15a0e-e65a-438a-affb-29b9d50b77d1', 'http://data.europa.eu/esco/occupation/faed411a-f920-4100-86a8-b877928b429c', 'http://data.europa.eu/esco/isco/C214']"
2287,"Manager, Software Engineer back-end","Why Patients Need You
Technology impacts everything we do. Pfizer's digital and 'data first' strategy focuses on implementing impactful and innovative technology solutions across all functions from research to manufacturing. Whether you are digitizing drug discovery and development, identifying solutions, or making our work easier and faster, you will be making a difference to countless lives.
What You Will Achieve
You will help Pfizer build its information technology solutions. You will leverage your technical skills to design, develop and implement IT solutions which satisfy the short term or long terms needs of Pfizer. You will work on systems architecture, network systems and application infrastructure to deliver results.As a Manager, Software Developer you will play a pivotal role in designing, developing, and maintaining complex software applications. You will collaborate with cross-functional teams to deliver innovative solutions that meet business requirements and exceed user expectations. Your expertise and leadership will help guide the team towards best practices, high code quality, and continuous improvement. Your planning skills will help in preparing forecasts for resource requirements, as well as providing areas of improvement for products, processes or services. You will be able to take a leadership role to facilitate agreements between different teams.It is your hard work and dedication that will help in making Pfizer ready to achieve new milestones and help patients across the globe.




How You Will Achieve It

Design, develop, and maintain high-quality back-end software applications using modern technologies and frameworks. Iimprove existing software solutions with a strong sense of accountability and attention to quality.
Provide guidance to team members, lead/co-lead projects, manage own time to meet objectives and plan resource requirements for projects across the division.
Lead the technical design and architecture discussions, ensuring scalable and maintainable solutions.
Collaborate with product managers, designers, and other stakeholders to gather requirements and translate them into technical specifications.
Ensure proper Systems Development Lifecycle Management Regulatory Compliance.
Deliver fully automation regression testing of major solutions for reduced testing time.
Conduct code reviews to ensure adherence to coding standards, best practices, and overall code quality.
Stay current with emerging technologies and industry trends, incorporating them into the development process as appropriate.
Participate in agile development processes, including sprint planning, stand-ups, and retrospectives.
Strong experience in development in two or more back-end technologies and frameworks (Java - spring, Python, JavaScript - node.js)
Troubleshoot and resolve complex technical issues, ensuring optimal performance and user experience.
Flexibility to learn new technologies and adapt to changing project requirements.
Experience with version control systems like Git.
Mentor and guide junior developers, fostering a culture of continuous learning and improvement.





Qualifications

Bachelor's Degree is required.
5+ years of experience in software development, with a strong focus on back-end technologies like Java, Python, JavaScript, etc).
Strong understanding of software development principles, design patterns, and best practices.
Experience with cloud platforms such as AWS, Azure, or Google Cloud.
Excellent problem-solving skills and the ability to think critically and creatively.
Strong communication skills, with the ability to effectively convey technical concepts to both technical and non-technical stakeholders.
Demonstrated ability to lead and mentor a team of developers.
Experience with version control systems, such as Git.
Familiarity with DevOps practices and CI/CD pipelines is a plus.
Excellent communication skills
Front-end technologies & frameworks exposure (Javascript, Angular, React etc).
Database skills.
Performance tuning and scalability.
API design & development.

Pfizer is an equal opportunity employer and complies with all applicable equal employment opportunity legislation in each jurisdiction in which it operates.
To apply please visit our website www.pfizercareers.com and search job Manager, Software Engineer back-end id 4915357.",Senior,Full-time,"Thessaloniki, Greece",EL,2024-08-30,kariera.gr,166344,,"['http://data.europa.eu/esco/skill/0550431f-9c8b-4204-9c45-59bc5feacf06', 'http://data.europa.eu/esco/skill/09f2f811-a3fb-4de3-a70f-6420a6935575', 'http://data.europa.eu/esco/skill/14832d87-2f2f-4895-b290-e4760ebae42a', 'http://data.europa.eu/esco/skill/1ffac4ac-fda7-407d-8ed1-ca8f4a8dc146', 'http://data.europa.eu/esco/skill/2b7a79e5-84d8-4880-be66-3d9bb05bea17', 'http://data.europa.eu/esco/skill/5fd64399-aff4-459e-8d78-510acf1abba1', 'http://data.europa.eu/esco/skill/75d8e5d9-bef3-418b-9011-01bff9f27207', 'http://data.europa.eu/esco/skill/7c05199f-7b03-4a4a-afee-7c9dfcf9066a', 'http://data.europa.eu/esco/skill/7fc4c18a-68f3-425a-aadf-f83633be47a1', 'http://data.europa.eu/esco/skill/9d2e926f-53d9-41f5-98f3-19dfaa687f3f', 'http://data.europa.eu/esco/skill/a8797f21-1af0-4c5e-98ca-bf1442929363', 'http://data.europa.eu/esco/skill/b0096dc5-2e2d-4bc1-8172-05bf486c3968', 'http://data.europa.eu/esco/skill/ccd0a1d9-afda-43d9-b901-96344886e14d', 'http://data.europa.eu/esco/skill/d52382fe-f236-421f-95fe-34fe69d48dbd', 'http://data.europa.eu/esco/skill/d9e5349e-8791-49c2-8ba4-839fdd1606c2', 'http://data.europa.eu/esco/skill/dba46f87-0831-49cd-a1c7-340a653c0221', 'http://data.europa.eu/esco/skill/f0de4973-0a70-4644-8fd4-3a97080476f4']","['http://data.europa.eu/esco/occupation/070e94a8-a933-4557-9b95-fefe7f4f1763', 'http://data.europa.eu/esco/occupation/3fa9a480-ceb3-4c2a-8a91-0508e1bb6ba5', 'http://data.europa.eu/esco/occupation/53cdd34e-22f2-41bd-b3c7-de22bf9bbcae', 'http://data.europa.eu/esco/occupation/8cb59bc4-1f39-477e-beea-effed12d186c', 'http://data.europa.eu/esco/occupation/ab7bccb2-6f81-4a3d-a0c0-fca5d47d2775', 'http://data.europa.eu/esco/occupation/cc867bee-ab5c-427f-9244-f7a204d9574b', 'http://data.europa.eu/esco/occupation/f2b15a0e-e65a-438a-affb-29b9d50b77d1', 'http://data.europa.eu/esco/occupation/faed411a-f920-4100-86a8-b877928b429c']"
2316,FTTH Design Engineer,"We are looking for a highly motivated FTTH Design Engineer to join our growing team and contribute to the expansion and enhancement of our fiber optic networks!
Job Description
As an FTTH Design Engineer, you will be responsible for the planning, design, and implementation of fiber optic networks to deliver high-speed internet and telecommunications services directly to homes. You will work closely with project managers, field engineers, and other stakeholders to ensure the successful deployment of FTTH infrastructure.
Key Responsibilities
- Network Design: Develop detailed FTTH network designs, including fiber routes, splice plans, and equipment placement.- GIS Mapping: Utilize GIS software to create accurate network maps and documentation.- Capacity Planning: Perform network capacity analysis and ensure designs meet current and future demand.- Regulatory Compliance: Ensure all designs comply with local, state, and federal regulations, as well as industry standards.- Project Coordination: Collaborate with cross-functional teams to align design plans with construction schedules and project goals.- Site Surveys: Conduct site surveys to gather data and assess the feasibility of network deployments.- Documentation: Maintain comprehensive design documentation, including technical drawings, schematics, and project reports.- Quality Assurance: Conduct quality checks and validate network designs to ensure reliability and performance.
Qualifications
- Education: Bachelor’s degree in engineering, or a related field.- Experience: Minimum of 2 years of experience in fiber optic network design, specifically FTTH projects.- Tecnical Skills: Proficiency in CAD software (AutoCad) and GIS tools. Familiarity with fiber optic design software.- Regulatory Compliance: Stay informed about relevant codes, standards, and regulations, and ensure all designs and projects adhere to them.- Knowledge: Strong understanding of FTTH network architecture, fiber optic technology, industry standards as well as Strong understanding of local, state, and federal regulations related to construction and environmental permitting. 
- Communication: Excellent written and verbal communication skills, with the ability to effectively collaborate with technical and non-technical stakeholders. Clearly articulate technical information to diverse audiences.- Problem-Solving: Strong analytical and problem-solving abilities, with attention to detail and accuracy.
What We Offer
- Competitive Salary: Reflective of your skills and experience.- Benefits Package: Comprehensive health insurance plan- Professional Development: Opportunities for continued learning, training, and career advancement.- Innovative Environment: Work on cutting-edge projects with a team of dedicated professionals.- Work-Life Balance: Flexible work arrangements to support your personal and professional life.
Join us at Circet Hellas and be a part of shaping the future of telecommunications!
If you are a results-oriented professional with a passion for innovation, we encourage you to apply!",Mid-level,Full-time,"Gerakas, Greece",EL,2024-08-30,kariera.gr,166285,,"['http://data.europa.eu/esco/skill/21fecc8a-392e-49ce-ac26-fb0696ccfead', 'http://data.europa.eu/esco/skill/2fb8480e-de3c-462b-b169-e8bbb344da68', 'http://data.europa.eu/esco/skill/385479b7-5da5-4367-9763-0d15b41bb65b', 'http://data.europa.eu/esco/skill/59ea80e1-463a-4dba-82c6-d0b6d577d532', 'http://data.europa.eu/esco/skill/5f00bf83-f776-4488-b312-6725f8b6783a', 'http://data.europa.eu/esco/skill/8d1dc94c-d8e1-4ce6-92d5-a17ec0543dc9', 'http://data.europa.eu/esco/skill/a2b5dcf3-5b6a-453d-876c-cff540c0faf1', 'http://data.europa.eu/esco/skill/adc6dc11-3376-467b-96c5-9b0a21edc869', 'http://data.europa.eu/esco/skill/d83cba15-8511-4d07-b89a-9fde0d1d8241', 'http://data.europa.eu/esco/skill/fdfa3dcb-b8f0-454f-a659-64c66dc6b6a2']","['http://data.europa.eu/esco/occupation/02eb0ae6-ecdd-4602-9c8e-60ffe6dbe1e2', 'http://data.europa.eu/esco/occupation/57ac359a-ae52-4aea-bc9c-93af7efa502e', 'http://data.europa.eu/esco/occupation/61d9270c-491d-438d-8d41-77ba2e0ef023', 'http://data.europa.eu/esco/occupation/62979364-6fac-41f2-87ca-202bca19a6ab', 'http://data.europa.eu/esco/occupation/bea99fea-0383-4c63-b944-70d4799de2c5', 'http://data.europa.eu/esco/isco/C3118', 'http://data.europa.eu/esco/isco/C4227']"
2392,Project Manager of Infrastructure & Technical Services Department,"Super Market Chalkiadakis SA is looking for a dynamic engineer with Project Manager responsibilities for the company's Infrastructure & Technical Services Division. The main responsibilities concern the design and management of technical projects. The ideal candidate needs to have project management experience, excellent organizational skills and the ability to work effectively under pressure.
Main Responsibilities:

Design, management and coordination of technical projects from inception to completion.
Monitor and ensure adherence to budgets, schedules and quality of projects.
Project risk analysis and management.
Supervision/monitoring of the technical/construction works at the company's facilities (renovations of supermarkets, construction of new buildings, etc.)
Communication and cooperation with suppliers and other interested parties.
Prepare reports and presentations for senior management.

Required Qualifications:

Engineering degree from HEI/TEI or in a related field (eg civil engineer, architectural engineer, production & management engineer, etc.).
Experience in managing technical projects.
Excellent working knowledge of MS Office & AutoCAD applications
Knowledge of project management software (eg MS Project, Primavera).
Excellent knowledge of the English language.
Driver's license

Desired Qualifications:

Master's degree in Project Management, related engineering or business administration.
Certification in project management (eg PMP - Project Management Professional).
Experience in technical/construction projects in the wider retail industry.

Skills/Abilities:

Methodology, accuracy and responsibility
Excellent organizational and leadership skills.
Flexibility and immediacy in communication
Teamwork
Ability to work under pressure and problem solve.

Amenities:

Competitive remuneration package.
Continuing education and professional development opportunities.
Pleasant and dynamic work environment.
Health and insurance benefits.

HALKIADAKIS S.A. is an equal opportunity employer and is committed to recruiting, retaining and developing talent regardless of race, gender, age, religion, nationality or disability.
Note: All applications will be treated as strictly confidential. Only candidates selected for an interview will be contacted. Thank you for your interest in working with us.",Mid-level,Full-time,"Heraklion, Greece",EL,2024-08-29,kariera.gr,165451,,"['http://data.europa.eu/esco/skill/15d76317-c71a-4fa2-aadc-2ecc34e627b7', 'http://data.europa.eu/esco/skill/199f7919-5114-41b6-b6a5-41e0e4896ec1', 'http://data.europa.eu/esco/skill/3cd35f5d-ce6d-4f14-9a09-53d7a28d834c', 'http://data.europa.eu/esco/skill/4ce09e3d-ca6b-424a-a328-7f551db75e59', 'http://data.europa.eu/esco/skill/6078e099-7696-44a5-b3c1-452b9abe886a', 'http://data.europa.eu/esco/skill/7111b95d-0ce3-441a-9d92-4c75d05c4388', 'http://data.europa.eu/esco/skill/75d8e5d9-bef3-418b-9011-01bff9f27207', 'http://data.europa.eu/esco/skill/773e217c-8b21-4d8c-b384-68752a2243a9', 'http://data.europa.eu/esco/skill/802e6973-3270-4cf0-86e4-a6835caf1ba6', 'http://data.europa.eu/esco/skill/cc173f61-3386-44c5-a048-3889e1ec9114', 'http://data.europa.eu/esco/skill/e24377fb-020b-4430-8bed-86dd539bbf3a', 'http://data.europa.eu/esco/skill/ed3f3dba-3a35-4ed5-b113-67f4d10ef4c8']","['http://data.europa.eu/esco/occupation/00030d09-2b3a-4efd-87cc-c4ea39d27c34', 'http://data.europa.eu/esco/occupation/53cdd34e-22f2-41bd-b3c7-de22bf9bbcae', 'http://data.europa.eu/esco/occupation/5ccb2c34-e860-43a5-9869-342487518115', 'http://data.europa.eu/esco/occupation/6cd08cbe-7611-4d70-8886-6c59c0385442', 'http://data.europa.eu/esco/occupation/7843a4c6-a9f6-4095-94b9-45b384d4bd57', 'http://data.europa.eu/esco/occupation/8c3f536e-ba66-4321-ba40-363dc39f129b', 'http://data.europa.eu/esco/occupation/bea99fea-0383-4c63-b944-70d4799de2c5', 'http://data.europa.eu/esco/occupation/d7380260-1386-4e36-98b5-8115ca4a3536', 'http://data.europa.eu/esco/isco/C214']"
2396,Software Engineer / Data Scientist (SD2024A),"Company Profile
 AIMS INTL. based in Athens, is a leading software house, serving successfully the airline industry worldwide during the past 41 years.
Career Opportunities within AIMS
AIMS is committed to investing in its employees and the technologies to maintain its leadership while continuing its steady growth.
Currently, opportunities exist for Web and Desktop Application Developers. We are always keen to speak with talented, enthusiastic, ambitious and charismatic candidates, so if you believe your skill set covers the key accountabilities listed below, we would also like to hear from you!
We are currently seeking:
Software Engineer / Data Scientist (Code :  SD2024A)
 Required Skills

Experience in Microsoft’s .NET/C# backend technologies: ASP.NET Core, ASP.NET MVC, EF6,for Seniors: PLINQ and TPL.
Experience in Web applications development: Knowledge in HTML5, CSS3,  JavaScript/Ajax and JQuery.
Experience in the developing and consumption of SOAP and REST APIs.
Experience in the application of Machine Learning - Artificial Intelligence techniques for the treatment of real-world data problems
1+ years for Juniors and 5+ years for Seniors professional experience.
Excellent verbal and written communication skills in English.

 Desired Skills

Experience in DevExpress Components mainly for reporting.
Experience in Delphi will be considered a plus.
Experience in developing mobile applications (Xamarin) will be considered an asset.
Familiarity with MS SQL, Oracle and NoSQL Database Management Systems.
Familiarity with MapReduce programming.
Working knowledge with JIRA,  preferably having experience working in an agile team (Scrum/Kanban).
Excellent academic background demonstrated by an undergraduate degree from an accredited university in a strongly quantitative field such as Data Science, Business Analytics, Mathematics, Engineering, Operations Research, Computer Science, or other related. A graduate degree in any of the above fields will be considered a plus.
Experience with specialized optimization software and especially with IBM's CPLEX Mixed Integer programming tools
Internet security, Endpoint security, AWS Cloud security, Application security.
Administering Information Security Software and Controls.
Analyzing Security System Logs, Security Tools, and Data.
Threat Modeling, Continuous Monitoring and Response. 

 Main Responsibilities

Be able to develop new projects for Web, Desktop.
Maintain and support existing projects.

 
Personal Characteristics  

Problem-Solving Skills: Proactive and resourceful in identifying and resolving technical challenges.
Attention to Detail: Meticulous in configuring and managing IT systems to uphold quality standards.
Adaptability: Thrives in a fast-paced environment and quickly adapts to new technologies and challenges.
Team Player: Collaborates effectively with colleagues, shares knowledge, and contributes to collective goals.
Communication Skills: Articulates technical concepts clearly and listens actively to ensure effective collaboration.
Problem Ownership: Takes ownership of issues, ensuring timely resolution and satisfactory outcomes.
Continuous Learner: Passionate about learning and self-improvement to remain at the forefront of IT innovation.
Customer-Focused: Prioritizes the needs of stakeholders and end-users, delivering exceptional service and support.
Ethical Conduct: Upholds integrity, honesty, and ethical standards in all interactions and decision-making processes.
Resilience: Maintains a positive attitude and perseveres through challenges to achieve goals and objectives.

 
Company Offers 

Opportunity to work with a talented team of professionals in a dynamic and collaborative environment.
Competitive salary and opportunities for professional development.
Exciting projects and the chance to make a real impact on the aviation industry through innovative software solutions.
Career growth and advancement opportunities within a growing company at the forefront of technology.

  
Contact Information
 AIMS INTL, 340 Syggrou Ave.,
176 73, site: www.aims.aero
or e-mail: jobs@aims.aero",Mid-level,Full-time,"Kallithea, Greece",EL,2024-08-29,kariera.gr,91690,,"['http://data.europa.eu/esco/skill/14832d87-2f2f-4895-b290-e4760ebae42a', 'http://data.europa.eu/esco/skill/3993c87c-7719-4186-811b-8ddfb40e76be', 'http://data.europa.eu/esco/skill/4339176e-3acd-4f7f-a5d9-445bee3d23f2', 'http://data.europa.eu/esco/skill/56a7f561-1d55-43c9-9cd7-36a0a9bc6c50', 'http://data.europa.eu/esco/skill/5b26f08b-88bc-45f0-b901-530d7786466b', 'http://data.europa.eu/esco/skill/726abd5a-d23c-44b9-abb0-f22bbe95f1d3', 'http://data.europa.eu/esco/skill/76ef6ed3-1658-4a1a-9593-204d799c6d0c', 'http://data.europa.eu/esco/skill/7cf2762d-32e1-4b21-8ef8-574e40310c18', 'http://data.europa.eu/esco/skill/7e5786f8-1174-4f75-97e3-cfecfd95d797', 'http://data.europa.eu/esco/skill/8181aa4c-42bc-4036-a3d2-5cb6bbb34239', 'http://data.europa.eu/esco/skill/98a1dec3-8138-4f46-a596-5e2a83b884b9', 'http://data.europa.eu/esco/skill/a8d24a95-47b3-4f88-92e7-06600bcd3612', 'http://data.europa.eu/esco/skill/b4dc6e4f-dc7d-445f-8ce2-d7b9d225e282', 'http://data.europa.eu/esco/skill/c13fb093-5ffb-491a-b8b7-fa2d42a57e2e', 'http://data.europa.eu/esco/skill/c32ad607-0c4d-4e34-b73f-668298f7bf13', 'http://data.europa.eu/esco/skill/d62d2b4c-a6f8-439e-8a1b-4f29ab5f2c47', 'http://data.europa.eu/esco/skill/de586dcf-d7e5-4340-bf5b-d59026f1b436', 'http://data.europa.eu/esco/skill/de9f85ba-e77f-48fd-8c66-f5ebaf32d655', 'http://data.europa.eu/esco/skill/e46291c7-52b9-4174-bd59-178884861038']","['http://data.europa.eu/esco/occupation/207d7b18-6540-432e-8aa6-785ed434572f', 'http://data.europa.eu/esco/occupation/2ed56c3f-61d6-4f7e-9ef8-8849eb102e4c', 'http://data.europa.eu/esco/occupation/72628f3a-fd49-499a-9741-870b0a1fcef2', 'http://data.europa.eu/esco/occupation/b11e1742-5e28-4270-b081-b0193d85ee7d', 'http://data.europa.eu/esco/isco/C2', 'http://data.europa.eu/esco/isco/C214', 'http://data.europa.eu/esco/isco/C2519']"
2397,IT Systems Administrator / DevOPS (IT2024B),"Company Profile
AIMS INTL. based in Athens, is a leading software house, serving successfully the airline industry worldwide during the past 41 years.
Career Opportunities within AIMS
AIMS is committed to investing in its employees and the technologies to maintain its leadership while continuing its steady growth.
Currently, opportunities exist for Senior IT System Administrator. We are always keen to speak with talented, enthusiastic, ambitious and charismatic candidates, so if you believe your skill set covers the key accountabilities listed below, we would also like to hear from you!
We are currently seeking:
IT System Administrator / DevOPS (IT2024B)
Required Skills

Bachelor's degree in Computer Science, Information Technology, or a related field.
5+ years of experience as a DevOps Engineer or IT system administration,
Strong knowledge of networking concepts, protocols, and security best practices.
Strong expertise in AWS services such as EC2, S3, FSX, Lambda, and Cloudformation.
Experience with cybersecurity tools and techniques, including intrusion detection/prevention systems, antivirus software, and vulnerability scanning.
Excellent problem-solving skills and the ability to troubleshoot complex technical issues independently.
Strong communication and interpersonal skills, with the ability to collaborate effectively with cross-functional teams and communicate technical concepts to non-technical stakeholders.

Desired Skills

Relevant certifications (e.g., Microsoft Certified Systems Administrator, CompTIA Network+, CCNA) are a plus.
AWS certifications (e.g., AWS Certified DevOps Engineer) are a plus.
Proven experience with Windows server administration, virtualization technologies (VMware, Hyper-V).
Familiarization with Citrix, NetScaler, Fortigate, Fortiweb, Office 365 is beneficial
Experience with containerization and orchestration technologies (Docker, Kubernetes).
Familiarization with JIRA Software.
Knowledge of networking, IP, subnetting, VLANS.

 Main Responsibilities 

System Administration: Manage and maintain the company's IT and AWS cloud infrastructure, including servers, storage systems, virtualization platforms, and network devices. Collaborate with development teams to optimize application architecture for cloud deployment
Server Configuration and Maintenance: Install, configure, and maintain Windows and Linux servers, ensuring high availability and performance.
Network Management: Configure, monitor, and troubleshoot network devices such as switches, routers, firewalls, and VPNs to ensure smooth and secure data transmission.
Security Management: Implement and maintain security measures to protect the company's IT systems from unauthorized access, malware, and other cybersecurity threats.
Backup and Disaster Recovery: Develop and implement backup and disaster recovery strategies to safeguard critical data and ensure business continuity in the event of system failures or disasters.
Monitoring and Performance Tuning: Monitor system performance, identify bottlenecks, and implement optimizations to improve overall system efficiency and reliability.
Documentation and Reporting: Maintain accurate documentation of IT systems, configurations, and procedures. Generate reports on system performance, security incidents, and compliance status as needed.
Collaboration and Support: Collaborate with other IT teams, developers, and stakeholders to support software development, testing, and deployment activities. Provide technical support and troubleshooting assistance to internal users as needed.

 Personal Characteristics  

Problem-Solving Skills: Proactive and resourceful in identifying and resolving technical challenges.
Attention to Detail: Meticulous in configuring and managing IT systems to uphold quality standards.
Adaptability: Thrives in a fast-paced environment and quickly adapts to new technologies and challenges.
Team Player: Collaborates effectively with colleagues, shares knowledge, and contributes to collective goals.
Communication Skills: Articulates technical concepts clearly and listens actively to ensure effective collaboration.
Problem Ownership: Takes ownership of issues, ensuring timely resolution and satisfactory outcomes.
Continuous Learner: Passionate about learning and self-improvement to remain at the forefront of IT innovation.
Customer-Focused: Prioritizes the needs of stakeholders and end-users, delivering exceptional service and support.
Ethical Conduct: Upholds integrity, honesty, and ethical standards in all interactions and decision-making processes.
Resilience: Maintains a positive attitude and perseveres through challenges to achieve goals and objectives.

Company Offers 

Opportunity to work with a talented team of professionals in a dynamic and collaborative environment.
Competitive salary and opportunities for professional development.
Exciting projects and the chance to make a real impact on the aviation industry through innovative software solutions.
Career growth and advancement opportunities within a growing company at the forefront of technology.

 
Contact Information
AIMS INTL, 340 Syngrou Ave.,
176 73, site: www.aims.aero
or e-mail: jobs@aims.aero",Mid-level,Full-time,"Kallithea, Greece",EL,2024-08-29,kariera.gr,25751,,"['http://data.europa.eu/esco/skill/054f26ab-cfdc-4077-883c-1c4c9e9b310a', 'http://data.europa.eu/esco/skill/0868eef3-2213-4572-9343-74931345a7d3', 'http://data.europa.eu/esco/skill/11430d93-c835-48ed-8e70-285fa69c9ae6', 'http://data.europa.eu/esco/skill/14832d87-2f2f-4895-b290-e4760ebae42a', 'http://data.europa.eu/esco/skill/18ab25a5-ce2d-4cd5-b7b0-3890f595f77d', 'http://data.europa.eu/esco/skill/2624158e-4a53-4667-8921-96ee7aaea7b3', 'http://data.europa.eu/esco/skill/2a3a96a3-709e-4d60-81f6-d247d6933f13', 'http://data.europa.eu/esco/skill/385479b7-5da5-4367-9763-0d15b41bb65b', 'http://data.europa.eu/esco/skill/477173ca-5fc2-406b-9122-95d92811f284', 'http://data.europa.eu/esco/skill/47ca0da1-cae5-4395-ae6b-fd97b9ff48d3', 'http://data.europa.eu/esco/skill/5acf6408-e084-4202-9442-ffcf0119811c', 'http://data.europa.eu/esco/skill/6195c5f7-a4fb-425d-a3dd-c4467c4471a3', 'http://data.europa.eu/esco/skill/64852ade-6ae1-4760-ba4a-976bf07ca255', 'http://data.europa.eu/esco/skill/6e4f75b4-c60f-4623-a9ba-760c8245753b', 'http://data.europa.eu/esco/skill/77e7cb08-2c6f-42ab-881b-b34b2318acbe', 'http://data.europa.eu/esco/skill/7cf2762d-32e1-4b21-8ef8-574e40310c18', 'http://data.europa.eu/esco/skill/7e5786f8-1174-4f75-97e3-cfecfd95d797', 'http://data.europa.eu/esco/skill/92e4064a-a93c-4e22-a63b-8da91757b90c', 'http://data.europa.eu/esco/skill/a8d24a95-47b3-4f88-92e7-06600bcd3612', 'http://data.europa.eu/esco/skill/ab67fbfb-0ca7-4345-8bf6-af8f59480212', 'http://data.europa.eu/esco/skill/ae4f0cc6-e0b9-47f5-bdca-2fc2e6316dce', 'http://data.europa.eu/esco/skill/c32ad607-0c4d-4e34-b73f-668298f7bf13', 'http://data.europa.eu/esco/skill/c82efd52-7d49-4692-bde7-3dc39311cc31', 'http://data.europa.eu/esco/skill/d5d8e3e0-15a8-4cea-b877-7100363e36c7', 'http://data.europa.eu/esco/skill/d62d2b4c-a6f8-439e-8a1b-4f29ab5f2c47', 'http://data.europa.eu/esco/skill/de586dcf-d7e5-4340-bf5b-d59026f1b436', 'http://data.europa.eu/esco/skill/f0de4973-0a70-4644-8fd4-3a97080476f4']","['http://data.europa.eu/esco/occupation/0ce5a9f4-e00a-4bbe-b255-3c63407167a4', 'http://data.europa.eu/esco/occupation/102e75c8-3b47-4964-9b47-30a980aed25c', 'http://data.europa.eu/esco/occupation/2fb96c6c-8d0b-4ef0-b1ee-3e493305e4eb', 'http://data.europa.eu/esco/occupation/76ef0a87-6afe-4560-b5d0-9a086abe45c5', 'http://data.europa.eu/esco/occupation/8cb59bc4-1f39-477e-beea-effed12d186c', 'http://data.europa.eu/esco/occupation/9e2e6e1e-363b-4e1b-a673-7bc0f7343300', 'http://data.europa.eu/esco/occupation/cc867bee-ab5c-427f-9244-f7a204d9574b', 'http://data.europa.eu/esco/occupation/e9507d34-c70f-474f-a4a3-d2cbfe50f6e9', 'http://data.europa.eu/esco/occupation/f2b15a0e-e65a-438a-affb-29b9d50b77d1', 'http://data.europa.eu/esco/isco/C2']"
2411,Senior Project Manager  (Civil/Mechanical Engineer),"Revotech is a technology powerhouse devoted to innovatively combining groundbreaking technologies to catalyze the development of next-generation solutions. Our ultimate goal is to shape a better future through transformative innovations that have the potential to significantly enhance human life. We first envision the future – then create it
“Engineering is a mindset we need in all aspects of our business”
We are seeking a skilled and determined Sr. Project Manager (Civil or Mechanical Engineer) to join our team! 
Your responsibilities will include:

Develop and maintain project plans, schedules, and budgets 
Collaborate with architects, structural engineers, and other stakeholders to develop comprehensive project plans and designs
Develop studies in your domain of expertise
Manage project finances, including monitoring expenses and negotiating contracts
Identify and mitigate project risks, ensuring compliance with safety regulations
Serve as the primary point of contact, addressing concerns and managing expectations
Prepare technical and financial proposals
Assess the feasibility of proposed projects based on financial data and market conditions
Conduct quality control inspections and resolving any issues or discrepancies that may arise during the construction phase
Resolve or coordinate the solution of issues that arise during the project lifecycle
Track project progress diligently, compiling comprehensive reports to inform stakeholders
Supervise and manage construction projects from start to finish, ensuring adherence to project plans and specifications.
Support the timely completion of the various projects
Other tasks as assigned

What you will need:

Proven experience of at least 5 years
BS/MA in Civil Engineering, Mechanical Engineering or similar field
Strong leadership and communication skills, with the ability to effectively manage teams and stakeholders
Familiarity with rules, regulations, best practices, and performance standards
Excellent problem-solving abilities and attention to detail
Proficiency in project management software and Microsoft Office suite
Κnowledge of business and management principles (i.e., budgeting)
Excellent Software skills on AutoCad 2D/3D 

Revotech perks:

Competitive compensation package
An exciting high-growth career path
Private health insurance plan
Part of a youthful talented team striving for innovation

Reports to: CEO",Senior,Full-time,"Gerakas, Greece",EL,2024-08-29,kariera.gr,166189,,"['http://data.europa.eu/esco/skill/05cd9341-0d92-4bcc-983c-bf47132ac3f8', 'http://data.europa.eu/esco/skill/18a5e674-550e-4fdf-98e9-df4584e2869c', 'http://data.europa.eu/esco/skill/1de548e0-9535-4d2e-9d20-d4474c1ea813', 'http://data.europa.eu/esco/skill/233be639-bdb5-4099-ab40-96d537d6c1f3', 'http://data.europa.eu/esco/skill/2db0f332-1307-4fd5-bb4d-6f36cff15757', 'http://data.europa.eu/esco/skill/2fb8480e-de3c-462b-b169-e8bbb344da68', 'http://data.europa.eu/esco/skill/4134622c-c3fb-4a41-beb6-6d58ba5107db', 'http://data.europa.eu/esco/skill/41a3240f-58ba-44e2-a688-edeb21ea5c16', 'http://data.europa.eu/esco/skill/477173ca-5fc2-406b-9122-95d92811f284', 'http://data.europa.eu/esco/skill/71152876-b629-4a99-b9ea-0f25a0d07e4e', 'http://data.europa.eu/esco/skill/9c071f1d-eac3-449d-b004-c14775b5a3b9', 'http://data.europa.eu/esco/skill/b87f6102-5bab-4e99-a5d8-11b6be1b99c2', 'http://data.europa.eu/esco/skill/cb668e89-6ef5-4ff3-ab4a-506010e7e70b', 'http://data.europa.eu/esco/skill/cf310cff-0d28-4dbc-9dbb-cc500a3196c2', 'http://data.europa.eu/esco/skill/d5145a9a-602e-40bf-b3e1-f04cf9c3ef86', 'http://data.europa.eu/esco/skill/dd7c9dfd-6e2c-46fd-aefc-369402d0200c', 'http://data.europa.eu/esco/skill/e95058a6-e139-42e7-a470-72038a606649', 'http://data.europa.eu/esco/skill/f5b33464-4df9-4cf3-b468-b0a2d6b3ee85']","['http://data.europa.eu/esco/occupation/1b422c31-f242-46b5-bbdc-aa63885e4b5c', 'http://data.europa.eu/esco/occupation/381b9a17-521c-4702-b7d9-2059bbd8ce76', 'http://data.europa.eu/esco/occupation/3ae4fd99-814a-4d06-a7db-5ee680c22e26', 'http://data.europa.eu/esco/occupation/40517ed4-2769-4283-a15b-4b0d939bd2d3', 'http://data.europa.eu/esco/occupation/579254cf-6d69-4889-9000-9c79dc568644', 'http://data.europa.eu/esco/occupation/58c30193-d29f-4d22-8bf0-fd87346b91dd', 'http://data.europa.eu/esco/occupation/6cd08cbe-7611-4d70-8886-6c59c0385442', 'http://data.europa.eu/esco/occupation/874a2080-a9b6-46a9-8662-c9b7d4208f73', 'http://data.europa.eu/esco/occupation/8cb59bc4-1f39-477e-beea-effed12d186c', 'http://data.europa.eu/esco/occupation/bea99fea-0383-4c63-b944-70d4799de2c5', 'http://data.europa.eu/esco/occupation/faed05c0-c1d1-4e34-b575-0dea96459e56']"
2480,Reliability Engineer (Mobile Equipment & Fixed Plant),"Hellas Gold Single Member S.A. is a gold, silver, lead and zinc mining company headquartered in Athens, Greece.  Since 2004, Hellas Gold operates the Kassandra Mines at N.E. Chalkidiki, under the strictest EU safety and environmental standards and regulations. The Kassandra Mines consist of the operating mine at Olympias the state-of-the-art Kokkinolakkas Tailings Managements Facility and the Skouries project. Evolving a mining history of 25 centuries, Hellas Gold invests in the development of sustainable mining in the region, contributing to the local economic growth and prosperity with investments of more than $1 billion, the employment of 1,600 people, the active support to the local suppliers, and important investments to local community initiatives and projects. Since 2012, Hellas Gold operates as a subsidiary of the Canadian-based Eldorado Gold Corporation, which has over 25 years of experience in exploration, construction and operation of mines around the world.We live our values in pursuit of our purpose: to find a better way to do things. We aim to break new ground in all that we do. We do this by creating a positive impact today, and for future generations, through our commitment to operating safely, sustainably, and profitably.The company offers the opportunity to those who wish to express interest in the position of ‘Reliability Engineer (Mobile Equipment & Fixed Plant)’, for its premises in Chalkidiki. The position will be reported to the Asset Management Manager in Skouries.Main Responsibilities: ·      Carry out reliability and maintenance engineering functions in accordance with the Eldorado Asset Management System.·      Be a site leader in the promotion of reliability throughout the organization.·      Contribute to the review, development and implementation of systems, processes and procedures that identify improvements to equipment performance and overall sustainability of equipment life cycle.·      Review and update maintenance strategies and tactics using RCM and FMECA methodologies including PM optimization.·      Ownership of the asset performance reporting system and processes, including data review and management.·      Key stakeholder in the asset condition monitoring program, including input into the asset health program.·      Assist maintenance technicians with condition monitoring expertise.·      Coordinate external condition monitoring and/or NDT resources as required.·      Utilize root cause analysis, asset management system, BI and Microsoft suite software for analysis and reporting.·      Utilize downtime capture software systems to support defect elimination processes.·      Lead defect elimination investigations and effectively manage the assigned failure's/defects. Including defect assessment/prioritization, RCA facilitation, action assignment and change management.·      Provide the mine department with engineering troubleshooting & mentoring either directly or by coordinating the input of engineering specialists.·      Be a change agent, in identifying and promoting operational changes and improvements.·      Identify and manage improvement projects to deliver value to the operations.·      Work closely with maintenance planners to identify and develop standard maintenance activities.·      Assist in development of long-range asset management schedules and budgets.·      Communicate key asset management performance indicators as well as the companies’ KPIs.·      Prepare periodic and activity-based reports for reliability activities and programs.Requirements:·      Bachelor’s degree in an engineering discipline, preferably mechanical, electrical or mining.·      Post graduate experience in reliability and/or maintenance engineering will be considered a plus.·      5+ years in an engineering role in mining or similar heavy industry, working with heavy mobile equipment.·      2+ years’ experience as a reliability or maintenance engineer.·      Experience using Asset management/maintenance modules of an ERP, ideally SAP.·      Demonstrated ability to perform root cause analysis and implement corrective actions.·      Experience executing reliability improvement projects.·      Strong understanding and experience of reliability engineering principles, tools and techniques applied to mobile equipment.·      Equipment management strategy development skills using FMECA and defect elimination processes.·      Committed to safety and continuous improvement.·      English proficiency level B2 or greater.·      Driving License.Our company offers a competitive remuneration package that includes an attractive combination of basic salary and benefits, as well as opportunities for development in a challenging work environment.Inclusion and DiversityHellas Gold is an equal opportunities employer. We are committed to promoting an inclusive and diverse workplace where we value and respect every colleague for who they are and provide equality of opportunity so that everyone can fulfill their potential.If you are looking for a global and dynamic environment, please send us your CV.",Mid-level,Full-time,"Polygyros, Greece",EL,2024-08-29,kariera.gr,166107,,"['http://data.europa.eu/esco/skill/0550431f-9c8b-4204-9c45-59bc5feacf06', 'http://data.europa.eu/esco/skill/3c03ee71-4a23-448f-b79e-81fd75d27dca', 'http://data.europa.eu/esco/skill/55514865-3066-4abd-86a9-dbe45a440882', 'http://data.europa.eu/esco/skill/909a28ce-d4b6-4567-9b74-d111f1ed9633', 'http://data.europa.eu/esco/skill/9b3a7918-c4f0-4f3f-9eaf-72c952d17374', 'http://data.europa.eu/esco/skill/b02b38c4-d46d-44da-9479-1310060bd74d', 'http://data.europa.eu/esco/skill/c5bc42be-4970-4dce-80e2-af78bae42e84', 'http://data.europa.eu/esco/skill/d3a8ef9c-8572-438c-91dc-010537070be3', 'http://data.europa.eu/esco/skill/d4cc5022-7801-4885-bcff-166552788d35', 'http://data.europa.eu/esco/skill/d5e9b47e-580f-41e7-bc6c-e7345566fcb4', 'http://data.europa.eu/esco/skill/f8e3425c-fe44-4ffb-bafe-0e20d91dadf4']","['http://data.europa.eu/esco/occupation/07dfff6d-a0d0-4202-a697-fe9176c15999', 'http://data.europa.eu/esco/occupation/3b1ea27c-781c-41eb-821f-214285260dd2', 'http://data.europa.eu/esco/occupation/53cdd34e-22f2-41bd-b3c7-de22bf9bbcae', 'http://data.europa.eu/esco/occupation/5fd69ee2-2042-4280-85e1-8f1462886987', 'http://data.europa.eu/esco/occupation/615920c5-4f63-4eb3-8b60-afaaed3ab1ff', 'http://data.europa.eu/esco/occupation/822bbc2d-bc6a-4fb5-afb8-89170120c6d8', 'http://data.europa.eu/esco/occupation/86ca306c-ab99-420a-9e2a-aa73c5c4de22', 'http://data.europa.eu/esco/occupation/8edd8bff-cb59-4c9c-ab0f-59e77d18be48', 'http://data.europa.eu/esco/occupation/955ae83a-4d91-4db8-a5d6-bd489e5058df', 'http://data.europa.eu/esco/occupation/e20eee17-4876-4f21-a0cb-5d7f40c63cd8', 'http://data.europa.eu/esco/occupation/fcbb66f5-843b-4152-9ce4-e7b19c2a88d9', 'http://data.europa.eu/esco/isco/C214']"
2605,BMC Consultant,"Join Our Team as a BMC Consultant!
Are you passionate about configuring and maintaining cutting-edge software tools? As a BMC Consultant at Relational Financial Solutions, you will be an essential member of our dynamic ITSM team. Your role will involve collaborating with our talented team to configure, maintain, and customize BMC software products and similar tools, ensuring our solutions align with user needs and business requirements.
 
Your Role:
As a BMC Consultant, your responsibilities will include:

Software Configuration & Support: Configure, maintain, enhance, and support BMC software products and similar tools.
Customization & Development: Customize and add new features to software solutions based on business requirements using low-code and no-code platforms.
Customer Support: Provide technical support to resolve application-related issues promptly and support customer operations related to software packages and developed solutions.
Quality Assurance: Conduct tests for applications, troubleshoot problems, and assist with product launches.
Software Management: Perform software upgrades and manage software licensing.

 
What We’re Looking For:
We’re seeking candidates with the following skills and experience:

Experience: 1 to 3 years as a Software Engineer or Software Developer.
BMC Expertise: Administrator or Developer experience on BMC ITSM or similar tools preferred.
Development Skills: Proficiency in test-driven development methodologies and experience with relational database management systems (RDBMS).
Technical Proficiency: Familiarity with reporting tools such as Grafana and YellowFin is advantageous. Knowledge of Operations Management and Service Management tools is beneficial.
Problem-Solving: Strong problem-solving skills to address technical challenges effectively.
Team Collaboration: Excellent teamwork skills to collaborate with internal teams and customers.
Eagerness to Learn: Eagerness to take on new responsibilities and challenges. ITIL v4 certification is a plus.
Educational Background: Bachelor’s degree in Computer Science, Software Engineering, Informatics, or a related field.

 
Why Join Us?
At Relational Financial Solutions, we value our employees and strive to create an inclusive and rewarding environment. Here’s what you can expect:

Competitive Salary: We offer an attractive salary package to compensate you for your skills and contributions.
Health Benefits: Your health matters to us. All colleagues receive private health insurance from day one.
Exciting Projects: We thrive on challenges and invite you to take part in exciting projects.
Continuous Learning: We never stop learning and evolving! You will have your own mentor and training program, along with access to our training sessions and online courses.
Team Spirit: We love the relational vibes and regularly gather for smaller and bigger occasions to celebrate good times together!

 
Ready to Apply?
Join us in shaping the future of IT Service Management at Relational Financial Solutions. Apply now to be a part of a team where your skills and passion for technology will thrive.
 
By submitting an application to this position and sharing your personal data with Relational Financial Solutions, you acknowledge and accept our Privacy Policy and authorize us to process your personal data for recruitment purposes in line with this policy.",Entry / Junior,Full-time,"Athens, Greece",EL,2024-08-29,kariera.gr,165964,,"['http://data.europa.eu/esco/skill/0da516ee-e70e-4384-be13-f5ff80be8127', 'http://data.europa.eu/esco/skill/0ee94c0a-3716-494a-95a2-dcbab9e58be2', 'http://data.europa.eu/esco/skill/2d140a3a-45a6-4248-80dd-b3760ebc9cc6', 'http://data.europa.eu/esco/skill/3d957fb2-b8f4-4b4c-b955-23299c761ad5', 'http://data.europa.eu/esco/skill/41a3240f-58ba-44e2-a688-edeb21ea5c16', 'http://data.europa.eu/esco/skill/5bac4bcc-1846-4688-ba02-ad2b51544282', 'http://data.europa.eu/esco/skill/7369f779-4b71-4aab-8836-48b69c676eec', 'http://data.europa.eu/esco/skill/8b8ed44b-5d29-4a42-a87f-a77739b5bfcd', 'http://data.europa.eu/esco/skill/adc6dc11-3376-467b-96c5-9b0a21edc869']","['http://data.europa.eu/esco/occupation/456ed487-02f2-45c9-9213-d0fd8e9a069d', 'http://data.europa.eu/esco/occupation/57af9090-55b4-4911-b2d0-86db01c00b02', 'http://data.europa.eu/esco/occupation/7a031723-2b2c-4fdd-8ed5-30d67088b8b8', 'http://data.europa.eu/esco/occupation/a6517365-211c-456d-aca4-1a0115c7b1e1', 'http://data.europa.eu/esco/occupation/c6bd511a-d966-4df9-a48e-4f800354f268', 'http://data.europa.eu/esco/occupation/ed976196-3d5d-4121-9367-e1022af603fa', 'http://data.europa.eu/esco/occupation/f2b15a0e-e65a-438a-affb-29b9d50b77d1', 'http://data.europa.eu/esco/isco/C2424']"
2651,"Senior Associate, Solution Engineer","ROLE SUMMARYTechnology impacts everything we do. Pfizer's digital and 'data first' strategy focuses on implementing impactful and innovative technology solutions across all functions from research to manufacturing. Whether you are digitizing drug discovery and development, identifying solutions, or making our work easier and faster, you will be making a difference to countless lives.The Digital Revenue Management (RM) Creation Center team manages technology strategy and delivery for the US Market Access (USMA) Operations Business within the Global Access & Value (GAV) organization. Pharmaceutical pricing is at the forefront of the U.S. national discussion for healthcare costs. The RM Creation team plays a critical role in ensuring patients have access to breakthrough medicines through efficient channels at affordable pricing.




ROLE RESPONSIBILITIES

Work as developer for developing and delivering reports that inform business decision making.
Work as developer for developing and delivering system enhancements according to business requirements.
Responsible for requirements documentation, business analysis and process optimization.
Responsible for coordinating the deployment process with various Pfizer Digital teams.
Responsible for work efforts across functional areas within RM.
Must be able to multi-task and perform a wide variety of tasks simultaneously such as organize presentations for upper management, perform system testing, and organize meetings.
Work with peers in Pfizer Digital to project financial estimates for small projects.
Manage business request prioritization with peers in Pfizer Digital.
Organize project deliverables for the Digital RM team.
Help promote the Purpose Blueprint for all projects.
Work with peers to manage project delivery through the system development lifecycle (SDLC) and through Agile Delivery.

BASIC QUALIFICATIONS

Bachelor's degree required, preferably in a Computer Science or Business Management field.
3+ years of experience in a large corporate setting with an emphasis on solutions and application development.
Ambition to learn and utilize emerging technologies while working in a stimulating team environment.
Development skills in Oracle, PL/SQL, SQL, Snowflake, Informatica IICS, Business Objects, Tableau, AWS, Unix Scripting.
Willingness to take risks without fear of making mistakes.
Understanding of solutions delivery and delivery methodologies including Waterfall and Agile.
Strong organization and critical thinking skills.
Strong written, visual, and verbal communication skills.

PREFERRED QUALIFICATIONS

Technology solutions delivery in a pharmaceutical or regulated environment.
Competency in understanding organizational behaviors in a large corporate environment.
Understanding of Software Development Life Cycle management including requirements definition, design, testing and implementation.
Experience with external Contract Management vendor solutions such as the ModelN FLEX application.
Some knowledge of Java or a Microsoft platform such as .NET.
Knowledge of database, storage, hosting, cloud, application, analytics and services technologies.
Experience building relationships with both business partners and Digital technical teams.

Pfizer is an equal opportunity employer and complies with all applicable equal employment opportunity legislation in each jurisdiction in which it operates.
To apply please visit our website www.pfizercareers.com and search job Senior Associate, Solution Engineer with id 4918518.",Senior,Full-time,"Thessaloniki, Greece",EL,2024-08-28,kariera.gr,165893,,"['http://data.europa.eu/esco/skill/09f2f811-a3fb-4de3-a70f-6420a6935575', 'http://data.europa.eu/esco/skill/0b144726-21c2-46ed-8d13-c03d27f61604', 'http://data.europa.eu/esco/skill/0ee94c0a-3716-494a-95a2-dcbab9e58be2', 'http://data.europa.eu/esco/skill/1605025e-a179-421f-8f35-5b07d182a6b2', 'http://data.europa.eu/esco/skill/19a8293b-8e95-4de3-983f-77484079c389', 'http://data.europa.eu/esco/skill/4cdbc76c-75d8-4e12-8653-4820c2d5446f', 'http://data.europa.eu/esco/skill/598de5b0-5b58-4ea7-8058-a4bc4d18c742', 'http://data.europa.eu/esco/skill/5ef0c719-5bcb-49f8-b8eb-824388225333', 'http://data.europa.eu/esco/skill/633a3637-2c6b-40ae-ac38-289eb2a62aa6', 'http://data.europa.eu/esco/skill/6a876489-7ad8-4a13-b09c-c9b8e97a302e', 'http://data.europa.eu/esco/skill/7369f779-4b71-4aab-8836-48b69c676eec', 'http://data.europa.eu/esco/skill/7b1ab171-caed-4561-89e4-b214396b1ae8', 'http://data.europa.eu/esco/skill/7dd94ad3-13d6-43fe-8b94-51fcbf67ced9', 'http://data.europa.eu/esco/skill/96eb286a-58b7-45ff-a916-5578d0b79b8c', 'http://data.europa.eu/esco/skill/a8797f21-1af0-4c5e-98ca-bf1442929363', 'http://data.europa.eu/esco/skill/dba46f87-0831-49cd-a1c7-340a653c0221', 'http://data.europa.eu/esco/skill/dc72ad0a-c5dc-4abd-bc0d-ca43e82162e1']","['http://data.europa.eu/esco/occupation/2ed56c3f-61d6-4f7e-9ef8-8849eb102e4c', 'http://data.europa.eu/esco/occupation/4b3201cb-ffc5-4f61-9fc3-5c0f0038fa5f', 'http://data.europa.eu/esco/occupation/544cd9cf-e2ee-4ac0-8a02-7147af6b97d7']"
2682,Technical Support Engineer,"Job Title: Technical Support Engineer 
 
Import
EVziiin© (member of Innvestio Group) is an innovative IoT platform focused on supporting electric mobility by facilitating the charging of electric vehicles through a large network of charging points across Europe. As part of our continuous development, we are looking for a Technical Support Engineer to staff the IT Department. This role includes providing technical support, troubleshooting and working with other teams to improve our products and services. 
 
Active position: Yes
 
Candidate Profile Basics

Bachelor's Degree in Computer Science or related
Good knowledge of MS Windows & MS Office 365
Good knowledge of H/Y troubleshooting, peripheral hardware and software
Computer network experience
Good knowledge of the English language
Knowledge of SQL,  Python & PHP
Experience in Linux environments

 
Other candidate skills

Diagnostic and problem solving skills
Organizational and communication skills
Effective time management.
Consistency and sense of responsibility
Ability to communicate and work well with different departments and function within a team
Completed military service (for male applicants)

 
Basic responsibilities of the job

Diagnosis and resolution of technical PC problems
Management of corporate systems and applications
Configuration and installation of new equipment, both in and out of the field
Conduct systems audit to ensure smooth operation
Provide telephone and on-site support for installed customer equipment
Continuous monitoring and communication with the customer until normal operation is restored
Ability to travel

 
What does the company offer?

Group private life and health insurance plan.
Supplementary benefits at regular intervals.
Continuous training opportunities and prospects for continuous development.
Great flexibility of working conditions, with a combination of telecommuting and live professional employment.

 
We are confident that we can offer you the growth your ambitions seek. Do not hesitate to contact us if you meet the above requirements!",Mid-level,Full-time,"Kalyvia Thorikou, Greece",EL,2024-08-28,kariera.gr,165758,,"['http://data.europa.eu/esco/skill/14832d87-2f2f-4895-b290-e4760ebae42a', 'http://data.europa.eu/esco/skill/199f7919-5114-41b6-b6a5-41e0e4896ec1', 'http://data.europa.eu/esco/skill/598de5b0-5b58-4ea7-8058-a4bc4d18c742', 'http://data.europa.eu/esco/skill/8d1dc94c-d8e1-4ce6-92d5-a17ec0543dc9', 'http://data.europa.eu/esco/skill/adc6dc11-3376-467b-96c5-9b0a21edc869', 'http://data.europa.eu/esco/skill/d4789070-2ff7-4bbb-94ca-8bb1739826a9', 'http://data.europa.eu/esco/skill/de2f0ce8-f8d6-48c5-a213-4d065251cecf', 'http://data.europa.eu/esco/skill/f2741507-c5f7-45b6-8bcd-8d0d27650d68']","['http://data.europa.eu/esco/occupation/00030d09-2b3a-4efd-87cc-c4ea39d27c34', 'http://data.europa.eu/esco/occupation/6cd08cbe-7611-4d70-8886-6c59c0385442', 'http://data.europa.eu/esco/isco/C13', 'http://data.europa.eu/esco/isco/C133']"
2690,Application Support Engineer,"G4S Telematix is a member of the Global G4S & Allied Universal Group - the world’s leading integrated security company, with more than 20 years of experience in providing Monitoring & Response services to Secure Your Mobility.
Our solutions combine advanced tracking and sensing technology with a state-of-the-art software platform and our 24/7 Secure Operations Center to provide monitoring, management and response services for the Logistics, Automotive and People Safety sectors.
 
                                                          Application Support Engineer
                                                       Reporting to: Head of Technology
                                                        Location: Metamorfosis, Athens
We are seeking a skilled and motivated Application Support Engineer to join our team. In this role, you will be responsible for developing and supporting internal and client-facing software applications, ensuring the design, quality and reliability of our solutions through rigorous QA, testing, and assessment procedures.
Key Responsibilities & Accountabilities


Handle second-level support for software service requests and coordinate with vendors to resolve issues efficiently.


Establish the root causes of application errors, and escalate serious concerns to the Senior Engineer.


Participate in projects, contribute to proposals for potential clients, and develop new solutions using emerging platforms.


Conduct Quality Assurance (QA) activities for Hardware and Software solutions.


Organize User Operational Testing (UOT) sessions with relevant stakeholders, ensuring thorough documentation.


Document processes for newly developed solutions.


Prepare and deliver presentations to clients as needed.


 
Main Requirements


Bachelor's degree in software engineering or computer science


2+ years of experience in a similar role


Strong analytical and problem-solving skills, with the ability to troubleshoot complex technical issues effectively


Excellent communication and interpersonal skills to effectively collaborate with cross-functional teams and provide top-notch customer support


Enthusiasm for staying updated with the latest industry developments and eagerness to bring innovative solutions to the organization


Proficiency in English


Understanding of code, preferably .NET, would be an advantage


 

We Offer


Competitive remuneration package


Private health and life insurance


Mobile phone and Laptop


Career development opportunities


A collaborative and modern work environment


G4S is committed to Equal Employment Opportunities! If you correspond to the above criteria please don’t hesitate to click the Apply button and send us your resume.",Mid-level,Full-time,"Metamorfosi, Greece",EL,2024-08-28,kariera.gr,165842,,"['http://data.europa.eu/esco/skill/1177c6f5-09c5-4c35-873c-afd22d170ad3', 'http://data.europa.eu/esco/skill/14832d87-2f2f-4895-b290-e4760ebae42a', 'http://data.europa.eu/esco/skill/31b67516-af16-4b97-8430-a8a8e0f84190', 'http://data.europa.eu/esco/skill/5b26f08b-88bc-45f0-b901-530d7786466b', 'http://data.europa.eu/esco/skill/5cede168-97f8-47a4-89fd-8f7188c55c5d', 'http://data.europa.eu/esco/skill/6d3edede-8951-4621-a835-e04323300fa0', 'http://data.europa.eu/esco/skill/72c02483-714c-47de-a3ff-870c5eb634d0', 'http://data.europa.eu/esco/skill/9531fe02-1e1f-4a36-95f7-a76a77cd4b8d', 'http://data.europa.eu/esco/skill/adc6dc11-3376-467b-96c5-9b0a21edc869', 'http://data.europa.eu/esco/skill/e043aeeb-78f5-4049-afbf-12bba52225bc', 'http://data.europa.eu/esco/skill/e843973c-23dd-416a-8a9c-9e89512542fb']","['http://data.europa.eu/esco/occupation/326027fc-5408-47cd-9b32-fbe770dbbe80', 'http://data.europa.eu/esco/occupation/53cdd34e-22f2-41bd-b3c7-de22bf9bbcae', 'http://data.europa.eu/esco/occupation/823db06f-25e1-4658-b063-d6ef956b41f5', 'http://data.europa.eu/esco/occupation/ab360abd-32e2-4e03-967d-a10758efffa7', 'http://data.europa.eu/esco/isco/C7543']"
2706,"Manager, Solutions Engineer","Role DescriptionThe Pfizer Digital Revenue Management (RM) team manages the technology strategy and solutions delivery for the US Market Access Operations Business within the Global Value and Access organization. The MARM team plays a critical role in ensuring patients have access to breakthrough medicines through efficient channels at affordable pricing. The Manager Solutions Engineer will work alongside with US Digital Leads and the solutions delivery development team located in Greece supporting Revenue Management and Market Access of US market as a contributor on multiple projects based on client demands. The candidate will be involved with the business areas including Contract Strategy and Operations, Contract Insights, Customer Service and Trade Operations. The candidate will collaborate with various digital groups of Pfizer and external vendors. This role provides the opportunity to work with exciting breakthrough technologies, integrate with key enterprise systems and be part of Pfizer Digital.
Role Responsibilities

Responsible for managing, developing and delivering solutions through requirements documentation, business analysis, technical development, and process optimization.
Responsible for estimating work efforts for the assigned solutions/projects.
Manage business request prioritization with peers in Pfizer Digital.
Responsible for acting as onboarding resource and mentor to newer colleagues
Must be able to multi-task and perform a wide variety of tasks simultaneously such as organize presentations for upper management, perform system testing, and organize meetings.
Work with peers in Pfizer Digital to project financial estimates for small projects.
Work with peers to manage project delivery through system development lifecycle (SDLC) and Agile Methodologies
Work with peers to manage external system implementation vendors to deliver on projects according to project timelines.
Act as a thought leader on emerging digital technologies.
Use technical acumen and knowledge of technologies to provide detailed advice regarding applications and executes specialized tasks.
Analyze trends, identify and lead implementation of process improvements.





Required skills and qualifications

Bachelor's degree in Computer Science or a related field.
Minimum of 5 years of experience in a large corporate setting with an emphasis on solutions and application development.
Strong development skills in ETL Snowflake, Informatica, Oracle, PL/SQL, SQL, Business Objects, Tableau, AWS, Unix Scripting.
Experience with cloud hosted solutions including AWS.
Ambition to learn and utilize emerging Artificial intelligence technologies.
Excellent communication and interpersonal skills especially with customers.
Strong problem-solving and analytical skills.
Understanding of solutions delivery and delivery methodologies including Waterfall and Agile.
Can-do and positive attitude.

Preferred skills and qualifications

M.Sc. in a relative field.
Technology solutions delivery in a pharmaceutical or regulated environment.
Competency in understanding organizational behaviors in a large corporate environment.
Understanding of Software Development Life Cycle management including requirements definition, design, testing and implementation.
Experience with external Contract Management vendor solutions such as the ModelN FLEX application.
Knowledge of database, storage, hosting, cloud, application, analytics and services technologies.
Experience building relationships with both business partners and Digital technical teams.
Understanding of system auditing principles and guidelines.
Experience with external Contract Management vendor solutions such as the ModelN FLEX application.
Knowledge of database, storage, hosting, cloud, application, analytics and services technologies.
Experience building relationships with both business partners and Digital technical teams.

Pfizer is an equal opportunity employer and complies with all applicable equal employment opportunity legislation in each jurisdiction in which it operates.
To apply please visit our website www.pfizercareers.com and search job Manager, Solutions Engineer id 4918519.",Senior,Full-time,"Thessaloniki, Greece",EL,2024-08-28,kariera.gr,165825,,"['http://data.europa.eu/esco/skill/09f2f811-a3fb-4de3-a70f-6420a6935575', 'http://data.europa.eu/esco/skill/0b144726-21c2-46ed-8d13-c03d27f61604', 'http://data.europa.eu/esco/skill/10026df1-670d-4c75-b3d5-ee0037f9d59b', 'http://data.europa.eu/esco/skill/128f0b4c-8da7-467b-9196-7c691e067a1e', 'http://data.europa.eu/esco/skill/1605025e-a179-421f-8f35-5b07d182a6b2', 'http://data.europa.eu/esco/skill/46990b9b-746e-481d-a66a-0cac3f07dfac', 'http://data.europa.eu/esco/skill/4cdbc76c-75d8-4e12-8653-4820c2d5446f', 'http://data.europa.eu/esco/skill/598de5b0-5b58-4ea7-8058-a4bc4d18c742', 'http://data.europa.eu/esco/skill/5ef0c719-5bcb-49f8-b8eb-824388225333', 'http://data.europa.eu/esco/skill/633a3637-2c6b-40ae-ac38-289eb2a62aa6', 'http://data.europa.eu/esco/skill/6a536b36-c5c7-4d10-bf67-a4fb0f8549b2', 'http://data.europa.eu/esco/skill/6a876489-7ad8-4a13-b09c-c9b8e97a302e', 'http://data.europa.eu/esco/skill/7369f779-4b71-4aab-8836-48b69c676eec', 'http://data.europa.eu/esco/skill/7b1ab171-caed-4561-89e4-b214396b1ae8', 'http://data.europa.eu/esco/skill/96eb286a-58b7-45ff-a916-5578d0b79b8c', 'http://data.europa.eu/esco/skill/a8797f21-1af0-4c5e-98ca-bf1442929363', 'http://data.europa.eu/esco/skill/dba46f87-0831-49cd-a1c7-340a653c0221', 'http://data.europa.eu/esco/skill/dc72ad0a-c5dc-4abd-bc0d-ca43e82162e1', 'http://data.europa.eu/esco/skill/de9f85ba-e77f-48fd-8c66-f5ebaf32d655']","['http://data.europa.eu/esco/occupation/070e94a8-a933-4557-9b95-fefe7f4f1763', 'http://data.europa.eu/esco/occupation/13d1b2b4-99dd-44da-9734-c9f74bae18f7', 'http://data.europa.eu/esco/occupation/2c9939ef-ebab-4111-8f27-605ae8782791', 'http://data.europa.eu/esco/occupation/2ed56c3f-61d6-4f7e-9ef8-8849eb102e4c', 'http://data.europa.eu/esco/occupation/2fb96c6c-8d0b-4ef0-b1ee-3e493305e4eb', 'http://data.europa.eu/esco/occupation/4b3201cb-ffc5-4f61-9fc3-5c0f0038fa5f', 'http://data.europa.eu/esco/occupation/53cdd34e-22f2-41bd-b3c7-de22bf9bbcae', 'http://data.europa.eu/esco/occupation/8cb59bc4-1f39-477e-beea-effed12d186c', 'http://data.europa.eu/esco/occupation/cdd3d773-75a4-4f35-bd1d-1ac720afcf9d']"
2715,"Manager, AI and Data Science Frontend Engineer","Role Summary
Do you want to make an impact on patient health around the world? Do you thrive in a fast-paced environment that brings together scientific, clinical, and commercial domains through engineering, data science, and AI? Then join Pfizer Digital's Artificial Intelligence, Data, and Advanced Analytics organization (AIDA) where you can leverage cutting-edge technology to inform critical business decisions and improve customer experiences for our colleagues, patients and physicians. Our collection of engineering, data science, and AI professionals are at the forefront of Pfizer's transformation into a digitally driven organization that leverages data science and AI to change patients' lives. The Data Science Industrialization team within Data Science Solutions and Initiatives is a critical driver and enabler of Pfizer's digital transformation, leading the process and engineering innovation to rapidly progress early AI and data science applications from prototypes and MVPs to full production.As a Manager, AI and Data Science Frontend Engineer, you will be part of the Data Science Industrialization team charged with designing and using UI/UX principles, developing and continuously improving web application frontends, particularly those focused on AI use cases. You will contribute to the best practices and maintain standards for frontend application development.
Role Responsibilities

Architecting Solutions: You will contribute in the design and architecture of frontend applications, ensuring they align with business goals and technical requirements.
Web Development: Create responsive and visually appealing web interfaces using HTML, CSS, and Bootstrap.
JavaScript Webapp Frameworks: Proficiency in both React and Vue or AngularJS is essential. You'll leverage these frameworks to build dynamic and interactive user interfaces.
API Integration: Work closely with backend teams to integrate APIs and ensure seamless data flow between frontend and backend components.
Testing and Optimization: Implement unit tests, end-to-end tests, and performance optimizations to enhance application reliability and speed.
User-Centric Approach: Understand user needs and translate them into intuitive, accessible, and aesthetically pleasing designs.
Mentoring and Guidance: Provide guidance to junior frontend developers, fostering a culture of continuous learning and improvement.
Technical Excellence: Enforce coding standards, best practices, and thorough testing (unit, integration, etc.) to ensure reliability and maintainability.

Qualifications
Must-Have

Bachelor's degree in computer science, Software Engineering, or engineering related area.
5+ years of work experience as a frontend developer, with a track record of leading successful projects and software that is deployed as building and deploying Web Applications.
Experience developing dynamic and interactive web applications; familiar with React, AngularJS, Vue.
Experience in creating responsive user interfaces; familiar with technologies such as HTML, Tailwind CSS, Bootstrap, Material, Vuetify ​.
Good understanding of Software Development Life Cycle (SDLC)
Understanding of digital accessibility and disability inclusion. Experience developing digital products that comply with accessibility standards.
Hands on experience working in Agile teams, processes, and practices.
Highly self-motivated to deliver both independently and with strong team collaboration
Ability to creatively take on new challenges and work outside comfort zone
Strong English communication skills (written & verbal)

Nice-to-Have

Advanced degree in Computer Engineering, Computer Science, Information Systems or related discipline
Experience in UI/UX design
Experience working in a cloud-based ecosystems (AWS, Snowflake, etc)
Pharma & Life Science commercial functional knowledge
Pharma & Life Science commercial data literacy

Pfizer is an equal opportunity employer and complies with all applicable equal employment opportunity legislation in each jurisdiction in which it operates.
To apply please visit our website www.pfizercareers.com and search job Manager, AI and Data Science Frontend Engineer id 4918159.",Senior,Full-time,"Thessaloniki, Greece",EL,2024-08-28,kariera.gr,165815,,"['http://data.europa.eu/esco/skill/09f2f811-a3fb-4de3-a70f-6420a6935575', 'http://data.europa.eu/esco/skill/0af062de-eb43-41e9-9b96-249e2cd22d26', 'http://data.europa.eu/esco/skill/1d86f05e-e9cc-40ce-99d8-2b21cc71b16b', 'http://data.europa.eu/esco/skill/3e23db60-0c3d-498a-a6ac-ffbed0ecb033', 'http://data.europa.eu/esco/skill/54660948-b811-49a9-874c-bf2be5f280a2', 'http://data.europa.eu/esco/skill/5b26f08b-88bc-45f0-b901-530d7786466b', 'http://data.europa.eu/esco/skill/6ad40ca3-dc34-4442-b23f-0b1b28936f56', 'http://data.europa.eu/esco/skill/7bb5d9af-0a7e-48a7-a860-0e1ded0f6e75', 'http://data.europa.eu/esco/skill/ad05c2bf-3905-4e4c-bd56-6fcfdebc994c', 'http://data.europa.eu/esco/skill/be64bb4c-84ac-4c83-8cc7-fc8593e15136', 'http://data.europa.eu/esco/skill/edebd83d-35f6-4ed5-a940-6c203d178c01', 'http://data.europa.eu/esco/skill/f3c5fae0-c0e3-4410-bc09-62bd82d4cecc', 'http://data.europa.eu/esco/skill/fc54bd7f-0c03-4fdd-af8c-5eb4021e716d', 'http://data.europa.eu/esco/skill/fd33c66c-70c4-40e6-b87c-5495bd3bf26e']","['http://data.europa.eu/esco/occupation/070e94a8-a933-4557-9b95-fefe7f4f1763', 'http://data.europa.eu/esco/occupation/2079755f-d809-49e6-8037-4de6180e54c0', 'http://data.europa.eu/esco/occupation/258e46f9-0075-4a2e-adae-1ff0477e0f30', 'http://data.europa.eu/esco/occupation/2fb96c6c-8d0b-4ef0-b1ee-3e493305e4eb', 'http://data.europa.eu/esco/occupation/50af07f0-7a75-424e-a66d-5a9deea10f4c', 'http://data.europa.eu/esco/occupation/53cdd34e-22f2-41bd-b3c7-de22bf9bbcae', 'http://data.europa.eu/esco/occupation/57af9090-55b4-4911-b2d0-86db01c00b02', 'http://data.europa.eu/esco/occupation/866c7813-2c03-47d7-9bdc-192cfbace57c', 'http://data.europa.eu/esco/occupation/8c3f536e-ba66-4321-ba40-363dc39f129b', 'http://data.europa.eu/esco/occupation/8d9ec84d-cf2d-4179-87bc-335cda54a427', 'http://data.europa.eu/esco/occupation/faed411a-f920-4100-86a8-b877928b429c', 'http://data.europa.eu/esco/isco/C214', 'http://data.europa.eu/esco/isco/C221']"
2757,"Senior Associate, Solution Engineer","All over the world, Pfizer colleagues are working together to positively impact health for everyone, everywhere. Each position at Pfizer touches and contributes to the success of our business and our world. That's why, as one of the global leaders in the biopharmaceutical industry, Pfizer is committed to seeking out inspired new talent who share our core values and mission of making the world a healthier place.R&D within AIDA (AI, Data and Analytics), is a Pfizer Digital organization responsible for the development and management of all data, analytics tools and platforms across the enterprise - from global research and development, to manufacturing, to commercial, to patient care across over 100+ countries. One of the team's top priorities is the advancement of AI/ML enabled analytics and the creation of data solutions that can be leveraged across the enterprise.R&D in AIDA holds responsibility for the development and operations of the aggregate data solutions (data lakes and associated application portfolios) supporting Pfizer's scientific and clinical functions.The Sr. Associate Solution Engineer will develop scientific information software with a team of peer developers, digital client partners, architects, platform leads and contract support personnel under the direction of a senior software developer.




How You Will Achieve It

Work within project teams as a contributor to design, prototype, implement and unit test software solutions in support of the project objectives.
Translate logical designs of user/system interfaces into physical designs, considering the target environment, performance requirements and existing systems.
​Work in a matrix, team environment with Pfizer colleagues as well as vendor partners.
Dedicated to meeting the expectations and requirements of internal and external customers.
Focus on growing as an engineer, learning existing tools, resources and DevOps processes.
Develop productivity skills by learning source control, editors (IDE), build systems (CI/CD), Cloud platforms (Atlassian, GitHub, AWS), and other tools as well as unit testing best practices.
Accept feedback graciously and learn from everything they do .
Exhibit Pfizer's core values of Courage, Excellence, Equity, Joy and focuses on understanding and living these values.
Work under general supervision using own judgement where needed.
Proactively reporting issues and enhancements.
Documenting processes.
Debugging and fixing simple to moderately complex technical issues.





Qualifications
Must-Have

Bachelors degree in relevant field.
At least 3 years of experience as a software developer/engineer .
Demonstrated skills in analysis and problem solving .
Fundamental knowledge of Kubernetes.
Programming using Python and Java.
Knowledge using GitHub for source control and Git Actions for CICD workflows.
Understand modern software engineering, including coding standard, code reviews, source control management, build processes, testing, and releasing.
Knowledge of database interaction languages such as SQL (PySpark is an advantage). 
Comfortable using collaboration tools such as Jira, Confluence and MS Teams.
Ability to challenge, improve and develop existing practices & processes.
Self-motivated with the ability to drive work forward and work well in a geographically dispersed, virtual team environment.
Excellent oral and written communication skills.

Nice-to-Have

Knowledge in operating and managing AWS infrastructure.
Knowledge of Agile development methodologies (ie Scrum) .
Knowledge of ELK or OpenSearch is an advantage.





Pfizer is an equal opportunity employer and complies with all applicable equal employment opportunity legislation in each jurisdiction in which it operates.
To apply please visit our website www.pfizercareers.com and search job Senior Associate, Solution Engineer with id 4916417.",Senior,Full-time,"Thessaloniki, Greece",EL,2024-08-28,kariera.gr,165768,,"['http://data.europa.eu/esco/skill/03b9b491-fc9b-4868-914a-bf7cd47b5041', 'http://data.europa.eu/esco/skill/05aa7c09-46e7-433f-a81b-92841f4551e7', 'http://data.europa.eu/esco/skill/0d6714c6-720e-4985-9791-5ab85d28da79', 'http://data.europa.eu/esco/skill/1605025e-a179-421f-8f35-5b07d182a6b2', 'http://data.europa.eu/esco/skill/19a8293b-8e95-4de3-983f-77484079c389', 'http://data.europa.eu/esco/skill/1b957e3d-0017-42b0-9bfe-49a1cdd31de7', 'http://data.europa.eu/esco/skill/2522a6ce-3202-4ac8-9f5b-b9cb5a3a83a1', 'http://data.europa.eu/esco/skill/ccd0a1d9-afda-43d9-b901-96344886e14d', 'http://data.europa.eu/esco/skill/dba46f87-0831-49cd-a1c7-340a653c0221', 'http://data.europa.eu/esco/skill/f0de4973-0a70-4644-8fd4-3a97080476f4', 'http://data.europa.eu/esco/skill/f8e3425c-fe44-4ffb-bafe-0e20d91dadf4', 'http://data.europa.eu/esco/skill/f9b52e2d-56a7-48ca-b04d-2fc6436fcd4f', 'http://data.europa.eu/esco/skill/fd33c66c-70c4-40e6-b87c-5495bd3bf26e']","['http://data.europa.eu/esco/occupation/196a4c75-9591-436f-9677-67252df34c22', 'http://data.europa.eu/esco/occupation/2fb96c6c-8d0b-4ef0-b1ee-3e493305e4eb', 'http://data.europa.eu/esco/occupation/8c3f536e-ba66-4321-ba40-363dc39f129b', 'http://data.europa.eu/esco/occupation/bd9d395a-d587-45c6-8d72-ceef226df9e1', 'http://data.europa.eu/esco/occupation/cc867bee-ab5c-427f-9244-f7a204d9574b', 'http://data.europa.eu/esco/occupation/f2b15a0e-e65a-438a-affb-29b9d50b77d1']"
2770,Support Engineer,"e-Insight provides complete solutions to businesses (Business to Business solutions) in CCTV & Access Control solutions, with products from foreign agencies that are leaders in their field.
These systems are installed in small, medium and large companies in the private and public sector and are based on an IP infrastructure.
These products require:

Measurement at the customer's place
Installation in a network environment and proper operation check
System configuration according to project specifications.
Training of corporate users
Preventive maintenance at the customer's premises
Locating and repairing faults at the customer's premises
Telephone customer support
Quick response to calls covered by a maintenance contract
Reporting

Qualifications

Age up to 35 years and completed military obligations
Experience of at least 1 year in the IT-Telecommunications sector
TEI/HEI graduate with knowledge in Information Technology / Telecommunications and PC Hardware / Software and peripheral devices and with very good knowledge of networks.
Linux knowledge desired.
Excellent English (spoken and written)
Possibility of visits to the customer's premises (mainly in Attica), but also in the rest of Greece
Communication skills, willingness to learn, organization, problem solving skills (especially on site) and teamwork

Allowances
The company e-Insight offers an excellent working environment, training in cutting-edge technologies, competitive salaries and excellent development prospects in a completely meritorious working environment.",No experience / No degree,Full-time,"Metamorfosi, Greece",EL,2024-08-28,kariera.gr,165740,,"['http://data.europa.eu/esco/skill/117373c8-f04b-4fff-8683-aebe36edac81', 'http://data.europa.eu/esco/skill/21fecc8a-392e-49ce-ac26-fb0696ccfead', 'http://data.europa.eu/esco/skill/9bf266a6-188b-4d17-a22f-2f266d76832b', 'http://data.europa.eu/esco/skill/adc6dc11-3376-467b-96c5-9b0a21edc869']","['http://data.europa.eu/esco/occupation/6cd08cbe-7611-4d70-8886-6c59c0385442', 'http://data.europa.eu/esco/occupation/98c3d8f8-e3a8-49b7-9e58-236f25a6f6a0']"
2772,"Manager, Solution Engineering","Why Patients Need You
Technology impacts everything we do. Pfizer's digital and 'data first' strategy focuses on implementing impactful and innovative technology solutions across all functions from research to manufacturing. Whether you are digitizing drug discovery and development, identifying solutions, or making our work easier and faster, you will be making a difference to countless lives.The Digital Revenue Management (RM) Creation Center team manages technology strategy and delivery for the US Market Access (USMA) Operations Business within the Global Access & Value (GAV) organization. Pharmaceutical pricing is at the forefront of the U.S. national discussion for healthcare costs. The RM Creation team plays a critical role in ensuring patients have access to breakthrough medicines through efficient channels at affordable pricing.




How You Will Achieve It

Lead Solutions Delivery for the entire Contract Insights platform.
Provide guidance, lead/co-lead projects, manage own time to meet objectives and plan resource requirements for projects across the division.
Act as a thought leader on emerging digital technologies.
Work within a team of product managers responsible for the vision, strategy, design, and roadmap of digital products for patients and the internal stakeholders.
Use technical acumen and knowledge of technologies to provide detailed advice regarding applications and executes specialized tasks.
Analyze trends, identify and lead implementation of process improvements.
Evaluate historical data and build appropriate models to understand user behavior, business trends, and performance.
Ensure the delivery of project management deliverables as defined for the size, scale, complexity and regulatory compliance of the assigned program or project.
Ensure proper Systems Development Lifecycle Management Regulatory Compliance.
Deliver fully automation regression testing of major solutions for reduced testing time.
Ensure application changes and fixes are aligned with Software Development Life Cycle (SDLC) and Change Management processes.
Develop and maintain strong partnerships with Pfizer teams through a high performing engagement model, including vibrant Communities of Practice.
Mentor colleagues on the solutions delivery team providing guidance on development best practices.
Manage projects through the entire SDLC process using the Agile development methodology.
Lead the solution delivery team COE for innovative technologies including Machine Learning, AI, Cognitive Computing.
Responsible for cross functional leadership on a wide variety of in-flight projects within RM.
Responsible for requirements documentation, business analysis and process optimization.
Manage external system implementation vendors to deliver on projects according to project timelines.





Qualifications
Must-Have

Bachelor's Degree, preferably in a Computer Science or Information Management
5+ years' experience in a large corporate setting with an emphasis on solutions and application development.
Demonstrated experience of various Information Technology practices
Experience with coding on Snowflake and Oracle databases leveraging associated tools.
Experience with Informatica IICS ETL
Experience with cloud hosted solutions including AWS
Ambition to learn and utilize emerging AI technologies.
Willingness to take risks without fear of making mistakes.
Understanding of solutions delivery and delivery methodologies including Waterfall and Agile.
Strong organization and critical thinking skills
Strong written, visual, and verbal communication skills
Understanding of Financial concepts and key success factors for business performance
Knowledge of management reporting requirements and functional design

Nice-to-Have

Master's degree
Relevant pharmaceutical industry experience
Management consulting experience
Experience with Agile Software Delivery and/or Scrum Master Certification
Competency in understanding organizational behaviors in a large corporate environment.
Experience with Contract Management vendor solutions such as the ModelN FLEX application.
Experience building relationships with both business partners and Digital technical teams.
Understanding of system auditing principles and guidelines.

Pfizer is an equal opportunity employer and complies with all applicable equal employment opportunity legislation in each jurisdiction in which it operates.
To apply please visit our website www.pfizercareers.com and search job Manager, Solution Engineer id 4918158.",Senior,Full-time,"Thessaloniki, Greece",EL,2024-08-28,kariera.gr,165739,,"['http://data.europa.eu/esco/skill/09f2f811-a3fb-4de3-a70f-6420a6935575', 'http://data.europa.eu/esco/skill/0a9acb6b-1139-4be9-b431-3a80a959f2f4', 'http://data.europa.eu/esco/skill/10026df1-670d-4c75-b3d5-ee0037f9d59b', 'http://data.europa.eu/esco/skill/1af2db15-2af9-44dd-9639-bf1fc69d4c34', 'http://data.europa.eu/esco/skill/3c03ee71-4a23-448f-b79e-81fd75d27dca', 'http://data.europa.eu/esco/skill/42cb7669-c371-4903-9c0b-13db67b2e4bb', 'http://data.europa.eu/esco/skill/46990b9b-746e-481d-a66a-0cac3f07dfac', 'http://data.europa.eu/esco/skill/633a3637-2c6b-40ae-ac38-289eb2a62aa6', 'http://data.europa.eu/esco/skill/6a536b36-c5c7-4d10-bf67-a4fb0f8549b2', 'http://data.europa.eu/esco/skill/6a876489-7ad8-4a13-b09c-c9b8e97a302e', 'http://data.europa.eu/esco/skill/7c05199f-7b03-4a4a-afee-7c9dfcf9066a', 'http://data.europa.eu/esco/skill/7dd94ad3-13d6-43fe-8b94-51fcbf67ced9', 'http://data.europa.eu/esco/skill/8369c2d6-c100-4cf6-bd83-9668d8678433', 'http://data.europa.eu/esco/skill/96eb286a-58b7-45ff-a916-5578d0b79b8c', 'http://data.europa.eu/esco/skill/a8797f21-1af0-4c5e-98ca-bf1442929363', 'http://data.europa.eu/esco/skill/c2617b44-886a-485e-8393-bc0fc6339539', 'http://data.europa.eu/esco/skill/ca71c597-51c2-4ead-a7b0-b108bce89caf', 'http://data.europa.eu/esco/skill/dba46f87-0831-49cd-a1c7-340a653c0221', 'http://data.europa.eu/esco/skill/dc72ad0a-c5dc-4abd-bc0d-ca43e82162e1', 'http://data.europa.eu/esco/skill/de9f85ba-e77f-48fd-8c66-f5ebaf32d655']","['http://data.europa.eu/esco/occupation/070e94a8-a933-4557-9b95-fefe7f4f1763', 'http://data.europa.eu/esco/occupation/2ed56c3f-61d6-4f7e-9ef8-8849eb102e4c', 'http://data.europa.eu/esco/occupation/2fb96c6c-8d0b-4ef0-b1ee-3e493305e4eb', 'http://data.europa.eu/esco/occupation/3b1ea27c-781c-41eb-821f-214285260dd2', 'http://data.europa.eu/esco/occupation/4b3201cb-ffc5-4f61-9fc3-5c0f0038fa5f', 'http://data.europa.eu/esco/occupation/53cdd34e-22f2-41bd-b3c7-de22bf9bbcae', 'http://data.europa.eu/esco/occupation/6a29d804-f775-446c-bec7-35fc4e28ac97', 'http://data.europa.eu/esco/occupation/8cb59bc4-1f39-477e-beea-effed12d186c', 'http://data.europa.eu/esco/occupation/cdd3d773-75a4-4f35-bd1d-1ac720afcf9d', 'http://data.europa.eu/esco/occupation/e2a495fb-68a3-46f9-8753-6ce566a7a085']"
2850,Senior SW QA Engineer,"In Thessaloniki, GWF has established a modern Development Center whose mission is to create fresh smart-metering and IoT solutions that reshape traditional utilities toward smart city paradigms. We want to contribute to the local tech ecosystem and at the same time drive the company’s international growth. The team offers a vibrant environment, passionate bright colleagues, and a clear goal to transform IoT data into modern applications.Responsibilities

You will lead testing and quality assurance projects for the digital products of GWF. This includes writing and execution of the test plans, and test automation for software products and features.
You will be mentoring and coaching colleagues in your domains of expertise. This will contribute to growing a healthy SW QA culture in the organization.
You will contribute towards program goals, ensuring schedules are met and deliverables are signed-off in time, scope, and budget.
To excel in this role, you will further need to think beyond your area of expertise and recognize dependencies across the technology stack, i.e., across hardware, and all layers of the software. For this you will research new and existing technologies to determine how they could be applied in new ways to solve problems.

 Qualifications and experience

Experience as a Software QA Engineer, with at least 4 years in a lead role.
Understanding of frontend stack fundamentals (e.g. JavaScript, CSS preprocessors and bundling tools, React Remix run, Next.js).
Experience in web frameworks (e.g. Python/Django) and relational databases (preferably PostgreSQL).

 

Knowledge of CI/CD, DevOps, automated testing principles is required. Experience with Cloud Services, especially Azure
Experience with static and dynamic code analysis tools is required.
Experience with automated testing tools and frameworks (e.g., Selenium, Playwright, Appium).
Relevant testing certifications (e.g., ISTQB, CSTE) are a plus.

 

Ability to fluently interface with internal and external stakeholders on a technical level.
Excellent English communication skills is a must, German is a strong plus.
Good communication and presentation skills are a must.
MSc in Computer Science, Electrical Engineering, or similar rounds up your profile.

We offer

Competitive compensation
Medical Care program
Partial remote work flexibility
Learning and growth opportunities in an international company setup
A pleasant, fun, and achievement-oriented environment
Modern, bright offices, located close to the airport.

 Interested?We look forward to receiving your complete application documents.",Mid-level,Full-time,"Thermi, Greece",EL,2024-08-28,kariera.gr,165660,,"['http://data.europa.eu/esco/skill/14832d87-2f2f-4895-b290-e4760ebae42a', 'http://data.europa.eu/esco/skill/1af2db15-2af9-44dd-9639-bf1fc69d4c34', 'http://data.europa.eu/esco/skill/2d3552aa-08da-4aad-9942-675be826a212', 'http://data.europa.eu/esco/skill/3e40c7d0-0e36-4b33-bc33-0aa87eda0561', 'http://data.europa.eu/esco/skill/5c8aa481-9e7c-4f32-8197-a8b0fd7ca186', 'http://data.europa.eu/esco/skill/5d74614d-32c8-4ca4-9818-6980e52424b1', 'http://data.europa.eu/esco/skill/7557f0f4-b8bc-4ac0-b91e-222ab1ba744f', 'http://data.europa.eu/esco/skill/a8d07b5a-c1a1-42c6-9d53-db9c7a2ca996', 'http://data.europa.eu/esco/skill/c6c1af60-9594-460c-a328-00f9ad292be0', 'http://data.europa.eu/esco/skill/da56feea-941c-4ff6-b573-bb16ccbde670', 'http://data.europa.eu/esco/skill/e043aeeb-78f5-4049-afbf-12bba52225bc', 'http://data.europa.eu/esco/skill/f0de4973-0a70-4644-8fd4-3a97080476f4']","['http://data.europa.eu/esco/occupation/2fb96c6c-8d0b-4ef0-b1ee-3e493305e4eb', 'http://data.europa.eu/esco/occupation/572c51ef-531b-4331-8e66-b1641173e54e', 'http://data.europa.eu/esco/occupation/86ca306c-ab99-420a-9e2a-aa73c5c4de22', 'http://data.europa.eu/esco/occupation/cc867bee-ab5c-427f-9244-f7a204d9574b', 'http://data.europa.eu/esco/occupation/e8bbc7fd-cfa2-406f-a664-57e5024cfbc5']"
2886,Site Reliability Engineer,"The Role:
You will join a team working with cutting-edge technologies and striving to utilize cloud services to the maximum. Your role will be to monitor critical applications and services to ensure their availability and minimize downtime. You will also ensure that the underlying infrastructure runs smoothly and systems/tools work as expected, help developers with troubleshooting and provide consultation in case of alerts.
The main responsibilities of the position include:

Monitor critical application metrics and create alerts
Build or use software to help DevOps, Devs and Support teams
Fix support escalation issues
Maintain documentation and runbooks
Conduct post-incident reviews

Main Requirements:

5+ years of experience in a SRE, DevOps or similar role
Experience in incident, problem and change management practices
Extensive working experience with CI/CD procedures and tools (e.g. Gitlab CI)
Strong experience using containers and Kubernetes
Experience with Infrastructure as Code (Terraform, CloudFormation)
Ability to work as part of a distributed team
Experience with monitoring tools (Prometheus, Grafana, New Relic) 

The following will be considered an advantage:

Familiarity with database concepts
Working experience with at least one cloud provider (preferably AWS)
Experience with Apache Kafka configuration and troubleshooting
Experience with ELK configuration and troubleshooting
Scripting skills (Bash, PowerShell, Python, Go, etc.) 

Benefit from:

Attractive remuneration package
Private health insurance
Corporate pension fund
Intellectually stimulating work environment
Continuous personal development and international training opportunities 

All applications will be treated with strict confidentiality!",Mid-level,Full-time,"Athens, Greece",EL,2024-08-28,kariera.gr,165627,,"['http://data.europa.eu/esco/skill/385479b7-5da5-4367-9763-0d15b41bb65b', 'http://data.europa.eu/esco/skill/3c03ee71-4a23-448f-b79e-81fd75d27dca', 'http://data.europa.eu/esco/skill/519e801b-3cc4-44d4-bcf1-32fdb9a77e51', 'http://data.europa.eu/esco/skill/ccd0a1d9-afda-43d9-b901-96344886e14d', 'http://data.europa.eu/esco/skill/f0de4973-0a70-4644-8fd4-3a97080476f4', 'http://data.europa.eu/esco/skill/fb7aee4d-f6c6-4a87-8e9d-8e542b3771f8']","['http://data.europa.eu/esco/occupation/07dfff6d-a0d0-4202-a697-fe9176c15999', 'http://data.europa.eu/esco/occupation/3b1ea27c-781c-41eb-821f-214285260dd2', 'http://data.europa.eu/esco/occupation/cc867bee-ab5c-427f-9244-f7a204d9574b']"
2891,Senior QA Software Test Automation Engineer (Java),"The Role:
As an Automation QA Engineer, you will join an amazing team who are committed to improving product quality. In this role, you will focus on product quality assurance while considering functionality, performance, security, GUI and many other factors.
You will use Java/Kotlin, Selenium, Selenide, REST Assured, TestNG, Gradle, Git, TestRail, and Jenkins while performing automation testing for either web or mobile applications.
Working within the existing testing environment, you will have the chance to create testing suites from scratch. Our team will help you reach your full potential while you work with cutting edge technologies on challenging projects.



The main responsibilities of the position include:


Closely collaborate with the development team to help deliver high quality software
Understand and translate business requirements to technical requirements
Enhance software delivery and quality throughout the entire Software Development Life Cycle
Perform automated functional and performance testing
Design and develop the test automation framework, implement required libraries, and conduct auto-tests
Maintain CI pipelines and integrate automated scripts into CI tools
Manage any issues that may arise and drive resolutions throughout the testing process
Actively participate in the Software Development Life Cycle and Software Testing Life Cycle






Main requirements:


BSc/MSc in Computer Science
Minimum 4 years’ experience in quality assurance and test automation (functional GUI and API)
Practical experience in automation testing with Java (Selenium, REST Assured, or similar for mobile automation) is a must
Experience in writing queries for SQL and NoSQL databases
Experience in agile software development methodologies and testing procedures
Strong interpersonal and organisational skills 
Committed to excellence, continuous improvement, and to achieving the best results
Excellent written and verbal skills in English






Benefit from:


Attractive remuneration package
Intellectually stimulating work environment
Continuous personal development and international training opportunities
Attractive relocation package and support for a smooth relocation for you and your family





 
All applications will be treated with strict confidentiality!",Mid-level,Full-time,"Athens, Greece",EL,2024-08-28,kariera.gr,165619,,"['http://data.europa.eu/esco/skill/0550431f-9c8b-4204-9c45-59bc5feacf06', 'http://data.europa.eu/esco/skill/0ee94c0a-3716-494a-95a2-dcbab9e58be2', 'http://data.europa.eu/esco/skill/3e71ddfd-fff4-4c8d-a510-a46f4e2edb6b', 'http://data.europa.eu/esco/skill/519e801b-3cc4-44d4-bcf1-32fdb9a77e51', 'http://data.europa.eu/esco/skill/598de5b0-5b58-4ea7-8058-a4bc4d18c742', 'http://data.europa.eu/esco/skill/5d74614d-32c8-4ca4-9818-6980e52424b1', 'http://data.europa.eu/esco/skill/7253d98c-4a6d-4e37-8b6c-accca9f4b639', 'http://data.europa.eu/esco/skill/7557f0f4-b8bc-4ac0-b91e-222ab1ba744f', 'http://data.europa.eu/esco/skill/76ef6ed3-1658-4a1a-9593-204d799c6d0c', 'http://data.europa.eu/esco/skill/b8c01891-e3df-4a4b-948d-95b45e1788f5', 'http://data.europa.eu/esco/skill/ca1a708c-0178-4ef3-8b5a-1eabfc533b0a', 'http://data.europa.eu/esco/skill/dba46f87-0831-49cd-a1c7-340a653c0221', 'http://data.europa.eu/esco/skill/f9738fc9-4d67-43e8-bfda-954123e34d42']","['http://data.europa.eu/esco/occupation/2ed56c3f-61d6-4f7e-9ef8-8849eb102e4c', 'http://data.europa.eu/esco/occupation/61d9270c-491d-438d-8d41-77ba2e0ef023', 'http://data.europa.eu/esco/occupation/bb609566-3ab6-44dd-8f48-cf0b15b96827', 'http://data.europa.eu/esco/occupation/e9507d34-c70f-474f-a4a3-d2cbfe50f6e9', 'http://data.europa.eu/esco/isco/C2519']"
3014,"Senior Manager, Digital Solutions Engineer & Technical Team Lead","ROLE SUMMARY
At Pfizer we make medicines and vaccines that change patients' lives with a global reach of over 780 million patients.Pfizer Digital is the organization charged with winning the digital race in the pharmaceutical industry. We apply our expertise in technology, innovation and our business to support Pfizer in this mission.The Commercial Creation Center & CDI (C4) team builds and maintains the platforms and capabilities that enable Pfizer Business Units to connect digitally with our external customers and effectively engage and collaborate across teams internally.  This includes all digital (web, mobile, omni-channel, & devices) products, platforms, services, and experiences in service of patients, HCPs, payors, pharmacists, or clinical sites. We build advanced cloud-based technology solutions at a global scale that positively impact Pfizer business performance.Patient and Marketplace Corp. Affairs: Within C4, the Patient and Marketplace Corp. Affairs team is accountable for delivering patient-facing digital companions and external marketplace solutions to increase customer value and simplify specialty pharma services to ensure patients can acquire Pfizer breakthroughs.​The U.S. Channels and Global Web Experience team directly owns and operates Pfizer.com, the operation of our primary U.S. corporate social channels, and the look and feel of our regional corporate sites around the world, consulting and supporting objectives from various stakeholders across the entire company, as well as directly setting objectives and delivering on them.The Solutions Engineer is a senior technical role responsible for developing ideas and leading the design and overseeing the implementation of complex cutting-edge technical solutions across business units. This role serves as the bridge between business requirements and technical capabilities, translating stakeholder needs into innovative and scalable solutions that leverage emerging technologies.
ROLE RESPONSIBILITIES
Subject Matter Expertise - General

Design and architect technical solutions that address stakeholder needs while adhering to best practices, industry standards, and Pfizer's technology strategies.
Develop detailed technical specifications, system architectures, and implementation plans for immersive solutions.
Oversee the implementation of digital solutions by development teams, ensuring adherence to the defined technical architecture and design principles.
Ensure compliance with relevant regulations, security protocols, and industry best practices related to solution development and deployment.
Act as technical lead for Pfizer.com (and functionality shared with our regional sites): accountable for the technical strategy, in close coordination with Platform team and other technical partners.
Strategic Leadership & Delivery
Take risk-based approach to advance innovative processes and methodologies based on comprehensive business knowledge for evaluation and recommendation of appropriate technologies, platforms, and frameworks, considering factors such as scalability, performance, security, and integration with existing systems.

Resource and Financial Management

Provide direct oversight to colleagues and contractors that comprise the technical/engineering team, as well as in-region manager for other local colleagues on the team (which may include roles that aren't primarily technical/engineering)
Manages and leads people, technological and financial resources within the Business Unit, often lead by influence rather than direct authority, in addition to direct reports.

Cross- Team Collaboration

Collaborate with the Delivery Lead, Service Owners, stakeholders, and development teams to gather and analyze business requirements.
Collaborate with cross-functional teams, including the Technical Services Leads and Platform teams, to ensure seamless integration and support for solutions with Pfizer's digital platforms and technologies.





BASIC QUALIFICATIONS

Bachelor's degree in Computer Science, Software Engineering, or a related technical field.
7+ years of extensive experience in solution architecture, technical design, and implementation of complex software systems, with a focus on leading a team of engineers and defining the process for a developer team, particularly in relation to a database-driven content management system (CMS).
Strong understanding of Drupal/PHP/MySQL stack development technologies, platforms, and frameworks, along with their strengths, limitations, and integration capabilities. Deep understanding of Drupal's caching system, modules, crons, taxonomies is a plus.
Strong proficiency in programming languages, development tools, and software engineering practices relevant to implementing and integrating CMS tools with modern frontend technologies (e.g., HTML5, CSS3, ES6). Experience with a popular JavaScript framework like React, Next, Vue, Angular is a plus.
Excellent problem-solving, analytical, and decision-making skills, with the ability to navigate complex technical challenges and trade-offs.
Passion for exploring emerging technologies and driving innovation in the field of GenAI/LLM/Semantic Search (several related efforts underway looking for leadership and individually contribution)
Strong attention to detail and commitment to delivering high-quality, robust, and scalable technical solutions.
Familiarity with agile methodologies (Scrum, Kanban), continuous integration, continuous deployment (CI/CD) processes and JIRA/Confluence

PREFERRED QUALIFICATIONS

Advanced degree or relevant certifications.
Experience in the Pharma industry
Experience with Microsoft Technology Stack, including .NET framework & SharePoint, and demonstrated understanding of cloud application architectures
Familiarity with front end modern application frameworks and tools such as node.js, Angular.js, Ionic, Apple Swift, kotlin, Vue.js. and / or back end frameworks and tools such as Java, Laravel, Drupal, Python, PHP.
High proficiency and proven successful delivery of experiences using Agile development, especially scaled agile and lean techniques and methodologies (Disciplined Agile, SAFe, etc.)

Pfizer is an equal opportunity employer and complies with all applicable equal employment opportunity legislation in each jurisdiction in which it operates.
To apply please visit our website www.pfizercareers.com and search job Senior Manager, Digital Solutions Engineer & Technical Team Lead id 4918233.",Senior,Full-time,"Thessaloniki, Greece",EL,2024-08-27,kariera.gr,165486,,"['http://data.europa.eu/esco/skill/0ee94c0a-3716-494a-95a2-dcbab9e58be2', 'http://data.europa.eu/esco/skill/11430d93-c835-48ed-8e70-285fa69c9ae6', 'http://data.europa.eu/esco/skill/14832d87-2f2f-4895-b290-e4760ebae42a', 'http://data.europa.eu/esco/skill/19a8293b-8e95-4de3-983f-77484079c389', 'http://data.europa.eu/esco/skill/1de3942b-99d8-41e8-9ef0-fbc9e9f6307b', 'http://data.europa.eu/esco/skill/1f1d2ff8-c4c1-45cc-9812-6a7ee84a73cb', 'http://data.europa.eu/esco/skill/1ffac4ac-fda7-407d-8ed1-ca8f4a8dc146', 'http://data.europa.eu/esco/skill/2fb8480e-de3c-462b-b169-e8bbb344da68', 'http://data.europa.eu/esco/skill/41bf7ede-fc84-4a57-8c89-b548d11b0ba1', 'http://data.europa.eu/esco/skill/4350c38d-0fe9-4ca7-bab9-40ed7f72b04f', 'http://data.europa.eu/esco/skill/457c2e47-07e6-4073-827e-e1c21f3e5869', 'http://data.europa.eu/esco/skill/477173ca-5fc2-406b-9122-95d92811f284', 'http://data.europa.eu/esco/skill/4cb51222-3e2e-417c-9a5c-e9ccf262721d', 'http://data.europa.eu/esco/skill/4f6e68b2-85c8-446e-a96d-b306ec7e0091', 'http://data.europa.eu/esco/skill/52e53619-fa77-4f72-b237-5e4aae784dc2', 'http://data.europa.eu/esco/skill/7369f779-4b71-4aab-8836-48b69c676eec', 'http://data.europa.eu/esco/skill/75d8e5d9-bef3-418b-9011-01bff9f27207', 'http://data.europa.eu/esco/skill/8ff015a0-98ea-4d80-a23e-1f68110a919e', 'http://data.europa.eu/esco/skill/92721092-fe7c-4689-96bd-4f02385bc0e7', 'http://data.europa.eu/esco/skill/9531fe02-1e1f-4a36-95f7-a76a77cd4b8d', 'http://data.europa.eu/esco/skill/9ef0f3a0-9ce2-4ef1-a987-0366b5cb2dbe', 'http://data.europa.eu/esco/skill/be80acfc-b6f2-4411-9b8d-b19d9cd2556a', 'http://data.europa.eu/esco/skill/c3687b34-fe53-4db2-ad1b-5055a6c5b6fd', 'http://data.europa.eu/esco/skill/ccd0a1d9-afda-43d9-b901-96344886e14d', 'http://data.europa.eu/esco/skill/dba46f87-0831-49cd-a1c7-340a653c0221', 'http://data.europa.eu/esco/skill/e76dd90d-91c4-49c0-bfd0-dfa2c4c90c81', 'http://data.europa.eu/esco/skill/ed8de897-adbe-4f0e-b4d2-534953e64c72', 'http://data.europa.eu/esco/skill/f08e2bd6-0366-4948-a670-1f03f130126f', 'http://data.europa.eu/esco/skill/f9738fc9-4d67-43e8-bfda-954123e34d42', 'http://data.europa.eu/esco/skill/fae27053-8924-4bfd-b565-c9fe502044c9']","['http://data.europa.eu/esco/occupation/00030d09-2b3a-4efd-87cc-c4ea39d27c34', 'http://data.europa.eu/esco/occupation/0ddbf393-38f1-4c22-b14c-fe775008f321', 'http://data.europa.eu/esco/occupation/2fb96c6c-8d0b-4ef0-b1ee-3e493305e4eb', 'http://data.europa.eu/esco/occupation/30f3ea93-882a-4525-841c-1d5b4b64076f', 'http://data.europa.eu/esco/occupation/3ae4fd99-814a-4d06-a7db-5ee680c22e26', 'http://data.europa.eu/esco/occupation/53cdcc84-e5ee-488c-aa09-88084e06d6d7', 'http://data.europa.eu/esco/occupation/53cdd34e-22f2-41bd-b3c7-de22bf9bbcae', 'http://data.europa.eu/esco/occupation/57af9090-55b4-4911-b2d0-86db01c00b02', 'http://data.europa.eu/esco/occupation/7c132147-428b-4ea3-87e1-70f7abb691ce', 'http://data.europa.eu/esco/occupation/8cb59bc4-1f39-477e-beea-effed12d186c', 'http://data.europa.eu/esco/occupation/9e285322-2cfa-430f-9b66-41be57d698e2', 'http://data.europa.eu/esco/occupation/a74f6c51-37e5-423e-aa5b-044e98663027', 'http://data.europa.eu/esco/occupation/e9507d34-c70f-474f-a4a3-d2cbfe50f6e9', 'http://data.europa.eu/esco/occupation/fe0fa514-b48d-4a53-9757-a283c0baacf0', 'http://data.europa.eu/esco/isco/C1120', 'http://data.europa.eu/esco/isco/C214']"
3195,Project Development Engineer,"PADEV MEPE, which is active in the development of RES projects, is looking for an Electrical Engineer with experience in the design and licensing of wind and photovoltaic plants.
Responsibilities:
· Study, Dimensioning and Planning of RES projects
· Development, Licensing and Evaluation of projects based on RES legal framework
· Communication with public bodies regarding the development of the licensing process of the projects
· Project management and coordination
· Preparation and Compilation of Files for the licensing of RES projects
· Analyzing wind measurements and keeping a database of wind data
· Compilation of Files for Development Programs
Required Qualifications:
· Diploma in Electrical/Mechanical Engineering
· Previous experience in the development of RES projects
· Good knowledge of institutional framework
· Use of simulation software for wind and photovoltaic plants
· Excellent knowledge of MS Office AutoCAD, PVSYST
· Excellent knowledge of English
· Driving License
Allowances
· Competitive package of benefits and Services
· Development prospects
· Support and training
· Excellent working environment",Mid-level,Full-time,"Athens, Greece",EL,2024-08-27,kariera.gr,151930,,"['http://data.europa.eu/esco/skill/0823ccef-813f-4f22-afef-ac0d68615e8f', 'http://data.europa.eu/esco/skill/7111b95d-0ce3-441a-9d92-4c75d05c4388', 'http://data.europa.eu/esco/skill/e45507ff-c1e2-4e0c-92fb-b6c0e6cb6245']","['http://data.europa.eu/esco/occupation/86ca306c-ab99-420a-9e2a-aa73c5c4de22', 'http://data.europa.eu/esco/occupation/bea99fea-0383-4c63-b944-70d4799de2c5', 'http://data.europa.eu/esco/isco/C2151']"
3274,PROJECT ENGINEER,"Project Engineer/Project Engineer
VIKING NORSAFE LIFE-SAVING EQUIPMENT HELLAS S.M S.A. member of the VIKING LIFE-SAVING GROUP is looking for a project engineer for its boat building facilities, located near Thebes.
The position reports to the Factory Manager.
Indicative job duties include the following:

Preparation, planning, coordination and monitoring of assigned projects
Ensuring fulfillment of contract requirements with the client.
Interacting daily with customers to interpret needs, requirements and ensure their satisfaction.
Quality control of works (budget, schedule, plans) with regular reporting on project status.
Safe compliance with applicable contractual, specifications and requirements.
Cooperation and effective communication with all the involved departments of the company.
Interact with production to track and determine completion status of projects.
Performing technical tasks within the company's projects and goals.

 
Candidate Profile: 
University Degree / Technological Educational Institution of Mechanical or Marine or Electrical Engineering.
Excellent knowledge of the English language
Excellent knowledge of MS Office
Knowledge of drawing and visualization software such as AutoCAD
 
The company offers:
Competitive compensation package.
Additional medical care.
Multinational and dynamic work environment",Mid-level,Full-time,"Thiva, Greece",EL,2024-08-26,kariera.gr,165148,,"['http://data.europa.eu/esco/skill/082967d4-b94c-4305-aa13-35a6aa8c5c7c', 'http://data.europa.eu/esco/skill/1fcce318-3212-487a-ac07-4941bc85060d', 'http://data.europa.eu/esco/skill/3e40c7d0-0e36-4b33-bc33-0aa87eda0561', 'http://data.europa.eu/esco/skill/68698869-c13c-4563-adc7-118b7644f45d', 'http://data.europa.eu/esco/skill/9148c1e4-beae-433c-bd72-e4a009440744', 'http://data.europa.eu/esco/skill/a8797f21-1af0-4c5e-98ca-bf1442929363', 'http://data.europa.eu/esco/skill/b216d9a2-7d4e-4312-8d05-e375f4ab44d8', 'http://data.europa.eu/esco/skill/f5b33464-4df9-4cf3-b468-b0a2d6b3ee85', 'http://data.europa.eu/esco/skill/f683ae1d-cb7c-4aa1-b9fe-205e1bd23535', 'http://data.europa.eu/esco/skill/fc4fcb4b-993f-4f2c-b158-c2171ec18ed8']","['http://data.europa.eu/esco/occupation/3f3748a7-4bb3-40b4-9ae3-1c5040c70f52', 'http://data.europa.eu/esco/occupation/42ff9e52-1f56-427d-b772-b9328c39b98a', 'http://data.europa.eu/esco/occupation/86ca306c-ab99-420a-9e2a-aa73c5c4de22', 'http://data.europa.eu/esco/occupation/cd7b838c-51f6-41ec-9067-bb974c0f991b', 'http://data.europa.eu/esco/isco/C214', 'http://data.europa.eu/esco/isco/C412']"
3359,DevSecOps Engineer,"Company DescriptionWe are Netcompany-Intrasoft, a member of Netcompany Group A/S, and a leading European IT Solutions and Services company with strong international presence and expertise, dedicated to responsible digitalisation. We offer innovative and added-value solutions of the highest quality to a wide range of public and private organizations, while being a key-player in the EU Institutions for the past 30 years. We hold an outstanding record of 500+ organizations in 70+ countries, that have chosen our solutions and services, to fulfil their business needs. Our team of 3500+ professionals is our driving force and our most valuable asset.Job DescriptionAre you ready to join the forefront of technology as a DevSecOps Engineer in Netcompany-Intrasoft? As a DevSecOps Engineer you will:Work in cross-functional teams to design/maintain and build best-in-class product security tools and services.Promote the usage of DevSecOps methodologies to software development and DevOps teams.Lead the deployment, maintenance, operation and fine-tuning of infrastructure hosting DevSecOps and Application Security Testing tools.Set-up, manage and maintain DevSecOps automation tools in CI/CD pipelines.Lead security tools integration such as Static Application Security Testing (SAST), Software Composition Analysis (SCA), Credentials Scanning, Container Image Scanning and Dynamic Application Security Testing (DAST) tools.Lead the evaluation of new security tools and technologies and build internal tools as needed.Lead the development and enforcement of supply chain security controls in Continuous Integration/Continuous Deployment (CI/CD) infrastructures.Provide security training to software development and DevOps teams.Act as a technical point of contact software product and project teams related to DevSecOps and Application Security within company's departments and customer projects.Supporting corporate Information Security Management System activities.QualificationsWhat would make you a fit for the role:Master's or Bachelor's Degree in Computer Science, Information Systems, Cyber Security, or other related field.Proven working experience and expertise of 3+ years in DevSecOps initiatives within large scale projects.Experience with SAST, DAST, SCA, Vulnerability scanning tools such as, but not limited to: SonarQube, ZAP, Dependency Track, Trivy, Gitleaks, SnykExperience with Cloud Native technologies such as, but not limited to: Docker, KubernetesExperience in Linux & Windows configuration management, system administration, and troubleshooting.It would also be a plus if you match some of the following:DevSecOps related certifications such as Certified DevSecOps Professional (CDP), Certified DevSecOps Expert (CDE), EC-Council DevSecOps Engineer (E|CDE)Application Security related certifications: CASE, CSSLP, CASS, CSP, or GIAC Certified Web Application Defender.Cloud Security related certifications: CSSP, CSSK, Microsoft Azure Security, AWS SecurityInformation Security related certifications: ISO 27001, CISSP, CEH, OSCPGood skills in at least one or more scripting languages; Perl, Python, Go, or ShellExperience with continuous delivery and Application Lifecycle Management tools, such as, but not limited to: Jenkins, Bamboo, JIRA, SVN, Git, NexusExperience with OWASP SAMM (Software Assurance Maturity Model) and DSOMM (DevSecOps Maturity Model)Additional InformationBeing a part of the Netcompany-Ιntrasoft team, you will be provided with: The opportunity to work in a modern environment & in a hybrid working modelA seamless onboarding experience and a buddy to support you on your first stepsA competitive compensation & benefits packageHealth and life insurance programMeal and commuting allowanceWell-being activities (on premises)Continuous learning opportunities using the most modern methods (unlimited access to Udemy for Business, ad-hoc trainings)A personalized development plan for targeted career growthIf you are looking forward to be part of a diverse environment, and have the opportunity to work alongside well-experienced professionals, on challenging, large-scale projects that directly impact millions of citizens around the globe, then this is the place to be!By joining Netcompany-Intrasoft Athens, you will be part of a vivid team of 2000+ tech enthusiasts. When at the office you will have the chance to work at our brand-new, state-of-the-art, sustainable offices, located in 3 different spots in Athens!Our cultureOur people are the most important element of our success. Our work life is well defined by our set of fundamental Values: https://bit.ly/3SSbBzU  #BePartOfSomethingGreat!*Please submit your CV in EnglishAll applications will be treated as strictly confidential.",,Full-time,"Athens, Greece",EL,2024-08-26,kariera.gr,161651,,"['http://data.europa.eu/esco/skill/0868eef3-2213-4572-9343-74931345a7d3', 'http://data.europa.eu/esco/skill/09f2f811-a3fb-4de3-a70f-6420a6935575', 'http://data.europa.eu/esco/skill/23ac233d-84ad-4517-b0f5-8ca19ba2614e', 'http://data.europa.eu/esco/skill/2a3a96a3-709e-4d60-81f6-d247d6933f13', 'http://data.europa.eu/esco/skill/401eb8d8-6daa-4f8b-90ad-60afc71eb4f8', 'http://data.europa.eu/esco/skill/5ef0c719-5bcb-49f8-b8eb-824388225333', 'http://data.europa.eu/esco/skill/8088750d-8388-4170-a76f-48354c469c44', 'http://data.europa.eu/esco/skill/8f6ed69b-29d0-4c01-81ba-f05920a185f3', 'http://data.europa.eu/esco/skill/c5bc42be-4970-4dce-80e2-af78bae42e84', 'http://data.europa.eu/esco/skill/ccd0a1d9-afda-43d9-b901-96344886e14d', 'http://data.europa.eu/esco/skill/de586dcf-d7e5-4340-bf5b-d59026f1b436', 'http://data.europa.eu/esco/skill/f0de4973-0a70-4644-8fd4-3a97080476f4', 'http://data.europa.eu/esco/skill/f47a1998-0beb-43be-9f46-380aa4d183da']","['http://data.europa.eu/esco/occupation/0ce5a9f4-e00a-4bbe-b255-3c63407167a4', 'http://data.europa.eu/esco/occupation/719f101d-1866-49d3-8d5c-2256f606a8b9', 'http://data.europa.eu/esco/occupation/76ef0a87-6afe-4560-b5d0-9a086abe45c5', 'http://data.europa.eu/esco/occupation/9e2e6e1e-363b-4e1b-a673-7bc0f7343300', 'http://data.europa.eu/esco/occupation/cc867bee-ab5c-427f-9244-f7a204d9574b', 'http://data.europa.eu/esco/occupation/e9507d34-c70f-474f-a4a3-d2cbfe50f6e9']"
3372,Software Engineer (EU Digital Identity),"Company DescriptionWe are Netcompany-Intrasoft, a leading European IT Solutions and Services Group with strong international presence and expertise, offering innovative and added-value solutions of the highest quality to a wide range of international and national public and private organizations. More than 500 organizations in over 70 countries worldwide have chosen the company's services and solutions to fulfill their business needs.For more information regarding our company, current projects, and openings around Europe, please consult our website: www.netcompany-intrasoft.com.Job DescriptionA day in the life of a Software Engineer (EU Digital Identity)As a Software Engineer, you will be part of a high-performing, cross-functional and Agile team responsible for building a digital ID and personal digital wallet for EU citizens, residents and businesses. The EU Digital Identity Wallet will be a secure and easy way for European citizens, residents and businesses to prove who they are when accessing digital services. The wallet app will enable every user to safely obtain, store, share important digital documents and electronically sign or seal documents.Your main duties will be to: Design, develop and maintain the wallet's related services with Java and KotlinWork with Spring, Spring BootGet exposure to a variety of protocols and standards like OAUTH2 & OpenID Connect, JWS/JWK/JWT, basic public cryptography, OpenID for Verifiable Issuance, OpenID for Verifiable Presentation, Presentation ExchangeParticipate in the technical analysis, documentation, implementation, and integrationTest and manage early life support of core software tools and assets produced in the context of software development projectsBy joining Netcompany - Intrasoft, a leading IT company, you will be part of a hub of 1.700+ tech enthusiasts in Greece. You will work using cutting-edge technologies that contribute to the design and delivery of solutions and products for challenging, large-scale IT projects, that affect the lives of millions of citizens around the globe.QualificationsIf you have :Degree in Computer Science, Software Engineering, or a related discipline5+ years of working experience inJavaSpring BootSpringMVC or Spring WebFluxSpring SecurityJPAExcellent communication skillsGood interpersonal skills, adaptability and team spiritFluency in English...then this position is suitable for you! It would also be a plus if you had :Experience in KotlinExperience in Nimbus JWTThis position comes with Competitive compensation packagesContinuous learning (with the most modern methods - unlimited access to Udemy for Business), and fast career growthInteresting and challenging tasks within large-scale projectsAn international dynamic within a fast-paced working environmentThe opportunity to work in a diverse environment with talented colleaguesAdditional InformationWe ensure equal opportunities, treatment, and consideration for all candidates. Discrimination based on sex, racial or ethnic origin, religion or belief, disability, age, sexual orientation or marital status, physical or mental disability, or any other factor protected by applicable laws and regulations is prohibited. At Netcompany-Intrasoft we respect human rights as part of our culture, and we focus on creating a positive workplace in which all employees are valued and where diversity and inclusivity are welcomed.The safety and well-being of our employees remain our top priority. Please note that Netcompany-Intrasoft's recruitment process is being conducted virtually due to preventive measures against the Covid-19 pandemic.#LI-Hybrid #LI-KA1 #LI-ZS1Our cultureOur people are the most important element of our success. Our work life is well defined by our set of fundamental Values: https://bit.ly/3SSbBzU  #BePartOfSomethingGreat!*Please submit your CV in EnglishAll applications will be treated as strictly confidential.",,Full-time,"Athens, Greece",EL,2024-08-25,kariera.gr,134042,,"['http://data.europa.eu/esco/skill/07e51c60-763a-4335-b4ec-70a15f66d328', 'http://data.europa.eu/esco/skill/23ac233d-84ad-4517-b0f5-8ca19ba2614e', 'http://data.europa.eu/esco/skill/385479b7-5da5-4367-9763-0d15b41bb65b', 'http://data.europa.eu/esco/skill/49de9958-2aa4-4eef-a89d-fe5d5bcd28c4']",['http://data.europa.eu/esco/occupation/57af9090-55b4-4911-b2d0-86db01c00b02']
3373,Software Engineer (EU Digital Identity),"Company DescriptionWe are Netcompany-Intrasoft, a leading European IT Solutions and Services Group with strong international presence and expertise, offering innovative and added-value solutions of the highest quality to a wide range of international and national public and private organizations. More than 500 organizations in over 70 countries worldwide have chosen the company's services and solutions to fulfill their business needs.For more information regarding our company, current projects, and openings around Europe, please consult our website: www.netcompany-intrasoft.com.Job DescriptionA day in the life of a Software Engineer (EU Digital Identity)As a Software Engineer, you will be part of a high-performing, cross-functional and Agile team responsible for building a digital ID and personal digital wallet for EU citizens, residents and businesses. The EU Digital Identity Wallet will be a secure and easy way for European citizens, residents and businesses to prove who they are when accessing digital services. The wallet app will enable every user to safely obtain, store, share important digital documents and electronically sign or seal documents.Your main duties will be to: Design, develop and maintain the wallet's related services with Java and KotlinWork with Spring, Spring BootGet exposure to a variety of protocols and standards like OAUTH2 & OpenID Connect, JWS/JWK/JWT, basic public cryptography, OpenID for Verifiable Issuance, OpenID for Verifiable Presentation, Presentation ExchangeParticipate in the technical analysis, documentation, implementation, and integrationTest and manage early life support of core software tools and assets produced in the context of software development projectsBy joining Netcompany - Intrasoft, a leading IT company, you will be part of a hub of 1.700+ tech enthusiasts in Greece. You will work using cutting-edge technologies that contribute to the design and delivery of solutions and products for challenging, large-scale IT projects, that affect the lives of millions of citizens around the globe.QualificationsIf you have :Degree in Computer Science, Software Engineering, or a related discipline5+ years of working experience inJavaSpring BootSpringMVC or Spring WebFluxSpring SecurityJPAExcellent communication skillsGood interpersonal skills, adaptability and team spiritFluency in English...then this position is suitable for you! It would also be a plus if you had :Experience in KotlinExperience in Nimbus JWTThis position comes with Competitive compensation packagesContinuous learning (with the most modern methods - unlimited access to Udemy for Business), and fast career growthInteresting and challenging tasks within large-scale projectsAn international dynamic within a fast-paced working environmentThe opportunity to work in a diverse environment with talented colleaguesAdditional InformationWe ensure equal opportunities, treatment, and consideration for all candidates. Discrimination based on sex, racial or ethnic origin, religion or belief, disability, age, sexual orientation or marital status, physical or mental disability, or any other factor protected by applicable laws and regulations is prohibited. At Netcompany-Intrasoft we respect human rights as part of our culture, and we focus on creating a positive workplace in which all employees are valued and where diversity and inclusivity are welcomed.The safety and well-being of our employees remain our top priority. Please note that Netcompany-Intrasoft's recruitment process is being conducted virtually due to preventive measures against the Covid-19 pandemic.#LI-Hybrid #LI-KA1 #LI-ZS1Our cultureOur people are the most important element of our success. Our work life is well defined by our set of fundamental Values: https://bit.ly/3SSbBzU  #BePartOfSomethingGreat!*Please submit your CV in EnglishAll applications will be treated as strictly confidential.",,Full-time,"Thessaloniki, Greece",EL,2024-08-25,kariera.gr,134041,,"['http://data.europa.eu/esco/skill/07e51c60-763a-4335-b4ec-70a15f66d328', 'http://data.europa.eu/esco/skill/23ac233d-84ad-4517-b0f5-8ca19ba2614e', 'http://data.europa.eu/esco/skill/385479b7-5da5-4367-9763-0d15b41bb65b', 'http://data.europa.eu/esco/skill/49de9958-2aa4-4eef-a89d-fe5d5bcd28c4']",['http://data.europa.eu/esco/occupation/57af9090-55b4-4911-b2d0-86db01c00b02']
3374,Software Engineer (EU Digital Identity),"Company DescriptionWe are Netcompany-Intrasoft, a leading European IT Solutions and Services Group with strong international presence and expertise, offering innovative and added-value solutions of the highest quality to a wide range of international and national public and private organizations. More than 500 organizations in over 70 countries worldwide have chosen the company's services and solutions to fulfill their business needs.For more information regarding our company, current projects, and openings around Europe, please consult our website: www.netcompany-intrasoft.com.Job DescriptionA day in the life of a Software Engineer (EU Digital Identity)As a Software Engineer, you will be part of a high-performing, cross-functional and Agile team responsible for building a digital ID and personal digital wallet for EU citizens, residents and businesses. The EU Digital Identity Wallet will be a secure and easy way for European citizens, residents and businesses to prove who they are when accessing digital services. The wallet app will enable every user to safely obtain, store, share important digital documents and electronically sign or seal documents.Your main duties will be to: Design, develop and maintain the wallet's related services with Java and KotlinWork with Spring, Spring BootGet exposure to a variety of protocols and standards like OAUTH2 & OpenID Connect, JWS/JWK/JWT, basic public cryptography, OpenID for Verifiable Issuance, OpenID for Verifiable Presentation, Presentation ExchangeParticipate in the technical analysis, documentation, implementation, and integrationTest and manage early life support of core software tools and assets produced in the context of software development projectsBy joining Netcompany - Intrasoft, a leading IT company, you will be part of a hub of 1.700+ tech enthusiasts in Greece. You will work using cutting-edge technologies that contribute to the design and delivery of solutions and products for challenging, large-scale IT projects, that affect the lives of millions of citizens around the globe.QualificationsIf you have :Degree in Computer Science, Software Engineering, or a related discipline5+ years of working experience inJavaSpring BootSpringMVC or Spring WebFluxSpring SecurityJPAExcellent communication skillsGood interpersonal skills, adaptability and team spiritFluency in English...then this position is suitable for you! It would also be a plus if you had :Experience in KotlinExperience in Nimbus JWTThis position comes with Competitive compensation packagesContinuous learning (with the most modern methods - unlimited access to Udemy for Business), and fast career growthInteresting and challenging tasks within large-scale projectsAn international dynamic within a fast-paced working environmentThe opportunity to work in a diverse environment with talented colleaguesAdditional InformationWe ensure equal opportunities, treatment, and consideration for all candidates. Discrimination based on sex, racial or ethnic origin, religion or belief, disability, age, sexual orientation or marital status, physical or mental disability, or any other factor protected by applicable laws and regulations is prohibited. At Netcompany-Intrasoft we respect human rights as part of our culture, and we focus on creating a positive workplace in which all employees are valued and where diversity and inclusivity are welcomed.The safety and well-being of our employees remain our top priority. Please note that Netcompany-Intrasoft's recruitment process is being conducted virtually due to preventive measures against the Covid-19 pandemic.#LI-Hybrid #LI-KA1 #LI-ZS1Our cultureOur people are the most important element of our success. Our work life is well defined by our set of fundamental Values: https://bit.ly/3SSbBzU  #BePartOfSomethingGreat!*Please submit your CV in EnglishAll applications will be treated as strictly confidential.",,Full-time,"Patra, Greece",EL,2024-08-25,kariera.gr,134040,,"['http://data.europa.eu/esco/skill/07e51c60-763a-4335-b4ec-70a15f66d328', 'http://data.europa.eu/esco/skill/23ac233d-84ad-4517-b0f5-8ca19ba2614e', 'http://data.europa.eu/esco/skill/385479b7-5da5-4367-9763-0d15b41bb65b', 'http://data.europa.eu/esco/skill/49de9958-2aa4-4eef-a89d-fe5d5bcd28c4']",['http://data.europa.eu/esco/occupation/57af9090-55b4-4911-b2d0-86db01c00b02']
3375,Senior Full Stack Engineer,"Join INTRALOT as a Senior Software Engineer \n\nYour Role: As a Senior Software Engineer at INTRALOT, you'll lead the charge in crafting exceptional digital experiences. You'll be at the heart of our development efforts, leveraging cutting-edge technologies to deliver robust solutions.\n\nYour Responsibilities:\n\n Spearhead the development life cycle, from concept to deployment, focusing on coding excellence and rigorous testing.\n Architect scalable solutions to accommodate fluctuating user demands and evolving business requirements.\n Mentor and collaborate with a talented team of developers, sharing your expertise and fostering a culture of continuous improvement.\n Champion best practices in coding, testing, and deployment, driving innovation and efficiency.\n Collaborate closely with cross-functional teams to ensure alignment with strategic objectives and technical standards.\n\nYour Qualifications:\n\n Bachelor's or Master's Degree in Computer Science, Software Engineering, or a related field.\n 5+ years of hands-on experience in Software Development, with a strong emphasis on web applications.\n Expertise in Javascript (ES6+), React.JS, Redux, and Node.js, with a proven track record of delivering complex projects.\n Deep understanding of relational databases and proficiency in SQL.\n Strong grasp of RESTful APIs and modern web development principles.\n Proficiency in version control systems, particularly Git.\n Excellent communication skills, with fluency in both Greek and English.\n\n\nAbout Us: INTRALOT, a publicly listed company established in 1992, is a leading gaming solutions supplier and operator active in 39 regulated jurisdictions worldwide. With a global workforce of approximately 1,700 employees, INTRALOT is committed to redefine innovation and quality of services in the lottery and gaming sector, while supporting operators in raising funds for good causes. In 2023, INTRALOT was distinguished as a top ten most attractive employer brands in Greece.\n\nINTRALOT has been awarded the prestigious WLA Responsible Gaming Framework Certification by the World Lottery Association. We always act with integrity and enjoy what we do.\n\n\nWhy Join Us:\n A competitive compensation package combined with additional benefits.\n Hybrid working model.\n Private Insurance for you and your family. \n Modern facilities, parking inside, enticing restaurant and corporate bus.\n An extensive training program upon induction and throughout employment.\n Exceptional opportunities to learn and develop in a multinational environment.\n Prospects for professional growth both locally and globally. \n\n Equal Opportunity Employer: We celebrate diversity and are proud to be an Equal Opportunity Employer. We welcome applicants from all backgrounds and do not discriminate based on race, color, religion, gender, sexual orientation, national origin, age, marital status, medical condition, disability, or any other protected status. Our premises in Paiania, Attica, are accessible to individuals with disabilities.",,Full-time,"Paiania, Greece",EL,2024-08-25,kariera.gr,148435,,"['http://data.europa.eu/esco/skill/0550431f-9c8b-4204-9c45-59bc5feacf06', 'http://data.europa.eu/esco/skill/0ee94c0a-3716-494a-95a2-dcbab9e58be2', 'http://data.europa.eu/esco/skill/3cd569a2-4f88-4c1e-9995-8dce8c5e51a7', 'http://data.europa.eu/esco/skill/5bac4bcc-1846-4688-ba02-ad2b51544282', 'http://data.europa.eu/esco/skill/e24377fb-020b-4430-8bed-86dd539bbf3a']","['http://data.europa.eu/esco/occupation/50af07f0-7a75-424e-a66d-5a9deea10f4c', 'http://data.europa.eu/esco/occupation/57af9090-55b4-4911-b2d0-86db01c00b02', 'http://data.europa.eu/esco/occupation/d18a8976-a283-42ad-9541-75c49396dbd7', 'http://data.europa.eu/esco/isco/C2512']"
3413,DevOps Engineer,"\n Join INTRALOT as a DevOps Engineer!\n\nEmpower Innovation. Drive Impact. Shape the Future.\nAre you a passionate DevOps professional ready to take the next step in your career? At INTRALOT, we're not just building infrastructure - we're transforming the gaming industry with scalable, reliable, and cutting-edge systems.\nHere's your chance to make a difference and grow with a dynamic team that thrives on innovation and collaboration.\n\nWhat You'll Do\nAs a DevOps Engineer, you'll play a vital role in enhancing operations and contributing to the delivery of high-quality software. Your contributions will make a difference as you:\n Support Scalable Systems - Contribute to the design and maintenance of secure, robust, and high-performance infrastructure for our global gaming platforms.\n⚙️ Drive Automation - Help implement and refine CI/CD pipelines using tools like Jenkins, GitHub Actions, or CircleCI.\n Manage the Cloud - Assist in maintaining cloud environments (AWS or Azure) to ensure efficiency and scalability.\n Leverage Containers - Optimize and manage containerized applications using Docker and Kubernetes.\n Support Infrastructure as Code (IaC) - Collaborate on infrastructure provisioning and configuration with tools like Terraform and Ansible.\n Monitor Effectively - Develop and maintain monitoring, logging, and alerting systems with Prometheus, Grafana, and ELK.\n Work with Data Streams - Help optimize real-time data flows and messaging systems with Kafka.\n Collaborate Across Teams - Work closely with software teams to promote a DevOps-first culture.\n\n\nWhat You'll Bring\nWe're looking for an enthusiastic and driven individual with:\n Experience: 2+ years in a DevOps or related role.\n☁️ Cloud Knowledge: Hands-on experience with AWS or Azure.\n Scripting Skills: Proficiency in scripting/programming languages like Python, Bash, or Go.\n Containerization: Familiarity with Docker and Kubernetes.\n⚡ IaC Basics: Experience with tools like Terraform and Ansible.\n CI/CD Enthusiasm: Exposure to CI/CD tools such as Jenkins, GitHub Actions, or Bamboo.\n️ Monitoring Skills: Experience with monitoring and logging tools like Prometheus and Grafana.\n Communication: Strong collaboration and communication skills in both Greek and English.\n\nAbout Us: INTRALOT, a publicly listed company established in 1992, is a leading gaming solutions supplier and operator active in 39 regulated jurisdictions worldwide. With a global workforce of approximately 1,700 employees, INTRALOT is committed to redefine innovation and quality of services in the lottery and gaming sector, while supporting operators in raising funds for good causes. In 2023, INTRALOT was distinguished as a top ten most attractive employer brands in Greece.\nINTRALOT has been awarded the prestigious WLA Responsible Gaming Framework Certification by the World Lottery Association. We always act with integrity and enjoy what we do.\n\nWhy Join Us:\n A competitive compensation package combined with additional benefits.\n Hybrid working model.\n Private Insurance for you and your family.\n Modern facilities, parking inside, enticing restaurant and corporate bus.\n An extensive training program upon induction and throughout employment.\n Exceptional opportunities to learn and develop in a multinational environment.\n Prospects for professional growth both locally and globally.\n\nEqual Opportunity Employer:\n We celebrate diversity and are proud to be an Equal Opportunity Employer. We welcome applicants from all backgrounds and do not discriminate based on race, color, religion, gender, sexual orientation, national origin, age, marital status, medical condition, disability, or any other protected status. Our premises in Paiania, Attica, are accessible to individuals with disabilities. Join us in shaping the future of gaming and lottery solutions!",N/A,Full-time,"Paiania, Greece",EL,2025-03-01,kariera.gr,148123,,"['http://data.europa.eu/esco/skill/19a8293b-8e95-4de3-983f-77484079c389', 'http://data.europa.eu/esco/skill/43ae58b9-5e56-4524-b45a-b422777a0576', 'http://data.europa.eu/esco/skill/598de5b0-5b58-4ea7-8058-a4bc4d18c742', 'http://data.europa.eu/esco/skill/5bac4bcc-1846-4688-ba02-ad2b51544282', 'http://data.europa.eu/esco/skill/7557f0f4-b8bc-4ac0-b91e-222ab1ba744f', 'http://data.europa.eu/esco/skill/9a42bdc6-8496-4874-b9f5-b48207a85282', 'http://data.europa.eu/esco/skill/c3404999-faaa-4779-9cbf-e594b9c4d3b6', 'http://data.europa.eu/esco/skill/ccd0a1d9-afda-43d9-b901-96344886e14d', 'http://data.europa.eu/esco/skill/e24377fb-020b-4430-8bed-86dd539bbf3a', 'http://data.europa.eu/esco/skill/f0de4973-0a70-4644-8fd4-3a97080476f4', 'http://data.europa.eu/esco/skill/f206e732-110c-47ce-a53f-f00c9d97c90d', 'http://data.europa.eu/esco/skill/f9a6f35b-01a7-40c9-8b61-b6ee46f97272', 'http://data.europa.eu/esco/skill/0c15aa34-6977-4da7-b1f0-2ba6a582ef1b', 'http://data.europa.eu/esco/skill/6f8a40d6-f9ce-43ec-a72f-d4213a53f3ed', 'http://data.europa.eu/esco/skill/c13fb093-5ffb-491a-b8b7-fa2d42a57e2e']","['http://data.europa.eu/esco/occupation/2082e125-d06b-43e6-957f-b7aa3c48dc2f', 'http://data.europa.eu/esco/occupation/3d190639-90f8-4402-b1b3-a104a17e0d67', 'http://data.europa.eu/esco/occupation/50af07f0-7a75-424e-a66d-5a9deea10f4c', 'http://data.europa.eu/esco/occupation/8cb59bc4-1f39-477e-beea-effed12d186c', 'http://data.europa.eu/esco/occupation/cc867bee-ab5c-427f-9244-f7a204d9574b', 'http://data.europa.eu/esco/occupation/d18a8976-a283-42ad-9541-75c49396dbd7', 'http://data.europa.eu/esco/isco/C214', 'http://data.europa.eu/esco/isco/C7317', 'http://data.europa.eu/esco/occupation/781a6350-e686-45b9-b075-e4c8d5a05ff7']"
3553,Sales and Tenders Engineer,"The OLYMPIOS Group of companies, having successfully implemented over 120 water resources network management and modernization projects, and with strong partnerships in Greece and abroad, continues to expand to the entire spectrum of smart cities.
The OLYMPIOS Group of companies, founded in 1997, is a leader in the design, development and implementation of complex and sustainable technological solutions in the fields of energy, water supply, drainage, irrigation, the environment and smart cities. We develop and adopt smart and innovative cutting-edge technologies by synchronizing the fields of Information Technology and Operational Technology, to guide our clients into the new digital reality in our areas of expertise. We study, design, implement, operate and maintain public and private projects, providing technological equipment and software products, as well as integrated solutions and services. The reliability of the Olympios Group of Companies is based on our many years of experience, the constant study and understanding of technological developments as well as the excellent training of the professionals who staff its companies. 
As part of the development of the Commercial Department, we are looking for a Sales and Tenders Engineer.
Main Responsibilities:

Monitoring announcements and maintaining a record of participation in competitions
Preparation of dossiers for participation in competitions mainly in Greece and secondarily abroad
Compilation of technical specifications of E/M equipment
Compilation and monitoring of offers
Monitor competition and market trends
Evaluation of manufacturers, suppliers
Conduct market research to find new products
Customer retention and development
Developing and maintaining relationships with foreign construction companies and customers

Candidate Profile:

University/Tei Engineering Degree
Experience in the tender submission department of a public technical/construction/contracting company
Knowledge of relevant legislation (L.4412/2016)
Excellent computer knowledge and experience using ERP systems
Excellent knowledge of Greek & English
Business and commercial concept
Organizational skills, methodical
Focus on detail and results
Ability to develop interpersonal relationships
Communication and negotiation skills
Cooperation and Teamwork
Ability to meet deadlines and perform under pressure
Confidentiality

Interested parties who necessarily meet the above criteria are requested to send their CV with the reference ""TndEng0824"".",Mid-level,Full-time,"Agia Paraskevi, Greece",EL,2024-08-24,kariera.gr,164858,,"['http://data.europa.eu/esco/skill/082967d4-b94c-4305-aa13-35a6aa8c5c7c', 'http://data.europa.eu/esco/skill/0da516ee-e70e-4384-be13-f5ff80be8127', 'http://data.europa.eu/esco/skill/103f7814-d262-4df6-a1b6-759bc51f76cb', 'http://data.europa.eu/esco/skill/15d76317-c71a-4fa2-aadc-2ecc34e627b7', 'http://data.europa.eu/esco/skill/189777b9-6e95-4f76-b8db-f8e0f0477bc6', 'http://data.europa.eu/esco/skill/450de541-797a-4da0-9fe4-a81471c8047d', 'http://data.europa.eu/esco/skill/4c216189-4116-4e49-9557-8360378ea717', 'http://data.europa.eu/esco/skill/5c8aa481-9e7c-4f32-8197-a8b0fd7ca186', 'http://data.europa.eu/esco/skill/63f224ea-d889-42ea-b3ef-730ef78c7176', 'http://data.europa.eu/esco/skill/677d5144-4c77-4f8d-afc7-116f4bc0e660', 'http://data.europa.eu/esco/skill/6f6163dc-a801-416c-86e9-ce857d71c24d', 'http://data.europa.eu/esco/skill/726abd5a-d23c-44b9-abb0-f22bbe95f1d3', 'http://data.europa.eu/esco/skill/7954861c-86d4-4529-afbb-2c23dab9ac74', 'http://data.europa.eu/esco/skill/8d1dc94c-d8e1-4ce6-92d5-a17ec0543dc9', 'http://data.europa.eu/esco/skill/91abe492-18be-4cce-93c7-0dca07072363', 'http://data.europa.eu/esco/skill/e37d64dc-0f05-4ee8-b065-bf76f70d8f5c', 'http://data.europa.eu/esco/skill/ea4ebfa1-e17a-4416-ac54-955f33e6ade7', 'http://data.europa.eu/esco/skill/ed1fbdc3-1071-423c-9bb4-e3288ca6d1fe', 'http://data.europa.eu/esco/skill/fe77f9ca-7bd2-4a68-98f4-8463a4fb8301']","['http://data.europa.eu/esco/occupation/2d3d7188-47ab-49b9-9045-e452d9db06f1', 'http://data.europa.eu/esco/occupation/53a362a4-4c83-4ce2-837f-d1faba4cd247', 'http://data.europa.eu/esco/occupation/66fb9704-0d56-4673-8e69-7823816b73e1', 'http://data.europa.eu/esco/occupation/6cd08cbe-7611-4d70-8886-6c59c0385442', 'http://data.europa.eu/esco/occupation/ef53663e-c295-43a4-a48e-84254270b138', 'http://data.europa.eu/esco/occupation/fb18dfef-2b90-4219-8b39-a5fcddb8f238', 'http://data.europa.eu/esco/isco/C2433', 'http://data.europa.eu/esco/isco/C3511']"
4045,Software Engineer (On Computer Vision and Image Processing),"Join INTRALOT as a Software Engineer (on Image Processing and Computer Vision)!\nYour Role:\nAs a Software Engineer on Computer Vision at INTRALOT, you'll play a pivotal role in our Hardware Systems\n\nMore specifically, some of your main tasks will be: \nUse Linux for embedded programming, development, and deployment environments.Implement real-world image processing applications on constraint systems, with minimal resources, heavy optimizations, and adverse environmental/imaging conditions.Be capable of Production quality coding in C/C++ and tooling/prototyping in Python.Be proficient in classic ML, Classification, Optimization algorithms and CNNs.Have familiarity with frameworks like Tensorflow Lite/Micro, other TinyML tools will be an asset.To get this role, you should match the following criteria:\nHave a University Degree in Electronic/Electrical Engineering, Machine Vision, Computer Engineering or relevant technology fieldExcellent software development skills on image processing Have at least 2 years of working experience in similar position (computer visions/ image processing) Possess excellent written and verbal communication skills in EnglishAdaptive, strong interpersonal skills - team player.\n\nOn the personal side: \nApart from being an excellent Software Engineer you have developed your analytical skills.You do not mind working under pressure to meet tight deadlines, whenever needed ... in our Company, we work, above everything else, as a TEAM. You are an excellent team player (and able to work independently as well when time comes!)\n\nAbout Us: INTRALOT, a publicly listed company established in 1992, is a leading gaming solutions supplier and operator active in 39 regulated jurisdictions worldwide. With a global workforce of approximately 1,700 employees, INTRALOT is committed to redefine innovation and quality of services in the lottery and gaming sector, while supporting operators in raising funds for good causes. In 2023, INTRALOT was distinguished as a top ten most attractive employer brands in Greece.\nINTRALOT has been awarded the prestigious WLA Responsible Gaming Framework Certification by the World Lottery Association. We always act with integrity and enjoy what we do.\n\nWhy Join Us:\n A competitive compensation package combined with additional benefits.\n Hybrid working model.\n Private Insurance for you and your family. \n Modern facilities, parking inside, enticing restaurant and corporate bus.\n An extensive training program upon induction and throughout employment.\n Exceptional opportunities to learn and develop in a multinational environment.\n Prospects for professional growth both locally and globally. \nEqual Opportunity Employer: We celebrate diversity and are proud to be an Equal Opportunity Employer. We welcome applicants from all backgrounds and do not discriminate based on race, color, religion, gender, sexual orientation, national origin, age, marital status, medical condition, disability, or any other protected status. Our premises in Paiania, Attica, are accessible to individuals with disabilities. Join us in shaping the future of gaming and lottery solutions!",,Full-time,"Athens, Greece",EL,2024-08-22,kariera.gr,154937,,"['http://data.europa.eu/esco/skill/0ee9e985-0ee5-4a73-8a12-78b53b261bb2', 'http://data.europa.eu/esco/skill/1d86f05e-e9cc-40ce-99d8-2b21cc71b16b', 'http://data.europa.eu/esco/skill/2180bd8c-86de-4889-8165-adac902eee9d', 'http://data.europa.eu/esco/skill/5bac4bcc-1846-4688-ba02-ad2b51544282', 'http://data.europa.eu/esco/skill/89f6560b-2194-45c9-9ece-d33049a73eef', 'http://data.europa.eu/esco/skill/e24377fb-020b-4430-8bed-86dd539bbf3a']","['http://data.europa.eu/esco/occupation/1c5a45b9-440e-4726-b565-16a952abd341', 'http://data.europa.eu/esco/occupation/50af07f0-7a75-424e-a66d-5a9deea10f4c', 'http://data.europa.eu/esco/occupation/57af9090-55b4-4911-b2d0-86db01c00b02', 'http://data.europa.eu/esco/occupation/92bb3d8c-8a9f-4cd7-80ec-247bbf173004', 'http://data.europa.eu/esco/occupation/d18a8976-a283-42ad-9541-75c49396dbd7']"
4144,Senior Software Engineer,"OPENVIEW Technology is looking for partners to fill the position of Senior Software Engineer.
The successful candidate will play an active role in project analysis, development, and implementation of integrated solutions for large organizations and enterprises.
Ideally, they should possess experience in the analysis of business and functional requirements for relevant projects and, if at all possible, acquire skills in the implementation of projects using Microsoft .NET technology, C #, and SQL Server/Oracle Database. Communication competencies with Business Managers and client development teams would also be essential.
 
Qualifications

Higher Education Degree in Computer Science (CS) or other similar industry.
At least five years of experience in developing and implementing projects on the Microsoft .NET Framework platform.
Expertise in object-oriented design, database design, and XML Schema.
Experience in SQL Server and ORACLE databases.
Very good written and verbal communication and computer terminology for both Greek and English.

Responsibilities

Write  clean, high-quality, high-performance, maintainable code
Develop and support software, including applications, database integration, interfaces, and new functionality enhancements
Coordinate cross-functionally to ensure the project meets business objectives and compliance standards
Support testing and deployment of new products and features
Participate in code reviews

Company Offers 
OPENVIEW Technology offers a full-time job and an attractive competitive package based on qualifications and experience.
The company has many years of experience in developing software for large information systems. It offers the possibility of working with colleagues who are ranked among the best in the market, and the opportunity to work in the most prominent organizations and projects in Greece.",Senior,Full-time,"Agios Dimitrios, Greece",EL,2024-08-21,kariera.gr,164469,,"['http://data.europa.eu/esco/skill/23ac233d-84ad-4517-b0f5-8ca19ba2614e', 'http://data.europa.eu/esco/skill/23b45aa6-a479-486d-9e6f-062cbab7c68a', 'http://data.europa.eu/esco/skill/4c016b68-4116-468c-9dc6-42710c239e4a', 'http://data.europa.eu/esco/skill/633a3637-2c6b-40ae-ac38-289eb2a62aa6', 'http://data.europa.eu/esco/skill/8813bf9b-86f3-47d1-849d-399121e6d429', 'http://data.europa.eu/esco/skill/b17f4305-741a-4a1c-8fe8-6f11cb3d5c0a', 'http://data.europa.eu/esco/skill/de9f85ba-e77f-48fd-8c66-f5ebaf32d655']","['http://data.europa.eu/esco/occupation/3d190639-90f8-4402-b1b3-a104a17e0d67', 'http://data.europa.eu/esco/occupation/cd7b838c-51f6-41ec-9067-bb974c0f991b', 'http://data.europa.eu/esco/occupation/f2b15a0e-e65a-438a-affb-29b9d50b77d1']"
4176,(Senior) Software Engineer,"These are just some of the tasks you may work on as a Senior Software Engineer at OpenBet.

Work as part of a self-organising Agile team to develop new features and functionality for large scale betting websites;
Participate in code reviews;
Design solutions that are modular, scalable and portable;
Work to improve overall system architecture and design components accordingly;
Answer business stakeholders' queries about the platform;
Investigate and develop performance improvements to the platform;
Develop new solutions to resolve ongoing issues with the platform;
Work with different partners to solve integration issues;
Assist the support team in investigating production issues.
Produce robust, clear, polished code using practices like Test-Driven Development (TDD);
Extract and capture customer requirements using processes like BDD.

Why would you enjoy working with us at OpenBet?

Competitive benefits, including pension plan and private insurance for you and your family members as well as extra leave days for volunteering and other purposes.
The opportunity to work within a truly international Company, where you can expect the diversity and the opportunities of the world, mixed with a people friendly culture.
A wide palette of training opportunities and internal and external learning sources, from onboarding, to on-the-job training by our subject matter experts.
As a software house, we have a relaxed but highly professional environment with excellent facilities available, including on-site canteen & gym, showers, video, board and electronic sports games as well as lending library.
We love to get together and throw a number of group events, to celebrate new comers, enjoy some good meals together and show off our sport talents as part of company tournaments (basketball, table tennis and others!).





If you are the right candidate for us you will be able to demonstrate: 

A bachelor’s degree in a traditional science subject, ideally computer science, engineering, or information systems from a well-regarded university;
Demonstrable coding talent in at least one major language (Java, J2EE, C, C++, C#, Python or PHP);
Demonstrable experience in large scale system design and application Performance tuning;
Database design/optimisation experience (any vendor);
Ability to learn and be productive with new technologies quickly;
Excellent communication skills, both written and spoken;
A “can do” attitude and out-of-the-box thinking;
Experience of informally coaching and leading less experienced Software Engineers.
Challenges the status quo & looks for new and innovative ways of doing things.

It would also be great to see these skills/experiences as well:

Familiarity developing on Unix/Linux;
Scripting skills: Bash, Perl, Python, and JavaScript;
Knowledge on CI or CD and the associated tools;
Test automation experience (unit test or other);
Experience on Web technologies and internet protocols (Apache, SOAP, WS-*, ReST, XML, HTTP, TCP/IP, websockets)
Web development skills: HTML5, JavaScript, CSS.",Senior,Full-time,"Marousi, Greece",EL,2024-08-21,kariera.gr,164426,,"['http://data.europa.eu/esco/skill/0e0c9c11-b39e-43cf-ba95-2fe646f5de64', 'http://data.europa.eu/esco/skill/19a8293b-8e95-4de3-983f-77484079c389', 'http://data.europa.eu/esco/skill/2d667669-e738-41d2-8b6d-ff53fa952564', 'http://data.europa.eu/esco/skill/401eb8d8-6daa-4f8b-90ad-60afc71eb4f8', 'http://data.europa.eu/esco/skill/4c016b68-4116-468c-9dc6-42710c239e4a', 'http://data.europa.eu/esco/skill/4f6e68b2-85c8-446e-a96d-b306ec7e0091', 'http://data.europa.eu/esco/skill/a472a200-d895-40ca-95e7-5c5495e3dd7c', 'http://data.europa.eu/esco/skill/a4881e54-6055-4e61-855a-0a56ced7cfa3', 'http://data.europa.eu/esco/skill/b633eb55-8f1f-4ae6-ab4c-2022ffe2cb7f', 'http://data.europa.eu/esco/skill/ccd0a1d9-afda-43d9-b901-96344886e14d', 'http://data.europa.eu/esco/skill/dbfa035c-d5b6-4b93-b048-9d5024cdab9e']","['http://data.europa.eu/esco/occupation/96e88e86-f2c7-42e6-a2b2-17e4f08d4ee0', 'http://data.europa.eu/esco/occupation/c40a2919-48a9-40ea-b506-1f34f693496d', 'http://data.europa.eu/esco/occupation/ceda53cd-3f1f-425b-bd1b-c4fa17254680', 'http://data.europa.eu/esco/isco/C214', 'http://data.europa.eu/esco/isco/C2512']"
4216,MAINTENANCE TECHNICIAN - N. ATTICA,"MGD Energy SA is a Greek company providing integrated electricity services with subsidiaries operating in Greece and the Balkans. In its 10-year history, MGD Energy SA has designed and implemented high-quality RES projects, both in Greece and abroad. The company is active in two main sectors, in the Study, Construction and Maintenance of Photovoltaic Power Plants and in the Study, Construction of Electromechanical Systems. MGD Energy SA, based on its deep knowledge of the subject, invests in innovation, researches and develops products and applications that constantly upgrade its services in a field that defines the future.
In the context of dynamic development of its activities, MGD Energy SA is looking for:
Field Electrical Engineer
Position Duties

Performing Preventive Maintenance work on Photovoltaic stations within Attica or neighboring Regional units
Restoration of Damage to Photovoltaic stations within Attica or neighboring Regional Units
Implementation of Maintenance Programs based on the instructions of the Maintenance Department Manager
Update tasks through company software

Required Qualifications

Degree in Electrical Engineering TEI/HEI
Ability to manage multiple tasks and organize them based on priorities
Communication skills and written communication


Possibility of trips outside the prefecture
Driving License B

 
 
Additional Features

Previous experience in a similar position will be appreciated.
Group 4 Electrician's license preferred.

 The company offers a competitive salary package, as well as the opportunity for continuous training and development.
Please send your CV to the email: info@mgd-energy.gr",Mid-level,Full-time,"Marousi, Greece",EL,2024-08-21,kariera.gr,164380,,"['http://data.europa.eu/esco/skill/0b144726-21c2-46ed-8d13-c03d27f61604', 'http://data.europa.eu/esco/skill/0e161427-3369-47c0-8669-9e226207f6d0', 'http://data.europa.eu/esco/skill/2bbdea06-a265-42b5-bb4f-7241b661f069', 'http://data.europa.eu/esco/skill/33784b61-bd86-4451-8a89-741ada5f8475', 'http://data.europa.eu/esco/skill/63f224ea-d889-42ea-b3ef-730ef78c7176', 'http://data.europa.eu/esco/skill/c5bc42be-4970-4dce-80e2-af78bae42e84']","['http://data.europa.eu/esco/occupation/1488589a-7b83-471d-b094-492f5616f4e0', 'http://data.europa.eu/esco/occupation/6cd08cbe-7611-4d70-8886-6c59c0385442', 'http://data.europa.eu/esco/occupation/822bbc2d-bc6a-4fb5-afb8-89170120c6d8', 'http://data.europa.eu/esco/occupation/86ca306c-ab99-420a-9e2a-aa73c5c4de22', 'http://data.europa.eu/esco/occupation/b9836ed2-1ca7-49b4-9f0e-bb5d2ca14443', 'http://data.europa.eu/esco/isco/C334']"
4343,Senior Project Engineer,"Company DescriptionArchirodon, having earned its reputation as a reliable and respected international contractor for more than a half century in the Engineering, Procurement and Construction (EPC) market, continues to create value to its stakeholders by executing complex EPC projects worldwide, in recognition of its superior standards of performance.  We have an outstanding record in completing major Energy, Marine, Infrastructure and Defense & Security projects around the globe and we pride ourselves on delivering over the years the kind of reliability and trust that the client has the right to expect from a major EPC contractor.Job DescriptionWe are constantly growing and are currently looking for experienced Project Engineers to join our Energy Project Engineering Discipline of our Engineering Department in Athens. Build towards excellence and join our worldwide journey!Role Summary: You will be working with a team of highly knowledgeable professionals, and you will undertake and perform accurately and confidently engineering, coordination and project team supporting tasks throughout the stages of international Oil and Gas Projects from tendering to startup and operation, leading effectively other team members under responsibility.What will you need to do:Undertake the role of Project Engineering Manager, as may be required for Energy projects, and supervise the Project Engineering Team, including external consultants and Engineering Subcontractors as applicableUndertake the role of Project Engineering Coordinator, as may be required for Energy or Marine and Infrastructure projects, and coordinate the engineering disciplines, including external consultants and Engineering Subcontractors as applicableSupport the Project Engineering Manager in managing the day-to-day engineering activities for the assigned projectCoordinate the relevant discipline's activities and support the Project Engineering Managerin monitoring and reviewing engineering progressand controlling/ forecasting activities and deliverables according to scheduleMonitor the receipt and review cycle of 3rd parties (Engineering Subcontractors) and identify any problem areasExpedite the engineering activities towards meeting the scheduleContribute and record meeting notes for multidisciplinary meetingsWork in coordination with procurement and tendering departmentsReview and/or prepare key project documents (P&ID's, line list, equipment list etc.)Prepare other deliverables such as Material Requisitions, Scope of Work for services and Erection requisition for works, etc.Perform technical bid evaluations for vendor offers and technical review of vendor drawings and documentsFollow up the receipt and review cycle for vendor documents and identify any problem areasReview Engineering documents received by 3rd parties (Engineering Subcontractors / Vendors) and identify any problems/design issues.Work in accordance with the requirements of company IMS proceduresQualificationsBE or equivalent in Mechanical or Chemical Engineering, and MScPhD in relevant field of expertise would be a definite advantageMinimum 7 years of relevant experience (for candidates with no post-graduate studies, minimum 3 years for candidates with PhD) related to Oil & Gas Projects and detailed engineering experience in the field of expertise (mechanical or chemical engineering) with focus in Project EngineeringTechnical competence in project engineering with strong technical background, and advanced analytical skills in basic and detailed engineering design from project feasibility stage to plant commissioning and startupPrevious exposure to international environment will be considered an advantageExperience using relevant commercial software applicable to Oil & Gas projectsIn depth knowledge of international codes & standards, international design guidelines & recommendationsExperience in Environmental regulatory requirements (local, international), review and understanding of local Environmental Laws would be a definite advantageMobility is highly desirable to participate in working teams at Archirodon's project home offices throughout the countries that Archirodon executes its EPC projectsExcellent command (written and oral) of the English languageYou are someone who:Displays excellent interpersonal and communication skillsCan be counted on to achieve goals within schedule, demonstrating a fighting spirit and perseveranceIs keen to learn and professionally growIs flexible and eager to take initiativesDemonstrates sound Project Management SkillsIs effective at solving problems, troubleshooting and making timely decisionsDisplays a team spirit, particularly in a multicultural environmentIs commercially astuteAdditional InformationWhat's in it for you:Competitive salary and benefits are part of the offering, yet the real joy comes from being a member of smart and passionate teams within an international leading EPC group that supports impactful for the local communities' mega infrastructure development projects - literally around the globe - and encompasses a productive and human-centric culture caring for its people and their development!Please note that you will be contacted only if you are shortlisted for an interview. In the meantime, do not hesitate to stay in touch and keep monitoring our open vacancies and our LinkedIn page! Rest assured that your application will be treated with strict confidentiality and under all applicable data privacy regulations.",,Full-time,"Kropia, Greece",EL,2024-08-20,kariera.gr,160587,,"['http://data.europa.eu/esco/skill/1f1d2ff8-c4c1-45cc-9812-6a7ee84a73cb', 'http://data.europa.eu/esco/skill/3bc08c26-2f98-4730-bbb6-ec4a8566e3cf', 'http://data.europa.eu/esco/skill/3d427a49-4f85-42cd-8a92-62d4a34f41a1', 'http://data.europa.eu/esco/skill/4309a39d-af97-4e56-8d0e-5351b7b8dd01', 'http://data.europa.eu/esco/skill/6a899482-8bcf-40ca-ae67-579a1cc467ab', 'http://data.europa.eu/esco/skill/7111b95d-0ce3-441a-9d92-4c75d05c4388', 'http://data.europa.eu/esco/skill/a4346013-a967-4a58-a533-6b32ad1364c5', 'http://data.europa.eu/esco/skill/c565e722-0e14-4f57-99ff-267dd9ea2510', 'http://data.europa.eu/esco/skill/fc4fcb4b-993f-4f2c-b158-c2171ec18ed8']","['http://data.europa.eu/esco/occupation/1ff61522-8947-4c95-b589-cb0e0539a62b', 'http://data.europa.eu/esco/occupation/3f3748a7-4bb3-40b4-9ae3-1c5040c70f52', 'http://data.europa.eu/esco/occupation/42ff9e52-1f56-427d-b772-b9328c39b98a', 'http://data.europa.eu/esco/occupation/579254cf-6d69-4889-9000-9c79dc568644', 'http://data.europa.eu/esco/occupation/7569f423-2c37-49aa-947e-41acb66ec909', 'http://data.europa.eu/esco/occupation/76abbb82-c103-4d7a-a4c0-14dba4d6199a', 'http://data.europa.eu/esco/occupation/7843a4c6-a9f6-4095-94b9-45b384d4bd57', 'http://data.europa.eu/esco/occupation/b2cede50-82bb-4684-9f11-1930e12ad672', 'http://data.europa.eu/esco/occupation/bea99fea-0383-4c63-b944-70d4799de2c5', 'http://data.europa.eu/esco/occupation/cb4f98c8-6b8d-41d8-87eb-a2a2033a3a25', 'http://data.europa.eu/esco/occupation/ec21ce88-ce14-49b6-be0a-cc53cf5a3a67', 'http://data.europa.eu/esco/isco/C214', 'http://data.europa.eu/esco/isco/C3116']"
4344,Senior Mechanical Engineer,"Company DescriptionArchirodon, having earned its reputation as a reliable and respected international contractor for more than a half century in the Engineering, Procurement and Construction (EPC) market, continues to create value to its stakeholders by executing complex EPC projects worldwide, in recognition of its superior standards of performance.  We have an outstanding record in completing major Energy, Marine, Infrastructure and Defense & Security projects around the globe and we pride ourselves on delivering over the years the kind of reliability and trust that the client has the right to expect from a major EPC contractor.Job DescriptionWe are constantly growing and are currently looking for experienced Mechanical Engineers to join our Mechanical Engineering Discipline of our Engineering Department in Athens. Build towards excellence and join our worldwide journey!Role Summary: You will be working with a team of highly knowledgeable professionals, and you will undertake and perform accurately and confidently engineering, coordination and project team supporting tasks throughout the stages of international Oil and Gas, Power Plants, Energy, and Infrastructure Projects from tendering to startup and operation, leading effectively other team members under responsibility.What will you need to do:Assist the Mechanical Discipline Head in the performance of everyday work especially regarding internal co-ordination, external interfaces handling and Discipline Technical advancement and development.Review Mechanical documents received by 3rd parties (Engineering Subcontractors / Vendors) and identify any problems/design issues.Participate in meetings with CLIENT/SUBCONTRACTOR/VENDOR related to Mechanical Discipline issuesPrepare key project documents (like Specifications, Mechanical Data Sheets, Material Requisitions, Technical Bid Evaluations, Mechanical Studies etc.)Provide input data and contribution to other disciplines to develop their own deliverables such as Piping Drawings, Plot Plans/Layouts etc.Participate in projects tender stage. This includes reviewing of TENDER documentation, identify any points of concern/mismatches among tender documents, and inconsistencies/deviations with applicable Codes/Standards that could have a cost impact, prepare tender clarification forms for Mechanical related issues, etc.Perform technical bid evaluations for vendor offers and technical review of vendor drawings and documents.Work in accordance with the requirements of company IMS procedures.QualificationsBE or equivalent in Mechanical, and MScPhD in relevant field of expertise would be a definite advantageMinimum 7 years of relevant experience (for candidates with no post-graduate studies, minimum 3 years for candidates with PhD) related to Oil & Gas, Power Plants, Industrial Projects, and detailed engineering experience in the field of expertise (Mechanical engineering).Technical competence in Mechanical engineering with strong technical background in static, rotating equipment and mechanical packages, pipe stress analysis and HVAC installations. Advanced analytical skills in basic and detailed engineering design from project feasibility stage to plant commissioning and start up is considered as an asset of the candidate.Previous exposure to international environment will be considered an advantage.Experience using relevant CAD and Mechanical commercial software applicable to Oil & Gas and Power Plants projects (like AUTOCAD, CAESAR II, PVElite, AMETank, HAP, THERMOFLOW etc.).In depth knowledge of international codes & standards, international design guidelines & recommendations (like ASME, API, NFPA, ASHRAE, etc.).Experience in Machinery Safety Regulations (local, international).Mobility is desirable to participate in working teams at Archirodon's project home offices throughout the countries that Archirodon executes its EPC projects.Excellent command (written and oral) of the English language.You are someone who:Displays excellent interpersonal and communication skillsCan be counted on to achieve goals within schedule, demonstrating a fighting spirit and perseveranceIs keen to learn and professionally growIs flexible and eager to take initiativesIs effective at solving problems, troubleshooting and making timely decisionsDisplays a team spirit, particularly in a multicultural environmentIs commercially astuteAdditional InformationWhat's in it for you:Competitive salary and benefits are part of the offering, yet the real joy comes from being a member of smart and passionate teams within an international leading EPC group that supports impactful for the local communities' mega infrastructure development projects - literally around the globe - and encompasses a productive and human-centric culture caring for its people and their development!Please note that you will be contacted only if you are shortlisted for an interview. In the meantime, do not hesitate to stay in touch and keep monitoring our open vacancies and our LinkedIn page! Rest assured that your application will be treated with strict confidentiality and under all applicable data privacy regulations.",,Full-time,"Kropia, Greece",EL,2024-08-20,kariera.gr,160585,,"['http://data.europa.eu/esco/skill/1f1d2ff8-c4c1-45cc-9812-6a7ee84a73cb', 'http://data.europa.eu/esco/skill/3bc08c26-2f98-4730-bbb6-ec4a8566e3cf', 'http://data.europa.eu/esco/skill/3d427a49-4f85-42cd-8a92-62d4a34f41a1', 'http://data.europa.eu/esco/skill/6789d5a3-34ca-4417-bb93-331319b01da3', 'http://data.europa.eu/esco/skill/7c7d8588-5224-473c-bfe8-1fda049eeaaf', 'http://data.europa.eu/esco/skill/86065a19-7537-4bd5-b41c-7e0638d67b58', 'http://data.europa.eu/esco/skill/a2b5dcf3-5b6a-453d-876c-cff540c0faf1', 'http://data.europa.eu/esco/skill/a4346013-a967-4a58-a533-6b32ad1364c5', 'http://data.europa.eu/esco/skill/fc4fcb4b-993f-4f2c-b158-c2171ec18ed8']","['http://data.europa.eu/esco/occupation/24677ef2-512c-4f4a-bc1c-14bf374e9f22', 'http://data.europa.eu/esco/occupation/42ff9e52-1f56-427d-b772-b9328c39b98a', 'http://data.europa.eu/esco/occupation/53a362a4-4c83-4ce2-837f-d1faba4cd247', 'http://data.europa.eu/esco/occupation/579254cf-6d69-4889-9000-9c79dc568644', 'http://data.europa.eu/esco/occupation/7569f423-2c37-49aa-947e-41acb66ec909', 'http://data.europa.eu/esco/occupation/76abbb82-c103-4d7a-a4c0-14dba4d6199a', 'http://data.europa.eu/esco/occupation/7843a4c6-a9f6-4095-94b9-45b384d4bd57', 'http://data.europa.eu/esco/occupation/79f435d0-9bc6-4d25-a26a-acbe16569ebb', 'http://data.europa.eu/esco/occupation/bea99fea-0383-4c63-b944-70d4799de2c5', 'http://data.europa.eu/esco/occupation/cb4f98c8-6b8d-41d8-87eb-a2a2033a3a25', 'http://data.europa.eu/esco/isco/C3118']"
4345,Senior Process Engineer,"Company DescriptionArchirodon, having earned its reputation as a reliable and respected international contractor for more than a half century in the Engineering, Procurement and Construction (EPC) market, continues to create value to its stakeholders by executing complex EPC projects worldwide, in recognition of its superior standards of performance.  We have an outstanding record in completing major Energy, Marine, Infrastructure and Defense & Security projects around the globe and we pride ourselves on delivering over the years the kind of reliability and trust that the client has the right to expect from a major EPC contractor.Job DescriptionWe are constantly growing and are currently looking for experienced Mechanical Engineers to join our Mechanical Engineering Discipline of our Engineering Department in Athens. Build towards excellence and join our worldwide journey!Role Summary: You will be working with a team of highly knowledgeable professionals, and you will undertake and perform accurately and confidently engineering, coordination and project team supporting tasks throughout the stages of international Oil and Gas, Power Plants, Energy, and Infrastructure Projects from tendering to startup and operation, leading effectively other team members under responsibility.What will you need to do:Assist the Mechanical Discipline Head in the performance of everyday work especially regarding internal co-ordination, external interfaces handling and Discipline Technical advancement and development.Review Mechanical documents received by 3rd parties (Engineering Subcontractors / Vendors) and identify any problems/design issues.Participate in meetings with CLIENT/SUBCONTRACTOR/VENDOR related to Mechanical Discipline issuesPrepare key project documents (like Specifications, Mechanical Data Sheets, Material Requisitions, Technical Bid Evaluations, Mechanical Studies etc.)Provide input data and contribution to other disciplines to develop their own deliverables such as Piping Drawings, Plot Plans/Layouts etc.Participate in projects tender stage. This includes reviewing of TENDER documentation, identify any points of concern/mismatches among tender documents, and inconsistencies/deviations with applicable Codes/Standards that could have a cost impact, prepare tender clarification forms for Mechanical related issues, etc.Perform technical bid evaluations for vendor offers and technical review of vendor drawings and documents.Work in accordance with the requirements of company IMS procedures.QualificationsBE or equivalent in Mechanical, and MScPhD in relevant field of expertise would be a definite advantageMinimum 7 years of relevant experience (for candidates with no post-graduate studies, minimum 3 years for candidates with PhD) related to Oil & Gas, Power Plants, Industrial Projects, and detailed engineering experience in the field of expertise (Mechanical engineering).Technical competence in Mechanical engineering with strong technical background in static, rotating equipment and mechanical packages, pipe stress analysis and HVAC installations. Advanced analytical skills in basic and detailed engineering design from project feasibility stage to plant commissioning and start up is considered as an asset of the candidate.Previous exposure to international environment will be considered an advantage.Experience using relevant CAD and Mechanical commercial software applicable to Oil & Gas and Power Plants projects (like AUTOCAD, CAESAR II, PVElite, AMETank, HAP, THERMOFLOW etc.).In depth knowledge of international codes & standards, international design guidelines & recommendations (like ASME, API, NFPA, ASHRAE, etc.).Experience in Machinery Safety Regulations (local, international).Mobility is desirable to participate in working teams at Archirodon's project home offices throughout the countries that Archirodon executes its EPC projects.Excellent command (written and oral) of the English language.You are someone who:Displays excellent interpersonal and communication skillsCan be counted on to achieve goals within schedule, demonstrating a fighting spirit and perseveranceIs keen to learn and professionally growIs flexible and eager to take initiativesIs effective at solving problems, troubleshooting and making timely decisionsDisplays a team spirit, particularly in a multicultural environmentIs commercially astuteAdditional InformationWhat's in it for you:Competitive salary and benefits are part of the offering, yet the real joy comes from being a member of smart and passionate teams within an international leading EPC group that supports impactful for the local communities' mega infrastructure development projects - literally around the globe - and encompasses a productive and human-centric culture caring for its people and their development!Please note that you will be contacted only if you are shortlisted for an interview. In the meantime, do not hesitate to stay in touch and keep monitoring our open vacancies and our LinkedIn page! Rest assured that your application will be treated with strict confidentiality and under all applicable data privacy regulations.",,Full-time,"Kropia, Greece",EL,2024-08-20,kariera.gr,160584,,"['http://data.europa.eu/esco/skill/1f1d2ff8-c4c1-45cc-9812-6a7ee84a73cb', 'http://data.europa.eu/esco/skill/3bc08c26-2f98-4730-bbb6-ec4a8566e3cf', 'http://data.europa.eu/esco/skill/3d427a49-4f85-42cd-8a92-62d4a34f41a1', 'http://data.europa.eu/esco/skill/6789d5a3-34ca-4417-bb93-331319b01da3', 'http://data.europa.eu/esco/skill/7c7d8588-5224-473c-bfe8-1fda049eeaaf', 'http://data.europa.eu/esco/skill/86065a19-7537-4bd5-b41c-7e0638d67b58', 'http://data.europa.eu/esco/skill/a2b5dcf3-5b6a-453d-876c-cff540c0faf1', 'http://data.europa.eu/esco/skill/a4346013-a967-4a58-a533-6b32ad1364c5', 'http://data.europa.eu/esco/skill/fc4fcb4b-993f-4f2c-b158-c2171ec18ed8']","['http://data.europa.eu/esco/occupation/24677ef2-512c-4f4a-bc1c-14bf374e9f22', 'http://data.europa.eu/esco/occupation/42ff9e52-1f56-427d-b772-b9328c39b98a', 'http://data.europa.eu/esco/occupation/53a362a4-4c83-4ce2-837f-d1faba4cd247', 'http://data.europa.eu/esco/occupation/579254cf-6d69-4889-9000-9c79dc568644', 'http://data.europa.eu/esco/occupation/7569f423-2c37-49aa-947e-41acb66ec909', 'http://data.europa.eu/esco/occupation/76abbb82-c103-4d7a-a4c0-14dba4d6199a', 'http://data.europa.eu/esco/occupation/7843a4c6-a9f6-4095-94b9-45b384d4bd57', 'http://data.europa.eu/esco/occupation/79f435d0-9bc6-4d25-a26a-acbe16569ebb', 'http://data.europa.eu/esco/occupation/bea99fea-0383-4c63-b944-70d4799de2c5', 'http://data.europa.eu/esco/occupation/cb4f98c8-6b8d-41d8-87eb-a2a2033a3a25', 'http://data.europa.eu/esco/isco/C3118']"
4350,Software Engineer (React),"Join INTRALOT as a Software Engineer (React)!\nYour Role:\n\nAs a Software Engineer (React) at INTRALOT, you'll play a pivotal role in our Digital iLottery Projects!\n\nMore specifically, some of your main tasks will be: \n\n Participating in all phases of the development life cycle, focusing on coding and unit testing.\n Developing and maintaining functional and stable applications to meet company's needs.\n Designing and implementing highly scalable solutions for unpredictable traffic patterns.\n Following standard code practices and building reusable code and libraries for future use.\n Implementing security and data protection mechanisms.\n Optimizing the application for speed and scalability.\n Contributing to application strategy and planning.\nStaying up to date with emerging technologies and formulating concepts and ideas for additional products, tools and services to be provided.\nTo get this role, you should match the following criteria:\n\n You hold a University or College Degree in Computer Science, Software Engineering or relevant technology-related field.\n At least three (3) years of experience in Software Development.\n\n\n Strong working experience in Javascript (ES6), HTML5, CSS3, SASS and React.JS/MobX\n Experience in using version control software such as Git.\n Excellent understanding of the entire web development process (Design, Development and Deployment).You have an excellent command of the Greek & English language, both written and spoken\n  We work better as a TEAM. So, you also have to be an excellent team player.\n\nNice to have, but not necessary:\nExperience in developing and maintaining high-quality React Native applications using clean code.\n\nAbout Us: INTRALOT, a publicly listed company established in 1992, is a leading gaming solutions supplier and operator active in 39 regulated jurisdictions worldwide. With a global workforce of approximately 1,700 employees, INTRALOT is committed to redefine innovation and quality of services in the lottery and gaming sector, while supporting operators in raising funds for good causes. In 2023, INTRALOT was distinguished as a top ten most attractive employer brands in Greece.\nINTRALOT has been awarded the prestigious WLA Responsible Gaming Framework Certification by the World Lottery Association. We always act with integrity and enjoy what we do.\n\nWhy Join Us:\n A competitive compensation package combined with additional benefits.\n Hybrid working model.\n Private Insurance for you and your family. \n Modern facilities, parking inside, enticing restaurant and corporate bus.\n An extensive training program upon induction and throughout employment.\n Exceptional opportunities to learn and develop in a multinational environment.\n Prospects for professional growth both locally and globally. \nEqual Opportunity Employer: We celebrate diversity and are proud to be an Equal Opportunity Employer. We welcome applicants from all backgrounds and do not discriminate based on race, color, religion, gender, sexual orientation, national origin, age, marital status, medical condition, disability, or any other protected status. Our premises in Paiania, Attica, are accessible to individuals with disabilities. Join us in shaping the future of gaming and lottery solutions!",,Full-time,"Athens, Greece",EL,2024-08-20,kariera.gr,154404,,"['http://data.europa.eu/esco/skill/1110c92f-3059-445a-9436-0f4200d365f5', 'http://data.europa.eu/esco/skill/5bac4bcc-1846-4688-ba02-ad2b51544282', 'http://data.europa.eu/esco/skill/a56dec32-05ef-45de-a256-ee6741f356db', 'http://data.europa.eu/esco/skill/baf501a8-f0fe-4ad7-9b69-8e920fa1a87b', 'http://data.europa.eu/esco/skill/e24377fb-020b-4430-8bed-86dd539bbf3a', 'http://data.europa.eu/esco/skill/ea4ebfa1-e17a-4416-ac54-955f33e6ade7']","['http://data.europa.eu/esco/occupation/1619d7f3-7d95-407c-a20e-47745bfcde73', 'http://data.europa.eu/esco/occupation/30ed83ba-cc89-4d9f-a59d-5c783c1da56e', 'http://data.europa.eu/esco/occupation/50af07f0-7a75-424e-a66d-5a9deea10f4c', 'http://data.europa.eu/esco/occupation/57af9090-55b4-4911-b2d0-86db01c00b02', 'http://data.europa.eu/esco/occupation/d18a8976-a283-42ad-9541-75c49396dbd7']"
4372,.NET Software Engineer,"Epsilon Net S.A., the largest IT groups of companies in Greece and No.1 Best Workplace in Tech 2023, is seeking for the department of R&D, a .NET Software Engineer.
Responsibilities:

Design and development of new software products and components.
Build and maintain efficient and reliable code.
Provide solutions to technical problems.
Deliver work that concisely addresses outlined requirements within appropriate timeframes.
Upgrade specific information flow using new technologies and architecture.

Requirements:

BSc degree in Computer Science, Engineering or a related field.
3 - 4 years of experience in C# and ASP.NET Core.
Strong SQL Knowledge.
Experience with the development of web services (Web API, RESTFul).
Strong analytical and problem-solving skills.
Excellent command of the English language (written and verbal).
Passion for programming and IT technologies.
Ability to learn new technologies & methodologies.

Nice to have:

Experience with Blazor.

We Offer:

Multi-awarded working environment (10 Best Workplaces Hellas, 4 Best Workplaces Europe, 2 Best Workplaces™ for Women, 1 Best Workplace in Technology Awards).
Competitive remuneration package.
Ongoing training, opportunities & career development.
Private medical insurance.
Psychological support line.
Online personal- training programs.
Free participation in Epsilon Training & Epsilon College educational programs.
Remote working model.",Mid-level,Full-time,"Athens, Greece",EL,2024-08-20,kariera.gr,164172,,"['http://data.europa.eu/esco/skill/0d7f2cce-245a-4d02-9b8d-2e9946cc4c5d', 'http://data.europa.eu/esco/skill/14832d87-2f2f-4895-b290-e4760ebae42a', 'http://data.europa.eu/esco/skill/21d2f96d-35f7-4e3f-9745-c533d2dd6e97', 'http://data.europa.eu/esco/skill/49dd67a9-d0a6-4375-b856-85e09032fdac', 'http://data.europa.eu/esco/skill/5c8aa481-9e7c-4f32-8197-a8b0fd7ca186', 'http://data.europa.eu/esco/skill/7fc4c18a-68f3-425a-aadf-f83633be47a1', 'http://data.europa.eu/esco/skill/adc6dc11-3376-467b-96c5-9b0a21edc869', 'http://data.europa.eu/esco/skill/ddc3119d-1d6e-4324-9125-a3380d299ac5']","['http://data.europa.eu/esco/occupation/4e82464b-e9d7-4d51-9116-294ab40c5169', 'http://data.europa.eu/esco/occupation/cf2b03cd-feb7-4f47-90f6-ff1ed6016d3d', 'http://data.europa.eu/esco/occupation/e3229e40-f571-4b26-baca-29edc8fe313e', 'http://data.europa.eu/esco/isco/C214']"
4387,Software Engineer (.NET & Angular),"Welcome to IT Recruitment team, part of kariera.gr, where innovation meets talent. IT Recruitment team specializes in connecting top-tier technology professionals with forward-thinking companies. Whether you’’re a seasoned IT expert or just starting your tech journey, we’’re here to guide you.
Executive Level IT Team on behalf of its client, a leader in business-to-customer transaction technologies in Central and Eastern Europe, is looking for a Software Engineer.
Software Engineer (.NET & Angular)
Responsibilities

Implement software solutions and handle complex assignments
Develop new functionalities, and enhancements and parameterize existing applications to increase operating efficiency
Identify, understand, and translate business requirements into technical specifications
Participate in troubleshooting and customer support when required

Requirements

Degree in IT, Computer Science, Computer Engineering, System Management, Information System Management
3+ years of professional experience in .NET platform (C#) and object-oriented programming
Programming skills in Angular, .Net core, and .Net core Entity framework
Experience in SQL & relational databases (MS SQL Server 2008 or higher, Entity framework)
Familiar with Asynchronous programming
Familiar with Source control procedure (TFS)
Basic experience in Web development skills (ASP. Net, Java Script), XML & related technologies (XSL, XSD, etc.)
Excellent command of the Greek & English language (written & verbal)",Mid-level,Full-time,"Gerakas, Greece",EL,2024-08-20,kariera.gr,164153,,"['http://data.europa.eu/esco/skill/1d86f05e-e9cc-40ce-99d8-2b21cc71b16b', 'http://data.europa.eu/esco/skill/1ffac4ac-fda7-407d-8ed1-ca8f4a8dc146', 'http://data.europa.eu/esco/skill/5b26f08b-88bc-45f0-b901-530d7786466b', 'http://data.europa.eu/esco/skill/89f6560b-2194-45c9-9ece-d33049a73eef', 'http://data.europa.eu/esco/skill/a8797f21-1af0-4c5e-98ca-bf1442929363', 'http://data.europa.eu/esco/skill/b1ef509e-f191-405a-8419-51663b08922e', 'http://data.europa.eu/esco/skill/d9e5349e-8791-49c2-8ba4-839fdd1606c2', 'http://data.europa.eu/esco/skill/ea4ebfa1-e17a-4416-ac54-955f33e6ade7']","['http://data.europa.eu/esco/occupation/92bb3d8c-8a9f-4cd7-80ec-247bbf173004', 'http://data.europa.eu/esco/occupation/c40a2919-48a9-40ea-b506-1f34f693496d', 'http://data.europa.eu/esco/occupation/f2b15a0e-e65a-438a-affb-29b9d50b77d1', 'http://data.europa.eu/esco/isco/C25', 'http://data.europa.eu/esco/isco/C2512']"
4417,Help Desk Engineer,"The company HRON ENERGY S.A. looking for Help Desk Engineer
Main responsibilities

Examines and resolves any technical issue involving company hardware or employee software.
Updates the user registry with respect to hardware, software and access rights
Monitors and audits meeting room related issues and resolves potential connectivity and setup issues.
Recommends improvements to existing processes and flows in order to achieve operational excellence

Required Qualifications:

BSc / BA in Computer Science, Engineering or related field
University degree in Information Systems Management / Computer Science / Computer Engineering or related field.
2 - 3 years of experience in a relevant position/department
Knowledge of JIRA as incident management, Office365, CRM Dynamics, (preferred)
Experience in the energy industry (preferred)
Knowledge of English (written & spoken)

Skills

Strong analytical & problem solving skills
Excellent communication skills
Great attention to detail with a logical and methodical approach
Very good time management",Mid-level,Full-time,"Athens, Greece",EL,2024-08-20,kariera.gr,164109,,"['http://data.europa.eu/esco/skill/14832d87-2f2f-4895-b290-e4760ebae42a', 'http://data.europa.eu/esco/skill/6d3edede-8951-4621-a835-e04323300fa0', 'http://data.europa.eu/esco/skill/d4789070-2ff7-4bbb-94ca-8bb1739826a9']","['http://data.europa.eu/esco/occupation/b2cede50-82bb-4684-9f11-1930e12ad672', 'http://data.europa.eu/esco/isco/C214']"
4523,Junior Application Security Engineer,"Company DescriptionWe are Netcompany-Intrasoft, a member of Netcompany Group A/S, and a leading European IT Solutions and Services company with strong international presence and expertise, dedicated to responsible digitalisation. We offer innovative and added-value solutions of the highest quality to a wide range of public and private organizations, while being a key-player in the EU Institutions for the past 30 years. We hold an outstanding record of 500+ organizations in 70+ countries, that have chosen our solutions and services, to fulfil their business needs. Our team of 3500+ professionals is our driving force and our most valuable asset.Job DescriptionWhat does it feel like to be a Junior Application Security Engineer in Netcompany-Intrasoft?Join us as a Junior Application Engineer, you will be part of the Information Security Department and you will participate in the design, implementation, operation, and monitoring of the Secure Software Development Lifecycle roadmap of Netcompany-Intrasoft according to the business strategy and selected information security standards and best practices. Moreover, you will support application of security by design principles across Netcompany-Intrasoft products and software development services, and enhance security assurance levels related to application security through DevSecOps culture and automation.As a Junior Application Security Engineer you will:Perform manual secure code review to identify and report security issues and weaknessesReview output from automated application security testing (e.g., SAST, DAST, SCA) and perform triage activities to assess relevancy of discovered vulnerabilities and rate their security impactPerform research and investigation to propose solutions in mitigating security vulnerabilities, at the application and code level, discovered by manual and automated security testing assessmentsPerform scoped manual security verification assessments with specialized tools (e.g., Burp, ZAP Proxy, Postman and other) and prepare reports describing issues towards development teamsReview software architecture and design documentation to determine security threats, risks, and develop test-cases for manual security testing assessmentsParticipate and contribute to application security training activities and workshopsGive presentations on technical security topics towards internal development teams Support the implementation, configuration, and continuous tuning of scanning policies in DevSecOps tooling (e.g., SAST, DAST, CA)Support the automation of task execution related to DevSecOps tooling by developing scriptsQualificationsWhat would make you a fit for the role:If you have Bachelor Degree in Computer Science or Computer Engineering fieldMaster Degree in Information Security field or have some practical experience of 1 or more years in Information Security domainAbility to understand workflows written in programming languages such as Java, C#, JavaScript and/or PythonExperience with OWASP Top 10 risks and CWE Top 25 vulnerabilities and discovering these vulnerabilities in assessment targetsKnowledge in at least one of the following domains: HTML, CSS, URLs, DOM, Browser/Server Communication, Web ServersKnowledge in at least one of the following domains: Operating System Internals, Cloud Architecture, Container technology, Networking, Cryptography, Authentication mechanisms, Authorization controls, Input validation or DevSecOpsKnowledge of exploitation techniques related to at least three of the following vulnerabilities: XSS, SQLi, IDOR, SSRF, CSRF, HTTP Header Smuggling; Knowledge of security verification tools such as Burp Suite, ZAP, SonarQubeKnowledge of risk measurement frameworks (e.g., CVSS, CWSS);Excellent command of the English language.Additional InformationBeing a part of the Netcompany-Ιntrasoft team, you will be provided with: The opportunity to work in a modern environment & in a hybrid working modelA seamless onboarding experience and a buddy to support you on your first stepsA competitive compensation & benefits packageHealth and life insurance programMeal and commuting allowanceWell-being activities (on premises)Continuous learning opportunities using the most modern methods (unlimited access to Udemy for Business, ad-hoc trainings)A personalized development plan for targeted career growthIf you are looking forward to be part of a diverse environment, and have the opportunity to work alongside well-experienced professionals, on challenging, large-scale projects that directly impact millions of citizens around the globe, then this is the place to be!By joining Netcompany-Intrasoft Athens, you will be part of a vivid team of 2000+ tech enthusiasts. When at the office you will have the chance to work at our brand-new, state-of-the-art, sustainable offices, located in 3 different spots in Athens!#LI-TM1Our cultureOur people are the most important element of our success. Our work life is well defined by our set of fundamental Values: https://bit.ly/3SSbBzU  #BePartOfSomethingGreat!*Please submit your CV in EnglishAll applications will be treated as strictly confidential.",,Full-time,"Athens, Greece",EL,2024-08-19,kariera.gr,160497,,"['http://data.europa.eu/esco/skill/11430d93-c835-48ed-8e70-285fa69c9ae6', 'http://data.europa.eu/esco/skill/1ce4cddd-4a74-458e-a2d4-152ca939475a', 'http://data.europa.eu/esco/skill/23ac233d-84ad-4517-b0f5-8ca19ba2614e', 'http://data.europa.eu/esco/skill/4c016b68-4116-468c-9dc6-42710c239e4a', 'http://data.europa.eu/esco/skill/7f27f1ff-2e17-4b69-990e-c23334478313', 'http://data.europa.eu/esco/skill/8f6ed69b-29d0-4c01-81ba-f05920a185f3', 'http://data.europa.eu/esco/skill/f0163b63-6794-4eb7-b17b-f91d11b2602d', 'http://data.europa.eu/esco/skill/f4a6e9f7-5cff-46c0-894c-59c20bb78694']","['http://data.europa.eu/esco/occupation/2082e125-d06b-43e6-957f-b7aa3c48dc2f', 'http://data.europa.eu/esco/occupation/2fb96c6c-8d0b-4ef0-b1ee-3e493305e4eb', 'http://data.europa.eu/esco/occupation/719f101d-1866-49d3-8d5c-2256f606a8b9', 'http://data.europa.eu/esco/occupation/76ef0a87-6afe-4560-b5d0-9a086abe45c5', 'http://data.europa.eu/esco/occupation/7ed2e153-8da8-4c0d-b4c5-3402c623f34b', 'http://data.europa.eu/esco/occupation/93b11f0f-69af-4ece-b9da-f29aab7d38d3', 'http://data.europa.eu/esco/occupation/a44a1dc5-be08-4840-8bd5-770c4ac1ca6d', 'http://data.europa.eu/esco/occupation/c66b4569-09aa-4d8d-93d9-ac9b9176655d', 'http://data.europa.eu/esco/occupation/fde4372d-8293-42de-afbb-8b5a9b274fe7']"
4569,Java Software Engineer,"Company DescriptionWe are Netcompany-Intrasoft, a member of Netcompany Group A/S, and a leading European IT Solutions and Services company with strong international presence and expertise, dedicated to responsible digitalisation. We offer innovative and added-value solutions of the highest quality to a wide range of public and private organizations, while being a key-player in the EU Institutions for the past 30 years. We hold an outstanding record of 500+ organizations in 70+ countries, that have chosen our solutions and services, to fulfil their business needs. Our team of 3500+ professionals is our driving force and our most valuable asset.Job DescriptionAre you ready to discover the role of a Java Software Engineer in Netcompany-Intrasoft?Joining us as a Java Software Engineer, you will have the opportunity to be a part of our highly skilled agile teams working within large-scale transformation projects for global clients in exciting and challenging markets such as European Institutions, Telecoms, Sports Betting & Lotteries, Fintech, Healthtech Insurance, Public Domain (next-gen). As a Java Software Engineer you will:Design, develop and maintain back-end of large web-based Java EE applicationsParticipate in the technical analysis, documentation, implementation, and integration of robust applicationsTest and manage early life support of core software tools and assets produced in the context of software development projectsQualificationsWhat would make you a fit for the role:Degree in Computer Science, Software Engineering or a related disciplineExperience inJEE applicationsSQLRESTful and SOAP web-servicesExcellent communication skillsGood interpersonal skills, adaptability and team spiritFluency in EnglishIt would also be a plus if you match some of the following:Experience in Spring/Spring bootExperience in JPA or HibernateExperience in Apache Kafka or RabbitMQExperience in NoSQLAdditional InformationBeing a part of the Netcompany-Ιntrasoft team, you will be provided with: The opportunity to work in a modern environment & in a hybrid working modelA seamless onboarding experience and a buddy to support you on your first stepsA competitive compensation & benefits packageHealth and life insurance programMeal and commuting allowanceWell-being activities (on premises)Continuous learning opportunities using the most modern methods (unlimited access to Udemy for Business, ad-hoc trainings)A personalized development plan for targeted career growthIf you are looking forward to be part of a diverse environment, and have the opportunity to work alongside well-experienced professionals, on challenging, large-scale projects that directly impact millions of citizens around the globe, then this is the place to be!By joining Netcompany-Intrasoft Athens, you will be part of a vivid team of 2000+ tech enthusiasts. When at the office you will have the chance to work at our brand-new, state-of-the-art, sustainable offices, located in 3 different spots in Athens!#LI-Hybrid #LI-KA1 #LI-ZS1Our cultureOur people are the most important element of our success. Our work life is well defined by our set of fundamental Values: https://bit.ly/3SSbBzU  #BePartOfSomethingGreat!*Please submit your CV in EnglishAll applications will be treated as strictly confidential.",,Full-time,"Athens, Greece",EL,2024-08-17,kariera.gr,153729,,"['http://data.europa.eu/esco/skill/19a8293b-8e95-4de3-983f-77484079c389', 'http://data.europa.eu/esco/skill/23ac233d-84ad-4517-b0f5-8ca19ba2614e', 'http://data.europa.eu/esco/skill/385479b7-5da5-4367-9763-0d15b41bb65b', 'http://data.europa.eu/esco/skill/49de9958-2aa4-4eef-a89d-fe5d5bcd28c4', 'http://data.europa.eu/esco/skill/60b44dab-03f1-46de-be08-0e5ba8662b3d', 'http://data.europa.eu/esco/skill/8f6ed69b-29d0-4c01-81ba-f05920a185f3']","['http://data.europa.eu/esco/occupation/57af9090-55b4-4911-b2d0-86db01c00b02', 'http://data.europa.eu/esco/occupation/719f101d-1866-49d3-8d5c-2256f606a8b9', 'http://data.europa.eu/esco/occupation/d07e6a57-a339-4cfd-bf22-a951713148a3']"
4570,Java Software Engineer,"Company DescriptionWe are Netcompany-Intrasoft, a member of Netcompany Group A/S, and a leading European IT Solutions and Services company with strong international presence and expertise, dedicated to responsible digitalisation. We offer innovative and added-value solutions of the highest quality to a wide range of public and private organizations, while being a key-player in the EU Institutions for the past 30 years. We hold an outstanding record of 500+ organizations in 70+ countries, that have chosen our solutions and services, to fulfil their business needs. Our team of 3500+ professionals is our driving force and our most valuable asset.Job DescriptionAre you ready to discover the role of a Java Software Engineer in Netcompany-Intrasoft?Joining us as a Java Software Engineer, you will have the opportunity to be a part of our highly skilled agile teams working within large-scale transformation projects for global clients in exciting and challenging markets such as European Institutions, Telecoms, Sports Betting & Lotteries, Fintech, Healthtech Insurance, Public Domain (next-gen). As a Java Software Engineer you will:Design, develop and maintain back-end of large web-based Java EE applicationsParticipate in the technical analysis, documentation, implementation, and integration of robust applicationsTest and manage early life support of core software tools and assets produced in the context of software development projectsQualificationsWhat would make you a fit for the role:Degree in Computer Science, Software Engineering or a related disciplineExperience inJEE applicationsSQLRESTful and SOAP web-servicesExcellent communication skillsGood interpersonal skills, adaptability and team spiritFluency in EnglishIt would also be a plus if you match some of the following:Experience in Spring/Spring bootExperience in JPA or HibernateExperience in Apache Kafka or RabbitMQExperience in NoSQLAdditional InformationBeing a part of the Netcompany-Ιntrasoft team, you will be provided with: The opportunity to work in a modern environment & in a hybrid working modelA seamless onboarding experience and a buddy to support you on your first stepsA competitive compensation & benefits packageHealth and life insurance programMeal and commuting allowanceWell-being activities (on premises)Continuous learning opportunities using the most modern methods (unlimited access to Udemy for Business, ad-hoc trainings)A personalized development plan for targeted career growthIf you are looking forward to be part of a diverse environment, and have the opportunity to work alongside well-experienced professionals, on challenging, large-scale projects that directly impact millions of citizens around the globe, then this is the place to be!Join Netcompany-Intrasoft Thessaloniki's branch, and be part of our 250+ tech enthusiasts team!#LI-Hybrid #LI-KA1 #LI-ZS1Our cultureOur people are the most important element of our success. Our work life is well defined by our set of fundamental Values: https://bit.ly/3SSbBzU  #BePartOfSomethingGreat!*Please submit your CV in EnglishAll applications will be treated as strictly confidential.",,Full-time,"Thessaloniki, Greece",EL,2024-08-17,kariera.gr,153728,,"['http://data.europa.eu/esco/skill/19a8293b-8e95-4de3-983f-77484079c389', 'http://data.europa.eu/esco/skill/23ac233d-84ad-4517-b0f5-8ca19ba2614e', 'http://data.europa.eu/esco/skill/385479b7-5da5-4367-9763-0d15b41bb65b', 'http://data.europa.eu/esco/skill/49de9958-2aa4-4eef-a89d-fe5d5bcd28c4', 'http://data.europa.eu/esco/skill/60b44dab-03f1-46de-be08-0e5ba8662b3d', 'http://data.europa.eu/esco/skill/8f6ed69b-29d0-4c01-81ba-f05920a185f3']","['http://data.europa.eu/esco/occupation/57af9090-55b4-4911-b2d0-86db01c00b02', 'http://data.europa.eu/esco/occupation/719f101d-1866-49d3-8d5c-2256f606a8b9', 'http://data.europa.eu/esco/occupation/d07e6a57-a339-4cfd-bf22-a951713148a3']"
4571,Java Software Engineer,"Company DescriptionWe are Netcompany-Intrasoft, a member of Netcompany Group A/S, and a leading European IT Solutions and Services company with strong international presence and expertise, dedicated to responsible digitalisation. We offer innovative and added-value solutions of the highest quality to a wide range of public and private organizations, while being a key-player in the EU Institutions for the past 30 years. We hold an outstanding record of 500+ organizations in 70+ countries, that have chosen our solutions and services, to fulfil their business needs. Our team of 3500+ professionals is our driving force and our most valuable asset.Job DescriptionAre you ready to discover the role of a Java Software Engineer in Netcompany-Intrasoft?Joining us as a Java Software Engineer, you will have the opportunity to be a part of our highly skilled agile teams working within large-scale transformation projects for global clients in exciting and challenging markets such as European Institutions, Telecoms, Sports Betting & Lotteries, Fintech, Healthtech Insurance, Public Domain (next-gen). As a Java Software Engineer you will:Design, develop and maintain back-end of large web-based Java EE applicationsParticipate in the technical analysis, documentation, implementation, and integration of robust applicationsTest and manage early life support of core software tools and assets produced in the context of software development projectsQualificationsWhat would make you a fit for the role:Degree in Computer Science, Software Engineering or a related disciplineExperience inJEE applicationsSQLRESTful and SOAP web-servicesExcellent communication skillsGood interpersonal skills, adaptability and team spiritFluency in EnglishIt would also be a plus if you match some of the following:Experience in Spring/Spring bootExperience in JPA or HibernateExperience in Apache Kafka or RabbitMQExperience in NoSQLAdditional InformationBeing a part of the Netcompany-Ιntrasoft team, you will be provided with: The opportunity to work in a modern environment & in a hybrid working modelA seamless onboarding experience and a buddy to support you on your first stepsA competitive compensation & benefits packageHealth and life insurance programMeal allowanceWell-being activities (on premises)Continuous learning opportunities using the most modern methods (unlimited access to Udemy for Business, ad-hoc trainings)A personalized development plan for targeted career growthIf you are looking forward to be part of a diverse environment, and have the opportunity to work alongside well-experienced professionals, on challenging, large-scale projects that directly impact millions of citizens around the globe, then this is the place to be!Join Netcompany-Intrasoft Patras' branch, and be part of our 150+ tech enthusiasts team!#LI-Hybrid #LI-KA1 #LI-ZS1Our cultureOur people are the most important element of our success. Our work life is well defined by our set of fundamental Values: https://bit.ly/3SSbBzU  #BePartOfSomethingGreat!*Please submit your CV in EnglishAll applications will be treated as strictly confidential.",,Full-time,"Patra, Greece",EL,2024-08-17,kariera.gr,153727,,"['http://data.europa.eu/esco/skill/19a8293b-8e95-4de3-983f-77484079c389', 'http://data.europa.eu/esco/skill/23ac233d-84ad-4517-b0f5-8ca19ba2614e', 'http://data.europa.eu/esco/skill/385479b7-5da5-4367-9763-0d15b41bb65b', 'http://data.europa.eu/esco/skill/49de9958-2aa4-4eef-a89d-fe5d5bcd28c4', 'http://data.europa.eu/esco/skill/60b44dab-03f1-46de-be08-0e5ba8662b3d', 'http://data.europa.eu/esco/skill/8f6ed69b-29d0-4c01-81ba-f05920a185f3']","['http://data.europa.eu/esco/occupation/57af9090-55b4-4911-b2d0-86db01c00b02', 'http://data.europa.eu/esco/occupation/719f101d-1866-49d3-8d5c-2256f606a8b9', 'http://data.europa.eu/esco/occupation/d07e6a57-a339-4cfd-bf22-a951713148a3']"
4572,Lead Java Software Engineer,"Company DescriptionWe are Netcompany-Intrasoft, a member of Netcompany Group A/S, and a leading European IT Solutions and Services company with strong international presence and expertise, dedicated to responsible digitalisation. We offer innovative and added-value solutions of the highest quality to a wide range of public and private organizations, while being a key-player in the EU Institutions for the past 30 years. We hold an outstanding record of 500+ organizations in 70+ countries, that have chosen our solutions and services, to fulfil their business needs. Our team of 3500+ professionals is our driving force and our most valuable asset.Job DescriptionAre you ready to discover the role of a Lead Java Software Engineer in Netcompany-Intrasoft?Joining us as a Lead Java Software Engineer, you will have the opportunity to be a part of our highly skilled agile teams working within large-scale transformation projects for global clients in exciting and challenging markets such as European Institutions, Telecoms, Sports Betting & Lotteries, Fintech, Healthtech Insurance, Public Domain (next-gen).As a Lead Java Software Engineer you will:Lead and mentor a group of SW EngineersDesign, develop and maintain back-end of large web-based Java EE applicationsParticipate in the technical analysis, documentation, implementation, and integration of robust applicationsTest and manage early life support of core software tools and assets produced in the context of software development projectsQualificationsWhat would make you a fit for the role:Degree in Computer Science, Software Engineering or a related disciplineExperience inJEE applicationsSQLRESTful and SOAP web-servicesTeam LeadingExcellent communication skillsGood interpersonal skills, adaptability and team spiritFluency in EnglishIt would also be a plus if you match some of the following:Experience in Spring/Spring bootExperience in JPA or HibernateExperience in Apache Kafka or RabbitMQExperience in NoSQLAdditional InformationBeing a part of the Netcompany-Ιntrasoft team, you will be provided with: The opportunity to work in a modern environment & in a hybrid working modelA seamless onboarding experience and a buddy to support you on your first stepsA competitive compensation & benefits packageHealth and life insurance programMeal and commuting allowanceWell-being activities (on premises)Continuous learning opportunities using the most modern methods (unlimited access to Udemy for Business, ad-hoc trainings)A personalized development plan for targeted career growthIf you are looking forward to be part of a diverse environment, and have the opportunity to work alongside well-experienced professionals, on challenging, large-scale projects that directly impact millions of citizens around the globe, then this is the place to be!By joining Netcompany-Intrasoft Athens, you will be part of a vivid team of 2000+ tech enthusiasts. When at the office you will have the chance to work at our brand-new, state-of-the-art, sustainable offices, located in 3 different spots in Athens!#LI-Hybrid #LI-KA1 #LI-ZS1Our cultureOur people are the most important element of our success. Our work life is well defined by our set of fundamental Values: https://bit.ly/3SSbBzU  #BePartOfSomethingGreat!*Please submit your CV in EnglishAll applications will be treated as strictly confidential.",,Full-time,"Athens, Greece",EL,2024-08-17,kariera.gr,153726,,"['http://data.europa.eu/esco/skill/23ac233d-84ad-4517-b0f5-8ca19ba2614e', 'http://data.europa.eu/esco/skill/385479b7-5da5-4367-9763-0d15b41bb65b', 'http://data.europa.eu/esco/skill/49de9958-2aa4-4eef-a89d-fe5d5bcd28c4', 'http://data.europa.eu/esco/skill/60b44dab-03f1-46de-be08-0e5ba8662b3d', 'http://data.europa.eu/esco/skill/8f6ed69b-29d0-4c01-81ba-f05920a185f3']","['http://data.europa.eu/esco/occupation/57af9090-55b4-4911-b2d0-86db01c00b02', 'http://data.europa.eu/esco/occupation/719f101d-1866-49d3-8d5c-2256f606a8b9', 'http://data.europa.eu/esco/occupation/d07e6a57-a339-4cfd-bf22-a951713148a3']"
4573,Lead Java Software Engineer,"Company DescriptionWe are Netcompany-Intrasoft, a member of Netcompany Group A/S, and a leading European IT Solutions and Services company with strong international presence and expertise, dedicated to responsible digitalisation. We offer innovative and added-value solutions of the highest quality to a wide range of public and private organizations, while being a key-player in the EU Institutions for the past 30 years. We hold an outstanding record of 500+ organizations in 70+ countries, that have chosen our solutions and services, to fulfil their business needs. Our team of 3500+ professionals is our driving force and our most valuable asset.Job DescriptionAre you ready to discover the role of a Lead Java Software Engineer in Netcompany-Intrasoft?Joining us as a Lead Java Software Engineer, you will have the opportunity to be a part of our highly skilled agile teams working within large-scale transformation projects for global clients in exciting and challenging markets such as European Institutions, Telecoms, Sports Betting & Lotteries, Fintech, Healthtech Insurance, Public Domain (next-gen).As a Lead Java Software Engineer you will:Lead and mentor a group of SW EngineersDesign, develop and maintain back-end of large web-based Java EE applicationsParticipate in the technical analysis, documentation, implementation, and integration of robust applicationsTest and manage early life support of core software tools and assets produced in the context of software development projectsQualificationsWhat would make you a fit for the role:Degree in Computer Science, Software Engineering or a related disciplineExperience inJEE applicationsSQLRESTful and SOAP web-servicesTeam LeadingExcellent communication skillsGood interpersonal skills, adaptability and team spiritFluency in EnglishIt would also be a plus if you match some of the following:Experience in Spring/Spring bootExperience in JPA or HibernateExperience in Apache Kafka or RabbitMQExperience in NoSQLAdditional InformationBeing a part of the Netcompany-Ιntrasoft team, you will be provided with: The opportunity to work in a modern environment & in a hybrid working modelA seamless onboarding experience and a buddy to support you on your first stepsA competitive compensation & benefits packageHealth and life insurance programMeal and commuting allowanceWell-being activities (on premises)Continuous learning opportunities using the most modern methods (unlimited access to Udemy for Business, ad-hoc trainings)A personalized development plan for targeted career growthIf you are looking forward to be part of a diverse environment, and have the opportunity to work alongside well-experienced professionals, on challenging, large-scale projects that directly impact millions of citizens around the globe, then this is the place to be!Join Netcompany-Intrasoft Thessaloniki's branch, and be part of our 250+ tech enthusiasts team!#LI-Hybrid #LI-KA1 #LI-ZS1Our cultureOur people are the most important element of our success. Our work life is well defined by our set of fundamental Values: https://bit.ly/3SSbBzU  #BePartOfSomethingGreat!*Please submit your CV in EnglishAll applications will be treated as strictly confidential.",,Full-time,"Thessaloniki, Greece",EL,2024-08-17,kariera.gr,153725,,"['http://data.europa.eu/esco/skill/23ac233d-84ad-4517-b0f5-8ca19ba2614e', 'http://data.europa.eu/esco/skill/385479b7-5da5-4367-9763-0d15b41bb65b', 'http://data.europa.eu/esco/skill/49de9958-2aa4-4eef-a89d-fe5d5bcd28c4', 'http://data.europa.eu/esco/skill/60b44dab-03f1-46de-be08-0e5ba8662b3d', 'http://data.europa.eu/esco/skill/8f6ed69b-29d0-4c01-81ba-f05920a185f3']","['http://data.europa.eu/esco/occupation/57af9090-55b4-4911-b2d0-86db01c00b02', 'http://data.europa.eu/esco/occupation/719f101d-1866-49d3-8d5c-2256f606a8b9', 'http://data.europa.eu/esco/occupation/d07e6a57-a339-4cfd-bf22-a951713148a3']"
4574,Lead Java Software Engineer,"Company DescriptionWe are Netcompany-Intrasoft, a member of Netcompany Group A/S, and a leading European IT Solutions and Services company with strong international presence and expertise, dedicated to responsible digitalisation. We offer innovative and added-value solutions of the highest quality to a wide range of public and private organizations, while being a key-player in the EU Institutions for the past 30 years. We hold an outstanding record of 500+ organizations in 70+ countries, that have chosen our solutions and services, to fulfil their business needs. Our team of 3500+ professionals is our driving force and our most valuable asset.Job DescriptionAre you ready to discover the role of a Lead Java Software Engineer in Netcompany-Intrasoft?Joining us as a Lead Java Software Engineer, you will have the opportunity to be a part of our highly skilled agile teams working within large-scale transformation projects for global clients in exciting and challenging markets such as European Institutions, Telecoms, Sports Betting & Lotteries, Fintech, Healthtech Insurance, Public Domain (next-gen).As a Lead Java Software Engineer you will:Lead and mentor a group of SW EngineersDesign, develop and maintain back-end of large web-based Java EE applicationsParticipate in the technical analysis, documentation, implementation, and integration of robust applicationsTest and manage early life support of core software tools and assets produced in the context of software development projectsQualificationsWhat would make you a fit for the role:Degree in Computer Science, Software Engineering or a related disciplineExperience inJEE applicationsSQLRESTful and SOAP web-servicesTeam LeadingExcellent communication skillsGood interpersonal skills, adaptability and team spiritFluency in EnglishIt would also be a plus if you match some of the following:Experience in Spring/Spring bootExperience in JPA or HibernateExperience in Apache Kafka or RabbitMQExperience in NoSQLAdditional InformationBeing a part of the Netcompany-Ιntrasoft team, you will be provided with: The opportunity to work in a modern environment & in a hybrid working modelA seamless onboarding experience and a buddy to support you on your first stepsA competitive compensation & benefits packageHealth and life insurance programMeal allowanceWell-being activities (on premises)Continuous learning opportunities using the most modern methods (unlimited access to Udemy for Business, ad-hoc trainings)A personalized development plan for targeted career growthIf you are looking forward to be part of a diverse environment, and have the opportunity to work alongside well-experienced professionals, on challenging, large-scale projects that directly impact millions of citizens around the globe, then this is the place to be!Join Netcompany-Intrasoft Patras' branch, and be part of our 150+ tech enthusiasts team!#LI-Hybrid #LI-KA1 #LI-ZS1Our cultureOur people are the most important element of our success. Our work life is well defined by our set of fundamental Values: https://bit.ly/3SSbBzU  #BePartOfSomethingGreat!*Please submit your CV in EnglishAll applications will be treated as strictly confidential.",,Full-time,"Patra, Greece",EL,2024-08-17,kariera.gr,153724,,"['http://data.europa.eu/esco/skill/23ac233d-84ad-4517-b0f5-8ca19ba2614e', 'http://data.europa.eu/esco/skill/385479b7-5da5-4367-9763-0d15b41bb65b', 'http://data.europa.eu/esco/skill/49de9958-2aa4-4eef-a89d-fe5d5bcd28c4', 'http://data.europa.eu/esco/skill/60b44dab-03f1-46de-be08-0e5ba8662b3d', 'http://data.europa.eu/esco/skill/8f6ed69b-29d0-4c01-81ba-f05920a185f3']","['http://data.europa.eu/esco/occupation/57af9090-55b4-4911-b2d0-86db01c00b02', 'http://data.europa.eu/esco/occupation/719f101d-1866-49d3-8d5c-2256f606a8b9', 'http://data.europa.eu/esco/occupation/d07e6a57-a339-4cfd-bf22-a951713148a3']"
4575,Solutions Architect (Java),"Company DescriptionWe are Netcompany-Intrasoft, a member of Netcompany Group A/S, and a leading European IT Solutions and Services company with strong international presence and expertise, dedicated to responsible digitalisation. We offer innovative and added-value solutions of the highest quality to a wide range of public and private organizations, while being a key-player in the EU Institutions for the past 30 years. We hold an outstanding record of 500+ organizations in 70+ countries, that have chosen our solutions and services, to fulfil their business needs. Our team of 3500+ professionals is our driving force and our most valuable asset.Job DescriptionAre you ready to discover the role of a Solutions Architect in Netcompany-Intrasoft?Joining us as a Solutions Architect, you will have the opportunity to be a part of our highly skilled agile teams working within large-scale transformation projects for global clients in exciting and challenging markets such as European Institutions, Telecoms, Sports Betting & Lotteries, Fintech, Healthtech Insurance, Public Domain (next-gen). As a Solutions Architect you will:Architect the software system, defining components, modules, and their interactions while aligning with project goals and requirements.Establish and manage the technology stack for Java-based enterprise applicationsEnforce coding standards and best practices within the development teamImplement security best practices to safeguard the software from vulnerabilities and threatsEnsure the software can handle increased loads and data volumes as the application expandsProduce documentation, architectural diagrams, and design documentsCollaborate with stakeholders, including clients, project managers, developers, and the quality assurance teamProvide mentorship to software engineersQualificationsWhat would make you a fit for the role:Bachelor's degree in Computer Science, Software Engineering, or a related fieldProven experience as a Software Engineer, preferably working with Java Enterprise or Spring BootSolid knowledge of building Docker images and creating Docker containers, ensuring application deployment consistency across different environmentsExpertise in deploying and managing containerized applications using K8sExperience with Kafka for event-driven communication and data streamingStrong understanding of object-oriented programming principles and software design patternsSolid understanding of Maven for project build and dependency managementFamiliarity with Agile development methodologiesExcellent problem-solving and analytical skillsStrong communication and collaboration abilitiesAbility to work effectively in a fast-paced, deadline-driven environmentFluency in EnglishAdditional InformationBeing a part of the Netcompany-Ιntrasoft team, you will be provided with: The opportunity to work in a modern environment & in a hybrid working modelA seamless onboarding experience and a buddy to support you on your first stepsA competitive compensation & benefits packageHealth and life insurance programMeal and commuting allowanceWell-being activities (on premises)Continuous learning opportunities using the most modern methods (unlimited access to Udemy for Business, ad-hoc trainings)A personalized development plan for targeted career growthIf you are looking forward to be part of a diverse environment, and have the opportunity to work alongside well-experienced professionals, on challenging, large-scale projects that directly impact millions of citizens around the globe, then this is the place to be!By joining Netcompany-Intrasoft Athens, you will be part of a vivid team of 2000+ tech enthusiasts. When at the office you will have the chance to work at our brand-new, state-of-the-art, sustainable offices, located in 3 different spots in Athens!#LI-Hybrid #LI-KA1 #LI-ZS1Our cultureOur people are the most important element of our success. Our work life is well defined by our set of fundamental Values: https://bit.ly/3SSbBzU  #BePartOfSomethingGreat!*Please submit your CV in EnglishAll applications will be treated as strictly confidential.",,Full-time,"Athens, Greece",EL,2024-08-17,kariera.gr,153723,,"['http://data.europa.eu/esco/skill/23ac233d-84ad-4517-b0f5-8ca19ba2614e', 'http://data.europa.eu/esco/skill/2b7a79e5-84d8-4880-be66-3d9bb05bea17', 'http://data.europa.eu/esco/skill/60b44dab-03f1-46de-be08-0e5ba8662b3d', 'http://data.europa.eu/esco/skill/8764d4b1-e069-44f2-8baa-fb1eee1850ec', 'http://data.europa.eu/esco/skill/8f6ed69b-29d0-4c01-81ba-f05920a185f3', 'http://data.europa.eu/esco/skill/a8797f21-1af0-4c5e-98ca-bf1442929363', 'http://data.europa.eu/esco/skill/cd5efa8c-e44d-4cbc-91c6-796018dbed68']","['http://data.europa.eu/esco/occupation/57af9090-55b4-4911-b2d0-86db01c00b02', 'http://data.europa.eu/esco/occupation/6cd08cbe-7611-4d70-8886-6c59c0385442', 'http://data.europa.eu/esco/occupation/719f101d-1866-49d3-8d5c-2256f606a8b9', 'http://data.europa.eu/esco/occupation/bea99fea-0383-4c63-b944-70d4799de2c5', 'http://data.europa.eu/esco/occupation/d07e6a57-a339-4cfd-bf22-a951713148a3', 'http://data.europa.eu/esco/occupation/d0aa0792-4345-474b-9365-686cf4869d2e', 'http://data.europa.eu/esco/occupation/ed976196-3d5d-4121-9367-e1022af603fa', 'http://data.europa.eu/esco/occupation/f2b15a0e-e65a-438a-affb-29b9d50b77d1']"
4576,Solutions Architect (Java),"Company DescriptionWe are Netcompany-Intrasoft, a member of Netcompany Group A/S, and a leading European IT Solutions and Services company with strong international presence and expertise, dedicated to responsible digitalisation. We offer innovative and added-value solutions of the highest quality to a wide range of public and private organizations, while being a key-player in the EU Institutions for the past 30 years. We hold an outstanding record of 500+ organizations in 70+ countries, that have chosen our solutions and services, to fulfil their business needs. Our team of 3500+ professionals is our driving force and our most valuable asset.Job DescriptionAre you ready to discover the role of a Solutions Architect in Netcompany-Intrasoft?Joining us as a Solutions Architect, you will have the opportunity to be a part of our highly skilled agile teams working within large-scale transformation projects for global clients in exciting and challenging markets such as European Institutions, Telecoms, Sports Betting & Lotteries, Fintech, Healthtech Insurance, Public Domain (next-gen). As a Solutions Architect you will:Architect the software system, defining components, modules, and their interactions while aligning with project goals and requirements.Establish and manage the technology stack for Java-based enterprise applicationsEnforce coding standards and best practices within the development teamImplement security best practices to safeguard the software from vulnerabilities and threatsEnsure the software can handle increased loads and data volumes as the application expandsProduce documentation, architectural diagrams, and design documentsCollaborate with stakeholders, including clients, project managers, developers, and the quality assurance teamProvide mentorship to software engineersQualificationsWhat would make you a fit for the role:Bachelor's degree in Computer Science, Software Engineering, or a related fieldProven experience as a Software Engineer, preferably working with Java Enterprise or Spring BootSolid knowledge of building Docker images and creating Docker containers, ensuring application deployment consistency across different environmentsExpertise in deploying and managing containerized applications using K8sExperience with Kafka for event-driven communication and data streamingStrong understanding of object-oriented programming principles and software design patternsSolid understanding of Maven for project build and dependency managementFamiliarity with Agile development methodologiesExcellent problem-solving and analytical skillsStrong communication and collaboration abilitiesAbility to work effectively in a fast-paced, deadline-driven environmentFluency in EnglishAdditional InformationBeing a part of the Netcompany-Ιntrasoft team, you will be provided with: The opportunity to work in a modern environment & in a hybrid working modelA seamless onboarding experience and a buddy to support you on your first stepsA competitive compensation & benefits packageHealth and life insurance programMeal and commuting allowanceWell-being activities (on premises)Continuous learning opportunities using the most modern methods (unlimited access to Udemy for Business, ad-hoc trainings)A personalized development plan for targeted career growthIf you are looking forward to be part of a diverse environment, and have the opportunity to work alongside well-experienced professionals, on challenging, large-scale projects that directly impact millions of citizens around the globe, then this is the place to be!Join Netcompany-Intrasoft Thessaloniki's branch, and be part of our 250+ tech enthusiasts team!#LI-Hybrid #LI-KA1 #LI-ZS1Our cultureOur people are the most important element of our success. Our work life is well defined by our set of fundamental Values: https://bit.ly/3SSbBzU  #BePartOfSomethingGreat!*Please submit your CV in EnglishAll applications will be treated as strictly confidential.",,Full-time,"Thessaloniki, Greece",EL,2024-08-17,kariera.gr,153722,,"['http://data.europa.eu/esco/skill/23ac233d-84ad-4517-b0f5-8ca19ba2614e', 'http://data.europa.eu/esco/skill/2b7a79e5-84d8-4880-be66-3d9bb05bea17', 'http://data.europa.eu/esco/skill/60b44dab-03f1-46de-be08-0e5ba8662b3d', 'http://data.europa.eu/esco/skill/8764d4b1-e069-44f2-8baa-fb1eee1850ec', 'http://data.europa.eu/esco/skill/8f6ed69b-29d0-4c01-81ba-f05920a185f3', 'http://data.europa.eu/esco/skill/a8797f21-1af0-4c5e-98ca-bf1442929363', 'http://data.europa.eu/esco/skill/cd5efa8c-e44d-4cbc-91c6-796018dbed68']","['http://data.europa.eu/esco/occupation/57af9090-55b4-4911-b2d0-86db01c00b02', 'http://data.europa.eu/esco/occupation/6cd08cbe-7611-4d70-8886-6c59c0385442', 'http://data.europa.eu/esco/occupation/719f101d-1866-49d3-8d5c-2256f606a8b9', 'http://data.europa.eu/esco/occupation/bea99fea-0383-4c63-b944-70d4799de2c5', 'http://data.europa.eu/esco/occupation/d07e6a57-a339-4cfd-bf22-a951713148a3', 'http://data.europa.eu/esco/occupation/d0aa0792-4345-474b-9365-686cf4869d2e', 'http://data.europa.eu/esco/occupation/ed976196-3d5d-4121-9367-e1022af603fa', 'http://data.europa.eu/esco/occupation/f2b15a0e-e65a-438a-affb-29b9d50b77d1']"
