organization,skills,occupations,sectors,id,title,description,experience_level,type,location,location_code,nuts1,nuts2,nuts3,upload_date,source,source_id
,"['http://data.europa.eu/esco/skill/15d76317-c71a-4fa2-aadc-2ecc34e627b7', 'http://data.europa.eu/esco/skill/2fb8480e-de3c-462b-b169-e8bbb344da68', 'http://data.europa.eu/esco/skill/677d5144-4c77-4f8d-afc7-116f4bc0e660', 'http://data.europa.eu/esco/skill/7954861c-86d4-4529-afbb-2c23dab9ac74', 'http://data.europa.eu/esco/skill/adc6dc11-3376-467b-96c5-9b0a21edc869', 'http://data.europa.eu/esco/skill/ecc18804-a466-40d9-98b4-fba5cd67dd4b', 'http://data.europa.eu/esco/skill/f683ae1d-cb7c-4aa1-b9fe-205e1bd23535', 'http://data.europa.eu/esco/skill/fa6acfc3-0a4f-4192-b77d-80e94d0faf2a']","['http://data.europa.eu/esco/occupation/30f3ea93-882a-4525-841c-1d5b4b64076f', 'http://data.europa.eu/esco/occupation/35fbb8cd-c044-49a1-850c-010481c99b4a', 'http://data.europa.eu/esco/occupation/6cd08cbe-7611-4d70-8886-6c59c0385442', 'http://data.europa.eu/esco/occupation/8d586ee9-0ab1-4155-a3b0-2ca786c8e48c', 'http://data.europa.eu/esco/isco/C241']","['Activities of head offices', 'Business and other management consultancy activities', 'Other activities auxiliary to financial services, except insurance and pension funding', 'Research and experimental development on social sciences and humanities', 'FINANCIAL AND INSURANCE ACTIVITIES', 'Activities of extraterritorial organisations and bodies']",32,FINANCIAL AND COMMERCIAL DEPARTMENT EXECUTIVE - FINANCIAL PROJECT ANALYST,"Who We Are
At Infoworx, we focus on innovation and the quality of our services and products.
As a leading company in the field of electrical and electronic imports through B2B services, in which we have been active since 2009, we have realized a vision by expanding into the e-commerce industry. In 2015, we created Electroholic's store, through which we offer B2C services and solutions at an affordable cost, providing continuous and human-centered support to our customers.
Always putting the consumer first, our goal is to provide a unique shopping experience.
Our team consists of talented people, team players with vision and appetite for work, on whom we can base our future plans by investing in their continuous and continuous development.
 
Role Description
The role of a financial analyst is of great importance for the healthy operation of the business, as it guides and manages all the financial processes that lead to its growth and stability.
 
Job Description:

Cooperation with the accounting offices of the group companies for the preparation of management reports.
Monthly checks of income - expenditure - cash accounts
Analysis of business performance / results, with an emphasis on Finance.

Required Qualifications:

University / TEI degree in economics.
At least 5 years of experience in a similar role in Financial Management
Excellent knowledge of Ms Office programs (excel etc).
Good knowledge of accounting.
Administrative, communication and negotiation skills.
Organizational skills and problem solving ability",Mid-level,Full-time,"Peristeri, Greece",EL,,,,2024-09-09,kariera.gr,168874
,"['http://data.europa.eu/esco/skill/14832d87-2f2f-4895-b290-e4760ebae42a', 'http://data.europa.eu/esco/skill/2fbf0966-18bc-429c-8b0d-e7ab86d5788b', 'http://data.europa.eu/esco/skill/345486f3-f265-4fc8-8ed0-5e96e768e333', 'http://data.europa.eu/esco/skill/4339176e-3acd-4f7f-a5d9-445bee3d23f2', 'http://data.europa.eu/esco/skill/44a117a9-4443-43a4-b037-23c716af671e', 'http://data.europa.eu/esco/skill/541cdc23-1eec-4520-81fc-3392eaf538ed', 'http://data.europa.eu/esco/skill/633a3637-2c6b-40ae-ac38-289eb2a62aa6', 'http://data.europa.eu/esco/skill/68defa68-cb54-4d99-89ac-af6bfd71946b', 'http://data.europa.eu/esco/skill/75b30aeb-34c0-40f4-b77d-271d75a98b14', 'http://data.europa.eu/esco/skill/e24377fb-020b-4430-8bed-86dd539bbf3a']","['http://data.europa.eu/esco/occupation/72628f3a-fd49-499a-9741-870b0a1fcef2', 'http://data.europa.eu/esco/occupation/b3ce981c-5b32-4de2-8e53-502a6357b2bc', 'http://data.europa.eu/esco/isco/C214', 'http://data.europa.eu/esco/isco/C3355']","['Research and experimental development on natural sciences and engineering', 'Research and experimental development on social sciences and humanities', 'Risk and damage evaluation']",66,Payments Risk Operations Specialist,"Etraveli Group is the globally leading company for tech solutions and fulfillment capabilities for online sales of flights. We are here to solve complexity, by connecting millions of flights and travelers across the globe, from search and selection to trip and beyond. We hold consumer online travel agency brands like Mytrip, GoToGate & Flight Network and serve Booking.com with flights. Etraveli Group has also established strategic partnerships with companies like Skyscanner, Google Flights, TUI, etc. Every day we strive to make the world smaller for our customers and bigger for our people. Our diverse team of more than 2400 passionate professionals is what makes us the industry’s tech wonder and the best in the world at what we do. Our major offices are in Sweden (HQ), Canada, Greece, India, Poland with the Athens office being one of the largest, hosting around 580 employees working from the center of Athens for the rest of the world. Join us and start as Payments Risk Operations Specialist in the Risk Management team!Position SummaryIf you are captivated by mind games, you possess strong investigation skills and can see patterns behind numbers and scattered pieces of information, it’s highly likely that Payments Risk Operations Specialist would be your dream job!As a Payments Risk Operations Specialist your main responsibility will be to protect Etraveli Group from financial losses due to fraudulent activities while maintaining sales and customer experience in top performance. Besides screening high risk transactions, this role should also propose innovative improvements in existing processes. The ideal candidate must have excellent investigation, problem solving and decision making skills and is expected to be up-to-date with the latest online fraud trends as well as with potential fraud screening tools.Responsibilities Screen potentially high-risk transactions accurately and in a timely manner utilizing a wide range of fraud prevention systems, tools and reports. Identify fraud patterns or abnormalities and take appropriate actions to prevent similar activities and mitigate potential future fraud. Thoroughly process and analyze fraud alerts received from external sources. Ensure transaction authenticity by contacting customers via phone and/or email. Propose innovative improvements to our existing processes, aiming to further enhance our fraud prevention and detection strategies Deliver dynamic tasks & provide support for a wide range of business analyses. Stay up to date with the latest online fraud trends, practices, and tools through continuous learning & research. Be a problem-solver. Requirements Bachelor’s degree and/or studies preferably in Science, Technology, Engineering, Mathematics. Excellent command of the English language. Advanced experience with MS office (especially Excel) Data driven approach along with strong critical, analytical and investigation skills. Ability to act proactively, take initiatives and demonstrate a can-do attitude focusing on producing high quality results within a fast-paced environment. Team player with strong interpersonal and communication skills including the ability to effectively interact with clients.  Work independently, meet tight deadlines while navigating multiple systems and processes Discretion in dealing with confidential information. High level of responsibility & integrity combined with eagerness to work in a multicultural, international environment subject to continuous changes. Previous work experience as a Fraud Analyst will be considered a plus  Availability to work on shifts around the clock (24/7) – 8-hour shifts, 5 days per week including weekends and bank holidays.  BenefitsWe are looking for people who would make the world smaller for travelers but want a bigger world of opportunities for themselves. With us you can enjoy: #LI-Hybrid working environment - having the opportunity to work both remotely and at the office enabling you flexibility! Health Benefits - Through partners we offer a private health insurance plan. We also offer the possibility to use 2 extra medical leave days in case of need. Monthly ticket restaurant card - to spend in one of the thousands affiliated restaurants, cafes, stores or supermarkets across Greece. Office in the City – We sit on bright, large floors (over 4000㎡!) in central Athens. Just a short walk from the Ambelokipi Metro station. Growth – We believe in personal development and continuous education, thus we offer the opportunity of role-related training on tools and best practices. We also like to schedule company/department/team activities and events outside the office space! We have a relaxed & fun work environment where you can enjoy free breakfast coffee/tea, playing ping pong or video games.  At Etraveli Group we value diversity; we pride ourselves on being a company represented by people of all different backgrounds. During hiring, we are committed to ensure equality and promote diversity in the workplace at every selection stage. As such, we provide the same opportunities for all candidates regardless of race, religion or belief, gender, nationality, ethnicity, sexual orientation, age, marital status, disability, or any other characteristic protected under any anti-discrimination law or regulation.",Mid-level,Full-time,"Athens, Greece",EL,,,,2024-09-09,kariera.gr,168843
,"['http://data.europa.eu/esco/skill/001115fb-569f-4ee6-8381-c6807ef2527f', 'http://data.europa.eu/esco/skill/11747665-0e98-4f27-bd0d-536862cd5746', 'http://data.europa.eu/esco/skill/1c460d2d-90c6-4fc9-ad49-febb6e15605a', 'http://data.europa.eu/esco/skill/292549e6-08ec-456c-b008-eba7a0a68428', 'http://data.europa.eu/esco/skill/349f6b99-9b8c-4463-9665-9842d95af241', 'http://data.europa.eu/esco/skill/457c2e47-07e6-4073-827e-e1c21f3e5869', 'http://data.europa.eu/esco/skill/6f6163dc-a801-416c-86e9-ce857d71c24d', 'http://data.europa.eu/esco/skill/a6532ae5-efc4-4ca4-b172-c11471940d09', 'http://data.europa.eu/esco/skill/d62d2b4c-a6f8-439e-8a1b-4f29ab5f2c47', 'http://data.europa.eu/esco/skill/e186976a-64f0-4052-a25b-297d19e1d0ec']","['http://data.europa.eu/esco/occupation/01649ae9-22ee-4dba-83a8-3a2c51fbbe95', 'http://data.europa.eu/esco/occupation/0e68f523-3206-4896-b725-44150dd22057', 'http://data.europa.eu/esco/occupation/586fe133-1987-41f4-b89a-f39d4bc58e1e', 'http://data.europa.eu/esco/occupation/6cd08cbe-7611-4d70-8886-6c59c0385442', 'http://data.europa.eu/esco/occupation/9f508305-80ce-4111-8722-f2c9b4a44890', 'http://data.europa.eu/esco/occupation/dab60fc6-c16e-4de7-b969-b323784f5a49']","['Educational support activities n.e.c.', 'Manufacture of luggage, handbags, saddlery and harness of any material', 'Activities of head offices', 'Activities of advertising agencies', 'Research and experimental development on social sciences and humanities', 'Business and other management consultancy activities', 'Non-specialised retail sale', 'Retail sale of food, beverages and tobacco', 'Retail sale of information and communication equipment', 'Retail sale of other household equipment', 'Retail sale of cultural and recreational goods', 'Retail sale of other goods, except motor vehicles and motorcycles', 'Intermediation service activities for retail sale', 'Other content distribution activities']",119,PRODUCT MANAGER DATA ANALYST,"The MG MANAGER company has been active in the retail trade of IT items since 1992, having 4 physical stores in Athens and is looking for a Product Manager for the management of high-tech items (computing, it parts, mobility & peripherals) and the staffing of the commercial department. 
Duties and Responsibilities

Market research among cooperating suppliers, evaluation and selection of the product range.
Study of competition and market trends.
Evaluation of trends in the sector and proposals for inclusion of new product lines, as well as renewal of existing ones.
Continuous monitoring of market trends and proposals for pricing policy.
 Inventory control and proper management in order to achieve its optimal circulation speed, in relation to the general commercial policy of the company.
Arrangement of the orders with the suppliers and overall supervision throughout the whole evolution of the process up to the receipt of the items from the warehouse.
Processing of reporting and databases for better evaluation of results and decision-making.
Collaboration with the data department to optimize reporting

Candidate Profile

Higher Education Degree
Experience of at least (3) years in a similar position or in a similar supporting role
Very good knowledge of handling MS Office applications (excel), ERP softone and e-commerce environment
Excellent knowledge of English
Experience in costing matters will be appreciated.
Emphasis on detail
Methodical thinking and organizational skills
Ability to take initiative
Communication skills, organization, spirit of cooperation
Experience in issuing relevant reports (reporting)
Ability to work under pressure.
Orientation towards achieving goals.

Company benefits

Excellent working conditions in a modern and pleasant environment
Development prospects in a steadily growing company
Payroll consequence.",Senior,Full-time,"Athens, Greece",EL,,,,2024-09-09,kariera.gr,168771
,"['http://data.europa.eu/esco/skill/0b144726-21c2-46ed-8d13-c03d27f61604', 'http://data.europa.eu/esco/skill/0ee9e985-0ee5-4a73-8a12-78b53b261bb2', 'http://data.europa.eu/esco/skill/113b4428-0a31-4199-8496-070af7854b91', 'http://data.europa.eu/esco/skill/2a0efd9a-4a60-4edc-8561-f2754d24eeb8', 'http://data.europa.eu/esco/skill/31c69100-b612-4a61-8db5-fd314318854c', 'http://data.europa.eu/esco/skill/3e28860e-f520-461d-8282-a32264c4f4a1', 'http://data.europa.eu/esco/skill/3ebc672a-8049-4305-8c42-0e9168b92798', 'http://data.europa.eu/esco/skill/56c59e98-f133-48ad-9d01-f357a8e2c218', 'http://data.europa.eu/esco/skill/83723a7f-e905-4d6c-82ba-f40ab873883d', 'http://data.europa.eu/esco/skill/9f10e94b-a43d-4772-9f60-24e9bbbdedb7', 'http://data.europa.eu/esco/skill/fef5a450-6230-4a34-b3e3-764252dbdcec']","['http://data.europa.eu/esco/occupation/002da35b-7808-43f3-83bf-63596b8b351f', 'http://data.europa.eu/esco/occupation/02e19186-458f-40eb-9e78-31c656d12ac7', 'http://data.europa.eu/esco/occupation/056f1849-7ff8-4d6f-9b8a-176a610bba44', 'http://data.europa.eu/esco/occupation/4795d4e3-c623-47ff-abab-7de97fcb764e', 'http://data.europa.eu/esco/occupation/53cdd34e-22f2-41bd-b3c7-de22bf9bbcae', 'http://data.europa.eu/esco/occupation/6fcf4638-e7c7-4978-9302-9a7b63a3d57c', 'http://data.europa.eu/esco/occupation/99492920-e5a5-4dba-9e5a-93193147198c', 'http://data.europa.eu/esco/occupation/9c9752b7-3e3b-4a08-8553-b63a013f8072', 'http://data.europa.eu/esco/isco/C141', 'http://data.europa.eu/esco/isco/C1411', 'http://data.europa.eu/esco/isco/C334']","['Accommodation', 'Activities of head offices', 'Hotels and similar accommodation', 'Activities of advertising agencies', 'Research and experimental development on social sciences and humanities', 'All other professional, scientific and technical activities n.e.c.', 'ACCOMMODATION AND FOOD SERVICE ACTIVITIES', 'Travel agency, tour operator and other reservation service and related activities', 'Amusement and recreation activities']",234,Junior Revenue Analyst - Oia Santorini,"We are seeking a highly analytical and detail-oriented Junior Revenue Analyst to join our dynamic team in the hotel industry. As a Junior Revenue Analyst, you will report to the Commercial Manager and contribute to maximizing revenue and profitability.
Responsibilities:

Responsible for mapping new accounts to the Channel Manager.
Responsible for auditing mapping and connectivity and updating with any changes.
Daily monitoring of inventory management.
Preparation of stop sales and extra allotment requests.
Communication with Front Office Team regarding room allocations.
Daily pickup analysis to monitor reservation patterns to ensure optimal utilization of inventory.
Preparation of daily reports.
Generate reports and update as per the need of the department.
Update rates and restrictions according to Commercial Manager’s guidelines.
Implementation of offers in the Channel Manager, Booking Engine, partners platforms and OTA extranets.
Responsible for investigating parity issues and update information as needed.
Conduct regular analysis of competitor pricing, promotions, and market positioning.
Work closely with sales, marketing, and the operations teams to align revenue management strategies with overall business goals.
Good level of Excel.
Experience with WebHotelier, PMS.
Experiencer with OTA Extranets.

*Additional tasks as per the need of the department.
Necessary Qualifications:

Fluent in English
Bachelor's degree in Hospitality Management, Business, Economics, or a related field
Prior experience in Hospitality
Analytical & numerical skills
Knowledge of Excel

Desirable Qualifications:

High level of motivation, determination and commitment
Attention to detail
Communications & listening skills/ Team player
Adaptable & Multitasking
Commercial mindset

Benefits:

Competitive salary remuneration
Career development in a fast-paced, growing work environment.
Training opportunities.
Daily meals during hotel operations
Full year job
Friendly work environment

If you are a strategic thinker with a keen understanding of the hotel industry and eager to learn more about revenue management, we invite you to apply for this exciting opportunity to contribute to our success!
Please send your CV in English, with a recent photo attached.",Mid-level,Full-time,"Oia, Greece",EL,,,,2024-09-09,kariera.gr,168625
,"['http://data.europa.eu/esco/skill/0b144726-21c2-46ed-8d13-c03d27f61604', 'http://data.europa.eu/esco/skill/15d76317-c71a-4fa2-aadc-2ecc34e627b7', 'http://data.europa.eu/esco/skill/382c11ed-20d5-4ae7-b60e-15fec527fa6c', 'http://data.europa.eu/esco/skill/7d092d81-d1e2-4c34-b3cb-c1c9f2e68b7d', 'http://data.europa.eu/esco/skill/91abe492-18be-4cce-93c7-0dca07072363', 'http://data.europa.eu/esco/skill/a8d24a95-47b3-4f88-92e7-06600bcd3612', 'http://data.europa.eu/esco/skill/d0c425c6-e3de-465e-923d-d4d30ec4be9b', 'http://data.europa.eu/esco/skill/da1398ac-6955-4cf3-9225-67f16e41dbdc', 'http://data.europa.eu/esco/skill/ecc18804-a466-40d9-98b4-fba5cd67dd4b']","['http://data.europa.eu/esco/occupation/0959cd1d-f6c8-4362-939a-ad7d5f75d659', 'http://data.europa.eu/esco/occupation/6cd08cbe-7611-4d70-8886-6c59c0385442', 'http://data.europa.eu/esco/isco/C2', 'http://data.europa.eu/esco/isco/C241', 'http://data.europa.eu/esco/isco/C4311', 'http://data.europa.eu/esco/occupation/8d586ee9-0ab1-4155-a3b0-2ca786c8e48c', 'http://data.europa.eu/esco/occupation/c956be07-53a3-4b01-b8f8-f0c5a428eaa8', 'http://data.europa.eu/esco/isco/C2433']","['Tertiary education', 'Research and experimental development on social sciences and humanities', 'FINANCIAL AND INSURANCE ACTIVITIES', 'Business and other management consultancy activities', 'Activities of extraterritorial organisations and bodies', 'Wholesale of household goods', 'Wholesale of information and communication equipment', 'Wholesale of other machinery, equipment and supplies', 'Other specialised wholesale']",259,Financial Project Analyst,"Job Summary:
AMCO SA, is looking for a dynamic and skilled Sales Engineer to join our team. The ideal candidate will have the opportunity to work in a dynamic environment, contribute to the development and promotion of innovative IT and technology products and services, and support sales with technical expertise.
Responsibilities:

Collecting and analyzing financial data related to the company's projects.
Monitoring the cost, timelines, and resources allocated to each project.
Generating financial reports and analyzing results.
Contributing to the identification of problems and proposing improvements in project financial management.
Collaborating with other departments of the company to resolve financial issues related to projects.

 
Required Qualifications:

Bachelor's degree in Economics, Business Administration, Finance, or a related field.


Minimum of 4 years of experience in a similar position.


Knowledge of accounting principles and data analysis techniques.


Excellent knowledge of accounting and use of accounting tools.
Familiarity with the creation and monitoring of project budgets.


Communication and teamwork skills.


Excellent knowledge of the English language.

 
Personal Characteristics:

Analytical and organized.
Ability to manage multiple tasks and deadlines.
Ability to work effectively both independently and in a team environment.
Professional demeanor and discretion in handling sensitive information.

 
We Offer:

Competitive compensation package.
Professional development and advancement opportunities.
Pleasant working environment.
Private Health Insurance",Mid-level,Full-time,"Moschato, Greece",EL,,,,2024-09-09,kariera.gr,168605
,"['http://data.europa.eu/esco/skill/0ee94c0a-3716-494a-95a2-dcbab9e58be2', 'http://data.europa.eu/esco/skill/2fb8480e-de3c-462b-b169-e8bbb344da68', 'http://data.europa.eu/esco/skill/5b26f08b-88bc-45f0-b901-530d7786466b', 'http://data.europa.eu/esco/skill/abf09aa8-a7a9-43b0-9f6e-33ac110c7a4e']","['http://data.europa.eu/esco/occupation/586fe133-1987-41f4-b89a-f39d4bc58e1e', 'http://data.europa.eu/esco/occupation/79fed799-ab3a-43d9-bd91-414c2c3b2f57']","['Activities of head offices', 'Activities of advertising agencies', 'MANUFACTURING', 'Engineering activities and related technical consultancy']",285,Senior Business Analyst,"In Kotsovolos we embrace everything you have to offer.  Join our team and let's #beMORE together!  In numbers  3.000+ Kpeople | 90+ stores | 2 modern training centers | 53.000+ hours of training per year Our goal  Planning our future and through latest technologies and innovation, make our lives better Your everyday work-life   Prioritizing Commerce product backlog along with the Product Owner Overseeing all stages of product creation including UX/UI design and development Cooperating with business stakeholders to understand business requirements and anticipating their needs Participating in Scrum meetings and product sprints Developing User stories and executing UATs Working closely with development teams to meet sprint goals  As an ideal fit, you should have   University Degree required, in a related field such as Business, eCommerce, Computer Science or Engineering Working experience of 5 years minimum in similar position Self-organized to prioritize and manage workload and meet critical project deadlines Technical understanding in the areas of system and application implementation and integration Familiarity with Agile Development Methodologies Strong interpersonal skills that encourage team cooperation, promote enthusiasm, and motivate strategic thinking   What we offer   Continuous training in new technologies and tools  Career development and growth opportunities  Competitive bonus scheme, performance-based  Group health/medical insurance package  Discounts on our company's products  Hybrid working model  Internal wellbeing actions   Join #teamKotsovolos and be part of a team that promotes new technologies, loves to evolve, embraces diversity and is next to society.",,Full-time,"Heraklion, Greece",EL,,,,2024-09-08,kariera.gr,168584
,"['http://data.europa.eu/esco/skill/02e22093-3436-46a8-8dc5-b041bc4800cc', 'http://data.europa.eu/esco/skill/04f1b938-d4d4-4cb1-a863-982af76b9d93', 'http://data.europa.eu/esco/skill/0b144726-21c2-46ed-8d13-c03d27f61604', 'http://data.europa.eu/esco/skill/19a8293b-8e95-4de3-983f-77484079c389', 'http://data.europa.eu/esco/skill/1af2db15-2af9-44dd-9639-bf1fc69d4c34', 'http://data.europa.eu/esco/skill/367c240d-5f34-423a-86b1-866ad27206ea', 'http://data.europa.eu/esco/skill/3ec2e4d6-7000-4905-bf1a-c5b1679416de', 'http://data.europa.eu/esco/skill/65e58886-bd1e-4c5b-8ca5-8d9b353c8aa1', 'http://data.europa.eu/esco/skill/68ef0e4d-5542-4e64-84f4-752cce5a3c22', 'http://data.europa.eu/esco/skill/75b30aeb-34c0-40f4-b77d-271d75a98b14', 'http://data.europa.eu/esco/skill/adc6dc11-3376-467b-96c5-9b0a21edc869', 'http://data.europa.eu/esco/skill/c69587b4-05d3-45bb-b79b-9b85e6603fc2', 'http://data.europa.eu/esco/skill/ccd0a1d9-afda-43d9-b901-96344886e14d', 'http://data.europa.eu/esco/skill/cd5efa8c-e44d-4cbc-91c6-796018dbed68', 'http://data.europa.eu/esco/skill/f3c5fae0-c0e3-4410-bc09-62bd82d4cecc']","['http://data.europa.eu/esco/occupation/0f845e64-de8b-431e-9fe3-1bccf8e1c5b9', 'http://data.europa.eu/esco/occupation/234be692-befb-41df-bdf0-e1b2f4eaf5e7', 'http://data.europa.eu/esco/occupation/3cbbdb83-7c36-4ae5-8c45-6c284186f477', 'http://data.europa.eu/esco/occupation/8cb59bc4-1f39-477e-beea-effed12d186c', 'http://data.europa.eu/esco/occupation/b11e1742-5e28-4270-b081-b0193d85ee7d', 'http://data.europa.eu/esco/occupation/bea99fea-0383-4c63-b944-70d4799de2c5', 'http://data.europa.eu/esco/occupation/d3edb8f8-3a06-47a0-8fb9-9b212c006aa2', 'http://data.europa.eu/esco/occupation/e297ec12-4712-40a4-ad98-ba004cacb205', 'http://data.europa.eu/esco/occupation/ef909843-97c6-4c48-8038-2e7aefdfcad5']","['Manufacture of basic pharmaceutical products and pharmaceutical preparations', 'Amusement and recreation activities n.e.c.', 'Manufacture of medical and dental instruments and supplies', 'Industrial product and fashion design activities', 'Computer consultancy and computer facilities management activities', 'Computer programming activities', 'Computing infrastructure, data processing, hosting and related activities', 'Activities of head offices', 'Business and other management consultancy activities', 'Computing infrastructure, data processing, hosting and other information service activities', 'Hospital activities']",360,"Central Monitor Data Analyst, Senior Associate- Risk Based Monitoring","Pfizer careers are like no other. In our culture of individual ownership, we believe in our ability to improve future healthcare, and potential to transform millions of lives. We’re looking for new talent to join our global community, to unearth new innovative therapies that make the world a healthier place.




The Senior Associate, Central Monitor is responsible for ensuring the completeness, quality, and integrity of the subject data in the clinical trial database under Risk Based Monitoring (RBM) mode. The areas of activity include but are not limited to: developing Risk-Based Monitoring system for applicable studies, ensuring key risk indicators (KRIs) properly defined and set up in the system to support the study, processing and reviewing study data in the system for the signal and action management, follow up for the issue resolution. The Senior Associate, Central Monitor ensures risk-based monitoring activities comply with regulations, applicable Standard Operating Procedures (SOPs) and Processes at all times and is familiar with supported systems (RBM system, etc.) and able to troubleshoot and provide rapid response for all database issues. The Senior Associate, Central Monitor ensures quality oversight/control steps implemented in the central monitor activities. The Senior Associate, Central Monitor works with the global study team to meet the study objectives.




Must-Have:• Bachelor’s degree or above or equivalent experience in a scientific or business-related discipline required.• 2-4 years working experience in the clinical development fields.• Working knowledge of clinical development process, understanding concepts of Phase I-IV and principles of study design.• Previous experience within a data management role, understanding key processes and principles associated with role including CRF design, database set-up, edit check specification, DMPs and data cleaning activities.• Knowledge of clinical trial database and its applications.• Works independently, receives instruction primarily on unusual situations.• Ability to organize tasks, time and priorities; ability to multi-task.• Ability to communicate effectively and appropriately with internal & external stakeholders, locally and globally.• Knowledge of Windows Environment and its applications (Word, Excel, PowerPoint, Project, etc.).• Technical expertise and business experience in supporting clinical trials database development, data management, site monitoring, etc.• Thorough understanding of the processes associated with clinical study management, data management, and regulatory operations.• Project management skills and technical capabilities as well as effective verbal and written communication skills in relating to colleagues and associates both inside and outside the organization.• Good understanding of the state-of-the-art technologies to evaluate and leverage them into improved business processes for worldwide deployment and adoption.Nice-to-Have:• Master's degree.• Relevant pharmaceutical industry experience.• Experience in Oracle, PL/SQL, SAS, R/R-Shiny, Python, Java, relational database design and database programming skills.• Experience using data visualization tools.• Proficient experience using commercial clinical data management systems and/or EDC products.• Awareness of regulatory requirements and relevant data standards.• Knowledge of basic statistical principles and statistical methodology.• Routine problem-solving skills, developing the ability to solve complex problems using skills based on experience and extrapolation to new situations.• Experience in developing successful partnerships within study teams.



PurposeBreakthroughs that change patients' lives... At Pfizer we are a patient centric company, guided by our four values: courage, joy, equity and excellence. Our breakthrough culture lends itself to our dedication to transforming millions of lives.Digital Transformation StrategyOne bold way we are achieving our purpose is through our company wide digital transformation strategy. We are leading the way in adopting new data, modelling and automated solutions to further digitize and accelerate drug discovery and development with the aim of enhancing health outcomes and the patient experience.FlexibilityWe aim to create a trusting, flexible workplace culture which encourages employees to achieve work life harmony, attracts talent and enables everyone to be their best working self. Let’s start the conversation!Equal Employment OpportunityWe believe that a diverse and inclusive workforce is crucial to building a successful business. As an employer, Pfizer is committed to celebrating this, in all its forms – allowing for us to be as diverse as the patients and communities we serve. Together, we continue to build a culture that encourages, supports and empowers our employees.Disability InclusionOur mission is unleashing the power of all our people and we are proud to be a disability inclusive employer, ensuring equal employment opportunities for all candidates. We encourage you to put your best self forward with the knowledge and trust that we will make any reasonable adjustments to support your application and future career. Your journey with Pfizer starts here!",Mid-level,Full-time,"Thessaloniki, Greece",EL,,,,2024-09-07,kariera.gr,168512
,"['http://data.europa.eu/esco/skill/0b144726-21c2-46ed-8d13-c03d27f61604', 'http://data.europa.eu/esco/skill/0ee94c0a-3716-494a-95a2-dcbab9e58be2', 'http://data.europa.eu/esco/skill/477173ca-5fc2-406b-9122-95d92811f284', 'http://data.europa.eu/esco/skill/633a3637-2c6b-40ae-ac38-289eb2a62aa6', 'http://data.europa.eu/esco/skill/758a4e08-3133-4dd5-893e-b4067a67344f', 'http://data.europa.eu/esco/skill/9531fe02-1e1f-4a36-95f7-a76a77cd4b8d', 'http://data.europa.eu/esco/skill/adc6dc11-3376-467b-96c5-9b0a21edc869', 'http://data.europa.eu/esco/skill/e76dd90d-91c4-49c0-bfd0-dfa2c4c90c81']","['http://data.europa.eu/esco/occupation/456ed487-02f2-45c9-9213-d0fd8e9a069d', 'http://data.europa.eu/esco/occupation/6a29d804-f775-446c-bec7-35fc4e28ac97', 'http://data.europa.eu/esco/occupation/fe0fa514-b48d-4a53-9757-a283c0baacf0', 'http://data.europa.eu/esco/isco/C2512']","['Computer programming activities', 'Computer consultancy and computer facilities management activities', 'Business and other management consultancy activities', 'Other information service activities']",367,Software Development Business Analyst (e-Health &  e-Government Sector) Athens,"About Sigmasoft S.A. 
Sigmasoft S.A. is an innovative software development company providing state-of-the-art software solutions and services for the e-Health &  e-Government Sector.
What You Will Be Doing
We are looking for a Business Analyst to join our team, to ensure the optimal delivery of software products, aiming to maximize the value that our clients get from our products and bring measurable improvements to our business performance.
Responsibilities:

Drive business analysis to identify requirements and ensure client’s business processes are addressed from software solutions
Define configuration specifications and business analysis requirements. Communicate specifications and solutions to the Clients to a clear way
Plan and effectively conduct Key/End users’ trainings
Plan, prepare and monitor User Acceptance Test (UAT), support Client during execution and selectively execute Business Scenarios where necessary
Provide post production support to ensure smooth transition to Service Management after go live.
Carry out reporting and communication to all related stakeholders throughout the project stages
Own and develop trusted relationship with our clients, working close with them to maximize client satisfaction from our services and solutions
Constantly be on the outlook for ways to improve monitoring, discover issues and deliver better value to the client and
Communicate key insights and findings to product team that drives and evolves software solutions.

What You Will Need to Succeed

BSc or MSc in Computer Science or equivalent
2+ years’ experience in business analysis or software application consulting
Strong communication and interpersonal skills
Excellent client facing, analytical and problem-solving skills
Solid organizational skills, attention to detail and multi-tasking skills
Competency in technical training and presentations to engage in discussions with both the business and technology functions at client organizations
Enjoy working within agile/scrum-based team
Great energy level and enjoy working in full software development lifecycle, from concept and design to testing.
PMI-PBA or CBAP certification will be considered an asset.

What we offer

Competitive base salary
Private medical insurance coverage
Full-time long-term co-operation
Outstanding on the job training opportunities
Outstanding working environment
Outstanding career opportunities",Mid-level,Full-time,"Athens, Greece",EL,,,,2024-09-07,kariera.gr,165955
,"['http://data.europa.eu/esco/skill/0b144726-21c2-46ed-8d13-c03d27f61604', 'http://data.europa.eu/esco/skill/0ee94c0a-3716-494a-95a2-dcbab9e58be2', 'http://data.europa.eu/esco/skill/477173ca-5fc2-406b-9122-95d92811f284', 'http://data.europa.eu/esco/skill/633a3637-2c6b-40ae-ac38-289eb2a62aa6', 'http://data.europa.eu/esco/skill/758a4e08-3133-4dd5-893e-b4067a67344f', 'http://data.europa.eu/esco/skill/9531fe02-1e1f-4a36-95f7-a76a77cd4b8d', 'http://data.europa.eu/esco/skill/adc6dc11-3376-467b-96c5-9b0a21edc869', 'http://data.europa.eu/esco/skill/e76dd90d-91c4-49c0-bfd0-dfa2c4c90c81']","['http://data.europa.eu/esco/occupation/456ed487-02f2-45c9-9213-d0fd8e9a069d', 'http://data.europa.eu/esco/occupation/6a29d804-f775-446c-bec7-35fc4e28ac97', 'http://data.europa.eu/esco/occupation/fe0fa514-b48d-4a53-9757-a283c0baacf0', 'http://data.europa.eu/esco/isco/C2512']","['Computer programming activities', 'Computer consultancy and computer facilities management activities', 'Business and other management consultancy activities', 'Other information service activities']",369,Software Development Business Analyst (e-Health &  e-Government Sector) Thessaloniki,"About Sigmasoft S.A. 
Sigmasoft S.A. is an innovative software development company providing state-of-the-art software solutions and services for the e-Health &  e-Government Sector.
What You Will Be Doing
We are looking for a Business Analyst to join our team, to ensure the optimal delivery of software products, aiming to maximize the value that our clients get from our products and bring measurable improvements to our business performance.
Responsibilities:

Drive business analysis to identify requirements and ensure client’s business processes are addressed from software solutions
Define configuration specifications and business analysis requirements. Communicate specifications and solutions to the Clients to a clear way
Plan and effectively conduct Key/End users’ trainings
Plan, prepare and monitor User Acceptance Test (UAT), support Client during execution and selectively execute Business Scenarios where necessary
Provide post production support to ensure smooth transition to Service Management after go live.
Carry out reporting and communication to all related stakeholders throughout the project stages
Own and develop trusted relationship with our clients, working close with them to maximize client satisfaction from our services and solutions
Constantly be on the outlook for ways to improve monitoring, discover issues and deliver better value to the client and
Communicate key insights and findings to product team that drives and evolves software solutions.

What You Will Need to Succeed

BSc or MSc in Computer Science or equivalent
2+ years’ experience in business analysis or software application consulting
Strong communication and interpersonal skills
Excellent client facing, analytical and problem-solving skills
Solid organizational skills, attention to detail and multi-tasking skills
Competency in technical training and presentations to engage in discussions with both the business and technology functions at client organizations
Enjoy working within agile/scrum-based team
Great energy level and enjoy working in full software development lifecycle, from concept and design to testing.
PMI-PBA or CBAP certification will be considered an asset.

What we offer

Competitive base salary
Private medical insurance coverage
Full-time long-term co-operation
Outstanding on the job training opportunities
Outstanding working environment
Outstanding career opportunities",Mid-level,Full-time,"Thessaloniki, Greece",EL,,,,2024-09-07,kariera.gr,165957
,"['http://data.europa.eu/esco/skill/02e22093-3436-46a8-8dc5-b041bc4800cc', 'http://data.europa.eu/esco/skill/04f1b938-d4d4-4cb1-a863-982af76b9d93', 'http://data.europa.eu/esco/skill/0b144726-21c2-46ed-8d13-c03d27f61604', 'http://data.europa.eu/esco/skill/19a8293b-8e95-4de3-983f-77484079c389', 'http://data.europa.eu/esco/skill/1af2db15-2af9-44dd-9639-bf1fc69d4c34', 'http://data.europa.eu/esco/skill/367c240d-5f34-423a-86b1-866ad27206ea', 'http://data.europa.eu/esco/skill/3ec2e4d6-7000-4905-bf1a-c5b1679416de', 'http://data.europa.eu/esco/skill/65e58886-bd1e-4c5b-8ca5-8d9b353c8aa1', 'http://data.europa.eu/esco/skill/68ef0e4d-5542-4e64-84f4-752cce5a3c22', 'http://data.europa.eu/esco/skill/75b30aeb-34c0-40f4-b77d-271d75a98b14', 'http://data.europa.eu/esco/skill/adc6dc11-3376-467b-96c5-9b0a21edc869', 'http://data.europa.eu/esco/skill/c69587b4-05d3-45bb-b79b-9b85e6603fc2', 'http://data.europa.eu/esco/skill/ccd0a1d9-afda-43d9-b901-96344886e14d', 'http://data.europa.eu/esco/skill/cd5efa8c-e44d-4cbc-91c6-796018dbed68', 'http://data.europa.eu/esco/skill/f3c5fae0-c0e3-4410-bc09-62bd82d4cecc']","['http://data.europa.eu/esco/occupation/0f845e64-de8b-431e-9fe3-1bccf8e1c5b9', 'http://data.europa.eu/esco/occupation/234be692-befb-41df-bdf0-e1b2f4eaf5e7', 'http://data.europa.eu/esco/occupation/3cbbdb83-7c36-4ae5-8c45-6c284186f477', 'http://data.europa.eu/esco/occupation/8cb59bc4-1f39-477e-beea-effed12d186c', 'http://data.europa.eu/esco/occupation/b11e1742-5e28-4270-b081-b0193d85ee7d', 'http://data.europa.eu/esco/occupation/bea99fea-0383-4c63-b944-70d4799de2c5', 'http://data.europa.eu/esco/occupation/d3edb8f8-3a06-47a0-8fb9-9b212c006aa2', 'http://data.europa.eu/esco/occupation/e297ec12-4712-40a4-ad98-ba004cacb205', 'http://data.europa.eu/esco/occupation/ef909843-97c6-4c48-8038-2e7aefdfcad5']","['Manufacture of basic pharmaceutical products and pharmaceutical preparations', 'Amusement and recreation activities n.e.c.', 'Manufacture of medical and dental instruments and supplies', 'Industrial product and fashion design activities', 'Computer consultancy and computer facilities management activities', 'Computer programming activities', 'Computing infrastructure, data processing, hosting and related activities', 'Activities of head offices', 'Business and other management consultancy activities', 'Computing infrastructure, data processing, hosting and other information service activities', 'Hospital activities']",372,"Central Monitor Data Analyst, Senior Associate- Risk Based Monitoring","Pfizer careers are like no other. In our culture of individual ownership, we believe in our ability to improve future healthcare, and potential to transform millions of lives. We’re looking for new talent to join our global community, to unearth new innovative therapies that make the world a healthier place.




The Senior Associate, Central Monitor is responsible for ensuring the completeness, quality, and integrity of the subject data in the clinical trial database under Risk Based Monitoring (RBM) mode. The areas of activity include but are not limited to: developing Risk-Based Monitoring system for applicable studies, ensuring key risk indicators (KRIs) properly defined and set up in the system to support the study, processing and reviewing study data in the system for the signal and action management, follow up for the issue resolution. The Senior Associate, Central Monitor ensures risk-based monitoring activities comply with regulations, applicable Standard Operating Procedures (SOPs) and Processes at all times and is familiar with supported systems (RBM system, etc.) and able to troubleshoot and provide rapid response for all database issues. The Senior Associate, Central Monitor ensures quality oversight/control steps implemented in the central monitor activities. The Senior Associate, Central Monitor works with the global study team to meet the study objectives.




Must-Have:• Bachelor’s degree or above or equivalent experience in a scientific or business-related discipline required.• 2-4 years working experience in the clinical development fields.• Working knowledge of clinical development process, understanding concepts of Phase I-IV and principles of study design.• Previous experience within a data management role, understanding key processes and principles associated with role including CRF design, database set-up, edit check specification, DMPs and data cleaning activities.• Knowledge of clinical trial database and its applications.• Works independently, receives instruction primarily on unusual situations.• Ability to organize tasks, time and priorities; ability to multi-task.• Ability to communicate effectively and appropriately with internal & external stakeholders, locally and globally.• Knowledge of Windows Environment and its applications (Word, Excel, PowerPoint, Project, etc.).• Technical expertise and business experience in supporting clinical trials database development, data management, site monitoring, etc.• Thorough understanding of the processes associated with clinical study management, data management, and regulatory operations.• Project management skills and technical capabilities as well as effective verbal and written communication skills in relating to colleagues and associates both inside and outside the organization.• Good understanding of the state-of-the-art technologies to evaluate and leverage them into improved business processes for worldwide deployment and adoption.Nice-to-Have:• Master's degree.• Relevant pharmaceutical industry experience.• Experience in Oracle, PL/SQL, SAS, R/R-Shiny, Python, Java, relational database design and database programming skills.• Experience using data visualization tools.• Proficient experience using commercial clinical data management systems and/or EDC products.• Awareness of regulatory requirements and relevant data standards.• Knowledge of basic statistical principles and statistical methodology.• Routine problem-solving skills, developing the ability to solve complex problems using skills based on experience and extrapolation to new situations.• Experience in developing successful partnerships within study teams.




PurposeBreakthroughs that change patients' lives... At Pfizer we are a patient centric company, guided by our four values: courage, joy, equity and excellence. Our breakthrough culture lends itself to our dedication to transforming millions of lives.Digital Transformation StrategyOne bold way we are achieving our purpose is through our company wide digital transformation strategy. We are leading the way in adopting new data, modelling and automated solutions to further digitize and accelerate drug discovery and development with the aim of enhancing health outcomes and the patient experience.FlexibilityWe aim to create a trusting, flexible workplace culture which encourages employees to achieve work life harmony, attracts talent and enables everyone to be their best working self. Let’s start the conversation!Equal Employment OpportunityWe believe that a diverse and inclusive workforce is crucial to building a successful business. As an employer, Pfizer is committed to celebrating this, in all its forms – allowing for us to be as diverse as the patients and communities we serve. Together, we continue to build a culture that encourages, supports and empowers our employees.Disability InclusionOur mission is unleashing the power of all our people and we are proud to be a disability inclusive employer, ensuring equal employment opportunities for all candidates. We encourage you to put your best self forward with the knowledge and trust that we will make any reasonable adjustments to support your application and future career. Your journey with Pfizer starts here!",Mid-level,Full-time,"Thessaloniki, Greece",EL,,,,2024-09-07,kariera.gr,168508
,"['http://data.europa.eu/esco/skill/234aeb8d-56c3-4531-9193-1c5e6a8d16cb', 'http://data.europa.eu/esco/skill/2624158e-4a53-4667-8921-96ee7aaea7b3', 'http://data.europa.eu/esco/skill/385479b7-5da5-4367-9763-0d15b41bb65b', 'http://data.europa.eu/esco/skill/4c5d616e-f6d8-4fb4-8ce6-89a4b048b916']",['http://data.europa.eu/esco/isco/C2433'],[],387,Application Support & QA Analyst (e-Health & e-Government Sector) Thessaloniki,"About Sigmasoft S.A. 
Sigmasoft S.A. is an innovative software development company providing state-of-the-art software solutions and services for the e-Health &  e-Government Sector.
What You Will Be Doing
We are looking for an Application Support Analyst to join our team, to ensure that we deliver strong and reliable solutions to our clients.
Responsibilities

Prepare and execute Test Cases to verify system meets customer requirements.
Record defects and re-test when resolved
Write and maintain training materials (manuals, documentation, presentations)
Support customer User Acceptance Testing
Provide customer technical support (email, phone on customer reported issues).
Prepare technical/problem reports.

 Experience You Will Need to Succeed

BSc in Computer Science or related field
Experience in manual/automated user testing

 Personal skills we are looking for

Excellent Communication and presentation  skills
Excellent analytical, problem solving and troubleshooting abilities
Solid organizational skills and focus on accuracy and attention to detail
Able to work independently or as part of a team
Detail oriented, maintaining the highest quality work standards
Great energy level and enjoy working in full software development lifecycle, from concept and design to testing.

What we offer

Competitive base salary
Private medical insurance coverage
Full-time long-term co-operation
Outstanding on the job training opportunities
Outstanding working environment
Outstanding career opportunities",Mid-level,Full-time,"Thessaloniki, Greece",EL,,,,2024-09-07,kariera.gr,168490
,"['http://data.europa.eu/esco/skill/15d76317-c71a-4fa2-aadc-2ecc34e627b7', 'http://data.europa.eu/esco/skill/49dd67a9-d0a6-4375-b856-85e09032fdac', 'http://data.europa.eu/esco/skill/99571e68-801f-49af-a897-5f75996642e1', 'http://data.europa.eu/esco/skill/b216d9a2-7d4e-4312-8d05-e375f4ab44d8', 'http://data.europa.eu/esco/skill/b9f16465-56a9-426b-a047-0f9f1f95ec92', 'http://data.europa.eu/esco/skill/ecc18804-a466-40d9-98b4-fba5cd67dd4b']","['http://data.europa.eu/esco/occupation/0959cd1d-f6c8-4362-939a-ad7d5f75d659', 'http://data.europa.eu/esco/occupation/219d1c30-3849-4de3-b0d6-07da187b6521', 'http://data.europa.eu/esco/occupation/6cd08cbe-7611-4d70-8886-6c59c0385442', 'http://data.europa.eu/esco/occupation/84871c2a-abd1-45eb-b03a-65e51a26fd84', 'http://data.europa.eu/esco/occupation/8d586ee9-0ab1-4155-a3b0-2ca786c8e48c', 'http://data.europa.eu/esco/occupation/caafca69-9faa-4850-8930-a3fa07fea4e6', 'http://data.europa.eu/esco/isco/C13', 'http://data.europa.eu/esco/isco/C5246']","['Tertiary education', 'Activities of head offices', 'Business and other management consultancy activities', 'Research and experimental development on social sciences and humanities', 'FINANCIAL AND INSURANCE ACTIVITIES', 'Activities of extraterritorial organisations and bodies', 'Accounting, bookkeeping and auditing activities; tax consultancy']",464,Accountant – Industrial Cost Analyst,"The company P.G. NIKAS SA, one of the largest and fastest growing industrial food companies, wishes to hire immediately:
Accountant – Industrial Cost Analyst
The position reports to the Director of Financial Analysis and aims to calculate, control and analyze the monthly cost of products, based on the company's costing principles and the requirements of Greek Legislation and International Accounting Standards.
Main Duties-Responsibilities:   

Supervision of monthly inventories and inventory control
Allocating production costs to products
Product cost control
Reconciliation of cost reports with company books
Conduct cost forecasts and monitor and explain variances
Support monthly and yearly results
Production cost budget
Cooperation with the other departments of the company and the control bodies
Provision of reliable financial data and reports (reporting) to the Management of the company

The Ideal Candidate must have the following qualifications: 

Minimum of 3 years of experience in a similar position/subject
Holder of a Bachelor's degree in Economics, a Master's degree in a relevant subject will be considered an additional qualification
Very good knowledge of accounting and costing principles
Excellent knowledge of PC (MS Office) and Accounting sheets
Very good knowledge of ERP systems, knowledge of SAP system will be an added advantage
Communication and collaboration skills, critical thinking and good time management

The company offers:

Competitive salary package depending on qualifications and experience
Providing health insurance plan
Daily transportation of staff to and from company facilities
Restaurant operation with free meals
Product disposition
Ongoing training and support in the workplace
Possibility of development

All nominations will be strictly confidential",Mid-level,Full-time,"Agios Stefanos, Greece",EL,,,,2024-09-07,kariera.gr,168395
,"['http://data.europa.eu/esco/skill/0b144726-21c2-46ed-8d13-c03d27f61604', 'http://data.europa.eu/esco/skill/199f7919-5114-41b6-b6a5-41e0e4896ec1', 'http://data.europa.eu/esco/skill/234aeb8d-56c3-4531-9193-1c5e6a8d16cb', 'http://data.europa.eu/esco/skill/279a4b1d-21df-4d78-9f4d-324c73fd7536', 'http://data.europa.eu/esco/skill/3bc08c26-2f98-4730-bbb6-ec4a8566e3cf', 'http://data.europa.eu/esco/skill/713fb616-118e-40bc-9366-4a69879a49d5', 'http://data.europa.eu/esco/skill/91abe492-18be-4cce-93c7-0dca07072363', 'http://data.europa.eu/esco/skill/a4346013-a967-4a58-a533-6b32ad1364c5', 'http://data.europa.eu/esco/skill/c29aa9d2-4da8-4bdd-831c-8d4a2fb51730']","['http://data.europa.eu/esco/occupation/6a29d804-f775-446c-bec7-35fc4e28ac97', 'http://data.europa.eu/esco/occupation/7086d0ca-1e77-4690-89c9-7ed1a0478fa3', 'http://data.europa.eu/esco/occupation/7843a4c6-a9f6-4095-94b9-45b384d4bd57', 'http://data.europa.eu/esco/occupation/cb4f98c8-6b8d-41d8-87eb-a2a2033a3a25', 'http://data.europa.eu/esco/occupation/d3e32e5e-7f24-48e3-b939-e4f800eb62fb', 'http://data.europa.eu/esco/occupation/e93b3b49-12e1-4b47-991c-dd4b0aec17d8', 'http://data.europa.eu/esco/occupation/f605bcd2-90b6-45a0-a558-d05016d68a77', 'http://data.europa.eu/esco/isco/C13', 'http://data.europa.eu/esco/isco/C7543']","['Business and other management consultancy activities', 'Other information technology and computer service activities', 'Computing infrastructure, data processing, hosting and related activities', 'Market research and public opinion polling', 'General public administration activities', 'Activities of head offices', 'Activities auxiliary to insurance and pension funding n.e.c.', 'All other professional, scientific and technical activities n.e.c.']",552,HR Systems Analyst,"Company DescriptionArchirodon, having earned its reputation as a reliable and respected international contractor for more than a half century in the Engineering, Procurement and Construction (EPC) market, continues to create value to its stakeholders by executing complex EPC projects worldwide, in recognition of its superior standards of performance.  We have an outstanding record in completing major Energy, Marine, Infrastructure and Defense & Security projects around the globe and we pride ourselves on delivering over the years the kind of reliability and trust that the client has the right to expect from a major EPC contractor.Job DescriptionWe are constantly growing and are currently looking for a full of potential and resourceful  HR Systems Analyst to join our Human Resources team in our Athens Office. Are you ready to travel, be part of and learn from an international dynamic team? Are you a self-motivated HR Analyst looking for a new role to get passionate about?Would you like to be part of a dynamic EPC leader with global presence? We'd like to meet you! Join our worldwide journey!Role summary:In this role, will be responsible for the administration, liaison and coordination of Human Resource systems projects in meeting all professional standards for human resource systems development and implementation. Sounds exciting? Read on.What you will need to do: Work with user groups in the Human Resources organization to define information needs and sources.Apply HR processes into the company's business process mapping software, by implementing into the system new processes or updating existing ones as guided by other senior HR team members.Work with central IT group to develop plans for proposed systems, including development and systems changes.Monitor the implementation and smooth operation of the HR systems.Monitor the implementation of changes in employee reporting lines.Ensure data integrity and accuracy, as well as elimination of duplicates. Prepare or supervise the preparation of special reports and analysis.Contribute to the design of grading system.Coordinate the Performance Management process, through the corporate tool.Get actively involved in the composition of Job Descriptions based on company's structures and processes.Perform any other related duties as assigned.What you will need to have: University degree in Business Administration/HRM/Information Technology or related discipline. An MBA or HRM would be considered a plus.Min. five (5) years of relevant work experience within Human Resources departmentPrior work experience as a Business Consultant or HR Consultant would be considered an asset.Experience in Performance Management / Appraisal Systems, design, or coordination in implementation.Exposure in HRIS and familiarity with reporting and analysis tools.Solid experience in reporting and data analysis of People Analytics.Sufficient exposure in grading/ evaluation projects, titling projects and benchmarking analysis.Fluency in English.You are someone who: Is able to work successfully and productively in a team environment or independently and deal with multi-tasks effectively.Has excellent interpersonal and presentation skills.Has strong drive for results and ability to meet deadlines.Possess high sense of ownership and responsibility.Demonstrates strong attention to detail.What's in it for you:  Competitive salary and benefits are part of the offering, yet the real joy comes from being a member of smart and passionate teams, within an international leading EPC Group on a mission that matters. We create mega construction projects - literally around the globe - with meaningful impact on the local communities for the years to come. At Archirodon, you will find a proud, productive and human-centric culture, caring for and building on our people and their development!Please note that you will be contacted only in case you are shortlisted for an interview. In the meantime, do not hesitate to stay in touch and keep monitoring our open vacancies and our LinkedIn page! Rest assured that your application will be treated with strict confidentiality and under all applicable data privacy regulations.",,Full-time,"Kropia, Greece",EL,,,,2024-09-06,kariera.gr,157892
,"['http://data.europa.eu/esco/skill/0d73a5c0-7f95-4ede-92f3-eac434a970a9', 'http://data.europa.eu/esco/skill/12a6ed6e-079e-4c72-a1e8-23391425a088', 'http://data.europa.eu/esco/skill/1af2db15-2af9-44dd-9639-bf1fc69d4c34', 'http://data.europa.eu/esco/skill/21fecc8a-392e-49ce-ac26-fb0696ccfead', 'http://data.europa.eu/esco/skill/23ac233d-84ad-4517-b0f5-8ca19ba2614e', 'http://data.europa.eu/esco/skill/2aed5d29-15c3-44ba-bb5c-80750a815b3c', 'http://data.europa.eu/esco/skill/6ec33857-420a-411b-a313-e8946de36357', 'http://data.europa.eu/esco/skill/7111b95d-0ce3-441a-9d92-4c75d05c4388', 'http://data.europa.eu/esco/skill/8330c86e-63cf-4be6-849f-4f77628cc5c5', 'http://data.europa.eu/esco/skill/9c071f1d-eac3-449d-b004-c14775b5a3b9', 'http://data.europa.eu/esco/skill/b34be26f-fea9-4e58-90d1-3f8d2176a803', 'http://data.europa.eu/esco/skill/ec4de8aa-9ba4-412b-832d-93361210eae3']","['http://data.europa.eu/esco/occupation/4c715719-3c3f-4058-ba00-9b2ef34848e8', 'http://data.europa.eu/esco/occupation/579254cf-6d69-4889-9000-9c79dc568644', 'http://data.europa.eu/esco/occupation/5a58da2b-2fa0-40d4-a9f5-fead48e7de88', 'http://data.europa.eu/esco/occupation/bea99fea-0383-4c63-b944-70d4799de2c5', 'http://data.europa.eu/esco/occupation/c36fc197-1f5b-4563-acd8-6f1d06aa1c03', 'http://data.europa.eu/esco/occupation/cd92596c-bd96-4126-8b67-7bf6ed2ca8fb', 'http://data.europa.eu/esco/occupation/f5aa06b0-745e-4eb1-b050-3e15d11e5eb5', 'http://data.europa.eu/esco/isco/C2', 'http://data.europa.eu/esco/isco/C242', 'http://data.europa.eu/esco/isco/C3152']","['Central banking', 'Activities of financing conduits', 'Activities of money market and non-money market investments funds', 'Other financial service activities, except insurance and pension funding n.e.c.', 'Pension funding', 'Fund management activities', 'Activities of head offices', 'MANUFACTURING', 'Engineering activities and related technical consultancy', 'Technical testing and analysis', 'Building of ships and boats', 'Repair and maintenance of civilian ships and boats', 'Repair and maintenance of military fighting vehicles, ships, boats, air and spacecraft', 'Business and other management consultancy activities', 'Manufacture of instruments and appliances for measuring, testing and navigation', 'Manufacture of engines and turbines, except aircraft, vehicle and cycle engines', 'Repair and maintenance of fabricated metal products', 'Manufacture of chemicals and chemical products']",701,Vessel Performance Analyst,"Enisolv is a newly established consulting and technology company in the field of maritime and a subsidiary company of Hydrus Engineering, continuing Hydrus’ well-established Energy & Innovation department’s know-how and expertise. We are looking for a Vessel Performance Analyst to join our team and work on vessels’ performance monitoring and analysis. Responsibilities:• Be assigned with a fleet’s performance data analysis.• Maintain a communication channel for client consultation on fleet’s status and corrective actions.• Contribute with innovative ideas to continue developing new services, tools and products for our clients as well as contributing to execute our growth strategy.• Communicate with a broad network of international colleagues and experts in a professional and credible manner.• Plan and define the project stages, allocate available resources, coordinate the in-time project execution, supervise the process, maintain a high quality of deliverables.• Meet with the Management team for developing and improving project management and administration procedures and tools.• Coordinate different number and type of projects following annual quarter planning process.• Maintain in depth relations with other Company’s management and personnel in order to allow for efficient flow of information and know-how.• Maintain in depth relations with the Company’s clientele for ensuring efficient and in-time follow-up, troubleshooting and client satisfaction. Requirements:➢ Strong academic background attested by a M.Sc/M.Eng in Naval Architecture and Marine Engineering or Mechanical Engineering;➢ Demonstrated experience (1-3 years) in a shipping company or technical/consultancy firm;➢ Demonstrated experience (1-3 years) in daily reports and/or sensor data monitoring and analysis;➢ Proven skills in terms of project management;➢ Excellent written and verbal communication skills in English;➢ Familiarization and experience on a modern coding language will be considered an asset.Why Join Us?•Friendly and dynamic working environment, in which you can develop your skills and competencies• Competitive remuneration based on experience and bonus scheme based on performance• Private Insurance• Professional environment that supports work-life balance• Tailored training schemes",Mid-level,Full-time,"Vrilissia, Greece",EL,,,,2024-09-06,kariera.gr,168083
,"['http://data.europa.eu/esco/skill/143769cb-b61e-47d8-a61e-eedfbec1016c', 'http://data.europa.eu/esco/skill/14db3283-8b66-4649-9192-41defda9c33e', 'http://data.europa.eu/esco/skill/234aeb8d-56c3-4531-9193-1c5e6a8d16cb', 'http://data.europa.eu/esco/skill/292549e6-08ec-456c-b008-eba7a0a68428', 'http://data.europa.eu/esco/skill/2a0efd9a-4a60-4edc-8561-f2754d24eeb8', 'http://data.europa.eu/esco/skill/3012a059-e062-4171-b37e-f9e7c7eb603e', 'http://data.europa.eu/esco/skill/4339176e-3acd-4f7f-a5d9-445bee3d23f2', 'http://data.europa.eu/esco/skill/4377dd26-a0d6-497c-9ffe-f59308d36648', 'http://data.europa.eu/esco/skill/43ae58b9-5e56-4524-b45a-b422777a0576', 'http://data.europa.eu/esco/skill/65e58886-bd1e-4c5b-8ca5-8d9b353c8aa1', 'http://data.europa.eu/esco/skill/852d758c-f222-4edc-99ad-31c9e3bd8079', 'http://data.europa.eu/esco/skill/9f10e94b-a43d-4772-9f60-24e9bbbdedb7', 'http://data.europa.eu/esco/skill/a4346013-a967-4a58-a533-6b32ad1364c5', 'http://data.europa.eu/esco/skill/c76067d8-084b-4ca1-bc21-223a5caf7eea', 'http://data.europa.eu/esco/skill/da037304-d958-4580-89ad-edc914dc0b21', 'http://data.europa.eu/esco/skill/e37d64dc-0f05-4ee8-b065-bf76f70d8f5c', 'http://data.europa.eu/esco/skill/edebd83d-35f6-4ed5-a940-6c203d178c01']","['http://data.europa.eu/esco/occupation/207d7b18-6540-432e-8aa6-785ed434572f', 'http://data.europa.eu/esco/occupation/258e46f9-0075-4a2e-adae-1ff0477e0f30', 'http://data.europa.eu/esco/occupation/3d190639-90f8-4402-b1b3-a104a17e0d67', 'http://data.europa.eu/esco/occupation/72628f3a-fd49-499a-9741-870b0a1fcef2', 'http://data.europa.eu/esco/occupation/771955d9-e988-47f3-b60f-207adb2cd571', 'http://data.europa.eu/esco/occupation/99492920-e5a5-4dba-9e5a-93193147198c', 'http://data.europa.eu/esco/occupation/d3edb8f8-3a06-47a0-8fb9-9b212c006aa2', 'http://data.europa.eu/esco/occupation/e93b3b49-12e1-4b47-991c-dd4b0aec17d8', 'http://data.europa.eu/esco/isco/C1411']","['Business and other management consultancy activities', 'Computer programming activities', 'Computer consultancy and computer facilities management activities', 'Computing infrastructure, data processing, hosting and related activities', 'Research and experimental development on natural sciences and engineering', 'Research and experimental development on social sciences and humanities', 'Amusement and recreation activities n.e.c.', 'All other professional, scientific and technical activities n.e.c.', 'Activities auxiliary to insurance and pension funding n.e.c.']",741,Business Intelligence and Data Analyst (Atrium Platinum)-Rhodes,"Job Description:
Responsible for collecting, analyzing, and interpreting data to provide actionable insights that support data-driven decision-making. This role will focus on various aspects of the hotel's operations, including revenue optimization, and operational efficiency.
Applicant’s main accountabilities:

Collect and compile data from various sources (property management systems, reservations Platforms, financial reports) to create meaningful reports.
Develop and maintain regular performance reports on key metrics (occupancy rates, average daily rate, and revenue per available room).
Monitor and analyze market trends, competitive landscape and pricing strategies of other hotels in Rhodes.
Assist in the creation of budgets and financial forecasts.
Provide insights into revenue and cost projections for the hotel’s financial planning.
Ensure data privacy and security protocols are followed in data handing and reporting.

Applicant’s main qualifications:

Bachelor's degree or equivalent in Economics, Statistics, Mathematics, Data science or relevant field.
Master’s degree or equivalent in Data science, Economics or relevant field would be considered as extra asset.
Proficiency in data analytics and visualization tools (e.g., Excel, Tableau, Power BI).
Knowledge of hotel management systems and databases.
Minimum 2 years’ related experience in similar role.
Fluency in English; knowledge of other languages is a plus (preferably German).

Applicant’s main capabilities & values:

Integrity and confidentiality.
Excellent organizational skills.
Strong problem-solving and critical-thinking abilities.
Excellent communication and presentation skills.
Attention to detail and a commitment to data accuracy.

Company information and benefits:
The company offers a competitive remuneration package in a dynamic and highly professional working environment. Accommodation, meals and recreational facilities are also provided.
Furthermore, educational lectures and personalized training plans are conducted in order to meet employee needs.
Finally, a merit-based performance appraisal system is implemented, and a cash bonus is provided per month based on employee performance.",Mid-level,Full-time,"Rhodes, Greece",EL,,,,2024-09-06,kariera.gr,168096
,"['http://data.europa.eu/esco/skill/15a33d76-4640-438d-ae64-fdc0c1d3eebc', 'http://data.europa.eu/esco/skill/1835a7c1-600e-4b16-a0af-fb4f7d8d77b9', 'http://data.europa.eu/esco/skill/2239694b-771a-4586-8b54-2794e361a9ae', 'http://data.europa.eu/esco/skill/2c28fc20-8a60-4311-8899-5ef8729c05b3', 'http://data.europa.eu/esco/skill/2d140a3a-45a6-4248-80dd-b3760ebc9cc6', 'http://data.europa.eu/esco/skill/477173ca-5fc2-406b-9122-95d92811f284', 'http://data.europa.eu/esco/skill/49de9958-2aa4-4eef-a89d-fe5d5bcd28c4', 'http://data.europa.eu/esco/skill/4dafe480-f2ae-46b5-bd5e-8d4e538f50c7', 'http://data.europa.eu/esco/skill/60b44dab-03f1-46de-be08-0e5ba8662b3d', 'http://data.europa.eu/esco/skill/75b30aeb-34c0-40f4-b77d-271d75a98b14', 'http://data.europa.eu/esco/skill/98301d4a-2cc3-439d-8d7f-0b6ac76302bb', 'http://data.europa.eu/esco/skill/9e84a506-df06-4be3-874a-fa01293e3dd5', 'http://data.europa.eu/esco/skill/a8d24a95-47b3-4f88-92e7-06600bcd3612', 'http://data.europa.eu/esco/skill/c881ddd2-9c0e-4743-bd24-36be650493dd', 'http://data.europa.eu/esco/skill/f5308e60-d763-4ead-be95-88c96fb3e02b']","['http://data.europa.eu/esco/occupation/6a29d804-f775-446c-bec7-35fc4e28ac97', 'http://data.europa.eu/esco/occupation/c6bd511a-d966-4df9-a48e-4f800354f268', 'http://data.europa.eu/esco/occupation/d07e6a57-a339-4cfd-bf22-a951713148a3', 'http://data.europa.eu/esco/isco/C2', 'http://data.europa.eu/esco/isco/C2153', 'http://data.europa.eu/esco/isco/C2424']","['Business and other management consultancy activities', 'Activities of head offices', 'Telecommunication']",964,Senior Business Process Management (BPM) Analyst,"Volton Hellenic Energy SA is a Greek company that is dynamically active and is increasing its capacity rapidly in the field of Electricity Supply and Trading, in the Gas Energy Sector and soon enough in the field of Telecommunications.
By offering reliable services that meet the ever-growing energy needs of businesses and households, Volton aims to build solid and trustful relationships with its customers. The company's ambition is to become one of the most important companies in the industry and remain at the forefront of developments as the first Multiservice provider combining Electricity, Natural gas and Telecommunications. As part of its development, Volton strengthens its human resources in Athens and seeks:
 
Senior Business Process Management (BPM) Analyst
 
Taking on the role of Senior BPM Analyst, you will be the central point for all corporate procedures & projects, training communications, processes mapping, and/or relevant updates. You will develop and conduct business process and systems training for the training department and the business owners. You will also promote the use of technology, assist staff to make the best use of existing and emerging management tools and develop and maintain business processes documentations. The position reports to Senior Operations Manager.
 
Responsibilities:

Perform process & project analysis to design and redesign workflows and processes, to ensure effectiveness and efficiency.
Analyze and improve existing functionalities, methods and workflows to promote effective operations through standardization, improvement, simplification, or discontinuance.
Develop and deploy optimized business processes to enhance operational efficiency, improve workflow management, and drive continuous improvement across the company.
Ensure business process methods and workflows are in alignment with the strategic direction of the organization.
Coordinate initiatives that may cross business and site lines. Initiatives will include process and testing changes, procedure and development changes, training and system change requests.
Collaborates with peer trainers and business stakeholders, to ensure training needs are met across the organization in a consistent manner.

 
Necessary Qualifications:

3+ years of experience in Customer or Billing Operations within the Energy Sector or/and in the Telecommunications
Bachelor’s degree is a prerequisite; Master’s degree will be considered an asset.
Experience with CRM and CTI software is highly desirable.
Resourcefulness in finding solutions to process inefficiencies and operational challenges.
Precision in analyzing processes and ensuring that all elements are accounted for.
Ability to assess complex processes and identify areas for improvement.

 
Personal Skills:

Ability to clearly articulate ideas and effectively manage cross-functional teams.
Flexibility to adjust to changing business needs and process requirements.
Competence in managing multiple projects and deadlines while maintaining high standards.
Focus on designing processes that enhance customer satisfaction and experience.

 
The Company Offers:

Competitive remuneration package
Private insurance, corporate benefits and perks
Continuous training and professional development
Excellent professional environment
Modern and productive working facilities

 
Don’t miss the chance to join a Great Place to Work-Certified Company that promotes a positive work environment.
 
 
All applications will be treated with confidentiality.
If your CV meets the requirements of the job, we will contact you by phone to schedule an appointment.
Information about the Group on our site volton.gr",Mid-level,Full-time,"Athens, Greece",EL,,,,2024-09-05,kariera.gr,167826
,"['http://data.europa.eu/esco/skill/15d76317-c71a-4fa2-aadc-2ecc34e627b7', 'http://data.europa.eu/esco/skill/199f7919-5114-41b6-b6a5-41e0e4896ec1', 'http://data.europa.eu/esco/skill/1de548e0-9535-4d2e-9d20-d4474c1ea813', 'http://data.europa.eu/esco/skill/21fecc8a-392e-49ce-ac26-fb0696ccfead', 'http://data.europa.eu/esco/skill/6d3edede-8951-4621-a835-e04323300fa0', 'http://data.europa.eu/esco/skill/91abe492-18be-4cce-93c7-0dca07072363', 'http://data.europa.eu/esco/skill/cf310cff-0d28-4dbc-9dbb-cc500a3196c2']","['http://data.europa.eu/esco/isco/C1323', 'http://data.europa.eu/esco/isco/C214']",[],1030,Construction Manager,"RESPONSIBILITIES: 

Implementation of the entire project based on the study specifications and within given deadlines
Full knowledge of the project study 
Checking the applicability of the study and informing the Project Analyst of any deficiencies or excesses of the study
Guiding the project engineers in the selection of subcontractors
Overall responsibility for all site crew work
Guidance and support of project engineers
Overall responsibility and guidance of the foremen/labor staff of the project's subcontractors 
Maintaining good cooperative relations with subcontractors in the context of fulfilling the obligations of the subcontractors for the smooth implementation of the project
Resolve any problems that arise during the execution of the project 
Resolve any problems that arise in the cooperation between the various crews of the project
Responsible for the correct communication of the project staff with the client
Control and certification of subcontractors' departmental deliveries against the respective contract and approval of work bills
Anticipate possible interaction of work between various crews in the project work to avoid problems during the execution of the work
Take initiative to reduce project costs while overseeing work
Configuration, with or without the contribution of subcontractors, of the 'as-built' plans of the project

REQUIRED QUALIFICATIONS:





University or TEI degree in Civil Engineering
Basic knowledge of English language
Knowledge of H/Y, MS Office, Autocad
At least 4 years of work experience in building or industrial private project sites
Responsibility, initiative within the scope of his responsibilities and focus on the result
Experience and ability to manage subcontractors
Ease of communication

PAYMENTS & OUTLOOK:

Competitive salary
Offsite compensation
Bonus depending on the financial results of the company
Group medical insurance plan
Continuous education
Professional development prospects",Senior,Full-time,"Athens, Greece",EL,,,,2024-09-04,kariera.gr,167739
,"['http://data.europa.eu/esco/skill/0b144726-21c2-46ed-8d13-c03d27f61604', 'http://data.europa.eu/esco/skill/2a0efd9a-4a60-4edc-8561-f2754d24eeb8', 'http://data.europa.eu/esco/skill/31c69100-b612-4a61-8db5-fd314318854c', 'http://data.europa.eu/esco/skill/43ae58b9-5e56-4524-b45a-b422777a0576', 'http://data.europa.eu/esco/skill/477173ca-5fc2-406b-9122-95d92811f284', 'http://data.europa.eu/esco/skill/55514865-3066-4abd-86a9-dbe45a440882', 'http://data.europa.eu/esco/skill/71746a0b-e58d-4dc4-ad03-bd84082eae21', 'http://data.europa.eu/esco/skill/97bd1c21-66b2-4b7e-ad0f-e3cda590e378', 'http://data.europa.eu/esco/skill/adc6dc11-3376-467b-96c5-9b0a21edc869', 'http://data.europa.eu/esco/skill/c3e36d05-8ae8-447f-bb2b-6f9409f85389', 'http://data.europa.eu/esco/skill/f683ae1d-cb7c-4aa1-b9fe-205e1bd23535']","['http://data.europa.eu/esco/occupation/3d190639-90f8-4402-b1b3-a104a17e0d67', 'http://data.europa.eu/esco/occupation/99492920-e5a5-4dba-9e5a-93193147198c']","['Computer programming activities', 'Computing infrastructure, data processing, hosting and related activities', 'Research and experimental development on social sciences and humanities', 'All other professional, scientific and technical activities n.e.c.']",1075,Workforce Management Analyst,"Novibet is looking for a Workforce Management Analyst to join our dynamic Customer Support team, based in our offices in Athens.Novibet, founded in 2010, is an established GameTech company that operates in several countries across Europe through its offices in Greece & Malta. Licensed and regulated by MGA, ADM and HGC, and Irish Revenue Commissioners, Novibet is committed to delivering the best sports betting and gaming experience to an ever-expanding customer base.Your roleAs Workforce Management Analyst you will join the Workforce Management team in our Customer Support department. The Workforce team keeps the powerful 24/7 Customer Support engine fine-tuned and ensures its operation at peak efficiency. As a WFA you will be collecting, reviewing, and reporting performance data and customer feedback data which will further help us to provide a great Customer and Employee Experience. The position reports to the Workforce Management Manager and your daily tasks will be: Monitoring, managing, and organizing multi-frequency data reports from various tools and databases, and setting up comprehensive reporting mechanisms.Defining and monitoring KPIs to evaluate the effectiveness of workforce strategies and processes. Compiling and presenting data in a standardized format for review by management and other stakeholders. Collecting and synthesizing data from various sources for use in different analytical tools. Maintaining databases with regular updates. Conducting weekly or monthly performance reviews and presenting data-driven insights with actionable proposals for root cause analysis. Recommending areas for improvement in WFM processes and identifying opportunities for enhanced efficiency. Utilizing workforce data to enhance customer experience by ensuring adequate staffing levels and quick response times. Generating ideas for process and service improvements, contributing to continuous enhancement initiatives. Assisting with special projects and other duties within Workforce Management as assigned. Collaborating with team members and other departments to align workforce strategies with business goals. Staying adaptable and open to learning new tools and methodologies to improve workforce management processes. RequirementsAt least 1 year of experience in a Workforce Management role or a related field, with a strong background in Statistics and Data Analysis.Proficiency with WFM/Shift scheduling tools and an understanding of workforce planning principles. Solid knowledge of Microsoft Office and Google Workspace tools for data analysis and reporting. Experience with forecasting and scheduling software (e.g., Optishift) is preferred. Familiarity with reporting tools such as Zendesk Explore and Google Looker Studio for data visualization is a plus. Demonstrated experience with continuous process improvements is advantageous. Excellent communication and interpersonal skills, with an emphasis on collaboration. A strong analytical mindset with keen attention to detail and problem-solving abilities. Exceptional organizational skills, with the ability to multitask and prioritize effectively. A Bachelor’s or Master’s degree in Statistics, Data Analytics, Economics, or a related field. BenefitsAt Novibet, we do value our people! Our team consists of passionate and highly aspirated professionals who strive for innovation daily! We support everyone to rise and reach their highest potential within a fun, fast-paced and challenging working environment!We are proud to offer our team the following: Competitive remuneration and benefits package including bonus scheme  Recognition and reward programs to recognize your achievements and contributions All the gear you need to support your everyday work life    A lot of special celebrations, sports and well-being events and team bonding activities Supportive team – friendly, international and multicultural environment Focus on our people’s career development, empowering our team with internal rotation continuous feedback and training",Entry / Junior,Full-time,"Athens, Greece",EL,,,,2024-09-04,kariera.gr,167701
,"['http://data.europa.eu/esco/skill/07e51c60-763a-4335-b4ec-70a15f66d328', 'http://data.europa.eu/esco/skill/23ac233d-84ad-4517-b0f5-8ca19ba2614e', 'http://data.europa.eu/esco/skill/5c1e686c-92cc-4bd7-9f23-51f9d8a58886', 'http://data.europa.eu/esco/skill/633a3637-2c6b-40ae-ac38-289eb2a62aa6', 'http://data.europa.eu/esco/skill/68698869-c13c-4563-adc7-118b7644f45d', 'http://data.europa.eu/esco/skill/69a13bed-1b33-455d-bf82-13e603f6c859', 'http://data.europa.eu/esco/skill/8f6ed69b-29d0-4c01-81ba-f05920a185f3', 'http://data.europa.eu/esco/skill/cc7370dd-69fa-4c67-a96f-d4d135d38700', 'http://data.europa.eu/esco/skill/fc3cdc2c-7b79-4b5c-a4b0-f3b996fef849']","['http://data.europa.eu/esco/occupation/1c85eee2-a8ca-4750-a889-10a3e6c17b80', 'http://data.europa.eu/esco/occupation/7086d0ca-1e77-4690-89c9-7ed1a0478fa3', 'http://data.europa.eu/esco/occupation/719f101d-1866-49d3-8d5c-2256f606a8b9', 'http://data.europa.eu/esco/occupation/d3edb8f8-3a06-47a0-8fb9-9b212c006aa2', 'http://data.europa.eu/esco/occupation/fe0fa514-b48d-4a53-9757-a283c0baacf0', 'http://data.europa.eu/esco/isco/C214']","['Fund management activities', 'Other information technology and computer service activities', 'Computing infrastructure, data processing, hosting and related activities', 'Computer consultancy and computer facilities management activities', 'Business and other management consultancy activities', 'Computer programming activities', 'Other information service activities']",1130,IT Operations Business Analyst (Senior),"Company DescriptionWe are Netcompany-Intrasoft, a member of Netcompany Group A/S, and a leading European IT Solutions and Services company with strong international presence and expertise, dedicated to responsible digitalisation. We offer innovative and added-value solutions of the highest quality to a wide range of public and private organizations, while being a key-player in the EU Institutions for the past 30 years. We hold an outstanding record of 500+ organizations in 70+ countries, that have chosen our solutions and services, to fulfil their business needs. Our team of 3500+ professionals is our driving force and our most valuable asset.Job DescriptionAre you ready to discover the role of a Senior IT Operations Business Analyst in Netcompany-Intrasoft?  Joining us as a Senior IT Operations Business Analyst, you will have the opportunity to be a part of our highly skilled agile team that designs, deploys, customizes, and supports the development and implementation of large-scale applications or projects related to e-Government, EU Institutions and Enterprise solutions.As a Senior IT Operations Business Analyst you will:Engage with Business Analysis and Data AnalysisMonitor data quality metrics and ensure business data and reporting needs are metProduce reports for the EU process owner on a regular basis according to the agreed level of servicePerform on-demand data & business analysis for the quality of operationsIdentify recurrent operational problems or negative trends and recommend solutions to overcome themDetect and handle incidents based on the Event and Incident management processesParticipate in the coordination activities between the EU Member States and all involved stakeholdersCoordinate the testing of the EU Member States national customs applications, assuring the smooth transition from testing to the production environmentPerform presentations on business & application-related topicsQualificationsWhat would make you a fit for the role:Degree in Computer Science, Engineering or other relevant fieldsAt least 6 years of working experience in operations (including data-analysis experience)Passion for and ability to understand customer needs and deliver great solutionsAdvanced knowledge of MS ExcelExcellent communication & presentation skills in English (written & verbal)Team-leading experience would be an advantageStrong problem-solving skillsStrong organizational skills: task prioritization, effective time management, meeting organization, and facilitationIt would also be a plus if you match some of the following:Knowledge of SQLExperience in analysis and design of information systemsITIL certificationKnowledge of French and/or German languageAdditional InformationBeing a part of the Netcompany-Ιntrasoft team, you will be provided with: The opportunity to work in a modern environment & in a hybrid working modelA seamless onboarding experience and a buddy to support you on your first stepsA competitive compensation & benefits packageHealth and life insurance programMeal and commuting allowanceWell-being activities (on premises)Continuous learning opportunities using the most modern methods (unlimited access to Udemy for Business, ad-hoc trainings)A personalized development plan for targeted career growthIf you are looking forward to be part of a diverse environment, and have the opportunity to work alongside well-experienced professionals, on challenging, large-scale projects that directly impact millions of citizens around the globe, then this is the place to be!  By joining Netcompany-Intrasoft Athens, you will be part of a vivid team of 2000+ tech enthusiasts. When at the office you will have the chance to work at our brand-new, state-of-the-art, sustainable offices, located in 3 different spots in Athens!#LI-Hybrid #LI-MR1 #LI-AG1Our cultureOur people are the most important element of our success. Our work life is well defined by our set of fundamental Values: https://bit.ly/3SSbBzU  #BePartOfSomethingGreat!*Please submit your CV in EnglishAll applications will be treated as strictly confidential.",,Full-time,"Athens, Greece",EL,,,,2024-09-04,kariera.gr,150413
,"['http://data.europa.eu/esco/skill/07e51c60-763a-4335-b4ec-70a15f66d328', 'http://data.europa.eu/esco/skill/23ac233d-84ad-4517-b0f5-8ca19ba2614e', 'http://data.europa.eu/esco/skill/5c1e686c-92cc-4bd7-9f23-51f9d8a58886', 'http://data.europa.eu/esco/skill/633a3637-2c6b-40ae-ac38-289eb2a62aa6', 'http://data.europa.eu/esco/skill/68698869-c13c-4563-adc7-118b7644f45d', 'http://data.europa.eu/esco/skill/69a13bed-1b33-455d-bf82-13e603f6c859', 'http://data.europa.eu/esco/skill/8f6ed69b-29d0-4c01-81ba-f05920a185f3', 'http://data.europa.eu/esco/skill/cc7370dd-69fa-4c67-a96f-d4d135d38700', 'http://data.europa.eu/esco/skill/fc3cdc2c-7b79-4b5c-a4b0-f3b996fef849']","['http://data.europa.eu/esco/occupation/1c85eee2-a8ca-4750-a889-10a3e6c17b80', 'http://data.europa.eu/esco/occupation/7086d0ca-1e77-4690-89c9-7ed1a0478fa3', 'http://data.europa.eu/esco/occupation/719f101d-1866-49d3-8d5c-2256f606a8b9', 'http://data.europa.eu/esco/occupation/d3edb8f8-3a06-47a0-8fb9-9b212c006aa2', 'http://data.europa.eu/esco/occupation/fe0fa514-b48d-4a53-9757-a283c0baacf0', 'http://data.europa.eu/esco/isco/C214']","['Fund management activities', 'Other information technology and computer service activities', 'Computing infrastructure, data processing, hosting and related activities', 'Computer consultancy and computer facilities management activities', 'Business and other management consultancy activities', 'Computer programming activities', 'Other information service activities']",1131,IT Operations Business Analyst (Senior),"Company DescriptionWe are Netcompany-Intrasoft, a member of Netcompany Group A/S, and a leading European IT Solutions and Services company with strong international presence and expertise, dedicated to responsible digitalisation. We offer innovative and added-value solutions of the highest quality to a wide range of public and private organizations, while being a key-player in the EU Institutions for the past 30 years. We hold an outstanding record of 500+ organizations in 70+ countries, that have chosen our solutions and services, to fulfil their business needs. Our team of 3500+ professionals is our driving force and our most valuable asset.Job DescriptionAre you ready to discover the role of a Senior IT Operations Business Analyst in Netcompany-Intrasoft?  Joining us as a Senior IT Operations Business Analyst, you will have the opportunity to be a part of our highly skilled agile team that designs, deploys, customizes, and supports the development and implementation of large-scale applications or projects related to e-Government, EU Institutions and Enterprise solutions.As a Senior IT Operations Business Analyst you will:Engage with Business Analysis and Data AnalysisMonitor data quality metrics and ensure business data and reporting needs are metProduce reports for the EU process owner on a regular basis according to the agreed level of servicePerform on-demand data & business analysis for the quality of operationsIdentify recurrent operational problems or negative trends and recommend solutions to overcome themDetect and handle incidents based on the Event and Incident management processesParticipate in the coordination activities between the EU Member States and all involved stakeholdersCoordinate the testing of the EU Member States national customs applications, assuring the smooth transition from testing to the production environmentPerform presentations on business & application-related topicsQualificationsWhat would make you a fit for the role:Degree in Computer Science, Engineering or other relevant fieldsAt least 6 years of working experience in operations (including data-analysis experience)Passion for and ability to understand customer needs and deliver great solutionsAdvanced knowledge of MS ExcelExcellent communication & presentation skills in English (written & verbal)Team-leading experience would be an advantageStrong problem-solving skillsStrong organizational skills: task prioritization, effective time management, meeting organization, and facilitationIt would also be a plus if you match some of the following:Knowledge of SQLExperience in analysis and design of information systemsITIL certificationKnowledge of French and/or German languageAdditional InformationBeing a part of the Netcompany-Ιntrasoft team, you will be provided with: The opportunity to work in a modern environment & in a hybrid working modelA seamless onboarding experience and a buddy to support you on your first stepsA competitive compensation & benefits packageHealth and life insurance programMeal and commuting allowanceWell-being activities (on premises)Continuous learning opportunities using the most modern methods (unlimited access to Udemy for Business, ad-hoc trainings)A personalized development plan for targeted career growthIf you are looking forward to be part of a diverse environment, and have the opportunity to work alongside well-experienced professionals, on challenging, large-scale projects that directly impact millions of citizens around the globe, then this is the place to be!  Join Netcompany-Intrasoft Thessaloniki's branch, and be part of our 250+ tech enthusiasts team!#LI-Hybrid #LI-MR1 #LI-AG1Our cultureOur people are the most important element of our success. Our work life is well defined by our set of fundamental Values: https://bit.ly/3SSbBzU  #BePartOfSomethingGreat!*Please submit your CV in EnglishAll applications will be treated as strictly confidential.",,Full-time,"Thessaloniki, Greece",EL,,,,2024-09-04,kariera.gr,150412
,"['http://data.europa.eu/esco/skill/07e51c60-763a-4335-b4ec-70a15f66d328', 'http://data.europa.eu/esco/skill/0ee94c0a-3716-494a-95a2-dcbab9e58be2', 'http://data.europa.eu/esco/skill/23ac233d-84ad-4517-b0f5-8ca19ba2614e', 'http://data.europa.eu/esco/skill/477173ca-5fc2-406b-9122-95d92811f284', 'http://data.europa.eu/esco/skill/5c1e686c-92cc-4bd7-9f23-51f9d8a58886', 'http://data.europa.eu/esco/skill/69a13bed-1b33-455d-bf82-13e603f6c859', 'http://data.europa.eu/esco/skill/6a7792a9-888a-46ad-afc9-2c0d94c8fde6', 'http://data.europa.eu/esco/skill/7557f0f4-b8bc-4ac0-b91e-222ab1ba744f', 'http://data.europa.eu/esco/skill/8f6ed69b-29d0-4c01-81ba-f05920a185f3']","['http://data.europa.eu/esco/occupation/1c85eee2-a8ca-4750-a889-10a3e6c17b80', 'http://data.europa.eu/esco/occupation/719f101d-1866-49d3-8d5c-2256f606a8b9', 'http://data.europa.eu/esco/occupation/725090a7-9943-4dae-8079-a6999d21ddba', 'http://data.europa.eu/esco/occupation/b1c80369-067e-4041-84c8-dbe65640a5d8', 'http://data.europa.eu/esco/occupation/fe0fa514-b48d-4a53-9757-a283c0baacf0']","['Fund management activities', 'Computer consultancy and computer facilities management activities', 'Business and other management consultancy activities', 'WHOLESALE AND RETAIL TRADE', 'Activities of head offices', 'Other information service activities']",1132,IT Business Analyst,"Company DescriptionWe are Netcompany-Intrasoft, a member of Netcompany Group A/S, and a leading European IT Solutions and Services company with strong international presence and expertise, dedicated to responsible digitalisation. We offer innovative and added-value solutions of the highest quality to a wide range of public and private organizations, while being a key-player in the EU Institutions for the past 30 years. We hold an outstanding record of 500+ organizations in 70+ countries, that have chosen our solutions and services, to fulfil their business needs. Our team of 3500+ professionals is our driving force and our most valuable asset.Job DescriptionAre you ready to join the forefront of technology as an IT Business Analyst in Netcompany-Intrasoft? Joining us as an IT Business Analyst, you will have the opportunity to be a part of our highly skilled agile team that designs, deploys, customizes, and supports the development and implementation of large-scale applications or projects related to e-Government, EU Institutions and Enterprise solutions.As an IT Business Analyst, you will:Participate and/or lead the workshops with the customer, in order to gather business requirements and perform a fit/gap analysisWrite of the Project's DeliverablesMap user requirements to system capabilitiesParticipate in configuring, parameterizing, and customizing software modulesCoordinate with the developers' team for software customizationsMonitor the implementation of software customizationsPerform Unit & Integration Tests on software customizations and custom developmentParticipate and/or lead the User Acceptance Test (UAT), support activities and act as a point of contact for the Customer's UsersAct as a liaison between customer stakeholders and communicate customer issues to the relevant technical teamsQualificationsWhat would make you a fit for the role:Degree in Computer Science or a relative disciplineExperience in IT Consulting, ERP Consulting, Manual or Automation Testing, Software DevelopmentAnalytical thinking personality with problem-solving abilitiesEffective communication and strong presentation skillsFast learning skills and quick adaptation to complex business environmentsFluency in the English languageIt would also be a plus if you match some of the following:Experience in Agile methodologiesExperience in ERP consulting and implementationExperience with Business Process Models and Notation Experience with Business Rules Management System Experience in UATExperience in software development and databasesAdditional InformationBeing a part of the Netcompany-Ιntrasoft team, you will be provided with: The opportunity to work in a modern environment & in a hybrid working modelA seamless onboarding experience and a buddy to support you on your first stepsA competitive compensation & benefits packageHealth and life insurance programMeal and commuting allowanceWell-being activities (on premises)Continuous learning opportunities using the most modern methods (unlimited access to Udemy for Business, ad-hoc trainings)A personalized development plan for targeted career growthIf you are looking forward to be part of a diverse environment, and have the opportunity to work alongside well-experienced professionals, on challenging, large-scale projects that directly impact millions of citizens around the globe, then this is the place to be!By joining Netcompany-Intrasoft Athens, you will be part of a vivid team of 2000+ tech enthusiasts. When at the office you will have the chance to work at our brand-new, state-of-the-art, sustainable offices, located in 3 different spots in Athens!#LI-Hybrid #LI-MR1 #LI-AG1Our cultureOur people are the most important element of our success. Our work life is well defined by our set of fundamental Values: https://bit.ly/3SSbBzU  #BePartOfSomethingGreat!*Please submit your CV in EnglishAll applications will be treated as strictly confidential.",,Full-time,"Athens, Greece",EL,,,,2024-09-04,kariera.gr,150411
,"['http://data.europa.eu/esco/skill/07e51c60-763a-4335-b4ec-70a15f66d328', 'http://data.europa.eu/esco/skill/0ee94c0a-3716-494a-95a2-dcbab9e58be2', 'http://data.europa.eu/esco/skill/23ac233d-84ad-4517-b0f5-8ca19ba2614e', 'http://data.europa.eu/esco/skill/477173ca-5fc2-406b-9122-95d92811f284', 'http://data.europa.eu/esco/skill/5c1e686c-92cc-4bd7-9f23-51f9d8a58886', 'http://data.europa.eu/esco/skill/69a13bed-1b33-455d-bf82-13e603f6c859', 'http://data.europa.eu/esco/skill/6a7792a9-888a-46ad-afc9-2c0d94c8fde6', 'http://data.europa.eu/esco/skill/7557f0f4-b8bc-4ac0-b91e-222ab1ba744f', 'http://data.europa.eu/esco/skill/8f6ed69b-29d0-4c01-81ba-f05920a185f3']","['http://data.europa.eu/esco/occupation/1c85eee2-a8ca-4750-a889-10a3e6c17b80', 'http://data.europa.eu/esco/occupation/719f101d-1866-49d3-8d5c-2256f606a8b9', 'http://data.europa.eu/esco/occupation/725090a7-9943-4dae-8079-a6999d21ddba', 'http://data.europa.eu/esco/occupation/b1c80369-067e-4041-84c8-dbe65640a5d8', 'http://data.europa.eu/esco/occupation/fe0fa514-b48d-4a53-9757-a283c0baacf0']","['Fund management activities', 'Computer consultancy and computer facilities management activities', 'Business and other management consultancy activities', 'WHOLESALE AND RETAIL TRADE', 'Activities of head offices', 'Other information service activities']",1133,IT Business Analyst,"Company DescriptionWe are Netcompany-Intrasoft, a member of Netcompany Group A/S, and a leading European IT Solutions and Services company with strong international presence and expertise, dedicated to responsible digitalisation. We offer innovative and added-value solutions of the highest quality to a wide range of public and private organizations, while being a key-player in the EU Institutions for the past 30 years. We hold an outstanding record of 500+ organizations in 70+ countries, that have chosen our solutions and services, to fulfil their business needs. Our team of 3500+ professionals is our driving force and our most valuable asset.Job DescriptionAre you ready to join the forefront of technology as an IT Business Analyst in Netcompany-Intrasoft? Joining us as an IT Business Analyst, you will have the opportunity to be a part of our highly skilled agile team that designs, deploys, customizes, and supports the development and implementation of large-scale applications or projects related to e-Government, EU Institutions and Enterprise solutions.As an IT Business Analyst, you will:Participate and/or lead the workshops with the customer, in order to gather business requirements and perform a fit/gap analysisWrite of the Project's DeliverablesMap user requirements to system capabilitiesParticipate in configuring, parameterizing, and customizing software modulesCoordinate with the developers' team for software customizationsMonitor the implementation of software customizationsPerform Unit & Integration Tests on software customizations and custom developmentParticipate and/or lead the User Acceptance Test (UAT), support activities and act as a point of contact for the Customer's UsersAct as a liaison between customer stakeholders and communicate customer issues to the relevant technical teamsQualificationsWhat would make you a fit for the role:Degree in Computer Science or a relative disciplineExperience in IT Consulting, ERP Consulting, Manual or Automation Testing, Software DevelopmentAnalytical thinking personality with problem-solving abilitiesEffective communication and strong presentation skillsFast learning skills and quick adaptation to complex business environmentsFluency in the English languageIt would also be a plus if you match some of the following:Experience in Agile methodologiesExperience in ERP consulting and implementationExperience with Business Process Models and Notation Experience with Business Rules Management System Experience in UATExperience in software development and databasesAdditional InformationBeing a part of the Netcompany-Ιntrasoft team, you will be provided with: The opportunity to work in a modern environment & in a hybrid working modelA seamless onboarding experience and a buddy to support you on your first stepsA competitive compensation & benefits packageHealth and life insurance programMeal and commuting allowanceWell-being activities (on premises)Continuous learning opportunities using the most modern methods (unlimited access to Udemy for Business, ad-hoc trainings)A personalized development plan for targeted career growthIf you are looking forward to be part of a diverse environment, and have the opportunity to work alongside well-experienced professionals, on challenging, large-scale projects that directly impact millions of citizens around the globe, then this is the place to be!Join Netcompany-Intrasoft Thessaloniki's branch, and be part of our 250+ tech enthusiasts team!#LI-Hybrid #LI-MR1 #LI-AG1Our cultureOur people are the most important element of our success. Our work life is well defined by our set of fundamental Values: https://bit.ly/3SSbBzU  #BePartOfSomethingGreat!*Please submit your CV in EnglishAll applications will be treated as strictly confidential.",,Full-time,"Thessaloniki, Greece",EL,,,,2024-09-04,kariera.gr,150409
,"['http://data.europa.eu/esco/skill/07e51c60-763a-4335-b4ec-70a15f66d328', 'http://data.europa.eu/esco/skill/0ee94c0a-3716-494a-95a2-dcbab9e58be2', 'http://data.europa.eu/esco/skill/23ac233d-84ad-4517-b0f5-8ca19ba2614e', 'http://data.europa.eu/esco/skill/477173ca-5fc2-406b-9122-95d92811f284', 'http://data.europa.eu/esco/skill/5c1e686c-92cc-4bd7-9f23-51f9d8a58886', 'http://data.europa.eu/esco/skill/69a13bed-1b33-455d-bf82-13e603f6c859', 'http://data.europa.eu/esco/skill/7557f0f4-b8bc-4ac0-b91e-222ab1ba744f', 'http://data.europa.eu/esco/skill/8f6ed69b-29d0-4c01-81ba-f05920a185f3', 'http://data.europa.eu/esco/skill/98301d4a-2cc3-439d-8d7f-0b6ac76302bb']","['http://data.europa.eu/esco/occupation/1c85eee2-a8ca-4750-a889-10a3e6c17b80', 'http://data.europa.eu/esco/occupation/4b3201cb-ffc5-4f61-9fc3-5c0f0038fa5f', 'http://data.europa.eu/esco/occupation/57af9090-55b4-4911-b2d0-86db01c00b02', 'http://data.europa.eu/esco/occupation/719f101d-1866-49d3-8d5c-2256f606a8b9', 'http://data.europa.eu/esco/occupation/725090a7-9943-4dae-8079-a6999d21ddba', 'http://data.europa.eu/esco/occupation/b1c80369-067e-4041-84c8-dbe65640a5d8', 'http://data.europa.eu/esco/occupation/fe0fa514-b48d-4a53-9757-a283c0baacf0']","['Fund management activities', 'Computer programming activities', 'Computer consultancy and computer facilities management activities', 'Business and other management consultancy activities', 'WHOLESALE AND RETAIL TRADE', 'Activities of head offices', 'Other information service activities']",1134,Career Change to IT Business Analysis,"Company DescriptionWe are Netcompany-Intrasoft, a member of Netcompany Group A/S, and a leading European IT Solutions and Services company with strong international presence and expertise, dedicated to responsible digitalisation. We offer innovative and added-value solutions of the highest quality to a wide range of public and private organizations, while being a key-player in the EU Institutions for the past 30 years. We hold an outstanding record of 500+ organizations in 70+ countries, that have chosen our solutions and services, to fulfil their business needs. Our team of 3500+ professionals is our driving force and our most valuable asset.Job DescriptionAt Netcompany-Intrasoft, we warmly support any reskilling endeavor, offering opportunities to transition into roles that align with your passions. If you have experience in IT or ERP Consulting, Manual or Automation Testing, or Software Development, and aspire to become an IT Business Analyst, this position is ideal for you.Are you ready for a sneak-peek in the day of an IT Business Analyst in Netcompany-Intrasoft? Joining us as an IT Business Analyst, you will have the opportunity to be a part of our highly skilled agile team that designs, deploys, customizes, and supports the development and implementation of large-scale applications or projects related to e-Government, EU Institutions and Enterprise solutions.As an IT Business Analyst, you will:Participate and/or lead the workshops with the customer, in order to gather business requirements and perform a fit/gap analysisWrite of the Project's DeliverablesMap user requirements to system capabilitiesParticipate in configuring, parameterizing, and customizing software modulesCoordinate with the developers' team for software customizationsMonitor the implementation of software customizationsPerform Unit & Integration Tests on software customizations and custom developmentParticipate and/or lead the User Acceptance Test (UAT), support activities and act as a point of contact for the Customer's UsersAct as a liaison between customer stakeholders and communicate customer issues to the relevant technical teamsQualificationsWhat would make you a fit for the role:Degree in Computer Science or a relative disciplineExperience in IT Consulting, ERP Consulting, Manual or Automation Testing, Software DevelopmentAnalytical thinking personality with problem-solving abilitiesEffective communication and strong presentation skillsFast learning skills and quick adaptation to complex business environmentsFluency in the English languageIt would also be a plus if you match some of the following:Experience in Agile methodologiesExperience in ERP consulting and implementationExperience in the Analysis and Design of information systemsExperience with Business Process Modeling and Notation Experience with Business Rules Management System Experience in User Acceptance Testing (UAT)Experience in software development and databasesAdditional InformationBeing a part of the Netcompany-Ιntrasoft team, you will be provided with: The opportunity to work in a modern environment & in a hybrid working modelA seamless onboarding experience and a buddy to support you on your first stepsA competitive compensation & benefits packageHealth and life insurance programMeal and commuting allowanceWell-being activities (on premises)Continuous learning opportunities using the most modern methods (unlimited access to Udemy for Business, ad-hoc trainings)A personalized development plan for targeted career growthIf you are looking forward to be part of a diverse environment, and have the opportunity to work alongside well-experienced professionals, on challenging, large-scale projects that directly impact millions of citizens around the globe, then this is the place to be!By joining Netcompany-Intrasoft Athens, you will be part of a vivid team of 2000+ tech enthusiasts. When at the office you will have the chance to work at our brand-new, state-of-the-art, sustainable offices, located in 3 different spots in Athens!#LI-Hybrid #LI-MR1 #LI-AG1Our cultureOur people are the most important element of our success. Our work life is well defined by our set of fundamental Values: https://bit.ly/3SSbBzU  #BePartOfSomethingGreat!*Please submit your CV in EnglishAll applications will be treated as strictly confidential.",,Full-time,"Athens, Greece",EL,,,,2024-09-04,kariera.gr,150407
,"['http://data.europa.eu/esco/skill/07e51c60-763a-4335-b4ec-70a15f66d328', 'http://data.europa.eu/esco/skill/0ee94c0a-3716-494a-95a2-dcbab9e58be2', 'http://data.europa.eu/esco/skill/23ac233d-84ad-4517-b0f5-8ca19ba2614e', 'http://data.europa.eu/esco/skill/477173ca-5fc2-406b-9122-95d92811f284', 'http://data.europa.eu/esco/skill/5c1e686c-92cc-4bd7-9f23-51f9d8a58886', 'http://data.europa.eu/esco/skill/69a13bed-1b33-455d-bf82-13e603f6c859', 'http://data.europa.eu/esco/skill/7557f0f4-b8bc-4ac0-b91e-222ab1ba744f', 'http://data.europa.eu/esco/skill/8f6ed69b-29d0-4c01-81ba-f05920a185f3', 'http://data.europa.eu/esco/skill/98301d4a-2cc3-439d-8d7f-0b6ac76302bb']","['http://data.europa.eu/esco/occupation/1c85eee2-a8ca-4750-a889-10a3e6c17b80', 'http://data.europa.eu/esco/occupation/4b3201cb-ffc5-4f61-9fc3-5c0f0038fa5f', 'http://data.europa.eu/esco/occupation/57af9090-55b4-4911-b2d0-86db01c00b02', 'http://data.europa.eu/esco/occupation/719f101d-1866-49d3-8d5c-2256f606a8b9', 'http://data.europa.eu/esco/occupation/725090a7-9943-4dae-8079-a6999d21ddba', 'http://data.europa.eu/esco/occupation/b1c80369-067e-4041-84c8-dbe65640a5d8', 'http://data.europa.eu/esco/occupation/fe0fa514-b48d-4a53-9757-a283c0baacf0']","['Fund management activities', 'Computer programming activities', 'Computer consultancy and computer facilities management activities', 'Business and other management consultancy activities', 'WHOLESALE AND RETAIL TRADE', 'Activities of head offices', 'Other information service activities']",1135,Career Change to IT Business Analysis,"Company DescriptionWe are Netcompany-Intrasoft, a member of Netcompany Group A/S, and a leading European IT Solutions and Services company with strong international presence and expertise, dedicated to responsible digitalisation. We offer innovative and added-value solutions of the highest quality to a wide range of public and private organizations, while being a key-player in the EU Institutions for the past 30 years. We hold an outstanding record of 500+ organizations in 70+ countries, that have chosen our solutions and services, to fulfil their business needs. Our team of 3500+ professionals is our driving force and our most valuable asset.Job DescriptionAt Netcompany-Intrasoft, we warmly support any reskilling endeavor, offering opportunities to transition into roles that align with your passions. If you have experience in IT or ERP Consulting, Manual or Automation Testing, or Software Development, and aspire to become an IT Business Analyst, this position is ideal for you.Are you ready for a sneak-peek in the day of an IT Business Analyst in Netcompany-Intrasoft? Joining us as an IT Business Analyst, you will have the opportunity to be a part of our highly skilled agile team that designs, deploys, customizes, and supports the development and implementation of large-scale applications or projects related to e-Government, EU Institutions and Enterprise solutions.As an IT Business Analyst, you will:Participate and/or lead the workshops with the customer, in order to gather business requirements and perform a fit/gap analysisWrite of the Project's DeliverablesMap user requirements to system capabilitiesParticipate in configuring, parameterizing, and customizing software modulesCoordinate with the developers' team for software customizationsMonitor the implementation of software customizationsPerform Unit & Integration Tests on software customizations and custom developmentParticipate and/or lead the User Acceptance Test (UAT), support activities and act as a point of contact for the Customer's UsersAct as a liaison between customer stakeholders and communicate customer issues to the relevant technical teamsQualificationsWhat would make you a fit for the role:Degree in Computer Science or a relative disciplineExperience in IT Consulting, ERP Consulting, Manual or Automation Testing, Software DevelopmentAnalytical thinking personality with problem-solving abilitiesEffective communication and strong presentation skillsFast learning skills and quick adaptation to complex business environmentsFluency in the English languageIt would also be a plus if you match some of the following:Experience in Agile methodologiesExperience in ERP consulting and implementationExperience in the Analysis and Design of information systemsExperience with Business Process Modeling and Notation Experience with Business Rules Management System Experience in User Acceptance Testing (UAT)Experience in software development and databasesAdditional InformationBeing a part of the Netcompany-Ιntrasoft team, you will be provided with: The opportunity to work in a modern environment & in a hybrid working modelA seamless onboarding experience and a buddy to support you on your first stepsA competitive compensation & benefits packageHealth and life insurance programMeal and commuting allowanceWell-being activities (on premises)Continuous learning opportunities using the most modern methods (unlimited access to Udemy for Business, ad-hoc trainings)A personalized development plan for targeted career growthIf you are looking forward to be part of a diverse environment, and have the opportunity to work alongside well-experienced professionals, on challenging, large-scale projects that directly impact millions of citizens around the globe, then this is the place to be!Join Netcompany-Intrasoft Thessaloniki's branch, and be part of our 250+ tech enthusiasts team!#LI-Hybrid #LI-MR1 #LI-AG1Our cultureOur people are the most important element of our success. Our work life is well defined by our set of fundamental Values: https://bit.ly/3SSbBzU  #BePartOfSomethingGreat!*Please submit your CV in EnglishAll applications will be treated as strictly confidential.",,Full-time,"Thessaloniki, Greece",EL,,,,2024-09-04,kariera.gr,150405
,"['http://data.europa.eu/esco/skill/0c9da986-721e-4f75-b566-0c6c212a8f60', 'http://data.europa.eu/esco/skill/234aeb8d-56c3-4531-9193-1c5e6a8d16cb', 'http://data.europa.eu/esco/skill/29312151-0805-41c8-a111-0109a7e932f0', 'http://data.europa.eu/esco/skill/52e53619-fa77-4f72-b237-5e4aae784dc2', 'http://data.europa.eu/esco/skill/633a3637-2c6b-40ae-ac38-289eb2a62aa6', 'http://data.europa.eu/esco/skill/64bd4157-5df0-4166-8259-ede237dd7cdf', 'http://data.europa.eu/esco/skill/65e58886-bd1e-4c5b-8ca5-8d9b353c8aa1', 'http://data.europa.eu/esco/skill/6abb92c9-0553-4d3d-add8-8240494e182d', 'http://data.europa.eu/esco/skill/7f7756fc-d89d-41d5-93ef-85991603f4ad', 'http://data.europa.eu/esco/skill/811bdb9d-5bf7-4b5a-a3f5-4fc2002f6d57', 'http://data.europa.eu/esco/skill/88ec9e5e-8798-475d-81a3-dd5ea7e96215', 'http://data.europa.eu/esco/skill/949ced5f-7536-4614-ac60-563ffc91a2f2', 'http://data.europa.eu/esco/skill/bf12b461-1c53-4d81-a395-8ba77f7483c4', 'http://data.europa.eu/esco/skill/cc7370dd-69fa-4c67-a96f-d4d135d38700', 'http://data.europa.eu/esco/skill/d37bc902-f640-48d7-9db4-544db9aa65fa', 'http://data.europa.eu/esco/skill/ead58f22-0af5-467c-ac1e-b750e4e1ac6a', 'http://data.europa.eu/esco/skill/eb8babfb-ab91-4937-a032-6a79f82e9b7f', 'http://data.europa.eu/esco/skill/ecc18804-a466-40d9-98b4-fba5cd67dd4b', 'http://data.europa.eu/esco/skill/f9670490-8aa4-4540-b121-d440a8294aab']","['http://data.europa.eu/esco/occupation/30f3ea93-882a-4525-841c-1d5b4b64076f', 'http://data.europa.eu/esco/occupation/57a73b7c-cf10-4852-b067-c25833fa149e', 'http://data.europa.eu/esco/occupation/6c3fd65e-2d24-47d8-bc22-9e93512bdcc2', 'http://data.europa.eu/esco/occupation/7086d0ca-1e77-4690-89c9-7ed1a0478fa3', 'http://data.europa.eu/esco/occupation/7a6ca615-a2bc-499d-8288-d186ce2594ea', 'http://data.europa.eu/esco/occupation/8d586ee9-0ab1-4155-a3b0-2ca786c8e48c', 'http://data.europa.eu/esco/occupation/b3ce981c-5b32-4de2-8e53-502a6357b2bc', 'http://data.europa.eu/esco/occupation/d3edb8f8-3a06-47a0-8fb9-9b212c006aa2', 'http://data.europa.eu/esco/isco/C1211', 'http://data.europa.eu/esco/isco/C241', 'http://data.europa.eu/esco/isco/C3313', 'http://data.europa.eu/esco/isco/C4132']","['Activities of head offices', 'Business and other management consultancy activities', 'Other human health activities n.e.c.', 'Other information technology and computer service activities', 'Computing infrastructure, data processing, hosting and related activities', 'FINANCIAL AND INSURANCE ACTIVITIES', 'Activities of extraterritorial organisations and bodies', 'Risk and damage evaluation', 'Computer programming activities', 'Computer consultancy and computer facilities management activities']",1179,Financial Business Analyst,"Your role is crucial in guiding a company's financial strategy, improving performance, and ensuring long-term financial health.
Key Responsibilities:

analysing financial results: after cleaning up the data, you analyse the historical information using ratios and metrics to determine patterns. Your job is to identify trends and compare the performance with other companies in the industry. You can evaluate the company's value and find ways to improve investment income from the analysis.
forecasting and making projections: your analysis reveals company performance predictions. You can find various financial models to help you make projections and predict the company's future performance. If you are analysing the viability of investment opportunities, the financial models help you make investment decisions.
developing recommendations: as a financial analyst, your job goes beyond crunching numbers and creating financial models. You provide recommendations on ways to improve business operations based on the projections. For instance, you list viable investment opportunities and suggest ways to improve revenue and market share. Aside from writing reports, you make presentations to clients and investors.
risk analysis: as a financial analyst, you can specialise in risk analysis and assess potential risks in a company's financial strategy. You help the managers identify sources of loss and minimise the risks involved in financial investments to increase profits.

ALSO 
As a finance data analyst you will:

Provide analytics & design reports on financial and operational aspects of the business
Prepare business plans and feasibility studies for various projects of the business
Data quality management, processing and integration for understanding and distribution of results
Ad hoc data analysis tasks to formulate strategic planning
Product stock monitoring in collaboration with all involved departments
Writing finance & sales reports with Data Analysis (ERP & Power Business Intelligence) and
monitoring annual sales plan
Suggestions for improvement in existing procedures

Qualifications
Comfort to work with numbers
Extensive experience in Excel & other reporting tools
Experience in Microsoft PowerBI data visualization tool is desired
Excellent data analysis and data processing skills
Fluency in English
University Degree in Finance/ Statistics/ Economics or equivalent/ Information Technology
Who are your colleagues?
As a financi

analysing financial results: after cleaning up the data, you analyse the historical information using ratios and metrics to determine patterns. Your job is to identify trends and compare the performance with other companies in the industry. You can evaluate the company's value and find ways to improve investment income from the analysis.
forecasting and making projections: your analysis reveals company performance predictions. You can find various financial models to help you make projections and predict the company's future performance. If you are analysing the viability of investment opportunities, the financial models help you make investment decisions.
developing recommendations: as a financial analyst, your job goes beyond crunching numbers and creating financial models. You provide recommendations on ways to improve business operations based on the projections. For instance, you list viable investment opportunities and suggest ways to improve revenue and market share. Aside from writing reports, you make presentations to clients and investors.
risk analysis: as a financial analyst, you can specialise in risk analysis and assess potential risks in a company's financial strategy. You help the managers identify sources of loss and minimise the risks involved in financial investments to increase profits.

 
ALSO 
As a finance data analyst you will:

Provide analytics & design reports on financial and operational aspects of the business
Prepare business plans and feasibility studies for various projects of the business
Data quality management, processing and integration for understanding and distribution of results
Ad hoc data analysis tasks to formulate strategic planning
Product stock monitoring in collaboration with all involved departments
Writing finance & sales reports with Data Analysis (ERP & Power Business Intelligence) and
monitoring annual sales plan
Suggestions for improvement in existing procedures

Qualifications
Comfort to work with numbers
Extensive experience in Excel & other reporting tools
Experience in Microsoft PowerBI data visualization tool is desired
Excellent data analysis and data processing skills
Fluency in English
University Degree in Finance/ Statistics/ Economics or equivalent/ Information Technology
Who are your colleagues?
As a financial analyst, you work with accountants, finance business partners, finance managers and finance assistant roles. Since you work with financial data, you may work close to business development managers, chief executive officers (CEOs) and other specialists, including portfolio managers, business analysts and data analysts.
What skills does a financial analyst need?
As a financial analyst, you require interpersonal skills to work closely with various professionals in the accounting and finance departments. Your critical thinking skills also help you make good decisions on investment opportunities.",Mid-level,Full-time,"Chalandri, Greece",EL,,,,2024-09-04,kariera.gr,167596
,"['http://data.europa.eu/esco/skill/113b4428-0a31-4199-8496-070af7854b91', 'http://data.europa.eu/esco/skill/15d76317-c71a-4fa2-aadc-2ecc34e627b7', 'http://data.europa.eu/esco/skill/2a0efd9a-4a60-4edc-8561-f2754d24eeb8', 'http://data.europa.eu/esco/skill/7c86c1b1-4a06-4804-afbc-7e857145b6a5', 'http://data.europa.eu/esco/skill/9531fe02-1e1f-4a36-95f7-a76a77cd4b8d', 'http://data.europa.eu/esco/skill/c4180af3-befd-4bd8-9a65-6a496f9d9f15', 'http://data.europa.eu/esco/skill/eade4171-3d57-4fb2-9518-44d5a1da4ff5', 'http://data.europa.eu/esco/skill/ed0718f6-5823-4c74-9749-2936c9c06203']","['http://data.europa.eu/esco/occupation/1f665529-96e9-46c1-99f4-9ffbf9ffa036', 'http://data.europa.eu/esco/occupation/99492920-e5a5-4dba-9e5a-93193147198c', 'http://data.europa.eu/esco/occupation/9e285322-2cfa-430f-9b66-41be57d698e2', 'http://data.europa.eu/esco/isco/C3313']","['Accounting, bookkeeping and auditing activities; tax consultancy', 'Research and experimental development on social sciences and humanities', 'All other professional, scientific and technical activities n.e.c.', 'Business and other management consultancy activities', 'Public relations and communication activities']",1189,Transfer Pricing Analyst,"Are you ready to develop your career path as a TP Analyst?You dream to work in one of the most well-known Greek Auditing and Consulting firms, level up your career and see yourself as a member of a challenging team?Are you ready to be part of ΣΟΛ Crowe’s #oneteam and develop your hard and soft skills, next to experienced colleagues for over than 60 years?If the answer to the questions above is YES then, ΣΟΛ Crowe is the ideal destination for you!Some of the main reasons to come on board with us:  Great Place to Work: ΣΟΛ Crowe is officially certified as a Great Place To Work® Hellas and offers to all employees an inclusive, supportive and safe environment in which all employees feel comfortable and themselves.  Global expertise: We are member of Crowe Global, one of the top 10 Global accounting networks, with more than 200 independent accounting and advisory firms in 145 countries.  Stability and development: Learning and development is crucial for all employees here. Therefore, we are always on top with more than 650 employees, present in 7 cities in Greece and more than 4000+ clients, who trust us.  Leaders in our field: ΣΟΛ Crowe has 20% of the Auditors members – regardless seniority – in ΣΟΕΛ, 35% from all Auditors in Greece and the biggest percentage of the total turnover of companies with mandatory financial control. At ΣΟΛ Crowe you will find the expertise, the resources and, above all, the commitment to help you build a satisfying and rewarding career with a Firm that truly values its people. A day in the life as a TP Analyst: Create and maintain Transfer Pricing files on behalf of the clients Prepare and update transfer pricing benchmark studies Collect and analyze information, within specific and tight deadlines Build strong knowledge on transfer pricing and in the field of taxation, including new laws, regulations and technology Create yearly and monthly reports for internal usage or for the benefit of the clients Work effectively as a team member, by delegating tasks, offering assistance, maintaining communication, and informing senior team members of your success RequirementsWhat we need for this role:  Bachelor’s Degree in Accounting, Finance, Economics, Auditing or Business Administration  Previous Experience 1-2 years of previous working experience will be considered as a plus  Certifications: Attendance of the AUEB’s Long-Term Tax Seminar is highly desirable  Greek and English Command Excellent  MS Office and ERP systems: Strong Skills  Master’s Degree in Finance, Taxation or MBA will be considered as an asset BenefitsIf you think you: Feel comfortable working in a fast-paced and deadline-oriented environments Are keen on analyzing business results to find valuable insights Have strong quantitative, analytical and problem-solving skills Are highly customer oriented and focused on solutions Feel at ease with numbers and statistical analysis In ΣΟΛ Crowe you will be able to find:  Development: Continuous training and development within a dynamic and fast-paced environment. We encourage our people here to take responsibilities, and create or develop leadership skills  Human - centered and supportive environment: Great environment focusing on work – life balance. For us everyone is important, we build relationships based on trust, respect and working as a team.  Join our Mission: The center of all our actions is our culture and the quality of everything we do.  Hybrid working Model: Employees here can work in a hybrid model and enjoy many more benefits. Are you ready to take your next career step?You can send us your CV now.All CVs will be treated with strict confidentiality and with respect to your personal information.Become a member of our team and start experience a career full of challenges and opportunities!!",Entry / Junior,Full-time,"Athens, Greece",EL,,,,2024-09-04,kariera.gr,167612
,"['http://data.europa.eu/esco/skill/001115fb-569f-4ee6-8381-c6807ef2527f', 'http://data.europa.eu/esco/skill/4707da90-9cfc-46ca-8de0-38a0b7bfb137', 'http://data.europa.eu/esco/skill/91abe492-18be-4cce-93c7-0dca07072363', 'http://data.europa.eu/esco/skill/a6532ae5-efc4-4ca4-b172-c11471940d09', 'http://data.europa.eu/esco/skill/adc6dc11-3376-467b-96c5-9b0a21edc869', 'http://data.europa.eu/esco/skill/bf12b461-1c53-4d81-a395-8ba77f7483c4', 'http://data.europa.eu/esco/skill/d62d2b4c-a6f8-439e-8a1b-4f29ab5f2c47', 'http://data.europa.eu/esco/skill/f683ae1d-cb7c-4aa1-b9fe-205e1bd23535', 'http://data.europa.eu/esco/skill/f90d4810-8bac-4e5e-b870-3e35a4138ff7']",['http://data.europa.eu/esco/occupation/fe0fa514-b48d-4a53-9757-a283c0baacf0'],"['Other information service activities', 'Business and other management consultancy activities']",1242,Store Business Analyst (IKEA Airport),"We have one common vision at IKEA: to help our customers enjoy a better everyday life at home. We take our vision very seriously. We all choose to work at IKEA because we share the unique company culture and values. We are passionate about our business and strive for high performance. We have fun at work and a human approach while performing.
 For our Store in Airport, we are looking for Store Business Analyst
Reporting to the Market Financial Controller & Business Navigator, the suitable candidate will be responsible and accountable to:

To analyze the performance of all divisions using relevant business KPI’S, suggesting the necessary actions
To prepare and distribute all Store Financial & Commercial Reporting as appropriate
To ensure that all finance data (actual, historical, budgets) are correctly monitored by the Company’s financial IT systems
To assist in the preparation and correct presentation of all store financial related reports
To perform feasibility studies, financial evaluations of new investments and commercial activities
To undertake projects that the Store Financial Controller & Business Navigator appoints and bringing them to the desired result in the agreed deadlines and quality standards

 
Qualifications and Competences Required:

Bachelor, Preferably in Business administration or Finance
Very good command of the English language
Very good knowledge of MS Office, especially Excel
Customer Focus
Very good communication and interpersonal skills
Focus on detail, good planning and organizational skills
Achievement drive, initiative taking and problem solving skills
Analytical thinking & Synthesis ability
Ability to work under pressure and strict deadlines

 
Qualifications considered as an asset:

Working knowledge of Qlikview & SAP (including SAP BPC module)

The People we seek:Lead by example constantly looking for new and better ways forwardBelieve in empowering people, taking ownership, making decisions and following through Have a hands on and customer service driven approach.Have the courage to question existing solutions and think in unconventional ways Have a passion for life at home and retail
What we offerIf you take on this position, these are just a few things you can expect from us: An exciting and empowering work environment at one of the leading group of companies in Greece and the Balkans in  providing quality consumer durable goods.A diverse group of people who value working together An open and inclusive culture where you can be yourselfAnd as the world’s leader in life at home, you will have exceptional opportunities to grow and develop together with us 
All applications will be treated with the strictest confidentiality. Kindly note that only shortlisted candidates will be contacted for this position, due to high volume of applications received.",Entry / Junior,Full-time,"Paiania, Greece",EL,,,,2024-09-04,kariera.gr,167541
,"['http://data.europa.eu/esco/skill/1b957e3d-0017-42b0-9bfe-49a1cdd31de7', 'http://data.europa.eu/esco/skill/1dae8445-12e5-423a-bb26-824010e299b9', 'http://data.europa.eu/esco/skill/2a0efd9a-4a60-4edc-8561-f2754d24eeb8', 'http://data.europa.eu/esco/skill/385479b7-5da5-4367-9763-0d15b41bb65b', 'http://data.europa.eu/esco/skill/68b51538-b056-4cb3-bb15-ab8c3e576cc9', 'http://data.europa.eu/esco/skill/7e305865-5b6d-4225-a4f7-ee5c10aaa134', 'http://data.europa.eu/esco/skill/87219dfe-a21c-4160-8cc8-1eabf9b16b44', 'http://data.europa.eu/esco/skill/8804d963-5a31-4609-b5df-f741b7199fb7', 'http://data.europa.eu/esco/skill/91abe492-18be-4cce-93c7-0dca07072363', 'http://data.europa.eu/esco/skill/c32ad607-0c4d-4e34-b73f-668298f7bf13', 'http://data.europa.eu/esco/skill/d6e78d9a-deca-4bcb-b08d-011b2616758d', 'http://data.europa.eu/esco/skill/db27065e-3c06-4f89-aa55-48fd87dabf82', 'http://data.europa.eu/esco/skill/ecc18804-a466-40d9-98b4-fba5cd67dd4b', 'http://data.europa.eu/esco/skill/f37d9f67-2e79-4958-8307-1ce9d6dcc8bd', 'http://data.europa.eu/esco/skill/f79e4715-5776-485c-ab7d-631c9b8d70ad', 'http://data.europa.eu/esco/skill/f7f56b20-8f05-4731-a1bf-79fdcffc72ce']","['http://data.europa.eu/esco/occupation/1ad59946-d13e-441e-9b36-56e1df055e21', 'http://data.europa.eu/esco/occupation/5e4d156a-1f05-4b2c-b0f0-5abb82d52ed6', 'http://data.europa.eu/esco/occupation/99492920-e5a5-4dba-9e5a-93193147198c', 'http://data.europa.eu/esco/isco/C112', 'http://data.europa.eu/esco/isco/C3', 'http://data.europa.eu/esco/isco/C4214']","['Accounting, bookkeeping and auditing activities; tax consultancy', 'Other monetary intermediation', 'Research and experimental development on social sciences and humanities', 'All other professional, scientific and technical activities n.e.c.']",1299,Global O2C Collections Analyst - Italian (12 months fixed term),"The Order to Cash Analyst will form part of a virtual Global O2C Collections team reporting under the Global O2C Collections Director, Jennifer Strecker. The successful candidate will be responsible for the performance of activities such as Customer Collections and dunning, customer account management, query and dispute management. Completion of these activities will ensure that GBS continue to support the achievement of working capital objectives and Leadership amongst other key stakeholders will have access to timely, accurate, and complete Order to Cash information. The successful candidate will receive the benefit of working for a stable and very well-established international corporation with a sonorous name and highly established organizational culture. All our colleagues become an important part of our international, friendly and dynamic team.




ROLE RESPONSIBILITIESThese responsibilities include but are not limited to the following:

Proactively analyze AR falling due and delinquent account balances to ensure timely collection of 3rd party receivables.
Timely execution of customer dunning activities (e.g. outbound calls, emails, letters, etc.)
Coordinate customer account resolution with internal parties and execute on agreed collection strategies.
Timely resolution of inbound billing inquiries (calls, emails, letters, etc.,) with respective parties.
Maintenance of subledger. Process adjustments/write off balances (non-ADA: FX, bank charges, residuals, etc.), manage default accounts (US only) and provide guidance to Cash application on offsets and payment application where required.
Refund issuance (review, obtain approvals, and confirm).
Contribute to AR KPI reporting & analysis on performance of AR ledger.
Research and support resolution of open disputes. Coordinate with relevant internal stakeholders and customer to support timely close-out of open disputes.
Effectively communicate to peers and management with regards to work tasks and deadlines.
Manage and resolve escalations in a timely manner ensuring appropriate management oversight where necessary.
Manage time effectively and communicate to peers and management with regards to work tasks, status and deadlines.
Proactively ensure hand-offs to supporting teams are timely and clearly communicated as part of a virtual Global Collections team i.e. Other regional hubs for Collections, Cash application, Credit Risk COE, AR Accounting & Compliance, G2N etc.
Maintain receipt records, files and documentation in an organized manner.
Share audit documentation to support periodic SAP PC control performance and internal/external audit programs.
Participate in GBS Order-to-Cash global initiatives including transformational projects as needed, as a subject matter expert for the area.
Ensure strong commitment to the control environment through training and review to meet all control and compliance requirements.





QUALIFICATIONSEducation and Experience

Bachelor's Degree, Finance or Economics or Accounting preferred.
Business English and Italian Language requirements to support effective engagement with Customers and colleagues/business partners as needed (must have English and Italian).
Experience in Accounts receivable and/or broader Order to Cash function required
Experience with financial shared services preferred.
Experience of working in cross-functional and multi-cultural team an advantage.
Ability to work in a high-performing team environment.
Strong interpersonal skills and ability to communicate with diverse groups and individuals.
Demonstrated ability to work on own initiative.
Strong verbal and written communication skills.
Strong business acumen and professionalism with the ability to interface effectively with all levels of management and operations colleagues in all applicable Pfizer Finance and business functional areas

Technical Skills Requirements

Proficiency in PC skills (MS Excel, Word, PowerPoint, Teams) required
SAP ERP system experience preferred including FSCM Collections, Dispute Management and SAP S4 Hana.





Pfizer is an equal opportunity employer and complies with all applicable equal employment opportunity legislation in each jurisdiction in which it operates.
To apply please visit our website www.pfizercareers.com and search job Global O2C Collections Analyst - Italian (12 months fixed term), id 4919365
Please apply by sending your CV and a motivational letter in English",Mid-level,Full-time,"Thessaloniki, Greece",EL,,,,2024-09-04,kariera.gr,167477
,['http://data.europa.eu/esco/skill/a8797f21-1af0-4c5e-98ca-bf1442929363'],[],[],1359,English Audio Analyst - Athens,"Mission and Challenges
Your main task? Listen to short audio clips and decide if they include specific trigger phrases like ""Hey Siri."" That’s it! You’ll play a key role in making sure that voice commands work smoothly, helping people interact with their devices more easily and effectively.
What You’ll Do
On a typical day:

Listen to Audio Clips: You’ll receive short recordings, usually just a few seconds long.
Simple Categorization: Decide if the audio clip is a valid trigger or just background noise. No complex analysis required—just listen and categorize!

Support AI Learning: By accurately labeling these clips, you’ll help improve voice recognition technology, making it smarter and more responsive.



Requirements


English Fluency 
Easy and Straightforward: If you can listen to audio and make quick decisions, you’re already qualified.
No Tech Experience Needed: We’ll teach you the rest.




Benefits


Competitive monthly salary (14 salaries per year)
Stable working schedule in one of the most cutting-edge buildings in Athens
Workplace: on-site in Athens - Enjoy working in one of Europe’s most vibrant cities, with plenty of time to explore and enjoy the local culture.

Sounds easy and awesome? That’s because it is! Apply today and join us in Athens.",Entry / Junior,Full-time,"Athens, Greece",EL,,,,2024-09-04,kariera.gr,167419
,"['http://data.europa.eu/esco/skill/0da516ee-e70e-4384-be13-f5ff80be8127', 'http://data.europa.eu/esco/skill/2a0efd9a-4a60-4edc-8561-f2754d24eeb8', 'http://data.europa.eu/esco/skill/31eecea5-c1ef-4e5c-96a9-808ff4e43813', 'http://data.europa.eu/esco/skill/32a2c63d-2d13-4784-abb8-678ef2cd8a46', 'http://data.europa.eu/esco/skill/35f1dcdc-577f-46c6-96d9-6c7a64501de9', 'http://data.europa.eu/esco/skill/3e04e39d-9eb6-4167-ad2d-e3413f647e4e', 'http://data.europa.eu/esco/skill/50f5e41d-7ce3-481b-aed7-ee9484545bc4', 'http://data.europa.eu/esco/skill/633a3637-2c6b-40ae-ac38-289eb2a62aa6', 'http://data.europa.eu/esco/skill/68b51538-b056-4cb3-bb15-ab8c3e576cc9', 'http://data.europa.eu/esco/skill/7a1dcd86-8c78-40a8-b446-269438f24d72', 'http://data.europa.eu/esco/skill/92251935-f1e9-4588-9fc5-39d7923b234e', 'http://data.europa.eu/esco/skill/a15dab55-f1da-4f85-ae3e-2b5c5b5333ca', 'http://data.europa.eu/esco/skill/cb668e89-6ef5-4ff3-ab4a-506010e7e70b', 'http://data.europa.eu/esco/skill/e843973c-23dd-416a-8a9c-9e89512542fb', 'http://data.europa.eu/esco/skill/ed1fbdc3-1071-423c-9bb4-e3288ca6d1fe', 'http://data.europa.eu/esco/skill/f8e3425c-fe44-4ffb-bafe-0e20d91dadf4']","['http://data.europa.eu/esco/occupation/6fcf4638-e7c7-4978-9302-9a7b63a3d57c', 'http://data.europa.eu/esco/occupation/823db06f-25e1-4658-b063-d6ef956b41f5', 'http://data.europa.eu/esco/occupation/8d586ee9-0ab1-4155-a3b0-2ca786c8e48c', 'http://data.europa.eu/esco/occupation/99492920-e5a5-4dba-9e5a-93193147198c', 'http://data.europa.eu/esco/occupation/bafbc672-0ad9-41af-9de8-db0c91a24f9b', 'http://data.europa.eu/esco/occupation/fe0fa514-b48d-4a53-9757-a283c0baacf0', 'http://data.europa.eu/esco/isco/C2433']","['Activities of head offices', 'Warehousing, storage and support activities for transportation', 'FINANCIAL AND INSURANCE ACTIVITIES', 'Business and other management consultancy activities', 'Activities of extraterritorial organisations and bodies', 'Research and experimental development on social sciences and humanities', 'All other professional, scientific and technical activities n.e.c.', 'Office administrative and support activities', 'Other information service activities']",1414,Financial Analyst,"ELGEKA S.A. is the largest Greek commercial company, operating since 1974 in the Greek market, in the food sector. Offering to its collaborators, customers and suppliers, an integrated system of commercial services comprising Sales, Marketing, Trade Marketing, and Logistics, ELGEKA constitutes an integral link in the sector’s supply chain.
Operating rather as a “subsidiary” of the principals with which the company cooperates, among its primary goals is the successful brand building of the products it represents and handles.
With a long experience and deep knowledge of the market and environment in which it operates, strong infrastructure in people, facilities, and equipment, ELGEKA offers its suppliers a variety of high-quality services at the lowest possible cost. For the principals (suppliers), ELGEKA is their Variable-Cost Subsidiary, since from their end there is no need of tying up capitals in investments for the formation and function of the high-quality services they enjoy.
 
Position: Financial Analyst
Position Type: Full time, permanent.
Location: Athens, Acharnes
 Responsibilities & Duties

Monthly Sales and Profitability (P&L) Analysis by product category, channel and customer versus plans and previous year, and presentation of deviations
Support in the preparation of the Company's financial results monthly, quarterly & annually
Assist in preparation of business documents and presentations for the management team and the entire team such as: profit & loss statements, balance sheet, accounts payable, accounts receivable, statement cash flows etc.
Analyze current and past financial data and performance to make recommendations on profit enhancement
Consistently analyze financial information based on both routine and ad-hoc reports
Interpret financial data to recognize changing trends, patterns, and their meaning related to key performance indicators
Communicate financial insights suggesting business issues to management
Demonstrable ability to translate data or/and facts into executable and effective reports

Qualifications & Experience

Bachelor’s degree in Finance, Economics, or Business Administration
2 - 4 years of relevant experience as financial or/and business analyst
Experience with financial reporting, such as forecasts, budgets, and planning
Excel skills (advanced)
Experience with ERP systems (preferably SAP) and BI reporting tools is considered an asset
Excellent command of Greek and English language, both verbal and written

 
Skills

Demonstrate strong analytical & time management skills.
Superior attention to detail and ability to successfully manage multiple competing priorities.
Ability to clearly communicate ideas and numbers and recommend action.
Eager to dive in and learn in a fast-paced environment
Strong sense of project ownership, ability to work independently, as well as in a team",Mid-level,Full-time,"Acharnes, Greece",EL,,,,2024-09-03,kariera.gr,167333
