id,title,description,experience_level,type,location,location_code,upload_date,source,source_id,organization,skills,occupations
243,Angular Software Engineer,"Angular Software Engineer
At EY, you'll have the chance to build a career as unique as you are, with the global scale, support, inclusive culture and technology to become the best version of you. And we're counting on your unique voice and perspective to help EY become even better, too.Join our continuously growing team, which employs over 2.500 professionals in Greece, and is listed in Greece's Top Employers, Great Place to Work and Best Workplaces for Women for 2024! Experience great flexibility, under our hybrid operating model across our offices in Athens, Patras, and Thessaloniki, while benefiting from personalized learning and career development opportunities. We prioritize diversity, equity, and inclusion, fostering an environment where everyone's unique perspectives are valued, that supports you in building an exceptional experience for yourself, and a better working world for all. The opportunityWe are currently seeking highly motivated persons to work as Software Engineers for our IT Consulting, a leading provider of Technology services to large corporate clients of all industries. As a member of our team:
You will have a significant technical contribution to large-scale implementation projects
You will be given the opportunity to work and take responsibility in challenging engagements in Greece and abroad
Your ability to learn and apply advanced Technology solutions, will give you the opportunity to grow professionally and participate in the design and deployment of leading-edge technologies.

Skills and attributes for success To qualify for the role you must have

A Bachelor's degree in one of the fields of Computer Science, Software Engineering, or other related discipline
Ability to work as a team member
Self-motivated to contribute with your own ideas - showcase the feasibility and benefits with a proof of concept and document your cutting edge solution
Experience in Java or other object-oriented programming language
Completed military obligations (where applicable)

Ideally, you'll also have

Experience in SQL and PL/SQL
Working experience with at least one RDBMS e.g. Oracle (preferably), SQL Server, DB2, MySQL, PostgreSQL etc.
Familiarity with IDE tools e.g. JDeveloper (preferably), Visual Studio etc.
Knowledge and/or experience with web services (SOAP, JSON/REST)
Knowledge and/or experience with Oracle ADF
Knowledge and/or experience with Angular, Ionic or Node.js
Knowledge and/or experience with source control software (e.g. GIT, SVN, TFS)
Ability to design and develop solutions with business users (feel free to include relevant project and profile links, like GitHub, Kaggle or Stack Overflow)
Work experience either in Insurance sector, or in a solution provider environment engaged with Insurance projects implementation

What we look for What's most important is that you're dedicated to working with your colleagues as part of a high-performing team. You'll need to demonstrate enthusiasm, high motivation and passion to develop fast in a multinational working environment. You'll need to thrive in picking up new skills and talents as you go, so natural curiosity, a lot of questions and the
confidence to speak up when you see something that could be improved are essential. If you've got the right combination of technical knowledge and communication skills, this role is for you. What we offer What we offer
Competitive remuneration package: You'll be rewarded for your individual and team performance. Depending on your experience, our comprehensive rewards package includes benefits that suit your needs including cutting-edge technological equipment, ticket restaurant vouchers, a private health insurance scheme, life insurance, income protection and an exclusive EY benefits club that provides a wide range of discounts, offers and promotions. 
Flexible working arrangements: We operate under a hybrid working model, which is defined based on both your own preferences and team's needs, and we enjoy our summers with short Fridays.
Personalized learning experience and career development: We provide free and unlimited access to educational platforms and EY Badges, support certifications, and provide coaching and feedback, as a part of our Leadership & Development process, all of which can lead to a meaningful impact and success as defined by you.
Transformative leadership: We'll give you the insights, coaching and confidence to be the leader the world needs.
Diverse and inclusive culture: You'll be embraced for who you are and empowered to use your voice to help others find theirs.
International Experience: Become part of international projects and work along multicultural teams, through our global network.
Above all, you will be working in one of the most recognized employers in Greece, as we have been awarded the Top Employers, Great Place to Work and Best Workplaces for Women awards for 2024.

If you can demonstrate that you meet the criteria above, please contact us as soon as possible.The exceptional EY experience. It's yours to build. Apply now.EY | Building a better working world EY exists to build a better working world, helping to create long-term value for clients, people and society and build trust in the capital markets. Enabled by data and technology, diverse EY teams in over 150 countries provide trust through assurance and help clients grow, transform and operate. Working across assurance, consulting, law, strategy, tax and transactions, EY teams ask better questions to find new answers for the complex issues facing our world today. #betterworkingworld #LI-Hybrid",N/A,Full-time,"Marousi, Greece",EL,2025-07-21,kariera.gr,109282,,"['http://data.europa.eu/esco/skill/07e51c60-763a-4335-b4ec-70a15f66d328', 'http://data.europa.eu/esco/skill/08e2ff26-88ff-47b5-9d37-d19ace01b075', 'http://data.europa.eu/esco/skill/19a8293b-8e95-4de3-983f-77484079c389', 'http://data.europa.eu/esco/skill/1ffac4ac-fda7-407d-8ed1-ca8f4a8dc146', 'http://data.europa.eu/esco/skill/21d2f96d-35f7-4e3f-9745-c533d2dd6e97', 'http://data.europa.eu/esco/skill/3cee858e-79e8-4a4b-b99f-93c7f735d58b', 'http://data.europa.eu/esco/skill/429062f1-a958-43ea-83dd-4e1af078c156', 'http://data.europa.eu/esco/skill/6b6a9252-2ed7-4862-a02f-1578f4a532ea', 'http://data.europa.eu/esco/skill/8369ede5-4200-4a44-be2e-bc60ef959259', 'http://data.europa.eu/esco/skill/9531fe02-1e1f-4a36-95f7-a76a77cd4b8d', 'http://data.europa.eu/esco/skill/a8d07b5a-c1a1-42c6-9d53-db9c7a2ca996', 'http://data.europa.eu/esco/skill/bd14968e-e409-45af-b362-3495ed7b10e0', 'http://data.europa.eu/esco/skill/c062bab3-3ea0-4291-9220-a2d8fef4bead', 'http://data.europa.eu/esco/skill/c6c1af60-9594-460c-a328-00f9ad292be0', 'http://data.europa.eu/esco/skill/de9f85ba-e77f-48fd-8c66-f5ebaf32d655', 'http://data.europa.eu/esco/skill/eade4171-3d57-4fb2-9518-44d5a1da4ff5', 'http://data.europa.eu/esco/skill/f7e7ccb6-fadc-4c35-935d-e1040be40dfe', 'http://data.europa.eu/esco/skill/f84a433f-34f1-4083-b0a3-24802623509c', 'http://data.europa.eu/esco/skill/fcc0a1c8-d36e-4f8e-b928-00d5bca10a47', 'http://data.europa.eu/esco/skill/fef5a450-6230-4a34-b3e3-764252dbdcec']","['http://data.europa.eu/esco/occupation/056f1849-7ff8-4d6f-9b8a-176a610bba44', 'http://data.europa.eu/esco/occupation/3b43dafb-8c6b-4906-9fe5-bc218aacad55', 'http://data.europa.eu/esco/occupation/57af9090-55b4-4911-b2d0-86db01c00b02', 'http://data.europa.eu/esco/occupation/6cd08cbe-7611-4d70-8886-6c59c0385442', 'http://data.europa.eu/esco/occupation/9e285322-2cfa-430f-9b66-41be57d698e2', 'http://data.europa.eu/esco/occupation/ab7bccb2-6f81-4a3d-a0c0-fca5d47d2775', 'http://data.europa.eu/esco/occupation/b1c80369-067e-4041-84c8-dbe65640a5d8', 'http://data.europa.eu/esco/occupation/d1b1dfdf-7d60-430a-b569-7dd71b2ebeaa']"
244,Junior Data Engineer,"What if we didn't focus on who you are now, but who you could become? 
Here at EY, you'll have the chance to build a truly exceptional experience. We'll empower you with the latest technology, surround you with high-performing teams, and provide the global scale and diverse and inclusive culture you need to discover your full potential. Through our coaching and training programs, you'll develop the skillsets you need to stay relevant today and in the future - all while building a network of colleagues, mentors, and leaders who will be on the journey with you at EY and beyond. 
The exceptional EY experience. It's yours to build.Join our continuously growing team, which employs over 2.200 professionals in Greece, and is listed in Greece's Top Employers for 2023! Experience great flexibility, under our hybrid operating model across our offices in Athens, Patras, and Thessaloniki, while benefiting from personalized learning and career development opportunities. We prioritize diversity, equity, and inclusion, fostering an environment where everyone's unique perspectives are valued, that supports you in building an exceptional experience for yourself, and a better working world for all.The opportunity: your next adventure awaits 
Modern technology produces more data than ever before, but also provides the tools to store, organize, analyze and share this data, resulting in new opportunities and substantiated business insights in support of new and deeper insights and more informed decision making. EY delivers leading services and solutions in the area of big data, business intelligence and data engineering built on a blend of tools and custom-developed methods.
As part of our AI & Data team of the Technology Consulting practice, you will work with multi-disciplinary teams to support clients in a wide range of data initiatives aiming to generate and present new, useful and actionable insights. You will have the opportunity to work and take responsibilities in challenging engagements, gaining exposure to clients in various sectors both in Greece and abroad.Your Key Responsibilities

	Participation in large-scale client engagements.
	Contribution in the delivery of innovative and engaging data engineering solutions.
	Understanding of business and technical requirements, provision of subject matter expertise and implementation of data engineering techniques.
	Conducting of data discovery activities, performing root cause analysis, and making recommendations for the remediation of data quality issues.
	Putting into practice good organizational and time management skills, with the ability to prioritize and complete multiple complex projects under tight deadlines.

To qualify for the role you must have:

	A BSc or MSc degree in Computer Science, Engineering or other equivalent subject
	Knowledge in SQL querying and development (Joins, Store procedures/functions, Aggregations/Window Functions, CTEs, Indexes, optimization)
	Basic experience in Visualization tools (PowerBI, Tableau etc. )
	Knowledge of Data Management, Data Warehousing concepts & methodologies (familiarity with at least one of the following databases & design principles: DWH, DataLake, Lakehouse, Delta etc.) will be considered an asset 
	Excellent command of English both oral and written

What we look for 

	You have an agile, growth-oriented mindset. What you know matters. But the right mindset is just as important in determining success. We're looking for people who are innovative, can work in an agile way and keep pace with a rapidly changing world.
	You are curious and purpose driven. We're looking for people who see opportunities instead of challenges, who ask better questions to seek better answers that build a better working world. 
	You are inclusive. We're looking for people who seek out and embrace diverse perspectives, who value differences, and team inclusively to build safety and trust. 
	Qualifications: What's most important is that you're dedicated to working with your colleagues as part of a high-performing team. You'll need to demonstrate enthusiasm, high motivation and passion to develop fast in a multinational working environment. You'll need to thrive in picking up new skills and talents as you go, so natural curiosity, a lot of questions and the confidence to speak up when you see something that could be improved are essential. If you've got the right combination of technical knowledge and communication skills, this role is for you.

What's in it for you 

	Competitive remuneration package: You'll be rewarded for your individual and team performance. Depending on your experience, our comprehensive rewards package includes benefits that suit your needs including cutting-edge technological equipment, ticket restaurant vouchers, a private health insurance scheme, life insurance, income protection and an exclusive EY benefits club that provides a wide range of discounts, offers and promotions. 
	Flexible working arrangements: We operate under a hybrid working model, which is defined based on both your own preferences and team's needs, and we enjoy our summers with short Fridays. 
	Personalized learning experience and career development: Accelerate your technical capabilities and transformative leadership skills with future-focused courses and development programs. We provide free and unlimited access to educational platforms and EY Badges, support certifications, and provide coaching and feedback, as a part of our Leadership & Development process, all of which can lead to a meaningful impact and success as defined by you. 
	Diverse and inclusive culture: You'll be embraced for who you are and empowered to use your voice to help others find theirs.
	International Experience: Broaden your horizons by working on highly integrated teams across the globe and collaborate with people of diverse backgrounds - both professionally and culturally.
	Above all, you will be working in one of the Top Employers in Greece for 2023, awarded by the Top Employers Institute.

The exceptional EY experience. It's yours to build. EY | Building a better working world EY exists to build a better working world, helping to create long-term value for clients, people and society and build trust in the capital markets. Enabled by data and technology, diverse EY teams in over 150 countries provide trust through assurance and help clients grow, transform and operate. Working across assurance, consulting, law, strategy, tax and transactions, EY teams ask better questions to find new answers for the complex issues facing our world today. #betterworkingworld
#li-remote",,Full-time,"Marousi, Greece",EL,2024-09-09,kariera.gr,109271,,"['http://data.europa.eu/esco/skill/08e2ff26-88ff-47b5-9d37-d19ace01b075', 'http://data.europa.eu/esco/skill/143769cb-b61e-47d8-a61e-eedfbec1016c', 'http://data.europa.eu/esco/skill/1d7fd6c8-10e3-43cc-b0af-6172eaedf087', 'http://data.europa.eu/esco/skill/3ec2e4d6-7000-4905-bf1a-c5b1679416de', 'http://data.europa.eu/esco/skill/429062f1-a958-43ea-83dd-4e1af078c156', 'http://data.europa.eu/esco/skill/48db96bf-3314-45c6-bad8-fdb6e20e5639', 'http://data.europa.eu/esco/skill/4f6e68b2-85c8-446e-a96d-b306ec7e0091', 'http://data.europa.eu/esco/skill/54660948-b811-49a9-874c-bf2be5f280a2', 'http://data.europa.eu/esco/skill/65e58886-bd1e-4c5b-8ca5-8d9b353c8aa1', 'http://data.europa.eu/esco/skill/9531fe02-1e1f-4a36-95f7-a76a77cd4b8d', 'http://data.europa.eu/esco/skill/a80fb090-63f4-4b05-83a5-2f090deb7757', 'http://data.europa.eu/esco/skill/c6c1af60-9594-460c-a328-00f9ad292be0', 'http://data.europa.eu/esco/skill/cc7370dd-69fa-4c67-a96f-d4d135d38700', 'http://data.europa.eu/esco/skill/eade4171-3d57-4fb2-9518-44d5a1da4ff5', 'http://data.europa.eu/esco/skill/f7e7ccb6-fadc-4c35-935d-e1040be40dfe', 'http://data.europa.eu/esco/skill/fef5a450-6230-4a34-b3e3-764252dbdcec']","['http://data.europa.eu/esco/occupation/056f1849-7ff8-4d6f-9b8a-176a610bba44', 'http://data.europa.eu/esco/occupation/2079755f-d809-49e6-8037-4de6180e54c0', 'http://data.europa.eu/esco/occupation/207d7b18-6540-432e-8aa6-785ed434572f', 'http://data.europa.eu/esco/occupation/3b43dafb-8c6b-4906-9fe5-bc218aacad55', 'http://data.europa.eu/esco/occupation/6cd08cbe-7611-4d70-8886-6c59c0385442', 'http://data.europa.eu/esco/occupation/6e92d4b5-3167-4166-802f-da7753951a31', 'http://data.europa.eu/esco/occupation/810e5e67-acd5-499a-b307-cf5bea330859', 'http://data.europa.eu/esco/occupation/9e285322-2cfa-430f-9b66-41be57d698e2', 'http://data.europa.eu/esco/isco/C214', 'http://data.europa.eu/esco/isco/C251']"
247,Quality Control Engineer (Hybrid),"To meet our current corporate needs, we would like to bring to our team a Quality Control Engineer As our new Quality Control Engineer, you will undertake tasks, such as:You will develop test plans & test cases for the functional areas of our projects, always in accordance with the respective Functional Requirements Specifications (FRS)You will also run tests in various testing phases including preparation, Integration, FAT executionAlways follow up on defects until their complete resolutionTo be a successful candidate, your professional profile should match the following criteria:You hold a University or College Degree in Computer Science, Mathematics or PhysicsAt least two (2) years of experience in a software testingStrong command of operating system usage such as Unix flavors, Windows ServersGood understanding of network technologies and communicationsFamiliarity in Database Usage and Concepts such as Oracle DB, SQL ServerA good knowledge of mobile phone technologies and usage including iOS, AndroidAutomation testing scripting languages will be considered a plus!You are also familiar with Jira/Zephyr or other Testing SuitesPast experience in Video Lottery Terminals Testing will be considered an assetYou have an excellent command of the Greek & English language, both written and spokenCompleted military obligations for male candidatesOn a personal side:Is communication one of your strong points? Indeed, in this position, you also need to work well with our team of developers and provide them with detailed and accurate defect reporting!A quick and continuous learnerAbove all, it is very important to have a team player attitude, as we work, above everything else, as a TEAM!About Us: INTRALOT, a publicly listed company established in 1992, is a leading gaming solutions supplier and operator active in 40 regulated jurisdictions worldwide. With a global workforce of approximately 1,700 employees, INTRALOT is committed to redefine innovation and quality of services in the lottery and gaming sector, while supporting operators in raising funds for good causes. In 2025, INTRALOT was distinguished as a top ten most attractive employer brands in Greece.INTRALOT has been awarded the prestigious WLA Responsible Gaming Framework Certification by the World Lottery Association. We always act with integrity and enjoy what we do.Why Join Us: A competitive compensation package combined with additional benefits. Hybrid working model. Private Insurance for you and your family. Modern facilities, parking inside, enticing restaurant and corporate bus. An extensive training program upon induction and throughout employment. Exceptional opportunities to learn and develop in a multinational environment. Prospects for professional growth both locally and globally.We are an Equal Opportunity Employer. We do not discriminate in any employment practices for reasons of race, color, religion, gender, sexual orientation, national origin, age, marital status, medical condition or disability, or any other legally protected status. Our premises at Paiania, Attica, have been designed to provide easy access to people with disabilities.#CB#",N/A,Full-time,"Paiania, Greece",EL,2026-03-01,kariera.gr,109259,,"['http://data.europa.eu/esco/skill/4339176e-3acd-4f7f-a5d9-445bee3d23f2', 'http://data.europa.eu/esco/skill/5bac4bcc-1846-4688-ba02-ad2b51544282', 'http://data.europa.eu/esco/skill/5d74614d-32c8-4ca4-9818-6980e52424b1', 'http://data.europa.eu/esco/skill/7369f779-4b71-4aab-8836-48b69c676eec', 'http://data.europa.eu/esco/skill/ce26e71f-2d47-474e-89b6-7920931ac4fc', 'http://data.europa.eu/esco/skill/e24377fb-020b-4430-8bed-86dd539bbf3a', 'http://data.europa.eu/esco/skill/ea4ebfa1-e17a-4416-ac54-955f33e6ade7', 'http://data.europa.eu/esco/skill/f9a6f35b-01a7-40c9-8b61-b6ee46f97272']","['http://data.europa.eu/esco/occupation/491cf76d-eb0d-4f15-90f0-3f5c9b11472a', 'http://data.europa.eu/esco/occupation/72628f3a-fd49-499a-9741-870b0a1fcef2', 'http://data.europa.eu/esco/occupation/d18a8976-a283-42ad-9541-75c49396dbd7']"
250,Database Administrator (Hybrid),"To meet our current corporate needs, we would like to bring to our team a..\n\n Senior Database Administrator (DBA)\n\nAs a member of the Database Administration team you will be responsible for the installation, configuration and maintenance of the INTRALOT Group Databases. Additionally, you will need to think and develop solutions to sometimes unique issues, by using our available tools and technologies. You will also need to provide your support and technical expertise to any database-related problem that may come up!\n\nMore specifically, the successful candidate will undertake to:\nAdministration: in this role, you will install, configure & maintain Databases of various flavors on Premises, Cloud or Hybrid (MySQL, Oracle, MS SQL Server, MongoDB, PostgreSQL), implement database-related security measures, and conduct research for new applications on Database technology for INTRALOT projects around the world.\nOperations & Monitoring:  you will be responsible to operate & monitor databases as well as develop relevant operations & monitoring techniques.\nDocumentation & Support: developing & maintaining technical documentation is a must in this position. Provide 3rd level support services, addressing related incidents and service requests.\nSoftware development team support: assist the SW Developmnt team withdata changes, cloning, relocation, performance issues, query optimizations, configuration changes, updates and troubleshooting.\nEscalate to Vendors by opening coherent service requests to request their help to resolve issues.\n\nKey Challenges of our job opening:\nYou will be joining a team that manages corporate database systems of high complexity, multiple versions and large data volumes!\nHandling rapid changes and product transformations which must be evaluated quickly.\nThus, in this role, you need to keep yourself up to date & aligned with new technologies!\nPlease note that in this role requires to work on shifts, including weekends (standby support)To be a successful candidate, your profile should match the following criteria:\nIdeally, you have earned your University / College Degree in Computer Science or Computer Engineering or relevant technology field.\nA proven record of minimum five (5) years working experience\nin database administration.\nAdvanced knowledge of MySQL or Oracle RDBMS is required.\nAdditional knowledge in one or more of the following database technologies: PostgreSQL, Oracle RDBMS, MongoDB, MS SQL Server etc. will be considered a plus\nGood knowledge of scripting and programming languages as well as linux tools, such as Bash, Python, Ansible, awk, sed, etc.\nAn automation and Infrastructure as Code (IaC) mindset\nYou have excellent command of the Greek & English language, both written and spoken \nCompleted military obligations for male candidates.\nOn a personal side... \nYou are able to develop and maintain solid technical documentation.You accustomed to working under pressure to meet tight deadlines, whenever needed \nYou are also distinguished for your problem-solving abilities and for your strong sense of prioritizing! \n we work, above everything else, as a TEAM. So, you are an excellent team player, good in communicating and willing to cooperate efficiently with other colleagues!\nINTRALOT's vision is to attract the most talented people in our industry and to support and develop them not only to fulfill their role description but also to go beyond expectations! \n\nAbout Us: INTRALOT, a publicly listed company established in 1992, is a leading gaming solutions supplier and operator active in 39 regulated jurisdictions worldwide. With a global workforce of approximately 1,700 employees, INTRALOT is committed to redefine innovation and quality of services in the lottery and gaming sector, while supporting operators in raising funds for good causes. In 2023, INTRALOT was distinguished as a top ten most attractive employer brands in Greece.\nINTRALOT has been awarded the prestigious WLA Responsible Gaming Framework Certification by the World Lottery Association. We always act with integrity and enjoy what we do.\n\n\nWhy Join Us:\n A competitive compensation package combined with additional benefits.\n Hybrid working model.\n Private Insurance for you and your family. \n Modern facilities, parking inside, enticing restaurant and corporate bus.\n An extensive training program upon induction and throughout employment.\n Exceptional opportunities to learn and develop in a multinational environment.\n Prospects for professional growth both locally and globally. \n\nEqual Opportunity Employer: We celebrate diversity and are proud to be an Equal Opportunity Employer. We welcome applicants from all backgrounds and do not discriminate based on race, color, religion, gender, sexual orientation, national origin, age, marital status, medical condition, disability, or any other protected status. Our premises in Paiania, Attica, are accessible to individuals with disabilities.\n",,Full-time,"Paiania, Greece",EL,2024-09-09,kariera.gr,109251,,"['http://data.europa.eu/esco/skill/21d2f96d-35f7-4e3f-9745-c533d2dd6e97', 'http://data.europa.eu/esco/skill/2636b3d3-843e-46a9-8b4c-a9d6ca3f5a2d', 'http://data.europa.eu/esco/skill/485cdafb-3c7f-4104-ab1c-773e6131a39a', 'http://data.europa.eu/esco/skill/5bac4bcc-1846-4688-ba02-ad2b51544282', 'http://data.europa.eu/esco/skill/6f8a40d6-f9ce-43ec-a72f-d4213a53f3ed', 'http://data.europa.eu/esco/skill/7369f779-4b71-4aab-8836-48b69c676eec', 'http://data.europa.eu/esco/skill/89f6560b-2194-45c9-9ece-d33049a73eef', 'http://data.europa.eu/esco/skill/a8d07b5a-c1a1-42c6-9d53-db9c7a2ca996', 'http://data.europa.eu/esco/skill/c062bab3-3ea0-4291-9220-a2d8fef4bead', 'http://data.europa.eu/esco/skill/ccd0a1d9-afda-43d9-b901-96344886e14d', 'http://data.europa.eu/esco/skill/de9f85ba-e77f-48fd-8c66-f5ebaf32d655', 'http://data.europa.eu/esco/skill/e24377fb-020b-4430-8bed-86dd539bbf3a', 'http://data.europa.eu/esco/skill/ea4ebfa1-e17a-4416-ac54-955f33e6ade7', 'http://data.europa.eu/esco/skill/ec85cc63-4e24-4631-bf92-8789db2605c0']","['http://data.europa.eu/esco/occupation/50af07f0-7a75-424e-a66d-5a9deea10f4c', 'http://data.europa.eu/esco/occupation/5fd2980e-22c4-4ace-a394-190c76f4f539', 'http://data.europa.eu/esco/occupation/92bb3d8c-8a9f-4cd7-80ec-247bbf173004', 'http://data.europa.eu/esco/occupation/d18a8976-a283-42ad-9541-75c49396dbd7', 'http://data.europa.eu/esco/isco/C252', 'http://data.europa.eu/esco/isco/C2521']"
271,Database Administrator (DBA),"Company DescriptionWe are Netcompany-Intrasoft, a member of Netcompany Group A/S, and a leading European IT Solutions and Services company with strong international presence and expertise, dedicated to responsible digitalisation. We offer innovative and added-value solutions of the highest quality to a wide range of public and private organizations, while being a key-player in the EU Institutions for the past 30 years. We hold an outstanding record of 500+ organizations in 70+ countries, that have chosen our solutions and services, to fulfil their business needs. Our team of 3500+ professionals is our driving force and our most valuable asset.Job DescriptionEver wondered what it feels like to be a Database Administrator in Netcompany-Intrasoft?Joining us as a Database Administrator, you will have the opportunity to be a part of our highly skilled agile consultants teams working within large-scale transformation projects, that impact the life of millions of EU citizens. You will be involved in the design, customization, integration, and maintenance of enterprise-scale CRM/CX implementations that are intended mainly in private sector organizations. As a Database Administrator you will:Install, configure, maintain, and troubleshoot Databases (Oracle RDBMS, MS SQL Server and optional DB2, MongoDB, MySQL)Helping with database design and developmentManaging database accessDesigning maintenance procedures and putting them into operationEnsuring that databases meet user requirementsLiaising with programmers, applications/operational staff, IT project managers and other technical staffManaging database security/integrity and backup proceduresImplementing security measuresDefining objectives through consultation with staff at all levelsTesting and modifying databases to ensure that they operate reliablyProviding user training, support and feedbackArchiving dataUnderstands networking standards and best practices.Develop and maintain technical documentation.Ensure all service level agreements and objectives are met.Require working on shifts including weekends.Ability to work well under pressure and to meet deadlines as neededQualificationsWhat would make you a fit for the role:Knowledge of Oracle RDBMSFamiliarity with MS SQL ServerExperience working with DB2It would also be a plus if you match some of the following:MongoDBMySQLPostgreSQLUnix O/S (AIX - Linux RHEL/Centos/OELWindows Additional InformationBeing a part of the Netcompany-Ιntrasoft team, you will be provided with: The opportunity to work in a modern environment & in a hybrid working modelA seamless onboarding experience and a buddy to support you on your first stepsA competitive compensation & benefits packageHealth and life insurance programMeal and commuting allowanceWell-being activities (on premises)Continuous learning opportunities using the most modern methods (unlimited access to Udemy for Business, ad-hoc trainings)A personalized development plan for targeted career growthIf you are looking forward to be part of a diverse environment, and have the opportunity to work alongside well-experienced professionals, on challenging, large-scale projects that directly impact millions of citizens around the globe, then this is the place to be!Our cultureOur people are the most important element of our success. Our work life is well defined by our set of fundamental Values: https://bit.ly/3SSbBzU  #BePartOfSomethingGreat!*Please submit your CV in EnglishAll applications will be treated as strictly confidential.",,Full-time,"Athens, Greece",EL,2024-09-08,kariera.gr,151486,,"['http://data.europa.eu/esco/skill/23ac233d-84ad-4517-b0f5-8ca19ba2614e', 'http://data.europa.eu/esco/skill/2636b3d3-843e-46a9-8b4c-a9d6ca3f5a2d', 'http://data.europa.eu/esco/skill/29fb0fb5-dfc4-4098-ac9b-3a712000f48f', 'http://data.europa.eu/esco/skill/3c76296d-4bbd-44ba-8eaa-95bf275f79b7', 'http://data.europa.eu/esco/skill/5c1e686c-92cc-4bd7-9f23-51f9d8a58886', 'http://data.europa.eu/esco/skill/726abd5a-d23c-44b9-abb0-f22bbe95f1d3', 'http://data.europa.eu/esco/skill/7369f779-4b71-4aab-8836-48b69c676eec', 'http://data.europa.eu/esco/skill/8f6ed69b-29d0-4c01-81ba-f05920a185f3', 'http://data.europa.eu/esco/skill/c062bab3-3ea0-4291-9220-a2d8fef4bead', 'http://data.europa.eu/esco/skill/ec85cc63-4e24-4631-bf92-8789db2605c0']","['http://data.europa.eu/esco/occupation/5fd2980e-22c4-4ace-a394-190c76f4f539', 'http://data.europa.eu/esco/occupation/719f101d-1866-49d3-8d5c-2256f606a8b9', 'http://data.europa.eu/esco/occupation/8b6388a4-4904-471b-9331-d3b1211f5525', 'http://data.europa.eu/esco/isco/C252', 'http://data.europa.eu/esco/isco/C2521']"
275,Frontend Engineer (Angular) Mid-Senior,"Company DescriptionWe are Netcompany-Intrasoft, a member of Netcompany Group A/S, and a leading European IT Solutions and Services company with strong international presence and expertise, dedicated to responsible digitalisation. We offer innovative and added-value solutions of the highest quality to a wide range of public and private organizations, while being a key-player in the EU Institutions for the past 30 years. We hold an outstanding record of 500+ organizations in 70+ countries, that have chosen our solutions and services, to fulfil their business needs. Our team of 3500+ professionals is our driving force and our most valuable asset.Job DescriptionEver wondered what it feels like to be a Front End Developer (Angular) in Netcompany-Intrasoft? As a Front-end Developer, you will be a member of team responsible for designing, developing and testing in order to create software solutions aligned to the needs of the business and external customers. The role requires developed and strong foundation of web-development skills and good knowledge of relevant technologies.As a Frontend Developer you will:Able to take ownership, accountability and initiativeDetail-driven, able to take constructive criticismStrong analytical-thinker and problem-solverCommunicative and team playerQualificationsWhat would make you a fit for the role:University degree in Computer Science or Electrical EngineeringAt least 2 years of Javascript experienceAt least 1 year of Angular (version 2 or greater) development experience, or some other relevant framework (Backbone.js, AngularJS, viewJS, react)Knowledge of the interaction between JavaScript, HTML and CSS.Ability to create, modify, and style elements on a page with ease and can also do this dynamicallyAbility to analyse visual designs into design patternsStrong knowledge in MVC ArchitectureKnowledge of version control softwareExperience consuming RESTful API'sGood command of the English Language (written & verbal)It would also be a plus if you match some of the following:Cross browser experience, working with backwards compatibility with graceful degradationExperience in Bootstrap and responsive web application developmentFamiliarity with backend development, understanding application layersExperience writing RESTful API's and fully understanding the RESTful architecture and goalsA background in design or appreciation of good design and UXExperience with SQL and being comfortable with querying databaseAdditional InformationBeing a part of the Netcompany-Ιntrasoft team, you will be provided with: The opportunity to work in a modern environment & in a hybrid working modelA seamless onboarding experience and a buddy to support you on your first stepsA competitive compensation & benefits packageHealth and life insurance programMeal and commuting allowanceWell-being activities (on premises)Continuous learning opportunities using the most modern methods (unlimited access to Udemy for Business, ad-hoc trainings)A personalized development plan for targeted career growthIf you are looking forward to be part of a diverse environment, and have the opportunity to work alongside well-experienced professionals, on challenging, large-scale projects that directly impact millions of citizens around the globe, then this is the place to be!By joining Netcompany-Intrasoft Athens, you will be part of a vivid team of 2000+ tech enthusiasts. When at the office you will have the chance to work at our brand-new, state-of-the-art, sustainable offices, located in 3 different spots in Athens!Our cultureOur people are the most important element of our success. Our work life is well defined by our set of fundamental Values: https://netcompany.com/careers/greece/our-values/ #BePartOfSomethingGreat!Please submit your CV in English. All applications will be treated as strictly confidential.We ensure equal opportunities, treatment, and consideration to all candidates. Discrimination based on sex, racial or ethnic origin, religion or belief, disability, age, sexual orientation or marital status, physical or mental disability, or any other factor protected by applicable laws and regulations is prohibited. As part of the Netcompany-Intrasoft culture, we respect human rights and focus on creating a positive workplace, where all employees are valued, and where diversity and inclusion are a vital part of our our everyday working experience.",,Full-time,"Athens, Greece",EL,2024-09-08,kariera.gr,163332,,"['http://data.europa.eu/esco/skill/0af062de-eb43-41e9-9b96-249e2cd22d26', 'http://data.europa.eu/esco/skill/23ac233d-84ad-4517-b0f5-8ca19ba2614e', 'http://data.europa.eu/esco/skill/598de5b0-5b58-4ea7-8058-a4bc4d18c742', 'http://data.europa.eu/esco/skill/8f6ed69b-29d0-4c01-81ba-f05920a185f3', 'http://data.europa.eu/esco/skill/fc4fcb4b-993f-4f2c-b158-c2171ec18ed8']","['http://data.europa.eu/esco/occupation/719f101d-1866-49d3-8d5c-2256f606a8b9', 'http://data.europa.eu/esco/occupation/874a2080-a9b6-46a9-8662-c9b7d4208f73', 'http://data.europa.eu/esco/occupation/c40a2919-48a9-40ea-b506-1f34f693496d']"
320,Call for Talents - Junior Software Engineers,"Company DescriptionWe are Netcompany-Intrasoft, a member of Netcompany Group A/S, and a leading European IT Solutions and Services company with strong international presence and expertise, dedicated to responsible digitalisation. We offer innovative and added-value solutions of the highest quality to a wide range of public and private organizations, while being a key-player in the EU Institutions for the past 30 years. We hold an outstanding record of 500+ organizations in 70+ countries, that have chosen our solutions and services, to fulfil their business needs. Our team of 3500+ professionals is our driving force and our most valuable asset.Job DescriptionEver wondered what it feels like to be a Junior Software Engineer in Netcompany-Intrasoft? Joining us as a Junior Software Engineer you will become part of agile, highly skilled SW Product Development teams that design, develop, deploy, customize, test, and support web and digital applications for various industries (FinTech / Betting / Insurance / Telecommunications / Utilities / Retail / EU Institutions / Public Sector Digital Transformation). This will be the beginning of your career in one of the following specialties: backend, frontend, full-stack, DevOps, or automation testing SW Engineers.As a Junior Software Engineer you will:Work within an agile team that designs, develops, tests, and maintains web applications by using technologies such as Java, Spring, Spring boot, Microservices Architecture, Angular, React, Docker, Kafka, Kubernetes, Selenium, Cucumber, etc.Perform a full range of complex programming tasks using a variety of web and application-based programming technologies and languages, keeping current with new programming techniquesDevelop and maintain code and application libraries, instructions, and technical documentationCollaborate with team members to understand requirements and propose solutionsParticipate in peer code reviewsBe up to date, learn and gain experience in new technology stacks.QualificationsWhat would make you a fit for the role:Degree in Computer Science, Software Engineering or other relevant disciplinesFamiliarity with at least one of the below (Java, Spring, Spring boot, Microservices Architecture, Angular, React, Docker, Kafka, Kubernetes, Selenium and Cucumber)Excellent command of the English language (written & oral)It would also be a plus if you match some of the following:Knowledge of:web technologies including HTML5, CSS3, JavaScript frameworksdatabase concepts and SQL programmingExperience with Source Control(GIT, Subversion) and Build Tools (Maven).Additional InformationAll newcomers attend a high-quality training by our internal onboarding academy, regarding the Netcompany-Intrasoft culture and digital journey. All sessions are conducted by our tech specialists, who share their knowledge on technologies and methodologies that are used in our projects, ensuring a smooth and enlightening onboarding process.Being a part of the Netcompany-Ιntrasoft team, you will be provided with: The opportunity to work in a modern environment & in a hybrid working modelA seamless onboarding experience and a buddy to support you on your first stepsA competitive compensation & benefits packageHealth and life insurance programMeal and commuting allowanceWell-being activities (on premises)Continuous learning opportunities using the most modern methods (unlimited access to Udemy for Business, ad-hoc trainings)A personalized development plan for targeted career growthIf you are looking forward to be part of a diverse environment, and have the opportunity to work alongside well-experienced professionals, on challenging, large-scale projects that directly impact millions of citizens around the globe, then this is the place to be!Join Netcompany-Intrasoft Patras' branch, and be part of our 150+ tech enthusiasts team!Our cultureOur people are the most important element of our success. Our work life is well defined by our set of fundamental Values: https://netcompany.com/careers/greece/our-values/ #BePartOfSomethingGreat!Please submit your CV in English. All applications will be treated as strictly confidential.We ensure equal opportunities, treatment, and consideration to all candidates. Discrimination based on sex, racial or ethnic origin, religion or belief, disability, age, sexual orientation or marital status, physical or mental disability, or any other factor protected by applicable laws and regulations is prohibited. As part of the Netcompany-Intrasoft culture, we respect human rights and focus on creating a positive workplace, where all employees are valued, and where diversity and inclusion are a vital part of our our everyday working experience.",,Full-time,"Patra, Greece",EL,2024-09-07,kariera.gr,163204,,"['http://data.europa.eu/esco/skill/0d168770-4d9c-4096-b048-a6577818d306', 'http://data.europa.eu/esco/skill/19a8293b-8e95-4de3-983f-77484079c389', 'http://data.europa.eu/esco/skill/1ffac4ac-fda7-407d-8ed1-ca8f4a8dc146', 'http://data.europa.eu/esco/skill/23ac233d-84ad-4517-b0f5-8ca19ba2614e', 'http://data.europa.eu/esco/skill/3993c87c-7719-4186-811b-8ddfb40e76be', 'http://data.europa.eu/esco/skill/484df271-bb52-49f1-8f50-f19624bf4df2', 'http://data.europa.eu/esco/skill/7557f0f4-b8bc-4ac0-b91e-222ab1ba744f', 'http://data.europa.eu/esco/skill/8f6ed69b-29d0-4c01-81ba-f05920a185f3', 'http://data.europa.eu/esco/skill/a8797f21-1af0-4c5e-98ca-bf1442929363', 'http://data.europa.eu/esco/skill/dba46f87-0831-49cd-a1c7-340a653c0221', 'http://data.europa.eu/esco/skill/f0de4973-0a70-4644-8fd4-3a97080476f4']","['http://data.europa.eu/esco/occupation/57af9090-55b4-4911-b2d0-86db01c00b02', 'http://data.europa.eu/esco/occupation/719f101d-1866-49d3-8d5c-2256f606a8b9', 'http://data.europa.eu/esco/occupation/866c7813-2c03-47d7-9bdc-192cfbace57c', 'http://data.europa.eu/esco/occupation/a9c7a04d-807a-41b5-b441-87c73c73c9c5', 'http://data.europa.eu/esco/occupation/c52129d9-4656-4ce8-ba13-8a72a51d5400', 'http://data.europa.eu/esco/occupation/cc867bee-ab5c-427f-9244-f7a204d9574b']"
364,Software Engineer - C# .NET or ASP.NET (e-Health Sector) Thessaloniki,"About Sigmasoft S.A. 
Sigmasoft S.A. is an innovative software development company providing state-of-the-art software solutions and services for the e-Health &  e-Government Sector.
What You Will Be Doing
You will be working with our team of talented software engineers to create innovative digital Health and medical software systems.
Experience You Will Need to Succeed

BSc in Computer Science or related field
Knowledge of using .NET WinForms Framework
Knowledge of C#
Knowledge of SOAP/Rest APIs
Knowledge of Microsoft SQL Server
Familiarity with Entity Framework will be considered as a plus
Knowledge of LINQ will be considered as a plus
Knowledge of DevExpress controls will be considered as a plus
Knowledge of Multithreading/Asynchronous programming will be considered as a plus

Personal skills we are looking for

Excellent communication skills
Excellent analytical, problem solving and troubleshooting abilities
Solid organizational skills and focus on accuracy and attention to detail
Able to work independently or as part of a team
Detail oriented, maintaining the highest quality work standards
Enjoy working within agile/scrum-based team
Great energy level and enjoy working in full software development lifecycle, from concept and design to testing.",Mid-level,Full-time,"Thessaloniki, Greece",EL,2024-09-07,kariera.gr,165953,,"['http://data.europa.eu/esco/skill/4c016b68-4116-468c-9dc6-42710c239e4a', 'http://data.europa.eu/esco/skill/b21e2984-c6b2-4352-bbe8-8f3b03bd50f6', 'http://data.europa.eu/esco/skill/c062bab3-3ea0-4291-9220-a2d8fef4bead', 'http://data.europa.eu/esco/skill/c7d24594-0c11-4b27-9039-fe0bb903da8e']",[]
365,Software Engineer - C# .NET or ASP.NET (e-Health Sector) Athens,"About Sigmasoft S.A. 
Sigmasoft S.A. is an innovative software development company providing state-of-the-art software solutions and services for the e-Health &  e-Government Sector.
What You Will Be Doing
You will be working with our team of talented software engineers to create innovative digital Health and medical software systems.
Experience You Will Need to Succeed

BSc in Computer Science or related field
Knowledge of using .NET WinForms Framework
Knowledge of C#
Knowledge of SOAP/Rest APIs
Knowledge of Microsoft SQL Server
Familiarity with Entity Framework will be considered as a plus
Knowledge of LINQ will be considered as a plus
Knowledge of DevExpress controls will be considered as a plus
Knowledge of Multithreading/Asynchronous programming will be considered as a plus

Personal skills we are looking for

Excellent communication skills
Excellent analytical, problem solving and troubleshooting abilities
Solid organizational skills and focus on accuracy and attention to detail
Able to work independently or as part of a team
Detail oriented, maintaining the highest quality work standards
Enjoy working within agile/scrum-based team
Great energy level and enjoy working in full software development lifecycle, from concept and design to testing.",Mid-level,Full-time,"Athens, Greece",EL,2024-09-07,kariera.gr,165954,,"['http://data.europa.eu/esco/skill/4c016b68-4116-468c-9dc6-42710c239e4a', 'http://data.europa.eu/esco/skill/b21e2984-c6b2-4352-bbe8-8f3b03bd50f6', 'http://data.europa.eu/esco/skill/c062bab3-3ea0-4291-9220-a2d8fef4bead', 'http://data.europa.eu/esco/skill/c7d24594-0c11-4b27-9039-fe0bb903da8e']",[]
429,ERP Consultant,"Position Responsibilities:

Participation in the planning and implementation of Soft1 ERP projects.
Design of views and print forms.
User support and training.
Requirements analysis and recording.

Necessary qualifications:

Degree in Computer Science or Accounting or Finance.
Analytical thinking, critical thinking and teamwork.
Knowledge of the commercial process (invoicing, handling, collection documents).
Ability to communicate well in support situations.
Ability to organize time.
Completed military obligations.

 
Desired qualifications:

Previous experience in a similar position will be appreciated.
Knowledge of Softone products.
Basic knowledge of accounting.
Knowledge of SQL or Java Script.",Mid-level,Full-time,"Peristeri, Greece",EL,2024-09-07,kariera.gr,168350,,"['http://data.europa.eu/esco/skill/4707da90-9cfc-46ca-8de0-38a0b7bfb137', 'http://data.europa.eu/esco/skill/598de5b0-5b58-4ea7-8058-a4bc4d18c742', 'http://data.europa.eu/esco/skill/a8797f21-1af0-4c5e-98ca-bf1442929363', 'http://data.europa.eu/esco/skill/b9f16465-56a9-426b-a047-0f9f1f95ec92', 'http://data.europa.eu/esco/skill/db27065e-3c06-4f89-aa55-48fd87dabf82', 'http://data.europa.eu/esco/skill/ecc18804-a466-40d9-98b4-fba5cd67dd4b']","['http://data.europa.eu/esco/occupation/b1c80369-067e-4041-84c8-dbe65640a5d8', 'http://data.europa.eu/esco/isco/C3313']"
539,"Senior Associate, Software Engineering","Role Summary
Pfizer's purpose is to deliver breakthroughs that change patients' lives.In Pfizer Digital Core Solutions, we partner closely with our Pfizer business operations colleagues to efficiently deliver robust supporting technology solutions that enhance their work to achieve the Pfizer purpose. We value our team members' technical skills, but also their passion, teamwork, and growth. Our culture is focused on delivering value through courage, excellence, equity, and joy. Our collective skillset supports all aspects of technology planning, project execution and application development excellence.We are looking for Software Engineer (SE) candidates who are aligned with our culture and values, and with academic and/or work experience in software development projects that include both backend and frontend development using Java and Javascript-based technologies for multi-tiered, RDBMS-based web applications.The Software Engineer plays a key role in meeting our mission. The SE analyzes specifications, designs logic, writes code, customizes products, unit tests, debugs, and documents software applications. The SE participates in agile team events and works within the agile team framework.The SE will work closely with their manager to ensure growth over time, including the selection of project work among hundreds of applications that will expand their skillset to meet personal and organizational goals, to provide fulfilling work, and to advance their careers.
Role Responsibilities

Works within project teams as a contributor to design, prototype, implement and unit test software solutions in support of the project objectives.
Works as a senior developer on small-to-medium size software development projects, which may include accountability for the work of a small number of other junior and/or contract Software Engineers, as well as responsibility for dictating and managing coding standards, coding best practices, source code control approaches, versioning, etc.
Translates logical designs of user/system interfaces into physical designs, considering the target environment, performance requirements and existing systems.
Helps produce detailed design specifications where applicable, and documents all work using required standards, methods, and tools, including prototyping tools, where appropriate.
Conducts reviews of supplied specifications as appropriate.
Defines the integration build and produces a build definition for generation of the software.
Work in a matrix, team environment with Pfizer colleagues as well as vendor partners.
Dedicated to meeting the expectations and requirements of internal and external customers.

Qualifications
Education:

Undergraduate degree in Software Engineering, Information Management, Computer Science, Mathematics, or other scientific or engineering discipline.

Prior Experience:

Minimum of 3 years of experience as a software developer/engineer.

Required Capabilities and Experience:

Facilitation, negotiating and presentation skills.
Experience working in ambiguous situations.
Demonstrated experience and skills in analysis and problem solving.
Demonstrated ability to developing multi-tiered solutions using multiple programming languages and web technologies including Java, TypeScript (Angular), HTML, CSS, SQL, etc.
Demonstrated experience using standard requirements business analysis techniques, including brainstorming, interviewing, requirements sessions, activity diagrams and use cases desired.
Demonstrated experience and/or competencies either informally or formally contributing on various-size teams of technologists, IT professionals or project managers using Agile, Scrum, DevOps, and other approaches for iterative development.
Demonstrated ability to collaborate and work effectively in team settings, frequently in virtual teams with client partner and customer engagement responsibilities.
Demonstrated ability to understand data and integration architectures to manage, transform, and exploit data across the enterprise.
Demonstrated capability to understand security requirements, and using the frameworks and tools the organization has put in place to meet those requirements.
Excellent oral and written communication skills.

Required Aptitude:

Quick to establish trust and respect
Action oriented and energetic
Resourceful and creative
Persistent and determined
Mature and cool under pressure
Easily makes connections
Reads situations quickly
Commitment and follow through

Pfizer is an equal opportunity employer and complies with all applicable equal employment opportunity legislation in each jurisdiction in which it operates.
To apply please visit our website www.pfizercareers.com and search job Senior Associate, Software Engineer with id 4919474.",Mid-level,Full-time,"Thessaloniki, Greece",EL,2024-09-06,kariera.gr,168300,,"['http://data.europa.eu/esco/skill/0a9acb6b-1139-4be9-b431-3a80a959f2f4', 'http://data.europa.eu/esco/skill/0af062de-eb43-41e9-9b96-249e2cd22d26', 'http://data.europa.eu/esco/skill/0ee94c0a-3716-494a-95a2-dcbab9e58be2', 'http://data.europa.eu/esco/skill/113b4428-0a31-4199-8496-070af7854b91', 'http://data.europa.eu/esco/skill/19a8293b-8e95-4de3-983f-77484079c389', 'http://data.europa.eu/esco/skill/1b957e3d-0017-42b0-9bfe-49a1cdd31de7', 'http://data.europa.eu/esco/skill/1fcce318-3212-487a-ac07-4941bc85060d', 'http://data.europa.eu/esco/skill/234aeb8d-56c3-4531-9193-1c5e6a8d16cb', 'http://data.europa.eu/esco/skill/2522a6ce-3202-4ac8-9f5b-b9cb5a3a83a1', 'http://data.europa.eu/esco/skill/33d49d4f-31ec-473f-9b8a-b555aa5116bb', 'http://data.europa.eu/esco/skill/385479b7-5da5-4367-9763-0d15b41bb65b', 'http://data.europa.eu/esco/skill/4339176e-3acd-4f7f-a5d9-445bee3d23f2', 'http://data.europa.eu/esco/skill/598de5b0-5b58-4ea7-8058-a4bc4d18c742', 'http://data.europa.eu/esco/skill/5b26f08b-88bc-45f0-b901-530d7786466b', 'http://data.europa.eu/esco/skill/5dd96c59-5955-474b-8cf5-e986a5b50f1a', 'http://data.europa.eu/esco/skill/7954861c-86d4-4529-afbb-2c23dab9ac74', 'http://data.europa.eu/esco/skill/867137fb-ff1b-4ca3-99f3-cb6969aa2c68', 'http://data.europa.eu/esco/skill/a8797f21-1af0-4c5e-98ca-bf1442929363', 'http://data.europa.eu/esco/skill/d433c82e-fa7a-492e-a8fd-eee7b39e4c48', 'http://data.europa.eu/esco/skill/e76dd90d-91c4-49c0-bfd0-dfa2c4c90c81', 'http://data.europa.eu/esco/skill/ed1d8bd4-cd2a-4c64-b665-56d70651026c', 'http://data.europa.eu/esco/skill/f0de4973-0a70-4644-8fd4-3a97080476f4', 'http://data.europa.eu/esco/skill/f37d9f67-2e79-4958-8307-1ce9d6dcc8bd', 'http://data.europa.eu/esco/skill/f5308e60-d763-4ead-be95-88c96fb3e02b', 'http://data.europa.eu/esco/skill/f9b52e2d-56a7-48ca-b04d-2fc6436fcd4f', 'http://data.europa.eu/esco/skill/fd33c66c-70c4-40e6-b87c-5495bd3bf26e']","['http://data.europa.eu/esco/occupation/196a4c75-9591-436f-9677-67252df34c22', 'http://data.europa.eu/esco/occupation/72628f3a-fd49-499a-9741-870b0a1fcef2', 'http://data.europa.eu/esco/occupation/7843a4c6-a9f6-4095-94b9-45b384d4bd57', 'http://data.europa.eu/esco/occupation/836f0a96-7546-4003-9fc8-714fc79199d4', 'http://data.europa.eu/esco/occupation/8b6388a4-4904-471b-9331-d3b1211f5525', 'http://data.europa.eu/esco/occupation/cc867bee-ab5c-427f-9244-f7a204d9574b', 'http://data.europa.eu/esco/occupation/d515e82a-ca9f-4be4-9823-33694dff7304', 'http://data.europa.eu/esco/isco/C1330', 'http://data.europa.eu/esco/isco/C2519']"
638,Associate Technical Support Engineer (DBA),"We are seeking an enthusiastic Associate Technical Support Engineer (DBA) to help maintain smooth database operations for our clients. In this role, you will assist with troubleshooting, installations, upgrades, and providing essential database services, ensuring seamless data flow and accessibility for end-users.
 
Responsibilities:

Assist in troubleshooting basic database issues.
Communicate with customers to understand the technical problem they are facing.
Use remote access to connect to customer systems and help resolve issues.
Support the installation, implementation, and upgrades of DBMS systems.
Help ensure databases are protected against data loss by following procedures and policies.
Contribute to reporting on database usage and performance.

 
Skills & Knowledge:

Bachelor's Degree in Computer Science, Information Technology, or a related field.
Basic understanding of the ITIL framework.
0-3 years of technical support experience.
Familiarity with SQL.
Basic knowledge of databases, particularly SQL Server or SAP Sybase ASE (certification is a plus).
Awareness of middleware technologies (e.g., IIS, Tomcat).
Ability to work effectively under pressure.
Fluency in both Greek and English languages.

 
Benefits:
As an equal opportunity employer, we celebrate diversity and are committed to creating an inclusive environment for all employees.
Our company is people - centric and offers personalized benefits to each employee:

We want you to be well compensated for what you bring in, so we offer an attractive salary package
Your health matters to us, so all colleagues have a private health insurance plan from day one
DBA's fuel is coffee, and the supply source is in our kitchen!
We are excited for challenges, so you are invited to take part in exciting projects
We never stop learning and evolving! You will have your own mentor and training program to help you develop in a company with unlimited possibilities and you will join our training sessions and online courses that we provide
We love the Relational vibes so we gather on smaller and bigger occasions to celebrate good times together!

Relational Financial Solutions adheres to the General Data Protection Regulation principles by applying its Privacy Policy as published in https://www.relationalfs.com/legal-information/pri.... By submitting an application to this position and by sharing your personal data with Relational Financial Solutions you acknowledge and accept its Policy and authorise Relational Financial Solutions to process your personal data for the purposes of the company's recruitment opportunities, in line to the Policy.",Entry / Junior,Full-time,"Athens, Greece",EL,2024-09-06,kariera.gr,168198,,"['http://data.europa.eu/esco/skill/14832d87-2f2f-4895-b290-e4760ebae42a', 'http://data.europa.eu/esco/skill/3d957fb2-b8f4-4b4c-b955-23299c761ad5', 'http://data.europa.eu/esco/skill/43ae58b9-5e56-4524-b45a-b422777a0576', 'http://data.europa.eu/esco/skill/46e93774-7c6a-4dc5-bae9-be97cc461093', 'http://data.europa.eu/esco/skill/7935deb6-0bed-4e38-985e-1f83b8e16940', 'http://data.europa.eu/esco/skill/a4346013-a967-4a58-a533-6b32ad1364c5', 'http://data.europa.eu/esco/skill/ab1e97ed-2319-4293-a8b7-072d2648822f', 'http://data.europa.eu/esco/skill/ab67fbfb-0ca7-4345-8bf6-af8f59480212', 'http://data.europa.eu/esco/skill/c062bab3-3ea0-4291-9220-a2d8fef4bead', 'http://data.europa.eu/esco/skill/ebff1a39-7261-49cd-9cb2-88f565e8dc26', 'http://data.europa.eu/esco/skill/f75b740c-b36c-495e-bc67-efe347bbc6b5']","['http://data.europa.eu/esco/occupation/0ba06640-e0ac-4911-9e43-289a8e41651e', 'http://data.europa.eu/esco/occupation/a6517365-211c-456d-aca4-1a0115c7b1e1', 'http://data.europa.eu/esco/occupation/caf7b8fb-b2d6-46b7-bffa-bea7f8e4aed8', 'http://data.europa.eu/esco/isco/C3']"
716,Junior Java Developer / DevOps Engineer (Remote/Thessaloniki),"Description
Are you a Junior Java Developer or DevOps Engineer looking for a dynamic role in a growing development team? Join us in Thessaloniki or work fully remotely, and become part of our innovative team implementing cutting-edge IT software projects for major international public organizations.
Main Responsibilities and Tasks:

Participate in the design and development of large scale web-based and mobile applications using state-of-the-art techniques and technologies;
Maintain and develop DevOps tools and services such as CI/CD pipelines and automated processes;
Participate and contribute in the process of defining the software architecture;
Work in a multi-national environment.

Requirements

Bachelor’s degree in Electrical Engineering, Computer Science, or Software Engineering.
Enthusiasm for programming and knowledge of Java;
Strong analytical capabilities, team- and quality-oriented, keen to learn and excel;
Fluency in verbal and written English.

Additional qualification

Experience in any of the following technologies will be highly appreciated: Java, Javascript, Frontend JS frameworks (e.g. Angular), Databases and SQL, REST, Linux, microservices, SpringBoot or Quarkus, Jenkins, Docker.

Benefits
We offer a competitive remuneration based on qualifications and experience, including:

Competitive full-time salary;
Private Health Coverage on the Company’s group program;
Flexible working hours, top - of - the Line tools, language courses, specialized trainings;
A great opportunity to grow and work with innovative and exciting specialists in the industry;
Being part of an environment that offers challenging goals, autonomy and mentoring, which creates development opportunities, both for you and the company.

If you are seeking a career in an exciting, dynamic and multicultural international environment with exciting opportunities that will boost your career, please send us your detailed CV in English, quoting reference: (JJD_D/09/24).
You may also consider all our other open vacancies by visiting the career section of our website (www.eurodyn.com) and follow us on Twitter (@EURODYN_Careers) and LinkedIn.
EUROPEAN DYNAMICS (ED) (www.eurodyn.com) is a leading European Software, Information and Communication Technologies company, operating internationally (Athens, Brussels, Luxembourg, Copenhagen, Berlin, Stockholm, London, Nicosia, Valetta, Vienna, Den Haag, Hong Kong, etc.) The company employs over 1000 engineers, IT experts and consultants (around 3% PhD, 36% MSc and 53% BSc). We design and develop software applications using integrated, state-of-the-art technology. Our current IT projects have a value exceeding 300 million EURO. EUROPEAN DYNAMICS is a renowned supplier of IT services to European Union Institutions, international organizations, European Agencies and national government Administrations in 40 countries and 4 continents.
As part of our dedication to the diversity of our workforce, we are committed to Equal Employment Opportunity without regard for race, colour, national origin, ethnicity, gender, disability, sexual orientation, gender identity, or religion.
EUROPEAN DYNAMICS (ED) adheres to the General Data Protection Regulation principles by applying its Privacy Policy as published in www.eurodyn.com/privacy. By submitting an application to this position and by sharing your personal data with ED, you acknowledge and accept its Policy and authorise ED to process your personal data for the purposes of the company's recruitment opportunities, in line to the Policy.",Entry / Junior,Full-time,"Thessaloniki, Greece",EL,2024-09-06,kariera.gr,168131,,"['http://data.europa.eu/esco/skill/19a8293b-8e95-4de3-983f-77484079c389', 'http://data.europa.eu/esco/skill/21d2f96d-35f7-4e3f-9745-c533d2dd6e97', 'http://data.europa.eu/esco/skill/2b1ce548-4e16-45fb-bfb2-f3141c8efe8d', 'http://data.europa.eu/esco/skill/3993c87c-7719-4186-811b-8ddfb40e76be', 'http://data.europa.eu/esco/skill/43ae58b9-5e56-4524-b45a-b422777a0576', 'http://data.europa.eu/esco/skill/598de5b0-5b58-4ea7-8058-a4bc4d18c742', 'http://data.europa.eu/esco/skill/5b26f08b-88bc-45f0-b901-530d7786466b', 'http://data.europa.eu/esco/skill/96eb286a-58b7-45ff-a916-5578d0b79b8c', 'http://data.europa.eu/esco/skill/a8797f21-1af0-4c5e-98ca-bf1442929363', 'http://data.europa.eu/esco/skill/d3e9b00a-0891-4fa8-836d-8240ec3d2758', 'http://data.europa.eu/esco/skill/e24377fb-020b-4430-8bed-86dd539bbf3a', 'http://data.europa.eu/esco/skill/f0de4973-0a70-4644-8fd4-3a97080476f4', 'http://data.europa.eu/esco/skill/f47a1998-0beb-43be-9f46-380aa4d183da', 'http://data.europa.eu/esco/skill/f7e2eb04-3e50-4561-bce1-7e51a1fec308', 'http://data.europa.eu/esco/skill/fcc0a1c8-d36e-4f8e-b928-00d5bca10a47']","['http://data.europa.eu/esco/occupation/3d190639-90f8-4402-b1b3-a104a17e0d67', 'http://data.europa.eu/esco/occupation/57af9090-55b4-4911-b2d0-86db01c00b02', 'http://data.europa.eu/esco/occupation/86ca306c-ab99-420a-9e2a-aa73c5c4de22', 'http://data.europa.eu/esco/occupation/cc867bee-ab5c-427f-9244-f7a204d9574b', 'http://data.europa.eu/esco/occupation/d0aa0792-4345-474b-9365-686cf4869d2e', 'http://data.europa.eu/esco/occupation/d1b1dfdf-7d60-430a-b569-7dd71b2ebeaa']"
721,Junior Java Web Developer / Tester (Remote/Thessaloniki),"Description 
Are you a Junior Java Web Developer / Tester fluent in English, ready to contribute to international web development projects in the eGovernment sector? Join our team remotely or at our offices in Thessaloniki and become part of our dynamic environment where you'll collaborate closely with clients and internal teams.
Main responsibilities and Tasks:

Preparation of software development documentation (Test Cases, Test Reports, User Manuals, etc.);
Participation in the development of automated testing solutions;
Participation in the development of web and mobile software, using state-of-the-art technologies;
Participation in testing, training, and help-desk/user support activities, for web applications;
Project management support, coordination, and reporting.

Requirements

University Degree in Computer Science, Information Technology, or Electrical Engineering;
Excellent command of English, both written and spoken;
Experience in Java programming language, web development, and databases;
Familiarization with the software development cycle for web applications (requirements, design, development, testing, etc.);
Good understanding of OO programming principles, XML, SQL, HTML, CSS technologies and capacity in automated testing tools (Selenium and/or SoapUI etc.) will be an asset.

Benefits
As a Junior Java Web Developer / Tester you will have the opportunity to work on large international projects with a methodological approach. As part of a friendly team you will work closely with a highly professional team of full-stack software developers/engineers. As part of an international company you will contribute to challenging IT software projects for major international public organizations and institutions. As part of a dynamic company you will get the chance to develop your skills and your career.
We offer competitive remuneration (either on a contract basis or remuneration with full benefits package) based on qualifications and experience, including:

Competitive full-time salary;
Private Health Coverage on the Company’s group program;
Flexible working hours, top - of - the Line tools, language courses, specialized trainings;
A great opportunity to grow and work with innovative and exciting specialists in the industry;
Being part of an environment that offers challenging goals, autonomy and mentoring, which creates development opportunities, both for you and the company.

If you are seeking a career in an exciting, dynamic and multicultural international environment with exciting opportunities that will boost your career, please send us your detailed CV in English, quoting reference: (JJWD_T/09/24).
You may also consider all our other open vacancies by visiting the career section of our website (www.eurodyn.com) and follow us on Twitter (@EURODYN_Careers) and LinkedIn.
EUROPEAN DYNAMICS (ED) (www.eurodyn.com) is a leading European Software, Information and Communication Technologies company, operating internationally (Athens, Brussels, Luxembourg, Copenhagen, Berlin, Stockholm, London, Nicosia, Valetta, Vienna, Den Haag, Hong Kong, etc.) The company employs over 1000 engineers, IT experts and consultants (around 3% PhD, 36% MSc and 53% BSc). We design and develop software applications using integrated, state-of-the-art technology. Our current IT projects have a value exceeding 300 million EURO. EUROPEAN DYNAMICS is a renowned supplier of IT services to European Union Institutions, international organizations, European Agencies and national government Administrations in 40 countries and 4 continents.
As part of our dedication to the diversity of our workforce, we are committed to Equal Employment Opportunity without regard for race, colour, national origin, ethnicity, gender, disability, sexual orientation, gender identity, or religion.
EUROPEAN DYNAMICS (ED) adheres to the General Data Protection Regulation principles by applying its Privacy Policy as published in www.eurodyn.com/privacy. By submitting an application to this position and by sharing your personal data with ED, you acknowledge and accept its Policy and authorise ED to process your personal data for the purposes of the company's recruitment opportunities, in line to the Policy.",Entry / Junior,Full-time,"Thessaloniki, Greece",EL,2024-09-06,kariera.gr,168122,,"['http://data.europa.eu/esco/skill/0af062de-eb43-41e9-9b96-249e2cd22d26', 'http://data.europa.eu/esco/skill/19a8293b-8e95-4de3-983f-77484079c389', 'http://data.europa.eu/esco/skill/2b1ce548-4e16-45fb-bfb2-f3141c8efe8d', 'http://data.europa.eu/esco/skill/3d957fb2-b8f4-4b4c-b955-23299c761ad5', 'http://data.europa.eu/esco/skill/3e40c7d0-0e36-4b33-bc33-0aa87eda0561', 'http://data.europa.eu/esco/skill/43ae58b9-5e56-4524-b45a-b422777a0576', 'http://data.europa.eu/esco/skill/598de5b0-5b58-4ea7-8058-a4bc4d18c742', 'http://data.europa.eu/esco/skill/5c66ce3a-658d-43b1-9d8d-0f39be6c0f2e', 'http://data.europa.eu/esco/skill/7111b95d-0ce3-441a-9d92-4c75d05c4388', 'http://data.europa.eu/esco/skill/7557f0f4-b8bc-4ac0-b91e-222ab1ba744f', 'http://data.europa.eu/esco/skill/78a74fd1-efc6-49dc-adb1-1b0fbe35c22c', 'http://data.europa.eu/esco/skill/96eb286a-58b7-45ff-a916-5578d0b79b8c', 'http://data.europa.eu/esco/skill/a8797f21-1af0-4c5e-98ca-bf1442929363', 'http://data.europa.eu/esco/skill/b8c01891-e3df-4a4b-948d-95b45e1788f5', 'http://data.europa.eu/esco/skill/cbd9cd0f-6c22-4bbc-8af2-dc9c7f5efcb5', 'http://data.europa.eu/esco/skill/d3e9b00a-0891-4fa8-836d-8240ec3d2758', 'http://data.europa.eu/esco/skill/e24377fb-020b-4430-8bed-86dd539bbf3a', 'http://data.europa.eu/esco/skill/e5d1f825-60ed-4bdd-872a-e748c387f777']","['http://data.europa.eu/esco/occupation/1242d99a-47f1-4a62-b884-33746db8a6ca', 'http://data.europa.eu/esco/occupation/2ed56c3f-61d6-4f7e-9ef8-8849eb102e4c', 'http://data.europa.eu/esco/occupation/3d190639-90f8-4402-b1b3-a104a17e0d67', 'http://data.europa.eu/esco/occupation/86ca306c-ab99-420a-9e2a-aa73c5c4de22', 'http://data.europa.eu/esco/occupation/bea99fea-0383-4c63-b944-70d4799de2c5', 'http://data.europa.eu/esco/occupation/c40a2919-48a9-40ea-b506-1f34f693496d']"
723,Full Stack .NET Developer,"Job Title: Full Stack .NET Developer
Company: ComPro SA
Location: 10557 Athens, Attica Greece
Position: Full Stack .NET Developer (Junior/Mid/Senior)
Type: Full-Time, On-Site
 
About Us: ComPro SA is a pioneering force in delivering end-to-end automated software solutions tailored for the financial industry and listed companies. With a rich history dating back to 2000, we are dedicated to crafting, offering, and sustaining innovative solutions that align with the ever-evolving technological and regulatory demands of our valued clients. Our commitment extends to nurturing our specialized staff, enabling them to adeptly address real-time client needs, and forging enduring relationships grounded in trust.
Role and Responsibilities:

Υou will play a key role within our cross-functional team
Responsible of both Back-End and Front-End Web Development applications using techniques and languages like C#, .NET Framework, HTML, CSS, JavaScript, jQuery, SQL Server, UI/UX among other solutions for our digital platforms.
Developing, implementing, and maintaining robust Desktop Applications in the fintech area.
Analysis of project requirements and culminating in the design and implementation of website architecture and of Desktop Applications and SQL Server Objects.
Your crucial duties comprise not only the development and implementation of technical solutions but also close collaboration with diverse teams to ensure the successful completion of projects within established timelines and budgetary constraints
Your assistance will be vital in the development, enhancement, maintenance, and design of a wide array of websites and online applications, catering to a variety of clients.

Main Tasks:

Collaborate with cross-functional teams to define project requirements, scope, and deliverables.
Develop and maintain resilient code and SQL Server objects and scripts using technologies and languages like C#, .NET Framework, SQL Server, WinForms, among other, mainly for our desktop applications.
Design, write, validate and modify scripts and code.
Develop and execute effective testing plans.
Ensure data security and implement measures to protect sensitive information.
Ensure data integrity and quality through meticulous review of data and reports.
Create and maintain documentation for the allocated web applications, programs and other systems.
Utilize Version Control systems to manage codebase and track changes.
Communicate effectively with technical and non-technical team members to provide updates and gather insights.
Stay updated with industry trends and best practices to continuously enhance our solutions.

 
Key Qualifications:

Bachelor's or Master's degree in Computer Science or a related field.
Good Knowledge and proven experience in Front-End Development (HTML5, CSS, JavaScript etc.)
Expertise in Back-End Web Development with proven experience in technologies like C#, .NET Frameworks (ASP.NET, .NET Core etc.), Web API, SQL Server etc.
Expertise in Software Development, with proven experience in technologies like C#, .NET Frameworks (WinForms, .NET Framework, .NET Standard etc), SQL Server and others, for crafting high-performance applications.
Strong experience in building and managing databases to support seamless data flow and storage.
In-depth knowledge of security protocols and data protection measures ensuring the integrity and confidentiality of sensitive information.
Familiarity with Version Control systems, enabling efficient management of the codebase.
Excellent team player with effective communication skills, capable of interacting with both technical and non-technical team members.
Exceptional problem-solving and debugging skills to address complex challenges and find optimal solutions.

 
Preferred Qualifications:

2+ years of experience in C#, .Net Frameworks, SQL Server
Experience in developing using ASP.NET Core, ASP.NET MVC applications
Experience using latest .NET frameworks
Experience with DevExpress Controls
Detail- oriented and excellent concentration ability
Experience in the financial technology (fintech) sector is a plus.
Experience in Mobile Development",Mid-level,Full-time,"Athens, Greece",EL,2024-09-06,kariera.gr,168103,,"['http://data.europa.eu/esco/skill/097c6a36-f031-4d3e-b5c1-62d6ffcb430b', 'http://data.europa.eu/esco/skill/0af062de-eb43-41e9-9b96-249e2cd22d26', 'http://data.europa.eu/esco/skill/21fecc8a-392e-49ce-ac26-fb0696ccfead', 'http://data.europa.eu/esco/skill/29fb0fb5-dfc4-4098-ac9b-3a712000f48f', 'http://data.europa.eu/esco/skill/3782a625-52c2-46c7-b585-35ba4ddc4a1d', 'http://data.europa.eu/esco/skill/56a7f561-1d55-43c9-9cd7-36a0a9bc6c50', 'http://data.europa.eu/esco/skill/5d74614d-32c8-4ca4-9818-6980e52424b1', 'http://data.europa.eu/esco/skill/5ef0c719-5bcb-49f8-b8eb-824388225333', 'http://data.europa.eu/esco/skill/652da95d-b336-497a-bce5-1c29a674eecb', 'http://data.europa.eu/esco/skill/713fb616-118e-40bc-9366-4a69879a49d5', 'http://data.europa.eu/esco/skill/ac802765-4098-4466-ac1e-4791f192c667', 'http://data.europa.eu/esco/skill/adcca622-b933-4ba3-bc43-bf371879edc3', 'http://data.europa.eu/esco/skill/c062bab3-3ea0-4291-9220-a2d8fef4bead', 'http://data.europa.eu/esco/skill/c4b1f326-224a-420a-b8b3-814a8f13b6cb', 'http://data.europa.eu/esco/skill/c5bc42be-4970-4dce-80e2-af78bae42e84', 'http://data.europa.eu/esco/skill/cc7370dd-69fa-4c67-a96f-d4d135d38700', 'http://data.europa.eu/esco/skill/fc67df93-0a32-4a87-95d9-cb210531929e']","['http://data.europa.eu/esco/occupation/1619d7f3-7d95-407c-a20e-47745bfcde73', 'http://data.europa.eu/esco/occupation/24135b84-cbdd-4d42-9ed2-02fd982d15b2', 'http://data.europa.eu/esco/occupation/2ed56c3f-61d6-4f7e-9ef8-8849eb102e4c', 'http://data.europa.eu/esco/occupation/7086d0ca-1e77-4690-89c9-7ed1a0478fa3', 'http://data.europa.eu/esco/occupation/866c7813-2c03-47d7-9bdc-192cfbace57c', 'http://data.europa.eu/esco/occupation/8cb59bc4-1f39-477e-beea-effed12d186c', 'http://data.europa.eu/esco/occupation/8d586ee9-0ab1-4155-a3b0-2ca786c8e48c', 'http://data.europa.eu/esco/occupation/c40a2919-48a9-40ea-b506-1f34f693496d', 'http://data.europa.eu/esco/occupation/f2b15a0e-e65a-438a-affb-29b9d50b77d1', 'http://data.europa.eu/esco/isco/C241', 'http://data.europa.eu/esco/isco/C2433']"
743,Software Engineer (Oracle),"ICAP Executive Search & Selection is one of the premium consultancies and part of ICAP People & Employment Solutions, the largest HR Services Provider in Greece and Cyprus. With more than 50 years of experience, we specialize in assessing and recruiting Senior to Middle Level Executives across all sectors.ICAP Executive Search, on behalf of its client, a multinational industrial group of companies with offices in the city of Thessaloniki, is seeking an experienced professional for the position of: 
Software Engineer (Oracle) – Ref. 5692/SEO/ESS/GR
Position Overview:We are looking for a skilled Software Engineer to design and develop software applications that meet our clients needs. In this role, you will be responsible for creating high-quality software, ensuring the functionality of key systems, and supporting users with technical issues. Your work will have a direct impact on the smooth operation of their manufacturing and supply chain processes.Key Responsibilities:

Design and develop software applications using HTML, CSS, JavaScript, and relational databases such as Oracle and SQL Server to support company operations across all subsidiaries.
Conduct testing and debugging to ensure the proper functioning of applications, particularly those built with PL/SQL.
Write technical documentation for software deliverables.
Provide technical support and maintenance for existing systems, including ERP, CRM, and WMS platforms.
Train users on new applications or system upgrades.
Research and present new software development technologies that could benefit the company’s systems.
Gather and evaluate user requirements to recommend software optimizations.
Collaborate with teams to translate user needs into technical specifications.
Provide ongoing user support for daily technical issues.
Train staff on software tools and systems.
Present and implement emerging technologies that can enhance our information systems.

Qualifications:

Bachelor’s degree in Computer Science or a related field.
At least 3 years of experience in a relevant role (Back-end Developer, SQL Developer, etc.).
Experience in software development using mobile and web technologies (HTML, CSS, JavaScript).
Strong knowledge of relational databases.
Experience with Oracle and SQL Server database development.
Proficiency in PL/SQL is required.
Familiarity with SAP ERP, WMS, MRP, and CRM systems is a plus.
Fluency in English.
Strong communication skills.
Team-oriented mindset and ability to collaborate effectively.
Initiative and problem-solving capabilities.
Analytical thinking.",Entry / Junior,Full-time,"Thessaloniki, Greece",EL,2024-09-05,kariera.gr,168093,,"['http://data.europa.eu/esco/skill/001115fb-569f-4ee6-8381-c6807ef2527f', 'http://data.europa.eu/esco/skill/2522a6ce-3202-4ac8-9f5b-b9cb5a3a83a1', 'http://data.europa.eu/esco/skill/2624158e-4a53-4667-8921-96ee7aaea7b3', 'http://data.europa.eu/esco/skill/2636b3d3-843e-46a9-8b4c-a9d6ca3f5a2d', 'http://data.europa.eu/esco/skill/4707da90-9cfc-46ca-8de0-38a0b7bfb137', 'http://data.europa.eu/esco/skill/4f5ccaad-0e4f-4e9f-8246-47765564387d', 'http://data.europa.eu/esco/skill/7369f779-4b71-4aab-8836-48b69c676eec', 'http://data.europa.eu/esco/skill/7a1dcd86-8c78-40a8-b446-269438f24d72', 'http://data.europa.eu/esco/skill/adc6dc11-3376-467b-96c5-9b0a21edc869', 'http://data.europa.eu/esco/skill/b7e57889-a84f-440c-9e60-459aa69979e9', 'http://data.europa.eu/esco/skill/c062bab3-3ea0-4291-9220-a2d8fef4bead', 'http://data.europa.eu/esco/skill/f28617ad-afdd-4041-814c-216153a38998', 'http://data.europa.eu/esco/skill/f8e3425c-fe44-4ffb-bafe-0e20d91dadf4']","['http://data.europa.eu/esco/occupation/10469d70-78a3-4650-9e29-d04de13c62c1', 'http://data.europa.eu/esco/occupation/2ed56c3f-61d6-4f7e-9ef8-8849eb102e4c', 'http://data.europa.eu/esco/occupation/8cb59bc4-1f39-477e-beea-effed12d186c', 'http://data.europa.eu/esco/occupation/aacc3918-b5d3-484b-9480-5d29aa550d74', 'http://data.europa.eu/esco/occupation/b11e1742-5e28-4270-b081-b0193d85ee7d']"
756,ERP Administrator - ERP Software Support,"The company PEIFASYN (PIRAIKOS FARMAKEFTIKOS COOPERATISM) with 45 years of presence in the pharmaceutical industry, is looking for a candidate for the position of ERP Software Support.
 
The candidate will be responsible for user needs analysis in ERP projects, configuration, application installation, as well as user training and guidance. Additionally, he/she will undertake software related problem solving and actively participate in the application production and development cycle.
 
Main Duties:

Manage day-to-day support and maintenance tasks of Oracle E-Business Suite functions.
Support analysts and participate in the design of new applications or the extension of existing applications within the Oracle E-Business Suite.
Drafting of technical documentation.
Completing development tasks based on submitted requirements and best practices.
Participate in user testing and acceptance processes.
Provide post-implementation support and maintenance services.

Required Qualifications:

Graduated from the School of Computer Science
Excellent knowledge of English
Familiarity with ERP solutions and software support
Knowledge of Oracle PLSQL, experience in Oracle APEX or SQL Forms and Reports
Experience in Oracle SQL Developer/Microsoft SQL Server Management Studio, Postman, XML/JSON

Amenities:

Modern and human-centered work environment
Development prospect in a dynamically developing company
Salary commensurate with experience and qualifications",Mid-level,Full-time,"Agios Ioannis Rentis, Greece",EL,2024-09-05,kariera.gr,168074,,"['http://data.europa.eu/esco/skill/09f2f811-a3fb-4de3-a70f-6420a6935575', 'http://data.europa.eu/esco/skill/2636b3d3-843e-46a9-8b4c-a9d6ca3f5a2d', 'http://data.europa.eu/esco/skill/70de94f5-9575-4edd-bca7-c797b023b9d6', 'http://data.europa.eu/esco/skill/9013b46e-5a9b-4929-8918-fcadfdfd37ce', 'http://data.europa.eu/esco/skill/a8797f21-1af0-4c5e-98ca-bf1442929363', 'http://data.europa.eu/esco/skill/c5bc42be-4970-4dce-80e2-af78bae42e84', 'http://data.europa.eu/esco/skill/f0393af3-bcd9-41af-a36e-0cfb83b60081']","['http://data.europa.eu/esco/occupation/5fd2980e-22c4-4ace-a394-190c76f4f539', 'http://data.europa.eu/esco/occupation/7ed2e153-8da8-4c0d-b4c5-3402c623f34b', 'http://data.europa.eu/esco/isco/C11']"
862,ERP Implementation Consultant,"Who We Are: Α leading business software and services provider in South East Europe and the Middle East. We offer an integrated business software suite with ERP, CRM, Retail, WMS, Mobile, HCM, e-Commerce and e-Invoicing as well as a range of software for Verticals such as Pharma Distribution and Pharmacies, Retail, Real Estate and other. With more than 20 years of experience, thousands of clients, a highly skilled Channel Partner network and more than 600 employees, we continuously invest in advanced technologies and professional development of our people.
Who we're looking for: Are you passionate about technology? We are seeking talented individuals with a background in technical disciplines to join our dynamic organization in Thessaloniki. If you have such a background we want you on our team!
What you'll do: Participate in many ERP projects throughout the implementation life cycle: design, mapping, testing and go-live support and specifically:
·        Meet business stakeholders to discover, analyze and define business requirements
·        Work closely with project team to design the processes for solution deployment
·        Participate in software implementation process according to requirements
·        Support customers and provide guidelines on the use of ERP
·        Proactively identify and resolve problem, achieving great customer service
·        Provide feedback on developing new functionalities and improving existing, according to customers’ needs
What You'll bring:
·        Bachelor or Master’s degree in Computer Science, Information Technology, Business Administration or in related fields
·        Experience in Software Implementation and Consulting
·        Experience with SQL Databases
·        Hands on experience with ERP or CRM systems
·        Knowledge of business processes with priority in Finance and Accounting
In addition to the above qualifications, we also look for candidates who possess the following skills and attributes:
·        Strong interpersonal skills in Greek & English  
·        Eager to learn
·        Time management
·        Problem solving
·        Teamwork
 
Why You'll Love it here:
For the right talent that want to be part of our innovation-driven environment and high-performance culture, our offering includes:
·        Competitive remuneration package
·        Private health insurance plan
·        Benefits such as gift cards, meal tickets, personal travelling expenses etc.
·        Continuous training opportunities and certifications
·        A positive and supportive working environment
·        Corporate laptop and equipment",Mid-level,Full-time,"Thessaloniki, Greece",EL,2024-09-05,kariera.gr,167948,,"['http://data.europa.eu/esco/skill/0ee94c0a-3716-494a-95a2-dcbab9e58be2', 'http://data.europa.eu/esco/skill/1d86f05e-e9cc-40ce-99d8-2b21cc71b16b', 'http://data.europa.eu/esco/skill/35f1dcdc-577f-46c6-96d9-6c7a64501de9', 'http://data.europa.eu/esco/skill/477173ca-5fc2-406b-9122-95d92811f284', 'http://data.europa.eu/esco/skill/9531fe02-1e1f-4a36-95f7-a76a77cd4b8d', 'http://data.europa.eu/esco/skill/a15dab55-f1da-4f85-ae3e-2b5c5b5333ca', 'http://data.europa.eu/esco/skill/b1272de4-1f5f-408b-8b26-061f2550fc72', 'http://data.europa.eu/esco/skill/ccdbd9bb-4faf-403c-a968-e8bf487f8a53', 'http://data.europa.eu/esco/skill/ea4ebfa1-e17a-4416-ac54-955f33e6ade7', 'http://data.europa.eu/esco/skill/ecc18804-a466-40d9-98b4-fba5cd67dd4b', 'http://data.europa.eu/esco/skill/f0393af3-bcd9-41af-a36e-0cfb83b60081', 'http://data.europa.eu/esco/skill/ab1e97ed-2319-4293-a8b7-072d2648822f']","['http://data.europa.eu/esco/occupation/586fe133-1987-41f4-b89a-f39d4bc58e1e', 'http://data.europa.eu/esco/occupation/7c132147-428b-4ea3-87e1-70f7abb691ce', 'http://data.europa.eu/esco/occupation/7e46c066-2b98-4eaf-bed6-9848c79902e0', 'http://data.europa.eu/esco/occupation/9e285322-2cfa-430f-9b66-41be57d698e2', 'http://data.europa.eu/esco/occupation/b1c80369-067e-4041-84c8-dbe65640a5d8', 'http://data.europa.eu/esco/isco/C2', 'http://data.europa.eu/esco/isco/C3313']"
1016,Τechnical Support Services (Δυνατότητα Τηλεργασίας),"Epsilon Net S.A., the largest IT groups of companies in Greece and No.1 Best Workplace in Tech 2023, is seeking for the department of Technical Support Services  a Technical Support Services Agent in Athens, Thesaaloniki ot remote to join our dynamic team! 
Responsibilities:


Installing and configuring Epsilon Net’s Software to customer premises (Cloud or On-Premise).


Provide 1st level customer support services on Epsilon Net’s Software.


Configure, troubleshoot, repair and provide accurate, creative solutions to technical issues while ensuring customers satisfaction.


Prioritizes projects and operations tasks effectively.
 


Requirements:


A degree in Computer Science or Information Technology.


Excellent communication skills (both written & oral).


Excellent Problem-solving skills.


Enjoy being a team player.
 


Nice to have:


Microsoft SQL Databases Experience.


Familiar with Epsilon Net’s Software.


Customer Service Experience.
 


We offer:


Multi-awarded working environment (10 Best Workplaces Hellas, 4 Best Workplaces Europe, 2 Best Workplaces™ for Women, 1 Best Workplace in Technology Awards).


Competitive remuneration package.


Ongoing training, opportunities & career development.


Private medical insurance.


Psychological support line.


Online personal- training programs.


Free participation in Epsilon Training & Epsilon College educational programs.


Hybrid working model.",Mid-level,Full-time,"Thessaloniki, Greece",EL,2024-09-04,kariera.gr,167767,,"['http://data.europa.eu/esco/skill/07e51c60-763a-4335-b4ec-70a15f66d328', 'http://data.europa.eu/esco/skill/0d7f2cce-245a-4d02-9b8d-2e9946cc4c5d', 'http://data.europa.eu/esco/skill/49dd67a9-d0a6-4375-b856-85e09032fdac', 'http://data.europa.eu/esco/skill/726abd5a-d23c-44b9-abb0-f22bbe95f1d3', 'http://data.europa.eu/esco/skill/7bb5d9af-0a7e-48a7-a860-0e1ded0f6e75']",['http://data.europa.eu/esco/occupation/13d1b2b4-99dd-44da-9734-c9f74bae18f7']
1089,AI/ML Senior Associate Scientist,"ROLE SUMMARYAs a core member of our AI/ML, Quantitative & Digital Sciences (AQDS) team, you will:

Design, implement, and maintain full-stack applications that integrate advanced Machine Learning (ML) techniques with internal and external data sources.
Develop and apply generative AI techniques using large language models (LLMs) to automate the generation of essential clinical trial documents.
Collaborate with cross-functional teams to architect and develop scalable, cloud-native microservices and APIs for AI/ML tools aimed at optimizing patient recruitment, site selection, and clinical trial management, incorporating generative AI capabilities to streamline authoring workflows.
Leverage modern front-end frameworks (e.g., React, Angular, Vue) to build intuitive user interfaces that provide real-time insights from ML models and facilitate decision-making for clinical operations, including AI-generated document review and customization.
Work closely with DevOps and data engineering teams to streamline CI/CD pipelines, automate infrastructure as code (IaC), and ensure secure deployment of AI/ML models, including generative AI systems, across cloud environments (AWS, Google Cloud, Azure).
Implement AI/ML models in full-stack systems, ensuring robust backend processing and efficient front-end data visualization.
Engage with both internal and external stakeholders to continuously bring the latest advancements in generative AI, full-stack development, and AI/ML technologies to Pfizer, contributing to thought leadership through publications and presentations.





ROLE RESPONSIBILITIES

Partner with key therapy areas (e.g., Immunology & Inflammation, Oncology, Internal Medicine) to identify scientific and technical challenges, define data pipelines, and implement full-stack solutions that leverage AI/ML methods, including generative AI models, to generate actionable insights and automate clinical trial documentation.
Translate complex clinical data and analytics requirements into full-stack digital products, ensuring that development priorities align with the overall clinical development goals.
Lead the end-to-end development of full-stack applications, from database schema design and API development to front-end user interfaces, ensuring seamless integration with AI/ML workflows and LLM-powered document generation systems.
Supervise and guide the deployment of robust back-end services that support predictive and classification algorithms, as well as generative AI models, ensuring scalability, security, and performance.
Develop and maintain dashboards and data visualization tools that provide clinical and operational teams with real-time analytics and insights driven by advanced ML models, while integrating tools for generating and reviewing AI-authored clinical trial documents.
Maintain an active external network in the AI/ML, generative AI, and full-stack development communities, continuously monitoring state-of-the-art capabilities and evaluating their potential impact on Pfizer's development teams.





QUALIFICATIONSBasic Qualifications

Bachelor's degree in Computer Science, Software Engineering, Bioinformatics, Computational Biology, or a related technical discipline.
Minimum of 2 years of experience in full-stack development in the pharma, biotech, or tech industry.
Proficient in full-stack development, including back-end technologies (Node.js, Django, Flask) and front-end frameworks (React, Angular, Vue).
Strong understanding of database technologies (SQL, NoSQL) and experience in designing RESTful APIs and microservices architectures.
Experience with AI/ML model integration, including developing APIs to interface with ML models and building front-end components for real-time data visualization.
Experience working with large language models (LLMs) for generative AI applications.
Strong programming skills (Python, JavaScript, R) and familiarity with cloud technologies (AWS, Google Cloud, Azure).
Experience working with CI/CD pipelines, containerization (Docker, Kubernetes), and infrastructure automation tools (Terraform, Ansible).
Strong written and verbal communication skills with the ability to translate complex technical concepts for non-technical stakeholders.

Preferred Qualifications

Master's degree in a technical or scientific discipline (e.g., Computer Science, Computational Biology, Engineering).
Hands-on experience with the full-stack development of clinical trial management systems, focusing on integrating AI/ML-driven insights into clinical workflows, and automating document generation through LLMs.
Proven experience leading end-to-end clinicaldevelopment projects, particularly in Phases 2 and 3, from study design to regulatory submission.
Experience with data engineering workflows, including ETL processes, data lakes, and scalable data architectures.
Prior experience working with distributed teams across multiple time zones is a plus.





Pfizer is an equal opportunity employer and complies with all applicable equal employment opportunity legislation in each jurisdiction in which it operates.
 
To apply please visit our website www.pfizercareers.com and search job AI/ML Senior Associate Scientist, id 4919208.
Please apply by sending your CV and a motivational letter in English",Senior,Full-time,"Thessaloniki, Greece",EL,2024-09-04,kariera.gr,167679,,"['http://data.europa.eu/esco/skill/05cd9341-0d92-4bcc-983c-bf47132ac3f8', 'http://data.europa.eu/esco/skill/14832d87-2f2f-4895-b290-e4760ebae42a', 'http://data.europa.eu/esco/skill/1ffac4ac-fda7-407d-8ed1-ca8f4a8dc146', 'http://data.europa.eu/esco/skill/234aeb8d-56c3-4531-9193-1c5e6a8d16cb', 'http://data.europa.eu/esco/skill/484d048c-a5d1-46a5-b57f-45b69c0ac552', 'http://data.europa.eu/esco/skill/48db96bf-3314-45c6-bad8-fdb6e20e5639', 'http://data.europa.eu/esco/skill/5b26f08b-88bc-45f0-b901-530d7786466b', 'http://data.europa.eu/esco/skill/5c1e686c-92cc-4bd7-9f23-51f9d8a58886', 'http://data.europa.eu/esco/skill/65e58886-bd1e-4c5b-8ca5-8d9b353c8aa1', 'http://data.europa.eu/esco/skill/6c08403c-a5bb-4868-b8c2-b7d039c0e511', 'http://data.europa.eu/esco/skill/6f8a40d6-f9ce-43ec-a72f-d4213a53f3ed', 'http://data.europa.eu/esco/skill/76ef6ed3-1658-4a1a-9593-204d799c6d0c', 'http://data.europa.eu/esco/skill/8ba9a58f-a491-4a23-9325-85f3b171aa53', 'http://data.europa.eu/esco/skill/a6d728e6-d6ba-424c-ad92-d6831290faf0', 'http://data.europa.eu/esco/skill/ccd0a1d9-afda-43d9-b901-96344886e14d', 'http://data.europa.eu/esco/skill/e464363b-8346-421d-9035-52118b76d8c8', 'http://data.europa.eu/esco/skill/f0de4973-0a70-4644-8fd4-3a97080476f4', 'http://data.europa.eu/esco/skill/f9738fc9-4d67-43e8-bfda-954123e34d42']","['http://data.europa.eu/esco/occupation/2079755f-d809-49e6-8037-4de6180e54c0', 'http://data.europa.eu/esco/occupation/2fb96c6c-8d0b-4ef0-b1ee-3e493305e4eb', 'http://data.europa.eu/esco/occupation/40517ed4-2769-4283-a15b-4b0d939bd2d3', 'http://data.europa.eu/esco/occupation/57af9090-55b4-4911-b2d0-86db01c00b02', 'http://data.europa.eu/esco/occupation/7f2761eb-4edc-48ad-9fbf-eed0a0db9a21', 'http://data.europa.eu/esco/occupation/82b5c6dc-6a4d-4415-80d8-5cfedfc54de7', 'http://data.europa.eu/esco/occupation/866c7813-2c03-47d7-9bdc-192cfbace57c', 'http://data.europa.eu/esco/occupation/cc867bee-ab5c-427f-9244-f7a204d9574b', 'http://data.europa.eu/esco/occupation/e9507d34-c70f-474f-a4a3-d2cbfe50f6e9', 'http://data.europa.eu/esco/occupation/edf2e989-d7c5-496e-b365-81fc5cb9eb39']"
1109,CRM Developer,"Company DescriptionWe are Netcompany-Intrasoft, a member of Netcompany Group A/S, and a leading European IT Solutions and Services company with strong international presence and expertise, dedicated to responsible digitalisation. We offer innovative and added-value solutions of the highest quality to a wide range of public and private organizations, while being a key-player in the EU Institutions for the past 30 years. We hold an outstanding record of 500+ organizations in 70+ countries, that have chosen our solutions and services, to fulfil their business needs. Our team of 3500+ professionals is our driving force and our most valuable asset.Job DescriptionAre you ready to discover the role of a CRM Developer in Netcompany-Intrasoft?Joining us as a CRM Developer, you will have the opportunity to be a part of our highly skilled agile consultants teams working within large-scale transformation projects, that impact the life of millions of EU citizens. You will be involved in the design, customization, integration, and maintenance of enterprise-scale CRM/CX implementations that are intended mainly in private sector organizations. As a CRM Developer you will:Participate in Business Analysis & Design WorkshopsCreate Business and Technical DocumentationApplication Development & ImplementationConfigure and Customize the applicationSupport & Maintenance of existing CRM implementationsConduct Unit and Integration TestQualificationsWhat would make you a fit for the role:Degree in Computer Science or other relevant disciplinesExperience in Siebel Tools or any other CRM platformGood understanding of Siebel Enterprise ArchitectureVery Good Knowledge of SQL & JavascriptGood programming skillsAn analytical mind with problem-solving abilitiesExcellent in interpersonal and teamwork skillsHighly self-motivated and methodical, with attention to detailStrongly customer service orientedExcellent command of the English languageAdditional InformationBeing a part of the Netcompany-Ιntrasoft team, you will be provided with: The opportunity to work in a modern environment & in a hybrid working modelA seamless onboarding experience and a buddy to support you on your first stepsA competitive compensation & benefits packageHealth and life insurance programMeal and commuting allowanceWell-being activities (on premises)Continuous learning opportunities using the most modern methods (unlimited access to Udemy for Business, ad-hoc trainings)A personalized development plan for targeted career growth If you are looking forward to be part of a diverse environment, and have the opportunity to work alongside well-experienced professionals, on challenging, large-scale projects that directly impact millions of citizens around the globe, then this is the place to be!By joining Netcompany-Intrasoft Athens, you will be part of a vivid team of 2000+ tech enthusiasts. When at the office you will have the chance to work at our brand-new, state-of-the-art, sustainable offices, located in 3 different spots in Athens!Our cultureOur people are the most important element of our success. Our work life is well defined by our set of fundamental Values: https://bit.ly/3SSbBzU  #BePartOfSomethingGreat!*Please submit your CV in EnglishAll applications will be treated as strictly confidential.",N/A,Full-time,"Athens, Greece",EL,2025-03-12,kariera.gr,150445,,"['http://data.europa.eu/esco/skill/23ac233d-84ad-4517-b0f5-8ca19ba2614e', 'http://data.europa.eu/esco/skill/2636b3d3-843e-46a9-8b4c-a9d6ca3f5a2d', 'http://data.europa.eu/esco/skill/5c1e686c-92cc-4bd7-9f23-51f9d8a58886', 'http://data.europa.eu/esco/skill/8f6ed69b-29d0-4c01-81ba-f05920a185f3']","['http://data.europa.eu/esco/occupation/5fd2980e-22c4-4ace-a394-190c76f4f539', 'http://data.europa.eu/esco/occupation/719f101d-1866-49d3-8d5c-2256f606a8b9']"
1115,Senior Oracle ADF Developer,"Company DescriptionWe are Netcompany-Intrasoft, a member of Netcompany Group A/S, and a leading European IT Solutions and Services company with strong international presence and expertise, dedicated to responsible digitalisation. We offer innovative and added-value solutions of the highest quality to a wide range of public and private organizations, while being a key-player in the EU Institutions for the past 30 years. We hold an outstanding record of 500+ organizations in 70+ countries, that have chosen our solutions and services, to fulfil their business needs. Our team of 3500+ professionals is our driving force and our most valuable asset.Job DescriptionAs a Senior Oracle ADF Developer you will play a pivotal role in designing, developing, and implementing robust applications using Oracle Application Development Framework (ADF) technology. Leveraging your expertise in Oracle ADF and your understanding of the insurance sector, you will contribute to the enhancement and optimization of our systems, ensuring seamless functionality and superior user experience.As a Senior Oracle ADF Developer you will:Work with business analysts and stakeholders to understand and document requirements, turning business objectives into technical plans.Build, enhance, and maintain web applications using Oracle ADF, following coding standards and practices.Modify Oracle ADF components (task flows, data bindings, UI components) as needed for projects.Implement security and access controls in Oracle ADF applications to protect data.Connect Oracle ADF applications with databases, backend systems, and external APIs for data integration.Conduct testing (unit, integration, system) to ensure Oracle ADF applications meet quality standards.Improve application efficiency through code optimization and performance tuning.Lead and mentor junior developers in Oracle ADF development techniques.Keep up-to-date with technology trends in Oracle ADF development and the insurance industry, integrating new ideas into projects.Work with teams across functions to ensure timely, within-budget project delivery.Manage support for production environments, resolving issues to maintain service.Enhance development processes and methodologies for better efficiency and innovation.QualificationsWhat would make you a fit for the role:Bachelor's degree in Computer Science, Information Technology, or a related field; advanced degree preferred.At least 4 years of experience as an Oracle ADF Developer, with a proven track record of designing and developing enterprise-grade applications.In-depth knowledge of Oracle ADF framework, including ADF Faces, ADF Business Components, ADF Task Flows, and ADF Security.Experience in the [insurance sector/industry] will be considered as a plus, with a strong understanding of insurance business processes, products, and regulatory requirements.Proficiency in Oracle database concepts, SQL, and PL/SQL programming language.Strong analytical and problem-solving skills, with the ability to troubleshoot complex issues and implement effective solutions.Excellent communication and interpersonal skills, with the ability to collaborate effectively with cross-functional teams and communicate technical concepts to non-technical stakeholders.Proven ability to work independently and manage multiple priorities in a fast-paced environment.Relevant certifications (e.g., Oracle ADF Developer Certified Implementation Specialist) are a plus.Additional InformationBeing a part of the Netcompany-Ιntrasoft team, you will be provided with: The opportunity to work in a modern environment & in a hybrid working modelA seamless onboarding experience and a buddy to support you on your first stepsA competitive compensation & benefits packageHealth and life insurance programMeal and commuting allowanceWell-being activities (on premises)Continuous learning opportunities using the most modern methods (unlimited access to Udemy for Business, ad-hoc trainings)A personalized development plan for targeted career growth If you are looking forward to be part of a diverse environment, and have the opportunity to work alongside well-experienced professionals, on challenging, large-scale projects that directly impact millions of citizens around the globe, then this is the place to be!By joining Netcompany-Intrasoft Athens, you will be part of a vivid team of 2000+ tech enthusiasts. When at the office you will have the chance to work at our brand-new, state-of-the-art, sustainable offices, located in 3 different spots in Athens!Our cultureOur people are the most important element of our success. Our work life is well defined by our set of fundamental Values: https://bit.ly/3SSbBzU  #BePartOfSomethingGreat!*Please submit your CV in EnglishAll applications will be treated as strictly confidential.",,Full-time,"Athens, Greece",EL,2024-09-04,kariera.gr,150431,,"['http://data.europa.eu/esco/skill/23ac233d-84ad-4517-b0f5-8ca19ba2614e', 'http://data.europa.eu/esco/skill/2fb8480e-de3c-462b-b169-e8bbb344da68', 'http://data.europa.eu/esco/skill/37bc4dc0-1233-4008-98db-1116d0c1cfcc', 'http://data.europa.eu/esco/skill/598de5b0-5b58-4ea7-8058-a4bc4d18c742', 'http://data.europa.eu/esco/skill/5c98825f-146d-4d35-97cf-207b2afd9ae2', 'http://data.europa.eu/esco/skill/7d092d81-d1e2-4c34-b3cb-c1c9f2e68b7d', 'http://data.europa.eu/esco/skill/8764d4b1-e069-44f2-8baa-fb1eee1850ec', 'http://data.europa.eu/esco/skill/8f6ed69b-29d0-4c01-81ba-f05920a185f3', 'http://data.europa.eu/esco/skill/9d0d89be-bffa-4393-b6f6-8d05bea49051', 'http://data.europa.eu/esco/skill/adc6dc11-3376-467b-96c5-9b0a21edc869', 'http://data.europa.eu/esco/skill/c624c6a3-b0ba-4a31-a296-0d433fe47e41', 'http://data.europa.eu/esco/skill/fcd02121-ae3e-4d20-92ee-e2e368658a45']","['http://data.europa.eu/esco/occupation/3d190639-90f8-4402-b1b3-a104a17e0d67', 'http://data.europa.eu/esco/occupation/719f101d-1866-49d3-8d5c-2256f606a8b9', 'http://data.europa.eu/esco/occupation/eb9479c6-5fdf-4f45-ace4-28b547b8c7e5', 'http://data.europa.eu/esco/occupation/faed411a-f920-4100-86a8-b877928b429c', 'http://data.europa.eu/esco/isco/C3321']"
1116,Siebel Consultant,"Company DescriptionWe are Netcompany-Intrasoft, a member of Netcompany Group A/S, and a leading European IT Solutions and Services company with strong international presence and expertise, dedicated to responsible digitalisation. We offer innovative and added-value solutions of the highest quality to a wide range of public and private organizations, while being a key-player in the EU Institutions for the past 30 years. We hold an outstanding record of 500+ organizations in 70+ countries, that have chosen our solutions and services, to fulfil their business needs. Our team of 3500+ professionals is our driving force and our most valuable asset.Job DescriptionEver wondered what it feels like to be an Experienced Siebel Consultant in Netcompany-Intrasoft? As a Siebel Consultant, you will be a part of our highly skilled agile engineering teams working within large-scale transformation projects. You will be involved in the design, customization, integration, and maintenance of enterprise-scale CRM implementations that are applied mainly in the telecommunications sector and more.You will:Create Business and Technical DocumentationConfigure and Customize the applicationSupport & Maintenance of existing CX/CRM implementationsConduct Unit and Integration TestQualificationsWhat would make you a fit for the role:Experience in Siebel ToolsGood understanding of Siebel Enterprise ArchitectureVery Good Knowledge of SQL & JavascriptGood programming skillsProblem-solving abilitiesExcellent in communication and teamwork skillsHighly self-motivated and methodical, with attention to detailCustomer service orientedExcellent command of the English language (written & oral)Additional InformationBeing a part of the Netcompany-Ιntrasoft team, you will be provided with: The opportunity to work in a modern environment & in a hybrid working modelA seamless onboarding experience and a buddy to support you on your first stepsA competitive compensation & benefits packageHealth and life insurance programMeal and commuting allowanceWell-being activities (on premises)Continuous learning opportunities using the most modern methods (unlimited access to Udemy for Business, ad-hoc trainings)A personalized development plan for targeted career growth If you are looking forward to be part of a diverse environment, and have the opportunity to work alongside well-experienced professionals, on challenging, large-scale projects that directly impact millions of citizens around the globe, then this is the place to be!By joining Netcompany-Intrasoft Athens, you will be part of a vivid team of 2000+ tech enthusiasts. When at the office you will have the chance to work at our brand-new, state-of-the-art, sustainable offices, located in 3 different spots in Athens!Our cultureOur people are the most important element of our success. Our work life is well defined by our set of fundamental Values: https://bit.ly/3SSbBzU  #BePartOfSomethingGreat!*Please submit your CV in EnglishAll applications will be treated as strictly confidential.",N/A,Full-time,"Athens, Greece",EL,2025-03-12,kariera.gr,150430,,"['http://data.europa.eu/esco/skill/23ac233d-84ad-4517-b0f5-8ca19ba2614e', 'http://data.europa.eu/esco/skill/2636b3d3-843e-46a9-8b4c-a9d6ca3f5a2d', 'http://data.europa.eu/esco/skill/3993c87c-7719-4186-811b-8ddfb40e76be', 'http://data.europa.eu/esco/skill/5c1e686c-92cc-4bd7-9f23-51f9d8a58886', 'http://data.europa.eu/esco/skill/8f6ed69b-29d0-4c01-81ba-f05920a185f3']","['http://data.europa.eu/esco/occupation/5fd2980e-22c4-4ace-a394-190c76f4f539', 'http://data.europa.eu/esco/occupation/719f101d-1866-49d3-8d5c-2256f606a8b9']"
1117,PL/SQL Developers,"Company DescriptionWe are Netcompany-Intrasoft, a member of Netcompany Group A/S, and a leading European IT Solutions and Services company with strong international presence and expertise, dedicated to responsible digitalisation. We offer innovative and added-value solutions of the highest quality to a wide range of public and private organizations, while being a key-player in the EU Institutions for the past 30 years. We hold an outstanding record of 500+ organizations in 70+ countries, that have chosen our solutions and services, to fulfil their business needs. Our team of 3500+ professionals is our driving force and our most valuable asset.Job DescriptionAre you ready for a sneak-peek in the day of a PL/SQL developer in Netcompany-Intrasoft?You will be a part of a highly-skilled team that analyses, designs, develops, and customizes local and international large-scale solutions in the public health, social security and telecommunications industry.As a PL/SQL developer you will:Be engaged in requirements gathering, design, development, testing, and documentationGet involved in all aspects of the software development life cycle, and demonstrate abilities to learn both the business processes as well as new and existing technologiesDevelop complex database processes with PL/SQL Leverage Oracle 10g/11g features to their fullest on a large-scale multi-terabyte systemDevelop Complex forms/reports using Oracle DeveloperQualificationsWhat would make you a fit for the role:Degree in Computer Science, Software Engineering, or other related disciplinesStrong programming skills using PL/SQL (package, procedures, functions, triggers) and batch coding skills such as Bulk collections, dynamic SQL, and parallel processingExperience with RDBMS (Oracle), Oracle forms Ability and willingness to meet tight deadlinesAbility to learn new technologiesGood interpersonal skills, adaptive and team playerFluency in the English languageIt would also be a plus if you match some of the following:Experience in Oracle E-Business Suite implementationsHand-on experience in issue/project tracking (preferably Jira and Atlassian product stack) and source control toolsAdditional InformationBeing a part of the Netcompany-Ιntrasoft team, you will be provided with: The opportunity to work in a modern environment & in a hybrid working modelA seamless onboarding experience and a buddy to support you on your first stepsA competitive compensation & benefits packageHealth and life insurance programMeal and commuting allowanceWell-being activities (on premises)Continuous learning opportunities using the most modern methods (unlimited access to Udemy for Business, ad-hoc trainings)A personalized development plan for targeted career growthIf you are looking forward to be part of a diverse environment, and have the opportunity to work alongside well-experienced professionals, on challenging, large-scale projects that directly impact millions of citizens around the globe, then this is the place to be!By joining Netcompany-Intrasoft Athens, you will be part of a vivid team of 2000+ tech enthusiasts. When at the office you will have the chance to work at our brand-new, state-of-the-art, sustainable offices, located in 3 different spots in Athens!Our cultureOur people are the most important element of our success. Our work life is well defined by our set of fundamental Values: https://bit.ly/3SSbBzU  #BePartOfSomethingGreat!*Please submit your CV in EnglishAll applications will be treated as strictly confidential.",,Full-time,"Athens, Greece",EL,2024-09-04,kariera.gr,150428,,"['http://data.europa.eu/esco/skill/23ac233d-84ad-4517-b0f5-8ca19ba2614e', 'http://data.europa.eu/esco/skill/327d15c8-29ff-4ad4-a4fe-6536d777a45f', 'http://data.europa.eu/esco/skill/60b44dab-03f1-46de-be08-0e5ba8662b3d', 'http://data.europa.eu/esco/skill/8f6ed69b-29d0-4c01-81ba-f05920a185f3', 'http://data.europa.eu/esco/skill/b87f6102-5bab-4e99-a5d8-11b6be1b99c2']","['http://data.europa.eu/esco/occupation/57af9090-55b4-4911-b2d0-86db01c00b02', 'http://data.europa.eu/esco/occupation/5fd2980e-22c4-4ace-a394-190c76f4f539', 'http://data.europa.eu/esco/occupation/719f101d-1866-49d3-8d5c-2256f606a8b9', 'http://data.europa.eu/esco/occupation/874a2080-a9b6-46a9-8662-c9b7d4208f73', 'http://data.europa.eu/esco/isco/C2153']"
1118,PL/SQL Developers,"Company DescriptionWe are Netcompany-Intrasoft, a member of Netcompany Group A/S, and a leading European IT Solutions and Services company with strong international presence and expertise, dedicated to responsible digitalisation. We offer innovative and added-value solutions of the highest quality to a wide range of public and private organizations, while being a key-player in the EU Institutions for the past 30 years. We hold an outstanding record of 500+ organizations in 70+ countries, that have chosen our solutions and services, to fulfil their business needs. Our team of 3500+ professionals is our driving force and our most valuable asset.Job DescriptionAre you ready for a sneak-peek in the day of a PL/SQL developer in Netcompany-Intrasoft?You will be a part of a highly-skilled team that analyses, designs, develops, and customizes local and international large-scale solutions in the public health, social security and telecommunications industry.As a PL/SQL developer you will:Be engaged in requirements gathering, design, development, testing, and documentationGet involved in all aspects of the software development life cycle, and demonstrate abilities to learn both the business processes as well as new and existing technologiesDevelop complex database processes with PL/SQL Leverage Oracle 10g/11g features to their fullest on a large-scale multi-terabyte systemDevelop Complex forms/reports using Oracle DeveloperQualificationsWhat would make you a fit for the role:Degree in Computer Science, Software Engineering, or other related disciplinesStrong programming skills using PL/SQL (package, procedures, functions, triggers) and batch coding skills such as Bulk collections, dynamic SQL, and parallel processingExperience with RDBMS (Oracle), Oracle forms Ability and willingness to meet tight deadlinesAbility to learn new technologiesGood interpersonal skills, adaptive and team playerFluency in the English languageIt would also be a plus if you match some of the following:Experience in Oracle E-Business Suite implementationsHand-on experience in issue/project tracking (preferably Jira and Atlassian product stack) and source control toolsAdditional InformationBeing a part of the Netcompany-Ιntrasoft team, you will be provided with: The opportunity to work in a modern environment & in a hybrid working modelA seamless onboarding experience and a buddy to support you on your first stepsA competitive compensation & benefits packageHealth and life insurance programMeal and commuting allowanceWell-being activities (on premises)Continuous learning opportunities using the most modern methods (unlimited access to Udemy for Business, ad-hoc trainings)A personalized development plan for targeted career growthIf you are looking forward to be part of a diverse environment, and have the opportunity to work alongside well-experienced professionals, on challenging, large-scale projects that directly impact millions of citizens around the globe, then this is the place to be!Join Netcompany-Intrasoft Thessaloniki's branch, and be part of our 250+ tech enthusiasts team!Our cultureOur people are the most important element of our success. Our work life is well defined by our set of fundamental Values: https://bit.ly/3SSbBzU  #BePartOfSomethingGreat!*Please submit your CV in EnglishAll applications will be treated as strictly confidential.",,Full-time,"Thessaloniki, Greece",EL,2024-09-04,kariera.gr,150427,,"['http://data.europa.eu/esco/skill/23ac233d-84ad-4517-b0f5-8ca19ba2614e', 'http://data.europa.eu/esco/skill/327d15c8-29ff-4ad4-a4fe-6536d777a45f', 'http://data.europa.eu/esco/skill/60b44dab-03f1-46de-be08-0e5ba8662b3d', 'http://data.europa.eu/esco/skill/8f6ed69b-29d0-4c01-81ba-f05920a185f3', 'http://data.europa.eu/esco/skill/b87f6102-5bab-4e99-a5d8-11b6be1b99c2']","['http://data.europa.eu/esco/occupation/57af9090-55b4-4911-b2d0-86db01c00b02', 'http://data.europa.eu/esco/occupation/5fd2980e-22c4-4ace-a394-190c76f4f539', 'http://data.europa.eu/esco/occupation/719f101d-1866-49d3-8d5c-2256f606a8b9', 'http://data.europa.eu/esco/occupation/874a2080-a9b6-46a9-8662-c9b7d4208f73', 'http://data.europa.eu/esco/isco/C2153']"
1119,PL/SQL Developers,"Company DescriptionWe are Netcompany-Intrasoft, a member of Netcompany Group A/S, and a leading European IT Solutions and Services company with strong international presence and expertise, dedicated to responsible digitalisation. We offer innovative and added-value solutions of the highest quality to a wide range of public and private organizations, while being a key-player in the EU Institutions for the past 30 years. We hold an outstanding record of 500+ organizations in 70+ countries, that have chosen our solutions and services, to fulfil their business needs. Our team of 3500+ professionals is our driving force and our most valuable asset.Job DescriptionAre you ready for a sneak-peek in the day of a PL/SQL developer in Netcompany-Intrasoft?You will be a part of a highly-skilled team that analyses, designs, develops, and customizes local and international large-scale solutions in the public health, social security and telecommunications industry.As a PL/SQL developer you will:Be engaged in requirements gathering, design, development, testing, and documentationGet involved in all aspects of the software development life cycle, and demonstrate abilities to learn both the business processes as well as new and existing technologiesDevelop complex database processes with PL/SQL Leverage Oracle 10g/11g features to their fullest on a large-scale multi-terabyte systemDevelop Complex forms/reports using Oracle DeveloperQualificationsWhat would make you a fit for the role:Degree in Computer Science, Software Engineering, or other related disciplinesStrong programming skills using PL/SQL (package, procedures, functions, triggers) and batch coding skills such as Bulk collections, dynamic SQL, and parallel processingExperience with RDBMS (Oracle), Oracle forms Ability and willingness to meet tight deadlinesAbility to learn new technologiesGood interpersonal skills, adaptive and team playerFluency in the English languageIt would also be a plus if you match some of the following:Experience in Oracle E-Business Suite implementationsHand-on experience in issue/project tracking (preferably Jira and Atlassian product stack) and source control toolsAdditional InformationBeing a part of the Netcompany-Ιntrasoft team, you will be provided with: The opportunity to work in a modern environment & in a hybrid working modelA seamless onboarding experience and a buddy to support you on your first stepsA competitive compensation & benefits packageHealth and life insurance programMeal allowanceWell-being activities (on premises)Continuous learning opportunities using the most modern methods (unlimited access to Udemy for Business, ad-hoc trainings)A personalized development plan for targeted career growthIf you are looking forward to be part of a diverse environment, and have the opportunity to work alongside well-experienced professionals, on challenging, large-scale projects that directly impact millions of citizens around the globe, then this is the place to be!Join Netcompany-Intrasoft Patras' branch, and be part of our 150+ tech enthusiasts team!Our cultureOur people are the most important element of our success. Our work life is well defined by our set of fundamental Values: https://bit.ly/3SSbBzU  #BePartOfSomethingGreat!*Please submit your CV in EnglishAll applications will be treated as strictly confidential.",,Full-time,"Patra, Greece",EL,2024-09-04,kariera.gr,150426,,"['http://data.europa.eu/esco/skill/23ac233d-84ad-4517-b0f5-8ca19ba2614e', 'http://data.europa.eu/esco/skill/327d15c8-29ff-4ad4-a4fe-6536d777a45f', 'http://data.europa.eu/esco/skill/60b44dab-03f1-46de-be08-0e5ba8662b3d', 'http://data.europa.eu/esco/skill/8f6ed69b-29d0-4c01-81ba-f05920a185f3', 'http://data.europa.eu/esco/skill/b87f6102-5bab-4e99-a5d8-11b6be1b99c2']","['http://data.europa.eu/esco/occupation/57af9090-55b4-4911-b2d0-86db01c00b02', 'http://data.europa.eu/esco/occupation/5fd2980e-22c4-4ace-a394-190c76f4f539', 'http://data.europa.eu/esco/occupation/719f101d-1866-49d3-8d5c-2256f606a8b9', 'http://data.europa.eu/esco/occupation/874a2080-a9b6-46a9-8662-c9b7d4208f73', 'http://data.europa.eu/esco/isco/C2153']"
1120,SQL Developers (Mid-Senior),"Company DescriptionWe are Netcompany-Intrasoft, a member of Netcompany Group A/S, and a leading European IT Solutions and Services company with strong international presence and expertise, dedicated to responsible digitalisation. We offer innovative and added-value solutions of the highest quality to a wide range of public and private organizations, while being a key-player in the EU Institutions for the past 30 years. We hold an outstanding record of 500+ organizations in 70+ countries, that have chosen our solutions and services, to fulfil their business needs. Our team of 3500+ professionals is our driving force and our most valuable asset.Job DescriptionSo, what are the main duties of an SQL developer in Netcompany-Intrasoft? Be engaged in requirements gathering, design, development, testing, and documentationGet involved in all aspects of the software development life cycle, and demonstrate abilities to learn both the business processes as well as new and existing technologiesDevelop complex database processes with SQLJoining us as an SQL developer you will be a part of a highly-skilled team that analyses, designs, develops, and customizes local and international large-scale solutions in the public health, social security and telecommunications industry.QualificationsWhat would make you a fit for the role:Degree in Computer Science, Software Engineering, or other related disciplinesStrong programming skills using SQL (package, procedures, functions, triggers) and batch coding skills such as Bulk collections, dynamic SQL, and parallel processingInterest in evolving your skills in PL/SQLAbility and willingness to meet tight deadlinesAbility to learn new technologiesGood interpersonal skills, adaptive and team playerFluency in the English languageIt would also be a plus if you match some of the following:Experience in Oracle E-Business Suite implementationsHand-on experience in issue/project tracking (preferably Jira and Atlassian product stack) and source control toolsAdditional InformationBeing a part of the Netcompany-Ιntrasoft team, you will be provided with: The opportunity to work in a modern environment & in a hybrid working modelA seamless onboarding experience and a buddy to support you on your first stepsA competitive compensation & benefits packageHealth and life insurance programMeal and commuting allowanceWell-being activities (on premises)Continuous learning opportunities using the most modern methods (unlimited access to Udemy for Business, ad-hoc trainings)A personalized development plan for targeted career growthIf you are looking forward to be part of a diverse environment, and have the opportunity to work alongside well-experienced professionals, on challenging, large-scale projects that directly impact millions of citizens around the globe, then this is the place to be!By joining Netcompany-Intrasoft Athens, you will be part of a vivid team of 2000+ tech enthusiasts. When at the office you will have the chance to work at our brand-new, state-of-the-art, sustainable offices, located in 3 different spots in Athens!Our cultureOur people are the most important element of our success. Our work life is well defined by our set of fundamental Values: https://bit.ly/3SSbBzU  #BePartOfSomethingGreat!*Please submit your CV in EnglishAll applications will be treated as strictly confidential.",,Full-time,"Athens, Greece",EL,2024-09-04,kariera.gr,150425,,"['http://data.europa.eu/esco/skill/23ac233d-84ad-4517-b0f5-8ca19ba2614e', 'http://data.europa.eu/esco/skill/327d15c8-29ff-4ad4-a4fe-6536d777a45f', 'http://data.europa.eu/esco/skill/60b44dab-03f1-46de-be08-0e5ba8662b3d', 'http://data.europa.eu/esco/skill/8f6ed69b-29d0-4c01-81ba-f05920a185f3', 'http://data.europa.eu/esco/skill/b87f6102-5bab-4e99-a5d8-11b6be1b99c2']","['http://data.europa.eu/esco/occupation/57af9090-55b4-4911-b2d0-86db01c00b02', 'http://data.europa.eu/esco/occupation/5fd2980e-22c4-4ace-a394-190c76f4f539', 'http://data.europa.eu/esco/occupation/719f101d-1866-49d3-8d5c-2256f606a8b9', 'http://data.europa.eu/esco/occupation/874a2080-a9b6-46a9-8662-c9b7d4208f73', 'http://data.europa.eu/esco/occupation/b11e1742-5e28-4270-b081-b0193d85ee7d', 'http://data.europa.eu/esco/isco/C2153']"
1121,SQL Developers (Mid-Senior),"Company DescriptionWe are Netcompany-Intrasoft, a member of Netcompany Group A/S, and a leading European IT Solutions and Services company with strong international presence and expertise, dedicated to responsible digitalisation. We offer innovative and added-value solutions of the highest quality to a wide range of public and private organizations, while being a key-player in the EU Institutions for the past 30 years. We hold an outstanding record of 500+ organizations in 70+ countries, that have chosen our solutions and services, to fulfil their business needs. Our team of 3500+ professionals is our driving force and our most valuable asset.Job DescriptionSo, what are the main duties of an SQL developer in Netcompany-Intrasoft? Be engaged in requirements gathering, design, development, testing, and documentationGet involved in all aspects of the software development life cycle, and demonstrate abilities to learn both the business processes as well as new and existing technologiesDevelop complex database processes with SQLJoining us as an SQL developer you will be a part of a highly-skilled team that analyses, designs, develops, and customizes local and international large-scale solutions in the public health, social security and telecommunications industry.QualificationsWhat would make you a fit for the role:Degree in Computer Science, Software Engineering, or other related disciplinesStrong programming skills using SQL (package, procedures, functions, triggers) and batch coding skills such as Bulk collections, dynamic SQL, and parallel processingInterest in evolving your skills in PL/SQLAbility and willingness to meet tight deadlinesAbility to learn new technologiesGood interpersonal skills, adaptive and team playerFluency in the English languageIt would also be a plus if you match some of the following:Experience in Oracle E-Business Suite implementationsHand-on experience in issue/project tracking (preferably Jira and Atlassian product stack) and source control toolsAdditional InformationBeing a part of the Netcompany-Ιntrasoft team, you will be provided with: The opportunity to work in a modern environment & in a hybrid working modelA seamless onboarding experience and a buddy to support you on your first stepsA competitive compensation & benefits packageHealth and life insurance programMeal and commuting allowanceWell-being activities (on premises)Continuous learning opportunities using the most modern methods (unlimited access to Udemy for Business, ad-hoc trainings)A personalized development plan for targeted career growthIf you are looking forward to be part of a diverse environment, and have the opportunity to work alongside well-experienced professionals, on challenging, large-scale projects that directly impact millions of citizens around the globe, then this is the place to be!Join Netcompany-Intrasoft Thessaloniki's branch, and be part of our 250+ tech enthusiasts team!Our cultureOur people are the most important element of our success. Our work life is well defined by our set of fundamental Values: https://bit.ly/3SSbBzU  #BePartOfSomethingGreat!*Please submit your CV in EnglishAll applications will be treated as strictly confidential.",,Full-time,"Thessaloniki, Greece",EL,2024-09-04,kariera.gr,150424,,"['http://data.europa.eu/esco/skill/23ac233d-84ad-4517-b0f5-8ca19ba2614e', 'http://data.europa.eu/esco/skill/327d15c8-29ff-4ad4-a4fe-6536d777a45f', 'http://data.europa.eu/esco/skill/60b44dab-03f1-46de-be08-0e5ba8662b3d', 'http://data.europa.eu/esco/skill/8f6ed69b-29d0-4c01-81ba-f05920a185f3', 'http://data.europa.eu/esco/skill/b87f6102-5bab-4e99-a5d8-11b6be1b99c2']","['http://data.europa.eu/esco/occupation/57af9090-55b4-4911-b2d0-86db01c00b02', 'http://data.europa.eu/esco/occupation/5fd2980e-22c4-4ace-a394-190c76f4f539', 'http://data.europa.eu/esco/occupation/719f101d-1866-49d3-8d5c-2256f606a8b9', 'http://data.europa.eu/esco/occupation/874a2080-a9b6-46a9-8662-c9b7d4208f73', 'http://data.europa.eu/esco/occupation/b11e1742-5e28-4270-b081-b0193d85ee7d', 'http://data.europa.eu/esco/isco/C2153']"
1122,SQL Developers (Mid-Senior),"Company DescriptionWe are Netcompany-Intrasoft, a member of Netcompany Group A/S, and a leading European IT Solutions and Services company with strong international presence and expertise, dedicated to responsible digitalisation. We offer innovative and added-value solutions of the highest quality to a wide range of public and private organizations, while being a key-player in the EU Institutions for the past 30 years. We hold an outstanding record of 500+ organizations in 70+ countries, that have chosen our solutions and services, to fulfil their business needs. Our team of 3500+ professionals is our driving force and our most valuable asset.Job DescriptionSo, what are the main duties of an SQL developer in Netcompany-Intrasoft? Be engaged in requirements gathering, design, development, testing, and documentationGet involved in all aspects of the software development life cycle, and demonstrate abilities to learn both the business processes as well as new and existing technologiesDevelop complex database processes with SQLJoining us as an SQL developer you will be a part of a highly-skilled team that analyses, designs, develops, and customizes local and international large-scale solutions in the public health, social security and telecommunications industry.QualificationsWhat would make you a fit for the role:Degree in Computer Science, Software Engineering, or other related disciplinesStrong programming skills using SQL (package, procedures, functions, triggers) and batch coding skills such as Bulk collections, dynamic SQL, and parallel processingInterest in evolving your skills in PL/SQLAbility and willingness to meet tight deadlinesAbility to learn new technologiesGood interpersonal skills, adaptive and team playerFluency in the English languageIt would also be a plus if you match some of the following:Experience in Oracle E-Business Suite implementationsHand-on experience in issue/project tracking (preferably Jira and Atlassian product stack) and source control toolsAdditional InformationBeing a part of the Netcompany-Ιntrasoft team, you will be provided with: The opportunity to work in a modern environment & in a hybrid working modelA seamless onboarding experience and a buddy to support you on your first stepsA competitive compensation & benefits packageHealth and life insurance programMeal allowanceWell-being activities (on premises)Continuous learning opportunities using the most modern methods (unlimited access to Udemy for Business, ad-hoc trainings)A personalized development plan for targeted career growthIf you are looking forward to be part of a diverse environment, and have the opportunity to work alongside well-experienced professionals, on challenging, large-scale projects that directly impact millions of citizens around the globe, then this is the place to be!Join Netcompany-Intrasoft Patras' branch, and be part of our 150+ tech enthusiasts team!Our cultureOur people are the most important element of our success. Our work life is well defined by our set of fundamental Values: https://bit.ly/3SSbBzU  #BePartOfSomethingGreat!*Please submit your CV in EnglishAll applications will be treated as strictly confidential.",,Full-time,"Patra, Greece",EL,2024-09-04,kariera.gr,150423,,"['http://data.europa.eu/esco/skill/23ac233d-84ad-4517-b0f5-8ca19ba2614e', 'http://data.europa.eu/esco/skill/327d15c8-29ff-4ad4-a4fe-6536d777a45f', 'http://data.europa.eu/esco/skill/60b44dab-03f1-46de-be08-0e5ba8662b3d', 'http://data.europa.eu/esco/skill/8f6ed69b-29d0-4c01-81ba-f05920a185f3', 'http://data.europa.eu/esco/skill/b87f6102-5bab-4e99-a5d8-11b6be1b99c2']","['http://data.europa.eu/esco/occupation/57af9090-55b4-4911-b2d0-86db01c00b02', 'http://data.europa.eu/esco/occupation/5fd2980e-22c4-4ace-a394-190c76f4f539', 'http://data.europa.eu/esco/occupation/719f101d-1866-49d3-8d5c-2256f606a8b9', 'http://data.europa.eu/esco/occupation/874a2080-a9b6-46a9-8662-c9b7d4208f73', 'http://data.europa.eu/esco/occupation/b11e1742-5e28-4270-b081-b0193d85ee7d', 'http://data.europa.eu/esco/isco/C2153']"
1123,Senior CRM Consultant,"Company DescriptionWe are Netcompany-Intrasoft, a member of Netcompany Group A/S, and a leading European IT Solutions and Services company with strong international presence and expertise, dedicated to responsible digitalisation. We offer innovative and added-value solutions of the highest quality to a wide range of public and private organizations, while being a key-player in the EU Institutions for the past 30 years. We hold an outstanding record of 500+ organizations in 70+ countries, that have chosen our solutions and services, to fulfil their business needs. Our team of 3500+ professionals is our driving force and our most valuable asset.Job DescriptionSo, what are the main duties of a Senior CRM Consultant in Netcompany-Intrasoft? As a Senior CRM Consultant you will provide a mix of engineering & consulting:Application Development & ImplementationCreate Business and Technical DocumentationConfigure and Customize the applicationSupport & Maintenance of existing CX/CRM implementationsConduct Unit and Integration TestJoining us as a CRM Developer, you will have the opportunity to be a part of our highly skilled agile consultants teams working within large-scale transformation projects, that impact the life of millions of EU citizens. You will be involved in the design, customization, integration, and maintenance of enterprise-scale CRM/CX implementations that are intended mainly in private sector organizations (telco, banking, retail and more).QualificationsWhat would make you a fit for the role:Experience in Oracle Tools: Siebel, Rightnow for at least 3+ yearsGood understanding of Siebel Enterprise ArchitectureVery Good Knowledge of SQL & JavascriptGood programming skillsProblem-solving abilitiesExcellent in communication and teamwork skillsHighly self-motivated and methodical, with attention to detailCustomer service orientedExcellent command of the English language (written & oral)Additional InformationBeing a part of the Netcompany-Ιntrasoft team, you will be provided with: The opportunity to work in a modern environment & in a hybrid working modelA seamless onboarding experience and a buddy to support you on your first stepsA competitive compensation & benefits packageHealth and life insurance programMeal and commuting allowanceWell-being activities (on premises)Continuous learning opportunities using the most modern methods (unlimited access to Udemy for Business, ad-hoc trainings)A personalized development plan for targeted career growthIf you are looking forward to be part of a diverse environment, and have the opportunity to work alongside well-experienced professionals, on challenging, large-scale projects that directly impact millions of citizens around the globe, then this is the place to be!By joining Netcompany-Intrasoft Athens, you will be part of a vivid team of 2000+ tech enthusiasts. When at the office you will have the chance to work at our brand-new, state-of-the-art, sustainable offices, located in 3 different spots in Athens!Our cultureOur people are the most important element of our success. Our work life is well defined by our set of fundamental Values: https://bit.ly/3SSbBzU  #BePartOfSomethingGreat!*Please submit your CV in EnglishAll applications will be treated as strictly confidential.",,Full-time,"Athens, Greece",EL,2024-09-04,kariera.gr,150422,,"['http://data.europa.eu/esco/skill/23ac233d-84ad-4517-b0f5-8ca19ba2614e', 'http://data.europa.eu/esco/skill/2636b3d3-843e-46a9-8b4c-a9d6ca3f5a2d', 'http://data.europa.eu/esco/skill/3993c87c-7719-4186-811b-8ddfb40e76be', 'http://data.europa.eu/esco/skill/3c209873-c757-47bb-91b5-9b6dc05df116', 'http://data.europa.eu/esco/skill/5c1e686c-92cc-4bd7-9f23-51f9d8a58886', 'http://data.europa.eu/esco/skill/8f6ed69b-29d0-4c01-81ba-f05920a185f3']","['http://data.europa.eu/esco/occupation/5fd2980e-22c4-4ace-a394-190c76f4f539', 'http://data.europa.eu/esco/occupation/719f101d-1866-49d3-8d5c-2256f606a8b9', 'http://data.europa.eu/esco/occupation/a520fba4-2a29-43a0-bfd5-43892306501d']"
1124,Call for Talents - Junior Software Engineers,"Company DescriptionWe are Netcompany-Intrasoft, a member of Netcompany Group A/S, and a leading European IT Solutions and Services company with strong international presence and expertise, dedicated to responsible digitalisation. We offer innovative and added-value solutions of the highest quality to a wide range of public and private organizations, while being a key-player in the EU Institutions for the past 30 years. We hold an outstanding record of 500+ organizations in 70+ countries, that have chosen our solutions and services, to fulfil their business needs. Our team of 3500+ professionals is our driving force and our most valuable asset.Job DescriptionEver wondered what it feels like to be a Junior Software Engineer in Netcompany-Intrasoft? Joining us as a Junior Software Engineer you will become part of agile, highly skilled SW Product Development teams that design, develop, deploy, customize, test, and support web and digital applications for various industries (FinTech / Betting / Insurance / Telecommunications / Utilities / Retail / EU Institutions / Public Sector Digital Transformation). This will be the beginning of your career in one of the following specialties: backend, frontend, full-stack, DevOps, or automation testing SW Engineers.As a Junior Software Engineer you will:Work within an agile team that designs, develops, tests, and maintains web applications by using technologies such as Java, Spring, Spring boot, Microservices Architecture, Angular, React, Docker, Kafka, Kubernetes, Selenium, Cucumber, etc.Perform a full range of complex programming tasks using a variety of web and application-based programming technologies and languages, keeping current with new programming techniquesDevelop and maintain code and application libraries, instructions, and technical documentationCollaborate with team members to understand requirements and propose solutionsParticipate in peer code reviewsBe up to date, learn and gain experience in new technology stacks.QualificationsWhat would make you a fit for the role:Degree in Computer Science, Software Engineering or other relevant disciplinesFamiliarity with at least one of the below (Java, Spring, Spring boot, Microservices Architecture, Angular, React, Docker, Kafka, Kubernetes, Selenium and Cucumber)Excellent command of the English language (written & oral)It would also be a plus if you match some of the following:Knowledge of:web technologies including HTML5, CSS3, JavaScript frameworksdatabase concepts and SQL programmingExperience with Source Control(GIT, Subversion) and Build Tools (Maven).Additional InformationAll newcomers attend a high-quality training by our internal onboarding academy, regarding the Netcompany-Intrasoft culture and digital journey. All sessions are conducted by our tech specialists, who share their knowledge on technologies and methodologies that are used in our projects, ensuring a smooth and enlightening onboarding process.Being a part of the Netcompany-Ιntrasoft team, you will be provided with: The opportunity to work in a modern environment & in a hybrid working modelA seamless onboarding experience and a buddy to support you on your first stepsA competitive compensation & benefits packageHealth and life insurance programMeal and commuting allowanceWell-being activities (on premises)Continuous learning opportunities using the most modern methods (unlimited access to Udemy for Business, ad-hoc trainings)A personalized development plan for targeted career growthIf you are looking forward to be part of a diverse environment, and have the opportunity to work alongside well-experienced professionals, on challenging, large-scale projects that directly impact millions of citizens around the globe, then this is the place to be!By joining Netcompany-Intrasoft Athens, you will be part of a vivid team of 2000+ tech enthusiasts. When at the office you will have the chance to work at our brand-new, state-of-the-art, sustainable offices, located in 3 different spots in Athens!Our cultureOur people are the most important element of our success. Our work life is well defined by our set of fundamental Values: https://bit.ly/3SSbBzU  #BePartOfSomethingGreat!*Please submit your CV in EnglishAll applications will be treated as strictly confidential.",,Full-time,"Athens, Greece",EL,2024-09-04,kariera.gr,150421,,"['http://data.europa.eu/esco/skill/0d168770-4d9c-4096-b048-a6577818d306', 'http://data.europa.eu/esco/skill/19a8293b-8e95-4de3-983f-77484079c389', 'http://data.europa.eu/esco/skill/1ffac4ac-fda7-407d-8ed1-ca8f4a8dc146', 'http://data.europa.eu/esco/skill/23ac233d-84ad-4517-b0f5-8ca19ba2614e', 'http://data.europa.eu/esco/skill/3993c87c-7719-4186-811b-8ddfb40e76be', 'http://data.europa.eu/esco/skill/484df271-bb52-49f1-8f50-f19624bf4df2', 'http://data.europa.eu/esco/skill/7557f0f4-b8bc-4ac0-b91e-222ab1ba744f', 'http://data.europa.eu/esco/skill/8f6ed69b-29d0-4c01-81ba-f05920a185f3', 'http://data.europa.eu/esco/skill/a8797f21-1af0-4c5e-98ca-bf1442929363', 'http://data.europa.eu/esco/skill/dba46f87-0831-49cd-a1c7-340a653c0221', 'http://data.europa.eu/esco/skill/f0de4973-0a70-4644-8fd4-3a97080476f4']","['http://data.europa.eu/esco/occupation/57af9090-55b4-4911-b2d0-86db01c00b02', 'http://data.europa.eu/esco/occupation/719f101d-1866-49d3-8d5c-2256f606a8b9', 'http://data.europa.eu/esco/occupation/866c7813-2c03-47d7-9bdc-192cfbace57c', 'http://data.europa.eu/esco/occupation/a9c7a04d-807a-41b5-b441-87c73c73c9c5', 'http://data.europa.eu/esco/occupation/c52129d9-4656-4ce8-ba13-8a72a51d5400', 'http://data.europa.eu/esco/occupation/cc867bee-ab5c-427f-9244-f7a204d9574b']"
1125,Call for Talents - Junior Software Engineers,"Company DescriptionWe are Netcompany-Intrasoft, a member of Netcompany Group A/S, and a leading European IT Solutions and Services company with strong international presence and expertise, dedicated to responsible digitalisation. We offer innovative and added-value solutions of the highest quality to a wide range of public and private organizations, while being a key-player in the EU Institutions for the past 30 years. We hold an outstanding record of 500+ organizations in 70+ countries, that have chosen our solutions and services, to fulfil their business needs. Our team of 3500+ professionals is our driving force and our most valuable asset.Job DescriptionEver wondered what it feels like to be a Junior Software Engineer in Netcompany-Intrasoft? Joining us as a Junior Software Engineer you will become part of agile, highly skilled SW Product Development teams that design, develop, deploy, customize, test, and support web and digital applications for various industries (FinTech / Betting / Insurance / Telecommunications / Utilities / Retail / EU Institutions / Public Sector Digital Transformation). This will be the beginning of your career in one of the following specialties: backend, frontend, full-stack, DevOps, or automation testing SW Engineers.As a Junior Software Engineer you will:Work within an agile team that designs, develops, tests, and maintains web applications by using technologies such as Java, Spring, Spring boot, Microservices Architecture, Angular, React, Docker, Kafka, Kubernetes, Selenium, Cucumber, etc.Perform a full range of complex programming tasks using a variety of web and application-based programming technologies and languages, keeping current with new programming techniquesDevelop and maintain code and application libraries, instructions, and technical documentationCollaborate with team members to understand requirements and propose solutionsParticipate in peer code reviewsBe up to date, learn and gain experience in new technology stacks.QualificationsWhat would make you a fit for the role:Degree in Computer Science, Software Engineering or other relevant disciplinesFamiliarity with at least one of the below (Java, Spring, Spring boot, Microservices Architecture, Angular, React, Docker, Kafka, Kubernetes, Selenium and Cucumber)Excellent command of the English language (written & oral)It would also be a plus if you match some of the following:Knowledge of:web technologies including HTML5, CSS3, JavaScript frameworksdatabase concepts and SQL programmingExperience with Source Control(GIT, Subversion) and Build Tools (Maven).Additional InformationAll newcomers attend a high-quality training by our internal onboarding academy, regarding the Netcompany-Intrasoft culture and digital journey. All sessions are conducted by our tech specialists, who share their knowledge on technologies and methodologies that are used in our projects, ensuring a smooth and enlightening onboarding process.Being a part of the Netcompany-Ιntrasoft team, you will be provided with: The opportunity to work in a modern environment & in a hybrid working modelA seamless onboarding experience and a buddy to support you on your first stepsA competitive compensation & benefits packageHealth and life insurance programMeal and commuting allowanceWell-being activities (on premises)Continuous learning opportunities using the most modern methods (unlimited access to Udemy for Business, ad-hoc trainings)A personalized development plan for targeted career growthIf you are looking forward to be part of a diverse environment, and have the opportunity to work alongside well-experienced professionals, on challenging, large-scale projects that directly impact millions of citizens around the globe, then this is the place to be!Join Netcompany-Intrasoft Thessaloniki's branch, and be part of our 250+ tech enthusiasts team!Our cultureOur people are the most important element of our success. Our work life is well defined by our set of fundamental Values: https://bit.ly/3SSbBzU  #BePartOfSomethingGreat!*Please submit your CV in EnglishAll applications will be treated as strictly confidential.",,Full-time,"Thessaloniki, Greece",EL,2024-09-04,kariera.gr,150420,,"['http://data.europa.eu/esco/skill/0d168770-4d9c-4096-b048-a6577818d306', 'http://data.europa.eu/esco/skill/19a8293b-8e95-4de3-983f-77484079c389', 'http://data.europa.eu/esco/skill/1ffac4ac-fda7-407d-8ed1-ca8f4a8dc146', 'http://data.europa.eu/esco/skill/23ac233d-84ad-4517-b0f5-8ca19ba2614e', 'http://data.europa.eu/esco/skill/3993c87c-7719-4186-811b-8ddfb40e76be', 'http://data.europa.eu/esco/skill/484df271-bb52-49f1-8f50-f19624bf4df2', 'http://data.europa.eu/esco/skill/7557f0f4-b8bc-4ac0-b91e-222ab1ba744f', 'http://data.europa.eu/esco/skill/8f6ed69b-29d0-4c01-81ba-f05920a185f3', 'http://data.europa.eu/esco/skill/a8797f21-1af0-4c5e-98ca-bf1442929363', 'http://data.europa.eu/esco/skill/dba46f87-0831-49cd-a1c7-340a653c0221', 'http://data.europa.eu/esco/skill/f0de4973-0a70-4644-8fd4-3a97080476f4']","['http://data.europa.eu/esco/occupation/57af9090-55b4-4911-b2d0-86db01c00b02', 'http://data.europa.eu/esco/occupation/719f101d-1866-49d3-8d5c-2256f606a8b9', 'http://data.europa.eu/esco/occupation/866c7813-2c03-47d7-9bdc-192cfbace57c', 'http://data.europa.eu/esco/occupation/a9c7a04d-807a-41b5-b441-87c73c73c9c5', 'http://data.europa.eu/esco/occupation/c52129d9-4656-4ce8-ba13-8a72a51d5400', 'http://data.europa.eu/esco/occupation/cc867bee-ab5c-427f-9244-f7a204d9574b']"
1140,Senior Database Administrator,"Join INTRALOT as a Senior Database Administrator (DBA) \n\nYour Role: As a Senior Database Administrator (DBA), you will be leading the database management strategies, ensuring exceptional levels of performance and security. Your focus will be on providing technical direction and spearheading the development of advanced solutions.\n\nYour Responsibilities:\n\nGuiding the Way: Utilize your expertise to guide our team towards effective database management strategies that align with our company's goals and values.Managing Databases: Take charge of installing, configuring, and maintaining complex database systems in various environments, ensuring they run smoothly whether they're On-Premises, in the Cloud, or Hybrid.Boosting Performance: Lead efforts to optimize performance by fine-tuning operations, improving queries, and ensuring our database operations can scale effectively.Ensuring Security and Compliance:\nUphold strong security measures to protect our data and ensure compliance with regulatory standards like GDPR and the esteemed WLA Responsible Gaming Framework Certification.Supporting and Mentoring: Take on the role of mentor for the team members, offering guidance, sharing your technical knowledge, and nurturing an environment of ongoing learning and growth.Collaborating with Stakeholders: Work closely with teams across the organization, such as Software Development, Infrastructure, and Quality Assurance, to achieve impactful business outcomes through seamless collaboration.Your Qualifications:\n\n\n Extensive Experience: Bring at least six (6) years of hands-on experience in database administration, with a focus on enterprise-level deployments and mission-critical systems.\n Specialization: Mastery in MySQL or Oracle RDBMS, complemented by desirable proficiency in other databases including PostgreSQL, MongoDB, MS SQL Server, and more\n Influence Opportunity: Demonstrate leadership prowess, spearheading technical projects, mentoring team members, and influencing strategic direction.\n Automation Mindset: Fluent in scripting and automation tools (e.g., Bash, Python, Ansible), committed to championing Infrastructure as Code (IaC) principles.\n Stellar Communication: Convey complex technical concepts to diverse stakeholders with clarity and confidence.\n Lifelong Learning:\n Embrace a passion for continuous learning and growth, staying abreast of emerging technologies and industry best practices. \n\n\nAbout Us: INTRALOT, a publicly listed company established in 1992, is a leading gaming solutions supplier and operator active in 39 regulated jurisdictions worldwide. With a global workforce of approximately 1,700 employees, INTRALOT is committed to redefine innovation and quality of services in the lottery and gaming sector, while supporting operators in raising funds for good causes. In 2023, INTRALOT was distinguished as a top ten most attractive employer brands in Greece.\nINTRALOT has been awarded the prestigious WLA Responsible Gaming Framework Certification by the World Lottery Association. We always act with integrity and enjoy what we do.\n\nWhy Join Us:\n A competitive compensation package combined with additional benefits.\n Hybrid working model.\n Private Insurance for you and your family. \n Modern facilities, parking inside, enticing restaurant and corporate bus.\n An extensive training program upon induction and throughout employment.\n Exceptional opportunities to learn and develop in a multinational environment.\n Prospects for professional growth both locally and globally. \n\nEqual Opportunity Employer: We champion diversity and inclusivity, fostering an environment where all individuals are celebrated and valued. Our premises are thoughtfully designed to ensure accessibility for all.\nIf you're a seasoned professional seeking a rewarding opportunity to leave your mark on the gaming industry's forefront, we invite you to join us at INTRALOT. Submit your resume today!",,Full-time,"Paiania, Greece",EL,2024-09-04,kariera.gr,143400,,"['http://data.europa.eu/esco/skill/0332f526-6dc0-4f09-8a7c-2b9473c50736', 'http://data.europa.eu/esco/skill/097c6a36-f031-4d3e-b5c1-62d6ffcb430b', 'http://data.europa.eu/esco/skill/1177c6f5-09c5-4c35-873c-afd22d170ad3', 'http://data.europa.eu/esco/skill/1d86f05e-e9cc-40ce-99d8-2b21cc71b16b', 'http://data.europa.eu/esco/skill/2b69525c-731c-4813-99a7-673fa5679d32', 'http://data.europa.eu/esco/skill/477173ca-5fc2-406b-9122-95d92811f284', 'http://data.europa.eu/esco/skill/6f8a40d6-f9ce-43ec-a72f-d4213a53f3ed', 'http://data.europa.eu/esco/skill/7369f779-4b71-4aab-8836-48b69c676eec', 'http://data.europa.eu/esco/skill/7557f0f4-b8bc-4ac0-b91e-222ab1ba744f', 'http://data.europa.eu/esco/skill/8327754d-3990-4056-b07e-4faa49cfcd26', 'http://data.europa.eu/esco/skill/c062bab3-3ea0-4291-9220-a2d8fef4bead', 'http://data.europa.eu/esco/skill/ccd0a1d9-afda-43d9-b901-96344886e14d', 'http://data.europa.eu/esco/skill/d5d8e3e0-15a8-4cea-b877-7100363e36c7', 'http://data.europa.eu/esco/skill/d6cdef49-b669-4507-91d1-3f959cf98e47', 'http://data.europa.eu/esco/skill/de9f85ba-e77f-48fd-8c66-f5ebaf32d655', 'http://data.europa.eu/esco/skill/f9738fc9-4d67-43e8-bfda-954123e34d42']","['http://data.europa.eu/esco/occupation/2082e125-d06b-43e6-957f-b7aa3c48dc2f', 'http://data.europa.eu/esco/occupation/2b48a4cd-2333-4abf-ac3e-6f63d6ed3663', 'http://data.europa.eu/esco/occupation/8cb59bc4-1f39-477e-beea-effed12d186c', 'http://data.europa.eu/esco/occupation/d18a8976-a283-42ad-9541-75c49396dbd7', 'http://data.europa.eu/esco/occupation/e9507d34-c70f-474f-a4a3-d2cbfe50f6e9', 'http://data.europa.eu/esco/isco/C2521']"
1216,Lead Data Warehouse Engineer,"Company DescriptionWe are Netcompany-Intrasoft, a member of Netcompany Group A/S, and a leading European IT Solutions and Services company with strong international presence and expertise, dedicated to responsible digitalisation. We offer innovative and added-value solutions of the highest quality to a wide range of public and private organizations, while being a key-player in the EU Institutions for the past 30 years. We hold an outstanding record of 500+ organizations in 70+ countries, that have chosen our solutions and services, to fulfil their business needs. Our team of 3500+ professionals is our driving force and our most valuable asset.Job DescriptionEver wondered what it feels like to be a Lead Data Warehouse Engineer in Netcompany-Intrasoft?Joining us as a Lead Data Warehouse Engineer, you will be a highly skilled and motivated professional with extensive experience in data integration, ETL processes, and SQL development. The ideal candidate will excel at leading teams and managing complex data integration projects while ensuring data accuracy, consistency, and reliability across various systems. You will have a strong understanding of data warehousing concepts and be adept at working with on-premises data warehouse systems.As a Lead Data Warehouse Engineer you will:Lead the integration of various data sources into the “on-premises” data warehouse system.Develop and maintain ETL (Extract, Transform, Load) processes to ensure data accuracy and integrity.Monitor data flows and troubleshoot any issues to ensure seamless data operations.Design, develop, and maintain complex SQL queries and stored procedures.Lead and mentor a team of ETL developers and data engineers and provide technical guidance.Ensure data consistency and reliability across different systems.Manage multiple data integration projects concurrently, ensuring they are delivered on time and within scope.Maintain comprehensive technical documentation of ETL processes, data flows, ER models of new and existing projectsPrepare and present project status reports to senior managementCommunication and collaboration with the business stakeholders for the validation of the functional and non-functional requirements QualificationsWhat would make you a fit for the role:Bachelor's or Master's degree in Computer Science, Information Systems, or a related field.7+ years of experience in data engineering, data operations, or a similar role.Proficient in working with IBM DB2 for iSeries and other relational database management systems (Oracle, MS SQL Server, PostgreSQL etc.).Strong experience with SQL and stored procedures.Expertise in data modeling and designing data warehouse solutions.Solid understanding of ETL processes and tools.Experience with data analysis and performance tuning.Excellent problem-solving skills and attention to detail.Strong communication and collaboration skills.Understanding of MS Azure basics and willingness to be involved in related implementations (e.g. Databricks, Azure Data Factory etc.) It would also be a plus if you had :Any relevant experience on the Banking Sector will be considered as a plusAdditional InformationBeing a part of the Netcompany-Ιntrasoft team, you will be provided with: The opportunity to work in a modern environment & in a hybrid working modelA seamless onboarding experience and a buddy to support you on your first stepsA competitive compensation & benefits packageHealth and life insurance programMeal and commuting allowanceWell-being activities (on premises)Continuous learning opportunities using the most modern methods (unlimited access to Udemy for Business, ad-hoc trainings)A personalized development plan for targeted career growthIf you are looking forward to be part of a diverse environment, and have the opportunity to work alongside well-experienced professionals, on challenging, large-scale projects that directly impact millions of citizens around the globe, then this is the place to be!Our cultureOur people are the most important element of our success. Our work life is well defined by our set of fundamental Values: https://netcompany.com/careers/greece/our-values/ #BePartOfSomethingGreat!Please submit your CV in English. All applications will be treated as strictly confidential.We ensure equal opportunities, treatment, and consideration to all candidates. Discrimination based on sex, racial or ethnic origin, religion or belief, disability, age, sexual orientation or marital status, physical or mental disability, or any other factor protected by applicable laws and regulations is prohibited. As part of the Netcompany-Intrasoft culture, we respect human rights and focus on creating a positive workplace, where all employees are valued, and where diversity and inclusion are a vital part of our our everyday working experience.",,Full-time,"Athens, Greece",EL,2024-09-04,kariera.gr,167578,,"['http://data.europa.eu/esco/skill/23ac233d-84ad-4517-b0f5-8ca19ba2614e', 'http://data.europa.eu/esco/skill/3ec2e4d6-7000-4905-bf1a-c5b1679416de', 'http://data.europa.eu/esco/skill/477173ca-5fc2-406b-9122-95d92811f284', 'http://data.europa.eu/esco/skill/48db96bf-3314-45c6-bad8-fdb6e20e5639', 'http://data.europa.eu/esco/skill/7369f779-4b71-4aab-8836-48b69c676eec', 'http://data.europa.eu/esco/skill/8f6ed69b-29d0-4c01-81ba-f05920a185f3', 'http://data.europa.eu/esco/skill/a8d07b5a-c1a1-42c6-9d53-db9c7a2ca996', 'http://data.europa.eu/esco/skill/c062bab3-3ea0-4291-9220-a2d8fef4bead']","['http://data.europa.eu/esco/occupation/1562c7a3-c7d9-419d-b9b6-db26610bcf84', 'http://data.europa.eu/esco/occupation/2079755f-d809-49e6-8037-4de6180e54c0', 'http://data.europa.eu/esco/occupation/258e46f9-0075-4a2e-adae-1ff0477e0f30', 'http://data.europa.eu/esco/occupation/719f101d-1866-49d3-8d5c-2256f606a8b9', 'http://data.europa.eu/esco/occupation/8cb59bc4-1f39-477e-beea-effed12d186c', 'http://data.europa.eu/esco/occupation/b11e1742-5e28-4270-b081-b0193d85ee7d', 'http://data.europa.eu/esco/occupation/bd9d395a-d587-45c6-8d72-ceef226df9e1', 'http://data.europa.eu/esco/occupation/cd7b838c-51f6-41ec-9067-bb974c0f991b', 'http://data.europa.eu/esco/occupation/d3edb8f8-3a06-47a0-8fb9-9b212c006aa2', 'http://data.europa.eu/esco/isco/C4132']"
1294,Net Full Stack Developer,"We are looking for a candidate to strengthen the software development and maintenance department of our company.
The main responsibilities are the following:

Web Application Development using ASP .NET Core MVC / Razor Pages and Web API
Integration of new technologies, interface with third-party systems, as well as maintenance - improvement of existing applications
Design, develop and maintain reusable C#, JavaScript, HTML and CSS code
Ensuring the best possible quality and usability of the company's applications

 
Necessary qualifications

Full-stack development skills
Experience as a .NET Web Developer (C# / Asp.Net)
Knowledge of SQL (Microsoft SQL Server)
Knowledge of HTML/CSS/JavaScript
Knowledge of Frontend JavaScript Frameworks
Fluency in Greek and English

 
Desired qualifications

Experience using DevExpress library
Knowledge of Git software",Senior,Full-time,"Athens, Greece",EL,2024-09-04,kariera.gr,167480,,"['http://data.europa.eu/esco/skill/0af062de-eb43-41e9-9b96-249e2cd22d26', 'http://data.europa.eu/esco/skill/56a7f561-1d55-43c9-9cd7-36a0a9bc6c50', 'http://data.europa.eu/esco/skill/8d4271ca-c9fd-40b3-875f-15f78332a49e', 'http://data.europa.eu/esco/skill/c062bab3-3ea0-4291-9220-a2d8fef4bead', 'http://data.europa.eu/esco/skill/c4b626c1-e71c-44ec-9f88-042766f37fcc', 'http://data.europa.eu/esco/skill/ea4ebfa1-e17a-4416-ac54-955f33e6ade7']","['http://data.europa.eu/esco/occupation/c40a2919-48a9-40ea-b506-1f34f693496d', 'http://data.europa.eu/esco/isco/C13']"
1489,"Customer Support Specialist, SOFTONE cosmoONE","SOFTONE is one of the largest technology ecosystems in Greece and SE Europe, that includes seven leading brands (SoftOne, PROSVASIS, IMPACT, cosmoONE, Global Sustain, Twinsoft and Sunsoft), currently employing more than 750 technology and business professionals. SOFTONE focus on the development of business and accounting software solutions, innovative cloud services, enterprise mobility applications and e-invoicing and procurement solutions, having earned numerous awards and distinctions for their innovation and contribution in supporting companies' digital transformation.
SOFTONE solutions are used by more than 75,000 enterprises in Greece and several international markets (Cyprus, Romania, Bulgaria), and are supported through a wide (+600) Channel Partners Network.
 
CosmoONE, a member of SOFTONE Group of Companies since July 2022, is the first company in Greece specializing in B2B Electronic Procurement, with a decisive contribution to the formation and development of the B2B eBusiness sector. CosmoOne solutions aim to reduce procurement costs and transform the procurement processes, which are strategic levers in improving the financial results and increasing the profitability of each company and organization.
SOFTONE cosmoONE is looking for a Customer Support Specialist to join our talented team.
Your Role:
The candidate will be a member of the Operations department and will actively participate in customer support and training matters, application configuration, and software testing based on specific processes and Key Performance Indicators (KPIs).
Your contribution to the success of the team

Customer support and management of requests and complaints on cosmoONE applications (via phone, live chat, customer request management system, or remote access) in both Greek and English languages
Customer training and preparation of educational material in both Greek and English languages
Configuration of electronic auctions and other applications
Software testing (testing)

Your Superpower

Minimum of 3 years of previous experience in customer service via telephone
A degree in Computer Science or a Technical field will be considered an additional qualification.
Excellent command of the English language, both orally and in writing (C2 Level)
Proficiency in technology and excellent use of computers in Windows 10/11 environments, particularly in handling browsers (Google Chrome, Mozilla Firefox, Microsoft Edge)
Good knowledge of Office 365 (Outlook, Excel using functions, Word, PowerPoint, Teams). Certification in Office applications will be appreciated
Good communication with corporate and internal clients, empathy, and customer-centric perception.
Ability to diagnose, analyze, and solve problems.
Team spirit and collaboration skills.
Willingness to learn and the ability to learn quickly.
Organizational skills, methodical approach, consistency, and a sense of responsibility in managing sensitive information.
Ability to program, manage time, and work under pressure.
Ability to travel within Greece and abroad
Completed military obligations (for male candidates)

Nice to have

Experience in customer training
Knowledge of applications such as Camtasia, Adobe Captivate, or Active Presenter and experience in eLearning creation
Experience in software testing. Certification in software testing will be considered an additional qualification
Experience in cosmoONE applications: sourceONE & auctionONE
Experience in procurement competitions
Basic knowledge of project management
Knowledge of SQL

Your Benefits
We are growing our team with the vision of attracting and developing talented professionals who will contribute to the growth of the company. As a result, we offer:
💰Competitive remuneration package
❤️Private health insurance & pension plans
🏠Hybrid working model & flexible working hours
💯Opportunity to work alongside experienced people who are always eager to mentor
🚍Transportation with company’s bus from central metro stations
🚴‍♀️Bike Sharing company’s program
📖 Funded training & development opportunities
🥪Subsidized onsite high quality catering food services & snacks
🧘🏼‍♀️Psychological and Nutrition Support services
Our core values and competencies define us every day and make us stand out:


We innovate
We foster security 
We focus on sustainable development
We care about people  
We are connected


Do you feel excited about the above? If so, apply to this job opportunity.",Mid-level,Full-time,"Kallithea, Greece",EL,2024-09-03,kariera.gr,167260,,"['http://data.europa.eu/esco/skill/20012caa-b63c-4cb9-b2b8-01a1cfdfc1d1', 'http://data.europa.eu/esco/skill/237db40b-4600-47c0-837f-4a2c4f3014ab', 'http://data.europa.eu/esco/skill/598de5b0-5b58-4ea7-8058-a4bc4d18c742', 'http://data.europa.eu/esco/skill/677d5144-4c77-4f8d-afc7-116f4bc0e660', 'http://data.europa.eu/esco/skill/78d90f00-5226-44fc-95c2-0d8dac6b081b', 'http://data.europa.eu/esco/skill/83d9f34d-d362-4b8c-993a-aa8a8be407f4', 'http://data.europa.eu/esco/skill/8d10ae08-3b0d-4bbb-86c5-25dd2c6858cd', 'http://data.europa.eu/esco/skill/913e7e83-b8f8-4574-b1ca-1b38f3fd974a', 'http://data.europa.eu/esco/skill/9bf266a6-188b-4d17-a22f-2f266d76832b', 'http://data.europa.eu/esco/skill/9e9a4209-c7cf-4f6e-973e-dc2ffadccc74', 'http://data.europa.eu/esco/skill/adc6dc11-3376-467b-96c5-9b0a21edc869', 'http://data.europa.eu/esco/skill/dda745dd-b8d6-45d8-8c74-e05495ce90f5', 'http://data.europa.eu/esco/skill/f642d7ed-e8d7-4355-a747-b85094d4e2e3', 'http://data.europa.eu/esco/skill/9bbe0d37-822c-4096-8b56-8729e5783b4b', 'http://data.europa.eu/esco/skill/a06a0d41-10fa-4ba7-a988-e8b5eba966fb', 'http://data.europa.eu/esco/skill/ecc18804-a466-40d9-98b4-fba5cd67dd4b']","['http://data.europa.eu/esco/occupation/056f1849-7ff8-4d6f-9b8a-176a610bba44', 'http://data.europa.eu/esco/occupation/09a9a956-db70-436f-8398-d85a17f6cdfe', 'http://data.europa.eu/esco/occupation/106f79e4-6264-45f1-9e7a-297435cd684b', 'http://data.europa.eu/esco/occupation/586fe133-1987-41f4-b89a-f39d4bc58e1e', 'http://data.europa.eu/esco/occupation/bea99fea-0383-4c63-b944-70d4799de2c5', 'http://data.europa.eu/esco/occupation/fde97584-d8e3-413e-a662-511c9055357e', 'http://data.europa.eu/esco/occupation/3b129d8d-268e-465a-b0c5-bf32cae59a41', 'http://data.europa.eu/esco/occupation/caafca69-9faa-4850-8930-a3fa07fea4e6', 'http://data.europa.eu/esco/isco/C2']"
1561,Software Engineer,"FlexLearn Business Solutions is a rapidly growing company that specializes in providing innovative and pioneering HR solutions to both businesses and educational organizations.
Our goal is to upgrade people skills, empower organizations to digitize HR processes, and streamline talent acquisition through innovative technology, guided by the principles of flexibility, independence, and collaboration.
We are looking for an enthusiastic and motivated Software Engineer to design and develop cloud software programs and applications. You will be able to develop, write and implement fully performing software in compliance with the latest coding standards.
Our software solutions are web based (ASP.NET, C#, JQuery, JavaScript, MVC), to mobile web (JQuery Mobile native apps Android, iOS) with Google and other APIs.
Basic Skills

Analyze complex concepts and develop clear, practical solutions
Write well designed, testable, efficient code
Strong verbal and written communications
Quick learner of new concepts and technologies

Technical Skills

Design & Develop applications using Visual Studio C#, ASP.NET Core, Signal R
MS-SQL (ADO.NET, stored procedures, triggers, etc.)
Front-end engineering using CSS/HTML/JavaScript/JQuery/XML
Object Oriented Analysis/Design/UML Modeling
Ability to recognize and apply software design patterns with security considerations
Experience in deploying load balanced web solutions
Microsoft developer certifications (i.e. MCPD, MCSD)

 Competitive Compensation

Highly effective learning environment
Annual and project-based incentive bonus plan tied to performance
Hybrid working model

Additional Benefits

We at FlexLearn have the opportunity to combine the intense rhythms of life with personal exercise and improvement of our health - in accordance with the international trends of Employee Support - by regularly offering Swimming pool, gym subscription, free yoga classes, mental health programs etc.
Variety of events are organized for employees.",Mid-level,Full-time,"Chalandri, Greece",EL,2024-09-03,kariera.gr,167188,,"['http://data.europa.eu/esco/skill/0e161427-3369-47c0-8669-9e226207f6d0', 'http://data.europa.eu/esco/skill/2b7a79e5-84d8-4880-be66-3d9bb05bea17', 'http://data.europa.eu/esco/skill/4c016b68-4116-468c-9dc6-42710c239e4a', 'http://data.europa.eu/esco/skill/6b643893-0a1f-4f6c-83a1-e7eef75849b9', 'http://data.europa.eu/esco/skill/7193cb6d-8334-494f-86e5-21e6d03a47c3', 'http://data.europa.eu/esco/skill/bf4d884f-c848-402a-b130-69c266b04164', 'http://data.europa.eu/esco/skill/f206e732-110c-47ce-a53f-f00c9d97c90d']","['http://data.europa.eu/esco/occupation/2fb96c6c-8d0b-4ef0-b1ee-3e493305e4eb', 'http://data.europa.eu/esco/occupation/5a91a8bc-eb18-4c7e-847d-96cbcce5a47a', 'http://data.europa.eu/esco/occupation/a6e8a6bf-9209-4d19-a131-a8b6431e0f75', 'http://data.europa.eu/esco/isco/C3']"
1677,IT Business Analyst,"Description
We are looking for a Business Analyst who will be the vital link between our clients and our information technology capacity by supporting and ensuring the successful completion of analyzing business needs, gathering business requirements and drafting functional specification documents.
Your tasks:

Collaboration with clients to create business analysis and functional specification documents;
Organization of workshops with clients;
Requirements gathering, analysis and translation of business requirements into functional modules;
Own and develop relationship with clients, working with them to optimize and enhance our integration;
Collaboration with the development team throughout development phase;
Participation in the development phase developing BPMN workflow and Business rules via our in-house Platform graphical editors;
Work in an agile environment;
Overview of the full product lifecycle;
Collaboration with the quality assurance team;
Collaboration with the support team.

 
Requirements

Bachelor's degree in Computer Engineering or related technical degree;
Experience of at least 2 years in Business analysis of complex IT systems;
Fluency in English;
Experience with BPMN and Business rules will be considered a plus;
Hands on experience on RDBMS (SQL server) and T-SQL;
Experience in the Banking sector is advantageous.

 
Benefits
As an equal opportunity employer, we celebrate diversity and are committed to creating an inclusive environment for all employees.
Our company is people - centric and offers personalized benefits to each employee:

We want you to be well compensated for what you bring in, so we offer an attractive salary package;
Your health matters to us, so all colleagues have a private health insurance plan from day one;
We are excited for challenges, so you are invited to take part in exciting projects;
We never stop learning and evolving! You will have your own mentor and training; program to help you develop in a company with unlimited possibilities and you will join our training sessions and online courses that we provide;
We love the Relational vibes so we gather on smaller and bigger occasions to celebrate good times together!

Relational Financial Solutions adheres to the General Data Protection Regulation principles by applying its Privacy Policy as published in https://www.relationalfs.com/legal-information/pri.... By submitting an application to this position and by sharing your personal data with Relational Financial Solutions you acknowledge and accept its Policy and authorise Relational Financial Solutions to process your personal data for the purposes of the company's recruitment opportunities, in line to the Policy.",Entry / Junior,Full-time,"Athens, Greece",EL,2024-09-03,kariera.gr,167051,,"['http://data.europa.eu/esco/skill/0ee94c0a-3716-494a-95a2-dcbab9e58be2', 'http://data.europa.eu/esco/skill/3d64b8fd-bb09-4d13-a3cf-300ed8909088', 'http://data.europa.eu/esco/skill/3d957fb2-b8f4-4b4c-b955-23299c761ad5', 'http://data.europa.eu/esco/skill/633a3637-2c6b-40ae-ac38-289eb2a62aa6', 'http://data.europa.eu/esco/skill/7935deb6-0bed-4e38-985e-1f83b8e16940', 'http://data.europa.eu/esco/skill/89f6560b-2194-45c9-9ece-d33049a73eef', 'http://data.europa.eu/esco/skill/9531fe02-1e1f-4a36-95f7-a76a77cd4b8d', 'http://data.europa.eu/esco/skill/a4346013-a967-4a58-a533-6b32ad1364c5', 'http://data.europa.eu/esco/skill/a8797f21-1af0-4c5e-98ca-bf1442929363']","['http://data.europa.eu/esco/occupation/244a79eb-122b-4bee-8065-b4c39efce4ff', 'http://data.europa.eu/esco/occupation/92bb3d8c-8a9f-4cd7-80ec-247bbf173004', 'http://data.europa.eu/esco/occupation/a6517365-211c-456d-aca4-1a0115c7b1e1', 'http://data.europa.eu/esco/occupation/a6a0b60f-08da-4faa-bf54-942987efb471', 'http://data.europa.eu/esco/occupation/fe0fa514-b48d-4a53-9757-a283c0baacf0']"
1681,.Net C# Software Engineer,"At Relational FS we know that companies with a strong positive culture perform so much better. That is why every day we strive to create a collaborative and inclusive working environment where our people can feel empowered to succeed.
Are you a skilled and experienced .NET developer looking for an opportunity to grow while working on exciting and challenging projects in a collaborative and dynamic environment?
Relational FS has an opportunity available, to work on complex and challenging new products, to drive transformative change for our top-tier Financial Services clients. Operating in an Agile environment, applications are built with latest modern technologies like C#, microservices and front-end web frameworks.
Responsibilities

Design, code, debug, document, and test software according development fundamentals, processes, and specifications
Estimate development project tasks and timelines
Contribute to product design reviews with creative and practical solutions
Mentor junior team members

Essential Qualifications

Excellent English communication (both verbal and written)
Familiarity with Agile methodologies
Bachelor’s degree in computer science or other relevant field
2+ years of relevant working experience
Strong understanding of Computer Science fundamentals such as OOP, Design Patterns, Data Structures, Algorithms
Good understanding of C# .NET & Asp.Net WebAPI,
Good understanding of RDBMS (SQL Server) and ORMs
Good understanding of microservice architecture
Experience with Front-end technologies, especially angular, will be considered a plus
Experience with REST microservices and Service oriented architecture will be considered a plus

Desired Qualifications: What we might consider an advantage

Unit testing (Test Driven Development)
Azure DevOps Pipelines (CI/CD)
Cloud native containerized application Docker

What Does our tech stack look like?
At Relational FS, we pride ourselves on adaptability and keeping up with the latest technologies. Our current tech stack looks like this

.NET C#
Azure DevOps CI/CD, Git
Kubernetes, Docker, Harbor
MSSQL, PostgreSQL, Redis, Spark.NET
Prometheus, Grafana, Loci, Jaeger, OpenTelemetry

Why work with us?
Relational FS is one of Greece's leading technology software companies, with a mission to provide our clients with innovative, scalable, and secure software solutions that enhance their business performance and customer satisfaction. Through matrix organizational structure we achieve cross-functional collaboration which helps to increase efficiency, innovation, and responsiveness to changing markets. Along with that we introduced a software coaching/mentoring scheme which provides guidance, feedback, and support to software engineers or learners who want to improve their skills, knowledge, and performance.
You will collaborate with experienced and talented people, who will inspire you, mentor you, and help you grow. You will also have access to numerous resources, tools, and facilities that will enable you to do your best work.
As an equal opportunity employer, we celebrate diversity and are committed to creating an inclusive environment for all employees.
Our company is people - centric and offers personalized benefits to each employee:

We want you to be well compensated for what you bring in, so we offer an attractive salary package
Your health matters to us, so all colleagues have a private health insurance plan from day one
Developer’s fuel is coffee, and the supply source is in our kitchen!
We are excited for challenges, so you are invited to take part in exciting projects
We love the Relational vibes so we gather on smaller and bigger occasions to celebrate good times together!

Relational Financial Solutions adheres to the General Data Protection Regulation principles by applying its Privacy Policy as published in https://www.relationalfs.com/legal-information/pri.... By submitting an application to this position and by sharing your personal data with Relational Financial Solutions you acknowledge and accept its Policy and authorise Relational Financial Solutions to process your personal data for the purposes of the company's recruitment opportunities, in line to the Policy.",Mid-level,Full-time,"Athens, Greece",EL,2024-09-03,kariera.gr,167045,,"['http://data.europa.eu/esco/skill/08e2ff26-88ff-47b5-9d37-d19ace01b075', 'http://data.europa.eu/esco/skill/2b7a79e5-84d8-4880-be66-3d9bb05bea17', 'http://data.europa.eu/esco/skill/2fb8480e-de3c-462b-b169-e8bbb344da68', 'http://data.europa.eu/esco/skill/4c016b68-4116-468c-9dc6-42710c239e4a', 'http://data.europa.eu/esco/skill/63f224ea-d889-42ea-b3ef-730ef78c7176', 'http://data.europa.eu/esco/skill/7dfbe0f3-076f-4a19-9eaa-db4d6db704b6', 'http://data.europa.eu/esco/skill/8330c86e-63cf-4be6-849f-4f77628cc5c5', 'http://data.europa.eu/esco/skill/8c4b7305-4b83-4586-9d42-2817f96c60ea', 'http://data.europa.eu/esco/skill/913e7e83-b8f8-4574-b1ca-1b38f3fd974a', 'http://data.europa.eu/esco/skill/a4346013-a967-4a58-a533-6b32ad1364c5', 'http://data.europa.eu/esco/skill/a8d07b5a-c1a1-42c6-9d53-db9c7a2ca996', 'http://data.europa.eu/esco/skill/c062bab3-3ea0-4291-9220-a2d8fef4bead', 'http://data.europa.eu/esco/skill/dba46f87-0831-49cd-a1c7-340a653c0221', 'http://data.europa.eu/esco/skill/f5dd06b8-5d17-4932-9d03-957d0c4f5051', 'http://data.europa.eu/esco/skill/fecf8a0d-62c4-4e71-9b03-0f4fc2ad7bf5']","['http://data.europa.eu/esco/occupation/3fa9a480-ceb3-4c2a-8a91-0508e1bb6ba5', 'http://data.europa.eu/esco/isco/C2519']"
1682,Senior .Net C# Software Engineer,"At Relational FS we know that companies with a strong positive culture perform so much better. That is why every day we strive to create a collaborative and inclusive working environment where our people can feel empowered to succeed.
Are you a skilled and experienced .NET developer looking for an opportunity to grow professionally while working on exciting and challenging projects in a collaborative and dynamic environment?
Relational FS has an opportunity available, to work on complex and challenging new products, to drive transformative change for our top-tier Financial Services clients. Operating in an Agile environment, applications are built with latest modern technologies like C#, microservices and front-end web frameworks.
Responsibilities

Lead features from architecture to implementation alone or as part of a cross-functional team
Work closely with a business analyst team and stakeholders to design the best solutions
Mentor and guide fellow colleagues on industry’s best practices and standards
Test and deliver high-quality software
Mitigate technical risks, issues and proactively address any challenges

Essential Qualifications

Excellent English communication (both verbal and written)
Familiarity with Agile methodologies
Bachelor’s degree in computer science or other relevant field
Firm understanding of Computer Science fundamentals such as OOP, Design Patterns, Data Structures, Algorithms
Firm understanding of C# .NET, Asp.Net WebAPI,
Firm understanding of RDBMS (SQL Server) and ORMs
Firm understanding of microservice architecture
Experience with Front-end technologies, especially angular, will be considered a plus
Experience with REST microservices and Service oriented architecture

Desired Qualifications

Unit testing (Test Driven Development)
Azure DevOps Pipelines (CI/CD)
Cloud native containerized application Docker

What Does our tech stack look like?
At Relational FS, we pride ourselves on adaptability and keeping up with the latest technologies. Our current tech stack looks like this

.NET C#
Azure DevOps CI/CD, Git
Kubernetes, Docker, Harbor
MSSQL, PostgreSQL, Redis, Spark.NET
Prometheus, Grafana, Loci, Jaeger, OpenTelemetry

Why work with us?
Relational FS is one of Greece's leading technology software companies, with a mission to provide our clients with innovative, scalable, and secure software solutions that enhance their business performance and customer satisfaction. Through matrix organizational structure we achieve cross-functional collaboration which helps to increase efficiency, innovation, and responsiveness to changing markets. Along with that we introduced a software coaching/mentoring scheme which provides guidance, feedback, and support to software engineers or learners who want to improve their skills, knowledge, and performance.
You will collaborate with experienced and talented people, who will inspire you, mentor you, and help you grow. You will also have access to numerous resources, tools, and facilities that will enable you to do your best work.
As an equal opportunity employer, we celebrate diversity and are committed to creating an inclusive environment for all employees.
Our company is people - centric and offers personalized benefits to each employee:

We want you to be well compensated for what you bring in, so we offer an attractive salary package
Your health matters to us, so all colleagues have a private health insurance plan from day one
Developer’s fuel is coffee, and the supply source is in our kitchen!
We are excited for challenges, so you are invited to take part in exciting projects
We love the Relational vibes so we gather on smaller and bigger occasions to celebrate good times together!

Relational Financial Solutions adheres to the General Data Protection Regulation principles by applying its Privacy Policy as published in https://www.relationalfs.com/legal-information/pri.... By submitting an application to this position and by sharing your personal data with Relational Financial Solutions you acknowledge and accept its Policy and authorise Relational Financial Solutions to process your personal data for the purposes of the company's recruitment opportunities, in line to the Policy.",Senior,Full-time,"Athens, Greece",EL,2024-09-03,kariera.gr,167043,,"['http://data.europa.eu/esco/skill/08e2ff26-88ff-47b5-9d37-d19ace01b075', 'http://data.europa.eu/esco/skill/2b7a79e5-84d8-4880-be66-3d9bb05bea17', 'http://data.europa.eu/esco/skill/2fb8480e-de3c-462b-b169-e8bbb344da68', 'http://data.europa.eu/esco/skill/4c016b68-4116-468c-9dc6-42710c239e4a', 'http://data.europa.eu/esco/skill/63f224ea-d889-42ea-b3ef-730ef78c7176', 'http://data.europa.eu/esco/skill/7dfbe0f3-076f-4a19-9eaa-db4d6db704b6', 'http://data.europa.eu/esco/skill/8330c86e-63cf-4be6-849f-4f77628cc5c5', 'http://data.europa.eu/esco/skill/a4346013-a967-4a58-a533-6b32ad1364c5', 'http://data.europa.eu/esco/skill/a8d07b5a-c1a1-42c6-9d53-db9c7a2ca996', 'http://data.europa.eu/esco/skill/c062bab3-3ea0-4291-9220-a2d8fef4bead', 'http://data.europa.eu/esco/skill/dba46f87-0831-49cd-a1c7-340a653c0221', 'http://data.europa.eu/esco/skill/fecf8a0d-62c4-4e71-9b03-0f4fc2ad7bf5']",['http://data.europa.eu/esco/occupation/3fa9a480-ceb3-4c2a-8a91-0508e1bb6ba5']
1707,Business Analyst / Product Owner fluent in German,"We are looking for a Business Analyst / Product Owner fluent in German. You will work remotely from within the EU or from our Athens or Thessaloniki office. Readiness to travel to the client site in Germany, Switzerland and Austria for workshops.
Main responsibilities and tasks:
You will be involved in business analysis and collaborate closely with client stakeholders and the development team. More analytically you will be engaged in:

Analyzing, refining, and documenting user and system requirements;
Communicating with client and internal stakeholders;
Leading workshops and decision-making process;
Perform software testing, user training, handling 3rd-level support requests and maintaining documentation;
Participating in project management and reporting activities.

Requirements

University Degree preferably in Computer science, scientific area, or economics;
Motivated, analytical, communicative, result-oriented;
Experience in requirement engineering, software testing, support and/or software development;
Knowledge of UML, XML / XSD, SQL, usability, and accessibility is an asset;
Fluency in German (C1+).

Benefits
If you are seeking a career in an exciting, dynamic and multicultural international environment with exciting opportunities that will boost your career, please send us your detailed CV in English, quoting reference: (BAPOG/9/24)
We offer a competitive remuneration (either on contract basis or remuneration with full benefits package), based on qualifications and experience. All applications will be treated as confidential.
You may also consider all our other open vacancies by visiting the career section of our website (www.eurodyn.com) and follow us on Twitter (@EURODYN_Careers) and LinkedIn.
EUROPEAN DYNAMICS (www.eurodyn.com) is a leading European Software, Information and Communication Technologies company, operating internationally (Athens, Brussels, Luxembourg, Copenhagen, Berlin, Stockholm, London, Nicosia, Valetta, Vienna, Den Haag, Hong Kong, etc.) The company employs over 1000 engineers, IT experts and consultants (around 3% PhD, 36% MSc and 53% BSc). We design and develop software applications using integrated, state-of-the-art technology. Our current IT projects have a value exceeding 300 million EURO. EUROPEAN DYNAMICS is a renowned supplier of IT services to European Union Institutions, international organizations, European Agencies and national government Administrations in 40 countries and 4 continents.
As part of our dedication to the diversity of our workforce, we are committed to Equal Employment Opportunity without regard for race, colour, age, national origin, ethnicity, gender, disability, sexual orientation, gender identity or religion.
EUROPEAN DYNAMICS (ED) adheres to the General Data Protection Regulation principles by applying its Privacy Policy as published in www.eurodyn.com/privacy. By submitting an application to this position and by sharing your personal data with ED, you acknowledge and accept its Policy and authorise ED to process your personal data for the purposes of the company's recruitment opportunities, in line to the Policy.",Mid-level,Full-time,"Marousi, Greece",EL,2024-09-03,kariera.gr,167021,,"['http://data.europa.eu/esco/skill/15d76317-c71a-4fa2-aadc-2ecc34e627b7', 'http://data.europa.eu/esco/skill/1af2db15-2af9-44dd-9639-bf1fc69d4c34', 'http://data.europa.eu/esco/skill/2a0efd9a-4a60-4edc-8561-f2754d24eeb8', 'http://data.europa.eu/esco/skill/2fbf0966-18bc-429c-8b0d-e7ab86d5788b', 'http://data.europa.eu/esco/skill/385479b7-5da5-4367-9763-0d15b41bb65b', 'http://data.europa.eu/esco/skill/477173ca-5fc2-406b-9122-95d92811f284', 'http://data.europa.eu/esco/skill/598de5b0-5b58-4ea7-8058-a4bc4d18c742', 'http://data.europa.eu/esco/skill/633a3637-2c6b-40ae-ac38-289eb2a62aa6', 'http://data.europa.eu/esco/skill/913e7e83-b8f8-4574-b1ca-1b38f3fd974a', 'http://data.europa.eu/esco/skill/96eb286a-58b7-45ff-a916-5578d0b79b8c', 'http://data.europa.eu/esco/skill/a8797f21-1af0-4c5e-98ca-bf1442929363', 'http://data.europa.eu/esco/skill/c4b626c1-e71c-44ec-9f88-042766f37fcc', 'http://data.europa.eu/esco/skill/cd5efa8c-e44d-4cbc-91c6-796018dbed68', 'http://data.europa.eu/esco/skill/d3e9b00a-0891-4fa8-836d-8240ec3d2758', 'http://data.europa.eu/esco/skill/d62d2b4c-a6f8-439e-8a1b-4f29ab5f2c47', 'http://data.europa.eu/esco/skill/e24377fb-020b-4430-8bed-86dd539bbf3a']","['http://data.europa.eu/esco/occupation/106f79e4-6264-45f1-9e7a-297435cd684b', 'http://data.europa.eu/esco/occupation/57af9090-55b4-4911-b2d0-86db01c00b02', 'http://data.europa.eu/esco/occupation/99492920-e5a5-4dba-9e5a-93193147198c', 'http://data.europa.eu/esco/occupation/bea99fea-0383-4c63-b944-70d4799de2c5', 'http://data.europa.eu/esco/occupation/fe0fa514-b48d-4a53-9757-a283c0baacf0']"
1731,"Manager, Software Engineer","Why Patients Need You
Technology impacts everything we do. Pfizer's digital and 'data first' strategy focuses on implementing impactful and innovative technology solutions across all functions from research to manufacturing. Whether you are digitizing drug discovery and development, identifying solutions, or making our work easier and faster, you will be making a difference to countless lives.ROLE SUMMARYPfizer's purpose is to deliver breakthroughs that change patients' lives.In Pfizer Digital Core Solutions, we partner closely with our Pfizer business operations colleagues to efficiently deliver robust supporting technology solutions that enhance their work to achieve the Pfizer purpose. We value our team members' technical skills, but also their passion, teamwork, and growth. Our culture is focused on delivering value through courage, excellence, equity, and joy. Our collective skillset supports all aspects of technology planning, project execution and application development excellence.We are looking for Software Engineer (SE) candidates who are aligned with our culture and values, and with experience in software development projects that include both backend and frontend development using Java and Javascript-based technologies for multi-tiered, RDBMS-based web applications. Top candidates will also have experience working on regulated projects that have used an agile approach.The Software Engineer plays a key role in meeting our mission. In addition to standard software development and agile team responsibilities, SEs act as mentors as well as technical subject matter experts on in-house, outsourced, and co-sourced developed global applications. SEs may additionally lead technical teams and work independently or lead others on initiatives. SEs will collaborate closely with stakeholders of all levels across both the Digital Core Solutions organization as well as our partner business operations organizations, leading to opportunities to learn from and advise senior Pfizer leadership.The SE will work closely with their manager to ensure growth over time, including the selection of project work among hundreds of applications that will expand their skillset to meet personal and organizational goals, to provide fulfilling work, and to advance their careers.




ROLE RESPONSIBILITIES

Works independently and within teams to advance organizational and project objectives.
Works with project teams across R&D Solutions, providing technical leadership across business domains, including support for short and long-term strategies in alignment with Pfizer Digital colleagues: Client Partners, Architects, Solution Delivery Leads, among others.
Participates in Agile practices in alignment with team processes and objectives.
Designs application areas to meet project objectives and alignment with Digital standards and best practices.
Works in team environment with Pfizer colleagues as well as vendor partners.
Ensures the expectations and requirements of internal and external stakeholders are met.
Provides technical management of colleagues and contract resources for software development projects.
Provides technical expertise and oversight to ensure the quality and maintenance of existing production systems.
Suggests and assists in the development of Engineering Best Practices for the group.
Designs, prototypes, implements and unit tests software solutions in supported business areas.
Specifies user/system interfaces and translates logical designs into physical designs taking account of target environment, performance requirements and existing systems.
Produces detailed designs and documents all work using required standards, methods and tools, including prototyping tools, where appropriate.
Conducts reviews of supplied specifications as appropriate.
Creates, improves, and maintains DevOps and other build and code management configurations to support efficient, high quality, and secure software development and delivery.





QUALIFICATIONS ​

Undergraduate degree in Software Engineering, Information Management, Computer Science, Mathematics, or other scientific or engineering discipline.
5+ years of relevant experience within the Software Engineering discipline.
Experience working within teams of technologists, IT professionals or project managers using Agile, DevOps, and other approaches for iterative development.
Demonstrated capabilities and experience collaborating and working effectively in team settings, frequently in virtual teams with client partner and customer engagement responsibilities.
Experience in supporting the selection or implementation of technical direction on large projects and/or complex, program-level initiatives requiring technical and business-domain expertise.
Experience and demonstrated competencies either informally or formally managing and/or mentoring others with an emphasis on communicating software engineering and project development best practices.
Demonstrated focus on the high quality of outputs through various methods, such as through code quality initiatives, implementation of automated testing or a unit testing program, process improvement, or leading team engagement with quality initiatives.

Required Capabilities and Experience:

Strong capabilities in developing multi-tiered solutions using Java/J2EE, JBoss Application Server, SQL, REST and JMS, as well as web technologies and frameworks such as Angular, Typescript, HTML, CSS.
Experience using Agile and DevOps tools such as Jira, GitHub and Sonar.
Demonstrated capabilities in understanding data and integration architectures to manage, transform, and exploit data across the enterprise.
Capable of understanding security requirements and using the frameworks and tools the organization has put in place to meet those requirements.
Excellent oral and written communication skills including technical writing / documentation.

Required Aptitude:

Quick to establish trust and respect
Action oriented and energetic
Resourceful and creative
Persistent and determined
Mature and cool under pressure
Easily makes connections
Reads situations quickly
Commitment and follow through

Pfizer is an equal opportunity employer and complies with all applicable equal employment opportunity legislation in each jurisdiction in which it operates.
To apply please visit our website www.pfizercareers.com and search job Manager, Software Engineer id 4910159.",Senior,Full-time,"Thessaloniki, Greece",EL,2024-09-03,kariera.gr,166989,,"['http://data.europa.eu/esco/skill/0a9acb6b-1139-4be9-b431-3a80a959f2f4', 'http://data.europa.eu/esco/skill/0af062de-eb43-41e9-9b96-249e2cd22d26', 'http://data.europa.eu/esco/skill/113b4428-0a31-4199-8496-070af7854b91', 'http://data.europa.eu/esco/skill/1af2db15-2af9-44dd-9639-bf1fc69d4c34', 'http://data.europa.eu/esco/skill/1fcce318-3212-487a-ac07-4941bc85060d', 'http://data.europa.eu/esco/skill/21fecc8a-392e-49ce-ac26-fb0696ccfead', 'http://data.europa.eu/esco/skill/2624158e-4a53-4667-8921-96ee7aaea7b3', 'http://data.europa.eu/esco/skill/33d49d4f-31ec-473f-9b8a-b555aa5116bb', 'http://data.europa.eu/esco/skill/4339176e-3acd-4f7f-a5d9-445bee3d23f2', 'http://data.europa.eu/esco/skill/598de5b0-5b58-4ea7-8058-a4bc4d18c742', 'http://data.europa.eu/esco/skill/5b26f08b-88bc-45f0-b901-530d7786466b', 'http://data.europa.eu/esco/skill/5dd96c59-5955-474b-8cf5-e986a5b50f1a', 'http://data.europa.eu/esco/skill/6a322874-e32f-4cd8-9683-badce67a7f73', 'http://data.europa.eu/esco/skill/75b30aeb-34c0-40f4-b77d-271d75a98b14', 'http://data.europa.eu/esco/skill/867137fb-ff1b-4ca3-99f3-cb6969aa2c68', 'http://data.europa.eu/esco/skill/b16bcbcb-1d3f-42b3-a6a5-b91348a72b70', 'http://data.europa.eu/esco/skill/b87f6102-5bab-4e99-a5d8-11b6be1b99c2', 'http://data.europa.eu/esco/skill/bacbfc27-4b5d-47de-8bfd-af5fa27562a2', 'http://data.europa.eu/esco/skill/c69587b4-05d3-45bb-b79b-9b85e6603fc2', 'http://data.europa.eu/esco/skill/d83cba15-8511-4d07-b89a-9fde0d1d8241', 'http://data.europa.eu/esco/skill/dba46f87-0831-49cd-a1c7-340a653c0221', 'http://data.europa.eu/esco/skill/dd009c14-f702-4d16-a919-8d2098205cf4', 'http://data.europa.eu/esco/skill/ed1d8bd4-cd2a-4c64-b665-56d70651026c', 'http://data.europa.eu/esco/skill/f0de4973-0a70-4644-8fd4-3a97080476f4', 'http://data.europa.eu/esco/skill/f37d9f67-2e79-4958-8307-1ce9d6dcc8bd', 'http://data.europa.eu/esco/skill/f5308e60-d763-4ead-be95-88c96fb3e02b']","['http://data.europa.eu/esco/occupation/00030d09-2b3a-4efd-87cc-c4ea39d27c34', 'http://data.europa.eu/esco/occupation/070e94a8-a933-4557-9b95-fefe7f4f1763', 'http://data.europa.eu/esco/occupation/53cdd34e-22f2-41bd-b3c7-de22bf9bbcae', 'http://data.europa.eu/esco/occupation/72628f3a-fd49-499a-9741-870b0a1fcef2', 'http://data.europa.eu/esco/occupation/874a2080-a9b6-46a9-8662-c9b7d4208f73', 'http://data.europa.eu/esco/occupation/8b6388a4-4904-471b-9331-d3b1211f5525', 'http://data.europa.eu/esco/occupation/8c3f536e-ba66-4321-ba40-363dc39f129b', 'http://data.europa.eu/esco/occupation/8cb59bc4-1f39-477e-beea-effed12d186c', 'http://data.europa.eu/esco/occupation/cc867bee-ab5c-427f-9244-f7a204d9574b', 'http://data.europa.eu/esco/occupation/d515e82a-ca9f-4be4-9823-33694dff7304', 'http://data.europa.eu/esco/isco/C1330', 'http://data.europa.eu/esco/isco/C2519']"
1902,Pricing Analytics Manager,"In Kotsovolos we embrace everything you have to offer.  Join our team and let's #beMORE together! In numbers  3.000+ Kpeople | 90+ stores | 2 modern training centers | 53.000+ hours of training per year Our goal  Planning our future and through latest technologies and innovation, make our lives better  Your everyday work-life  • Develop and implement pricing strategies that maximize revenue and market share • Monitor and analyze market trends, competitor pricing, and internal tactics to take pricing decisions • Conduct price elasticity studies to determine optimal pricing points • Conduct competitive analysis to benchmark pricing against key competitors • Analyze sales data, financial metrics, and market conditions to evaluate the performance of pricing strategies • Prepare regular reports and presentations on pricing performance and recommend adjustments as needed • Utilize advanced analytics and AI tools to forecast pricing impacts and scenarios • Maintain & further improve pricing tools developed in-house • Work closely with sales, marketing, finance, and product teams to align pricing strategies with business objectives • Collaborate with the analytics team & IT to develop and maintain pricing databases and tools • Lead or participate in pricing-related projects and initiatives As an ideal fit, you should have  • Minimum 2+ years in similar role  • Experience in Statistical Modelling • Strong Knowledge of SQL with 2+years of practical experience • Strong knowledge of Power BI Reporting & Data visualization (PBI & Power Apps) with 2+years of practical experience • Knowledge of Python in Databricks with 1+years of practical experience • Certifications is a plus: Azure AI Fundamentals & Azure Data Scientist • Spark (pySpark/sparkR/Sparklyr) Knowledge • Experience with Agile and SCRUM processes and methodologies is a plus • Strategic thinking with the ability to translate data into actionable insights • Excellent communication and presentation skillsWhat we offer  • Continuous training in new technologies and tools  • Career development and growth opportunities  • Competitive bonus scheme, performance-based  • Group health/medical insurance package  • Discounts on our company's products  • Hybrid working model  • Internal wellbeing actions Join #teamKotsovolos and be part of a team that promotes new technologies, loves to evolve, embraces diversity and is next to society.",,Full-time,"Heraklion, Greece",EL,2024-08-31,kariera.gr,156584,,"['http://data.europa.eu/esco/skill/12b7d5a1-1ad4-45dc-b0fa-b31d1eb2c79a', 'http://data.europa.eu/esco/skill/171eee55-19b9-46d6-aded-33193ba8ccf1', 'http://data.europa.eu/esco/skill/1c460d2d-90c6-4fc9-ad49-febb6e15605a', 'http://data.europa.eu/esco/skill/292549e6-08ec-456c-b008-eba7a0a68428', 'http://data.europa.eu/esco/skill/2fb8480e-de3c-462b-b169-e8bbb344da68', 'http://data.europa.eu/esco/skill/6c870993-9341-438b-91c0-c7fe4f96d8f5', 'http://data.europa.eu/esco/skill/8ff015a0-98ea-4d80-a23e-1f68110a919e', 'http://data.europa.eu/esco/skill/9c6974e1-8d8b-43e9-b6b0-75da7634bfc9']",['http://data.europa.eu/esco/occupation/6fcf4638-e7c7-4978-9302-9a7b63a3d57c']
1928,Technical Support Engineer,"Emphasis DigiWorld (www.emphasisdw.com) offers industry solutions that capture, process and analyze real-time sensor data in the cloud.
For the technical support department of the company, we are looking for a dynamic executive who will work in the team and pleasant working environment that we have taken care to create.
Responsibilities of the Position

Technical support of customers and partners
Remote technical control and support of telematic equipment installations
Training of users and electrical installations
Process Management System (CRM) Update

 Necessary Qualifications

Degree in Automation Engineering or Electronic Engineering (TEI/HEI)
Fluency in oral and written communication in Greek and English
Organizational and team spirit and a positive attitude
Completed military obligations

Desired Qualifications

Professional experience in customer support
Experience solving technical problems or repairing electronic equipment
Knowledge of IT systems and SQL Database management

Allowances

Full time employment
Hours Monday - Friday 9-17:00
Competitive remuneration package
Excellent working environment
Education and development perspective

Are you interested? Send your resume to: hr@emphasisdw.com",Mid-level,Full-time,"Athens, Greece",EL,2024-08-31,kariera.gr,166774,,"['http://data.europa.eu/esco/skill/14832d87-2f2f-4895-b290-e4760ebae42a', 'http://data.europa.eu/esco/skill/52797dce-911c-4e6d-b0cb-491f6469014f', 'http://data.europa.eu/esco/skill/5edaf4c4-6747-4eb8-b898-72dd2351dca8', 'http://data.europa.eu/esco/skill/7369f779-4b71-4aab-8836-48b69c676eec', 'http://data.europa.eu/esco/skill/7629db63-5922-42fa-8c80-9575526f7326', 'http://data.europa.eu/esco/skill/e487f6f8-854d-4210-9658-4196f07cc209']","['http://data.europa.eu/esco/occupation/33960bab-4423-4808-af6c-ec2b485dba41', 'http://data.europa.eu/esco/occupation/8c57af09-719c-42b3-be40-6ed4946236cc', 'http://data.europa.eu/esco/occupation/b21aac17-8237-4264-bc2c-0e315346fd8f', 'http://data.europa.eu/esco/occupation/bb609566-3ab6-44dd-8f48-cf0b15b96827', 'http://data.europa.eu/esco/isco/C352']"
1938,Software Consultant,"The position refers to consultants that will participate in business application implementation process. The selected candidate will participate in large scale Maritime projects and will be involved in the full lifecycle of software application implementation – from requirements analysis to the actual implementation for the delivery of project milestones.
Required Qualifications:

University Degree in Computer Science, Software Engineering or a related discipline
Customer-service skills and the ability to handle the fluctuating demands of multiple customers
Quick learning ability is required as well as teamwork
Excellent communication skills in English both verbally and in written form
Availability to travel abroad
Military obligations should be fulfilled for male candidates.

Main Responsibilities:

Installation, Setup, Configuration & Consulting services to Maritime ERP projects
Translate business requirements into ERP functional and configuration requirements
Participate in analyzing customer needs and identifying opportunities for improvement
Provide product / customer support of our Maritime ERP
Perform testing and documentation of the Maritime ERP software
Provide user training to customers
Perform data mapping and migration when required
Creating new reports

Counted as advantages:

Work experience in software application implementation
Knowledge of Dynamics 365 Business Central
Experience in the use of the SQL language

Compensation and Benefits:
The Company offers an attractive salary and very good career prospects within a dynamic organization with leading position in the vertical market and ambitious expansion plans.",Entry / Junior,Full-time,"Marousi, Greece",EL,2024-08-31,kariera.gr,79402,,"['http://data.europa.eu/esco/skill/0ee94c0a-3716-494a-95a2-dcbab9e58be2', 'http://data.europa.eu/esco/skill/0ee9e985-0ee5-4a73-8a12-78b53b261bb2', 'http://data.europa.eu/esco/skill/29a50780-f81b-429c-b410-7f23a492e19d', 'http://data.europa.eu/esco/skill/598de5b0-5b58-4ea7-8058-a4bc4d18c742', 'http://data.europa.eu/esco/skill/68698869-c13c-4563-adc7-118b7644f45d', 'http://data.europa.eu/esco/skill/8d10ae08-3b0d-4bbb-86c5-25dd2c6858cd', 'http://data.europa.eu/esco/skill/f28617ad-afdd-4041-814c-216153a38998']","['http://data.europa.eu/esco/occupation/57af9090-55b4-4911-b2d0-86db01c00b02', 'http://data.europa.eu/esco/occupation/6a29d804-f775-446c-bec7-35fc4e28ac97', 'http://data.europa.eu/esco/isco/C2433', 'http://data.europa.eu/esco/isco/C42']"
2011,Software Developer,"We are seeking for developers with at least 3 years of professional experience in the field of Web Applications and rich client platforms. The candidates must have experience in the following:

.NET FRAMEWORK: Visual Studio, LINQ, VB.NET, C#
SQL Server (+ Store Procedures, Functions)
ASPX
MVC
JAVASCRIPT
HTML 5
CSS

Complementary knowledge
Not obligatory but giving a great advantage would be knowledge in the following fields:

DEVEXPRESS
CORDOVA
JQUERY
REACT NATIVE

Skills & Abilities
Analysis & Problem Solving

Ability to identify key processes in a required task and breakdown to the smallest units and transform those into coding logic.

Object oriented programming

It is crucial for the candidate to have the ability to identify objects and their relationships and practice development patterns following an object approach as opposed to a procedural line of thinking.

Communication & teamwork

Interaction between team members is vital for the success of our goals. Healthy constructive discussions and exchange of ideas is an ongoing daily process.

Personal growth

Eagerness to evolve, learning new material, expanding on knowledge via research and hands on projects.

We offer

Competitive compensation packages
Continuous learning & career growth
Friendly work environment

Contact Us
We would be delighted to have an opportunity to meet in person.
CVs can be sent to: info@onlinedata.gr
All applications will be treated as strictly confidential",Mid-level,Full-time,"Kallithea, Greece",EL,2024-08-31,kariera.gr,166666,,"['http://data.europa.eu/esco/skill/13bdd41a-2a18-441f-96db-41252c519413', 'http://data.europa.eu/esco/skill/4c016b68-4116-468c-9dc6-42710c239e4a', 'http://data.europa.eu/esco/skill/56a7f561-1d55-43c9-9cd7-36a0a9bc6c50', 'http://data.europa.eu/esco/skill/c7d24594-0c11-4b27-9039-fe0bb903da8e']","['http://data.europa.eu/esco/occupation/6cd08cbe-7611-4d70-8886-6c59c0385442', 'http://data.europa.eu/esco/occupation/c40a2919-48a9-40ea-b506-1f34f693496d']"
2014,Software Support,"Responsibilities:

Providing daily technical customer support in ERP & CRM applications of Online Data.
Installation, configuration and training of applications to end customers

Position requirements:
Compulsory:

Experience in a corresponding position supporting Accounting & ERP applications
Very good communication skills (verbal & written)
Very good knowledge of Microsoft Office (Word, Excel, Outlook)
Possibility of moving outside of Athens and abroad
Completed military obligations

Desired:

Higher / Higher Education Degree
Business knowledge in Logistics & International Transportation
Accounting knowledge
Experience in requirements analysis
Knowledge of Databases - preferably SQL.
Knowledge of ONLINE DATA applications will be considered an additional qualification
Knowledge of AADE's MyDATA will be considered an additional qualification
English Diploma
Driver's license

 
The company offers:

excellent working environment
competitive salary package commensurate with qualifications
excellent career development and training opportunities

Send CV to info@onlinedata.gr
All applications will be treated with complete confidentiality.",Mid-level,Full-time,"Kallithea, Greece",EL,2024-08-31,kariera.gr,164679,,"['http://data.europa.eu/esco/skill/43ae58b9-5e56-4524-b45a-b422777a0576', 'http://data.europa.eu/esco/skill/b04f377b-ee80-4b38-aca1-19d266a23b17', 'http://data.europa.eu/esco/skill/ecc18804-a466-40d9-98b4-fba5cd67dd4b', 'http://data.europa.eu/esco/skill/f683ae1d-cb7c-4aa1-b9fe-205e1bd23535']","['http://data.europa.eu/esco/occupation/01649ae9-22ee-4dba-83a8-3a2c51fbbe95', 'http://data.europa.eu/esco/occupation/56fa783a-cca4-42ef-8862-1fb6e43f215c', 'http://data.europa.eu/esco/isco/C3313']"
2042,Web Developers,"Duties
As a Senior software engineer, you will join an autonomous team of software engineers, and your primary duties will be the following:
● Design, build, and maintain efficient, reusable, and reliable code● Develop data processing solutions per specifications● Support bug fixes and existing feature enhancement● Utilize, communicate and follow coding standards
Tech stack: Most sites and services are written in C# / ASP.NET, and new services are written in .NET Core. New applications use vue.js in the front end, while older ones use jQuery. MS SQL Server is used for most storage needs, but Redis is used when applicable. In addition, the company uses TFS and Git for code versioning and CI.
Prerequisites
● Minimum 2 years experience● Good knowledge of C# .NET Core, EF Core, jQuery, Vue.js or similar frameworks, MS SQL● Good knowledge of CSS3, HTML (HTML5), Responsive web design● English speaking
Desired
● Experience with complex applications, APIs and BackOffice systems● Basic knowledge of Varnish, Redis, and other supplementary technologies used in the modern development process● Experience with Git/TFS-based development workflows and agile software processes● Continuous Integration/ Delivery (CI/CD) Methods● Azure Pipelines
Incentives
● Flexible working hours● Possibility of working remotely● Competitive remuneration package",Mid-level,Full-time,"Nea Makri, Greece",EL,2024-08-31,kariera.gr,166461,,"['http://data.europa.eu/esco/skill/15d76317-c71a-4fa2-aadc-2ecc34e627b7', 'http://data.europa.eu/esco/skill/634865e0-2ec2-4b7f-bb7f-c196637f0f7b', 'http://data.europa.eu/esco/skill/6ad40ca3-dc34-4442-b23f-0b1b28936f56', 'http://data.europa.eu/esco/skill/c062bab3-3ea0-4291-9220-a2d8fef4bead']","['http://data.europa.eu/esco/occupation/6cd08cbe-7611-4d70-8886-6c59c0385442', 'http://data.europa.eu/esco/occupation/c40a2919-48a9-40ea-b506-1f34f693496d', 'http://data.europa.eu/esco/occupation/e8fca903-6590-48a8-8902-094bb41ee90c', 'http://data.europa.eu/esco/occupation/f2b15a0e-e65a-438a-affb-29b9d50b77d1']"
2080,GCS Sr. Associate Analytics Solution Engineer,"ROLE DETAILSAll over the world, Pfizer colleagues are working together to positively impact health for everyone, everywhere. Each position at Pfizer touches and contributes to the success of our business and our world. That's why, as one of the global leaders in the biopharmaceutical industry, Pfizer is committed to seeking out inspired new talent who share our core values and mission of making the world a healthier place.R&D within AIDA (AI, Data and Analytics), a Pfizer Digital organization, is responsible for the development and management of all data and analytics tools and platforms across the enterprise - from global research and development, to manufacturing, to commercial, to patient care across over 100+ countries. One of the team's top priorities is the advancement of AI/ML enabled analytics and the creation of data solutions that can be leveraged across the enterprise.R&D in AIDA holds responsibility for the development and operations of the aggregate data solutions (data lakes and associated application portfolios) supporting Pfizer's scientific and clinical functions.The Sr. Associate Solution Engineer will develop scientific data solutions with a team of peer developers, digital client partners, architects, platform leads and contract support personnel under the direction of a senior software developer.




ROLE RESPONSIBILITIES

Develop, maintain, and improve new and existing data solutions with a strong sense of accountability and attention to quality.
Collaborate closely with other engineers and team leaders to become a valued member of an autonomous, cross-functional team.
Translate high-level business problems into solutions using data-driven modeling and analysis.
Perform stringent testing of code written, including designing and writing automated tests to allow for continuous delivery.
Define and maintain related artifacts that support data integration.
Clearly and regularly communicate with line management and colleagues.
Mentor your more junior developer colleagues and perform tasks such as peer code reviews, provide feedback and corrections as necessary.
Help the team embrace agile core values, adopt, and apply those principles, and implementation practices.

QUALIFICATIONSProfessional Experience and Educational Requirements

BS/MS in Computer Science, Engineering, or related field.
3+ years' experience in data solutions and analytics development.
Fundamental knowledge in programming using Python and Pyspark.
Demonstrated knowledge of Structured query language (SQL).
Back-end experience with databases such as Oracle, RedShift, and Snowflake.
Knowledge of Big Data technologies.
Ability to work independently, in a team environment and multi-task effectively.
Flexible and willing to accept a change in priorities as necessary.
Strong attention to detail with high standards of quality and customer value.
Self-motivated and proactive with the ability to take ownership of issues.
Excellent oral and written communication skills.

PREFERRED QUALIFICATIONS

Experience with developing identity management solutions desirable.
Experience in developing solutions aimed at medical professionals desirable.
Experience in the Pharma industry desirable.
Experience in modern software development practices including distributed versioning systems, continuous integration/deployment, automated testing (DevOps).
Working knowledge of Jira, GitHub, and Docker.
Experience with AWS and demonstrated understanding of cloud application architectures (We heavily leverage AWS and experience of its services and how to use them is a definite bonus).

Pfizer is an equal opportunity employer and complies with all applicable equal employment opportunity legislation in each jurisdiction in which it operates.
To apply please visit our website www.pfizercareers.com and search job GCS Sr. Associate Analytics Solution Engineer with id 4918714.",Senior,Full-time,"Thessaloniki, Greece",EL,2024-08-30,kariera.gr,166592,,"['http://data.europa.eu/esco/skill/082967d4-b94c-4305-aa13-35a6aa8c5c7c', 'http://data.europa.eu/esco/skill/08e2ff26-88ff-47b5-9d37-d19ace01b075', 'http://data.europa.eu/esco/skill/0b144726-21c2-46ed-8d13-c03d27f61604', 'http://data.europa.eu/esco/skill/0d6714c6-720e-4985-9791-5ab85d28da79', 'http://data.europa.eu/esco/skill/11430d93-c835-48ed-8e70-285fa69c9ae6', 'http://data.europa.eu/esco/skill/1605025e-a179-421f-8f35-5b07d182a6b2', 'http://data.europa.eu/esco/skill/1b957e3d-0017-42b0-9bfe-49a1cdd31de7', 'http://data.europa.eu/esco/skill/97bd1c21-66b2-4b7e-ad0f-e3cda590e378', 'http://data.europa.eu/esco/skill/9cf681c7-89ec-470c-b651-7fe03786f586', 'http://data.europa.eu/esco/skill/ab1e97ed-2319-4293-a8b7-072d2648822f', 'http://data.europa.eu/esco/skill/bc0b0b5d-f6be-405a-b224-b6902a4dbe97', 'http://data.europa.eu/esco/skill/ccd0a1d9-afda-43d9-b901-96344886e14d', 'http://data.europa.eu/esco/skill/f0de4973-0a70-4644-8fd4-3a97080476f4', 'http://data.europa.eu/esco/skill/f8e3425c-fe44-4ffb-bafe-0e20d91dadf4']","['http://data.europa.eu/esco/occupation/2fb96c6c-8d0b-4ef0-b1ee-3e493305e4eb', 'http://data.europa.eu/esco/occupation/53cdcc84-e5ee-488c-aa09-88084e06d6d7', 'http://data.europa.eu/esco/occupation/8c3f536e-ba66-4321-ba40-363dc39f129b', 'http://data.europa.eu/esco/occupation/bd9d395a-d587-45c6-8d72-ceef226df9e1', 'http://data.europa.eu/esco/occupation/cc325a8f-702e-4bf0-893f-5b5d456475ad', 'http://data.europa.eu/esco/occupation/cc867bee-ab5c-427f-9244-f7a204d9574b', 'http://data.europa.eu/esco/occupation/f2b15a0e-e65a-438a-affb-29b9d50b77d1', 'http://data.europa.eu/esco/isco/C214']"
2123,Senior Business Intelligence Engineer (Hybrid),"Who we are We are a leader in mobile technology, providing innovative solutions to 1.2 billion consumers. In an ever-increasing digital world, we help businesses grow their digital reach & toolkits to optimize user experience, increase engagement, attract new customers, and boost their revenues.Think of performance marketing but on steroids as our top-notch marketers and engineers build digital journeys through an omnichannel marketing approach like no other. Currently, we work with the biggest names in Telco, Insurance, Education, FMCGs, and Retail in over 45 countries in Latin America, Africa, the Middle East, and South-East Asia.The roleOur BI team is growing and we are looking for an experienced Senior Business Intelligence Engineer to join us in Athens, Greece. She/he will be responsible for delivering solutions that are crucial for the day-to-day and strategic decision-making of other internal teams.As a Senior BI Engineer at Upstream, you’ll have the chance to work on a broad range of BI areas and technologies, from analyzing business requirements to data management and ETL, to report building and data visualization. You’ll also have the opportunity to work on different products and interact with internal stakeholders from several regions across the world. You’ll also have the flexibility to make design decisions and propose solutions; innovation and fresh ideas are more than welcome.Main Responsibilities  Design, build and maintain efficient data pipelines and ETLs on big volumes of data. Design, build and maintain online reports and dashboards. Deliver on-demand data and reports Work closely with the business users to capture requirements. Monitor the health and performance of the BI infrastructure and take the required corrective actions. Continuously try to improve our tools and processes, following high quality and efficiency standards. Requirements Degree in Computer Science, Engineering, Natural Sciences or other quantitative field. 4+ years of experience in a similar role. SQL expertise is a must. A suitable candidate should be comfortable with using complex joins, aggregations and window/analytics functions and follow best practices in terms of query optimization. Experience in Python or similar scripting language, along with basic concepts of version control (Git). Experience in at least one BI reporting tool (e.g. Tableau, Power BI, Cognos, etc.) and spreadsheets (Excel, Google Sheets). Any experience with ETL tools (e.g. SSIS, Informatica, Pentaho DI, etc.) is a plus. Any experience in handling semi-structured data and data APIs is a plus. Ability to handle and prioritize tasks with minimum supervision, ensuring smooth delivery. BenefitsWe offer a competitive base salary and benefits, directly dependent on the candidate’s qualifications and skills. The real excitement comes from working closely with a dynamic, smart, agile, and highly motivated team in a competitive and fast-paced environment. Follow us on LinkedIn and stay updated on our latest news. Upstream is an equal-opportunity employer. The Company does not discriminate on the basis of race, color, creed, pregnancy, religion, gender, national origin, age, disability, marital, or any other legally protected status. The Company also makes reasonable accommodations for disabled employees. Finally, the Company prohibits the harassment of any individual based on their protected status. This policy applies to all areas of personnel actions including recruitment, hiring, training, promotion, compensation, benefits, transfer,and social and recreational programs",Senior,Full-time,"Gerakas, Greece",EL,2024-08-30,kariera.gr,166543,,"['http://data.europa.eu/esco/skill/0ee94c0a-3716-494a-95a2-dcbab9e58be2', 'http://data.europa.eu/esco/skill/1973c966-f236-40c9-b2d4-5d71a89019be', 'http://data.europa.eu/esco/skill/2fb8480e-de3c-462b-b169-e8bbb344da68', 'http://data.europa.eu/esco/skill/5ef0c719-5bcb-49f8-b8eb-824388225333', 'http://data.europa.eu/esco/skill/6d97bf55-6fb6-4795-8282-3ef915ae0bb8', 'http://data.europa.eu/esco/skill/6f7512ab-d46d-402a-8c30-a8878d7c1f88', 'http://data.europa.eu/esco/skill/9d2e926f-53d9-41f5-98f3-19dfaa687f3f', 'http://data.europa.eu/esco/skill/c3e36d05-8ae8-447f-bb2b-6f9409f85389', 'http://data.europa.eu/esco/skill/dba46f87-0831-49cd-a1c7-340a653c0221', 'http://data.europa.eu/esco/skill/e24377fb-020b-4430-8bed-86dd539bbf3a', 'http://data.europa.eu/esco/skill/e517f098-dce4-4ecd-9371-499936c0f947', 'http://data.europa.eu/esco/skill/f3c5fae0-c0e3-4410-bc09-62bd82d4cecc']","['http://data.europa.eu/esco/occupation/1738173e-ef9c-4222-88c8-b6aa9bad3cf7', 'http://data.europa.eu/esco/occupation/207d7b18-6540-432e-8aa6-785ed434572f', 'http://data.europa.eu/esco/isco/C214']"
2126,ERP Coordinator/ Inhouse Support,"Spyridis Group of Companies with commercial, technical, industrial activity and a leadership position in its sector, is looking for an ERP Coordinator with the following responsibilities:

Manage day-to-day operations support and maintenance of Entersoft Business Suite functions
Providing 1st level support to internal users regarding Entersoft's ERP
Participate in software upgrades, improvements to meet corporate requirements
Ensuring the security of ERP system data
Direct communication with Entersoft consultants regarding complex issues

Required qualifications:

Degree in Information Technology/Computer Engineering or related field
Necessary knowledge in ERP - Entersoft, SQL databases, Web applications
Knowledge of English language
Organizational and time management skills
Understanding computer systems and networks

Amenities:

Competitive remuneration package
Pleasant and dynamic work environment
Prospects for personal and professional development",Mid-level,Full-time,"Athens, Greece",EL,2024-08-30,kariera.gr,166536,,"['http://data.europa.eu/esco/skill/1c9bb265-6ff7-428e-9a72-9c8df75178b8', 'http://data.europa.eu/esco/skill/43ae58b9-5e56-4524-b45a-b422777a0576', 'http://data.europa.eu/esco/skill/5c66ce3a-658d-43b1-9d8d-0f39be6c0f2e', 'http://data.europa.eu/esco/skill/6d3edede-8951-4621-a835-e04323300fa0', 'http://data.europa.eu/esco/skill/9013b46e-5a9b-4929-8918-fcadfdfd37ce', 'http://data.europa.eu/esco/skill/a8d24a95-47b3-4f88-92e7-06600bcd3612', 'http://data.europa.eu/esco/skill/d8567009-7c6f-43fb-82fb-7154ed8ebca9']","['http://data.europa.eu/esco/occupation/3d190639-90f8-4402-b1b3-a104a17e0d67', 'http://data.europa.eu/esco/isco/C2']"
2148,Senior Database Engineer,"Company DescriptionAbout Netcompany-IntrasoftWe are Netcompany-Intrasoft, a leading European IT Solutions and Services Group with strong international presence and expertise, offering innovative and added-value solutions of the highest quality to a wide range of international and national public and private organizations. More than 500 organizations in over 70 countries worldwide have chosen the company's services and solutions to fulfill their business needs.For more information regarding our company, current projects, and openings around Europe, please consult our website: www.netcompany-intrasoft.com.Job DescriptionA day in the life of a Database Engineer for the Public Sector:Design and develop database, ensuring optimal performance, security, and scalability.Maintain and enhance existing databases to improve performance, upgrade interfaces, and integrate new features.Collaborate with application developers to integrate databases with existing applications and support application development.Write well-designed, testable, efficient database scripts, stored procedures, and functions.Provide support by troubleshooting and resolving database issues.Document database schemas and development processes.Stay informed of new technologies and best practices in database development.QualificationsBachelor's degree in Computer Science, Information Technology, or a related field.Proven work experience as a Database Developer or similar role with at least 2 years experience.Strong understanding of SQL and experience with database technologies such as MySQL, PostgreSQL, Oracle.Experience with database design, documentation, and coding.Familiarity with software development methodologies and the software development lifecycle.Additional InformationWe ensure equal opportunities, treatment, and consideration to all candidates. Discrimination based on sex, racial or ethnic origin, religion or belief, disability, age, sexual orientation or marital status, physical or mental disability, or any other factor protected by applicable laws and regulations is prohibited. At Netcompany-Intrasoft we respect human rights as part of our culture, and we focus on creating a positive workplace in which all employees are valued and where diversity and inclusivity are welcomed.The safety and well-being of our employees remain our top priority. Please note that Netcompany-Intrasoft's recruitment process is being conducted virtually due to preventive measures against the Covid-19 pandemic.Our cultureOur people are the most important element of our success. Our work life is well defined by our set of fundamental Values: https://bit.ly/3SSbBzU  #BePartOfSomethingGreat!*Please submit your CV in EnglishAll applications will be treated as strictly confidential.",,Full-time,"Athens, Greece",EL,2024-08-30,kariera.gr,149471,,"['http://data.europa.eu/esco/skill/07e51c60-763a-4335-b4ec-70a15f66d328', 'http://data.europa.eu/esco/skill/09f2f811-a3fb-4de3-a70f-6420a6935575', 'http://data.europa.eu/esco/skill/23ac233d-84ad-4517-b0f5-8ca19ba2614e', 'http://data.europa.eu/esco/skill/385479b7-5da5-4367-9763-0d15b41bb65b', 'http://data.europa.eu/esco/skill/64db87c7-2360-4e20-88d3-d222402e477c', 'http://data.europa.eu/esco/skill/84f58e3d-8669-4d83-8c1d-5dd1e73a654f', 'http://data.europa.eu/esco/skill/a8d07b5a-c1a1-42c6-9d53-db9c7a2ca996', 'http://data.europa.eu/esco/skill/bb40da1a-232f-4ba1-a9f5-5283a4fb7a7a', 'http://data.europa.eu/esco/skill/de9f85ba-e77f-48fd-8c66-f5ebaf32d655', 'http://data.europa.eu/esco/skill/f9738fc9-4d67-43e8-bfda-954123e34d42']","['http://data.europa.eu/esco/occupation/01ffb917-98dc-48c1-91ad-93c4104e791d', 'http://data.europa.eu/esco/occupation/b11e1742-5e28-4270-b081-b0193d85ee7d', 'http://data.europa.eu/esco/occupation/e9507d34-c70f-474f-a4a3-d2cbfe50f6e9', 'http://data.europa.eu/esco/isco/C2521']"
2280,"Senior Manager, Industrialized Assets Product Lead","ROLE SUMMARYDo you want to make an impact on patient health around the world? Do you thrive in a fast-paced environment that brings together scientific, clinical and commercial domains through engineering, data science, and analytics? Then join Pfizer Digital's Artificial Intelligence, Data, and Analytics organization (AIDA) where you can leverage cutting-edge technology to inform critical business decisions and improve customer experiences for our patients and physicians. Our collection of engineering, data science, and analytics professionals are at the forefront of Pfizer's transformation into a digitally driven organization leveraging data science and advanced analytics to change patients' lives. The Industrialization team within Enterprise Data Science and Advanced Analytics leads the scaling of data and insights capabilities - critical drivers and enablers of Pfizer's digital transformation.As a Senior Manager, Industrialized Assets Product Lead, you will be a leader within the Data Science Industrialization team charged with setting a vision for and championing AI/analytic industrialized asset products that serve a broad base of users ranging from analysts, data scientists, and engineers to marketers, medical experts, and researchers. You will create, own the roadmaps for, and lead the development of an array of products that generalize point solutions into analytic and AI systems to simplify and fuel insight generation.




ROLE RESPONSIBILITIES

Partner with other leaders within the AI and Data Science Industrialization team to define team roadmap and drive impact by providing strategic and technical input including platform evolution, vendor scan, and new capability development Communicate value delivered through industrialized AI/ML assets to end user functions (e.g., Chief Marketing Office, PBG Commercial and Medical Affairs) and partner to ideate, design, and implement industrialized assets that can be scaled across markets, brands, and TAs
Partner with AIDA Data team to integrate industrialized assets into enterprise-level analytics data products where appropriate
Partner with AIDA Platforms team on continuous development and end to end capability integration between OOB platforms and internal engineered components (API registry, ML library / workflow management, enterprise connectors, GenAI reusable components); Performance and resource optimization of managed pipelines and models
Lead the advancement of at scale ""industrialized"" AI and data science capabilities and industrialized asset products
Own vision and maintain a holistic and consistent roadmap for industrialized asset products
Participate in the development of the product and service roadmaps for Generative AI products. Serve as product owner on Generative AI projects that deliver on the product roadmaps and mature the product and service offering across the enterprise.
Provide the voice of the user as the product owner on agile product development teams to maximize value and impact of industrialized asset products
Drive adoption of products through enterprise wide user community engagement (e.g., roadshows, training sessions, knowledge sharing etc.)
Develop and maintain business-facing assets documentation/communication for industrialized asset products (e.g., value proposition, catalog, and adoption metrics)
Define, monitor, and achieve product success and value metrics
Coordinate with other product and digital teams to ensure industrialized asset products fully enable and are integrated into the end to end data science, analytics and AI service delivery ecosystem





BASIC QUALIFICATIONS

Bachelor's degree in analytics related area (Data Science, Computer Engineering, Computer Science, Information Systems, Engineering, or a related discipline)
7+ years of work experience in data science, analytics, engineering, or product management for a diverse range of projects
2-3 years of hands-on product management experience
2+ years of hands-on software development experience, preferably in a cloud environment such as AWS
Track record of managing cross-functional stakeholder groups and effecting change
Clearly articulates expectations, capabilities, and action plans; actively listens with others' frame of reference in mind; appropriately shares information with team; favorably influences people without direct authority
Clearly articulates scope and deliverables of projects; breaks complex initiatives into detailed component parts and sequences actions appropriately; develops action plans and monitors progress independently; designs success criteria and uses them to track outcomes; drives implementation of recommendations when appropriate, engages with stakeholders throughout to ensure buy-in
Manages projects with and through others; shares responsibility and credit; develops self and others through teamwork; comfortable providing guidance and sharing expertise with others to help them develop their skills and perform at their best; helps others take appropriate risks; communicates frequently with team members earning respect and trust ofthe team
Strong business analysis, product design, and product management skills
Deep expertise with data science enabling technology, such as Dataiku Data Science Studio, AWS SageMaker, or other data science platforms
Strong hands-on skills in analytics engineering and data science (e.g., Python, R, SQL, industrialized ETL software)
Experience working with various types of data (structured / unstructured)
Deep understanding of MLOps principles and tech stack (e.g. MLFlow)
Highly self-motivated to deliver both independently and with strong team collaboration
Ability to creatively take on new challenges and work outside comfort zone
Strong English communication skills (written & verbal)

Pfizer is an equal opportunity employer and complies with all applicable equal employment opportunity legislation in each jurisdiction in which it operates.
To apply please visit our website www.pfizercareers.com and search job Senior Manager, Industrialized Assets Product Lead id 4918553.",Senior,Full-time,"Thessaloniki, Greece",EL,2024-08-30,kariera.gr,166355,,"['http://data.europa.eu/esco/skill/1605025e-a179-421f-8f35-5b07d182a6b2', 'http://data.europa.eu/esco/skill/2e6379be-59ad-414a-8d81-68102b6b77b1', 'http://data.europa.eu/esco/skill/598de5b0-5b58-4ea7-8058-a4bc4d18c742', 'http://data.europa.eu/esco/skill/5b26f08b-88bc-45f0-b901-530d7786466b', 'http://data.europa.eu/esco/skill/699e7c26-6502-4e78-a823-3656ff5a5b8b', 'http://data.europa.eu/esco/skill/76437256-e318-4b8b-af67-32bdae072b17', 'http://data.europa.eu/esco/skill/7935deb6-0bed-4e38-985e-1f83b8e16940', 'http://data.europa.eu/esco/skill/7bb5d9af-0a7e-48a7-a860-0e1ded0f6e75', 'http://data.europa.eu/esco/skill/87de6e49-ca1c-42a4-8751-5ff0b991966b', 'http://data.europa.eu/esco/skill/89f6560b-2194-45c9-9ece-d33049a73eef', 'http://data.europa.eu/esco/skill/ad05c2bf-3905-4e4c-bd56-6fcfdebc994c', 'http://data.europa.eu/esco/skill/c881ddd2-9c0e-4743-bd24-36be650493dd', 'http://data.europa.eu/esco/skill/ccd0a1d9-afda-43d9-b901-96344886e14d', 'http://data.europa.eu/esco/skill/edebd83d-35f6-4ed5-a940-6c203d178c01', 'http://data.europa.eu/esco/skill/f68cd42c-1d67-4ca7-9b37-8f024763823d', 'http://data.europa.eu/esco/skill/fd4386c5-96f0-4c6e-970c-c08729ae0cc6']","['http://data.europa.eu/esco/occupation/0ddbf393-38f1-4c22-b14c-fe775008f321', 'http://data.europa.eu/esco/occupation/258e46f9-0075-4a2e-adae-1ff0477e0f30', 'http://data.europa.eu/esco/occupation/53cdd34e-22f2-41bd-b3c7-de22bf9bbcae', 'http://data.europa.eu/esco/occupation/562dd713-5745-4457-929e-5b909da084ca', 'http://data.europa.eu/esco/occupation/57a73b7c-cf10-4852-b067-c25833fa149e', 'http://data.europa.eu/esco/occupation/92bb3d8c-8a9f-4cd7-80ec-247bbf173004', 'http://data.europa.eu/esco/occupation/9f508305-80ce-4111-8722-f2c9b4a44890', 'http://data.europa.eu/esco/occupation/ac8b3cd1-a127-4e6a-8208-5cfcf7111955', 'http://data.europa.eu/esco/occupation/bea99fea-0383-4c63-b944-70d4799de2c5', 'http://data.europa.eu/esco/occupation/d0341f2c-f797-4306-b847-411dee1058a9', 'http://data.europa.eu/esco/occupation/d515e82a-ca9f-4be4-9823-33694dff7304', 'http://data.europa.eu/esco/isco/C214', 'http://data.europa.eu/esco/isco/C221']"
2282,SOFTWARE DEVELOPER (Senior-Level),"G-Logic SA specializes in advanced and integrated IT solutions for every business. It has state-of-the-art tools for the development of innovative software programs that can be operated from any device (PC, Tablet, Smartphone, Web), covering all the needs of the modern business world. It is the first company that in the year 2000 built traceability systems (TRACE), which it continuously upgrades, as a result of which it occupies a leading position in the field of Industrial Production and Food, with over 2,100 installed applications in businesses.
For the staffing of the Planning Team, it is asking to hire:
SOFTWARE DEVELOPER (Senior-Level) 
The candidate should have: 

Experience in software development with C#, Visual Studio
Knowledge of DevExpress and/or SyncFusion
Knowledge of ASP programming. NET Core Framework (Web API)
Experience in ASP applications. .NETCore MVC
Experience in Entity Framework and/or O/R Mapping and Code Patterns
Required Knowledge in SQL Server

It will be considered as an additional advantage:

Familiarity with Azure services and infrastructure
Experience in developing ERPs, CMS, CRMs and/or financial systems
Experience in microservices and reactive programming

Necessary skills and qualifications:

Degree in Computer Science or Programmers
Knowledge of English with fluency in written and spoken language
Driver's license and completed military service (for men)

Working at G-LOGIC :

Competitive salary package based on qualifications and seniority
Gain high-level knowledge by participating in important cutting-edge projects
Continuous education and training
Ability to grow in a competitive environment
Pleasant and at the same time demanding working conditions, which promote the development of the employees and the Company",Senior,Full-time,"Kallithea, Greece",EL,2024-08-30,kariera.gr,166345,,"['http://data.europa.eu/esco/skill/2b7a79e5-84d8-4880-be66-3d9bb05bea17', 'http://data.europa.eu/esco/skill/4c016b68-4116-468c-9dc6-42710c239e4a', 'http://data.europa.eu/esco/skill/4f5ccaad-0e4f-4e9f-8246-47765564387d', 'http://data.europa.eu/esco/skill/56a7f561-1d55-43c9-9cd7-36a0a9bc6c50', 'http://data.europa.eu/esco/skill/6d3edede-8951-4621-a835-e04323300fa0', 'http://data.europa.eu/esco/skill/8369ede5-4200-4a44-be2e-bc60ef959259', 'http://data.europa.eu/esco/skill/905b6acd-377b-46b9-9d80-e47e9ca789ca', 'http://data.europa.eu/esco/skill/94193295-26de-42e5-a8e9-2ef7597e59f5']","['http://data.europa.eu/esco/occupation/bb6198c4-1d3e-40b9-9cc4-ad2dd9d7c74b', 'http://data.europa.eu/esco/isco/C2514']"
2329,"Manager, Back-End Application Development","ROLE SUMMARYAt Pfizer we make medicines and vaccines that change patients' lives with a global reach of over 780 million patients.Pfizer Digital is the organization charged with winning the digital race in the pharmaceutical industry. We apply our expertise in technology, innovation and our business to support Pfizer in this mission.The Biopharma, Patient & CDI (C4) team builds and maintains the platforms and capabilities that enable Pfizer Business Units to connect digitally with our external customers and effectively engage and collaborate across teams internally.  This includes all digital (web, mobile, omni-channel, & devices) products, platforms, services, and experiences in service of patients, HCPs, payors, pharmacists, or clinical sites. We build advanced cloud-based technology solutions at a global scale that positively impact Pfizer business performance.Patient and Marketplace Corp. Affairs: Within C4, the Patient and Marketplace Corp. Affairs team is accountable for delivering patient-facing digital companions and external marketplace solutions to increase customer value and simplify specialty pharma services to ensure patients can acquire Pfizer breakthroughs.​The U.S. Channels and Global Web Experience team directly owns and operates Pfizer.com, the operation of our primary U.S. corporate social channels, and the look and feel of our regional corporate sites around the world, consulting and supporting objectives from various stakeholders across the entire company, as well as directly setting objectives and delivering on them.The Back-End Application Development Manager leads the designing, developing, and implementing of moderately complex cutting-edge solutions for Pfizer's digital marketing initiatives (specifically, maintaining and expanding upon the code that powers our global corporate websites). The Back-End Application Developer plays a crucial role in Pfizer's pursuit of breakthroughs by pushing the boundaries of digital experiences and creating captivating solutions that drive patient engagement, knowledge sharing, and commercial success.




ROLE RESPONSIBILITIESSubject Matter Expertise - General

Design and develop digital solutions utilizing the latest development tools, frameworks, and platforms to build cutting-edge solutions that deliver exceptional user experiences.
Implement source code management best practices to maintain high standards of code quality, integrity and consistency.
Applies knowledge of internal/external business challenges to provide input into recommendations for improvements to products, processes or services
Define and Implement best practices in usability, accessibility, and user interface design to ensure seamless and intuitive customer interactions within digital solutions.
Conduct and document thorough testing and debugging of digital solutions to identify and resolve any technical issues or performance bottlenecks.
Integrate digital solutions with other digital marketing technologies and platforms, such as content management systems, analytics, and personalization engines.
Ensure compliance with relevant regulations, security protocols, and industry best practices related to application development and deployment.
Act as primary back-end application developer for Pfizer.com (and functionality shared with our regional sites), performing all tasks necessary from bug fixing and tier 1 support up to advanced, emergency problem-solving and new, complex enhancement requests, in coordination with the Technical lead, Platform team and other relevant parties.
Provide direction to and integration contributions from other back-end developers, both from within the team and from agency/vendor partners.

Strategic Leadership & Delivery

Participate in the ideation and prototyping of digital solutions, collaborating with cross-functional teams to explore new and optimized ways of solution development. Take appropriate risks to advance new concepts and methodologies that are moderately complex.
Make decisions that may require developing new options to resolve moderately complex problems.





BASIC QUALIFICATIONS

Bsc degree with at least 5 years of experience OR Masters with at least 3 year of experience, in Computer Science, Software Engineering, or a related technical field.
Experience as an individual contributor/practitioner.
Application development, with comprehensive knowledge and proven experience in Drupal/PHP/MySQL stack development technologies, platforms, and frameworks.
Experience with microservices architecture, RESTful API integrations and containerization technologies like Docker.
Knowledge of AWS services like Fargate, S3, Aurora, EFS, CloudFront and demonstrated understanding of cloud application architectures.
Familiarity with agile methodologies (Scrum, Kanban), continuous integration, continuous deployment (CI/CD) processes and JIRA/Confluence.
Experience in Python/Scripting.
Solid understanding and awareness of security topics like DDOS Attacks, SQL Injections, Content Security Policies, Cross Site Scripting, Cross Origin Requests.
Solid understanding and awareness of Drupal's security concepts like Users, Roles, Permissions, Anonymous user access levels.
Excellent problem-solving and troubleshooting skills, with the ability to debug and optimize complex applications.
Ability to work collaboratively in a cross-functional team environment and communicate technical concepts effectively to both technical and non-technical audiences.
Passion for exploring emerging technologies and driving innovation.
Strong attention to detail and commitment to delivering high-quality, engaging, and user-friendly experiences.
Familiarity with agile development methodologies and project management practices.

PREFERRED QUALIFICATIONS

Advanced degree or relevant certifications.
Experience with Microsoft Technology Stack, including .NET framework & SharePoint, and demonstrated understanding of cloud application architectures.
Experience in performance monitoring tools like Kibana/New Relic/Wormly/Lighthouse/Xhprof/Blazemeter is a plus.
Familiarity with front end modern application frameworks and tools such as node.js, Angular.js, Ionic, Apple Swift, kotlin, Vue.js. and / or back end frameworks and tools such as Java, Laravel, Drupal, Python, PHP.

Pfizer is an equal opportunity employer and complies with all applicable equal employment opportunity legislation in each jurisdiction in which it operates.
To apply please visit our website www.pfizercareers.com and search job Manager, Back-End Application Development id 4918500.",Senior,Full-time,"Thessaloniki, Greece",EL,2024-08-29,kariera.gr,166277,,"['http://data.europa.eu/esco/skill/11430d93-c835-48ed-8e70-285fa69c9ae6', 'http://data.europa.eu/esco/skill/14832d87-2f2f-4895-b290-e4760ebae42a', 'http://data.europa.eu/esco/skill/1605025e-a179-421f-8f35-5b07d182a6b2', 'http://data.europa.eu/esco/skill/19a8293b-8e95-4de3-983f-77484079c389', 'http://data.europa.eu/esco/skill/1a4cc54f-1e53-442b-a6d2-1682dc8ef8f9', 'http://data.europa.eu/esco/skill/1de3942b-99d8-41e8-9ef0-fbc9e9f6307b', 'http://data.europa.eu/esco/skill/1ffac4ac-fda7-407d-8ed1-ca8f4a8dc146', 'http://data.europa.eu/esco/skill/2fb8480e-de3c-462b-b169-e8bbb344da68', 'http://data.europa.eu/esco/skill/4350c38d-0fe9-4ca7-bab9-40ed7f72b04f', 'http://data.europa.eu/esco/skill/4cb51222-3e2e-417c-9a5c-e9ccf262721d', 'http://data.europa.eu/esco/skill/51e79cb4-fab3-404c-88f3-cd4a1bd5879e', 'http://data.europa.eu/esco/skill/56a10e3e-c9e7-4d39-b6f1-6013398fcb3a', 'http://data.europa.eu/esco/skill/5b26f08b-88bc-45f0-b901-530d7786466b', 'http://data.europa.eu/esco/skill/7e5147d1-60b1-4a68-804b-1f5cb0396b91', 'http://data.europa.eu/esco/skill/8ff015a0-98ea-4d80-a23e-1f68110a919e', 'http://data.europa.eu/esco/skill/9531fe02-1e1f-4a36-95f7-a76a77cd4b8d', 'http://data.europa.eu/esco/skill/96eb286a-58b7-45ff-a916-5578d0b79b8c', 'http://data.europa.eu/esco/skill/be64bb4c-84ac-4c83-8cc7-fc8593e15136', 'http://data.europa.eu/esco/skill/be80acfc-b6f2-4411-9b8d-b19d9cd2556a', 'http://data.europa.eu/esco/skill/c624c6a3-b0ba-4a31-a296-0d433fe47e41', 'http://data.europa.eu/esco/skill/ccd0a1d9-afda-43d9-b901-96344886e14d', 'http://data.europa.eu/esco/skill/cd5efa8c-e44d-4cbc-91c6-796018dbed68', 'http://data.europa.eu/esco/skill/d8567009-7c6f-43fb-82fb-7154ed8ebca9', 'http://data.europa.eu/esco/skill/dba46f87-0831-49cd-a1c7-340a653c0221']","['http://data.europa.eu/esco/occupation/070e94a8-a933-4557-9b95-fefe7f4f1763', 'http://data.europa.eu/esco/occupation/0ddbf393-38f1-4c22-b14c-fe775008f321', 'http://data.europa.eu/esco/occupation/196a4c75-9591-436f-9677-67252df34c22', 'http://data.europa.eu/esco/occupation/2ed56c3f-61d6-4f7e-9ef8-8849eb102e4c', 'http://data.europa.eu/esco/occupation/2fb96c6c-8d0b-4ef0-b1ee-3e493305e4eb', 'http://data.europa.eu/esco/occupation/50af07f0-7a75-424e-a66d-5a9deea10f4c', 'http://data.europa.eu/esco/occupation/53cdd34e-22f2-41bd-b3c7-de22bf9bbcae', 'http://data.europa.eu/esco/occupation/57af9090-55b4-4911-b2d0-86db01c00b02', 'http://data.europa.eu/esco/occupation/7c132147-428b-4ea3-87e1-70f7abb691ce', 'http://data.europa.eu/esco/occupation/9e285322-2cfa-430f-9b66-41be57d698e2', 'http://data.europa.eu/esco/occupation/a74f6c51-37e5-423e-aa5b-044e98663027', 'http://data.europa.eu/esco/occupation/bea99fea-0383-4c63-b944-70d4799de2c5', 'http://data.europa.eu/esco/occupation/dc97adbe-f807-4ad8-8f3c-c24b3416cdef', 'http://data.europa.eu/esco/isco/C11']"
2333,Software Engineers (S/W Engineers / SE-2),"The company is active in the development and implementation of complex integrated information systems, BI (Business Intelligence) applications, online & mobile applications as well as in the development of B2B and B2C solutions.
As part of its growth, the company wishes to work with young software engineers for the Software Development department. A salary package commensurate with qualifications and productivity and an excellent working environment are offered.
Detailed information about the Company at www.twinnet.gr 
Software Engineers (S/W Engineers / SE-2): 
With a university degree in computer science and/or a relevant post-graduate degree, and very good knowledge (1-5 years) in the design and development of Software applications (full-stack development) and Databases. Very good knowledge of English (B2/C1/C2) is also important.
Indicative and not limiting, we are interested in the following thematic areas:
Database Systems:
MySQL, Microsoft SQL Server, Oracle RDBMS
Development Environments:
PHP/Laravel, JavaScript, Java
Internet Development:
HTML/CSS, PHP/MySQL, JavaScript, Java
Mobile Applications:
Flutter, Apache Cordova
Resumes can be sent to the email address info@twinnet.gr",Mid-level,Full-time,"Agia Paraskevi, Greece",EL,2024-08-29,kariera.gr,166267,,"['http://data.europa.eu/esco/skill/143769cb-b61e-47d8-a61e-eedfbec1016c', 'http://data.europa.eu/esco/skill/19a8293b-8e95-4de3-983f-77484079c389', 'http://data.europa.eu/esco/skill/43ae58b9-5e56-4524-b45a-b422777a0576', 'http://data.europa.eu/esco/skill/7369f779-4b71-4aab-8836-48b69c676eec', 'http://data.europa.eu/esco/skill/b8c01891-e3df-4a4b-948d-95b45e1788f5', 'http://data.europa.eu/esco/skill/c062bab3-3ea0-4291-9220-a2d8fef4bead', 'http://data.europa.eu/esco/skill/db9463b7-5c24-46d2-8419-002e03bae1dc', 'http://data.europa.eu/esco/skill/de9f85ba-e77f-48fd-8c66-f5ebaf32d655']","['http://data.europa.eu/esco/occupation/2ed56c3f-61d6-4f7e-9ef8-8849eb102e4c', 'http://data.europa.eu/esco/occupation/3d190639-90f8-4402-b1b3-a104a17e0d67', 'http://data.europa.eu/esco/isco/C2512']"
2335,Digital Analytics Specialist,"Digital Analytics Specialist
Amplifyd is a growing team of curious and data-led thinkers, who are genuinely passionate about Digital Marketing channels, specializing in performance and analytics.
We work with businesses spending more than $1M a year on advertising, becoming an extension of their team and prioritizing their long-term success, over our short-term profit margins.
Our approach? A blend of data-led planning, best-practice ad buying, tech & automation, and relentless experimentation.
Amplifyd has the expertise of a global agency, the personalisation of an in-house team and the agility of a specialist agency. 
A hybrid team across EMEA with a central hub in Athens, and we are proud to have a team that has worked with some of the world’s largest advertisers and scale-ups helping them make the right strategic marketing decision., and growing their businesses.
Recent finalists of the European Search Awards & Google Premier Partner awards, One of the few agencies who are Premium Google partners, Google Marketing Platform certified for Analytics and Facebook Business partners in the UK – we are looking for candidates to help us and our clients grow.
We believe in a global community, transparent relationships and changing work ethics.
Sounds like something you want to be part of?
 
You will be:

Analyzing and interpreting complex data to help driving strategic marketing decisions for our clients.
Implementing and managing web analytics tracking using Google Tag Manager (standard & ecommerce).
Implementing and managing tracking for marketing platforms (e.g. Google Ads Conversion Tracking, Enhanced Conversions, Meta Pixel, Conversions API)
Configuring data integrations across various marketing and analytics platforms using tools similar to AppsFlyer, Zapier, Hubspot
Creating and maintaining insightful and actionable reports using Looker Studio.
Conducting tests, troubleshooting and resolving tracking issues & data discrepancies between Google Analytics, advertising platforms and internal data.
Conducting Analytics and Tracking audits to ensure data accuracy and reliability.
Presenting analytical findings to clients and stakeholders in a clear and compelling manner.
Staying updated with the latest trends and advancements in digital analytics and marketing technologies.

Requirements
The hard skills we would like you to have:

1-2 years of experience with Google Analytics for data analysis and discrepancy troubleshooting.
GA4 Certification to demonstrate proficiency in Google Analytics 4.
1-2 years of experience with Google Tag Manager for tracking implementation and tag setup.
Proficiency in Looker Studio for creating visually appealing and actionable reports.
Good understanding of data collection, processing, and visualization techniques.
Excellent verbal and written communication in English

Extra points if you have:

Experience with server-side tagging and advanced tracking implementations.
Knowledge of SQL or other query languages for data extraction and analysis.

How a typical day in Amplifyd will look like:
Your day at Amplifyd some coffee and daily checks. According to the weekly plan set with your line manager, you'll dive into developing data tracking systems (using Google Tag Manager) and fixing bugs on existing setups.
During the day, you might have to deal with some more urgent issues like broken reports or the identification of data discrepancies and help explaining data discrepancies between platforms and/or reports. So, you'll also frequently be performing Google Analytics or tracking audits for new and existing clients and even present to clients, where you get to showcase your findings and recommendations.
Collaborations with the performance teams will be frequent, ensuring that your work directly contributes to client success stories. Expect a blend of focused project work, learning sessions to sharpen your skills, and meaningful interactions with a team that values innovation and results.
 
Benefits

Competitive remuneration package
Private Health Insurance
Flexible and hybrid working schedule
2 extra days of holiday per year
Young, dynamic and growing team disrupting the classic agency model
Rigorous training from Analytics, Technical and PPC experts to grow skills & expand expertise

Interview Process

Intro call where we get to know each other .
Technical interview stage where you are asked to solve a small exercise.
A call with the CEO",Mid-level,Full-time,"Athens, Greece",EL,2024-08-29,kariera.gr,166240,,"['http://data.europa.eu/esco/skill/1605025e-a179-421f-8f35-5b07d182a6b2', 'http://data.europa.eu/esco/skill/23ac233d-84ad-4517-b0f5-8ca19ba2614e', 'http://data.europa.eu/esco/skill/348b74cd-49ce-4844-8bdf-ec188b497213', 'http://data.europa.eu/esco/skill/3993c87c-7719-4186-811b-8ddfb40e76be', 'http://data.europa.eu/esco/skill/598de5b0-5b58-4ea7-8058-a4bc4d18c742', 'http://data.europa.eu/esco/skill/66d47084-9437-48b2-819b-c4c8214ed650', 'http://data.europa.eu/esco/skill/696e3b5b-8b61-45af-ae4c-3ab700f197ec', 'http://data.europa.eu/esco/skill/6a536b36-c5c7-4d10-bf67-a4fb0f8549b2', 'http://data.europa.eu/esco/skill/7dfbe0f3-076f-4a19-9eaa-db4d6db704b6', 'http://data.europa.eu/esco/skill/89ff28d6-342c-435d-83aa-83e71dbbbc96', 'http://data.europa.eu/esco/skill/a80fb090-63f4-4b05-83a5-2f090deb7757', 'http://data.europa.eu/esco/skill/a8797f21-1af0-4c5e-98ca-bf1442929363', 'http://data.europa.eu/esco/skill/d8567009-7c6f-43fb-82fb-7154ed8ebca9', 'http://data.europa.eu/esco/skill/ef069fe6-305b-4452-8f7d-0c572e98effc', 'http://data.europa.eu/esco/skill/f4a6e9f7-5cff-46c0-894c-59c20bb78694']","['http://data.europa.eu/esco/occupation/4163b31e-440b-4991-b5c3-48d0515250ef', 'http://data.europa.eu/esco/occupation/5791a961-4717-4230-a245-a4082a675f04', 'http://data.europa.eu/esco/occupation/7843a4c6-a9f6-4095-94b9-45b384d4bd57', 'http://data.europa.eu/esco/occupation/9af8907f-56a7-4170-83b1-3c6ba0997cfa', 'http://data.europa.eu/esco/occupation/dc97adbe-f807-4ad8-8f3c-c24b3416cdef']"
2396,Software Engineer / Data Scientist (SD2024A),"Company Profile
 AIMS INTL. based in Athens, is a leading software house, serving successfully the airline industry worldwide during the past 41 years.
Career Opportunities within AIMS
AIMS is committed to investing in its employees and the technologies to maintain its leadership while continuing its steady growth.
Currently, opportunities exist for Web and Desktop Application Developers. We are always keen to speak with talented, enthusiastic, ambitious and charismatic candidates, so if you believe your skill set covers the key accountabilities listed below, we would also like to hear from you!
We are currently seeking:
Software Engineer / Data Scientist (Code :  SD2024A)
 Required Skills

Experience in Microsoft’s .NET/C# backend technologies: ASP.NET Core, ASP.NET MVC, EF6,for Seniors: PLINQ and TPL.
Experience in Web applications development: Knowledge in HTML5, CSS3,  JavaScript/Ajax and JQuery.
Experience in the developing and consumption of SOAP and REST APIs.
Experience in the application of Machine Learning - Artificial Intelligence techniques for the treatment of real-world data problems
1+ years for Juniors and 5+ years for Seniors professional experience.
Excellent verbal and written communication skills in English.

 Desired Skills

Experience in DevExpress Components mainly for reporting.
Experience in Delphi will be considered a plus.
Experience in developing mobile applications (Xamarin) will be considered an asset.
Familiarity with MS SQL, Oracle and NoSQL Database Management Systems.
Familiarity with MapReduce programming.
Working knowledge with JIRA,  preferably having experience working in an agile team (Scrum/Kanban).
Excellent academic background demonstrated by an undergraduate degree from an accredited university in a strongly quantitative field such as Data Science, Business Analytics, Mathematics, Engineering, Operations Research, Computer Science, or other related. A graduate degree in any of the above fields will be considered a plus.
Experience with specialized optimization software and especially with IBM's CPLEX Mixed Integer programming tools
Internet security, Endpoint security, AWS Cloud security, Application security.
Administering Information Security Software and Controls.
Analyzing Security System Logs, Security Tools, and Data.
Threat Modeling, Continuous Monitoring and Response. 

 Main Responsibilities

Be able to develop new projects for Web, Desktop.
Maintain and support existing projects.

 
Personal Characteristics  

Problem-Solving Skills: Proactive and resourceful in identifying and resolving technical challenges.
Attention to Detail: Meticulous in configuring and managing IT systems to uphold quality standards.
Adaptability: Thrives in a fast-paced environment and quickly adapts to new technologies and challenges.
Team Player: Collaborates effectively with colleagues, shares knowledge, and contributes to collective goals.
Communication Skills: Articulates technical concepts clearly and listens actively to ensure effective collaboration.
Problem Ownership: Takes ownership of issues, ensuring timely resolution and satisfactory outcomes.
Continuous Learner: Passionate about learning and self-improvement to remain at the forefront of IT innovation.
Customer-Focused: Prioritizes the needs of stakeholders and end-users, delivering exceptional service and support.
Ethical Conduct: Upholds integrity, honesty, and ethical standards in all interactions and decision-making processes.
Resilience: Maintains a positive attitude and perseveres through challenges to achieve goals and objectives.

 
Company Offers 

Opportunity to work with a talented team of professionals in a dynamic and collaborative environment.
Competitive salary and opportunities for professional development.
Exciting projects and the chance to make a real impact on the aviation industry through innovative software solutions.
Career growth and advancement opportunities within a growing company at the forefront of technology.

  
Contact Information
 AIMS INTL, 340 Syggrou Ave.,
176 73, site: www.aims.aero
or e-mail: jobs@aims.aero",Mid-level,Full-time,"Kallithea, Greece",EL,2024-08-29,kariera.gr,91690,,"['http://data.europa.eu/esco/skill/14832d87-2f2f-4895-b290-e4760ebae42a', 'http://data.europa.eu/esco/skill/3993c87c-7719-4186-811b-8ddfb40e76be', 'http://data.europa.eu/esco/skill/4339176e-3acd-4f7f-a5d9-445bee3d23f2', 'http://data.europa.eu/esco/skill/56a7f561-1d55-43c9-9cd7-36a0a9bc6c50', 'http://data.europa.eu/esco/skill/5b26f08b-88bc-45f0-b901-530d7786466b', 'http://data.europa.eu/esco/skill/726abd5a-d23c-44b9-abb0-f22bbe95f1d3', 'http://data.europa.eu/esco/skill/76ef6ed3-1658-4a1a-9593-204d799c6d0c', 'http://data.europa.eu/esco/skill/7cf2762d-32e1-4b21-8ef8-574e40310c18', 'http://data.europa.eu/esco/skill/7e5786f8-1174-4f75-97e3-cfecfd95d797', 'http://data.europa.eu/esco/skill/8181aa4c-42bc-4036-a3d2-5cb6bbb34239', 'http://data.europa.eu/esco/skill/98a1dec3-8138-4f46-a596-5e2a83b884b9', 'http://data.europa.eu/esco/skill/a8d24a95-47b3-4f88-92e7-06600bcd3612', 'http://data.europa.eu/esco/skill/b4dc6e4f-dc7d-445f-8ce2-d7b9d225e282', 'http://data.europa.eu/esco/skill/c13fb093-5ffb-491a-b8b7-fa2d42a57e2e', 'http://data.europa.eu/esco/skill/c32ad607-0c4d-4e34-b73f-668298f7bf13', 'http://data.europa.eu/esco/skill/d62d2b4c-a6f8-439e-8a1b-4f29ab5f2c47', 'http://data.europa.eu/esco/skill/de586dcf-d7e5-4340-bf5b-d59026f1b436', 'http://data.europa.eu/esco/skill/de9f85ba-e77f-48fd-8c66-f5ebaf32d655', 'http://data.europa.eu/esco/skill/e46291c7-52b9-4174-bd59-178884861038']","['http://data.europa.eu/esco/occupation/207d7b18-6540-432e-8aa6-785ed434572f', 'http://data.europa.eu/esco/occupation/2ed56c3f-61d6-4f7e-9ef8-8849eb102e4c', 'http://data.europa.eu/esco/occupation/72628f3a-fd49-499a-9741-870b0a1fcef2', 'http://data.europa.eu/esco/occupation/b11e1742-5e28-4270-b081-b0193d85ee7d', 'http://data.europa.eu/esco/isco/C2', 'http://data.europa.eu/esco/isco/C214', 'http://data.europa.eu/esco/isco/C2519']"
2481,Full Stack Web Developer (FSWDev-09.24),"ACS MAEE, a courier company, a member of the Quest Group, with a leading position in the market, is looking to hire a Full Stack Web Developer with strong skills in Angular, SQL Server and RESTful APIs. The right candidate is responsible for developing and maintaining high quality web applications, ensuring integration between front-end and back-end.
Responsibilities

Develop and maintain web applications using Angular.
Creating and integrating RESTful APIs.
Document code and procedures
Working and participating in application implementation and analysis teams

Necessary qualifications

Bachelor's degree in IT or related field.
Good knowledge and experience in Angular, SQL Server and RESTful APIs.
Experience in a similar position 3+ years
Good knowledge and experience in HTML, CSS, JavaScript and TypeScript.
Familiarity with source control systems (Git)",Mid-level,Full-time,"Aigaleo, Greece",EL,2024-08-29,kariera.gr,166104,,"['http://data.europa.eu/esco/skill/867137fb-ff1b-4ca3-99f3-cb6969aa2c68', 'http://data.europa.eu/esco/skill/c062bab3-3ea0-4291-9220-a2d8fef4bead']",['http://data.europa.eu/esco/occupation/3a959644-beed-4afc-8e57-d5068ae6a43e']
2482,.Net Developer (.netDev-09.24),"ACS MAEE, a courier company, a member of the Quest Group, with a leading position in the market, is looking to hire a .Net Developer with knowledge of ASP.NET, C#, SQL Server and RESTful APIs. The right candidate will contribute to the development and maintenance of high quality web applications.
Responsibilities

Development and maintenance of web applications using ASP.NET and C#.
Design and management of applications in SQL Server databases.
Development and integration of RESTful APIs.
Working and participating in application implementation and analysis teams

Necessary qualifications

Bachelor's degree in IT or related field.
Very good knowledge of .NET technologies, C#
Experience in a similar position 3+ years
Extensive experience in SQL Server and RESTful APIs
Familiarity with source control systems (Git)",Mid-level,Full-time,"Aigaleo, Greece",EL,2024-08-29,kariera.gr,166097,,"['http://data.europa.eu/esco/skill/4c016b68-4116-468c-9dc6-42710c239e4a', 'http://data.europa.eu/esco/skill/56a7f561-1d55-43c9-9cd7-36a0a9bc6c50', 'http://data.europa.eu/esco/skill/c062bab3-3ea0-4291-9220-a2d8fef4bead']","['http://data.europa.eu/esco/occupation/24135b84-cbdd-4d42-9ed2-02fd982d15b2', 'http://data.europa.eu/esco/occupation/3a959644-beed-4afc-8e57-d5068ae6a43e']"
2491,Actuarial Consultant,"About us
Grant Thornton Greece is part of a global network of independent audit, tax and advisory firms, made up of some 60,000 people in over 145 countries. We're a team of independent thinkers who put quality, inclusion and integrity first. All around the world we bring a different experience to our clients and to our people. A better experience. One that delivers the expertise they need in a way that goes beyond. Personal, proactive, and agile.
At Grant Thornton Greece we don’t predict the future, we ✨shape✨ it.
🏆 Some milestones of Grant Thornton Greece 🏆:

We have been Certified as a Great Place to Work for two consecutive years!
We are one of the Best Workplaces for Women 2023 for two consecutive years!
And we are proud member of Diversity Charter Greece and certified SHARE Equality Label

So, if you want to be part of this incredible journey here is an opportunity for you!
The key responsibilities of this role will include:

Participating in a broad range of insurance advisory-related projects covering every aspect of the insurance business, from regulatory requirements to key strategic implementations and business transformation ones
Implementing actuarial principles into business solutions, in alignment with the client’s needs and strategic priorities
Interacting on a frequent basis with stakeholders, to ensure the delivery of services of the highest standards
Working collaboratively with professionals from other divisions and areas, inside and outside the organization, in order to provide holistic services to clients and meet their needs
Maintain highest standards of business ethics
Depending the induction level of the candidate, the position’s responsibilities will include the project planning, management, fieldwork execution and review, the project completion procedures, as well as the preparation and delivery of relevant presentation to clients

The key requirements of this role are:

A passion for implementing actuarial and statistical concepts into real-world scenarios, discovering appropriate solutions to meet client needs and aiming at operational excellence
A proven life actuarial background, with minimum 2 years of experience in an insurance company and/or consulting firm
A strong set of analytical skills
Ability to lead and coordinate multiple tasks within multiple teams under the right kind of support
Fluency in English, both written and oral
Excellent skills in MS Office; Word, Excel, Power Point

Some qualifications that will be considered as great assets are:

Pursue the actuarial certification in Hellenic Actuarial Society or any other internationally recognized actuarial society. If you are already a qualified actuary, it will be an asset.
Experience in reserving under Solvency II and current accounting standards and/or pricing of insurance products and/or Asset-Liability Management will be evaluated positively
Knowledge of IFRS17 standards will be considered an asset
Experience in using actuarial modelling software (Prophet, Moses, ReMetrica, etc.) will be a plus
Skills in analyzing data, manipulating big datasets, developing descriptive, predictive & prescriptive models and visualizing data (using R, Python, SQL, PowerBI, etc.) will be also favorably evaluated
Taking initiatives to stay ahead of current trends and developments in insurance and financial sector
Excellent written and verbal communication skills for technical writing and client presentation
Ability to develop and deliver high quality services and solutions
A high work ethic
Motivation for career progression and development

 
What will we offer to you?

🏋️‍️Friendly and dynamic working environment
💰 Competitive remuneration
👩‍🏫 Formal training and Professional Qualifications fully funded (eg. ACCA/CIA/CFA/PMP etc.)
👨‍💼Coaching and counseling from Senior Professionals
🏃🏽‍♂️ Corporate Sports Teams (e.g. Running, Basketball, Volleyball)
🌈 Diverse and inclusive culture
👩‍🦽 Office designed to be accessible for wheelchair users
🏝Extra days off: August Freedays, Volunteering Days, Early days leave
🏠 Flexible way of working
👨‍👩‍👦 Parental Leave Extra day off
🧩 Corporate citizenship initiatives
🏢 Office amenities (subject to the office location)
🤝 Special employee offers and discounts.
💻 Company laptop
👩‍⚕ Insurance Program for all GT members
☎Employee Assistance Support 24/7

 
Just so you know…
If you have imagined a career that goes beyond business as usual, then you are in the right place. We go beyond to deliver a different experience to our people, our clients & our communities.
Joining the Grant Thornton Greece family is easy! Simply apply online by uploading an -up-to-date CV with your application and leave the rest to us!**
**All applications will be treated with confidentiality and only short-listed candidates will be contacted.
✨We are Grant Thornton. We go beyond business as usual, so you can too. #welcometomore #gobeyondwithus✨
🤔 Aren’t you sure yet about which career path you could chase within Grant Thornton? Then leave it to us.
Apply here and our recruiters will match your skills with the best open job role.
So, problem solved! 😉",Mid-level,Full-time,"Athens, Greece",EL,2024-08-29,kariera.gr,166095,,"['http://data.europa.eu/esco/skill/1fcce318-3212-487a-ac07-4941bc85060d', 'http://data.europa.eu/esco/skill/477173ca-5fc2-406b-9122-95d92811f284', 'http://data.europa.eu/esco/skill/598de5b0-5b58-4ea7-8058-a4bc4d18c742', 'http://data.europa.eu/esco/skill/81a2db2c-7e55-44d0-9cd9-74c25147d7cd', 'http://data.europa.eu/esco/skill/941364b9-1375-4add-9889-d67bae99bc8c', 'http://data.europa.eu/esco/skill/a15dab55-f1da-4f85-ae3e-2b5c5b5333ca', 'http://data.europa.eu/esco/skill/b7c8f418-08d5-45d6-b697-ab26c6ecbfb4', 'http://data.europa.eu/esco/skill/c2617b44-886a-485e-8393-bc0fc6339539', 'http://data.europa.eu/esco/skill/c3e36d05-8ae8-447f-bb2b-6f9409f85389', 'http://data.europa.eu/esco/skill/ccd0a1d9-afda-43d9-b901-96344886e14d', 'http://data.europa.eu/esco/skill/dba46f87-0831-49cd-a1c7-340a653c0221', 'http://data.europa.eu/esco/skill/fcd02121-ae3e-4d20-92ee-e2e368658a45']","['http://data.europa.eu/esco/occupation/068c2787-58ff-468e-bbb6-c4e5dd6ee482', 'http://data.europa.eu/esco/occupation/258e46f9-0075-4a2e-adae-1ff0477e0f30', 'http://data.europa.eu/esco/occupation/53cdd34e-22f2-41bd-b3c7-de22bf9bbcae', 'http://data.europa.eu/esco/occupation/8cb59bc4-1f39-477e-beea-effed12d186c', 'http://data.europa.eu/esco/occupation/9e285322-2cfa-430f-9b66-41be57d698e2', 'http://data.europa.eu/esco/occupation/bea99fea-0383-4c63-b944-70d4799de2c5', 'http://data.europa.eu/esco/occupation/e20eee17-4876-4f21-a0cb-5d7f40c63cd8', 'http://data.europa.eu/esco/isco/C13', 'http://data.europa.eu/esco/isco/C2', 'http://data.europa.eu/esco/isco/C3321']"
2492,Senior Actuarial Consultant,"About us
Grant Thornton Greece is part of a global network of independent audit, tax and advisory firms, made up of some 60,000 people in over 145 countries. We're a team of independent thinkers who put quality, inclusion and integrity first. All around the world we bring a different experience to our clients and to our people. A better experience. One that delivers the expertise they need in a way that goes beyond. Personal, proactive, and agile.
At Grant Thornton Greece we don’t predict the future, we ✨shape✨ it.
🏆 Some milestones of Grant Thornton Greece 🏆:

We have been Certified as a Great Place to Work for two consecutive years!
We are one of the Best Workplaces for Women 2023 for two consecutive years!
And we are proud member of Diversity Charter Greece and certified SHARE Equality Label

So, if you want to be part of this incredible journey here is an opportunity for you!
The key responsibilities of this role will include:

Participating in a broad range of insurance advisory-related projects covering every aspect of the insurance business, from regulatory requirements to key strategic implementations and business transformation ones
Implementing actuarial principles into business solutions, in alignment with the client’s needs and strategic priorities
Interacting on a frequent basis with stakeholders, to ensure the delivery of services of the highest standards
Working collaboratively with professionals from other divisions and areas, inside and outside the organization, in order to provide holistic services to clients and meet their needs
Maintain highest standards of business ethics
Depending the induction level of the candidate, the position’s responsibilities will include the project planning, management, fieldwork execution and review, the project completion procedures, as well as the preparation and delivery of relevant presentation to clients

The key requirements of this role are:

A passion for implementing actuarial and statistical concepts into real-world scenarios, discovering appropriate solutions to meet client needs and aiming at operational excellence
A proven life actuarial background, with minimum 5 years of experience in an insurance company and/or consulting firm
A strong set of analytical skills
Ability to lead and coordinate multiple tasks within multiple teams under the right kind of support
Fluency in English, both written and oral
Excellent skills in MS Office; Word, Excel, Power Point

To be successful at this role you need the following:

Pursue the actuarial certification in Hellenic Actuarial Society or any other internationally recognized actuarial society. If you are already a qualified actuary, it will be an asset.
Experience in reserving under Solvency II and current accounting standards and/or pricing of insurance products and/or Asset-Liability Management will be evaluated positively
Knowledge of IFRS17 standards will be considered an asset
Experience in using actuarial modelling software (Prophet, Moses, ReMetrica, etc.) will be a plus
Skills in analyzing data, manipulating big datasets, developing descriptive, predictive & prescriptive models and visualizing data (using R, Python, SQL, PowerBI, etc.) will be also favorably evaluated
Taking initiatives to stay ahead of current trends and developments in insurance and financial sector
Excellent written and verbal communication skills for technical writing and client presentation
Ability to develop and deliver high quality services and solutions
A high work ethic
Motivation for career progression and development

What will we offer to you?

🏋️‍️Friendly and dynamic working environment
💰 Competitive remuneration
👩‍🏫 Formal training and Professional Qualifications fully funded (eg. ACCA/CIA/CFA/PMP etc.)
👨‍💼Coaching and counseling from Senior Professionals
🏃🏽‍♂️ Corporate Sports Teams (e.g. Running, Basketball, Volleyball)
🌈 Diverse and inclusive culture
👩‍🦽 Office designed to be accessible for wheelchair users
🏝Extra days off: August Freedays, Volunteering Days, Early days leave
🏠 Flexible way of working
👨‍👩‍👦 Parental Leave Extra day off
🧩 Corporate citizenship initiatives
🏢 Office amenities (subject to the office location)
🤝 Special employee offers and discounts.
💻 Company laptop
👩‍⚕ Insurance Program for all GT members
☎Employee Assistance Support 24/7

Just so you know…
If you have imagined a career that goes beyond business as usual, then you are in the right place. We go beyond to deliver a different experience to our people, our clients & our communities.
Joining the Grant Thornton Greece family is easy! Simply apply online by uploading an -up-to-date CV with your application and leave the rest to us!**
**All applications will be treated with confidentiality and only short-listed candidates will be contacted.
✨We are Grant Thornton. We go beyond business as usual, so you can too. #welcometomore #gobeyondwithus✨
🤔 Aren’t you sure yet about which career path you could chase within Grant Thornton? Then leave it to us.
Apply here and our recruiters will match your skills with the best open job role.
So, problem solved! 😉",Senior,Full-time,"Athens, Greece",EL,2024-08-29,kariera.gr,166090,,"['http://data.europa.eu/esco/skill/1fcce318-3212-487a-ac07-4941bc85060d', 'http://data.europa.eu/esco/skill/477173ca-5fc2-406b-9122-95d92811f284', 'http://data.europa.eu/esco/skill/598de5b0-5b58-4ea7-8058-a4bc4d18c742', 'http://data.europa.eu/esco/skill/81a2db2c-7e55-44d0-9cd9-74c25147d7cd', 'http://data.europa.eu/esco/skill/941364b9-1375-4add-9889-d67bae99bc8c', 'http://data.europa.eu/esco/skill/a15dab55-f1da-4f85-ae3e-2b5c5b5333ca', 'http://data.europa.eu/esco/skill/b7c8f418-08d5-45d6-b697-ab26c6ecbfb4', 'http://data.europa.eu/esco/skill/c2617b44-886a-485e-8393-bc0fc6339539', 'http://data.europa.eu/esco/skill/c3e36d05-8ae8-447f-bb2b-6f9409f85389', 'http://data.europa.eu/esco/skill/ccd0a1d9-afda-43d9-b901-96344886e14d', 'http://data.europa.eu/esco/skill/dba46f87-0831-49cd-a1c7-340a653c0221', 'http://data.europa.eu/esco/skill/fcd02121-ae3e-4d20-92ee-e2e368658a45']","['http://data.europa.eu/esco/occupation/068c2787-58ff-468e-bbb6-c4e5dd6ee482', 'http://data.europa.eu/esco/occupation/258e46f9-0075-4a2e-adae-1ff0477e0f30', 'http://data.europa.eu/esco/occupation/53cdd34e-22f2-41bd-b3c7-de22bf9bbcae', 'http://data.europa.eu/esco/occupation/8cb59bc4-1f39-477e-beea-effed12d186c', 'http://data.europa.eu/esco/occupation/9e285322-2cfa-430f-9b66-41be57d698e2', 'http://data.europa.eu/esco/occupation/bea99fea-0383-4c63-b944-70d4799de2c5', 'http://data.europa.eu/esco/occupation/e20eee17-4876-4f21-a0cb-5d7f40c63cd8', 'http://data.europa.eu/esco/isco/C13', 'http://data.europa.eu/esco/isco/C2', 'http://data.europa.eu/esco/isco/C3321']"
2588,"Senior Associate, Back-End Application Development","At Pfizer we make medicines and vaccines that change patients' lives with a global reach of over 780 million patients.Pfizer Digital is the organization charged with winning the digital race in the pharmaceutical industry. We apply our expertise in technology, innovation and our business to support Pfizer in this mission.The Biopharma, Patient & CDI (C4) team builds and maintains the platforms and capabilities that enable Pfizer Business Units to connect digitally with our external customers and effectively engage and collaborate across teams internally.  This includes all digital (web, mobile, omni-channel, & devices) products, platforms, services, and experiences in service of patients, HCPs, payors, pharmacists, or clinical sites. We build advanced cloud-based technology solutions at a global scale that positively impact Pfizer business performance.Patient and Marketplace Corp. Affairs: Within C4, the Patient and Marketplace Corp. Affairs team is accountable for delivering patient-facing digital companions and external marketplace solutions to increase customer value and simplify specialty pharma services to ensure patients can acquire Pfizer breakthroughs.​The U.S. Channels and Global Web Experience team directly owns and operates Pfizer.com, the operation of our primary U.S. corporate social channels, and the look and feel of our regional corporate sites around the world, consulting and supporting objectives from various stakeholders across the entire company, as well as directly setting objectives and delivering on them.The Back-End Application Development Sr. Associate contributes to developing and implementing moderately complex cutting-edge solutions for Pfizer's digital marketing initiatives (specifically, maintaining and expanding upon the code that powers our global corporate websites). The Back-End Application Developer plays a crucial role in Pfizer's pursuit of breakthroughs by pushing the boundaries of digital experiences and creating captivating solutions that drive patient engagement, knowledge sharing, and commercial success.




ROLE RESPONSIBILITIESSubject Matter Expertise - General

Develop digital solutions utilizing the latest development tools, frameworks, and platforms to build cutting-edge solutions that deliver exceptional user experiences.
Implement source code management best practices to maintain high standards of code quality, integrity and consistency.
Implement best practices in usability, accessibility, and user interface design to ensure seamless and intuitive customer interactions within digital solutions.
Conduct and document thorough testing, and debugging of digital solutions to identify and resolve any technical issues or performance bottlenecks.
Ensure compliance with relevant regulations, security protocols, and industry best practices related to application development and deployment.
Serve as a back-end application developer for Pfizer.com (and functionality shared with our regional sites), performing all tasks necessary from bug fixing and tier 1 support up to advanced, emergency problem-solving and new, complex enhancement requests, in coordination with the Back-end lead, Technical lead, Platform team and other relevant parties.

Strategic Leadership & Delivery

Participate in the ideation and prototyping of digital solutions, collaborating with cross-functional teams to explore new and optimized ways of solution development. Explore and apply new ideas and knowledge in solutioning.
Make decisions to resolve moderately complex problems.

Cross- Team Collaboration

Collaborate with the Delivery Lead, Service Owners, and stakeholders to understand requirements and translate them into digital solutions.
Participate in design reviews and solution evaluations to ensure alignment with Pfizer's design strategies and standards.

Coaching and Mentorship

Stay up-to-date with technologies, trends, and best practices in the field of application development, and contribute to the continuous improvement of Pfizer application development practices.
Participate in the development of standards, processes, and procedures.





BASIC QUALIFICATIONS

Bachelor's degree required, preferably in Computer Science, Software Engineering, or a related technical field.
3+ years or relevant working experience.
Experience as an individual contributor/practitioner.
Application development, with strong knowledge and proven experience in Drupal/PHP/MySQL stack development technologies, platforms, and frameworks.
Experience in Python/Scripting.
Familiarity with agile methodologies (Scrum, Kanban), continuous integration, continuous deployment (CI/CD) processes and JIRA/Confluence.
Excellent problem-solving and troubleshooting skills, with the ability to debug and optimize simple/medium complexity applications.
Ability to work collaboratively in a cross-functional team environment and communicate technical concepts effectively to both technical and non-technical audiences.
Passion for exploring emerging technologies and driving innovation..
Strong attention to detail and commitment to delivering high-quality, engaging, and user-friendly experiences.
Ability to solve problems creatively and effectively.
Familiarity with agile development methodologies and project management practices.

PREFERRED QUALIFICATIONS

Advanced degree or relevant certifications.
Experience with Microsoft Technology Stack, including .NET framework & SharePoint, and demonstrated understanding of cloud application architectures.
Experience with microservices architecture, RESTful API integrations and containerization technologies like Docker.
Knowledge of AWS services like Fargate, S3, Aurora, EFS, Cloud.
Understanding and awareness of security topics like DDOS Attacks, SQL Injections.
Understanding and awareness of Drupal's security concepts like Users, Roles, Permissions, Anonymous user access levels.
Familiarity with front end modern application frameworks and tools such as node.js, Angular.js, Ionic, Apple Swift, kotlin, Vue.js. and / or back end frameworks and tools such as Java, Laravel, Drupal, Python, PHP.

TRAVEL OR ENVIRONMENT REQUIREMENTS

Candidate will be expected to travel globally to Pfizer locations as needed.

Pfizer is an equal opportunity employer and complies with all applicable equal employment opportunity legislation in each jurisdiction in which it operates.
To apply please visit our website www.pfizercareers.com and search job Senior Associate, Back-End Application Development with id 4918499.",Senior,Full-time,"Thessaloniki, Greece",EL,2024-08-29,kariera.gr,165984,,"['http://data.europa.eu/esco/skill/11430d93-c835-48ed-8e70-285fa69c9ae6', 'http://data.europa.eu/esco/skill/14832d87-2f2f-4895-b290-e4760ebae42a', 'http://data.europa.eu/esco/skill/19a8293b-8e95-4de3-983f-77484079c389', 'http://data.europa.eu/esco/skill/1de3942b-99d8-41e8-9ef0-fbc9e9f6307b', 'http://data.europa.eu/esco/skill/1ffac4ac-fda7-407d-8ed1-ca8f4a8dc146', 'http://data.europa.eu/esco/skill/2fb8480e-de3c-462b-b169-e8bbb344da68', 'http://data.europa.eu/esco/skill/4350c38d-0fe9-4ca7-bab9-40ed7f72b04f', 'http://data.europa.eu/esco/skill/4cb51222-3e2e-417c-9a5c-e9ccf262721d', 'http://data.europa.eu/esco/skill/51e79cb4-fab3-404c-88f3-cd4a1bd5879e', 'http://data.europa.eu/esco/skill/7dfbe0f3-076f-4a19-9eaa-db4d6db704b6', 'http://data.europa.eu/esco/skill/7e5147d1-60b1-4a68-804b-1f5cb0396b91', 'http://data.europa.eu/esco/skill/8ff015a0-98ea-4d80-a23e-1f68110a919e', 'http://data.europa.eu/esco/skill/9531fe02-1e1f-4a36-95f7-a76a77cd4b8d', 'http://data.europa.eu/esco/skill/96eb286a-58b7-45ff-a916-5578d0b79b8c', 'http://data.europa.eu/esco/skill/a8797f21-1af0-4c5e-98ca-bf1442929363', 'http://data.europa.eu/esco/skill/be64bb4c-84ac-4c83-8cc7-fc8593e15136', 'http://data.europa.eu/esco/skill/be80acfc-b6f2-4411-9b8d-b19d9cd2556a', 'http://data.europa.eu/esco/skill/c624c6a3-b0ba-4a31-a296-0d433fe47e41', 'http://data.europa.eu/esco/skill/c6c1af60-9594-460c-a328-00f9ad292be0', 'http://data.europa.eu/esco/skill/ccd0a1d9-afda-43d9-b901-96344886e14d', 'http://data.europa.eu/esco/skill/cd5efa8c-e44d-4cbc-91c6-796018dbed68', 'http://data.europa.eu/esco/skill/d8567009-7c6f-43fb-82fb-7154ed8ebca9', 'http://data.europa.eu/esco/skill/dba46f87-0831-49cd-a1c7-340a653c0221', 'http://data.europa.eu/esco/skill/f08e2bd6-0366-4948-a670-1f03f130126f']","['http://data.europa.eu/esco/occupation/0ddbf393-38f1-4c22-b14c-fe775008f321', 'http://data.europa.eu/esco/occupation/196a4c75-9591-436f-9677-67252df34c22', 'http://data.europa.eu/esco/occupation/2ed56c3f-61d6-4f7e-9ef8-8849eb102e4c', 'http://data.europa.eu/esco/occupation/2fb96c6c-8d0b-4ef0-b1ee-3e493305e4eb', 'http://data.europa.eu/esco/occupation/50af07f0-7a75-424e-a66d-5a9deea10f4c', 'http://data.europa.eu/esco/occupation/57af9090-55b4-4911-b2d0-86db01c00b02', 'http://data.europa.eu/esco/occupation/7c132147-428b-4ea3-87e1-70f7abb691ce', 'http://data.europa.eu/esco/occupation/9e285322-2cfa-430f-9b66-41be57d698e2', 'http://data.europa.eu/esco/occupation/bea99fea-0383-4c63-b944-70d4799de2c5', 'http://data.europa.eu/esco/isco/C11']"
2651,"Senior Associate, Solution Engineer","ROLE SUMMARYTechnology impacts everything we do. Pfizer's digital and 'data first' strategy focuses on implementing impactful and innovative technology solutions across all functions from research to manufacturing. Whether you are digitizing drug discovery and development, identifying solutions, or making our work easier and faster, you will be making a difference to countless lives.The Digital Revenue Management (RM) Creation Center team manages technology strategy and delivery for the US Market Access (USMA) Operations Business within the Global Access & Value (GAV) organization. Pharmaceutical pricing is at the forefront of the U.S. national discussion for healthcare costs. The RM Creation team plays a critical role in ensuring patients have access to breakthrough medicines through efficient channels at affordable pricing.




ROLE RESPONSIBILITIES

Work as developer for developing and delivering reports that inform business decision making.
Work as developer for developing and delivering system enhancements according to business requirements.
Responsible for requirements documentation, business analysis and process optimization.
Responsible for coordinating the deployment process with various Pfizer Digital teams.
Responsible for work efforts across functional areas within RM.
Must be able to multi-task and perform a wide variety of tasks simultaneously such as organize presentations for upper management, perform system testing, and organize meetings.
Work with peers in Pfizer Digital to project financial estimates for small projects.
Manage business request prioritization with peers in Pfizer Digital.
Organize project deliverables for the Digital RM team.
Help promote the Purpose Blueprint for all projects.
Work with peers to manage project delivery through the system development lifecycle (SDLC) and through Agile Delivery.

BASIC QUALIFICATIONS

Bachelor's degree required, preferably in a Computer Science or Business Management field.
3+ years of experience in a large corporate setting with an emphasis on solutions and application development.
Ambition to learn and utilize emerging technologies while working in a stimulating team environment.
Development skills in Oracle, PL/SQL, SQL, Snowflake, Informatica IICS, Business Objects, Tableau, AWS, Unix Scripting.
Willingness to take risks without fear of making mistakes.
Understanding of solutions delivery and delivery methodologies including Waterfall and Agile.
Strong organization and critical thinking skills.
Strong written, visual, and verbal communication skills.

PREFERRED QUALIFICATIONS

Technology solutions delivery in a pharmaceutical or regulated environment.
Competency in understanding organizational behaviors in a large corporate environment.
Understanding of Software Development Life Cycle management including requirements definition, design, testing and implementation.
Experience with external Contract Management vendor solutions such as the ModelN FLEX application.
Some knowledge of Java or a Microsoft platform such as .NET.
Knowledge of database, storage, hosting, cloud, application, analytics and services technologies.
Experience building relationships with both business partners and Digital technical teams.

Pfizer is an equal opportunity employer and complies with all applicable equal employment opportunity legislation in each jurisdiction in which it operates.
To apply please visit our website www.pfizercareers.com and search job Senior Associate, Solution Engineer with id 4918518.",Senior,Full-time,"Thessaloniki, Greece",EL,2024-08-28,kariera.gr,165893,,"['http://data.europa.eu/esco/skill/09f2f811-a3fb-4de3-a70f-6420a6935575', 'http://data.europa.eu/esco/skill/0b144726-21c2-46ed-8d13-c03d27f61604', 'http://data.europa.eu/esco/skill/0ee94c0a-3716-494a-95a2-dcbab9e58be2', 'http://data.europa.eu/esco/skill/1605025e-a179-421f-8f35-5b07d182a6b2', 'http://data.europa.eu/esco/skill/19a8293b-8e95-4de3-983f-77484079c389', 'http://data.europa.eu/esco/skill/4cdbc76c-75d8-4e12-8653-4820c2d5446f', 'http://data.europa.eu/esco/skill/598de5b0-5b58-4ea7-8058-a4bc4d18c742', 'http://data.europa.eu/esco/skill/5ef0c719-5bcb-49f8-b8eb-824388225333', 'http://data.europa.eu/esco/skill/633a3637-2c6b-40ae-ac38-289eb2a62aa6', 'http://data.europa.eu/esco/skill/6a876489-7ad8-4a13-b09c-c9b8e97a302e', 'http://data.europa.eu/esco/skill/7369f779-4b71-4aab-8836-48b69c676eec', 'http://data.europa.eu/esco/skill/7b1ab171-caed-4561-89e4-b214396b1ae8', 'http://data.europa.eu/esco/skill/7dd94ad3-13d6-43fe-8b94-51fcbf67ced9', 'http://data.europa.eu/esco/skill/96eb286a-58b7-45ff-a916-5578d0b79b8c', 'http://data.europa.eu/esco/skill/a8797f21-1af0-4c5e-98ca-bf1442929363', 'http://data.europa.eu/esco/skill/dba46f87-0831-49cd-a1c7-340a653c0221', 'http://data.europa.eu/esco/skill/dc72ad0a-c5dc-4abd-bc0d-ca43e82162e1']","['http://data.europa.eu/esco/occupation/2ed56c3f-61d6-4f7e-9ef8-8849eb102e4c', 'http://data.europa.eu/esco/occupation/4b3201cb-ffc5-4f61-9fc3-5c0f0038fa5f', 'http://data.europa.eu/esco/occupation/544cd9cf-e2ee-4ac0-8a02-7147af6b97d7']"
2682,Technical Support Engineer,"Job Title: Technical Support Engineer 
 
Import
EVziiin© (member of Innvestio Group) is an innovative IoT platform focused on supporting electric mobility by facilitating the charging of electric vehicles through a large network of charging points across Europe. As part of our continuous development, we are looking for a Technical Support Engineer to staff the IT Department. This role includes providing technical support, troubleshooting and working with other teams to improve our products and services. 
 
Active position: Yes
 
Candidate Profile Basics

Bachelor's Degree in Computer Science or related
Good knowledge of MS Windows & MS Office 365
Good knowledge of H/Y troubleshooting, peripheral hardware and software
Computer network experience
Good knowledge of the English language
Knowledge of SQL,  Python & PHP
Experience in Linux environments

 
Other candidate skills

Diagnostic and problem solving skills
Organizational and communication skills
Effective time management.
Consistency and sense of responsibility
Ability to communicate and work well with different departments and function within a team
Completed military service (for male applicants)

 
Basic responsibilities of the job

Diagnosis and resolution of technical PC problems
Management of corporate systems and applications
Configuration and installation of new equipment, both in and out of the field
Conduct systems audit to ensure smooth operation
Provide telephone and on-site support for installed customer equipment
Continuous monitoring and communication with the customer until normal operation is restored
Ability to travel

 
What does the company offer?

Group private life and health insurance plan.
Supplementary benefits at regular intervals.
Continuous training opportunities and prospects for continuous development.
Great flexibility of working conditions, with a combination of telecommuting and live professional employment.

 
We are confident that we can offer you the growth your ambitions seek. Do not hesitate to contact us if you meet the above requirements!",Mid-level,Full-time,"Kalyvia Thorikou, Greece",EL,2024-08-28,kariera.gr,165758,,"['http://data.europa.eu/esco/skill/14832d87-2f2f-4895-b290-e4760ebae42a', 'http://data.europa.eu/esco/skill/199f7919-5114-41b6-b6a5-41e0e4896ec1', 'http://data.europa.eu/esco/skill/598de5b0-5b58-4ea7-8058-a4bc4d18c742', 'http://data.europa.eu/esco/skill/8d1dc94c-d8e1-4ce6-92d5-a17ec0543dc9', 'http://data.europa.eu/esco/skill/adc6dc11-3376-467b-96c5-9b0a21edc869', 'http://data.europa.eu/esco/skill/d4789070-2ff7-4bbb-94ca-8bb1739826a9', 'http://data.europa.eu/esco/skill/de2f0ce8-f8d6-48c5-a213-4d065251cecf', 'http://data.europa.eu/esco/skill/f2741507-c5f7-45b6-8bcd-8d0d27650d68']","['http://data.europa.eu/esco/occupation/00030d09-2b3a-4efd-87cc-c4ea39d27c34', 'http://data.europa.eu/esco/occupation/6cd08cbe-7611-4d70-8886-6c59c0385442', 'http://data.europa.eu/esco/isco/C13', 'http://data.europa.eu/esco/isco/C133']"
2706,"Manager, Solutions Engineer","Role DescriptionThe Pfizer Digital Revenue Management (RM) team manages the technology strategy and solutions delivery for the US Market Access Operations Business within the Global Value and Access organization. The MARM team plays a critical role in ensuring patients have access to breakthrough medicines through efficient channels at affordable pricing. The Manager Solutions Engineer will work alongside with US Digital Leads and the solutions delivery development team located in Greece supporting Revenue Management and Market Access of US market as a contributor on multiple projects based on client demands. The candidate will be involved with the business areas including Contract Strategy and Operations, Contract Insights, Customer Service and Trade Operations. The candidate will collaborate with various digital groups of Pfizer and external vendors. This role provides the opportunity to work with exciting breakthrough technologies, integrate with key enterprise systems and be part of Pfizer Digital.
Role Responsibilities

Responsible for managing, developing and delivering solutions through requirements documentation, business analysis, technical development, and process optimization.
Responsible for estimating work efforts for the assigned solutions/projects.
Manage business request prioritization with peers in Pfizer Digital.
Responsible for acting as onboarding resource and mentor to newer colleagues
Must be able to multi-task and perform a wide variety of tasks simultaneously such as organize presentations for upper management, perform system testing, and organize meetings.
Work with peers in Pfizer Digital to project financial estimates for small projects.
Work with peers to manage project delivery through system development lifecycle (SDLC) and Agile Methodologies
Work with peers to manage external system implementation vendors to deliver on projects according to project timelines.
Act as a thought leader on emerging digital technologies.
Use technical acumen and knowledge of technologies to provide detailed advice regarding applications and executes specialized tasks.
Analyze trends, identify and lead implementation of process improvements.





Required skills and qualifications

Bachelor's degree in Computer Science or a related field.
Minimum of 5 years of experience in a large corporate setting with an emphasis on solutions and application development.
Strong development skills in ETL Snowflake, Informatica, Oracle, PL/SQL, SQL, Business Objects, Tableau, AWS, Unix Scripting.
Experience with cloud hosted solutions including AWS.
Ambition to learn and utilize emerging Artificial intelligence technologies.
Excellent communication and interpersonal skills especially with customers.
Strong problem-solving and analytical skills.
Understanding of solutions delivery and delivery methodologies including Waterfall and Agile.
Can-do and positive attitude.

Preferred skills and qualifications

M.Sc. in a relative field.
Technology solutions delivery in a pharmaceutical or regulated environment.
Competency in understanding organizational behaviors in a large corporate environment.
Understanding of Software Development Life Cycle management including requirements definition, design, testing and implementation.
Experience with external Contract Management vendor solutions such as the ModelN FLEX application.
Knowledge of database, storage, hosting, cloud, application, analytics and services technologies.
Experience building relationships with both business partners and Digital technical teams.
Understanding of system auditing principles and guidelines.
Experience with external Contract Management vendor solutions such as the ModelN FLEX application.
Knowledge of database, storage, hosting, cloud, application, analytics and services technologies.
Experience building relationships with both business partners and Digital technical teams.

Pfizer is an equal opportunity employer and complies with all applicable equal employment opportunity legislation in each jurisdiction in which it operates.
To apply please visit our website www.pfizercareers.com and search job Manager, Solutions Engineer id 4918519.",Senior,Full-time,"Thessaloniki, Greece",EL,2024-08-28,kariera.gr,165825,,"['http://data.europa.eu/esco/skill/09f2f811-a3fb-4de3-a70f-6420a6935575', 'http://data.europa.eu/esco/skill/0b144726-21c2-46ed-8d13-c03d27f61604', 'http://data.europa.eu/esco/skill/10026df1-670d-4c75-b3d5-ee0037f9d59b', 'http://data.europa.eu/esco/skill/128f0b4c-8da7-467b-9196-7c691e067a1e', 'http://data.europa.eu/esco/skill/1605025e-a179-421f-8f35-5b07d182a6b2', 'http://data.europa.eu/esco/skill/46990b9b-746e-481d-a66a-0cac3f07dfac', 'http://data.europa.eu/esco/skill/4cdbc76c-75d8-4e12-8653-4820c2d5446f', 'http://data.europa.eu/esco/skill/598de5b0-5b58-4ea7-8058-a4bc4d18c742', 'http://data.europa.eu/esco/skill/5ef0c719-5bcb-49f8-b8eb-824388225333', 'http://data.europa.eu/esco/skill/633a3637-2c6b-40ae-ac38-289eb2a62aa6', 'http://data.europa.eu/esco/skill/6a536b36-c5c7-4d10-bf67-a4fb0f8549b2', 'http://data.europa.eu/esco/skill/6a876489-7ad8-4a13-b09c-c9b8e97a302e', 'http://data.europa.eu/esco/skill/7369f779-4b71-4aab-8836-48b69c676eec', 'http://data.europa.eu/esco/skill/7b1ab171-caed-4561-89e4-b214396b1ae8', 'http://data.europa.eu/esco/skill/96eb286a-58b7-45ff-a916-5578d0b79b8c', 'http://data.europa.eu/esco/skill/a8797f21-1af0-4c5e-98ca-bf1442929363', 'http://data.europa.eu/esco/skill/dba46f87-0831-49cd-a1c7-340a653c0221', 'http://data.europa.eu/esco/skill/dc72ad0a-c5dc-4abd-bc0d-ca43e82162e1', 'http://data.europa.eu/esco/skill/de9f85ba-e77f-48fd-8c66-f5ebaf32d655']","['http://data.europa.eu/esco/occupation/070e94a8-a933-4557-9b95-fefe7f4f1763', 'http://data.europa.eu/esco/occupation/13d1b2b4-99dd-44da-9734-c9f74bae18f7', 'http://data.europa.eu/esco/occupation/2c9939ef-ebab-4111-8f27-605ae8782791', 'http://data.europa.eu/esco/occupation/2ed56c3f-61d6-4f7e-9ef8-8849eb102e4c', 'http://data.europa.eu/esco/occupation/2fb96c6c-8d0b-4ef0-b1ee-3e493305e4eb', 'http://data.europa.eu/esco/occupation/4b3201cb-ffc5-4f61-9fc3-5c0f0038fa5f', 'http://data.europa.eu/esco/occupation/53cdd34e-22f2-41bd-b3c7-de22bf9bbcae', 'http://data.europa.eu/esco/occupation/8cb59bc4-1f39-477e-beea-effed12d186c', 'http://data.europa.eu/esco/occupation/cdd3d773-75a4-4f35-bd1d-1ac720afcf9d']"
2714,"Senior Manager, Data Scientist","ROLE SUMMARYPfizer Digital's Artificial Intelligence, Data, and Analytics organization (AIDA) leverages data science and advanced analytics to change patient's lives. The R&D team under AIDA partners with business stakeholders to drive analytic capabilities, accelerating business insights and providing value for decision making. The R&D Data Science team under AIDA R&D accomplishes this through a focus on the use of data from inside and outside the organization, analyzed by a team of data scientists, in response to business partners to perform analyses that advance our portfolio.In the R&D team, the Senior Manager Data Scientist is a very important role in advancing AI and analytic methods, generating valuable insights using internal and external data sources. The Senior Manager Data Scientist will provide leadership in maximizing the value of Pfizer's investments in AI and analytics capabilities. She/he will work in a fast-paced multidisciplinary environment as the competitive landscape and advanced analytic strategies keep changing rapidly.




ROLE RESPONSIBILITIESThe Senior Manager Data Scientist will:

Locate and analyze different types of relevant data from inside and outside of Pfizer to answer research and development questions.
Provide leadership to and execute projects that help identify targets and enhance clinical trials in collaboration with R&D partners that have diverse scientific and informatics experiences.
Develop, implement, and optimize AI models to solve complex R&D problems using predictive analytics and natural language processing.
Produce actionable data presentations and visualizations that are intuitive, effective, and insightful for decision makers at senior levels throughout the organization.
Develop Proof-of-Concept (POC) utilities for use in answering business questions with innovation, value generation and competitive edge as key differentiators; provide thought leadership and architectural know-how to scale up these utilities for mainstream use by the broader R&D community.
Define and execute POCs using cutting edge and state of the art advanced analytic technologies.
Lead Business initiatives and support Pfizer Digital's Bold Moves

BASIC QUALIFICATIONS

A minimum of a bachelors' degree with 7+ years of experience or a PhD 2+ years' experience in biological sciences or related area
Data analysis experience with heterogeneous data types and familiarity of big data, analytics and/or data mining environments in molecular sciences
5+ years of programming experience with one or more data analytics tools (Python, SAS, R or SQL)
3+ years with a data visualization tool (e.gs., R, DASH, Spotfire, Tableau)
Ability to build and manage models to predict outcomes using data that is often incomplete and/or imperfect and contained in disparate sources; Statistical analysis to understand and improve possible limitations in models.
Demonstrated capabilities in integrating and analyzing heterogeneous datasets; Ability to identify trends, identify outliers and find patterns.
Demonstrated experience in accessing and analyzing research, clinical and/or safety data
Strong verbal and written communication skills
The ideal candidate would have the ability to prioritize activities and work independently as well as in a team.

PREFERRED QUALIFICATIONS

Pharmaceutical industry experience preferred
Understanding of Pharmaceutical R&D data preferred
2+ years data science experience using molecular data sets in biology and/or chemistry
An understanding of one or more pharmaceutical domains including discovery, research, clinical, regulatory or safety would be a strong plus.
Experience with Jupyter Notebooks and/or Shiny applications is a plus
2+ years of data science experience in natural language processing and semantic technologies would be a plus.
Experience in computer vision would be a plus.
Knowledge of deep learning techniques would be a plus.
Experience with Electronic Medical Record and Claims data and/or public datasets a plus.
Experience working in a cloud environment and using cloud-based services is desirable.

Pfizer is an equal opportunity employer and complies with all applicable equal employment opportunity legislation in each jurisdiction in which it operates.
o apply please visit our website www.pfizercareers.com and search job Senior Manager, Data Scientist id 4918041.",Senior,Full-time,"Thessaloniki, Greece",EL,2024-08-28,kariera.gr,165816,,"['http://data.europa.eu/esco/skill/04f1b938-d4d4-4cb1-a863-982af76b9d93', 'http://data.europa.eu/esco/skill/1605025e-a179-421f-8f35-5b07d182a6b2', 'http://data.europa.eu/esco/skill/1b957e3d-0017-42b0-9bfe-49a1cdd31de7', 'http://data.europa.eu/esco/skill/75d8e5d9-bef3-418b-9011-01bff9f27207', 'http://data.europa.eu/esco/skill/ad05c2bf-3905-4e4c-bd56-6fcfdebc994c', 'http://data.europa.eu/esco/skill/c2ce7fe9-203b-492a-961e-9698dce7de19', 'http://data.europa.eu/esco/skill/d62d2b4c-a6f8-439e-8a1b-4f29ab5f2c47', 'http://data.europa.eu/esco/skill/fff0e2cd-d0bd-4b02-9daf-158b79d9688a']","['http://data.europa.eu/esco/occupation/0d93706d-32fd-4de3-aa08-be1003e325da', 'http://data.europa.eu/esco/occupation/1b422c31-f242-46b5-bbdc-aa63885e4b5c', 'http://data.europa.eu/esco/occupation/258e46f9-0075-4a2e-adae-1ff0477e0f30', 'http://data.europa.eu/esco/occupation/53cdd34e-22f2-41bd-b3c7-de22bf9bbcae', 'http://data.europa.eu/esco/occupation/68d973df-bf10-4bf7-9a1b-fbd9f604b9db', 'http://data.europa.eu/esco/occupation/e297ec12-4712-40a4-ad98-ba004cacb205', 'http://data.europa.eu/esco/occupation/e2a495fb-68a3-46f9-8753-6ce566a7a085']"
2757,"Senior Associate, Solution Engineer","All over the world, Pfizer colleagues are working together to positively impact health for everyone, everywhere. Each position at Pfizer touches and contributes to the success of our business and our world. That's why, as one of the global leaders in the biopharmaceutical industry, Pfizer is committed to seeking out inspired new talent who share our core values and mission of making the world a healthier place.R&D within AIDA (AI, Data and Analytics), is a Pfizer Digital organization responsible for the development and management of all data, analytics tools and platforms across the enterprise - from global research and development, to manufacturing, to commercial, to patient care across over 100+ countries. One of the team's top priorities is the advancement of AI/ML enabled analytics and the creation of data solutions that can be leveraged across the enterprise.R&D in AIDA holds responsibility for the development and operations of the aggregate data solutions (data lakes and associated application portfolios) supporting Pfizer's scientific and clinical functions.The Sr. Associate Solution Engineer will develop scientific information software with a team of peer developers, digital client partners, architects, platform leads and contract support personnel under the direction of a senior software developer.




How You Will Achieve It

Work within project teams as a contributor to design, prototype, implement and unit test software solutions in support of the project objectives.
Translate logical designs of user/system interfaces into physical designs, considering the target environment, performance requirements and existing systems.
​Work in a matrix, team environment with Pfizer colleagues as well as vendor partners.
Dedicated to meeting the expectations and requirements of internal and external customers.
Focus on growing as an engineer, learning existing tools, resources and DevOps processes.
Develop productivity skills by learning source control, editors (IDE), build systems (CI/CD), Cloud platforms (Atlassian, GitHub, AWS), and other tools as well as unit testing best practices.
Accept feedback graciously and learn from everything they do .
Exhibit Pfizer's core values of Courage, Excellence, Equity, Joy and focuses on understanding and living these values.
Work under general supervision using own judgement where needed.
Proactively reporting issues and enhancements.
Documenting processes.
Debugging and fixing simple to moderately complex technical issues.





Qualifications
Must-Have

Bachelors degree in relevant field.
At least 3 years of experience as a software developer/engineer .
Demonstrated skills in analysis and problem solving .
Fundamental knowledge of Kubernetes.
Programming using Python and Java.
Knowledge using GitHub for source control and Git Actions for CICD workflows.
Understand modern software engineering, including coding standard, code reviews, source control management, build processes, testing, and releasing.
Knowledge of database interaction languages such as SQL (PySpark is an advantage). 
Comfortable using collaboration tools such as Jira, Confluence and MS Teams.
Ability to challenge, improve and develop existing practices & processes.
Self-motivated with the ability to drive work forward and work well in a geographically dispersed, virtual team environment.
Excellent oral and written communication skills.

Nice-to-Have

Knowledge in operating and managing AWS infrastructure.
Knowledge of Agile development methodologies (ie Scrum) .
Knowledge of ELK or OpenSearch is an advantage.





Pfizer is an equal opportunity employer and complies with all applicable equal employment opportunity legislation in each jurisdiction in which it operates.
To apply please visit our website www.pfizercareers.com and search job Senior Associate, Solution Engineer with id 4916417.",Senior,Full-time,"Thessaloniki, Greece",EL,2024-08-28,kariera.gr,165768,,"['http://data.europa.eu/esco/skill/03b9b491-fc9b-4868-914a-bf7cd47b5041', 'http://data.europa.eu/esco/skill/05aa7c09-46e7-433f-a81b-92841f4551e7', 'http://data.europa.eu/esco/skill/0d6714c6-720e-4985-9791-5ab85d28da79', 'http://data.europa.eu/esco/skill/1605025e-a179-421f-8f35-5b07d182a6b2', 'http://data.europa.eu/esco/skill/19a8293b-8e95-4de3-983f-77484079c389', 'http://data.europa.eu/esco/skill/1b957e3d-0017-42b0-9bfe-49a1cdd31de7', 'http://data.europa.eu/esco/skill/2522a6ce-3202-4ac8-9f5b-b9cb5a3a83a1', 'http://data.europa.eu/esco/skill/ccd0a1d9-afda-43d9-b901-96344886e14d', 'http://data.europa.eu/esco/skill/dba46f87-0831-49cd-a1c7-340a653c0221', 'http://data.europa.eu/esco/skill/f0de4973-0a70-4644-8fd4-3a97080476f4', 'http://data.europa.eu/esco/skill/f8e3425c-fe44-4ffb-bafe-0e20d91dadf4', 'http://data.europa.eu/esco/skill/f9b52e2d-56a7-48ca-b04d-2fc6436fcd4f', 'http://data.europa.eu/esco/skill/fd33c66c-70c4-40e6-b87c-5495bd3bf26e']","['http://data.europa.eu/esco/occupation/196a4c75-9591-436f-9677-67252df34c22', 'http://data.europa.eu/esco/occupation/2fb96c6c-8d0b-4ef0-b1ee-3e493305e4eb', 'http://data.europa.eu/esco/occupation/8c3f536e-ba66-4321-ba40-363dc39f129b', 'http://data.europa.eu/esco/occupation/bd9d395a-d587-45c6-8d72-ceef226df9e1', 'http://data.europa.eu/esco/occupation/cc867bee-ab5c-427f-9244-f7a204d9574b', 'http://data.europa.eu/esco/occupation/f2b15a0e-e65a-438a-affb-29b9d50b77d1']"
2835,Technical Support Agent (Retail & Fuel),"Εpsilon Net, one of the largest IT groups of companies in Greece, the No.1 Best Workplace in Tech 2023, is seeking for the department of Retail & Fuel as a Technical Support Agent to join our dynamic team in Athens, Thessaloniki and Larissa! 
 
Responsibilities:
• Provide 1st level customer support using remote access tools for technical related issues.
• Troubleshoot, repair, and provide accurate, creative solutions to technical issues while ensuring customers satisfaction.
• Process requests received via telephone, email or ticketing system.
• Identify the type of the customer’s contract to provide the best possible solution.
• Prioritizes projects and operations tasks effectively.
 
Requirements:
• A degree in Computer Science or Information Technology.
• Excellent communication skills (both written & oral).
• Excellent analytical & problem-solving skills.
• Basic knowledge in solving Networking issues.
• Enjoy being a team player.
 
Nice to have:
• At least 1 year experience providing end user support in an IT/computer-related field ideally in Support services, will be considered as an asset.
• Microsoft SQL Databases Experience.
 
We offer:
• Multi-awarded working environment (10 Best Workplaces Hellas, 4 Best Workplaces Europe, 2 Best Workplaces™ for Women, 1 Best Workplace in Technology Awards) 
• Competitive remuneration package.
• Ongoing training, opportunities & career development.
• Private medical insurance.
• Psychological support line.
• Online personal- training programs.
• Free participation in Epsilon Training & Epsilon College educational programs.
• Hybrid working model.",Entry / Junior,Full-time,"Kifisia, Greece",EL,2024-08-28,kariera.gr,165675,,"['http://data.europa.eu/esco/skill/07e51c60-763a-4335-b4ec-70a15f66d328', 'http://data.europa.eu/esco/skill/0d7f2cce-245a-4d02-9b8d-2e9946cc4c5d', 'http://data.europa.eu/esco/skill/14832d87-2f2f-4895-b290-e4760ebae42a', 'http://data.europa.eu/esco/skill/49dd67a9-d0a6-4375-b856-85e09032fdac', 'http://data.europa.eu/esco/skill/6430eb0d-c6de-46b7-a7fc-3dd2e8e62a69', 'http://data.europa.eu/esco/skill/726abd5a-d23c-44b9-abb0-f22bbe95f1d3']","['http://data.europa.eu/esco/occupation/41beead9-98ad-4c89-b6e0-a14149f4eeab', 'http://data.europa.eu/esco/occupation/bdf2dd9d-6c92-46f4-a8e7-76c12302d3e7']"
2891,Senior QA Software Test Automation Engineer (Java),"The Role:
As an Automation QA Engineer, you will join an amazing team who are committed to improving product quality. In this role, you will focus on product quality assurance while considering functionality, performance, security, GUI and many other factors.
You will use Java/Kotlin, Selenium, Selenide, REST Assured, TestNG, Gradle, Git, TestRail, and Jenkins while performing automation testing for either web or mobile applications.
Working within the existing testing environment, you will have the chance to create testing suites from scratch. Our team will help you reach your full potential while you work with cutting edge technologies on challenging projects.



The main responsibilities of the position include:


Closely collaborate with the development team to help deliver high quality software
Understand and translate business requirements to technical requirements
Enhance software delivery and quality throughout the entire Software Development Life Cycle
Perform automated functional and performance testing
Design and develop the test automation framework, implement required libraries, and conduct auto-tests
Maintain CI pipelines and integrate automated scripts into CI tools
Manage any issues that may arise and drive resolutions throughout the testing process
Actively participate in the Software Development Life Cycle and Software Testing Life Cycle






Main requirements:


BSc/MSc in Computer Science
Minimum 4 years’ experience in quality assurance and test automation (functional GUI and API)
Practical experience in automation testing with Java (Selenium, REST Assured, or similar for mobile automation) is a must
Experience in writing queries for SQL and NoSQL databases
Experience in agile software development methodologies and testing procedures
Strong interpersonal and organisational skills 
Committed to excellence, continuous improvement, and to achieving the best results
Excellent written and verbal skills in English






Benefit from:


Attractive remuneration package
Intellectually stimulating work environment
Continuous personal development and international training opportunities
Attractive relocation package and support for a smooth relocation for you and your family





 
All applications will be treated with strict confidentiality!",Mid-level,Full-time,"Athens, Greece",EL,2024-08-28,kariera.gr,165619,,"['http://data.europa.eu/esco/skill/0550431f-9c8b-4204-9c45-59bc5feacf06', 'http://data.europa.eu/esco/skill/0ee94c0a-3716-494a-95a2-dcbab9e58be2', 'http://data.europa.eu/esco/skill/3e71ddfd-fff4-4c8d-a510-a46f4e2edb6b', 'http://data.europa.eu/esco/skill/519e801b-3cc4-44d4-bcf1-32fdb9a77e51', 'http://data.europa.eu/esco/skill/598de5b0-5b58-4ea7-8058-a4bc4d18c742', 'http://data.europa.eu/esco/skill/5d74614d-32c8-4ca4-9818-6980e52424b1', 'http://data.europa.eu/esco/skill/7253d98c-4a6d-4e37-8b6c-accca9f4b639', 'http://data.europa.eu/esco/skill/7557f0f4-b8bc-4ac0-b91e-222ab1ba744f', 'http://data.europa.eu/esco/skill/76ef6ed3-1658-4a1a-9593-204d799c6d0c', 'http://data.europa.eu/esco/skill/b8c01891-e3df-4a4b-948d-95b45e1788f5', 'http://data.europa.eu/esco/skill/ca1a708c-0178-4ef3-8b5a-1eabfc533b0a', 'http://data.europa.eu/esco/skill/dba46f87-0831-49cd-a1c7-340a653c0221', 'http://data.europa.eu/esco/skill/f9738fc9-4d67-43e8-bfda-954123e34d42']","['http://data.europa.eu/esco/occupation/2ed56c3f-61d6-4f7e-9ef8-8849eb102e4c', 'http://data.europa.eu/esco/occupation/61d9270c-491d-438d-8d41-77ba2e0ef023', 'http://data.europa.eu/esco/occupation/bb609566-3ab6-44dd-8f48-cf0b15b96827', 'http://data.europa.eu/esco/occupation/e9507d34-c70f-474f-a4a3-d2cbfe50f6e9', 'http://data.europa.eu/esco/isco/C2519']"
2909,BI Data Engineer,"Volton Hellenic Energy SA is a Greek company that is dynamically active and is increasing its capacity rapidly in the field of Electricity Supply and Trading, in the Gas Energy Sector and soon enough in the field of Telecommunications.
 
By offering reliable services that meet the ever-growing energy needs of businesses and households, Volton aims to build solid and trustful relationships with its customers. The company's ambition is to become one of the most important companies in the industry and remain at the forefront of developments in electricity and gas supply. The company will soon enter the Telecommunication sector aiming to expand more the portfolio of services. As part of its development, Volton strengthens its human resources in Athens and seeks:
 
BI Data Engineer
 
We are looking for a Data Engineer to join our growing Data Warehouse team. This position will assist in most functions regarding Data Warehousing, Business Intelligence & Reporting, with the primary focus revolving around Data Engineering tasks. The position reports to the Data Warehouse Architect.
 
Position responsibilities:

Data Discovery and Extraction from multiple sources (transactional systems, files etc.)
Development of Data Pipelines
Data Transformation and Cleansing
Data Model Design in collaboration with data architects
Requirements Analysis in collaboration with business analysts
Data Analysis, Visualization, and Reporting

 
Requirements

Bachelor's degree in Computer Science, Engineering, or equivalent field
At least 2 years of related working experience
Solid knowledge of SQL and data modeling techniques, preferably experience with T-SQL
Good knowledge of ETL process design and experience with an ETL tool, ideally SSIS
Experience in Reporting and Data Visualization tools, ideally Power BI
Knowledge of OLTP, Data Warehouse relational and multi-dimensional databases design and implementation (Normal Forms, Star Schemas, etc.)
Good command of at least one programming language like Python, Java, C# or any other modern language
Understanding of fundamental computer science knowledge (data structures, algorithms, etc.)
Strong problem-solving skills and analytical thinking

 
The Company offers:

Competitive remuneration package
Private insurance
Corporate benefits & perks
Continuous training and professional development
Excellent professional environment
Modern and productive working facilities

 
Don’t miss the chance to join a Great Place to Work-Certified Company that promotes a positive work environment.
 
 
All applications will be treated with confidentiality.
If your CV meets the requirements of the job, we will contact you by phone to schedule an appointment.
Information about the Group on our site volton.gr",Mid-level,Full-time,"Metamorfosi, Greece",EL,2024-08-28,kariera.gr,165591,,"['http://data.europa.eu/esco/skill/143769cb-b61e-47d8-a61e-eedfbec1016c', 'http://data.europa.eu/esco/skill/19a8293b-8e95-4de3-983f-77484079c389', 'http://data.europa.eu/esco/skill/2239694b-771a-4586-8b54-2794e361a9ae', 'http://data.europa.eu/esco/skill/25f0ea33-b4a2-4f31-b7b4-7d20e827b180', 'http://data.europa.eu/esco/skill/310da5da-517c-4496-a673-92001098a2b7', 'http://data.europa.eu/esco/skill/348b74cd-49ce-4844-8bdf-ec188b497213', 'http://data.europa.eu/esco/skill/3ec2e4d6-7000-4905-bf1a-c5b1679416de', 'http://data.europa.eu/esco/skill/4707da90-9cfc-46ca-8de0-38a0b7bfb137', 'http://data.europa.eu/esco/skill/484d048c-a5d1-46a5-b57f-45b69c0ac552', 'http://data.europa.eu/esco/skill/48db96bf-3314-45c6-bad8-fdb6e20e5639', 'http://data.europa.eu/esco/skill/4c016b68-4116-468c-9dc6-42710c239e4a', 'http://data.europa.eu/esco/skill/598de5b0-5b58-4ea7-8058-a4bc4d18c742', 'http://data.europa.eu/esco/skill/60b44dab-03f1-46de-be08-0e5ba8662b3d', 'http://data.europa.eu/esco/skill/65e58886-bd1e-4c5b-8ca5-8d9b353c8aa1', 'http://data.europa.eu/esco/skill/6f7512ab-d46d-402a-8c30-a8878d7c1f88', 'http://data.europa.eu/esco/skill/7b5cce4d-c7fe-4119-b48f-70aa05391787', 'http://data.europa.eu/esco/skill/94e7a22f-16b8-4eee-98ba-a5b09e9cdf96', 'http://data.europa.eu/esco/skill/a8797f21-1af0-4c5e-98ca-bf1442929363', 'http://data.europa.eu/esco/skill/a8d24a95-47b3-4f88-92e7-06600bcd3612', 'http://data.europa.eu/esco/skill/ccd0a1d9-afda-43d9-b901-96344886e14d', 'http://data.europa.eu/esco/skill/fd6d2981-3d4a-4ce2-9741-cfc98c5b74bd', 'http://data.europa.eu/esco/skill/fecf8a0d-62c4-4e71-9b03-0f4fc2ad7bf5']","['http://data.europa.eu/esco/occupation/1562c7a3-c7d9-419d-b9b6-db26610bcf84', 'http://data.europa.eu/esco/occupation/2079755f-d809-49e6-8037-4de6180e54c0', 'http://data.europa.eu/esco/occupation/207d7b18-6540-432e-8aa6-785ed434572f', 'http://data.europa.eu/esco/occupation/812c217d-32b7-4f6a-9faf-993d3577ac7f', 'http://data.europa.eu/esco/occupation/8d586ee9-0ab1-4155-a3b0-2ca786c8e48c', 'http://data.europa.eu/esco/occupation/8d9ec84d-cf2d-4179-87bc-335cda54a427', 'http://data.europa.eu/esco/isco/C2', 'http://data.europa.eu/esco/isco/C214', 'http://data.europa.eu/esco/isco/C334']"
3022,Senior CRM Strategist,"The organization
Why Join Us? It's More Than a Job in Retail, It's Your Story.
At Public Group, we believe in the power of our people in a sustainable way. That's why we're not just focused on what you do, but who you become. We're committed to fueling your growth, because when you win, we all win. Imagine a place where you feel supported, valued, and empowered to make a real difference.  A place where you can build a career you love, to leave your mark in our story!
Public Group strategically invests to create an ecosystem of innovative scaleups around its core Omnichannel Retail business, with the objective to provide exciting customer experiences powered by operational excellence. We bring together technology, talent & entrepreneurship to create value in the Greek market & society.
Our Omnichannel retail, in Greece and Cyprus, is the love brand Public, a Leading Omnichannel Home Living, Tech & Entertainment Retailer with long lasting heritage. Innovation is part of our DNA. Through our ecosystem of startups and organizations, - iRepair, Klarna, Douleutaras.gr, SVUUM, Bookvoice, BOX NOW, Instacar, our tech PublicNEXT, Endeavour, Big PI, Metavallon, & Venture Friends - we offer pioneer services to our consumers. We operate 60 stores, 3 eShops and an ecosystem of digital properties such as: public ticketing, public business and bookfriends.gr.
We are looking for a talented Senior CRM Manager to join our team. In this role, you will be responsible for developing and executing a comprehensive CRM strategy that drives customer lifetime value across our diverse customer segments, both consumer and business. You will lead the orchestration of CRM campaigns, utilizing data-driven insights to optimize customer engagement, retention, and satisfaction.
 
Responsibilities: 

Leads the development and execution of Public’s CRM strategy, ensuring alignment with business goals and customer needs. 


Enhances and manages our portfolio of customer segments, microsegments, and personas to ensure tailored and effective communication strategies. 


Oversees the preparation, execution, and optimization of targeted CRM campaigns across all channels. Ensure campaigns are relevant, timely, and aligned with customer journeys to maximize conversion and ROI. 


Manages and optimizes Public’s marketing automation platforms, driving the execution of an omnichannel automation strategy triggered by customer attributes, transactional data, and behavioral events. 


Implements strategies to grow and maintain Public’s contactable customer base, focusing on both acquisition and retention. 


Develops and refines a robust contact strategy that maximizes customer engagement while avoiding fatigue, ensuring a balance between frequency and relevance. 


Works closely with cross-functional teams including Marketing, Data Analytics, IT, and Sales to ensure seamless campaign execution and integration with other customer touchpoints. 


Establishes KPIs and regularly analyzes CRM performance, providing actionable insights to optimize strategies and reporting outcomes to senior management. 

 
Requirements: 

At least 5 years of experience in CRM, with a strong background in campaign management, customer segmentation, and data-driven marketing. Experience in industries such as retail, telecommunications, or eCommerce is highly desirable. 


Bachelor’s degree in Marketing, Digital Marketing, or a related field is required. A Master’s degree or relevant certifications in CRM, Digital Marketing, or Analytics is a strong plus. 


Proficiency in CRM platforms (e.g., Salesforce, Microsoft Dynamics), marketing automation tools, SQL, Microsoft BI, and Google Analytics. Strong command of Excel and PowerPoint is essential. 


Strong analytical skills with the ability to interpret data and derive actionable insights. Creativity in developing innovative CRM strategies and campaigns. 


Excellent written and verbal communication skills in English, with the ability to craft compelling messages and present complex ideas to various stakeholders. 


Copywriting abilities, aesthetic and commercial perception, negotiation, and teamwork skills. A strong sense of self-motivation, enthusiasm, and a passion for delivering exceptional customer experiences. 

 
What we offer:

Competitive compensation & benefits package
Bonus scheme
Life & Health insurance
Behavioral health programs
Dynamic work environment
Exciting opportunity to grow with the role
Great experience in a well-known and respected growing business
LinkedIn Learning account for continuous learning",Senior,Full-time,"Kifisia, Greece",EL,2024-08-27,kariera.gr,165468,,"['http://data.europa.eu/esco/skill/05fc6f8d-639c-4329-a6de-dfdd800ed091', 'http://data.europa.eu/esco/skill/0e54cc0e-6cef-41ec-bd8c-e8e8778969ec', 'http://data.europa.eu/esco/skill/136e0cab-0b19-48f7-9086-745d615f416b', 'http://data.europa.eu/esco/skill/1605025e-a179-421f-8f35-5b07d182a6b2', 'http://data.europa.eu/esco/skill/43dfbe7f-9e10-4871-b171-e5076737b4cf', 'http://data.europa.eu/esco/skill/598de5b0-5b58-4ea7-8058-a4bc4d18c742', 'http://data.europa.eu/esco/skill/60b44dab-03f1-46de-be08-0e5ba8662b3d', 'http://data.europa.eu/esco/skill/68698869-c13c-4563-adc7-118b7644f45d', 'http://data.europa.eu/esco/skill/69f36674-440a-4fa0-89f9-1b70172ebb9d', 'http://data.europa.eu/esco/skill/7954861c-86d4-4529-afbb-2c23dab9ac74', 'http://data.europa.eu/esco/skill/7bb5d9af-0a7e-48a7-a860-0e1ded0f6e75', 'http://data.europa.eu/esco/skill/92721092-fe7c-4689-96bd-4f02385bc0e7', 'http://data.europa.eu/esco/skill/97bd1c21-66b2-4b7e-ad0f-e3cda590e378', 'http://data.europa.eu/esco/skill/abf09aa8-a7a9-43b0-9f6e-33ac110c7a4e', 'http://data.europa.eu/esco/skill/ce592b28-4467-4908-b2e6-64bbe18da631']","['http://data.europa.eu/esco/occupation/13427968-250b-4967-a682-afac5cd0af4f', 'http://data.europa.eu/esco/occupation/53cdd34e-22f2-41bd-b3c7-de22bf9bbcae', 'http://data.europa.eu/esco/occupation/8bd74371-1818-47d5-a253-d703c51c5f26', 'http://data.europa.eu/esco/occupation/dc97adbe-f807-4ad8-8f3c-c24b3416cdef', 'http://data.europa.eu/esco/isco/C1120', 'http://data.europa.eu/esco/isco/C2153']"
3179,IT Consultant,"Foxline Solutions A.E., based in Glyfada, which operates in the service sector, is looking for an IT service consultant.
Duties 

Technical support of information systems
Monitoring, maintenance and upgrading of computer systems (Servers / Clients)
Network management (IP Routing/Switching)
Installation and PC configuration at hardware and software level.
Installation and maintenance of wireless equipment
Perception and recording of customer needs  

Necessary Qualifications

Very good knowledge of English.
Completed military obligations.
Experience installing, managing and troubleshooting Microsoft products (MS Windows, MS Office).
Experience installing, managing and troubleshooting Microsoft Server products (Windows, Active Directory).
Driver's license.

Desired Qualifications

Experience in virtualization platforms (VMware, Hyper-V).
Good knowledge of network security solutions (Antivirus, Firewall, VPN).
Administrator knowledge in SQL Server databases

Skills

Organizational skills, systematicity and attention to details
Diligence, initiative, teamwork
Dynamic personality with developed communication skills
Ability to manage tasks and prioritize
Spirit of cooperation
A culture of continuous improvement and finding solutions 

They are provided

Satisfactory salary based on seniority
Ideal working environment
Development opportunities.",Senior,Full-time,"Glyfada, Greece",EL,2024-08-27,kariera.gr,165272,,"['http://data.europa.eu/esco/skill/001115fb-569f-4ee6-8381-c6807ef2527f', 'http://data.europa.eu/esco/skill/054f26ab-cfdc-4077-883c-1c4c9e9b310a', 'http://data.europa.eu/esco/skill/0550431f-9c8b-4204-9c45-59bc5feacf06', 'http://data.europa.eu/esco/skill/117373c8-f04b-4fff-8683-aebe36edac81', 'http://data.europa.eu/esco/skill/677d5144-4c77-4f8d-afc7-116f4bc0e660', 'http://data.europa.eu/esco/skill/aee24c19-7dfd-4011-ae95-7a2fe2f7e369', 'http://data.europa.eu/esco/skill/c5bc42be-4970-4dce-80e2-af78bae42e84', 'http://data.europa.eu/esco/skill/fd311456-d8d2-43ca-b6be-a66bbff90302']",['http://data.europa.eu/esco/occupation/b1c80369-067e-4041-84c8-dbe65640a5d8']
3252,Data Analyst,"About us – we are a challenger bank in Southeast Europe and regional leader in alternative payment solutions, building an ecosystem by combining financing and shopping to address customers’ needs. Our successful business model and customer-focus approach allowed us to be one of the most profitable and efficient banks in the region. We currently serve customers in Romania, Germany, Bulgaria & Lithuania.We have now expanded our global footprint in Greece with thousands of merchants and consumers. Do you want to play a key role in our unique success story?
If yes, we are looking for a Data Analyst to join our Team in Greece!
What you get to do in this role:

Acquire and combine data, analyze results, provide regular and ad-hoc reports analysis.
Collaborate with partners to understand data sources and data interpretation logic.
Further shape the existing PowerBI dashboards and DWH infrastructure.
Work with data manipulation and transformation tools.
Have great fun while shaping the future of our digital bank.

 
What we are looking for:

Bachelor's or/and Master’s Degree in Computer Science, Mathematics, Statistics or a related technical field.
3-5 years of experience in a similar position.
Enthusiasm in driving business questions to actionable answers.
Strong understanding of SQL and ability to achieve creative ad-hoc or standard reports.
Strong analytical skills with the ability to collect, organize, analyze and interpret significant amounts of relational data with attention to detail and accuracy.
Creation of visuals with Microsoft PowerBI or a similar BI tool.
Proactive personality, who is ready to take ownership of the tasks assigned and drive it to resolution.
Good business acumen.
Fintech/banking experience is a plus.
Fluent level of English language.

In Return, We Will Give You

Opportunity to be a part of growing organization where you can see the difference you made!
Joining a team of passionate, loud and sometimes a little bit professionally crazy experts.
Experiencing endless fun, challenges, and short-term deadlines.
Enjoying independence in your work.
Trained, mentored, and worshiped.
Eating fruits during the day (on the house).
Receive competitive salary and other benefits.
A friendly environment & team of passionate multinational professionals. Don’t be surprised if you talk to 16+ nationalities @ tbi bank!

 
If this sounds like something you’d be interested in, we'd love to hear from you!To apply for this position, please send us your CV in English.Your candidacy shall be treated confidentially in accordance with the GDPR. Only shortlisted candidates will be contacted for interview.",Mid-level,Full-time,"Chalandri, Greece",EL,2024-08-27,kariera.gr,165180,,"['http://data.europa.eu/esco/skill/4339176e-3acd-4f7f-a5d9-445bee3d23f2', 'http://data.europa.eu/esco/skill/6d3edede-8951-4621-a835-e04323300fa0', 'http://data.europa.eu/esco/skill/aafbfaa4-5f93-457e-8cb8-d4ed855277f8']","['http://data.europa.eu/esco/occupation/72628f3a-fd49-499a-9741-870b0a1fcef2', 'http://data.europa.eu/esco/occupation/7843a4c6-a9f6-4095-94b9-45b384d4bd57']"
3260,"Sr. Associate, Cybersecurity Automation Developer","ROLE SUMMARYThe Global Information Security (GIS) organization delivers proactive cyber defense for the global Pfizer enterprise. Our mission is to secure all of Pfizer's information assets ranging from the manufacturing floor to the core data centers and out to the patient facing solutions. We achieve this mission through a team of world-class talent, utilizing top-tier technologies, advanced analytics and the promotion of a cybersecurity ownership culture across the company. This role requires the individual to embrace an agile work environment and demonstrate a collaborative mindset, adaptability to change, and a proactive approach to problem solving.In this role, we are looking for emerging talent to develop analytics and automations that enable seamless execution and monitoring of operations, while being compliant to standard processes for Global Cybersecurity Engineering services. The Sr. Associate, Cybersecurity Automation Developer is a hands-on role which will develop analytics, and automations and work towards Infrastructure as Code and Policy as a Code to ensure end to end reliability, continuity and consistency of our services to protect Pfizer.For Pfizer, we look for candidates that are motivated, self-learning, and team-oriented individuals. From a technical perspective, an ideal candidate would have the skills shown below, but candidates that possess a strong subset and an attitude towards self-development & growth will be considered.




ROLE RESPONSIBILITIESThis role will have the following primary responsibilities, but will often act under the support and direction of the Sr. Manager, Cybersecurity Engineering Automations Lead:

Design and implement Infrastructure as Code to automate provisioning and management of infrastructure.
Automate Policies as Code and ensure compliance with organizational and regulatory standards.
Develop automations to eliminate manual repetitive tasks and allow time for more meaningful work.
Develop and optimize automation scripts for configuring and managing cloud infrastructure, while ensuring efficient and error free deployment process.
Create analytics from transactional logs from Global Cybersecurity Engineering solutions to provide visibility to support operational monitoring and policy analysis.
Develop analytics/analyze data to improve situational awareness and make informed decisions.
Manage small to medium security enhancement and remediation projects.
Demonstrate commitment to training, self-study and maintaining proficiency in the technical cyber security domain.
Demonstrate effective oral, written, and interpersonal communications skills as well as organizational and planning abilities.
Create and document processes, templates, and workflows for service execution across the Global Cybersecurity Engineering services.
Create and maintain compliance and audit related records relevant to the automation processes.

BASIC QUALIFICATIONS

BS in Computer Sciences, Information Security, Information Systems, Engineering, Sciences, or related field.
3+ years of experience.
Experience with Python and SQL.
Experience developing automated workflows using a graphical user interface solution.
Experience developing python scripts for data collection and automation use cases.
Experience performing raw data analysis using a log repository or SIEM.
Ability to learn and adapt to new technologies.
Strong critical thinking and problem-solving abilities.
Ability to prioritize and execute with minimal direction or oversight.
Concise, accurate communication skills (both verbal and written).
Ability to work both independently and in a team-oriented, collaborative environment.
Demonstrated commitment to training, self-study and maintaining proficiency in the technical cyber security domain.
Demonstrated experience in an agile work environment possessing qualities such as a collaborative mindset, adaptability to change, and a proactive problem-solving approach.

PREFERRED QUALIFICATIONS

Experience with Infrastructure as Code, Policy as Code, Security.
Experience with Terraform, PowerShell, and cloud infrastructure monitoring tools.
Experience developing alerts and reports based on data logs.
Experience with agile ways of work, Scrum framework and Scrum Master role.
Experience with compliance frameworks, code quality assurance and audit processes.
Experience creating workflows and templates in Confluence/JIRA.

Pfizer is an equal opportunity employer and complies with all applicable equal employment opportunity legislation in each jurisdiction in which it operates.
To apply please visit our website www.pfizercareers.com and search job Sr. Associate, Cybersecurity Automation Developer with id 4915504.",Senior,Full-time,"Thessaloniki, Greece",EL,2024-08-27,kariera.gr,165177,,"['http://data.europa.eu/esco/skill/055192dc-f16c-4855-835d-19cac6ff20aa', 'http://data.europa.eu/esco/skill/1fce1197-3a5b-45b7-8797-575cd3b57a01', 'http://data.europa.eu/esco/skill/49de9958-2aa4-4eef-a89d-fe5d5bcd28c4', 'http://data.europa.eu/esco/skill/598de5b0-5b58-4ea7-8058-a4bc4d18c742', 'http://data.europa.eu/esco/skill/6f1edc19-191f-4ba5-a048-ee69aff05bab', 'http://data.europa.eu/esco/skill/7dd94ad3-13d6-43fe-8b94-51fcbf67ced9', 'http://data.europa.eu/esco/skill/8181aa4c-42bc-4036-a3d2-5cb6bbb34239', 'http://data.europa.eu/esco/skill/8327754d-3990-4056-b07e-4faa49cfcd26', 'http://data.europa.eu/esco/skill/a80fb090-63f4-4b05-83a5-2f090deb7757', 'http://data.europa.eu/esco/skill/adc6dc11-3376-467b-96c5-9b0a21edc869', 'http://data.europa.eu/esco/skill/bda0d115-f315-453e-99dc-f8b0e5862db3', 'http://data.europa.eu/esco/skill/c5449667-9b40-4114-8d74-f51177669984', 'http://data.europa.eu/esco/skill/ccd0a1d9-afda-43d9-b901-96344886e14d', 'http://data.europa.eu/esco/skill/ed0718f6-5823-4c74-9749-2936c9c06203', 'http://data.europa.eu/esco/skill/f4a6e9f7-5cff-46c0-894c-59c20bb78694', 'http://data.europa.eu/esco/skill/f9738fc9-4d67-43e8-bfda-954123e34d42']","['http://data.europa.eu/esco/occupation/0ce5a9f4-e00a-4bbe-b255-3c63407167a4', 'http://data.europa.eu/esco/occupation/53cdd34e-22f2-41bd-b3c7-de22bf9bbcae', 'http://data.europa.eu/esco/occupation/6cd08cbe-7611-4d70-8886-6c59c0385442', 'http://data.europa.eu/esco/occupation/7f2761eb-4edc-48ad-9fbf-eed0a0db9a21', 'http://data.europa.eu/esco/occupation/9729c0f3-c9bc-482e-ac59-a82ec3b67ba3', 'http://data.europa.eu/esco/occupation/a44a1dc5-be08-4840-8bd5-770c4ac1ca6d', 'http://data.europa.eu/esco/occupation/bb609566-3ab6-44dd-8f48-cf0b15b96827', 'http://data.europa.eu/esco/occupation/caf7b8fb-b2d6-46b7-bffa-bea7f8e4aed8', 'http://data.europa.eu/esco/occupation/e9507d34-c70f-474f-a4a3-d2cbfe50f6e9', 'http://data.europa.eu/esco/isco/C214', 'http://data.europa.eu/esco/isco/C2529']"
3375,Senior Full Stack Engineer,"Join INTRALOT as a Senior Software Engineer \n\nYour Role: As a Senior Software Engineer at INTRALOT, you'll lead the charge in crafting exceptional digital experiences. You'll be at the heart of our development efforts, leveraging cutting-edge technologies to deliver robust solutions.\n\nYour Responsibilities:\n\n Spearhead the development life cycle, from concept to deployment, focusing on coding excellence and rigorous testing.\n Architect scalable solutions to accommodate fluctuating user demands and evolving business requirements.\n Mentor and collaborate with a talented team of developers, sharing your expertise and fostering a culture of continuous improvement.\n Champion best practices in coding, testing, and deployment, driving innovation and efficiency.\n Collaborate closely with cross-functional teams to ensure alignment with strategic objectives and technical standards.\n\nYour Qualifications:\n\n Bachelor's or Master's Degree in Computer Science, Software Engineering, or a related field.\n 5+ years of hands-on experience in Software Development, with a strong emphasis on web applications.\n Expertise in Javascript (ES6+), React.JS, Redux, and Node.js, with a proven track record of delivering complex projects.\n Deep understanding of relational databases and proficiency in SQL.\n Strong grasp of RESTful APIs and modern web development principles.\n Proficiency in version control systems, particularly Git.\n Excellent communication skills, with fluency in both Greek and English.\n\n\nAbout Us: INTRALOT, a publicly listed company established in 1992, is a leading gaming solutions supplier and operator active in 39 regulated jurisdictions worldwide. With a global workforce of approximately 1,700 employees, INTRALOT is committed to redefine innovation and quality of services in the lottery and gaming sector, while supporting operators in raising funds for good causes. In 2023, INTRALOT was distinguished as a top ten most attractive employer brands in Greece.\n\nINTRALOT has been awarded the prestigious WLA Responsible Gaming Framework Certification by the World Lottery Association. We always act with integrity and enjoy what we do.\n\n\nWhy Join Us:\n A competitive compensation package combined with additional benefits.\n Hybrid working model.\n Private Insurance for you and your family. \n Modern facilities, parking inside, enticing restaurant and corporate bus.\n An extensive training program upon induction and throughout employment.\n Exceptional opportunities to learn and develop in a multinational environment.\n Prospects for professional growth both locally and globally. \n\n Equal Opportunity Employer: We celebrate diversity and are proud to be an Equal Opportunity Employer. We welcome applicants from all backgrounds and do not discriminate based on race, color, religion, gender, sexual orientation, national origin, age, marital status, medical condition, disability, or any other protected status. Our premises in Paiania, Attica, are accessible to individuals with disabilities.",,Full-time,"Paiania, Greece",EL,2024-08-25,kariera.gr,148435,,"['http://data.europa.eu/esco/skill/0550431f-9c8b-4204-9c45-59bc5feacf06', 'http://data.europa.eu/esco/skill/0ee94c0a-3716-494a-95a2-dcbab9e58be2', 'http://data.europa.eu/esco/skill/3cd569a2-4f88-4c1e-9995-8dce8c5e51a7', 'http://data.europa.eu/esco/skill/5bac4bcc-1846-4688-ba02-ad2b51544282', 'http://data.europa.eu/esco/skill/e24377fb-020b-4430-8bed-86dd539bbf3a']","['http://data.europa.eu/esco/occupation/50af07f0-7a75-424e-a66d-5a9deea10f4c', 'http://data.europa.eu/esco/occupation/57af9090-55b4-4911-b2d0-86db01c00b02', 'http://data.europa.eu/esco/occupation/d18a8976-a283-42ad-9541-75c49396dbd7', 'http://data.europa.eu/esco/isco/C2512']"
3378,ERP Developer & ERP Consultant | Commercial Application Support (SoftOne/ EpsilonNet),"BUSINESSCOM EPE is an IT company specializing in IT & accounting services since 1987. 
It is looking for reliable partners - with an appetite for the positions of ERP Consultant & ERP Developer (Business Application Support & Installation).
The main goal is the implementation and support of computerization projects and ERP & CRM applications (SoftOne, EpsilonNet)
Responsibilities:
Recording and analysis of business processes of companies
Customization of business processes through the ERP application of each client
Training and support of each user of the information systems
Address and resolve issues immediately
 
Necessary qualifications:
Bachelor of Informatics - Computer Science
Good knowledge of commercial management of companies
Experience in requirements analysis & configuration of ERP systems
Fluency in written & oral language with ability to present solutions
Ease of communication, flexibility, adaptability, teamwork spirit
Ability to communicate with clients - partners & colleagues
Relevant experience of 2-3 years in a similar role and position 
Completed military service for male applicants
 
They will be especially appreciated:
Experience in the use & configuration of ERP applications (Soft1, Epsilon)
Experience in using & customizing other ERP equivalents
Experience with SQL databases
Basic programming knowledge (Java Scripting)
Additional Information:
Hours 9:00-17:00 / 9:30-17:30
Prospects & Possibilities for Development - Salary - Training
Salaries based on the capabilities of each candidate - interested party
Modern & Awesome Friendly Collaboration Environment
 
PS: Interested parties with contact & basic knowledge of programming/IT - with interest and zeal to really deal with the commercial applications part are very much welcome to apply.
Thank you and with sincere pleasure to get in touch and cooperate with you.",Mid-level,Full-time,"Peristeri, Greece",EL,2024-08-25,kariera.gr,165048,,"['http://data.europa.eu/esco/skill/0ee94c0a-3716-494a-95a2-dcbab9e58be2', 'http://data.europa.eu/esco/skill/15d76317-c71a-4fa2-aadc-2ecc34e627b7', 'http://data.europa.eu/esco/skill/49de9958-2aa4-4eef-a89d-fe5d5bcd28c4', 'http://data.europa.eu/esco/skill/652da95d-b336-497a-bce5-1c29a674eecb', 'http://data.europa.eu/esco/skill/9e84a506-df06-4be3-874a-fa01293e3dd5', 'http://data.europa.eu/esco/skill/c3a03c5a-c260-4c26-9b9a-873abb396f4d']","['http://data.europa.eu/esco/occupation/2d3d7188-47ab-49b9-9045-e452d9db06f1', 'http://data.europa.eu/esco/occupation/6a29d804-f775-446c-bec7-35fc4e28ac97', 'http://data.europa.eu/esco/occupation/b1c80369-067e-4041-84c8-dbe65640a5d8', 'http://data.europa.eu/esco/occupation/f31f487b-4ce2-40f3-90e8-7d0011b4ef1d']"
3412,Test Automation Leader,"Company DescriptionWe are Netcompany-Intrasoft, a member of Netcompany Group A/S, and a leading European IT Solutions and Services company with strong international presence and expertise, dedicated to responsible digitalisation. We offer innovative and added-value solutions of the highest quality to a wide range of public and private organizations, while being a key-player in the EU Institutions for the past 30 years. We hold an outstanding record of 500+ organizations in 70+ countries, that have chosen our solutions and services, to fulfil their business needs. Our team of 3500+ professionals is our driving force and our most valuable asset.Job DescriptionOur fully inhouse Testing team consists of 180 professionals across our sites and is Gold ISTQB partner. This is a team led by Test Managers, that serves the entire Netcompany-Intrasoft organization, bringing value and benefit in all the technologies we use and offer. Our Testing team is engaged with a vast portfolio of services, technologies, solutions and methodologies.As a Test Automation Leader you will:Work on analyzing and managing the testing lifecycle of large-scale software applications of EU institutions / Products / Public Sector. You will be exposed to a wide variety of services and technologies in a multinational environment.QualificationsWhat would make you a fit for the role:University degree in Information Technology or another relevant field and 7+ years of experience in Test Automation, including leadership rolesProven experience in Software Testing and Test Automation, with expertise in designing and implementing Test Automation Strategies for Component, Functional, Regression, and Performance testsExtensive experience in testing complex business logic of enterprise-level systems and microservices architecturesProficiency in Java, .NET, Typescript, SQL, HTML, XML, JSON, Shell & Bat scriptingExpertise in various tools/frameworks such as Selenium, Appium, Playwright, Cypress, WebdriverIO, TestNG, JUnit, NUnit, Spring, Spring Boot, Cucumber, SpecFlow, Rest Assured API, SoapUI, Postman, JMeter, LoadUI, K6, BPMN, Kafka, JMSExperience with Test Management (Xray, Zephyr, Azure Test, etc.) and Defect Management Tools (Jira, etc.) and in automated integrations with those toolsProficiency with CI Tools (Jenkins, Bamboo, etc.) and pipeline scriptingExperience with Docker, Kubernetes is considered a plusStrong background in creating Test Cases, Test Scripts, Test Reports, and participation in Test CyclesProven ability to train, guide, coach, and share knowledge with less experienced team membersDeep understanding of Agile Software Development methodologiesFlexibility to manage multiple projects and technologies simultaneouslyExcellent command of the English language (written & oral).Additional InformationBeing a part of the Netcompany-Ιntrasoft team, you will be provided with: The opportunity to work in a modern environment & in a hybrid working modelA seamless onboarding experience and a buddy to support you on your first stepsA competitive compensation & benefits packageHealth and life insurance programMeal Well-being activities (on premises)Continuous learning opportunities using the most modern methods (unlimited access to Udemy for Business, ad-hoc trainings)A personalized development plan for targeted career growthIf you are looking forward to be part of a diverse environment, and have the opportunity to work alongside well-experienced professionals, on challenging, large-scale projects that directly impact millions of citizens around the globe, then this is the place to be!When at the office you will have the chance to work at our brand-new, state-of-the-art, sustainable offices, located in 3 different spots in Athens!Please submit your detailed CV and cover letter (in English)Our cultureOur people are the most important element of our success. Our work life is well defined by our set of fundamental Values: https://bit.ly/3SSbBzU  #BePartOfSomethingGreat!*Please submit your CV in EnglishAll applications will be treated as strictly confidential.",,Full-time,"Patra, Greece",EL,2024-08-24,kariera.gr,161225,,"['http://data.europa.eu/esco/skill/0a9acb6b-1139-4be9-b431-3a80a959f2f4', 'http://data.europa.eu/esco/skill/0af062de-eb43-41e9-9b96-249e2cd22d26', 'http://data.europa.eu/esco/skill/23ac233d-84ad-4517-b0f5-8ca19ba2614e', 'http://data.europa.eu/esco/skill/2d3552aa-08da-4aad-9942-675be826a212', 'http://data.europa.eu/esco/skill/3993c87c-7719-4186-811b-8ddfb40e76be', 'http://data.europa.eu/esco/skill/598de5b0-5b58-4ea7-8058-a4bc4d18c742', 'http://data.europa.eu/esco/skill/7557f0f4-b8bc-4ac0-b91e-222ab1ba744f', 'http://data.europa.eu/esco/skill/867137fb-ff1b-4ca3-99f3-cb6969aa2c68', 'http://data.europa.eu/esco/skill/8f6ed69b-29d0-4c01-81ba-f05920a185f3', 'http://data.europa.eu/esco/skill/f47a1998-0beb-43be-9f46-380aa4d183da']","['http://data.europa.eu/esco/occupation/572c51ef-531b-4331-8e66-b1641173e54e', 'http://data.europa.eu/esco/occupation/719f101d-1866-49d3-8d5c-2256f606a8b9', 'http://data.europa.eu/esco/occupation/7ed2e153-8da8-4c0d-b4c5-3402c623f34b', 'http://data.europa.eu/esco/occupation/ab7bccb2-6f81-4a3d-a0c0-fca5d47d2775']"
4144,Senior Software Engineer,"OPENVIEW Technology is looking for partners to fill the position of Senior Software Engineer.
The successful candidate will play an active role in project analysis, development, and implementation of integrated solutions for large organizations and enterprises.
Ideally, they should possess experience in the analysis of business and functional requirements for relevant projects and, if at all possible, acquire skills in the implementation of projects using Microsoft .NET technology, C #, and SQL Server/Oracle Database. Communication competencies with Business Managers and client development teams would also be essential.
 
Qualifications

Higher Education Degree in Computer Science (CS) or other similar industry.
At least five years of experience in developing and implementing projects on the Microsoft .NET Framework platform.
Expertise in object-oriented design, database design, and XML Schema.
Experience in SQL Server and ORACLE databases.
Very good written and verbal communication and computer terminology for both Greek and English.

Responsibilities

Write  clean, high-quality, high-performance, maintainable code
Develop and support software, including applications, database integration, interfaces, and new functionality enhancements
Coordinate cross-functionally to ensure the project meets business objectives and compliance standards
Support testing and deployment of new products and features
Participate in code reviews

Company Offers 
OPENVIEW Technology offers a full-time job and an attractive competitive package based on qualifications and experience.
The company has many years of experience in developing software for large information systems. It offers the possibility of working with colleagues who are ranked among the best in the market, and the opportunity to work in the most prominent organizations and projects in Greece.",Senior,Full-time,"Agios Dimitrios, Greece",EL,2024-08-21,kariera.gr,164469,,"['http://data.europa.eu/esco/skill/23ac233d-84ad-4517-b0f5-8ca19ba2614e', 'http://data.europa.eu/esco/skill/23b45aa6-a479-486d-9e6f-062cbab7c68a', 'http://data.europa.eu/esco/skill/4c016b68-4116-468c-9dc6-42710c239e4a', 'http://data.europa.eu/esco/skill/633a3637-2c6b-40ae-ac38-289eb2a62aa6', 'http://data.europa.eu/esco/skill/8813bf9b-86f3-47d1-849d-399121e6d429', 'http://data.europa.eu/esco/skill/b17f4305-741a-4a1c-8fe8-6f11cb3d5c0a', 'http://data.europa.eu/esco/skill/de9f85ba-e77f-48fd-8c66-f5ebaf32d655']","['http://data.europa.eu/esco/occupation/3d190639-90f8-4402-b1b3-a104a17e0d67', 'http://data.europa.eu/esco/occupation/cd7b838c-51f6-41ec-9067-bb974c0f991b', 'http://data.europa.eu/esco/occupation/f2b15a0e-e65a-438a-affb-29b9d50b77d1']"
4191,SQL Specialist,"Are you an SQL enthusiast with a knack for software implementation? We're on the hunt for talented SQL Specialists like you to join our dynamic team!
Who We Are: a leading business software and services provider in South East Europe and the Middle East. We offer an integrated business software suite with ERP, CRM, Retail, WMS, Mobile, HCM, e-Commerce and e-Invoicing as well as a range of software for Verticals such as Pharma Distribution and Pharmacies, Retail, Real Estate and other. With more than 20 years of experience, thousands of clients, a highly skilled Channel Partner network and more than 600 employees, we continuously invest in advanced technologies and professional development of our people.
Who We're Looking For: SQL maestros, both junior and mid-level, who are ready to dive headfirst into software implementation projects. Whether you're a seasoned pro or just starting your journey, if you've got SQL skills and a hunger for making an impact, we want to hear from you!
What You'll Do:

Work alongside a talented team to bring software solutions to life using SQL
Dive deep into data extraction, migration, and transformation between systems
Develop and execute SQL scripts, stored procedures, and functions to support software functionality and business processes
Flex your SQL muscles to develop database processes
Collaborate on exciting projects that push the boundaries of what's possible

What You'll Bring:

A passion for SQL and a thirst for knowledge
Εxperience in software implementation using SQL and related technologies (if any)
Strοng problem-solving skills and attention to detail
Excellent communication and teamwork abilities
Enthusiasm for learning and growing in a fast-paced environment

Why You'll Love It Here:

A supportive team environment where your ideas are valued
Exciting projects that challenge and inspire
Opportunities for professional development and career advancement
Continuous training opportunities and certifications
Competitive remuneration package
Benefits such as private health insurance plan, gift cards, meal tickets, personal travelling expenses etc.
Free use of company bus",Entry / Junior,Full-time,"Kallithea, Greece",EL,2024-08-21,kariera.gr,164412,,"['http://data.europa.eu/esco/skill/598de5b0-5b58-4ea7-8058-a4bc4d18c742', 'http://data.europa.eu/esco/skill/9e84a506-df06-4be3-874a-fa01293e3dd5', 'http://data.europa.eu/esco/skill/a8d24a95-47b3-4f88-92e7-06600bcd3612', 'http://data.europa.eu/esco/skill/b1272de4-1f5f-408b-8b26-061f2550fc72', 'http://data.europa.eu/esco/skill/b483124c-180c-4d3a-8b7c-72e4e7a5b49b', 'http://data.europa.eu/esco/skill/ccdbd9bb-4faf-403c-a968-e8bf487f8a53']","['http://data.europa.eu/esco/occupation/586fe133-1987-41f4-b89a-f39d4bc58e1e', 'http://data.europa.eu/esco/occupation/6a29d804-f775-446c-bec7-35fc4e28ac97', 'http://data.europa.eu/esco/occupation/7c132147-428b-4ea3-87e1-70f7abb691ce', 'http://data.europa.eu/esco/occupation/7e46c066-2b98-4eaf-bed6-9848c79902e0', 'http://data.europa.eu/esco/isco/C2']"
4193,Technical Support Specialist,"Who We Are: a leading business software and services provider in South East Europe and the Middle East. We offer an integrated business software suite with ERP, CRM, Retail, WMS, Mobile, HCM, e-Commerce and e-Invoicing as well as a range of software for Verticals such as Pharma Distribution and Pharmacies, Retail, Real Estate and others. With more than 20 years of experience, thousands of clients, a highly skilled Channel Partner network and more than 600 employees, we continuously invest in advanced technologies and professional development of our people.
About the Role:
We are expanding our Technical Support team in Patra and we are seeking a motivated and skilled Technical Support Specialist to join our dynamic team with the following responsibilities:

Provide expert technical assistance and support to end-users
Diagnose and troubleshoot software issues, providing effective solutions to clients
Advice and train users on software use
Provide customer feedback to internal teams to drive product enhancements and improvements

Desired Skills & Experience:

Bachelor's or Master’s degree in Computer Science, Information Technology, Economics or a related field
Knowledge of Databases (Microsoft SQL Server) will be considered as an asset
Familiarity with ERP, CRM or other software is a plus
Excellent verbal and written communication skills in English
Strong interpersonal skills
Excellent problem-solving and analytical skills
Ability to work independently and as part of a team
Customer-oriented mindset with a commitment to delivering high-quality service

 
What we offer:
For the right talent that want to be part of our innovation-driven environment and high-performance culture, our offering includes:

Competitive remuneration package
Private health insurance plan
Benefits such as gift cards, meal tickets, personal travelling expenses etc.
Continuous training opportunities and certifications
A positive and supportive working environment",Entry / Junior,Full-time,"Patra, Greece",EL,2024-08-21,kariera.gr,164408,,"['http://data.europa.eu/esco/skill/0da516ee-e70e-4384-be13-f5ff80be8127', 'http://data.europa.eu/esco/skill/2a0efd9a-4a60-4edc-8561-f2754d24eeb8', 'http://data.europa.eu/esco/skill/3993c87c-7719-4186-811b-8ddfb40e76be', 'http://data.europa.eu/esco/skill/b1272de4-1f5f-408b-8b26-061f2550fc72', 'http://data.europa.eu/esco/skill/c69587b4-05d3-45bb-b79b-9b85e6603fc2', 'http://data.europa.eu/esco/skill/ccdbd9bb-4faf-403c-a968-e8bf487f8a53']","['http://data.europa.eu/esco/occupation/586fe133-1987-41f4-b89a-f39d4bc58e1e', 'http://data.europa.eu/esco/occupation/7c132147-428b-4ea3-87e1-70f7abb691ce', 'http://data.europa.eu/esco/occupation/7e46c066-2b98-4eaf-bed6-9848c79902e0', 'http://data.europa.eu/esco/occupation/8cb59bc4-1f39-477e-beea-effed12d186c', 'http://data.europa.eu/esco/occupation/99492920-e5a5-4dba-9e5a-93193147198c', 'http://data.europa.eu/esco/isco/C2']"
4213,IT Business Software Executive,"Join Coffee Island team
IT Business Software Executive
Location: Patra, Greece
We are leaders in the coffee sector operating successfully in eight countries with a chain network of more than 460 coffee shops. We are real explorers and invest heavily in knowledge and innovation, as they are the driving forces behind our success. Our vision is to establish ourselves as international leaders and pioneers in the coffee world.
The Role
As an IT Business Software executive, you will contribute to the upgrade of the entire information systems and to the company’s digitalization.
Duties and Responsibilities

Installs, maintains, supports, manages and develops new modules in company’s software infrastructure (ERP, CRM, WMS, HRM, Retail POS, Web Applications, DBMS, BI).
Manages and takes part in the design and analysis of the company’s demands and in the development of new information technology projects based on the company’s needs and procedures.
Participates and contributes to the upgrade of total spectrum of the information systems and to company’s digital transformation.

Experience & Education

Up to 5 years of relevant work experience, preferably in company environment
University degree in Computer Engineering, Computer Science, Information Technology, Postgraduate degree will be highly evaluated

Required Knowledge & Skills

Good knowledge of Business Software (ERP preferred Entersoft, CRM, WMS, HRM, Retail POS)
Good knowledge of Business Intelligence Software (Tableau BI)
Good Programming Skills (JavaScript, Python, SQL)
Good knowledge of Database Management Systems (SQL Server, MySQL, PostgreSQL)
Excellent command of written and spoken English language
Ability to maintain a high level of professionalism and confidentiality
Self-motivated with plenty of initiative, but able to work well in a team environment
Completed military obligations [for male candidates]

Benefits

Career opportunities
Continuous training and development plan
Additional benefits and private medical insurance
Modern working environment full of challenges

All applications will be treated with strict confidentiality. After the screening of the CVs, we will contact the candidates who meet the profile’s requirements to arrange an interview.",Mid-level,Full-time,"Patra, Greece",EL,2024-08-21,kariera.gr,164387,,"['http://data.europa.eu/esco/skill/143769cb-b61e-47d8-a61e-eedfbec1016c', 'http://data.europa.eu/esco/skill/2fb8480e-de3c-462b-b169-e8bbb344da68', 'http://data.europa.eu/esco/skill/5b26f08b-88bc-45f0-b901-530d7786466b', 'http://data.europa.eu/esco/skill/5c66ce3a-658d-43b1-9d8d-0f39be6c0f2e', 'http://data.europa.eu/esco/skill/7369f779-4b71-4aab-8836-48b69c676eec', 'http://data.europa.eu/esco/skill/8f6ed69b-29d0-4c01-81ba-f05920a185f3', 'http://data.europa.eu/esco/skill/92721092-fe7c-4689-96bd-4f02385bc0e7', 'http://data.europa.eu/esco/skill/a8d07b5a-c1a1-42c6-9d53-db9c7a2ca996', 'http://data.europa.eu/esco/skill/ccd0a1d9-afda-43d9-b901-96344886e14d', 'http://data.europa.eu/esco/skill/e37d64dc-0f05-4ee8-b065-bf76f70d8f5c', 'http://data.europa.eu/esco/skill/e437eba1-3e22-41f2-8703-741e94785cba', 'http://data.europa.eu/esco/skill/f5308e60-d763-4ead-be95-88c96fb3e02b']","['http://data.europa.eu/esco/occupation/207d7b18-6540-432e-8aa6-785ed434572f', 'http://data.europa.eu/esco/occupation/57b459d4-655c-4053-b189-3c249ce33faf', 'http://data.europa.eu/esco/occupation/719f101d-1866-49d3-8d5c-2256f606a8b9', 'http://data.europa.eu/esco/occupation/f605bcd2-90b6-45a0-a558-d05016d68a77', 'http://data.europa.eu/esco/isco/C1120', 'http://data.europa.eu/esco/isco/C251', 'http://data.europa.eu/esco/isco/C4227']"
4279,.Net Developer,"Executive Level Team on behalf of its client, the leading company in wholesale consumer goods operating also one of the largest retail networks in Greece, is looking for a .Net Developer for its growing team.
.Net Developer
The .Net Developer will be a part of the company’s Software Development team and will get involved in the company’s internal applications, working in a dynamic environment.
Responsibilities:

Write code for in-house applications systems, being responsible for the entire software lifecycle
Participate actively in the research, analysis and design of innovative applications in order to achieve functional and technological innovation and progress
Participate in updating, maintaining and improving existing products
Stay constantly updated on new technologies and propose ideas, contributing to the upgrade of the company’’s programming tools and technological infrastructure

Requirements:

Bachelor’s degree or Technical Qualification in Computer science
2+ years of experience in similar positions
Knowledge of C#, Visual Basic .NET, ASP.NET MVC, .NET Core
Experience with relational databases SQL Server, Sybase, MySQL etc
Excellent use of Greek and English language
Analytical thinking, flexibility and teamwork

Nice to have:

Experience with Visual Studio 2015-2022 ; use of Javascript, Jquery, REST APIs, JSON/XML   
Experience in developing apps with Android studio ; (Java/Kotlin)",Mid-level,Full-time,"Athens, Greece",EL,2024-08-20,kariera.gr,164279,,"['http://data.europa.eu/esco/skill/13bdd41a-2a18-441f-96db-41252c519413', 'http://data.europa.eu/esco/skill/2fb8480e-de3c-462b-b169-e8bbb344da68', 'http://data.europa.eu/esco/skill/4707da90-9cfc-46ca-8de0-38a0b7bfb137', 'http://data.europa.eu/esco/skill/4c016b68-4116-468c-9dc6-42710c239e4a', 'http://data.europa.eu/esco/skill/7dfbe0f3-076f-4a19-9eaa-db4d6db704b6', 'http://data.europa.eu/esco/skill/d0c6d77e-cb25-4770-bf77-2073fc5f7523', 'http://data.europa.eu/esco/skill/fa642fc3-5cc5-41cf-8926-6617a8b976a7']","['http://data.europa.eu/esco/occupation/24135b84-cbdd-4d42-9ed2-02fd982d15b2', 'http://data.europa.eu/esco/occupation/a7c1d23d-aeca-4bee-9a08-5993ed98b135', 'http://data.europa.eu/esco/isco/C142']"
4280,Senior .NET Developer Athens,"Executive Level Team on behalf of its client, a global IT professional services leader, is looking for a Senior .NET Developer.
 
Senior .NET Developer Athens
The Senior .NET Developer will assist in the development, implementation and management of technology-based business solutions to improve the clients’ delivery approach. He will contribute to the interdisciplinary team in an international environment, in close cooperation with product owners, project managers, testers and architects.
 
Responsibilities:

Develop cloud native solution with modern, domain and event driven methodologies
Develop of Restful Web APIs in Microservices Architecture
Assist in design of cloud ready applications
Support the technical design process by participating in the analysis of technical and business application requirements
Assist in analysis and design of standard development life-cycle process (CI/CD, Test Automation, Code Quality etc.)
Assist in implementing analysis that will identify requirements related to people, processes and technology
Participate in execution and documentation of tests

 
Requirements:

Knowledge and experience on DevOps Tools: GIT, Azure DevOps etc.
Very good programming skills: C# .NET, .NET Core, SQL, LINQ
Bachelor’s degree in Computer Science, Information Systems or other relevant degree
Understanding of agile methodology principles
Ability to work creatively and analytically in a problem-solving environment
Solid troubleshooting skills",Mid-level,Full-time,"Athens, Greece",EL,2024-08-20,kariera.gr,164278,,"['http://data.europa.eu/esco/skill/07e51c60-763a-4335-b4ec-70a15f66d328', 'http://data.europa.eu/esco/skill/0ee94c0a-3716-494a-95a2-dcbab9e58be2', 'http://data.europa.eu/esco/skill/4c016b68-4116-468c-9dc6-42710c239e4a', 'http://data.europa.eu/esco/skill/54660948-b811-49a9-874c-bf2be5f280a2', 'http://data.europa.eu/esco/skill/598de5b0-5b58-4ea7-8058-a4bc4d18c742', 'http://data.europa.eu/esco/skill/7557f0f4-b8bc-4ac0-b91e-222ab1ba744f', 'http://data.europa.eu/esco/skill/78a74fd1-efc6-49dc-adb1-1b0fbe35c22c', 'http://data.europa.eu/esco/skill/a8797f21-1af0-4c5e-98ca-bf1442929363', 'http://data.europa.eu/esco/skill/c7d24594-0c11-4b27-9039-fe0bb903da8e', 'http://data.europa.eu/esco/skill/cd5efa8c-e44d-4cbc-91c6-796018dbed68', 'http://data.europa.eu/esco/skill/dba46f87-0831-49cd-a1c7-340a653c0221', 'http://data.europa.eu/esco/skill/f0de4973-0a70-4644-8fd4-3a97080476f4']","['http://data.europa.eu/esco/occupation/00030d09-2b3a-4efd-87cc-c4ea39d27c34', 'http://data.europa.eu/esco/occupation/24135b84-cbdd-4d42-9ed2-02fd982d15b2', 'http://data.europa.eu/esco/occupation/2fb96c6c-8d0b-4ef0-b1ee-3e493305e4eb', 'http://data.europa.eu/esco/occupation/8c3f536e-ba66-4321-ba40-363dc39f129b', 'http://data.europa.eu/esco/occupation/a7c1d23d-aeca-4bee-9a08-5993ed98b135', 'http://data.europa.eu/esco/occupation/bea99fea-0383-4c63-b944-70d4799de2c5', 'http://data.europa.eu/esco/occupation/cc867bee-ab5c-427f-9244-f7a204d9574b']"
4281,Senior .NET Developer Thessaloniki,"Executive Level Team on behalf of its client, a global IT professional services leader, is looking for a Senior .NET Developer.
 
Senior .NET Developer Thessaloniki
The Senior .NET Developer will assist in the development, implementation and management of technology-based business solutions to improve the clients’ delivery approach. He will contribute to the interdisciplinary team in an international environment, in close cooperation with product owners, project managers, testers and architects.
 
Responsibilities:

Develop cloud native solution with modern, domain and event driven methodologies
Develop of Restful Web APIs in Microservices Architecture
Assist in design of cloud ready applications
Support the technical design process by participating in the analysis of technical and business application requirements
Assist in analysis and design of standard development life-cycle process (CI/CD, Test Automation, Code Quality etc.)
Assist in implementing analysis that will identify requirements related to people, processes and technology
Participate in execution and documentation of tests

 
Requirements:

Knowledge and experience on DevOps Tools: GIT, Azure DevOps etc.
Very good programming skills: C# .NET, .NET Core, SQL, LINQ
Bachelor’s degree in Computer Science, Information Systems or other relevant degree
Understanding of agile methodology principles
Ability to work creatively and analytically in a problem-solving environment
Solid troubleshooting skills",Mid-level,Full-time,"Thessaloniki, Greece",EL,2024-08-20,kariera.gr,164276,,"['http://data.europa.eu/esco/skill/07e51c60-763a-4335-b4ec-70a15f66d328', 'http://data.europa.eu/esco/skill/0ee94c0a-3716-494a-95a2-dcbab9e58be2', 'http://data.europa.eu/esco/skill/4c016b68-4116-468c-9dc6-42710c239e4a', 'http://data.europa.eu/esco/skill/54660948-b811-49a9-874c-bf2be5f280a2', 'http://data.europa.eu/esco/skill/598de5b0-5b58-4ea7-8058-a4bc4d18c742', 'http://data.europa.eu/esco/skill/7557f0f4-b8bc-4ac0-b91e-222ab1ba744f', 'http://data.europa.eu/esco/skill/78a74fd1-efc6-49dc-adb1-1b0fbe35c22c', 'http://data.europa.eu/esco/skill/a8797f21-1af0-4c5e-98ca-bf1442929363', 'http://data.europa.eu/esco/skill/c7d24594-0c11-4b27-9039-fe0bb903da8e', 'http://data.europa.eu/esco/skill/cd5efa8c-e44d-4cbc-91c6-796018dbed68', 'http://data.europa.eu/esco/skill/dba46f87-0831-49cd-a1c7-340a653c0221', 'http://data.europa.eu/esco/skill/f0de4973-0a70-4644-8fd4-3a97080476f4']","['http://data.europa.eu/esco/occupation/00030d09-2b3a-4efd-87cc-c4ea39d27c34', 'http://data.europa.eu/esco/occupation/24135b84-cbdd-4d42-9ed2-02fd982d15b2', 'http://data.europa.eu/esco/occupation/2fb96c6c-8d0b-4ef0-b1ee-3e493305e4eb', 'http://data.europa.eu/esco/occupation/8c3f536e-ba66-4321-ba40-363dc39f129b', 'http://data.europa.eu/esco/occupation/a7c1d23d-aeca-4bee-9a08-5993ed98b135', 'http://data.europa.eu/esco/occupation/bea99fea-0383-4c63-b944-70d4799de2c5', 'http://data.europa.eu/esco/occupation/cc867bee-ab5c-427f-9244-f7a204d9574b']"
4366,Microsoft NAV/F&O Consultant,"Epsilon Net S.A., the largest IT groups of companies in Greece and No.1 Best Workplace in Tech 2023, is seeking for the department of Microsoft, a Microsoft Nav/F&O Consultant.
 
Responsibilities:


Provide hands-on functional and technical knowledge using the opportunity to develop and build relationships with customers.


Translate business requirements into Microsoft ERP’s functional and configuration requirements.


Perform customer needs analysis and participate in business process solutions design and architecture.


Implementation of Microsoft ERP’s through the full project life cycle.


Implement and deploy Microsoft ERP’s software (design, configure, train, support).


Liaise with the R&D department for developing custom solution components when required.


Compose development specifications and interact with customers to test modifications and resolve any issues that may arise.


Be responsible for testing and documenting the ERP software configuration.


Provide user training to customers.


 
Requirements:


At least 3 years’ experience in providing ERP software solution Services.


Good knowledge of Microsoft SQL server databases.


Computer Science Degree or equivalent.


Strong presentation, and communication (both written & oral) skills.


Strong ability to convey technical information to non-technical customers.


Self-direction, attention to detail & great customer focus.


Excellent command of English, both written and oral.


Aptitude for learning and mastering new software applications in a fast-paced industry.


 
We Offer:


Multi-awarded working environment (10 Best Workplaces Hellas, 4 Best Workplaces Europe, 2 Best Workplaces™ for Women, 1 Best Workplace in Technology Awards).


Competitive remuneration package.


Ongoing training, opportunities & career development.


Private medical insurance.


Psychological support line.


Online personal- training programs.


Free participation in Epsilon Training & Epsilon College educational programs.


Hybrid working model.",Mid-level,Full-time,"Athens, Greece",EL,2024-08-20,kariera.gr,164179,,"['http://data.europa.eu/esco/skill/0d7f2cce-245a-4d02-9b8d-2e9946cc4c5d', 'http://data.europa.eu/esco/skill/0ee94c0a-3716-494a-95a2-dcbab9e58be2', 'http://data.europa.eu/esco/skill/2239694b-771a-4586-8b54-2794e361a9ae', 'http://data.europa.eu/esco/skill/49dd67a9-d0a6-4375-b856-85e09032fdac', 'http://data.europa.eu/esco/skill/681a1f8a-4244-4e82-af36-0148b89c2863', 'http://data.europa.eu/esco/skill/68698869-c13c-4563-adc7-118b7644f45d', 'http://data.europa.eu/esco/skill/9e84a506-df06-4be3-874a-fa01293e3dd5', 'http://data.europa.eu/esco/skill/c062bab3-3ea0-4291-9220-a2d8fef4bead']",['http://data.europa.eu/esco/occupation/6a29d804-f775-446c-bec7-35fc4e28ac97']
4369,ERP Consultant,"Epsilon Net S.A., the largest IT groups of companies in Greece and No.1 Best Workplace in Tech 2023, is seeking for the department of Services, an ERP Consultant in Athens or Thessaloniki.
 
Responsibilities:


Translate business requirements into ERP functional and configuration requirements


Participate in analyzing customer needs and identifying opportunities for improvement


Liaise with the R&D department for developing custom solution components when required


Provide ongoing support to our growing customer base of Pylon ERP software implementations


Manage testing and documenting of the ERP software configuration


Perform customer needs analysis and participate in business process solutions design and architecture


Compose development specifications and interact with customers to test modifications and resolve any issues that may arise


Be in charge of the completeness and quality of functional design


Provide user training to customers


Requirements:


At least 3 - 4 years experience in providing ERP software solution Services


Experience in Pylon ERP is a considerable plus


Computer Science or Economics or Finance Degree or equivalent


Strong presentation, communication (both written & oral) skills


Strong ability to convey technical information to non-technical customers


Self - direction, attention to detail & great customer focus


Excellent command of English, both written and oral


Preferred knowledge in SQL & Javascript


We Offer:


Multi-awarded working environment (10 Best Workplaces Hellas, 4 Best Workplaces Europe, 2 Best Workplaces™ for Women, 1 Best Workplace in Technology Awards)


Competitive remuneration package


Ongoing training, opportunities & career development


Private medical insurance


Psychological support line


Online personal- training programs


Free participation in Epsilon Training & Epsilon College educational programs


Hybrid working model",Mid-level,Full-time,"Athens, Greece",EL,2024-08-20,kariera.gr,164174,,"['http://data.europa.eu/esco/skill/0d7f2cce-245a-4d02-9b8d-2e9946cc4c5d', 'http://data.europa.eu/esco/skill/0ee94c0a-3716-494a-95a2-dcbab9e58be2', 'http://data.europa.eu/esco/skill/2a0efd9a-4a60-4edc-8561-f2754d24eeb8', 'http://data.europa.eu/esco/skill/49dd67a9-d0a6-4375-b856-85e09032fdac', 'http://data.europa.eu/esco/skill/5b26f08b-88bc-45f0-b901-530d7786466b', 'http://data.europa.eu/esco/skill/681a1f8a-4244-4e82-af36-0148b89c2863', 'http://data.europa.eu/esco/skill/68698869-c13c-4563-adc7-118b7644f45d', 'http://data.europa.eu/esco/skill/8df59017-f8e3-4a48-b321-79a38c597748', 'http://data.europa.eu/esco/skill/9e84a506-df06-4be3-874a-fa01293e3dd5']","['http://data.europa.eu/esco/occupation/6a29d804-f775-446c-bec7-35fc4e28ac97', 'http://data.europa.eu/esco/occupation/99492920-e5a5-4dba-9e5a-93193147198c']"
4372,.NET Software Engineer,"Epsilon Net S.A., the largest IT groups of companies in Greece and No.1 Best Workplace in Tech 2023, is seeking for the department of R&D, a .NET Software Engineer.
Responsibilities:

Design and development of new software products and components.
Build and maintain efficient and reliable code.
Provide solutions to technical problems.
Deliver work that concisely addresses outlined requirements within appropriate timeframes.
Upgrade specific information flow using new technologies and architecture.

Requirements:

BSc degree in Computer Science, Engineering or a related field.
3 - 4 years of experience in C# and ASP.NET Core.
Strong SQL Knowledge.
Experience with the development of web services (Web API, RESTFul).
Strong analytical and problem-solving skills.
Excellent command of the English language (written and verbal).
Passion for programming and IT technologies.
Ability to learn new technologies & methodologies.

Nice to have:

Experience with Blazor.

We Offer:

Multi-awarded working environment (10 Best Workplaces Hellas, 4 Best Workplaces Europe, 2 Best Workplaces™ for Women, 1 Best Workplace in Technology Awards).
Competitive remuneration package.
Ongoing training, opportunities & career development.
Private medical insurance.
Psychological support line.
Online personal- training programs.
Free participation in Epsilon Training & Epsilon College educational programs.
Remote working model.",Mid-level,Full-time,"Athens, Greece",EL,2024-08-20,kariera.gr,164172,,"['http://data.europa.eu/esco/skill/0d7f2cce-245a-4d02-9b8d-2e9946cc4c5d', 'http://data.europa.eu/esco/skill/14832d87-2f2f-4895-b290-e4760ebae42a', 'http://data.europa.eu/esco/skill/21d2f96d-35f7-4e3f-9745-c533d2dd6e97', 'http://data.europa.eu/esco/skill/49dd67a9-d0a6-4375-b856-85e09032fdac', 'http://data.europa.eu/esco/skill/5c8aa481-9e7c-4f32-8197-a8b0fd7ca186', 'http://data.europa.eu/esco/skill/7fc4c18a-68f3-425a-aadf-f83633be47a1', 'http://data.europa.eu/esco/skill/adc6dc11-3376-467b-96c5-9b0a21edc869', 'http://data.europa.eu/esco/skill/ddc3119d-1d6e-4324-9125-a3380d299ac5']","['http://data.europa.eu/esco/occupation/4e82464b-e9d7-4d51-9116-294ab40c5169', 'http://data.europa.eu/esco/occupation/cf2b03cd-feb7-4f47-90f6-ff1ed6016d3d', 'http://data.europa.eu/esco/occupation/e3229e40-f571-4b26-baca-29edc8fe313e', 'http://data.europa.eu/esco/isco/C214']"
4373,Web Developer,"Epsilon Net S.A., the largest IT groups of companies in Greece and No.1 Best Workplace in Tech 2023, is seeking for the department of R&D, a Web Developer.
Responsibilities:


Collaborate with cross-functional teams to define, design, and ship new features.


Work on new feature development, as well as maintenance of existing features and bug fixes


Design, build, and maintain highly reusable C#, JavaScript, HTML and CSS code


Ensure the best possible performance, quality, and responsiveness of the application


Unit-test code for robustness, including edge cases, usability, and general reliability


Requirements:


BS/MS degree in Computer Science, Engineering or a related subject


1 - 3 years of overall software development experience


Experience with .NET 4.5+, .NET Core principles and best practices


Good knowledge of HTML5 and JavaScript, TypeScript, jQuery and its best practices


Experience working with remote data via REST and JSON


Experience with SQL Server


Experience with Git will be considered as an asset


Solid understanding of the full development life cycle and scrum process framework.


Native greek speaker


We Offer:


Multi-awarded working environment (10 Best Workplaces Hellas, 4 Best Workplaces Europe, 2 Best Workplaces™ for Women, 1 Best Workplace in Technology Awards).


Competitive remuneration package.


Ongoing training, opportunities & career development.


Private medical insurance.


Psychological support line.


Online personal- training programs.


Free participation in Epsilon Training & Epsilon College educational programs.


Remote working model.",Mid-level,Full-time,"Pylaia, Greece",EL,2024-08-20,kariera.gr,164171,,"['http://data.europa.eu/esco/skill/0af062de-eb43-41e9-9b96-249e2cd22d26', 'http://data.europa.eu/esco/skill/0d7f2cce-245a-4d02-9b8d-2e9946cc4c5d', 'http://data.europa.eu/esco/skill/49dd67a9-d0a6-4375-b856-85e09032fdac', 'http://data.europa.eu/esco/skill/867137fb-ff1b-4ca3-99f3-cb6969aa2c68', 'http://data.europa.eu/esco/skill/c062bab3-3ea0-4291-9220-a2d8fef4bead', 'http://data.europa.eu/esco/skill/c4b626c1-e71c-44ec-9f88-042766f37fcc']","['http://data.europa.eu/esco/occupation/c40a2919-48a9-40ea-b506-1f34f693496d', 'http://data.europa.eu/esco/isco/C214']"
4387,Software Engineer (.NET & Angular),"Welcome to IT Recruitment team, part of kariera.gr, where innovation meets talent. IT Recruitment team specializes in connecting top-tier technology professionals with forward-thinking companies. Whether you’’re a seasoned IT expert or just starting your tech journey, we’’re here to guide you.
Executive Level IT Team on behalf of its client, a leader in business-to-customer transaction technologies in Central and Eastern Europe, is looking for a Software Engineer.
Software Engineer (.NET & Angular)
Responsibilities

Implement software solutions and handle complex assignments
Develop new functionalities, and enhancements and parameterize existing applications to increase operating efficiency
Identify, understand, and translate business requirements into technical specifications
Participate in troubleshooting and customer support when required

Requirements

Degree in IT, Computer Science, Computer Engineering, System Management, Information System Management
3+ years of professional experience in .NET platform (C#) and object-oriented programming
Programming skills in Angular, .Net core, and .Net core Entity framework
Experience in SQL & relational databases (MS SQL Server 2008 or higher, Entity framework)
Familiar with Asynchronous programming
Familiar with Source control procedure (TFS)
Basic experience in Web development skills (ASP. Net, Java Script), XML & related technologies (XSL, XSD, etc.)
Excellent command of the Greek & English language (written & verbal)",Mid-level,Full-time,"Gerakas, Greece",EL,2024-08-20,kariera.gr,164153,,"['http://data.europa.eu/esco/skill/1d86f05e-e9cc-40ce-99d8-2b21cc71b16b', 'http://data.europa.eu/esco/skill/1ffac4ac-fda7-407d-8ed1-ca8f4a8dc146', 'http://data.europa.eu/esco/skill/5b26f08b-88bc-45f0-b901-530d7786466b', 'http://data.europa.eu/esco/skill/89f6560b-2194-45c9-9ece-d33049a73eef', 'http://data.europa.eu/esco/skill/a8797f21-1af0-4c5e-98ca-bf1442929363', 'http://data.europa.eu/esco/skill/b1ef509e-f191-405a-8419-51663b08922e', 'http://data.europa.eu/esco/skill/d9e5349e-8791-49c2-8ba4-839fdd1606c2', 'http://data.europa.eu/esco/skill/ea4ebfa1-e17a-4416-ac54-955f33e6ade7']","['http://data.europa.eu/esco/occupation/92bb3d8c-8a9f-4cd7-80ec-247bbf173004', 'http://data.europa.eu/esco/occupation/c40a2919-48a9-40ea-b506-1f34f693496d', 'http://data.europa.eu/esco/occupation/f2b15a0e-e65a-438a-affb-29b9d50b77d1', 'http://data.europa.eu/esco/isco/C25', 'http://data.europa.eu/esco/isco/C2512']"
4486,Executive for the IT department,"REQUIRED QUALIFICATIONS

Bachelor's degree in computer science
With good knowledge of installation and configuration of Microsoft Windows operating systems and software, Microsoft Office, ERP Software, Antivirus 
Installation and configuration of network devices (computers, servers, printers)
Database experience - installation and configuration of Windows Server (Active Directory, Remote Desktop Services, Hyper-V) and Microsoft SQL Server
Installation and configuration of Email Server (Microsoft Exchange Server type)
Knowledge of English
Positive mood
Professional appearance

 
THE COMPANY OFFERS • full EFKA insurance • fixed monthly wages depending on knowledge, experience and disposition.",Mid-level,Full-time,"Athens, Greece",EL,2024-08-19,kariera.gr,161730,,"['http://data.europa.eu/esco/skill/6d3edede-8951-4621-a835-e04323300fa0', 'http://data.europa.eu/esco/skill/c062bab3-3ea0-4291-9220-a2d8fef4bead', 'http://data.europa.eu/esco/skill/cf310cff-0d28-4dbc-9dbb-cc500a3196c2', 'http://data.europa.eu/esco/skill/d4789070-2ff7-4bbb-94ca-8bb1739826a9', 'http://data.europa.eu/esco/skill/f0393af3-bcd9-41af-a36e-0cfb83b60081']",[]
4645,"PHP Microservices Engineer (x/f/m), Remote","PHP Microservices Engineer (x/f/m), PHP 8+, Docker, SQL
Greece




About Us
Education is the future! And yet schools could be so much better for teachers and students alike. At eduki, we strongly believe in the power of good teaching and we made it our mission to empower teachers to deliver the best school education. eduki is an online platform that allows them to create, share and find self-made, class-tested educational resources. Teachers can help each other save time by offering printable as well as digital materials for all types of schools, subjects, and grade levels.
eduki is used by more than 2 million teachers internationally. Started in 2016 as a German-speaking platform, it is now available also in Spanish, French, Greek, and Italian.
If you share our mission and want to make a difference in the world of education, join our team!


Back-End Developer (x/f/m) | Backend Developer (x/f/m) | PHP Developer (x/f/m) | Intermediate | Greece (remote) | #PHP #Microservices #Web_Development
Your Impact
As a PHP Microservices Engineer (x/f/m) at eduki, you provide additional power to our development team and help us to reach our goal of empowering teachers to deliver the best school education. Here are the key tasks and responsibilities that you will be taking on in this particular role:

Microservices Development: You develop microservices using PHP to fulfill specific functionalities.
Integration and Configuration: You configure and seamlessly integrate microservices into our existing infrastructure. 
Architecture: You engage in discussions and decision-making processes for significant architectural matters.

Your Skills and Expertise
We are searching for an experienced PHP Microservices Engineer (x/f/m) who would like to create something big together in an internationally operating team. Furthermore, you should check the following boxes: 

You are experienced in developing microservices.
You are proficient in using PHP 8+, Docker, SQL and Kubernetes.
You demonstrate high reliability and can work independently.
You feel comfortable communicating in English and working in an international team.

Please note: Due to legal restrictions, we can only hire candidates living in and owning a valid work permit for Greece. eduki is a registered employer in Greece, and you will receive a direct work contract with us according to Greek work law. 
Our Commitment to You

Growth Opportunities: At eduki, you will find an exciting job opportunity within a profitable and fast-growing company. We prioritize action over perfection and view mistakes as opportunities for growth. Regular performance feedback sessions ensure that you receive constructive insights into your work and progress.Additionally, you will receive a 1,000 EUR development budget per year to invest in your professional development goals.
Remote Work: We fully embrace a home office culture and want you to enjoy the flexibility of remote work, allowing you to set your own work schedule and location.In addition to providing the necessary software and hardware, we offer a 500 EUR budget that you can freely use to equip your home office.Furthermore, you can work from abroad for up to 90 days per year with us!
Employee Health: At eduki, we are committed to supporting our team members in every aspect of their well-being. This is why we provide comprehensive physical and mental health support, including online yoga lessons, access to various mental health resources, and psychological help provided by our partner OpenUp.
Attractive Compensation Package: The total compensation for this role is up to 40.000 EUR per year and consists of a fixed salary and a VSOP (Virtual Stock Options Program) package. Depending on experience and performance, the gross annual salary will range between 24.000 EUR and 30.000 EUR.
Team Building Events: At eduki, we foster a strong sense of community. Whether virtual or on-site, you'll have opportunities to bond with your colleagues. Once a year, the entire team enjoys a company-wide team event, visiting new places and creating lasting memories together.

Your Contact
JulianeTalent Acquisition Manager
jobs@eduki.com


At eduki, we value diversity and the unique contributions each person brings to our team. We foster an inclusive culture where respect and appreciation are essential. Don't worry if you don't tick every box, we're not looking for a perfect match on paper. We're excited about the unique qualities you bring to the table. Talents are considered regardless of age, gender, sexual identity, ethnicity, nationality, religion, or disability.",Mid-level,Full-time,"Athens, Greece",EL,2024-08-11,kariera.gr,163848,,"['http://data.europa.eu/esco/skill/23ac233d-84ad-4517-b0f5-8ca19ba2614e', 'http://data.europa.eu/esco/skill/598de5b0-5b58-4ea7-8058-a4bc4d18c742', 'http://data.europa.eu/esco/skill/5ca953f7-541d-4f67-bc55-7721348366cf', 'http://data.europa.eu/esco/skill/e043aeeb-78f5-4049-afbf-12bba52225bc', 'http://data.europa.eu/esco/skill/e24377fb-020b-4430-8bed-86dd539bbf3a', 'http://data.europa.eu/esco/skill/ea4ebfa1-e17a-4416-ac54-955f33e6ade7']","['http://data.europa.eu/esco/isco/C5312', 'http://data.europa.eu/esco/occupation/1ad4012e-30e3-492c-b42c-09cff3047574']"
4737,Quality Assurance Engineer,"Who We Are: Phoenix Engineering Group is a leader in broadband technologies and infrastructure, boasting a robust portfolio of projects across Germany, Greece, and the Netherlands. We cater to the diverse needs of telecom and infrastructure providers throughout Europe, offering comprehensive services for project implementation.
Our Culture: At Phoenix Engineering, we fuse the strength of a formidable group of companies with the energetic spirit of a dynamic and youthful team. We cultivate a culture grounded in teamwork, mutual support, and the relentless pursuit of excellence. We celebrate achievements, stand united during challenges, and are committed to fostering the growth and success of every team member.
Your Role: As a Quality Assurance Engineer you will be responsible for ensuring that the department's deliverables meet quality standards, and conducting audits and tests to identify and resolve quality issues.
How You Will Contribute to Our Success:

Conduct audits and tests;
Ensure proper planning and direction of the operational functions;
Document and analyze quality data;
Employ Python scripts to automate quality checks and streamline workflow processes;
Develop and implement quality control procedures;
Investigate root causes of quality issues;
Provide training to employees;
Collaborate with cross-functional teams.

To be a fit you will need:

Bachelor’s Degree in Engineering, Telecommunications, Computer Science or another related technical field;
2 years previous experience in telecommunication or operations field;
Excellent knowledge of QGIS/ArcGIS or other similar design and visualization software;
Advanced MS Office skills;
Excellent command of the English language;
Good communication skills;.
Excellent time management and organization skills with a strong problem-solving mindset.

Ideally you should also have:

Knowledge of programming languages (preferably python & SQL);
Previous working experience in FTTx projects;
German language knowledge (current level B2).

What we offer:

Competitive remuneration package.
Active participation in exciting and challenging projects that shape the infrastructure of the future.
Opportunities for skill development and career advancement through theoretical and on-the-job training.
Other corporate benefits.

Phoenix Engineering is an equal opportunity employer committed to diversity and inclusion. We welcome applications from candidates of all backgrounds and experiences, treating them with fairness and confidentiality. We do not discriminate based on age, sex, race, color, religion, national origin, disability, or any other characteristic. If you're ready to unlock your potential, we eagerly await your CV!",Mid-level,Full-time,"Kallithea, Greece",EL,2024-08-11,kariera.gr,163750,,"['http://data.europa.eu/esco/skill/1fcce318-3212-487a-ac07-4941bc85060d', 'http://data.europa.eu/esco/skill/4812a4ea-dc55-4dc6-b9b0-4a59bba2c647', 'http://data.europa.eu/esco/skill/5b26f08b-88bc-45f0-b901-530d7786466b', 'http://data.europa.eu/esco/skill/60b44dab-03f1-46de-be08-0e5ba8662b3d', 'http://data.europa.eu/esco/skill/65e58886-bd1e-4c5b-8ca5-8d9b353c8aa1', 'http://data.europa.eu/esco/skill/852d758c-f222-4edc-99ad-31c9e3bd8079', 'http://data.europa.eu/esco/skill/89ff28d6-342c-435d-83aa-83e71dbbbc96', 'http://data.europa.eu/esco/skill/8c4b7305-4b83-4586-9d42-2817f96c60ea', 'http://data.europa.eu/esco/skill/b251544f-7b92-46d5-8e14-97f59ce1c7dc', 'http://data.europa.eu/esco/skill/cc7370dd-69fa-4c67-a96f-d4d135d38700', 'http://data.europa.eu/esco/skill/d83cba15-8511-4d07-b89a-9fde0d1d8241', 'http://data.europa.eu/esco/skill/e37d64dc-0f05-4ee8-b065-bf76f70d8f5c', 'http://data.europa.eu/esco/skill/f683ae1d-cb7c-4aa1-b9fe-205e1bd23535']","['http://data.europa.eu/esco/occupation/0ba06640-e0ac-4911-9e43-289a8e41651e', 'http://data.europa.eu/esco/occupation/1ad59946-d13e-441e-9b36-56e1df055e21', 'http://data.europa.eu/esco/occupation/2b48a4cd-2333-4abf-ac3e-6f63d6ed3663', 'http://data.europa.eu/esco/occupation/30c0943c-caa1-411d-b273-26f475971273', 'http://data.europa.eu/esco/occupation/a2b81132-2147-4c8e-b250-e6290ed906ea', 'http://data.europa.eu/esco/isco/C2153']"
4764,Data Engineer,"At Metlen Energy & Metals, we are catalysts for a sustainable future, leading the green energy transition with innovative solutions while being a reference point for competitive green metallurgy. Our global presence covers two business Sectors: Energy and Metallurgy. With a consolidated yearly turnover of €6.3 billion and a workforce of over 5,500 dedicated individuals, we fuel success through cutting-edge technology and diverse talent.
We are committed to embracing new state-of-the-art technologies and advancements, propelling us towards a cleaner, brighter tomorrow. Our positive footprint extends across five continents, leaving a lasting impact. We foster a culture of resilience, challenge, respect, excellence, and change, empowering our diverse workforce to achieve remarkable outcomes.
 
We are currently looking for Data Engineer to join our M Energy Generation & Management Division in our Offices in Marousi
By joining this role, you will step into a crucial position where you will optimize data-driven processes for the energy management team and ensure seamless data flow across systems. You will develop and maintain ETL processes to facilitate and automate the team’s data extraction needs and implement processes to create business-level analyses.
 
Your role will encompass:


Creating and maintaining procedures to extract data from diverse origins and consolidating it within our centralized databases.


Ensuring that data meets rigorous validation criteria and is stored in an organized manner.


Carrying out exploratory data analysis (EDA) and executing the process of feature engineering.


Adopting state-of-the-art methods for choosing Machine Learning models and fine-tuning models’ parameters.


Deploying models into production environments.


Creating, developing, and maintaining Power BI reports.


Participating in the development of analytic tools to assist the daily operations of the department.


Monitoring the status, the performance, and the health of data pipelines and ensuring they do not fail.


Creating detailed documentation to facilitate team members’ comprehension of the completed tasks and pipelines.


 
What You Bring to the Role:


Bachelor’s in Statistics, Mathematics, Computer Science, or related field.


2+ years of experience in Data Engineering


Hands-on with Azure, including Azure Data Factory and Databricks.


Proficient in SQL for ETL.


Experience with Python, PySpark, and/or R.


Knowledge of Machine Learning and Deep Learning.


Strong Power BI skills.


Proficient in written and spoken English.


Strong data analysis and modeling skills.


Excellent critical thinking and problem-solving abilities.


Eager to learn new skills and technologies.


Strong teamwork and cross-functional collaboration.


Proactive, self-motivated, and able to work independently.


 
Your Benefits:


Competitive remuneration package


Ticket Restaurant Card


Group Health Insurance program


Protergia discount on electricity and natural gas bill


Pension Plan


Follow us on LinkedIn and stay updated on our latest news
 
We respect your personal data. All personal information in your application and CV will remain strictly confidential.  
At Metlen Energy & Metals we are proud to have Diversity and Inclusion at the centre of everything we do. We are committed to Equal Employment Opportunity regardless of race, colour, national origin, ethnicity, gender, age, disability, sexual orientation, gender identity or religion.",Mid-level,Full-time,"Marousi, Greece",EL,2024-08-11,kariera.gr,163708,,"['http://data.europa.eu/esco/skill/4339176e-3acd-4f7f-a5d9-445bee3d23f2', 'http://data.europa.eu/esco/skill/48db96bf-3314-45c6-bad8-fdb6e20e5639', 'http://data.europa.eu/esco/skill/4a193795-fa63-414e-9f2e-bfdb3924571e', 'http://data.europa.eu/esco/skill/5b26f08b-88bc-45f0-b901-530d7786466b', 'http://data.europa.eu/esco/skill/8327754d-3990-4056-b07e-4faa49cfcd26', 'http://data.europa.eu/esco/skill/9e84a506-df06-4be3-874a-fa01293e3dd5', 'http://data.europa.eu/esco/skill/a472a200-d895-40ca-95e7-5c5495e3dd7c', 'http://data.europa.eu/esco/skill/adc6dc11-3376-467b-96c5-9b0a21edc869', 'http://data.europa.eu/esco/skill/c3404999-faaa-4779-9cbf-e594b9c4d3b6', 'http://data.europa.eu/esco/skill/ccd0a1d9-afda-43d9-b901-96344886e14d', 'http://data.europa.eu/esco/skill/e24377fb-020b-4430-8bed-86dd539bbf3a']","['http://data.europa.eu/esco/occupation/2079755f-d809-49e6-8037-4de6180e54c0', 'http://data.europa.eu/esco/occupation/4efee3ed-de09-44c6-bd4a-d9eaafd04683', 'http://data.europa.eu/esco/occupation/562dd713-5745-4457-929e-5b909da084ca', 'http://data.europa.eu/esco/occupation/72628f3a-fd49-499a-9741-870b0a1fcef2', 'http://data.europa.eu/esco/occupation/a005f8a2-2d8a-433e-8d89-13575f822fd4', 'http://data.europa.eu/esco/occupation/ceda53cd-3f1f-425b-bd1b-c4fa17254680', 'http://data.europa.eu/esco/occupation/fe0fa514-b48d-4a53-9757-a283c0baacf0']"
4766,Power Portfolio Analyst,"At Metlen Energy & Metals, we are catalysts for a sustainable future, leading the green energy transition with innovative solutions while being a reference point for competitive green metallurgy. Our global presence covers two business Sectors: Energy and Metallurgy. With a consolidated yearly turnover of €6.3 billion and a workforce of over 5,500 dedicated individuals, we fuel success through cutting-edge technology and diverse talent.
We are committed to embracing new state-of-the-art technologies and advancements, propelling us towards a cleaner, brighter tomorrow. Our positive footprint extends across five continents, leaving a lasting impact. We foster a culture of resilience, challenge, respect, excellence, and change, empowering our diverse workforce to achieve remarkable outcomes.
 
We are currently looking for a Power Portfolio Analyst to join our Operetions team part of our M Energy Customer Solutions Division in our Paiania’s Offices.
By joining this role, you’ll play a vital role in supporting the operations of Load forecasting, Costing Analysis and Reporting regarding MECS Power Portfolio.
 
Your role will encompass:


Conducting Load Forecast analysis regarding Power Portfolio.


Creating Customized Energy Price offers for B2B/B2C Customers regarding commodity and beyond.


Conducting analysis and reports for external (Ministry of Energy, RAE, DNOs etc.) stakeholders to support decision-making processes within the unit.


Conducting analysis and reports for internal (Finance, Sales etc.) stakeholders to support decision-making processes within the unit.


Collecting Power costing data and serving them to company’s databases and/or the accountable departments


Contract and Guarantee Management with DNOs


Handling of Power DNO settlements regarding energy purchased and regulated charges, submission of objectives, invoice tracking and payments ordering.


GOs management for B2B/B2C Customers


Handling data


 
What you bring to the role:


2+ years of experience in Energy Field


Hold a Bachelor's degree in Engineering, Finance, Economics, Mathematics, Statistics, or a related field


MSc in Energy Markets, Economics, or a related field will be considered as an asset


Proficiency in MS Office


Excellent verbal and written communication in English language


Strong data management skills


Basic to advanced skills in programming languages used for data analysis, modeling and data extraction (RStudio, VBA, SQL, Python or similar)


Experience on working with large databases, integrating data and highlighting trends to support strategic decision-making.


Excellent analytical and problem-solving skills.


Strong time management, project management and priorities management skills


Flexible thinker; able to operate in a constantly changing and complex environment.


Results oriented and self-motivated.


 
Your Benefits:


Competitive remuneration package


Ticket Restaurant Card


Group Health Insurance program


Protergia discount on electricity and natural gas bill


 
Follow us on LinkedIn and stay updated on our latest news
 
We respect your personal data. All personal information in your application and CV will remain strictly confidential.  
 
At Metlen Energy & Metals we are proud to have Diversity and Inclusion at the centre of everything we do. We are committed to Equal Employment Opportunity regardless of race, colour, national origin, ethnicity, gender, age, disability, sexual orientation, gender identity or religion.",Mid-level,Full-time,"Paiania, Greece",EL,2024-08-11,kariera.gr,163706,,"['http://data.europa.eu/esco/skill/02e22093-3436-46a8-8dc5-b041bc4800cc', 'http://data.europa.eu/esco/skill/2a0efd9a-4a60-4edc-8561-f2754d24eeb8', 'http://data.europa.eu/esco/skill/3993c87c-7719-4186-811b-8ddfb40e76be', 'http://data.europa.eu/esco/skill/4339176e-3acd-4f7f-a5d9-445bee3d23f2', 'http://data.europa.eu/esco/skill/598de5b0-5b58-4ea7-8058-a4bc4d18c742', 'http://data.europa.eu/esco/skill/8327754d-3990-4056-b07e-4faa49cfcd26', 'http://data.europa.eu/esco/skill/adc6dc11-3376-467b-96c5-9b0a21edc869', 'http://data.europa.eu/esco/skill/bdcac0c8-b77a-4640-9eaf-c0cf3efd1e23', 'http://data.europa.eu/esco/skill/bf4d884f-c848-402a-b130-69c266b04164', 'http://data.europa.eu/esco/skill/ccd0a1d9-afda-43d9-b901-96344886e14d', 'http://data.europa.eu/esco/skill/cd5efa8c-e44d-4cbc-91c6-796018dbed68', 'http://data.europa.eu/esco/skill/e24377fb-020b-4430-8bed-86dd539bbf3a', 'http://data.europa.eu/esco/skill/e3e42d54-78bd-4337-aa87-bb31a7670c9a', 'http://data.europa.eu/esco/skill/f60c9e52-95fc-4ca1-a73c-18a491153b63', 'http://data.europa.eu/esco/skill/f683ae1d-cb7c-4aa1-b9fe-205e1bd23535']","['http://data.europa.eu/esco/occupation/1f305576-f57c-42c7-a139-728c72393cd4', 'http://data.europa.eu/esco/occupation/219d1c30-3849-4de3-b0d6-07da187b6521', 'http://data.europa.eu/esco/occupation/3ae4fd99-814a-4d06-a7db-5ee680c22e26', 'http://data.europa.eu/esco/occupation/3cbbdb83-7c36-4ae5-8c45-6c284186f477', 'http://data.europa.eu/esco/occupation/4efee3ed-de09-44c6-bd4a-d9eaafd04683', 'http://data.europa.eu/esco/occupation/72628f3a-fd49-499a-9741-870b0a1fcef2', 'http://data.europa.eu/esco/occupation/99492920-e5a5-4dba-9e5a-93193147198c', 'http://data.europa.eu/esco/occupation/bafbc672-0ad9-41af-9de8-db0c91a24f9b', 'http://data.europa.eu/esco/occupation/bea99fea-0383-4c63-b944-70d4799de2c5', 'http://data.europa.eu/esco/occupation/e297ec12-4712-40a4-ad98-ba004cacb205']"
4801,Cloud & Infrastructure Engineer,"In Kotsovolos we embrace everything you have to offer.  Join our team and let's #beMORE together! In numbers  3.000+ Kpeople | 90+ stores | 2 modern training centers | 53.000+ hours of training per year Our goal  Planning our future and through latest technologies and innovation, make our lives better  Your everyday work-life   Design and support IaaS/PaaS solutions on Cloud and automate provisioning of resources by generating scripts and templates Create sustainable services and systems via proactive monitoring and automation to any tasks or parts of the systems that are performed manually Administer and maintain local and cloud infrastructure, including SQL Databases, Application Servers, DNS, APIM, Azure Network etc Support security team and with their guidance take the appropriate actions to apply best practices on systems Communicate with suppliers and external partners, to supervise their actions and monitor their effectiveness Ability to work on call   As an ideal fit, you should have   Bachelor's degree in Computer Science, similar technical field of study, or equivalent practical experience 2 years' experience designing, executing, and supporting cloud solutions, with focus on Azure Experience with Unix/Linux (shell), Windows PowerShell and scripting Knowledge of Azure services (Azure Active Directory, APIM, VNets, Logic apps, Resource Management, Storage) Systematic problem-solving approach, coupled with effective communication skills and a sense of drive Hands on experience with tools (such as Puppet, Chef, Ansible & Terraform) and monitor tools (such as Zabbix, Nagios & Azure Monitor) will be considered a plus  What we offer   Continuous training in new technologies and tools  Career development and growth opportunities  Competitive bonus scheme, performance-based  Group health/medical insurance package  Discounts on our company's products  Hybrid working model  Internal wellbeing actions   Join #teamKotsovolos and be part of a team that promotes new technologies, loves to evolve, embraces diversity and is next to society.",,Full-time,"Heraklion, Greece",EL,2024-08-11,kariera.gr,138381,,"['http://data.europa.eu/esco/skill/03b9b491-fc9b-4868-914a-bf7cd47b5041', 'http://data.europa.eu/esco/skill/071233c4-ad2b-4f50-b79f-768d2231163e', 'http://data.europa.eu/esco/skill/11430d93-c835-48ed-8e70-285fa69c9ae6', 'http://data.europa.eu/esco/skill/2fb8480e-de3c-462b-b169-e8bbb344da68', 'http://data.europa.eu/esco/skill/49f85a99-086c-45b6-a6fa-eb90305af7b1', 'http://data.europa.eu/esco/skill/6417a4cc-6f61-4459-a114-761a7fa0279d', 'http://data.europa.eu/esco/skill/911e13ee-1eec-4243-88c8-3c08a3681a19', 'http://data.europa.eu/esco/skill/fe1ec582-d63b-466c-9149-e7fc4fe93e22']","['http://data.europa.eu/esco/occupation/1009be17-7efd-45f1-a033-566bf179c588', 'http://data.europa.eu/esco/occupation/2fb96c6c-8d0b-4ef0-b1ee-3e493305e4eb', 'http://data.europa.eu/esco/occupation/349ee6f6-c295-4c38-9b98-48765b55280e', 'http://data.europa.eu/esco/occupation/79fed799-ab3a-43d9-bd91-414c2c3b2f57', 'http://data.europa.eu/esco/occupation/9f12704c-5e6c-47b0-a866-3b92663e6a4b']"
4804,Senior Software Engineer in Test,"Company DescriptionWe are Netcompany-Intrasoft, a member of Netcompany Group A/S, and a leading European IT Solutions and Services company with strong international presence and expertise, dedicated to responsible digitalisation. We offer innovative and added-value solutions of the highest quality to a wide range of public and private organizations, while being a key-player in the EU Institutions for the past 30 years. We hold an outstanding record of 500+ organizations in 70+ countries, that have chosen our solutions and services, to fulfil their business needs. Our team of 3500+ professionals is our driving force and our most valuable asset.Job DescriptionOur fully inhouse Testing team consists of 180 professionals across our sites and is Gold ISTQB partner. This is a team led by Test Managers, that serves the entire Netcompany-Intrasoft organization, bringing value and benefit in all the technologies we use and offer. Our Testing team is engaged with a vast portfolio of services, technologies, solutions and methodologies.As a Senior Software Engineer in Test you will:Familiarize with the architecture of the system under testAnalyze the tests to be automated and identify the most appropriate test automation methodology/technologyImplement and maintain test automation scripts/frameworksParticipate in PoC for evaluation of various tools, frameworks, methodologiesParticipate in the building of a CI pipelineAutomate tests for any of the following test types (functional, performance, usability, compatibility, cross-browser, component)Analysis of test results for troubleshooting, qualitative and quantitative analysisTest Planning and StrategyDefine, engage, and commit to testing planning as part of the Release planning, providing accurate estimations and schedules of all testing activities, timelines, and milestones with appropriate toolsDevelop comprehensive test plans based on project requirements and specifications.Identify and manage dependencies on Test Plans for integrated systemsEnsure automated regression packs are maintained and updated based on new functionality and changesDefine and implement effective test strategies to ensure thorough test coverageEnsure that the several testing and validation processes are improved continuously Test Execution:Oversee the execution of manual and service test cases to identify software defects and ensure product qualityReview and approval of all test artifacts (scripts, test data) and testing deliverables Quality Assurance:Establish and enforce quality assurance processes and standardsCoaching, mentoring, junior QA team members influencing them to take positive action and accountability for their assigned workQualificationsWhat would make you a fit for the role:Degree in Information Technology or another relevant fieldAt least 4 years of experience in Software Testing including expertise in writing Test scripts for Functional, Regression and Performance testsExperience in various tools/frameworks such as Selenium, SoapUI, JMeterWork experience in the creation of Test Cases, Test Scripts, Test Reports and participation in Test CyclesComplete understanding of the Agile Software Development methodologiesExcellent command of the English language (both written & oral)It would also be a plus if you match some of the following:Knowledge in WebServices (SOAP & RESTful), Cucumber, Serenity, TestNG, JUnit, Mockito, REST Assured API and Jira, Jira XRay, Javascript, Typescript, Microservice Architectures, Kafka, Arquillian and Spring Boot are considered a plusWork experience in Java, .Net, Groovy, SQL, XML ISTQB Foundation certificate in Software Testing;Test Automation knowledge through QTP.Additional InformationBeing a part of the Netcompany-Ιntrasoft team, you will be provided with: The opportunity to work in a modern environment & in a hybrid working modelA seamless onboarding experience and a buddy to support you on your first stepsA competitive compensation & benefits packageHealth and life insurance programMeal and commuting allowanceWell-being activities (on premises)Continuous learning opportunities using the most modern methods (unlimited access to Udemy for Business, ad-hoc trainings)A personalized development plan for targeted career growthIf you are looking forward to be part of a diverse environment, and have the opportunity to work alongside well-experienced professionals, on challenging, large-scale projects that directly impact millions of citizens around the globe, then this is the place to be!By joining Netcompany-Intrasoft Athens, you will be part of a vivid team of 2000+ tech enthusiasts. When at the office you will have the chance to work at our brand-new, state-of-the-art, sustainable offices, located in 3 different spots in Athens!#LI-TM1Our cultureOur people are the most important element of our success. Our work life is well defined by our set of fundamental Values: https://bit.ly/3SSbBzU  #BePartOfSomethingGreat!*Please submit your CV in EnglishAll applications will be treated as strictly confidential.",,Full-time,"Athens, Greece",EL,2024-08-11,kariera.gr,152802,,"['http://data.europa.eu/esco/skill/23ac233d-84ad-4517-b0f5-8ca19ba2614e', 'http://data.europa.eu/esco/skill/2522a6ce-3202-4ac8-9f5b-b9cb5a3a83a1', 'http://data.europa.eu/esco/skill/3993c87c-7719-4186-811b-8ddfb40e76be', 'http://data.europa.eu/esco/skill/52cf3037-ab53-4806-85ed-7fd21ea7f6a1', 'http://data.europa.eu/esco/skill/598de5b0-5b58-4ea7-8058-a4bc4d18c742', 'http://data.europa.eu/esco/skill/5d74614d-32c8-4ca4-9818-6980e52424b1', 'http://data.europa.eu/esco/skill/6a0aab53-6246-41e8-a910-e7a13f314860', 'http://data.europa.eu/esco/skill/6a322874-e32f-4cd8-9683-badce67a7f73', 'http://data.europa.eu/esco/skill/7557f0f4-b8bc-4ac0-b91e-222ab1ba744f', 'http://data.europa.eu/esco/skill/867137fb-ff1b-4ca3-99f3-cb6969aa2c68', 'http://data.europa.eu/esco/skill/8f6ed69b-29d0-4c01-81ba-f05920a185f3', 'http://data.europa.eu/esco/skill/c4b626c1-e71c-44ec-9f88-042766f37fcc', 'http://data.europa.eu/esco/skill/c7cc6dc5-d56b-4323-8e5c-47c4022f615f', 'http://data.europa.eu/esco/skill/dba46f87-0831-49cd-a1c7-340a653c0221']","['http://data.europa.eu/esco/occupation/608edf30-fe37-4ae5-bdd1-2d3a8fd347bd', 'http://data.europa.eu/esco/occupation/719f101d-1866-49d3-8d5c-2256f606a8b9', 'http://data.europa.eu/esco/isco/C2519']"
4805,Senior Software Engineer in Test,"Company DescriptionWe are Netcompany-Intrasoft, a member of Netcompany Group A/S, and a leading European IT Solutions and Services company with strong international presence and expertise, dedicated to responsible digitalisation. We offer innovative and added-value solutions of the highest quality to a wide range of public and private organizations, while being a key-player in the EU Institutions for the past 30 years. We hold an outstanding record of 500+ organizations in 70+ countries, that have chosen our solutions and services, to fulfil their business needs. Our team of 3500+ professionals is our driving force and our most valuable asset.Job DescriptionOur fully inhouse Testing team consists of 180 professionals across our sites and is Gold ISTQB partner. This is a team led by Test Managers, that serves the entire Netcompany-Intrasoft organization, bringing value and benefit in all the technologies we use and offer. Our Testing team is engaged with a vast portfolio of services, technologies, solutions and methodologies.As a Senior Software Engineer in Test you will:Familiarize with the architecture of the system under testAnalyze the tests to be automated and identify the most appropriate test automation methodology/technologyImplement and maintain test automation scripts/frameworksParticipate in PoC for evaluation of various tools, frameworks, methodologiesParticipate in the building of a CI pipelineAutomate tests for any of the following test types (functional, performance, usability, compatibility, cross-browser, component)Analysis of test results for troubleshooting, qualitative and quantitative analysisTest Planning and StrategyDefine, engage, and commit to testing planning as part of the Release planning, providing accurate estimations and schedules of all testing activities, timelines, and milestones with appropriate toolsDevelop comprehensive test plans based on project requirements and specifications.Identify and manage dependencies on Test Plans for integrated systemsEnsure automated regression packs are maintained and updated based on new functionality and changesDefine and implement effective test strategies to ensure thorough test coverageEnsure that the several testing and validation processes are improved continuously Test Execution:Oversee the execution of manual and service test cases to identify software defects and ensure product qualityReview and approval of all test artifacts (scripts, test data) and testing deliverables Quality Assurance:Establish and enforce quality assurance processes and standardsCoaching, mentoring, junior QA team members influencing them to take positive action and accountability for their assigned workQualificationsWhat would make you a fit for the role:Degree in Information Technology or another relevant fieldAt least 4 years of experience in Software Testing including expertise in writing Test scripts for Functional, Regression and Performance testsExperience in various tools/frameworks such as Selenium, SoapUI, JMeterWork experience in the creation of Test Cases, Test Scripts, Test Reports and participation in Test CyclesComplete understanding of the Agile Software Development methodologiesExcellent command of the English language (both written & oral)It would also be a plus if you match some of the following:Knowledge in WebServices (SOAP & RESTful), Cucumber, Serenity, TestNG, JUnit, Mockito, REST Assured API and Jira, Jira XRay, Javascript, Typescript, Microservice Architectures, Kafka, Arquillian and Spring Boot are considered a plusWork experience in Java, .Net, Groovy, SQL, XML ISTQB Foundation certificate in Software Testing;Test Automation knowledge through QTP.Additional InformationBeing a part of the Netcompany-Ιntrasoft team, you will be provided with: The opportunity to work in a modern environment & in a hybrid working modelA seamless onboarding experience and a buddy to support you on your first stepsA competitive compensation & benefits packageHealth and life insurance programMeal and commuting allowanceWell-being activities (on premises)Continuous learning opportunities using the most modern methods (unlimited access to Udemy for Business, ad-hoc trainings)A personalized development plan for targeted career growthIf you are looking forward to be part of a diverse environment, and have the opportunity to work alongside well-experienced professionals, on challenging, large-scale projects that directly impact millions of citizens around the globe, then this is the place to be!Join Netcompany-Intrasoft Thessaloniki's branch, and be part of our 250+ tech enthusiasts team!#LI-TM1Our cultureOur people are the most important element of our success. Our work life is well defined by our set of fundamental Values: https://bit.ly/3SSbBzU  #BePartOfSomethingGreat!*Please submit your CV in EnglishAll applications will be treated as strictly confidential.",,Full-time,"Thessaloniki, Greece",EL,2024-08-11,kariera.gr,152801,,"['http://data.europa.eu/esco/skill/23ac233d-84ad-4517-b0f5-8ca19ba2614e', 'http://data.europa.eu/esco/skill/2522a6ce-3202-4ac8-9f5b-b9cb5a3a83a1', 'http://data.europa.eu/esco/skill/3993c87c-7719-4186-811b-8ddfb40e76be', 'http://data.europa.eu/esco/skill/52cf3037-ab53-4806-85ed-7fd21ea7f6a1', 'http://data.europa.eu/esco/skill/598de5b0-5b58-4ea7-8058-a4bc4d18c742', 'http://data.europa.eu/esco/skill/5d74614d-32c8-4ca4-9818-6980e52424b1', 'http://data.europa.eu/esco/skill/6a0aab53-6246-41e8-a910-e7a13f314860', 'http://data.europa.eu/esco/skill/6a322874-e32f-4cd8-9683-badce67a7f73', 'http://data.europa.eu/esco/skill/7557f0f4-b8bc-4ac0-b91e-222ab1ba744f', 'http://data.europa.eu/esco/skill/867137fb-ff1b-4ca3-99f3-cb6969aa2c68', 'http://data.europa.eu/esco/skill/8f6ed69b-29d0-4c01-81ba-f05920a185f3', 'http://data.europa.eu/esco/skill/c4b626c1-e71c-44ec-9f88-042766f37fcc', 'http://data.europa.eu/esco/skill/c7cc6dc5-d56b-4323-8e5c-47c4022f615f', 'http://data.europa.eu/esco/skill/dba46f87-0831-49cd-a1c7-340a653c0221']","['http://data.europa.eu/esco/occupation/608edf30-fe37-4ae5-bdd1-2d3a8fd347bd', 'http://data.europa.eu/esco/occupation/719f101d-1866-49d3-8d5c-2256f606a8b9', 'http://data.europa.eu/esco/isco/C2519']"
4806,Senior Software Engineer in Test,"Company DescriptionWe are Netcompany-Intrasoft, a member of Netcompany Group A/S, and a leading European IT Solutions and Services company with strong international presence and expertise, dedicated to responsible digitalisation. We offer innovative and added-value solutions of the highest quality to a wide range of public and private organizations, while being a key-player in the EU Institutions for the past 30 years. We hold an outstanding record of 500+ organizations in 70+ countries, that have chosen our solutions and services, to fulfil their business needs. Our team of 3500+ professionals is our driving force and our most valuable asset.Job DescriptionOur fully inhouse Testing team consists of 180 professionals across our sites and is Gold ISTQB partner. This is a team led by Test Managers, that serves the entire Netcompany-Intrasoft organization, bringing value and benefit in all the technologies we use and offer. Our Testing team is engaged with a vast portfolio of services, technologies, solutions and methodologies.As a Senior Software Engineer in Test you will:Familiarize with the architecture of the system under testAnalyze the tests to be automated and identify the most appropriate test automation methodology/technologyImplement and maintain test automation scripts/frameworksParticipate in PoC for evaluation of various tools, frameworks, methodologiesParticipate in the building of a CI pipelineAutomate tests for any of the following test types (functional, performance, usability, compatibility, cross-browser, component)Analysis of test results for troubleshooting, qualitative and quantitative analysisTest Planning and StrategyDefine, engage, and commit to testing planning as part of the Release planning, providing accurate estimations and schedules of all testing activities, timelines, and milestones with appropriate toolsDevelop comprehensive test plans based on project requirements and specifications.Identify and manage dependencies on Test Plans for integrated systemsEnsure automated regression packs are maintained and updated based on new functionality and changesDefine and implement effective test strategies to ensure thorough test coverageEnsure that the several testing and validation processes are improved continuously Test Execution:Oversee the execution of manual and service test cases to identify software defects and ensure product qualityReview and approval of all test artifacts (scripts, test data) and testing deliverables Quality Assurance:Establish and enforce quality assurance processes and standardsCoaching, mentoring, junior QA team members influencing them to take positive action and accountability for their assigned workQualificationsWhat would make you a fit for the role:Degree in Information Technology or another relevant fieldAt least 4 years of experience in Software Testing including expertise in writing Test scripts for Functional, Regression and Performance testsExperience in various tools/frameworks such as Selenium, SoapUI, JMeterWork experience in the creation of Test Cases, Test Scripts, Test Reports and participation in Test CyclesComplete understanding of the Agile Software Development methodologiesExcellent command of the English language (both written & oral)It would also be a plus if you match some of the following:Knowledge in WebServices (SOAP & RESTful), Cucumber, Serenity, TestNG, JUnit, Mockito, REST Assured API and Jira, Jira XRay, Javascript, Typescript, Microservice Architectures, Kafka, Arquillian and Spring Boot are considered a plusWork experience in Java, .Net, Groovy, SQL, XML ISTQB Foundation certificate in Software Testing;Test Automation knowledge through QTP.Additional InformationBeing a part of the Netcompany-Ιntrasoft team, you will be provided with: The opportunity to work in a modern environment & in a hybrid working modelA seamless onboarding experience and a buddy to support you on your first stepsA competitive compensation & benefits packageHealth and life insurance programMeal Continuous learning opportunities using the most modern methods (unlimited access to Udemy for Business, ad-hoc trainings)A personalized development plan for targeted career growthIf you are looking forward to be part of a diverse environment, and have the opportunity to work alongside well-experienced professionals, on challenging, large-scale projects that directly impact millions of citizens around the globe, then this is the place to be!Join Netcompany-Intrasoft Patras' branch, and be part of our 150+ tech enthusiasts team!#LI-TM1Our cultureOur people are the most important element of our success. Our work life is well defined by our set of fundamental Values: https://bit.ly/3SSbBzU  #BePartOfSomethingGreat!*Please submit your CV in EnglishAll applications will be treated as strictly confidential.",,Full-time,"Patra, Greece",EL,2024-08-11,kariera.gr,152800,,"['http://data.europa.eu/esco/skill/23ac233d-84ad-4517-b0f5-8ca19ba2614e', 'http://data.europa.eu/esco/skill/2522a6ce-3202-4ac8-9f5b-b9cb5a3a83a1', 'http://data.europa.eu/esco/skill/3993c87c-7719-4186-811b-8ddfb40e76be', 'http://data.europa.eu/esco/skill/52cf3037-ab53-4806-85ed-7fd21ea7f6a1', 'http://data.europa.eu/esco/skill/598de5b0-5b58-4ea7-8058-a4bc4d18c742', 'http://data.europa.eu/esco/skill/5d74614d-32c8-4ca4-9818-6980e52424b1', 'http://data.europa.eu/esco/skill/6a0aab53-6246-41e8-a910-e7a13f314860', 'http://data.europa.eu/esco/skill/6a322874-e32f-4cd8-9683-badce67a7f73', 'http://data.europa.eu/esco/skill/7557f0f4-b8bc-4ac0-b91e-222ab1ba744f', 'http://data.europa.eu/esco/skill/867137fb-ff1b-4ca3-99f3-cb6969aa2c68', 'http://data.europa.eu/esco/skill/8f6ed69b-29d0-4c01-81ba-f05920a185f3', 'http://data.europa.eu/esco/skill/c4b626c1-e71c-44ec-9f88-042766f37fcc', 'http://data.europa.eu/esco/skill/c7cc6dc5-d56b-4323-8e5c-47c4022f615f', 'http://data.europa.eu/esco/skill/dba46f87-0831-49cd-a1c7-340a653c0221']","['http://data.europa.eu/esco/occupation/608edf30-fe37-4ae5-bdd1-2d3a8fd347bd', 'http://data.europa.eu/esco/occupation/719f101d-1866-49d3-8d5c-2256f606a8b9', 'http://data.europa.eu/esco/isco/C2519']"
4810,Software Engineer in Test,"Company DescriptionWe are Netcompany-Intrasoft, a member of Netcompany Group A/S, and a leading European IT Solutions and Services company with strong international presence and expertise, dedicated to responsible digitalisation. We offer innovative and added-value solutions of the highest quality to a wide range of public and private organizations, while being a key-player in the EU Institutions for the past 30 years. We hold an outstanding record of 500+ organizations in 70+ countries, that have chosen our solutions and services, to fulfil their business needs. Our team of 3500+ professionals is our driving force and our most valuable asset.Job DescriptionOur fully inhouse Testing team consists of 180 professionals across our sites and is Gold ISTQB partner. This is a team led by Test Managers, that serves the entire Netcompany-Intrasoft organization, bringing value and benefit in all the technologies we use and offer. Our Testing team is engaged with a vast portfolio of services, technologies, solutions and methodologies.As a Software Engineer in Test you will:Understand the business logic for the system under testFamiliarize with the architecture of the system under testAnalyze the tests to be automated and identify the most appropriate test automation methodology/technologyImplement and maintain test automation scripts/frameworksParticipate in PoC for evaluation of various tools, frameworks, methodologiesParticipate in the building of a CI pipelineAutomate tests for any of the following test types (functional, performance, usability, compatibility, cross-browser, component)Analysis of test results for troubleshooting, qualitative and quantitative analysisQualificationsWhat would make you a fit for the role:Degree in Information Technology or another relevant fieldExperience in Software Testing including expertise in writing Test scripts for Functional, Regression and Performance testsExperience in various tools/frameworks such as Selenium, SoapUI, JMeterWork experience in the creation of Test Cases, Test Scripts, Test Reports and participation in Test CyclesComplete understanding of the Agile Software Development methodologiesExcellent command of the English language (written & oral)It would also be a plus if you match some of the following:Knowledge in WebServices (SOAP & RESTful), Cucumber, Serenity, TestNG, JUnit, Mockito, REST Assured API and Jira, Jira XRay, Javascript, Typescript, Microservice Architectures, Kafka, Arquillian and Spring Boot are considered a plusWork experience in Java, .Net, Groovy, SQL, XML Additional InformationBeing a part of the Netcompany-Ιntrasoft team, you will be provided with: The opportunity to work in a modern environment & in a hybrid working modelA seamless onboarding experience and a buddy to support you on your first stepsA competitive compensation & benefits packageHealth and life insurance programMeal and commuting allowanceWell-being activities (on premises)Continuous learning opportunities using the most modern methods (unlimited access to Udemy for Business, ad-hoc trainings)A personalized development plan for targeted career growthIf you are looking forward to be part of a diverse environment, and have the opportunity to work alongside well-experienced professionals, on challenging, large-scale projects that directly impact millions of citizens around the globe, then this is the place to be!By joining Netcompany-Intrasoft Athens, you will be part of a vivid team of 2000+ tech enthusiasts. When at the office you will have the chance to work at our brand-new, state-of-the-art, sustainable offices, located in 3 different spots in Athens!#LI-LF1 Our cultureOur people are the most important element of our success. Our work life is well defined by our set of fundamental Values: https://bit.ly/3SSbBzU  #BePartOfSomethingGreat!*Please submit your CV in EnglishAll applications will be treated as strictly confidential.",,Full-time,"Athens, Greece",EL,2024-08-11,kariera.gr,152796,,"['http://data.europa.eu/esco/skill/23ac233d-84ad-4517-b0f5-8ca19ba2614e', 'http://data.europa.eu/esco/skill/3993c87c-7719-4186-811b-8ddfb40e76be', 'http://data.europa.eu/esco/skill/52cf3037-ab53-4806-85ed-7fd21ea7f6a1', 'http://data.europa.eu/esco/skill/598de5b0-5b58-4ea7-8058-a4bc4d18c742', 'http://data.europa.eu/esco/skill/6a0aab53-6246-41e8-a910-e7a13f314860', 'http://data.europa.eu/esco/skill/7557f0f4-b8bc-4ac0-b91e-222ab1ba744f', 'http://data.europa.eu/esco/skill/867137fb-ff1b-4ca3-99f3-cb6969aa2c68', 'http://data.europa.eu/esco/skill/8f6ed69b-29d0-4c01-81ba-f05920a185f3', 'http://data.europa.eu/esco/skill/c4b626c1-e71c-44ec-9f88-042766f37fcc', 'http://data.europa.eu/esco/skill/ce354460-500e-4eaa-8e95-8f243fcea3db', 'http://data.europa.eu/esco/skill/dba46f87-0831-49cd-a1c7-340a653c0221']","['http://data.europa.eu/esco/occupation/719f101d-1866-49d3-8d5c-2256f606a8b9', 'http://data.europa.eu/esco/isco/C2519']"
