id,title,description,experience_level,type,location,location_code,upload_date,source,source_id,organization,skills,occupations
243,Angular Software Engineer,"Angular Software Engineer
At EY, you'll have the chance to build a career as unique as you are, with the global scale, support, inclusive culture and technology to become the best version of you. And we're counting on your unique voice and perspective to help EY become even better, too.Join our continuously growing team, which employs over 2.500 professionals in Greece, and is listed in Greece's Top Employers, Great Place to Work and Best Workplaces for Women for 2024! Experience great flexibility, under our hybrid operating model across our offices in Athens, Patras, and Thessaloniki, while benefiting from personalized learning and career development opportunities. We prioritize diversity, equity, and inclusion, fostering an environment where everyone's unique perspectives are valued, that supports you in building an exceptional experience for yourself, and a better working world for all. The opportunityWe are currently seeking highly motivated persons to work as Software Engineers for our IT Consulting, a leading provider of Technology services to large corporate clients of all industries. As a member of our team:
You will have a significant technical contribution to large-scale implementation projects
You will be given the opportunity to work and take responsibility in challenging engagements in Greece and abroad
Your ability to learn and apply advanced Technology solutions, will give you the opportunity to grow professionally and participate in the design and deployment of leading-edge technologies.

Skills and attributes for success To qualify for the role you must have

A Bachelor's degree in one of the fields of Computer Science, Software Engineering, or other related discipline
Ability to work as a team member
Self-motivated to contribute with your own ideas - showcase the feasibility and benefits with a proof of concept and document your cutting edge solution
Experience in Java or other object-oriented programming language
Completed military obligations (where applicable)

Ideally, you'll also have

Experience in SQL and PL/SQL
Working experience with at least one RDBMS e.g. Oracle (preferably), SQL Server, DB2, MySQL, PostgreSQL etc.
Familiarity with IDE tools e.g. JDeveloper (preferably), Visual Studio etc.
Knowledge and/or experience with web services (SOAP, JSON/REST)
Knowledge and/or experience with Oracle ADF
Knowledge and/or experience with Angular, Ionic or Node.js
Knowledge and/or experience with source control software (e.g. GIT, SVN, TFS)
Ability to design and develop solutions with business users (feel free to include relevant project and profile links, like GitHub, Kaggle or Stack Overflow)
Work experience either in Insurance sector, or in a solution provider environment engaged with Insurance projects implementation

What we look for What's most important is that you're dedicated to working with your colleagues as part of a high-performing team. You'll need to demonstrate enthusiasm, high motivation and passion to develop fast in a multinational working environment. You'll need to thrive in picking up new skills and talents as you go, so natural curiosity, a lot of questions and the
confidence to speak up when you see something that could be improved are essential. If you've got the right combination of technical knowledge and communication skills, this role is for you. What we offer What we offer
Competitive remuneration package: You'll be rewarded for your individual and team performance. Depending on your experience, our comprehensive rewards package includes benefits that suit your needs including cutting-edge technological equipment, ticket restaurant vouchers, a private health insurance scheme, life insurance, income protection and an exclusive EY benefits club that provides a wide range of discounts, offers and promotions. 
Flexible working arrangements: We operate under a hybrid working model, which is defined based on both your own preferences and team's needs, and we enjoy our summers with short Fridays.
Personalized learning experience and career development: We provide free and unlimited access to educational platforms and EY Badges, support certifications, and provide coaching and feedback, as a part of our Leadership & Development process, all of which can lead to a meaningful impact and success as defined by you.
Transformative leadership: We'll give you the insights, coaching and confidence to be the leader the world needs.
Diverse and inclusive culture: You'll be embraced for who you are and empowered to use your voice to help others find theirs.
International Experience: Become part of international projects and work along multicultural teams, through our global network.
Above all, you will be working in one of the most recognized employers in Greece, as we have been awarded the Top Employers, Great Place to Work and Best Workplaces for Women awards for 2024.

If you can demonstrate that you meet the criteria above, please contact us as soon as possible.The exceptional EY experience. It's yours to build. Apply now.EY | Building a better working world EY exists to build a better working world, helping to create long-term value for clients, people and society and build trust in the capital markets. Enabled by data and technology, diverse EY teams in over 150 countries provide trust through assurance and help clients grow, transform and operate. Working across assurance, consulting, law, strategy, tax and transactions, EY teams ask better questions to find new answers for the complex issues facing our world today. #betterworkingworld #LI-Hybrid",N/A,Full-time,"Marousi, Greece",EL,2025-07-21,kariera.gr,109282,,"['http://data.europa.eu/esco/skill/07e51c60-763a-4335-b4ec-70a15f66d328', 'http://data.europa.eu/esco/skill/08e2ff26-88ff-47b5-9d37-d19ace01b075', 'http://data.europa.eu/esco/skill/19a8293b-8e95-4de3-983f-77484079c389', 'http://data.europa.eu/esco/skill/1ffac4ac-fda7-407d-8ed1-ca8f4a8dc146', 'http://data.europa.eu/esco/skill/21d2f96d-35f7-4e3f-9745-c533d2dd6e97', 'http://data.europa.eu/esco/skill/3cee858e-79e8-4a4b-b99f-93c7f735d58b', 'http://data.europa.eu/esco/skill/429062f1-a958-43ea-83dd-4e1af078c156', 'http://data.europa.eu/esco/skill/6b6a9252-2ed7-4862-a02f-1578f4a532ea', 'http://data.europa.eu/esco/skill/8369ede5-4200-4a44-be2e-bc60ef959259', 'http://data.europa.eu/esco/skill/9531fe02-1e1f-4a36-95f7-a76a77cd4b8d', 'http://data.europa.eu/esco/skill/a8d07b5a-c1a1-42c6-9d53-db9c7a2ca996', 'http://data.europa.eu/esco/skill/bd14968e-e409-45af-b362-3495ed7b10e0', 'http://data.europa.eu/esco/skill/c062bab3-3ea0-4291-9220-a2d8fef4bead', 'http://data.europa.eu/esco/skill/c6c1af60-9594-460c-a328-00f9ad292be0', 'http://data.europa.eu/esco/skill/de9f85ba-e77f-48fd-8c66-f5ebaf32d655', 'http://data.europa.eu/esco/skill/eade4171-3d57-4fb2-9518-44d5a1da4ff5', 'http://data.europa.eu/esco/skill/f7e7ccb6-fadc-4c35-935d-e1040be40dfe', 'http://data.europa.eu/esco/skill/f84a433f-34f1-4083-b0a3-24802623509c', 'http://data.europa.eu/esco/skill/fcc0a1c8-d36e-4f8e-b928-00d5bca10a47', 'http://data.europa.eu/esco/skill/fef5a450-6230-4a34-b3e3-764252dbdcec']","['http://data.europa.eu/esco/occupation/056f1849-7ff8-4d6f-9b8a-176a610bba44', 'http://data.europa.eu/esco/occupation/3b43dafb-8c6b-4906-9fe5-bc218aacad55', 'http://data.europa.eu/esco/occupation/57af9090-55b4-4911-b2d0-86db01c00b02', 'http://data.europa.eu/esco/occupation/6cd08cbe-7611-4d70-8886-6c59c0385442', 'http://data.europa.eu/esco/occupation/9e285322-2cfa-430f-9b66-41be57d698e2', 'http://data.europa.eu/esco/occupation/ab7bccb2-6f81-4a3d-a0c0-fca5d47d2775', 'http://data.europa.eu/esco/occupation/b1c80369-067e-4041-84c8-dbe65640a5d8', 'http://data.europa.eu/esco/occupation/d1b1dfdf-7d60-430a-b569-7dd71b2ebeaa']"
270,Product Owner,"Company DescriptionWe are Netcompany-Intrasoft, a member of Netcompany Group A/S, and a leading European IT Solutions and Services company with strong international presence and expertise, dedicated to responsible digitalisation. We offer innovative and added-value solutions of the highest quality to a wide range of public and private organizations, while being a key-player in the EU Institutions for the past 30 years. We hold an outstanding record of 500+ organizations in 70+ countries, that have chosen our solutions and services, to fulfil their business needs. Our team of 3500+ professionals is our driving force and our most valuable asset.Job DescriptionEver wondered what it feels like to be a Product Owner in Netcompany-Intrasoft?Joining us as a Product Owner, you will lead and mentor a team of Software Engineers, overseeing the design and maintenance of back-end systems for large applications. They actively participate in technical analysis, collaborate with business users and analysts to align projects with goals, and ensure successful outcomes through effective communication. The day involves a balance of leadership, technical oversight, and collaborative efforts.As a Product Owner you will:Lead and mentor a group of Software EngineersDesign, develop and maintain web-based and client applications.Utilize expertise in PLSQL and Java technologies to drive the development and maintenance process.Participate in the technical analysis, documentation, implementation, and integration.Foster collaboration by coordinating closely with Business users, business analysts, and fellow software developers to ensure alignment with project goals and objectives.QualificationsWhat would make you a fit for the role:Degree in Computer Science or a related fieldSpecialization in Spring Boot for efficient and scalable server-side developmentBring hands-on experience in Java EE (J2EE)Familiarity working with PLSQL and PHPDemonstrate a good understanding in Visual Basic .NETAbility to work independently and in a team environment.Excellent written and verbal communication skills.Additional InformationBeing a part of the Netcompany-Ιntrasoft team, you will be provided with: The opportunity to work in a modern environment & in a hybrid working modelA seamless onboarding experience and a buddy to support you on your first stepsA competitive compensation & benefits packageHealth and life insurance programMeal and commuting allowanceWell-being activities (on premises)Continuous learning opportunities using the most modern methods (unlimited access to Udemy for Business, ad-hoc trainings)A personalized development plan for targeted career growthIf you are looking forward to be part of a diverse environment, and have the opportunity to work alongside well-experienced professionals, on challenging, large-scale projects that directly impact millions of citizens around the globe, then this is the place to be!Our cultureOur people are the most important element of our success. Our work life is well defined by our set of fundamental Values: https://bit.ly/3SSbBzU  #BePartOfSomethingGreat!*Please submit your CV in EnglishAll applications will be treated as strictly confidential.",,Full-time,"Athens, Greece",EL,2024-09-08,kariera.gr,151487,,"['http://data.europa.eu/esco/skill/19a8293b-8e95-4de3-983f-77484079c389', 'http://data.europa.eu/esco/skill/23ac233d-84ad-4517-b0f5-8ca19ba2614e', 'http://data.europa.eu/esco/skill/385479b7-5da5-4367-9763-0d15b41bb65b', 'http://data.europa.eu/esco/skill/633a3637-2c6b-40ae-ac38-289eb2a62aa6', 'http://data.europa.eu/esco/skill/649b00ec-a70d-4b3a-ae2e-5662964b0fb8', 'http://data.europa.eu/esco/skill/8f6ed69b-29d0-4c01-81ba-f05920a185f3']","['http://data.europa.eu/esco/occupation/719f101d-1866-49d3-8d5c-2256f606a8b9', 'http://data.europa.eu/esco/occupation/8d586ee9-0ab1-4155-a3b0-2ca786c8e48c', 'http://data.europa.eu/esco/occupation/ac8b3cd1-a127-4e6a-8208-5cfcf7111955', 'http://data.europa.eu/esco/isco/C2519']"
320,Call for Talents - Junior Software Engineers,"Company DescriptionWe are Netcompany-Intrasoft, a member of Netcompany Group A/S, and a leading European IT Solutions and Services company with strong international presence and expertise, dedicated to responsible digitalisation. We offer innovative and added-value solutions of the highest quality to a wide range of public and private organizations, while being a key-player in the EU Institutions for the past 30 years. We hold an outstanding record of 500+ organizations in 70+ countries, that have chosen our solutions and services, to fulfil their business needs. Our team of 3500+ professionals is our driving force and our most valuable asset.Job DescriptionEver wondered what it feels like to be a Junior Software Engineer in Netcompany-Intrasoft? Joining us as a Junior Software Engineer you will become part of agile, highly skilled SW Product Development teams that design, develop, deploy, customize, test, and support web and digital applications for various industries (FinTech / Betting / Insurance / Telecommunications / Utilities / Retail / EU Institutions / Public Sector Digital Transformation). This will be the beginning of your career in one of the following specialties: backend, frontend, full-stack, DevOps, or automation testing SW Engineers.As a Junior Software Engineer you will:Work within an agile team that designs, develops, tests, and maintains web applications by using technologies such as Java, Spring, Spring boot, Microservices Architecture, Angular, React, Docker, Kafka, Kubernetes, Selenium, Cucumber, etc.Perform a full range of complex programming tasks using a variety of web and application-based programming technologies and languages, keeping current with new programming techniquesDevelop and maintain code and application libraries, instructions, and technical documentationCollaborate with team members to understand requirements and propose solutionsParticipate in peer code reviewsBe up to date, learn and gain experience in new technology stacks.QualificationsWhat would make you a fit for the role:Degree in Computer Science, Software Engineering or other relevant disciplinesFamiliarity with at least one of the below (Java, Spring, Spring boot, Microservices Architecture, Angular, React, Docker, Kafka, Kubernetes, Selenium and Cucumber)Excellent command of the English language (written & oral)It would also be a plus if you match some of the following:Knowledge of:web technologies including HTML5, CSS3, JavaScript frameworksdatabase concepts and SQL programmingExperience with Source Control(GIT, Subversion) and Build Tools (Maven).Additional InformationAll newcomers attend a high-quality training by our internal onboarding academy, regarding the Netcompany-Intrasoft culture and digital journey. All sessions are conducted by our tech specialists, who share their knowledge on technologies and methodologies that are used in our projects, ensuring a smooth and enlightening onboarding process.Being a part of the Netcompany-Ιntrasoft team, you will be provided with: The opportunity to work in a modern environment & in a hybrid working modelA seamless onboarding experience and a buddy to support you on your first stepsA competitive compensation & benefits packageHealth and life insurance programMeal and commuting allowanceWell-being activities (on premises)Continuous learning opportunities using the most modern methods (unlimited access to Udemy for Business, ad-hoc trainings)A personalized development plan for targeted career growthIf you are looking forward to be part of a diverse environment, and have the opportunity to work alongside well-experienced professionals, on challenging, large-scale projects that directly impact millions of citizens around the globe, then this is the place to be!Join Netcompany-Intrasoft Patras' branch, and be part of our 150+ tech enthusiasts team!Our cultureOur people are the most important element of our success. Our work life is well defined by our set of fundamental Values: https://netcompany.com/careers/greece/our-values/ #BePartOfSomethingGreat!Please submit your CV in English. All applications will be treated as strictly confidential.We ensure equal opportunities, treatment, and consideration to all candidates. Discrimination based on sex, racial or ethnic origin, religion or belief, disability, age, sexual orientation or marital status, physical or mental disability, or any other factor protected by applicable laws and regulations is prohibited. As part of the Netcompany-Intrasoft culture, we respect human rights and focus on creating a positive workplace, where all employees are valued, and where diversity and inclusion are a vital part of our our everyday working experience.",,Full-time,"Patra, Greece",EL,2024-09-07,kariera.gr,163204,,"['http://data.europa.eu/esco/skill/0d168770-4d9c-4096-b048-a6577818d306', 'http://data.europa.eu/esco/skill/19a8293b-8e95-4de3-983f-77484079c389', 'http://data.europa.eu/esco/skill/1ffac4ac-fda7-407d-8ed1-ca8f4a8dc146', 'http://data.europa.eu/esco/skill/23ac233d-84ad-4517-b0f5-8ca19ba2614e', 'http://data.europa.eu/esco/skill/3993c87c-7719-4186-811b-8ddfb40e76be', 'http://data.europa.eu/esco/skill/484df271-bb52-49f1-8f50-f19624bf4df2', 'http://data.europa.eu/esco/skill/7557f0f4-b8bc-4ac0-b91e-222ab1ba744f', 'http://data.europa.eu/esco/skill/8f6ed69b-29d0-4c01-81ba-f05920a185f3', 'http://data.europa.eu/esco/skill/a8797f21-1af0-4c5e-98ca-bf1442929363', 'http://data.europa.eu/esco/skill/dba46f87-0831-49cd-a1c7-340a653c0221', 'http://data.europa.eu/esco/skill/f0de4973-0a70-4644-8fd4-3a97080476f4']","['http://data.europa.eu/esco/occupation/57af9090-55b4-4911-b2d0-86db01c00b02', 'http://data.europa.eu/esco/occupation/719f101d-1866-49d3-8d5c-2256f606a8b9', 'http://data.europa.eu/esco/occupation/866c7813-2c03-47d7-9bdc-192cfbace57c', 'http://data.europa.eu/esco/occupation/a9c7a04d-807a-41b5-b441-87c73c73c9c5', 'http://data.europa.eu/esco/occupation/c52129d9-4656-4ce8-ba13-8a72a51d5400', 'http://data.europa.eu/esco/occupation/cc867bee-ab5c-427f-9244-f7a204d9574b']"
360,"Central Monitor Data Analyst, Senior Associate- Risk Based Monitoring","Pfizer careers are like no other. In our culture of individual ownership, we believe in our ability to improve future healthcare, and potential to transform millions of lives. We’re looking for new talent to join our global community, to unearth new innovative therapies that make the world a healthier place.




The Senior Associate, Central Monitor is responsible for ensuring the completeness, quality, and integrity of the subject data in the clinical trial database under Risk Based Monitoring (RBM) mode. The areas of activity include but are not limited to: developing Risk-Based Monitoring system for applicable studies, ensuring key risk indicators (KRIs) properly defined and set up in the system to support the study, processing and reviewing study data in the system for the signal and action management, follow up for the issue resolution. The Senior Associate, Central Monitor ensures risk-based monitoring activities comply with regulations, applicable Standard Operating Procedures (SOPs) and Processes at all times and is familiar with supported systems (RBM system, etc.) and able to troubleshoot and provide rapid response for all database issues. The Senior Associate, Central Monitor ensures quality oversight/control steps implemented in the central monitor activities. The Senior Associate, Central Monitor works with the global study team to meet the study objectives.




Must-Have:• Bachelor’s degree or above or equivalent experience in a scientific or business-related discipline required.• 2-4 years working experience in the clinical development fields.• Working knowledge of clinical development process, understanding concepts of Phase I-IV and principles of study design.• Previous experience within a data management role, understanding key processes and principles associated with role including CRF design, database set-up, edit check specification, DMPs and data cleaning activities.• Knowledge of clinical trial database and its applications.• Works independently, receives instruction primarily on unusual situations.• Ability to organize tasks, time and priorities; ability to multi-task.• Ability to communicate effectively and appropriately with internal & external stakeholders, locally and globally.• Knowledge of Windows Environment and its applications (Word, Excel, PowerPoint, Project, etc.).• Technical expertise and business experience in supporting clinical trials database development, data management, site monitoring, etc.• Thorough understanding of the processes associated with clinical study management, data management, and regulatory operations.• Project management skills and technical capabilities as well as effective verbal and written communication skills in relating to colleagues and associates both inside and outside the organization.• Good understanding of the state-of-the-art technologies to evaluate and leverage them into improved business processes for worldwide deployment and adoption.Nice-to-Have:• Master's degree.• Relevant pharmaceutical industry experience.• Experience in Oracle, PL/SQL, SAS, R/R-Shiny, Python, Java, relational database design and database programming skills.• Experience using data visualization tools.• Proficient experience using commercial clinical data management systems and/or EDC products.• Awareness of regulatory requirements and relevant data standards.• Knowledge of basic statistical principles and statistical methodology.• Routine problem-solving skills, developing the ability to solve complex problems using skills based on experience and extrapolation to new situations.• Experience in developing successful partnerships within study teams.



PurposeBreakthroughs that change patients' lives... At Pfizer we are a patient centric company, guided by our four values: courage, joy, equity and excellence. Our breakthrough culture lends itself to our dedication to transforming millions of lives.Digital Transformation StrategyOne bold way we are achieving our purpose is through our company wide digital transformation strategy. We are leading the way in adopting new data, modelling and automated solutions to further digitize and accelerate drug discovery and development with the aim of enhancing health outcomes and the patient experience.FlexibilityWe aim to create a trusting, flexible workplace culture which encourages employees to achieve work life harmony, attracts talent and enables everyone to be their best working self. Let’s start the conversation!Equal Employment OpportunityWe believe that a diverse and inclusive workforce is crucial to building a successful business. As an employer, Pfizer is committed to celebrating this, in all its forms – allowing for us to be as diverse as the patients and communities we serve. Together, we continue to build a culture that encourages, supports and empowers our employees.Disability InclusionOur mission is unleashing the power of all our people and we are proud to be a disability inclusive employer, ensuring equal employment opportunities for all candidates. We encourage you to put your best self forward with the knowledge and trust that we will make any reasonable adjustments to support your application and future career. Your journey with Pfizer starts here!",Mid-level,Full-time,"Thessaloniki, Greece",EL,2024-09-07,kariera.gr,168512,,"['http://data.europa.eu/esco/skill/02e22093-3436-46a8-8dc5-b041bc4800cc', 'http://data.europa.eu/esco/skill/04f1b938-d4d4-4cb1-a863-982af76b9d93', 'http://data.europa.eu/esco/skill/0b144726-21c2-46ed-8d13-c03d27f61604', 'http://data.europa.eu/esco/skill/19a8293b-8e95-4de3-983f-77484079c389', 'http://data.europa.eu/esco/skill/1af2db15-2af9-44dd-9639-bf1fc69d4c34', 'http://data.europa.eu/esco/skill/367c240d-5f34-423a-86b1-866ad27206ea', 'http://data.europa.eu/esco/skill/3ec2e4d6-7000-4905-bf1a-c5b1679416de', 'http://data.europa.eu/esco/skill/65e58886-bd1e-4c5b-8ca5-8d9b353c8aa1', 'http://data.europa.eu/esco/skill/68ef0e4d-5542-4e64-84f4-752cce5a3c22', 'http://data.europa.eu/esco/skill/75b30aeb-34c0-40f4-b77d-271d75a98b14', 'http://data.europa.eu/esco/skill/adc6dc11-3376-467b-96c5-9b0a21edc869', 'http://data.europa.eu/esco/skill/c69587b4-05d3-45bb-b79b-9b85e6603fc2', 'http://data.europa.eu/esco/skill/ccd0a1d9-afda-43d9-b901-96344886e14d', 'http://data.europa.eu/esco/skill/cd5efa8c-e44d-4cbc-91c6-796018dbed68', 'http://data.europa.eu/esco/skill/f3c5fae0-c0e3-4410-bc09-62bd82d4cecc']","['http://data.europa.eu/esco/occupation/0f845e64-de8b-431e-9fe3-1bccf8e1c5b9', 'http://data.europa.eu/esco/occupation/234be692-befb-41df-bdf0-e1b2f4eaf5e7', 'http://data.europa.eu/esco/occupation/3cbbdb83-7c36-4ae5-8c45-6c284186f477', 'http://data.europa.eu/esco/occupation/8cb59bc4-1f39-477e-beea-effed12d186c', 'http://data.europa.eu/esco/occupation/b11e1742-5e28-4270-b081-b0193d85ee7d', 'http://data.europa.eu/esco/occupation/bea99fea-0383-4c63-b944-70d4799de2c5', 'http://data.europa.eu/esco/occupation/d3edb8f8-3a06-47a0-8fb9-9b212c006aa2', 'http://data.europa.eu/esco/occupation/e297ec12-4712-40a4-ad98-ba004cacb205', 'http://data.europa.eu/esco/occupation/ef909843-97c6-4c48-8038-2e7aefdfcad5']"
361,Full Stack Developer - Angular & Java Spring Boot  (e-Health Sector) Thessaloniki,"About Sigmasoft S.A. 
Sigmasoft S.A. is an innovative software development company providing state-of-the-art software solutions and services for the e-Health &  e-Government Sector.
What You Will Be Doing
You will be working with our team of talented software engineers to create innovative e-Health software systems and solutions. 
Experience You Will Need to Succeed

BSc or MSc in Computer Science or equivalent
Knowledge of JavaScript or AngularJS
Knowledge of Typescript will be considered as a plus
Knowledge of relational databases will be considered as a plus.
Strong knowledge of Java
Knowledge of Spring Framework will be considered as a plus.
Knowledge of PL/SQL programming, will be considered as a plus

 Personal skills we are looking for

Excellent communication skills
Excellent analytical, problem solving and troubleshooting abilities
Solid organizational skills and focus on accuracy and attention to detail
Able to work independently or as part of a team
Detail oriented, maintaining the highest quality work standards
Enjoy working within agile/scrum-based team

What we offer

Competitive base salary
Private medical insurance coverage
Full-time long-term co-operation
Outstanding on the job training opportunities
Outstanding working environment
Outstanding career opportunities",Mid-level,Full-time,"Thessaloniki, Greece",EL,2024-09-07,kariera.gr,156872,,"['http://data.europa.eu/esco/skill/19a8293b-8e95-4de3-983f-77484079c389', 'http://data.europa.eu/esco/skill/867137fb-ff1b-4ca3-99f3-cb6969aa2c68']",[]
363,Full Stack Developer - Angular & Java Spring Boot  (e-Health Sector) Athens,"About Sigmasoft S.A. 
Sigmasoft S.A. is an innovative software development company providing state-of-the-art software solutions and services for the e-Health &  e-Government Sector.
What You Will Be Doing
You will be working with our team of talented software engineers to create innovative e-Health software systems and solutions.
Experience You Will Need to Succeed

BSc or MSc in Computer Science or equivalent
Knowledge of JavaScript or AngularJS
Knowledge of Typescript will be considered as a plus
Knowledge of relational databases will be considered as a plus.
Strong knowledge of Java
Knowledge of Spring Framework will be considered as a plus.
Knowledge of PL/SQL programming, will be considered as a plus

 Personal skills we are looking for

Excellent communication skills
Excellent analytical, problem solving and troubleshooting abilities
Solid organizational skills and focus on accuracy and attention to detail
Able to work independently or as part of a team
Detail oriented, maintaining the highest quality work standards
Enjoy working within agile/scrum-based team

What we offer

Competitive base salary
Private medical insurance coverage
Full-time long-term co-operation
Outstanding on the job training opportunities
Outstanding working environment
Outstanding career opportunities",Mid-level,Full-time,"Athens, Greece",EL,2024-09-07,kariera.gr,168510,,"['http://data.europa.eu/esco/skill/19a8293b-8e95-4de3-983f-77484079c389', 'http://data.europa.eu/esco/skill/867137fb-ff1b-4ca3-99f3-cb6969aa2c68']",[]
370,E-Commerce Manager,"E-Commerce Manager    
Desired Conditions:

Ability to analyze sales data and identify trends and opportunities.
Strong verbal and written communication skills to work with cross-functional teams.
Understanding of sales techniques and strategies to promote online sales.
Experience managing e-commerce platforms and familiarity with online marketing tools.
Knowledge of digital marketing principles and strategies to promote and market products.
Ability to carefully review and manage product listing and customer data.
Ability to identify and resolve e-commerce related issues.
Experience in the field of interior decoration and textiles will be highly appreciated.
Bachelor's Degree in Business, Marketing or related field.
Knowledge of MS Office and ERP (especially Entersoft) required.
Very good knowledge of MS Office and good knowledge of ERP especially Entersoft.
Basic knowledge and understanding of JSON (Java Script Object Notation) files

 
 
The Company offers:

Competitive salary and remuneration package.
Company car, mobile phone & laptop.
Private health insurance.
Additional financial incentives based on results.
A supportive and friendly work environment.
Continuous growth and opportunities in a fast growing company.
Rapid career development.

If you meet the requirements, apply here",Senior,Full-time,"Peristeri, Greece",EL,2024-09-07,kariera.gr,168506,,"['http://data.europa.eu/esco/skill/171eee55-19b9-46d6-aded-33193ba8ccf1', 'http://data.europa.eu/esco/skill/628664ec-a63b-4486-8d65-02aba81c82a0', 'http://data.europa.eu/esco/skill/791e2eea-3380-4aed-b996-4bcabbe88591', 'http://data.europa.eu/esco/skill/7cc80984-8c8a-4e03-8fda-b76b4198d1f0', 'http://data.europa.eu/esco/skill/a3e7ebba-5183-4df8-9203-35b9b9b8f4fa', 'http://data.europa.eu/esco/skill/b99aa3b8-0066-46b2-a027-30afae444ad8', 'http://data.europa.eu/esco/skill/de03f4fd-c147-4477-a048-7109e5ba2d6f', 'http://data.europa.eu/esco/skill/df5e3d02-9f0f-44ee-91c2-85c62f161868', 'http://data.europa.eu/esco/skill/f414dc08-35bd-4bc7-846d-88a3844d057c', 'http://data.europa.eu/esco/skill/f683ae1d-cb7c-4aa1-b9fe-205e1bd23535']","['http://data.europa.eu/esco/occupation/1dd7c3cb-2d58-4dad-ae15-c9081174ab7e', 'http://data.europa.eu/esco/occupation/586fe133-1987-41f4-b89a-f39d4bc58e1e', 'http://data.europa.eu/esco/occupation/66fb9704-0d56-4673-8e69-7823816b73e1', 'http://data.europa.eu/esco/occupation/6fcf4638-e7c7-4978-9302-9a7b63a3d57c', 'http://data.europa.eu/esco/occupation/dc97adbe-f807-4ad8-8f3c-c24b3416cdef', 'http://data.europa.eu/esco/isco/C2433', 'http://data.europa.eu/esco/isco/C7318']"
372,"Central Monitor Data Analyst, Senior Associate- Risk Based Monitoring","Pfizer careers are like no other. In our culture of individual ownership, we believe in our ability to improve future healthcare, and potential to transform millions of lives. We’re looking for new talent to join our global community, to unearth new innovative therapies that make the world a healthier place.




The Senior Associate, Central Monitor is responsible for ensuring the completeness, quality, and integrity of the subject data in the clinical trial database under Risk Based Monitoring (RBM) mode. The areas of activity include but are not limited to: developing Risk-Based Monitoring system for applicable studies, ensuring key risk indicators (KRIs) properly defined and set up in the system to support the study, processing and reviewing study data in the system for the signal and action management, follow up for the issue resolution. The Senior Associate, Central Monitor ensures risk-based monitoring activities comply with regulations, applicable Standard Operating Procedures (SOPs) and Processes at all times and is familiar with supported systems (RBM system, etc.) and able to troubleshoot and provide rapid response for all database issues. The Senior Associate, Central Monitor ensures quality oversight/control steps implemented in the central monitor activities. The Senior Associate, Central Monitor works with the global study team to meet the study objectives.




Must-Have:• Bachelor’s degree or above or equivalent experience in a scientific or business-related discipline required.• 2-4 years working experience in the clinical development fields.• Working knowledge of clinical development process, understanding concepts of Phase I-IV and principles of study design.• Previous experience within a data management role, understanding key processes and principles associated with role including CRF design, database set-up, edit check specification, DMPs and data cleaning activities.• Knowledge of clinical trial database and its applications.• Works independently, receives instruction primarily on unusual situations.• Ability to organize tasks, time and priorities; ability to multi-task.• Ability to communicate effectively and appropriately with internal & external stakeholders, locally and globally.• Knowledge of Windows Environment and its applications (Word, Excel, PowerPoint, Project, etc.).• Technical expertise and business experience in supporting clinical trials database development, data management, site monitoring, etc.• Thorough understanding of the processes associated with clinical study management, data management, and regulatory operations.• Project management skills and technical capabilities as well as effective verbal and written communication skills in relating to colleagues and associates both inside and outside the organization.• Good understanding of the state-of-the-art technologies to evaluate and leverage them into improved business processes for worldwide deployment and adoption.Nice-to-Have:• Master's degree.• Relevant pharmaceutical industry experience.• Experience in Oracle, PL/SQL, SAS, R/R-Shiny, Python, Java, relational database design and database programming skills.• Experience using data visualization tools.• Proficient experience using commercial clinical data management systems and/or EDC products.• Awareness of regulatory requirements and relevant data standards.• Knowledge of basic statistical principles and statistical methodology.• Routine problem-solving skills, developing the ability to solve complex problems using skills based on experience and extrapolation to new situations.• Experience in developing successful partnerships within study teams.




PurposeBreakthroughs that change patients' lives... At Pfizer we are a patient centric company, guided by our four values: courage, joy, equity and excellence. Our breakthrough culture lends itself to our dedication to transforming millions of lives.Digital Transformation StrategyOne bold way we are achieving our purpose is through our company wide digital transformation strategy. We are leading the way in adopting new data, modelling and automated solutions to further digitize and accelerate drug discovery and development with the aim of enhancing health outcomes and the patient experience.FlexibilityWe aim to create a trusting, flexible workplace culture which encourages employees to achieve work life harmony, attracts talent and enables everyone to be their best working self. Let’s start the conversation!Equal Employment OpportunityWe believe that a diverse and inclusive workforce is crucial to building a successful business. As an employer, Pfizer is committed to celebrating this, in all its forms – allowing for us to be as diverse as the patients and communities we serve. Together, we continue to build a culture that encourages, supports and empowers our employees.Disability InclusionOur mission is unleashing the power of all our people and we are proud to be a disability inclusive employer, ensuring equal employment opportunities for all candidates. We encourage you to put your best self forward with the knowledge and trust that we will make any reasonable adjustments to support your application and future career. Your journey with Pfizer starts here!",Mid-level,Full-time,"Thessaloniki, Greece",EL,2024-09-07,kariera.gr,168508,,"['http://data.europa.eu/esco/skill/02e22093-3436-46a8-8dc5-b041bc4800cc', 'http://data.europa.eu/esco/skill/04f1b938-d4d4-4cb1-a863-982af76b9d93', 'http://data.europa.eu/esco/skill/0b144726-21c2-46ed-8d13-c03d27f61604', 'http://data.europa.eu/esco/skill/19a8293b-8e95-4de3-983f-77484079c389', 'http://data.europa.eu/esco/skill/1af2db15-2af9-44dd-9639-bf1fc69d4c34', 'http://data.europa.eu/esco/skill/367c240d-5f34-423a-86b1-866ad27206ea', 'http://data.europa.eu/esco/skill/3ec2e4d6-7000-4905-bf1a-c5b1679416de', 'http://data.europa.eu/esco/skill/65e58886-bd1e-4c5b-8ca5-8d9b353c8aa1', 'http://data.europa.eu/esco/skill/68ef0e4d-5542-4e64-84f4-752cce5a3c22', 'http://data.europa.eu/esco/skill/75b30aeb-34c0-40f4-b77d-271d75a98b14', 'http://data.europa.eu/esco/skill/adc6dc11-3376-467b-96c5-9b0a21edc869', 'http://data.europa.eu/esco/skill/c69587b4-05d3-45bb-b79b-9b85e6603fc2', 'http://data.europa.eu/esco/skill/ccd0a1d9-afda-43d9-b901-96344886e14d', 'http://data.europa.eu/esco/skill/cd5efa8c-e44d-4cbc-91c6-796018dbed68', 'http://data.europa.eu/esco/skill/f3c5fae0-c0e3-4410-bc09-62bd82d4cecc']","['http://data.europa.eu/esco/occupation/0f845e64-de8b-431e-9fe3-1bccf8e1c5b9', 'http://data.europa.eu/esco/occupation/234be692-befb-41df-bdf0-e1b2f4eaf5e7', 'http://data.europa.eu/esco/occupation/3cbbdb83-7c36-4ae5-8c45-6c284186f477', 'http://data.europa.eu/esco/occupation/8cb59bc4-1f39-477e-beea-effed12d186c', 'http://data.europa.eu/esco/occupation/b11e1742-5e28-4270-b081-b0193d85ee7d', 'http://data.europa.eu/esco/occupation/bea99fea-0383-4c63-b944-70d4799de2c5', 'http://data.europa.eu/esco/occupation/d3edb8f8-3a06-47a0-8fb9-9b212c006aa2', 'http://data.europa.eu/esco/occupation/e297ec12-4712-40a4-ad98-ba004cacb205', 'http://data.europa.eu/esco/occupation/ef909843-97c6-4c48-8038-2e7aefdfcad5']"
394,Internship in Software Development,"Company DescriptionAbout Netcompany - IntrasoftWe are Netcompany - Intrasoft, a leading European IT Solutions and Services Group with a strong international presence and expertise, offering innovative and added-value solutions of the highest quality to a wide range of international and national public and private organizations. More than 500 organizations in over 70 countries worldwide have chosen the company's services and solutions to fulfill their business needs.For more information regarding our company, current projects, and openings around Europe, please consult our website: https://www.netcompany-intrasoft.com/.Job DescriptionJoining us as an Intern in Software Development, you will have the opportunity to be a part of our highly skilled agile consultants teams working within large-scale transformation projects, that impact the life of millions of EU citizens. You will be involved in the design, customization, integration, and maintenance of enterprise-scale CRM/CX implementations that are intended mainly in private sector organizations. We offer internship positions in the following functions:Software Development (Java, Springboot, React, Microservices, Angular)QualificationsWhat would make you a fit for the role:Current student status at BSc or MSc degree in Computer Science or other relevant fieldsEligibility to attend an internship program through your university or academic institutionIt would also be a plus if you match some of the following:Very good knowledge of the English language (written and oral)An analytical mind with problem-solving abilitiesSelf-motivated and eager to learn new technologiesExcellent interpersonal and teamwork skillsAdditional InformationBeing a part of the Netcompany-Ιntrasoft team, you will be provided with: The opportunity to work in a modern environment & in a hybrid working modelA seamless onboarding experience and a buddy to support you on your first stepsWell-being activities (on premises)Continuous learning opportunities using the most modern methods (unlimited access to Udemy for Business, ad-hoc trainings)If you are looking forward to be part of a diverse environment, and have the opportunity to work alongside well-experienced professionals, on challenging, large-scale projects that directly impact millions of citizens around the globe, then this is the place to be!All newcomers attend a high-quality training by our internal onboarding academy, regarding the Netcompany-Intrasoft culture and digital journey. All sessions are conducted by our tech specialists, who share their knowledge on technologies and methodologies that are used in our projects, ensuring a smooth and enlightening onboarding process.By joining Netcompany-Intrasoft Athens, you will be part of a vivid team of 2000+ tech enthusiasts. When at the office you will have the chance to work at our brand-new, state-of-the-art, sustainable offices, located in 3 different spots in Athens!Our cultureOur people are the most important element of our success. Our work life is well defined by our set of fundamental Values: https://netcompany.com/careers/greece/our-values/ #BePartOfSomethingGreat!Please submit your CV in English. All applications will be treated as strictly confidential.We ensure equal opportunities, treatment, and consideration to all candidates. Discrimination based on sex, racial or ethnic origin, religion or belief, disability, age, sexual orientation or marital status, physical or mental disability, or any other factor protected by applicable laws and regulations is prohibited. As part of the Netcompany-Intrasoft culture, we respect human rights and focus on creating a positive workplace, where all employees are valued, and where diversity and inclusion are a vital part of our our everyday working experience.",,Full-time,"Athens, Greece",EL,2024-09-07,kariera.gr,168485,,"['http://data.europa.eu/esco/skill/07e51c60-763a-4335-b4ec-70a15f66d328', 'http://data.europa.eu/esco/skill/23ac233d-84ad-4517-b0f5-8ca19ba2614e', 'http://data.europa.eu/esco/skill/4707da90-9cfc-46ca-8de0-38a0b7bfb137', 'http://data.europa.eu/esco/skill/5c1e686c-92cc-4bd7-9f23-51f9d8a58886', 'http://data.europa.eu/esco/skill/7ce196c4-65c5-4aa0-88a2-9ab08eb9fd49']",[]
429,ERP Consultant,"Position Responsibilities:

Participation in the planning and implementation of Soft1 ERP projects.
Design of views and print forms.
User support and training.
Requirements analysis and recording.

Necessary qualifications:

Degree in Computer Science or Accounting or Finance.
Analytical thinking, critical thinking and teamwork.
Knowledge of the commercial process (invoicing, handling, collection documents).
Ability to communicate well in support situations.
Ability to organize time.
Completed military obligations.

 
Desired qualifications:

Previous experience in a similar position will be appreciated.
Knowledge of Softone products.
Basic knowledge of accounting.
Knowledge of SQL or Java Script.",Mid-level,Full-time,"Peristeri, Greece",EL,2024-09-07,kariera.gr,168350,,"['http://data.europa.eu/esco/skill/4707da90-9cfc-46ca-8de0-38a0b7bfb137', 'http://data.europa.eu/esco/skill/598de5b0-5b58-4ea7-8058-a4bc4d18c742', 'http://data.europa.eu/esco/skill/a8797f21-1af0-4c5e-98ca-bf1442929363', 'http://data.europa.eu/esco/skill/b9f16465-56a9-426b-a047-0f9f1f95ec92', 'http://data.europa.eu/esco/skill/db27065e-3c06-4f89-aa55-48fd87dabf82', 'http://data.europa.eu/esco/skill/ecc18804-a466-40d9-98b4-fba5cd67dd4b']","['http://data.europa.eu/esco/occupation/b1c80369-067e-4041-84c8-dbe65640a5d8', 'http://data.europa.eu/esco/isco/C3313']"
539,"Senior Associate, Software Engineering","Role Summary
Pfizer's purpose is to deliver breakthroughs that change patients' lives.In Pfizer Digital Core Solutions, we partner closely with our Pfizer business operations colleagues to efficiently deliver robust supporting technology solutions that enhance their work to achieve the Pfizer purpose. We value our team members' technical skills, but also their passion, teamwork, and growth. Our culture is focused on delivering value through courage, excellence, equity, and joy. Our collective skillset supports all aspects of technology planning, project execution and application development excellence.We are looking for Software Engineer (SE) candidates who are aligned with our culture and values, and with academic and/or work experience in software development projects that include both backend and frontend development using Java and Javascript-based technologies for multi-tiered, RDBMS-based web applications.The Software Engineer plays a key role in meeting our mission. The SE analyzes specifications, designs logic, writes code, customizes products, unit tests, debugs, and documents software applications. The SE participates in agile team events and works within the agile team framework.The SE will work closely with their manager to ensure growth over time, including the selection of project work among hundreds of applications that will expand their skillset to meet personal and organizational goals, to provide fulfilling work, and to advance their careers.
Role Responsibilities

Works within project teams as a contributor to design, prototype, implement and unit test software solutions in support of the project objectives.
Works as a senior developer on small-to-medium size software development projects, which may include accountability for the work of a small number of other junior and/or contract Software Engineers, as well as responsibility for dictating and managing coding standards, coding best practices, source code control approaches, versioning, etc.
Translates logical designs of user/system interfaces into physical designs, considering the target environment, performance requirements and existing systems.
Helps produce detailed design specifications where applicable, and documents all work using required standards, methods, and tools, including prototyping tools, where appropriate.
Conducts reviews of supplied specifications as appropriate.
Defines the integration build and produces a build definition for generation of the software.
Work in a matrix, team environment with Pfizer colleagues as well as vendor partners.
Dedicated to meeting the expectations and requirements of internal and external customers.

Qualifications
Education:

Undergraduate degree in Software Engineering, Information Management, Computer Science, Mathematics, or other scientific or engineering discipline.

Prior Experience:

Minimum of 3 years of experience as a software developer/engineer.

Required Capabilities and Experience:

Facilitation, negotiating and presentation skills.
Experience working in ambiguous situations.
Demonstrated experience and skills in analysis and problem solving.
Demonstrated ability to developing multi-tiered solutions using multiple programming languages and web technologies including Java, TypeScript (Angular), HTML, CSS, SQL, etc.
Demonstrated experience using standard requirements business analysis techniques, including brainstorming, interviewing, requirements sessions, activity diagrams and use cases desired.
Demonstrated experience and/or competencies either informally or formally contributing on various-size teams of technologists, IT professionals or project managers using Agile, Scrum, DevOps, and other approaches for iterative development.
Demonstrated ability to collaborate and work effectively in team settings, frequently in virtual teams with client partner and customer engagement responsibilities.
Demonstrated ability to understand data and integration architectures to manage, transform, and exploit data across the enterprise.
Demonstrated capability to understand security requirements, and using the frameworks and tools the organization has put in place to meet those requirements.
Excellent oral and written communication skills.

Required Aptitude:

Quick to establish trust and respect
Action oriented and energetic
Resourceful and creative
Persistent and determined
Mature and cool under pressure
Easily makes connections
Reads situations quickly
Commitment and follow through

Pfizer is an equal opportunity employer and complies with all applicable equal employment opportunity legislation in each jurisdiction in which it operates.
To apply please visit our website www.pfizercareers.com and search job Senior Associate, Software Engineer with id 4919474.",Mid-level,Full-time,"Thessaloniki, Greece",EL,2024-09-06,kariera.gr,168300,,"['http://data.europa.eu/esco/skill/0a9acb6b-1139-4be9-b431-3a80a959f2f4', 'http://data.europa.eu/esco/skill/0af062de-eb43-41e9-9b96-249e2cd22d26', 'http://data.europa.eu/esco/skill/0ee94c0a-3716-494a-95a2-dcbab9e58be2', 'http://data.europa.eu/esco/skill/113b4428-0a31-4199-8496-070af7854b91', 'http://data.europa.eu/esco/skill/19a8293b-8e95-4de3-983f-77484079c389', 'http://data.europa.eu/esco/skill/1b957e3d-0017-42b0-9bfe-49a1cdd31de7', 'http://data.europa.eu/esco/skill/1fcce318-3212-487a-ac07-4941bc85060d', 'http://data.europa.eu/esco/skill/234aeb8d-56c3-4531-9193-1c5e6a8d16cb', 'http://data.europa.eu/esco/skill/2522a6ce-3202-4ac8-9f5b-b9cb5a3a83a1', 'http://data.europa.eu/esco/skill/33d49d4f-31ec-473f-9b8a-b555aa5116bb', 'http://data.europa.eu/esco/skill/385479b7-5da5-4367-9763-0d15b41bb65b', 'http://data.europa.eu/esco/skill/4339176e-3acd-4f7f-a5d9-445bee3d23f2', 'http://data.europa.eu/esco/skill/598de5b0-5b58-4ea7-8058-a4bc4d18c742', 'http://data.europa.eu/esco/skill/5b26f08b-88bc-45f0-b901-530d7786466b', 'http://data.europa.eu/esco/skill/5dd96c59-5955-474b-8cf5-e986a5b50f1a', 'http://data.europa.eu/esco/skill/7954861c-86d4-4529-afbb-2c23dab9ac74', 'http://data.europa.eu/esco/skill/867137fb-ff1b-4ca3-99f3-cb6969aa2c68', 'http://data.europa.eu/esco/skill/a8797f21-1af0-4c5e-98ca-bf1442929363', 'http://data.europa.eu/esco/skill/d433c82e-fa7a-492e-a8fd-eee7b39e4c48', 'http://data.europa.eu/esco/skill/e76dd90d-91c4-49c0-bfd0-dfa2c4c90c81', 'http://data.europa.eu/esco/skill/ed1d8bd4-cd2a-4c64-b665-56d70651026c', 'http://data.europa.eu/esco/skill/f0de4973-0a70-4644-8fd4-3a97080476f4', 'http://data.europa.eu/esco/skill/f37d9f67-2e79-4958-8307-1ce9d6dcc8bd', 'http://data.europa.eu/esco/skill/f5308e60-d763-4ead-be95-88c96fb3e02b', 'http://data.europa.eu/esco/skill/f9b52e2d-56a7-48ca-b04d-2fc6436fcd4f', 'http://data.europa.eu/esco/skill/fd33c66c-70c4-40e6-b87c-5495bd3bf26e']","['http://data.europa.eu/esco/occupation/196a4c75-9591-436f-9677-67252df34c22', 'http://data.europa.eu/esco/occupation/72628f3a-fd49-499a-9741-870b0a1fcef2', 'http://data.europa.eu/esco/occupation/7843a4c6-a9f6-4095-94b9-45b384d4bd57', 'http://data.europa.eu/esco/occupation/836f0a96-7546-4003-9fc8-714fc79199d4', 'http://data.europa.eu/esco/occupation/8b6388a4-4904-471b-9331-d3b1211f5525', 'http://data.europa.eu/esco/occupation/cc867bee-ab5c-427f-9244-f7a204d9574b', 'http://data.europa.eu/esco/occupation/d515e82a-ca9f-4be4-9823-33694dff7304', 'http://data.europa.eu/esco/isco/C1330', 'http://data.europa.eu/esco/isco/C2519']"
567,R&D Software Engineer (Quarkus/Spring Framework),"Company DescriptionWe are Netcompany-Intrasoft, a leading European IT Solutions and Services Group with strong international presence and expertise, offering innovative and added-value solutions of the highest quality to a wide range of international and national public and private organizations. More than 500 organizations in over 70 countries worldwide have chosen the company's services and solutions to fulfill their business needs.For more information regarding our company, current projects, and openings around Europe, please consult our website: www.netcompany-intrasoft.com.Job DescriptionA day in the life of a R&D Software Engineer (Quarkus/Spring Framework)As a R&D Software Engineer, with expertise in the Quarkus and Spring frameworks. your role will be pivotal in creating and maintaining a sophisticated, full-stack service platform. This platform operates on a microservices architecture, demanding high performance, scalability, and efficiency standards.Your main duties will be to: Collaborate in designing and deploying large-scale distributed systems, ensuring reliability and high availabilityDevelop and maintain critical components of our service platform using Java, Quarkus framework and Spring WebFlux/BootContribute to the development of microservices in a distributed architecture, focusing on seamless integration and efficient communication between servicesUphold best practices in the development of large-scale web applications within a containerized environmentDesign and implement robust APIs for our distributed systems, ensuring scalability, security, and performanceCollaborate with cross-functional teams to ensure efficient deployment and seamless service operationParticipate in continuous improvement processes, focusing on system performance and reliabilityBy joining Netcompany - Intrasoft, a leading IT company, you will be part of a hub of 1.700+ tech enthusiasts in Greece. You will work using cutting-edge technologies that contribute to the design and delivery of solutions and products for challenging, large-scale IT projects, that affect the lives of millions of citizens around the globe.QualificationsIf you have:Bachelor's or Master's degree in Computer Science, Software Engineering, or a related fieldProven experience (3+ years) in preferably large IT projects with strong usage of open-source frameworks, software, and toolsProven experience in developing high-performance APIs and a deep understanding of RESTful principlesStrong background in designing and implementing solutions in a distributed systems environmentSolid experience in Java development, particularly with the Quarkus framework.Proficiency with Spring Boot and WebFluxKnowledge of Kubernetes and microservices architecturesExcellent communication skillsStrong interpersonal skills, adaptability and team spiritFluent in English...then this position is suitable for you! This position comes withCompetitive compensation packagesContinuous learning (with the most modern methods - unlimited access to Udemy for Business), and fast career growthChallenging tasks within large-scale projectsAn international dynamic within a fast-paced working environmentThe opportunity to work in a diverse environment with talented colleaguesAdditional InformationWe ensure equal opportunities, treatment, and consideration for all candidates. Discrimination based on sex, racial or ethnic origin, religion or belief, disability, age, sexual orientation or marital status, physical or mental disability, or any other factor protected by applicable laws and regulations is prohibited. At Netcompany-Intrasoft we respect human rights as part of our culture, and we focus on creating a positive workplace in which all employees are valued and where diversity and inclusivity are welcomed.The safety and well-being of our employees remain our top priority. Please note that Netcompany-Intrasoft's recruitment process is being conducted virtually due to preventive measures against the Covid-19 pandemic.#LI-Hybrid #LI-KA1 #LI-ZS1 #LI-AG1Our cultureOur people are the most important element of our success. Our work life is well defined by our set of fundamental Values: https://bit.ly/3SSbBzU  #BePartOfSomethingGreat!*Please submit your CV in EnglishAll applications will be treated as strictly confidential.",N/A,Full-time,"Athens, Greece",EL,2025-03-12,kariera.gr,129321,,"['http://data.europa.eu/esco/skill/07e51c60-763a-4335-b4ec-70a15f66d328', 'http://data.europa.eu/esco/skill/23ac233d-84ad-4517-b0f5-8ca19ba2614e', 'http://data.europa.eu/esco/skill/49de9958-2aa4-4eef-a89d-fe5d5bcd28c4', 'http://data.europa.eu/esco/skill/897b393f-e7e0-4248-a40d-d77119694e83', 'http://data.europa.eu/esco/skill/d4789070-2ff7-4bbb-94ca-8bb1739826a9', 'http://data.europa.eu/esco/skill/f9738fc9-4d67-43e8-bfda-954123e34d42']","['http://data.europa.eu/esco/occupation/57af9090-55b4-4911-b2d0-86db01c00b02', 'http://data.europa.eu/esco/occupation/e9507d34-c70f-474f-a4a3-d2cbfe50f6e9']"
716,Junior Java Developer / DevOps Engineer (Remote/Thessaloniki),"Description
Are you a Junior Java Developer or DevOps Engineer looking for a dynamic role in a growing development team? Join us in Thessaloniki or work fully remotely, and become part of our innovative team implementing cutting-edge IT software projects for major international public organizations.
Main Responsibilities and Tasks:

Participate in the design and development of large scale web-based and mobile applications using state-of-the-art techniques and technologies;
Maintain and develop DevOps tools and services such as CI/CD pipelines and automated processes;
Participate and contribute in the process of defining the software architecture;
Work in a multi-national environment.

Requirements

Bachelor’s degree in Electrical Engineering, Computer Science, or Software Engineering.
Enthusiasm for programming and knowledge of Java;
Strong analytical capabilities, team- and quality-oriented, keen to learn and excel;
Fluency in verbal and written English.

Additional qualification

Experience in any of the following technologies will be highly appreciated: Java, Javascript, Frontend JS frameworks (e.g. Angular), Databases and SQL, REST, Linux, microservices, SpringBoot or Quarkus, Jenkins, Docker.

Benefits
We offer a competitive remuneration based on qualifications and experience, including:

Competitive full-time salary;
Private Health Coverage on the Company’s group program;
Flexible working hours, top - of - the Line tools, language courses, specialized trainings;
A great opportunity to grow and work with innovative and exciting specialists in the industry;
Being part of an environment that offers challenging goals, autonomy and mentoring, which creates development opportunities, both for you and the company.

If you are seeking a career in an exciting, dynamic and multicultural international environment with exciting opportunities that will boost your career, please send us your detailed CV in English, quoting reference: (JJD_D/09/24).
You may also consider all our other open vacancies by visiting the career section of our website (www.eurodyn.com) and follow us on Twitter (@EURODYN_Careers) and LinkedIn.
EUROPEAN DYNAMICS (ED) (www.eurodyn.com) is a leading European Software, Information and Communication Technologies company, operating internationally (Athens, Brussels, Luxembourg, Copenhagen, Berlin, Stockholm, London, Nicosia, Valetta, Vienna, Den Haag, Hong Kong, etc.) The company employs over 1000 engineers, IT experts and consultants (around 3% PhD, 36% MSc and 53% BSc). We design and develop software applications using integrated, state-of-the-art technology. Our current IT projects have a value exceeding 300 million EURO. EUROPEAN DYNAMICS is a renowned supplier of IT services to European Union Institutions, international organizations, European Agencies and national government Administrations in 40 countries and 4 continents.
As part of our dedication to the diversity of our workforce, we are committed to Equal Employment Opportunity without regard for race, colour, national origin, ethnicity, gender, disability, sexual orientation, gender identity, or religion.
EUROPEAN DYNAMICS (ED) adheres to the General Data Protection Regulation principles by applying its Privacy Policy as published in www.eurodyn.com/privacy. By submitting an application to this position and by sharing your personal data with ED, you acknowledge and accept its Policy and authorise ED to process your personal data for the purposes of the company's recruitment opportunities, in line to the Policy.",Entry / Junior,Full-time,"Thessaloniki, Greece",EL,2024-09-06,kariera.gr,168131,,"['http://data.europa.eu/esco/skill/19a8293b-8e95-4de3-983f-77484079c389', 'http://data.europa.eu/esco/skill/21d2f96d-35f7-4e3f-9745-c533d2dd6e97', 'http://data.europa.eu/esco/skill/2b1ce548-4e16-45fb-bfb2-f3141c8efe8d', 'http://data.europa.eu/esco/skill/3993c87c-7719-4186-811b-8ddfb40e76be', 'http://data.europa.eu/esco/skill/43ae58b9-5e56-4524-b45a-b422777a0576', 'http://data.europa.eu/esco/skill/598de5b0-5b58-4ea7-8058-a4bc4d18c742', 'http://data.europa.eu/esco/skill/5b26f08b-88bc-45f0-b901-530d7786466b', 'http://data.europa.eu/esco/skill/96eb286a-58b7-45ff-a916-5578d0b79b8c', 'http://data.europa.eu/esco/skill/a8797f21-1af0-4c5e-98ca-bf1442929363', 'http://data.europa.eu/esco/skill/d3e9b00a-0891-4fa8-836d-8240ec3d2758', 'http://data.europa.eu/esco/skill/e24377fb-020b-4430-8bed-86dd539bbf3a', 'http://data.europa.eu/esco/skill/f0de4973-0a70-4644-8fd4-3a97080476f4', 'http://data.europa.eu/esco/skill/f47a1998-0beb-43be-9f46-380aa4d183da', 'http://data.europa.eu/esco/skill/f7e2eb04-3e50-4561-bce1-7e51a1fec308', 'http://data.europa.eu/esco/skill/fcc0a1c8-d36e-4f8e-b928-00d5bca10a47']","['http://data.europa.eu/esco/occupation/3d190639-90f8-4402-b1b3-a104a17e0d67', 'http://data.europa.eu/esco/occupation/57af9090-55b4-4911-b2d0-86db01c00b02', 'http://data.europa.eu/esco/occupation/86ca306c-ab99-420a-9e2a-aa73c5c4de22', 'http://data.europa.eu/esco/occupation/cc867bee-ab5c-427f-9244-f7a204d9574b', 'http://data.europa.eu/esco/occupation/d0aa0792-4345-474b-9365-686cf4869d2e', 'http://data.europa.eu/esco/occupation/d1b1dfdf-7d60-430a-b569-7dd71b2ebeaa']"
721,Junior Java Web Developer / Tester (Remote/Thessaloniki),"Description 
Are you a Junior Java Web Developer / Tester fluent in English, ready to contribute to international web development projects in the eGovernment sector? Join our team remotely or at our offices in Thessaloniki and become part of our dynamic environment where you'll collaborate closely with clients and internal teams.
Main responsibilities and Tasks:

Preparation of software development documentation (Test Cases, Test Reports, User Manuals, etc.);
Participation in the development of automated testing solutions;
Participation in the development of web and mobile software, using state-of-the-art technologies;
Participation in testing, training, and help-desk/user support activities, for web applications;
Project management support, coordination, and reporting.

Requirements

University Degree in Computer Science, Information Technology, or Electrical Engineering;
Excellent command of English, both written and spoken;
Experience in Java programming language, web development, and databases;
Familiarization with the software development cycle for web applications (requirements, design, development, testing, etc.);
Good understanding of OO programming principles, XML, SQL, HTML, CSS technologies and capacity in automated testing tools (Selenium and/or SoapUI etc.) will be an asset.

Benefits
As a Junior Java Web Developer / Tester you will have the opportunity to work on large international projects with a methodological approach. As part of a friendly team you will work closely with a highly professional team of full-stack software developers/engineers. As part of an international company you will contribute to challenging IT software projects for major international public organizations and institutions. As part of a dynamic company you will get the chance to develop your skills and your career.
We offer competitive remuneration (either on a contract basis or remuneration with full benefits package) based on qualifications and experience, including:

Competitive full-time salary;
Private Health Coverage on the Company’s group program;
Flexible working hours, top - of - the Line tools, language courses, specialized trainings;
A great opportunity to grow and work with innovative and exciting specialists in the industry;
Being part of an environment that offers challenging goals, autonomy and mentoring, which creates development opportunities, both for you and the company.

If you are seeking a career in an exciting, dynamic and multicultural international environment with exciting opportunities that will boost your career, please send us your detailed CV in English, quoting reference: (JJWD_T/09/24).
You may also consider all our other open vacancies by visiting the career section of our website (www.eurodyn.com) and follow us on Twitter (@EURODYN_Careers) and LinkedIn.
EUROPEAN DYNAMICS (ED) (www.eurodyn.com) is a leading European Software, Information and Communication Technologies company, operating internationally (Athens, Brussels, Luxembourg, Copenhagen, Berlin, Stockholm, London, Nicosia, Valetta, Vienna, Den Haag, Hong Kong, etc.) The company employs over 1000 engineers, IT experts and consultants (around 3% PhD, 36% MSc and 53% BSc). We design and develop software applications using integrated, state-of-the-art technology. Our current IT projects have a value exceeding 300 million EURO. EUROPEAN DYNAMICS is a renowned supplier of IT services to European Union Institutions, international organizations, European Agencies and national government Administrations in 40 countries and 4 continents.
As part of our dedication to the diversity of our workforce, we are committed to Equal Employment Opportunity without regard for race, colour, national origin, ethnicity, gender, disability, sexual orientation, gender identity, or religion.
EUROPEAN DYNAMICS (ED) adheres to the General Data Protection Regulation principles by applying its Privacy Policy as published in www.eurodyn.com/privacy. By submitting an application to this position and by sharing your personal data with ED, you acknowledge and accept its Policy and authorise ED to process your personal data for the purposes of the company's recruitment opportunities, in line to the Policy.",Entry / Junior,Full-time,"Thessaloniki, Greece",EL,2024-09-06,kariera.gr,168122,,"['http://data.europa.eu/esco/skill/0af062de-eb43-41e9-9b96-249e2cd22d26', 'http://data.europa.eu/esco/skill/19a8293b-8e95-4de3-983f-77484079c389', 'http://data.europa.eu/esco/skill/2b1ce548-4e16-45fb-bfb2-f3141c8efe8d', 'http://data.europa.eu/esco/skill/3d957fb2-b8f4-4b4c-b955-23299c761ad5', 'http://data.europa.eu/esco/skill/3e40c7d0-0e36-4b33-bc33-0aa87eda0561', 'http://data.europa.eu/esco/skill/43ae58b9-5e56-4524-b45a-b422777a0576', 'http://data.europa.eu/esco/skill/598de5b0-5b58-4ea7-8058-a4bc4d18c742', 'http://data.europa.eu/esco/skill/5c66ce3a-658d-43b1-9d8d-0f39be6c0f2e', 'http://data.europa.eu/esco/skill/7111b95d-0ce3-441a-9d92-4c75d05c4388', 'http://data.europa.eu/esco/skill/7557f0f4-b8bc-4ac0-b91e-222ab1ba744f', 'http://data.europa.eu/esco/skill/78a74fd1-efc6-49dc-adb1-1b0fbe35c22c', 'http://data.europa.eu/esco/skill/96eb286a-58b7-45ff-a916-5578d0b79b8c', 'http://data.europa.eu/esco/skill/a8797f21-1af0-4c5e-98ca-bf1442929363', 'http://data.europa.eu/esco/skill/b8c01891-e3df-4a4b-948d-95b45e1788f5', 'http://data.europa.eu/esco/skill/cbd9cd0f-6c22-4bbc-8af2-dc9c7f5efcb5', 'http://data.europa.eu/esco/skill/d3e9b00a-0891-4fa8-836d-8240ec3d2758', 'http://data.europa.eu/esco/skill/e24377fb-020b-4430-8bed-86dd539bbf3a', 'http://data.europa.eu/esco/skill/e5d1f825-60ed-4bdd-872a-e748c387f777']","['http://data.europa.eu/esco/occupation/1242d99a-47f1-4a62-b884-33746db8a6ca', 'http://data.europa.eu/esco/occupation/2ed56c3f-61d6-4f7e-9ef8-8849eb102e4c', 'http://data.europa.eu/esco/occupation/3d190639-90f8-4402-b1b3-a104a17e0d67', 'http://data.europa.eu/esco/occupation/86ca306c-ab99-420a-9e2a-aa73c5c4de22', 'http://data.europa.eu/esco/occupation/bea99fea-0383-4c63-b944-70d4799de2c5', 'http://data.europa.eu/esco/occupation/c40a2919-48a9-40ea-b506-1f34f693496d']"
804,"Network & System Admin Engineer - Heraklion, Crete","Necessary qualifications:

BSc degree in Computer Science, Telecommunications, Electronic Engineering, or other relevant disciplines.
Graduate or with up to 2 years of relevant experience.
Familiar with routing protocols and router configuration.
Microsoft Windows Server architecture, VM, Hyper-V and Linux knowledge.
Exposure to Network Architecture and Web protocols.
Open-source network monitoring, Wireshark knowledge.
Knowledge of security principles and related network technologies.
Problem solving, troubleshooting, analytical and conceptual skills.
Good communication skills.
Excellent command of the English and Greek language (spoken & written).

Desired qualifications:

MSc Degree in Information Technology, Networking & Communication, or other relevant field.
Experience in design/implementation/support of data networking, routing and switching, subnetting and network segmenting with large scale enterprise network.
Network or Security Certifications.
Scripting and Python or Java will be considered a plus.
Knowledge of hospitality & tourism business related processes and systems.
Experience working collaboratively within an IT department and 3rd parties.
Root cause analysis and troubleshooting for network and system issues/bottlenecks.

We offer:

Career development in a fast-paced, growing work environment.
Training opportunities.
Full year job
Friendly work environment

Please submit your CV along with recent ID or passport photo.",Mid-level,Full-time,"Irakleio, Greece",EL,2024-09-05,kariera.gr,168013,,"['http://data.europa.eu/esco/skill/19a8293b-8e95-4de3-983f-77484079c389', 'http://data.europa.eu/esco/skill/55514865-3066-4abd-86a9-dbe45a440882', 'http://data.europa.eu/esco/skill/5ef0c719-5bcb-49f8-b8eb-824388225333', 'http://data.europa.eu/esco/skill/60b44dab-03f1-46de-be08-0e5ba8662b3d', 'http://data.europa.eu/esco/skill/8fa510d0-a8a6-4932-a361-00f8442cfe23', 'http://data.europa.eu/esco/skill/adcca622-b933-4ba3-bc43-bf371879edc3', 'http://data.europa.eu/esco/skill/ccd0a1d9-afda-43d9-b901-96344886e14d', 'http://data.europa.eu/esco/skill/ea4ebfa1-e17a-4416-ac54-955f33e6ade7']","['http://data.europa.eu/esco/occupation/4d34a9ee-2653-4da0-bef7-f59294577224', 'http://data.europa.eu/esco/occupation/969f8af0-3c0d-403a-9c16-a6fb76c6b443', 'http://data.europa.eu/esco/occupation/c66b4569-09aa-4d8d-93d9-ac9b9176655d', 'http://data.europa.eu/esco/isco/C2153']"
1111,Internship in Software Development,"Company DescriptionWe are Netcompany-Intrasoft, a member of Netcompany Group A/S, and a leading European IT Solutions and Services company with strong international presence and expertise, dedicated to responsible digitalisation. We offer innovative and added-value solutions of the highest quality to a wide range of public and private organizations, while being a key-player in the EU Institutions for the past 30 years. We hold an outstanding record of 500+ organizations in 70+ countries, that have chosen our solutions and services, to fulfil their business needs. Our team of 3500+ professionals is our driving force and our most valuable asset.Job DescriptionSo, what are the main duties of an Intern in Software Development in Netcompany-Intrasoft?Joining us as an Intern in Software Development, you will have the opportunity to be a part of our highly skilled agile consultants teams working within large-scale transformation projects, that impact the life of millions of EU citizens. You will be involved in the design, customization, integration, and maintenance of enterprise-scale CRM/CX implementations that are intended mainly in private sector organizations. We offer internship positions in the following functions:Software Development (Java, Springboot, React, Microservices, Angular)Automation Testing (Java, .Net, Selenium, Cucumber)DevOps (Kubernetes, Docker, CI-CD, Jenkins)QualificationsWhat would make you a fit for the role:Eligibility to attend an internship program through your university or academic institutionCurrent student status at BSc or MSc degree in Computer Science or other relevant fieldsIt would also be a plus if you match some of the following:Very good knowledge of the English language (written and oral)An analytical mind with problem-solving abilitiesSelf-motivated and eager to learn new technologiesExcellent interpersonal and teamwork skills...then this position is suitable for you!Additional InformationBeing a part of the Netcompany-Ιntrasoft team, you will be provided with: The opportunity to work in a modern environment & in a hybrid working modelA seamless onboarding experience and a buddy to support you on your first stepsWell-being activities (on premises)Continuous learning opportunities using the most modern methods (unlimited access to Udemy for Business, ad-hoc trainings)Join Netcompany-Intrasoft Patras' branch, and be part of our 150+ tech enthusiasts team!If you are looking forward to be part of a diverse environment, and have the opportunity to work alongside well-experienced professionals, on challenging, large-scale projects that directly impact millions of citizens around the globe, then this is the place to be!Our cultureOur people are the most important element of our success. Our work life is well defined by our set of fundamental Values: https://bit.ly/3SSbBzU  #BePartOfSomethingGreat!*Please submit your CV in EnglishAll applications will be treated as strictly confidential.",,Full-time,"Patra, Greece",EL,2024-09-04,kariera.gr,150442,,"['http://data.europa.eu/esco/skill/1ffac4ac-fda7-407d-8ed1-ca8f4a8dc146', 'http://data.europa.eu/esco/skill/23ac233d-84ad-4517-b0f5-8ca19ba2614e', 'http://data.europa.eu/esco/skill/4707da90-9cfc-46ca-8de0-38a0b7bfb137', 'http://data.europa.eu/esco/skill/5c1e686c-92cc-4bd7-9f23-51f9d8a58886', 'http://data.europa.eu/esco/skill/8f6ed69b-29d0-4c01-81ba-f05920a185f3']",['http://data.europa.eu/esco/occupation/719f101d-1866-49d3-8d5c-2256f606a8b9']
1112,Internship in Software Development,"Company DescriptionWe are Netcompany-Intrasoft, a member of Netcompany Group A/S, and a leading European IT Solutions and Services company with strong international presence and expertise, dedicated to responsible digitalisation. We offer innovative and added-value solutions of the highest quality to a wide range of public and private organizations, while being a key-player in the EU Institutions for the past 30 years. We hold an outstanding record of 500+ organizations in 70+ countries, that have chosen our solutions and services, to fulfil their business needs. Our team of 3500+ professionals is our driving force and our most valuable asset.Job DescriptionSo, what are the main duties of an Intern in Software Development in Netcompany-Intrasoft?Joining us as an Intern in Software Development, you will have the opportunity to be a part of our highly skilled agile consultants teams working within large-scale transformation projects, that impact the life of millions of EU citizens. You will be involved in the design, customization, integration, and maintenance of enterprise-scale CRM/CX implementations that are intended mainly in private sector organizations. We offer internship positions in the following functions:Software Development (Java, Springboot, React, Microservices, Angular)Automation Testing (Java, .Net, Selenium, Cucumber)DevOps (Kubernetes, Docker, CI-CD, Jenkins)QualificationsWhat would make you a fit for the role:Eligibility to attend an internship program through your university or academic institutionCurrent student status at BSc or MSc degree in Computer Science or other relevant fieldsIt would also be a plus if you match some of the following:Very good knowledge of the English language (written and oral)An analytical mind with problem-solving abilitiesSelf-motivated and eager to learn new technologiesExcellent interpersonal and teamwork skills...then this position is suitable for you!Additional InformationBeing a part of the Netcompany-Ιntrasoft team, you will be provided with: The opportunity to work in a modern environment & in a hybrid working modelA seamless onboarding experience and a buddy to support you on your first stepsWell-being activities (on premises)Continuous learning opportunities using the most modern methods (unlimited access to Udemy for Business, ad-hoc trainings)If you are looking forward to be part of a diverse environment, and have the opportunity to work alongside well-experienced professionals, on challenging, large-scale projects that directly impact millions of citizens around the globe, then this is the place to be!Join Netcompany-Intrasoft Thessaloniki's branch, and be part of our 250+ tech enthusiasts team!Our cultureOur people are the most important element of our success. Our work life is well defined by our set of fundamental Values: https://bit.ly/3SSbBzU  #BePartOfSomethingGreat!*Please submit your CV in EnglishAll applications will be treated as strictly confidential.",,Full-time,"Thessaloniki, Greece",EL,2024-09-04,kariera.gr,150441,,"['http://data.europa.eu/esco/skill/1ffac4ac-fda7-407d-8ed1-ca8f4a8dc146', 'http://data.europa.eu/esco/skill/23ac233d-84ad-4517-b0f5-8ca19ba2614e', 'http://data.europa.eu/esco/skill/4707da90-9cfc-46ca-8de0-38a0b7bfb137', 'http://data.europa.eu/esco/skill/5c1e686c-92cc-4bd7-9f23-51f9d8a58886', 'http://data.europa.eu/esco/skill/8f6ed69b-29d0-4c01-81ba-f05920a185f3']",['http://data.europa.eu/esco/occupation/719f101d-1866-49d3-8d5c-2256f606a8b9']
1124,Call for Talents - Junior Software Engineers,"Company DescriptionWe are Netcompany-Intrasoft, a member of Netcompany Group A/S, and a leading European IT Solutions and Services company with strong international presence and expertise, dedicated to responsible digitalisation. We offer innovative and added-value solutions of the highest quality to a wide range of public and private organizations, while being a key-player in the EU Institutions for the past 30 years. We hold an outstanding record of 500+ organizations in 70+ countries, that have chosen our solutions and services, to fulfil their business needs. Our team of 3500+ professionals is our driving force and our most valuable asset.Job DescriptionEver wondered what it feels like to be a Junior Software Engineer in Netcompany-Intrasoft? Joining us as a Junior Software Engineer you will become part of agile, highly skilled SW Product Development teams that design, develop, deploy, customize, test, and support web and digital applications for various industries (FinTech / Betting / Insurance / Telecommunications / Utilities / Retail / EU Institutions / Public Sector Digital Transformation). This will be the beginning of your career in one of the following specialties: backend, frontend, full-stack, DevOps, or automation testing SW Engineers.As a Junior Software Engineer you will:Work within an agile team that designs, develops, tests, and maintains web applications by using technologies such as Java, Spring, Spring boot, Microservices Architecture, Angular, React, Docker, Kafka, Kubernetes, Selenium, Cucumber, etc.Perform a full range of complex programming tasks using a variety of web and application-based programming technologies and languages, keeping current with new programming techniquesDevelop and maintain code and application libraries, instructions, and technical documentationCollaborate with team members to understand requirements and propose solutionsParticipate in peer code reviewsBe up to date, learn and gain experience in new technology stacks.QualificationsWhat would make you a fit for the role:Degree in Computer Science, Software Engineering or other relevant disciplinesFamiliarity with at least one of the below (Java, Spring, Spring boot, Microservices Architecture, Angular, React, Docker, Kafka, Kubernetes, Selenium and Cucumber)Excellent command of the English language (written & oral)It would also be a plus if you match some of the following:Knowledge of:web technologies including HTML5, CSS3, JavaScript frameworksdatabase concepts and SQL programmingExperience with Source Control(GIT, Subversion) and Build Tools (Maven).Additional InformationAll newcomers attend a high-quality training by our internal onboarding academy, regarding the Netcompany-Intrasoft culture and digital journey. All sessions are conducted by our tech specialists, who share their knowledge on technologies and methodologies that are used in our projects, ensuring a smooth and enlightening onboarding process.Being a part of the Netcompany-Ιntrasoft team, you will be provided with: The opportunity to work in a modern environment & in a hybrid working modelA seamless onboarding experience and a buddy to support you on your first stepsA competitive compensation & benefits packageHealth and life insurance programMeal and commuting allowanceWell-being activities (on premises)Continuous learning opportunities using the most modern methods (unlimited access to Udemy for Business, ad-hoc trainings)A personalized development plan for targeted career growthIf you are looking forward to be part of a diverse environment, and have the opportunity to work alongside well-experienced professionals, on challenging, large-scale projects that directly impact millions of citizens around the globe, then this is the place to be!By joining Netcompany-Intrasoft Athens, you will be part of a vivid team of 2000+ tech enthusiasts. When at the office you will have the chance to work at our brand-new, state-of-the-art, sustainable offices, located in 3 different spots in Athens!Our cultureOur people are the most important element of our success. Our work life is well defined by our set of fundamental Values: https://bit.ly/3SSbBzU  #BePartOfSomethingGreat!*Please submit your CV in EnglishAll applications will be treated as strictly confidential.",,Full-time,"Athens, Greece",EL,2024-09-04,kariera.gr,150421,,"['http://data.europa.eu/esco/skill/0d168770-4d9c-4096-b048-a6577818d306', 'http://data.europa.eu/esco/skill/19a8293b-8e95-4de3-983f-77484079c389', 'http://data.europa.eu/esco/skill/1ffac4ac-fda7-407d-8ed1-ca8f4a8dc146', 'http://data.europa.eu/esco/skill/23ac233d-84ad-4517-b0f5-8ca19ba2614e', 'http://data.europa.eu/esco/skill/3993c87c-7719-4186-811b-8ddfb40e76be', 'http://data.europa.eu/esco/skill/484df271-bb52-49f1-8f50-f19624bf4df2', 'http://data.europa.eu/esco/skill/7557f0f4-b8bc-4ac0-b91e-222ab1ba744f', 'http://data.europa.eu/esco/skill/8f6ed69b-29d0-4c01-81ba-f05920a185f3', 'http://data.europa.eu/esco/skill/a8797f21-1af0-4c5e-98ca-bf1442929363', 'http://data.europa.eu/esco/skill/dba46f87-0831-49cd-a1c7-340a653c0221', 'http://data.europa.eu/esco/skill/f0de4973-0a70-4644-8fd4-3a97080476f4']","['http://data.europa.eu/esco/occupation/57af9090-55b4-4911-b2d0-86db01c00b02', 'http://data.europa.eu/esco/occupation/719f101d-1866-49d3-8d5c-2256f606a8b9', 'http://data.europa.eu/esco/occupation/866c7813-2c03-47d7-9bdc-192cfbace57c', 'http://data.europa.eu/esco/occupation/a9c7a04d-807a-41b5-b441-87c73c73c9c5', 'http://data.europa.eu/esco/occupation/c52129d9-4656-4ce8-ba13-8a72a51d5400', 'http://data.europa.eu/esco/occupation/cc867bee-ab5c-427f-9244-f7a204d9574b']"
1125,Call for Talents - Junior Software Engineers,"Company DescriptionWe are Netcompany-Intrasoft, a member of Netcompany Group A/S, and a leading European IT Solutions and Services company with strong international presence and expertise, dedicated to responsible digitalisation. We offer innovative and added-value solutions of the highest quality to a wide range of public and private organizations, while being a key-player in the EU Institutions for the past 30 years. We hold an outstanding record of 500+ organizations in 70+ countries, that have chosen our solutions and services, to fulfil their business needs. Our team of 3500+ professionals is our driving force and our most valuable asset.Job DescriptionEver wondered what it feels like to be a Junior Software Engineer in Netcompany-Intrasoft? Joining us as a Junior Software Engineer you will become part of agile, highly skilled SW Product Development teams that design, develop, deploy, customize, test, and support web and digital applications for various industries (FinTech / Betting / Insurance / Telecommunications / Utilities / Retail / EU Institutions / Public Sector Digital Transformation). This will be the beginning of your career in one of the following specialties: backend, frontend, full-stack, DevOps, or automation testing SW Engineers.As a Junior Software Engineer you will:Work within an agile team that designs, develops, tests, and maintains web applications by using technologies such as Java, Spring, Spring boot, Microservices Architecture, Angular, React, Docker, Kafka, Kubernetes, Selenium, Cucumber, etc.Perform a full range of complex programming tasks using a variety of web and application-based programming technologies and languages, keeping current with new programming techniquesDevelop and maintain code and application libraries, instructions, and technical documentationCollaborate with team members to understand requirements and propose solutionsParticipate in peer code reviewsBe up to date, learn and gain experience in new technology stacks.QualificationsWhat would make you a fit for the role:Degree in Computer Science, Software Engineering or other relevant disciplinesFamiliarity with at least one of the below (Java, Spring, Spring boot, Microservices Architecture, Angular, React, Docker, Kafka, Kubernetes, Selenium and Cucumber)Excellent command of the English language (written & oral)It would also be a plus if you match some of the following:Knowledge of:web technologies including HTML5, CSS3, JavaScript frameworksdatabase concepts and SQL programmingExperience with Source Control(GIT, Subversion) and Build Tools (Maven).Additional InformationAll newcomers attend a high-quality training by our internal onboarding academy, regarding the Netcompany-Intrasoft culture and digital journey. All sessions are conducted by our tech specialists, who share their knowledge on technologies and methodologies that are used in our projects, ensuring a smooth and enlightening onboarding process.Being a part of the Netcompany-Ιntrasoft team, you will be provided with: The opportunity to work in a modern environment & in a hybrid working modelA seamless onboarding experience and a buddy to support you on your first stepsA competitive compensation & benefits packageHealth and life insurance programMeal and commuting allowanceWell-being activities (on premises)Continuous learning opportunities using the most modern methods (unlimited access to Udemy for Business, ad-hoc trainings)A personalized development plan for targeted career growthIf you are looking forward to be part of a diverse environment, and have the opportunity to work alongside well-experienced professionals, on challenging, large-scale projects that directly impact millions of citizens around the globe, then this is the place to be!Join Netcompany-Intrasoft Thessaloniki's branch, and be part of our 250+ tech enthusiasts team!Our cultureOur people are the most important element of our success. Our work life is well defined by our set of fundamental Values: https://bit.ly/3SSbBzU  #BePartOfSomethingGreat!*Please submit your CV in EnglishAll applications will be treated as strictly confidential.",,Full-time,"Thessaloniki, Greece",EL,2024-09-04,kariera.gr,150420,,"['http://data.europa.eu/esco/skill/0d168770-4d9c-4096-b048-a6577818d306', 'http://data.europa.eu/esco/skill/19a8293b-8e95-4de3-983f-77484079c389', 'http://data.europa.eu/esco/skill/1ffac4ac-fda7-407d-8ed1-ca8f4a8dc146', 'http://data.europa.eu/esco/skill/23ac233d-84ad-4517-b0f5-8ca19ba2614e', 'http://data.europa.eu/esco/skill/3993c87c-7719-4186-811b-8ddfb40e76be', 'http://data.europa.eu/esco/skill/484df271-bb52-49f1-8f50-f19624bf4df2', 'http://data.europa.eu/esco/skill/7557f0f4-b8bc-4ac0-b91e-222ab1ba744f', 'http://data.europa.eu/esco/skill/8f6ed69b-29d0-4c01-81ba-f05920a185f3', 'http://data.europa.eu/esco/skill/a8797f21-1af0-4c5e-98ca-bf1442929363', 'http://data.europa.eu/esco/skill/dba46f87-0831-49cd-a1c7-340a653c0221', 'http://data.europa.eu/esco/skill/f0de4973-0a70-4644-8fd4-3a97080476f4']","['http://data.europa.eu/esco/occupation/57af9090-55b4-4911-b2d0-86db01c00b02', 'http://data.europa.eu/esco/occupation/719f101d-1866-49d3-8d5c-2256f606a8b9', 'http://data.europa.eu/esco/occupation/866c7813-2c03-47d7-9bdc-192cfbace57c', 'http://data.europa.eu/esco/occupation/a9c7a04d-807a-41b5-b441-87c73c73c9c5', 'http://data.europa.eu/esco/occupation/c52129d9-4656-4ce8-ba13-8a72a51d5400', 'http://data.europa.eu/esco/occupation/cc867bee-ab5c-427f-9244-f7a204d9574b']"
1139,"Full Stack Engineer (React.js, Java)","Company DescriptionWe are Netcompany-Intrasoft, a member of Netcompany Group A/S, and a leading European IT Solutions and Services company with strong international presence and expertise, dedicated to responsible digitalisation. We offer innovative and added-value solutions of the highest quality to a wide range of public and private organizations, while being a key-player in the EU Institutions for the past 30 years. We hold an outstanding record of 500+ organizations in 70+ countries, that have chosen our solutions and services, to fulfil their business needs. Our team of 3500+ professionals is our driving force and our most valuable asset.Job DescriptionEver wondered what it feels like to be a Full Stack Engineer in Netcompany-Intrasoft? Joining us as a Full Stack Engineer, you will have the opportunity to be a part of our highly skilled agile, software product development teams working within large-scale transformation projects.As a Full Stack Engineer you will:Collaboration with team members to understand requirements andpropose solutionsEngage with UX/UI designers to implement highly intuitive user experiencesDevelop and maintain code, application libraries and produce technical documentationParticipate in Scrum meetings, provide technical assessments, perform peer code reviews and produce time estimates for development tasksQualificationsWhat would make you a fit for the role:Degree in Computer Science or other relevant disciplines2 years of experience in React.js, JavaFamiliarity with JavaScript/ TypeScript and Spring BootExcellent command of the English language (written and verbal)An analytical mind with problem-solving abilitiesExcellent interpersonal skills and team spiritIt would also be a plus if you match some of the following:Familiarity with Oracle DatabaseFamiliarity withMicroservices architectural patternsFamiliarity with KubernetesFamiliarity with CI/CD and version control platforms (Jenkins X, Bamboo)Additional InformationBeing a part of the Netcompany-Ιntrasoft team, you will be provided with: The opportunity to work in a modern environment & in a hybrid working modelA seamless onboarding experience and a buddy to support you on your first stepsA competitive compensation & benefits packageHealth and life insurance program Meal and commuting allowanceWell-being activities (on premises)Continuous learning opportunities using the most modern methods (unlimited access to Udemy for Business, ad-hoc trainings)A personalized development plan for targeted career growthIf you are looking forward to be part of a diverse environment, and have the opportunity to work alongside well-experienced professionals, on challenging, large-scale projects that directly impact millions of citizens around the globe, then this is the place to be!By joining Netcompany-Intrasoft Athens, you will be part of a vivid team of 2000+ tech enthusiasts. When at the office you will have the chance to work at our brand-new, state-of-the-art, sustainable offices, located in 3 different spots in Athens!Our cultureOur people are the most important element of our success. Our work life is well defined by our set of fundamental Values: https://bit.ly/3SSbBzU  #BePartOfSomethingGreat!*Please submit your CV in EnglishAll applications will be treated as strictly confidential.",,Full-time,"Athens, Greece",EL,2024-09-04,kariera.gr,150398,,"['http://data.europa.eu/esco/skill/07dd856d-6141-48a7-a228-918f88494812', 'http://data.europa.eu/esco/skill/23ac233d-84ad-4517-b0f5-8ca19ba2614e', 'http://data.europa.eu/esco/skill/484df271-bb52-49f1-8f50-f19624bf4df2', 'http://data.europa.eu/esco/skill/8f6ed69b-29d0-4c01-81ba-f05920a185f3', 'http://data.europa.eu/esco/skill/a8797f21-1af0-4c5e-98ca-bf1442929363', 'http://data.europa.eu/esco/skill/f47a1998-0beb-43be-9f46-380aa4d183da']","['http://data.europa.eu/esco/occupation/719f101d-1866-49d3-8d5c-2256f606a8b9', 'http://data.europa.eu/esco/occupation/faed411a-f920-4100-86a8-b877928b429c', 'http://data.europa.eu/esco/isco/C7543']"
1704,Junior Java / Web Developer,"We are looking for a highly motivated Junior Java / Web Developer passionate with development and maintenance of web-based applications. The successful candidate will join a highly professional team that uses state-of-the-art technologies to implement challenging IT software projects, for major international public organizations. 
You may work fully / partially remotely or from one of our offices (Athens, Thessaloniki).
Main responsibilities and Tasks

Perform development tasks in complex web-based applications;
Participate in the full development lifecycle through the design, implementation, testing, documentation and maintenance of system components;
Collaborate with colleagues adhering to highly professional standards and methods;
Ensure the delivery of quality software.

Requirements

Bachelor’s Degree in computer science, software engineering or related technical field;
Strong analytical capabilities, team- and quality-oriented, keen to learn and excel;
Knowledge of Java, web technologies and databases;
English; German is a strong plus.

Benefits
As a Junior Java / Web Developer you will have the opportunity to work on large international projects with a methodological approach. As part of a friendly team, you will work closely with a highly professional team of full-stack software developers/engineers. As part of an international company, you will contribute to challenging IT software projects for major international public organizations and institutions. As part of a dynamic company, you will get the chance to develop your skills and your career.
We offer a competitive remuneration (either on contract basis or remuneration with full benefits package) based on qualifications and experience, including:

Competitive full-time salary;
Private Health Coverage on the Company’s group program;
Flexible working hours, top - of - the Line tools, language courses, specialized trainings;
A great opportunity to grow and work with innovative and exciting specialists in the industry;
Being part of an environment that offers challenging goals, autonomy and mentoring, which creates development opportunities, both for you and the company.

If you want an exciting challenge, work with some of the coolest technologies and enjoy your time doing it, then join us! Submit your detailed CV in English, quoting reference:(JJDA/09/24).
You may also consider all our other open vacancies by visiting the career section of our web site (www.eurodyn.com) and follow us on Twitter (@EURODYN_Careers) and LinkedIn.
EUROPEAN DYNAMICS (www.eurodyn.com) is a leading European Software, Information and Communication Technologies company, operating internationally (Athens, Brussels, Luxembourg, Copenhagen, Berlin, Stockholm, London, Nicosia, Valetta, Vienna, Den Haag, Hong Kong, etc.) The company employs over 1000 engineers, IT experts and consultants (around 3% PhD, 36% MSc and 53% BSc). We design and develop software applications using integrated, state-of-the-art technology. Our current IT projects have a value exceeding 300 million EURO. EUROPEAN DYNAMICS is a renowned supplier of IT services to European Union Institutions, international organizations, European Agencies and national government Administrations in 40 countries and 4 continents.
As part of our dedication to the diversity of our workforce, we are committed to Equal Employment Opportunity without regard for race, colour, national origin, ethnicity, gender, disability, sexual orientation, gender identity, or religion.
EUROPEAN DYNAMICS (ED) adheres to the General Data Protection Regulation principles by applying its Privacy Policy as published in www.eurodyn.com/privacy. By submitting an application to this position and by sharing your personal data with ED, you acknowledge and accept its Policy and authorise ED to process your personal data for the purposes of the company's recruitment opportunities, in line to the Policy..",Entry / Junior,Full-time,"Athens, Greece",EL,2024-09-03,kariera.gr,167025,,"['http://data.europa.eu/esco/skill/19a8293b-8e95-4de3-983f-77484079c389', 'http://data.europa.eu/esco/skill/2b1ce548-4e16-45fb-bfb2-f3141c8efe8d', 'http://data.europa.eu/esco/skill/385479b7-5da5-4367-9763-0d15b41bb65b', 'http://data.europa.eu/esco/skill/43ae58b9-5e56-4524-b45a-b422777a0576', 'http://data.europa.eu/esco/skill/96eb286a-58b7-45ff-a916-5578d0b79b8c', 'http://data.europa.eu/esco/skill/a8797f21-1af0-4c5e-98ca-bf1442929363', 'http://data.europa.eu/esco/skill/d3e9b00a-0891-4fa8-836d-8240ec3d2758', 'http://data.europa.eu/esco/skill/e24377fb-020b-4430-8bed-86dd539bbf3a']","['http://data.europa.eu/esco/occupation/3d190639-90f8-4402-b1b3-a104a17e0d67', 'http://data.europa.eu/esco/occupation/57af9090-55b4-4911-b2d0-86db01c00b02', 'http://data.europa.eu/esco/occupation/c40a2919-48a9-40ea-b506-1f34f693496d']"
1731,"Manager, Software Engineer","Why Patients Need You
Technology impacts everything we do. Pfizer's digital and 'data first' strategy focuses on implementing impactful and innovative technology solutions across all functions from research to manufacturing. Whether you are digitizing drug discovery and development, identifying solutions, or making our work easier and faster, you will be making a difference to countless lives.ROLE SUMMARYPfizer's purpose is to deliver breakthroughs that change patients' lives.In Pfizer Digital Core Solutions, we partner closely with our Pfizer business operations colleagues to efficiently deliver robust supporting technology solutions that enhance their work to achieve the Pfizer purpose. We value our team members' technical skills, but also their passion, teamwork, and growth. Our culture is focused on delivering value through courage, excellence, equity, and joy. Our collective skillset supports all aspects of technology planning, project execution and application development excellence.We are looking for Software Engineer (SE) candidates who are aligned with our culture and values, and with experience in software development projects that include both backend and frontend development using Java and Javascript-based technologies for multi-tiered, RDBMS-based web applications. Top candidates will also have experience working on regulated projects that have used an agile approach.The Software Engineer plays a key role in meeting our mission. In addition to standard software development and agile team responsibilities, SEs act as mentors as well as technical subject matter experts on in-house, outsourced, and co-sourced developed global applications. SEs may additionally lead technical teams and work independently or lead others on initiatives. SEs will collaborate closely with stakeholders of all levels across both the Digital Core Solutions organization as well as our partner business operations organizations, leading to opportunities to learn from and advise senior Pfizer leadership.The SE will work closely with their manager to ensure growth over time, including the selection of project work among hundreds of applications that will expand their skillset to meet personal and organizational goals, to provide fulfilling work, and to advance their careers.




ROLE RESPONSIBILITIES

Works independently and within teams to advance organizational and project objectives.
Works with project teams across R&D Solutions, providing technical leadership across business domains, including support for short and long-term strategies in alignment with Pfizer Digital colleagues: Client Partners, Architects, Solution Delivery Leads, among others.
Participates in Agile practices in alignment with team processes and objectives.
Designs application areas to meet project objectives and alignment with Digital standards and best practices.
Works in team environment with Pfizer colleagues as well as vendor partners.
Ensures the expectations and requirements of internal and external stakeholders are met.
Provides technical management of colleagues and contract resources for software development projects.
Provides technical expertise and oversight to ensure the quality and maintenance of existing production systems.
Suggests and assists in the development of Engineering Best Practices for the group.
Designs, prototypes, implements and unit tests software solutions in supported business areas.
Specifies user/system interfaces and translates logical designs into physical designs taking account of target environment, performance requirements and existing systems.
Produces detailed designs and documents all work using required standards, methods and tools, including prototyping tools, where appropriate.
Conducts reviews of supplied specifications as appropriate.
Creates, improves, and maintains DevOps and other build and code management configurations to support efficient, high quality, and secure software development and delivery.





QUALIFICATIONS ​

Undergraduate degree in Software Engineering, Information Management, Computer Science, Mathematics, or other scientific or engineering discipline.
5+ years of relevant experience within the Software Engineering discipline.
Experience working within teams of technologists, IT professionals or project managers using Agile, DevOps, and other approaches for iterative development.
Demonstrated capabilities and experience collaborating and working effectively in team settings, frequently in virtual teams with client partner and customer engagement responsibilities.
Experience in supporting the selection or implementation of technical direction on large projects and/or complex, program-level initiatives requiring technical and business-domain expertise.
Experience and demonstrated competencies either informally or formally managing and/or mentoring others with an emphasis on communicating software engineering and project development best practices.
Demonstrated focus on the high quality of outputs through various methods, such as through code quality initiatives, implementation of automated testing or a unit testing program, process improvement, or leading team engagement with quality initiatives.

Required Capabilities and Experience:

Strong capabilities in developing multi-tiered solutions using Java/J2EE, JBoss Application Server, SQL, REST and JMS, as well as web technologies and frameworks such as Angular, Typescript, HTML, CSS.
Experience using Agile and DevOps tools such as Jira, GitHub and Sonar.
Demonstrated capabilities in understanding data and integration architectures to manage, transform, and exploit data across the enterprise.
Capable of understanding security requirements and using the frameworks and tools the organization has put in place to meet those requirements.
Excellent oral and written communication skills including technical writing / documentation.

Required Aptitude:

Quick to establish trust and respect
Action oriented and energetic
Resourceful and creative
Persistent and determined
Mature and cool under pressure
Easily makes connections
Reads situations quickly
Commitment and follow through

Pfizer is an equal opportunity employer and complies with all applicable equal employment opportunity legislation in each jurisdiction in which it operates.
To apply please visit our website www.pfizercareers.com and search job Manager, Software Engineer id 4910159.",Senior,Full-time,"Thessaloniki, Greece",EL,2024-09-03,kariera.gr,166989,,"['http://data.europa.eu/esco/skill/0a9acb6b-1139-4be9-b431-3a80a959f2f4', 'http://data.europa.eu/esco/skill/0af062de-eb43-41e9-9b96-249e2cd22d26', 'http://data.europa.eu/esco/skill/113b4428-0a31-4199-8496-070af7854b91', 'http://data.europa.eu/esco/skill/1af2db15-2af9-44dd-9639-bf1fc69d4c34', 'http://data.europa.eu/esco/skill/1fcce318-3212-487a-ac07-4941bc85060d', 'http://data.europa.eu/esco/skill/21fecc8a-392e-49ce-ac26-fb0696ccfead', 'http://data.europa.eu/esco/skill/2624158e-4a53-4667-8921-96ee7aaea7b3', 'http://data.europa.eu/esco/skill/33d49d4f-31ec-473f-9b8a-b555aa5116bb', 'http://data.europa.eu/esco/skill/4339176e-3acd-4f7f-a5d9-445bee3d23f2', 'http://data.europa.eu/esco/skill/598de5b0-5b58-4ea7-8058-a4bc4d18c742', 'http://data.europa.eu/esco/skill/5b26f08b-88bc-45f0-b901-530d7786466b', 'http://data.europa.eu/esco/skill/5dd96c59-5955-474b-8cf5-e986a5b50f1a', 'http://data.europa.eu/esco/skill/6a322874-e32f-4cd8-9683-badce67a7f73', 'http://data.europa.eu/esco/skill/75b30aeb-34c0-40f4-b77d-271d75a98b14', 'http://data.europa.eu/esco/skill/867137fb-ff1b-4ca3-99f3-cb6969aa2c68', 'http://data.europa.eu/esco/skill/b16bcbcb-1d3f-42b3-a6a5-b91348a72b70', 'http://data.europa.eu/esco/skill/b87f6102-5bab-4e99-a5d8-11b6be1b99c2', 'http://data.europa.eu/esco/skill/bacbfc27-4b5d-47de-8bfd-af5fa27562a2', 'http://data.europa.eu/esco/skill/c69587b4-05d3-45bb-b79b-9b85e6603fc2', 'http://data.europa.eu/esco/skill/d83cba15-8511-4d07-b89a-9fde0d1d8241', 'http://data.europa.eu/esco/skill/dba46f87-0831-49cd-a1c7-340a653c0221', 'http://data.europa.eu/esco/skill/dd009c14-f702-4d16-a919-8d2098205cf4', 'http://data.europa.eu/esco/skill/ed1d8bd4-cd2a-4c64-b665-56d70651026c', 'http://data.europa.eu/esco/skill/f0de4973-0a70-4644-8fd4-3a97080476f4', 'http://data.europa.eu/esco/skill/f37d9f67-2e79-4958-8307-1ce9d6dcc8bd', 'http://data.europa.eu/esco/skill/f5308e60-d763-4ead-be95-88c96fb3e02b']","['http://data.europa.eu/esco/occupation/00030d09-2b3a-4efd-87cc-c4ea39d27c34', 'http://data.europa.eu/esco/occupation/070e94a8-a933-4557-9b95-fefe7f4f1763', 'http://data.europa.eu/esco/occupation/53cdd34e-22f2-41bd-b3c7-de22bf9bbcae', 'http://data.europa.eu/esco/occupation/72628f3a-fd49-499a-9741-870b0a1fcef2', 'http://data.europa.eu/esco/occupation/874a2080-a9b6-46a9-8662-c9b7d4208f73', 'http://data.europa.eu/esco/occupation/8b6388a4-4904-471b-9331-d3b1211f5525', 'http://data.europa.eu/esco/occupation/8c3f536e-ba66-4321-ba40-363dc39f129b', 'http://data.europa.eu/esco/occupation/8cb59bc4-1f39-477e-beea-effed12d186c', 'http://data.europa.eu/esco/occupation/cc867bee-ab5c-427f-9244-f7a204d9574b', 'http://data.europa.eu/esco/occupation/d515e82a-ca9f-4be4-9823-33694dff7304', 'http://data.europa.eu/esco/isco/C1330', 'http://data.europa.eu/esco/isco/C2519']"
1834,"Sr. Associate, Network Automation Engineer","ROLE SUMMARYEnterprise Platforms & Security (EP&S), integrates and oversee Pfizer's global infrastructure, information technology operations, risk management, data privacy, and cybersecurity capabilities Our business application platforms support Pfizer's enterprise application and critical business processes. A robust infrastructure allows business traffic to travel where it needs to go, internally and externally, along with the appropriate access controls. EP&S secures Pfizer's most important information assets through world class controls and protections and enables Pfizer's business results by making security an enabler and not a roadblock to achieving business results.The Digital Command Operations (DCO) team delivers excellence in the pursuit of those breakthroughs through industry-leading infrastructure operations reliability. This is achieved through transparency in business and service health, predictive detection of service interruptions, the elimination of repetitive operational tasks (toil) through automation, and improved diagnostics to drive better decisions and interventions.The ​Sr. Associate, Network Automation Engineer​ will work collaboratively with other members of the Network Infrastructure, peer organizations and the broader Pfizer Digital Organization, to provide technical expertise in building Pfizer's network automation capabilities and identifying & successfully implementing advanced IT automation solutions for Pfizer Digital and our clients.




ROLE RESPONSIBILITIES

Identify potential opportunities to automate Network Operational processes, including elimination of toil and risk.
Programmatically analyze network incidents and develop automated solutions for close loop remediation.
Utilize software engineering practices, and programming or scripting languages like Java, Python, or JavaScript, to develop code, automate tasks, and integrate monitoring and alerting in the process.
Stay updated on emerging trends and technologies in network engineering, software engineering, and cloud computing.
Utilize logging and monitoring solutions like Grafana, Splunk or similar, to track, troubleshoot, and remediate issues.
Use and customize industry-leading Network Performance Monitoring, Planning, and Configuration Management capabilities.
Maintain design and support documentation.
Collaborate with cross-functional teams to identify opportunities for improving data collection, analysis processes, and data-driven decision-making.
Document analysis methodologies, findings, and insights to facilitate knowledge sharing and maintain data quality standards.





QUALIFICATIONSMinimum Qualifications:

Bachelor's degree in Computer Science, Information Technology, Engineering, or STEM related field, or equivalent practical experience.
3+ years of professional experience in network engineering or a related field.
Experience in any of the following Cisco/Meraki/SDWAN, Catalyst, Nexus, AireOS.
Experience with Network Performance Monitoring, Planning, and Configuration Management tools.
Experience in at least one programming or scripting language (e.g., Java, JavaScript, Python).
Experience in programmatically analyzing network incidents and developing automated remediation solutions.
Demonstrated experience with network automation tools and technologies.
Excellent communication and collaboration skills, with the ability to work effectively in a team environment.
Strong attention to detail and commitment to delivering high-quality work.
Demonstrated ability to work in an agile work environment possessing qualities such as a collaborative mindset, adaptability to change, and a proactive problem-solving approach.

Preferred Qualifications:

Associate level Industry certifications (CCNA, DEVASC, CCSA, or equivalent expertise).
Familiarity with F5 Load Balancers.
Experience with data visualization tools such as Grafana, Tableau.
Familiarity with software engineering best practices, version control, testing, deployment in maintenance will be considered plus.
Experience working in Agile environments, preferably with Scrum methodology with a focus on continuous improvement and delivery.
Professional certifications in network engineering, automation, or cloud services (e.g. AWS Certified Solutions Architect).

Pfizer is an equal opportunity employer and complies with all applicable equal employment opportunity legislation in each jurisdiction in which it operates.
To apply please visit our website www.pfizercareers.com and search job Sr. Associate, Network Automation Engineer id 4913533.",Senior,Full-time,"Thessaloniki, Greece",EL,2024-09-02,kariera.gr,166865,,"['http://data.europa.eu/esco/skill/0c15aa34-6977-4da7-b1f0-2ba6a582ef1b', 'http://data.europa.eu/esco/skill/0daaf096-1639-461c-bf1a-bbeea77e6b67', 'http://data.europa.eu/esco/skill/19a8293b-8e95-4de3-983f-77484079c389', 'http://data.europa.eu/esco/skill/21d2f96d-35f7-4e3f-9745-c533d2dd6e97', 'http://data.europa.eu/esco/skill/49de9958-2aa4-4eef-a89d-fe5d5bcd28c4', 'http://data.europa.eu/esco/skill/5ef0c719-5bcb-49f8-b8eb-824388225333', 'http://data.europa.eu/esco/skill/65e58886-bd1e-4c5b-8ca5-8d9b353c8aa1', 'http://data.europa.eu/esco/skill/9d2e926f-53d9-41f5-98f3-19dfaa687f3f', 'http://data.europa.eu/esco/skill/9e84a506-df06-4be3-874a-fa01293e3dd5', 'http://data.europa.eu/esco/skill/a4346013-a967-4a58-a533-6b32ad1364c5', 'http://data.europa.eu/esco/skill/a80fb090-63f4-4b05-83a5-2f090deb7757', 'http://data.europa.eu/esco/skill/bd14968e-e409-45af-b362-3495ed7b10e0', 'http://data.europa.eu/esco/skill/be20d05c-f6b4-4580-9fcf-f00f4baab562', 'http://data.europa.eu/esco/skill/cc7370dd-69fa-4c67-a96f-d4d135d38700', 'http://data.europa.eu/esco/skill/ccb2e5f2-4279-48fd-9d85-a1db42ff1e13', 'http://data.europa.eu/esco/skill/ccd0a1d9-afda-43d9-b901-96344886e14d', 'http://data.europa.eu/esco/skill/f4a6e9f7-5cff-46c0-894c-59c20bb78694']","['http://data.europa.eu/esco/occupation/2082e125-d06b-43e6-957f-b7aa3c48dc2f', 'http://data.europa.eu/esco/occupation/2fb96c6c-8d0b-4ef0-b1ee-3e493305e4eb', 'http://data.europa.eu/esco/occupation/3b1ea27c-781c-41eb-821f-214285260dd2', 'http://data.europa.eu/esco/occupation/57af9090-55b4-4911-b2d0-86db01c00b02', 'http://data.europa.eu/esco/occupation/7086d0ca-1e77-4690-89c9-7ed1a0478fa3', 'http://data.europa.eu/esco/occupation/b09acdda-6680-49d1-a411-129610ee3bc0', 'http://data.europa.eu/esco/occupation/bb609566-3ab6-44dd-8f48-cf0b15b96827', 'http://data.europa.eu/esco/isco/C214']"
1858,Software Engineer (Java),"Join INTRALOT as a Software Engineer (Java)!\n\nAre you a Java Developer looking for an opportunity to work with modern technologies and microservices? Do you thrive in a dynamic environment that fosters innovation and technical excellence? If so, we invite you to join our team!\nWhat you'll be doing:\n\n Contributing to the development and evolution of critical backend systems that support our applications and services.\n Developing and maintaining web applications in a microservices environment.\n Writing clean, efficient, and well-documented code.\n Collaborating with the team to analyze requirements and design solutions.\n Supporting internal and external customers when needed.\n Keeping up with the latest technologies and best practices.\n\nWhat we're looking for:\nDegree in Computer Science, Software Engineering, or a related field.3+ years of experience in Java development.We work with Java 17 and are migrating to Java 21 - so you'll have the opportunity to work with the latest technologies!Experience with Spring Boot (currently using 2.6).Understanding of RESTful APIs and microservices architecture.Knowledge of multithreading programming and testing frameworks (JUnit).Experience with databases (MySQL) and ORM frameworks (Hibernate).Familiarity with Source Control (GIT, SVN) and Build Tools (Maven).Knowledge or experience with Kubernetes, Docker, and Kafka.Team player with strong problem-solving skills!\nAbout Us: INTRALOT, a publicly listed company established in 1992, is a leading gaming solutions supplier and operator active in 39 regulated jurisdictions worldwide. With a global workforce of approximately 1,700 employees, INTRALOT is committed to redefine innovation and quality of services in the lottery and gaming sector, while supporting operators in raising funds for good causes. In 2023, INTRALOT was distinguished as a top ten most attractive employer brands in Greece.\nINTRALOT has been awarded the prestigious WLA Responsible Gaming Framework Certification by the World Lottery Association. We always act with integrity and enjoy what we do.\n\nWhy Join Us:\n A competitive compensation package combined with additional benefits.\n Hybrid working model.\n Private Insurance for you and your family.\n Modern facilities, parking inside, enticing restaurant and corporate bus.\n An extensive training program upon induction and throughout employment.\n Exceptional opportunities to learn and develop in a multinational environment.\n Prospects for professional growth both locally and globally.\n\nEqual Opportunity Employer: We celebrate diversity and are proud to be an Equal Opportunity Employer. We welcome applicants from all backgrounds and do not discriminate based on race, color, religion, gender, sexual orientation, national origin, age, marital status, medical condition, disability, or any other protected status. Our premises in Paiania, Attica, are accessible to individuals with disabilities. Join us in shaping the future of gaming and lottery solutions!",N/A,Full-time,"Athens, Greece",EL,2025-06-12,kariera.gr,162615,,"['http://data.europa.eu/esco/skill/0d168770-4d9c-4096-b048-a6577818d306', 'http://data.europa.eu/esco/skill/0ee7b0d6-db98-4785-9948-f2ef415d155a', 'http://data.europa.eu/esco/skill/1fcce318-3212-487a-ac07-4941bc85060d', 'http://data.europa.eu/esco/skill/2636b3d3-843e-46a9-8b4c-a9d6ca3f5a2d', 'http://data.europa.eu/esco/skill/484df271-bb52-49f1-8f50-f19624bf4df2', 'http://data.europa.eu/esco/skill/5bac4bcc-1846-4688-ba02-ad2b51544282', 'http://data.europa.eu/esco/skill/a8797f21-1af0-4c5e-98ca-bf1442929363', 'http://data.europa.eu/esco/skill/adc6dc11-3376-467b-96c5-9b0a21edc869', 'http://data.europa.eu/esco/skill/e24377fb-020b-4430-8bed-86dd539bbf3a', 'http://data.europa.eu/esco/skill/5b26f08b-88bc-45f0-b901-530d7786466b', 'http://data.europa.eu/esco/skill/19a8293b-8e95-4de3-983f-77484079c389']","['http://data.europa.eu/esco/occupation/50af07f0-7a75-424e-a66d-5a9deea10f4c', 'http://data.europa.eu/esco/occupation/57af9090-55b4-4911-b2d0-86db01c00b02', 'http://data.europa.eu/esco/occupation/5fd2980e-22c4-4ace-a394-190c76f4f539', 'http://data.europa.eu/esco/occupation/a9c7a04d-807a-41b5-b441-87c73c73c9c5', 'http://data.europa.eu/esco/occupation/d18a8976-a283-42ad-9541-75c49396dbd7']"
1873,Software Engineering Manager,"Company DescriptionWe are Netcompany-Intrasoft, a member of Netcompany Group A/S, and a leading European IT Solutions and Services company with strong international presence and expertise, dedicated to responsible digitalisation. We offer innovative and added-value solutions of the highest quality to a wide range of public and private organizations, while being a key-player in the EU Institutions for the past 30 years. We hold an outstanding record of 500+ organizations in 70+ countries, that have chosen our solutions and services, to fulfil their business needs. Our team of 3500+ professionals is our driving force and our most valuable asset.Job DescriptionAre you ready to discover the role of a Software Engineering Manager in Netcompany-Intrasoft?Joining us as a Software Engineering Manager, you will have the opportunity to be a part of our highly skilled engineering teams working within large-scale transformation projects for the growing Public Sector business unit of Netcompany - Intrasoft. At Netcompany-Intrasoft, our Public Sector business unit is committed to driving positive social and environmental change through our innovative solutions. We collaborate closely with public sector clients to deliver sustainable and impactful projects that enhance digital transformation and improve public services.Our focus is on leveraging technology to create efficient, transparent, and citizen-centric solutions that align with our sustainability goals and contribute to a better society. Join us in making a meaningful difference by transforming the way public sector services are delivered. Learn more about our Public Sector business unit  here .As a Software Engineering Manager you will:Lead and grow multiple engineering teamsDesign and develop large web-based applicationsEnsure the alignment between client requirements and engineering teamsSet coding standards and methodologies according to technology trends, best practices and experienceOversee the successful delivery of projects, ensuring timelines and quality standards are met while managing risks and dependenciesProvideleadership and guidance to software engineers, serving as a mentor and role model in their professional developmenτQualificationsWhat would make you a fit for the role:Degree in Computer Science, Software Engineering or a related disciplineSolid engineering background and experience, including system designA minimum of 7 years of experience in Java development is requiredAbility to strategically coach and influence multiple teamsDemonstrated ability and experience in technical project management and software deliveryExcellent communication skills (Greek and English)It would also be a plus if you match some of the following:Experience working in Public Sector related projects would be advantageousAdditional InformationBeing a part of the Netcompany-Ιntrasoft team, you will be provided with: The opportunity to work in a modern environment & in a hybrid working modelA seamless onboarding experience and a buddy to support you on your first stepsA competitive compensation & benefits packageHealth and life insurance programMeal and commuting allowanceWell-being activities (on premises)Continuous learning opportunities using the most modern methods (unlimited access to Udemy for Business, ad-hoc trainings)A personalized development plan for targeted career growthIf you are looking forward to be part of a diverse environment, and have the opportunity to work alongside well-experienced professionals, on challenging, large-scale projects that directly impact millions of citizens around the globe, then this is the place to be!By joining Netcompany-Intrasoft Athens, you will be part of a vivid team of 2000+ tech enthusiasts. When at the office you will have the chance to work at our brand-new, state-of-the-art, sustainable offices, located in 3 different spots in Athens!#LI-Hybrid #LI-KA1 #LI-ZS1Our cultureOur people are the most important element of our success. Our work life is well defined by our set of fundamental Values: https://bit.ly/3SSbBzU  #BePartOfSomethingGreat!*Please submit your CV in EnglishAll applications will be treated as strictly confidential.We ensure equal opportunities, treatment, and consideration to all candidates. Discrimination based on sex, racial or ethnic origin, religion or belief, disability, age, sexual orientation or marital status, physical or mental disability, or any other factor protected by applicable laws and regulations is prohibited. As part of the Netcompany-Intrasoft culture, we respect human rights and focus on creating a positive workplace, where all employees are valued, and where diversity and inclusion are a vital part of our our everyday working experience.",,Full-time,"Athens, Greece",EL,2024-09-01,kariera.gr,162351,,"['http://data.europa.eu/esco/skill/103f7814-d262-4df6-a1b6-759bc51f76cb', 'http://data.europa.eu/esco/skill/23ac233d-84ad-4517-b0f5-8ca19ba2614e', 'http://data.europa.eu/esco/skill/7a17d7ce-01a2-4746-bbcc-22ffe22fa16e', 'http://data.europa.eu/esco/skill/8f6ed69b-29d0-4c01-81ba-f05920a185f3']","['http://data.europa.eu/esco/occupation/57af9090-55b4-4911-b2d0-86db01c00b02', 'http://data.europa.eu/esco/occupation/719f101d-1866-49d3-8d5c-2256f606a8b9', 'http://data.europa.eu/esco/occupation/de74eb4e-c95e-425a-9b3a-7be805ec0321']"
1906,Senior Application Security Engineer,"Company DescriptionWe are Netcompany-Intrasoft, a member of Netcompany Group A/S, and a leading European IT Solutions and Services company with strong international presence and expertise, dedicated to responsible digitalisation. We offer innovative and added-value solutions of the highest quality to a wide range of public and private organizations, while being a key-player in the EU Institutions for the past 30 years. We hold an outstanding record of 500+ organizations in 70+ countries, that have chosen our solutions and services, to fulfil their business needs. Our team of 3500+ professionals is our driving force and our most valuable asset.Job DescriptionA day in the life of a Senior Application Security EngineerAs a Senior Application Security Engineer, you will be part of the Information Security Department and you will drive the design, implementation, operation, and monitoring of the Secure Software Development Lifecycle roadmap of Netcompany-Intrasoft according to the business strategy and selected information security standards and best practices. Moreover, you will lead projects for the adoption of security by design principles in Netcompany-Intrasoft products and software development services, and enhance security assurance levels related to application security through DevSecOps culture and automation.As a Senior Application Security Engineer you will:Define secure architecture patterns and secure design specifications together with software architects to guide software implementationPerform threat modeling in software architecture and software design artifacts prepared by software architectsLead research and investigation activities to propose implementation of application security controls at the code levelLead the execution of manual secure code review to identify and report security issues and weaknessesLead the review of output from automated application security testing (e.g., SAST, DAST, SCA) and perform triage activities to assess relevancy of discovered vulnerabilities, rate their security impact and propose mitigation actionsLead scoped manual security verification assessments with specialized tools (e.g., Burp, ZAP Proxy, Postman and other) and prepare reports describing issues towards development teamsDevelop and deliver application security training activities and workshopsGive presentations on technical application security topics towards internal development teamsEvolve the implementation and configuration of scanning policies in DevSecOps tooling (e.g., SAST, DAST, SCA)QualificationsWhat would make you a fit for the role:Bachelor Degree in Computer Science or Computer Engineering field;Master Degree in Information Security field or related work experience of 3 or more yearsAdvanced skills in understanding workflows written in programming languages such as Java, C#, JavaScript and/or Python;Extended experience with identification and mitigation of OWASP Top 10 risks and CWE Top 25 vulnerabilities;Hands-on experience with secure design and security controls implementation in software applications that follow the micro-services architecture pattern;Practical experience performing threat modelling using relevant methodologies (e.g., STRIDE, PASTA, OCTAVE)Advanced technical knowledge in the following domains: HTML, CSS, URLs, DOM, Browser/Server Communication, Web & Application Servers;Technical knowledge in the following domains: Operating System Internals, Cloud Architecture, Container technology, Networking, Cryptography, Authentication mechanisms, Authorization controls, Input validation and DevSecOps;Good knowledge of security verification tools such as Burp Suite, ZAP, SonarQube;Good knowledge of risk measurement frameworks (e.g., CVSS, CWSS);Excellent command of the English language (C2 level).It would also be a plus if you match some of the following:Any Application Security certification, (e.g. CASE, CSSLP, CASS, CSP, GIAC Certified Web Application Defender).Any Information Security related certification, (e.g. CISSP, CEH, ISACA's CSX, Microsoft AZURE Security Associate, AWS Certified Security Specialty).Any other Application Security Micro-Learning certification, (e.g., Burp Suite Certified Practitioner, Online Course Completion certifications by Udemy, HackTheBox, etc.)2 or more years hands-on experience in Software DevelopmentAdditional InformationBeing a part of the Netcompany-Ιntrasoft team, you will be provided with: The opportunity to work in a modern environment & in a hybrid working modelA seamless onboarding experience and a buddy to support you on your first stepsA competitive compensation & benefits packageHealth and life insurance programMeal and commuting allowanceWell-being activities (on premises)Continuous learning opportunities using the most modern methods (unlimited access to Udemy for Business, ad-hoc trainings)A personalized development plan for targeted career growthIf you are looking forward to be part of a diverse environment, and have the opportunity to work alongside well-experienced professionals, on challenging, large-scale projects that directly impact millions of citizens around the globe, then this is the place to be!By joining Netcompany-Intrasoft Athens, you will be part of a vivid team of 2000+ tech enthusiasts. When at the office you will have the chance to work at our brand-new, state-of-the-art, sustainable offices, located in 3 different spots in Athens!Our cultureOur people are the most important element of our success. Our work life is well defined by our set of fundamental Values: https://bit.ly/3SSbBzU  #BePartOfSomethingGreat!*Please submit your CV in EnglishAll applications will be treated as strictly confidential.",N/A,Full-time,"Athens, Greece",EL,2025-03-12,kariera.gr,162187,,"['http://data.europa.eu/esco/skill/11430d93-c835-48ed-8e70-285fa69c9ae6', 'http://data.europa.eu/esco/skill/1ce4cddd-4a74-458e-a2d4-152ca939475a', 'http://data.europa.eu/esco/skill/23ac233d-84ad-4517-b0f5-8ca19ba2614e', 'http://data.europa.eu/esco/skill/3bddfd7c-ab6d-40c2-883d-5e97fb7640ba', 'http://data.europa.eu/esco/skill/4c016b68-4116-468c-9dc6-42710c239e4a', 'http://data.europa.eu/esco/skill/6f1edc19-191f-4ba5-a048-ee69aff05bab', 'http://data.europa.eu/esco/skill/89f6560b-2194-45c9-9ece-d33049a73eef', 'http://data.europa.eu/esco/skill/8f6ed69b-29d0-4c01-81ba-f05920a185f3', 'http://data.europa.eu/esco/skill/ccd0a1d9-afda-43d9-b901-96344886e14d', 'http://data.europa.eu/esco/skill/f0163b63-6794-4eb7-b17b-f91d11b2602d', 'http://data.europa.eu/esco/skill/f4a6e9f7-5cff-46c0-894c-59c20bb78694', 'http://data.europa.eu/esco/skill/f9a6f35b-01a7-40c9-8b61-b6ee46f97272']","['http://data.europa.eu/esco/occupation/1c5a896a-e010-4217-a29a-c44db26e25da', 'http://data.europa.eu/esco/occupation/2082e125-d06b-43e6-957f-b7aa3c48dc2f', 'http://data.europa.eu/esco/occupation/2fb96c6c-8d0b-4ef0-b1ee-3e493305e4eb', 'http://data.europa.eu/esco/occupation/719f101d-1866-49d3-8d5c-2256f606a8b9', 'http://data.europa.eu/esco/occupation/7ed2e153-8da8-4c0d-b4c5-3402c623f34b', 'http://data.europa.eu/esco/occupation/92bb3d8c-8a9f-4cd7-80ec-247bbf173004', 'http://data.europa.eu/esco/occupation/93b11f0f-69af-4ece-b9da-f29aab7d38d3', 'http://data.europa.eu/esco/occupation/a44a1dc5-be08-4840-8bd5-770c4ac1ca6d', 'http://data.europa.eu/esco/occupation/d0aa0792-4345-474b-9365-686cf4869d2e']"
2066,"Central Monitor Data Analyst, Senior Associate- Risk Based Monitoring","Why Patients Need YouPfizer Global Product Development colleagues play a key role in connecting evidenced based, medical decision support with colleagues and stakeholders to enable better health and treatment outcomes. Whether you are creating framework necessary to ensure our evidence is scientifically sound, providing unbiased, medically necessary expertise or investigating how to close gaps in data, our mission is simple. Empower healthcare decisions regarding the safe and appropriate use of medicines for patients.What You Will AchieveThe Senior Associate, Central Monitor is responsible for ensuring the completeness, quality, and integrity of the subject data in the clinical trial database under Risk Based Monitoring (RBM) mode. The areas of activity include but are not limited to: developing Risk-Based Monitoring system for applicable studies, ensuring key risk indicators (KRIs) properly defined and set up in the system to support the study, processing and reviewing study data in the system for the signal and action management, follow up for the issue resolution. The Senior Associate, Central Monitor ensures risk-based monitoring activities comply with regulations, applicable Standard Operating Procedures (SOPs) and Processes at all times and is familiar with supported systems (RBM system, etc.) and able to troubleshoot and provide rapid response for all database issues. The Senior Associate, Central Monitor ensures quality oversight/control steps implemented in the central monitor activities. The Senior Associate, Central Monitor works with the global study team to meet the study objectives.
How You Will Achieve ItGeneral:

Implement global strategies, initiatives, processes, and standards to ensure consistent, efficient, and quality processes to meet quality, timelines and deliverables.
Provide technical expertise to set up and test study level Risk-based Monitoring system.
Plan and execute communication plans & methods to ensure customer satisfaction and enable improvements to be implemented during the course of a study.
Able to resolve conflicts, influence and communicate with key stakeholders and customers.
Implement quality oversight/control steps implemented in the central monitor activities.System setup Functions:
Review protocols to ensure the set-up, review and reporting requirements can be met and are standardized.
Provide technical oversight, guidance and coordination for all the central monitor activities.
Set up and test RBM system at study level to ensure system quality.
Define key risk indicators (KRIs) in study system and ensure consistency between the standard level and the study level.
Set up dictionary for data quality assessment DQA in study system.
Ensure RBM system align with the protocol and adhere to ICH GCP, SOPs, corporate standards and regulatory requirements.Data review Functions:
Work with Study Team to define the issue resolution for the reviewing findings as signal and action.
Develop, implement and maintain Quality Control related documentations for RBM related activities to ensure data completeness and accuracy.
Perform central monitoring activities including review system outputs, propose suggestion for signal and action management, and follow up with study team for the action resolution.
Work with Clinical Data Scientist (CDS) to ensure all signal and actions are properly mitigated and RBM systems properly released.
Organizational relationships and interfaces:
Interact and collaborate with Clinical Data Scientist, CDS at study level for deliverables.
Interact and collaborate with other study team members at study level for deliverables.

Qualifications:Must-Have:

Bachelor's degree or above or equivalent experience in a scientific or business-related discipline required.
2-4 years working experience in the clinical development fields.
Working knowledge of clinical development process, understanding concepts of Phase I-IV and principles of study design.
Previous experience within a data management role, understanding key processes and principles associated with role including CRF design, database set-up, edit check specification, DMPs and data cleaning activities.
Knowledge of clinical trial database and its applications.
Works independently, receives instruction primarily on unusual situations.
Ability to organize tasks, time and priorities; ability to multi-task.
Ability to communicate effectively and appropriately with internal & external stakeholders, locally and globally.
Knowledge of Windows Environment and its applications (Word, Excel, PowerPoint, Project, etc.).
Technical expertise and business experience in supporting clinical trials database development, data management, site monitoring, etc.
Thorough understanding of the processes associated with clinical study management, data management, and regulatory operations.
Project management skills and technical capabilities as well as effective verbal and written communication skills in relating to colleagues and associates both inside and outside the organization.
Good understanding of the state-of-the-art technologies to evaluate and leverage them into improved business processes for worldwide deployment and adoption.Nice-to-Have:
Relevant pharmaceutical industry experience.
Experience in Oracle, PL/SQL, SAS, R/R-Shiny, Python, Java, relational database design and database programming skills.
Experience using data visualization tools.
Proficient experience using commercial clinical data management systems and/or EDC products.
Awareness of regulatory requirements and relevant data standards.
Knowledge of basic statistical principles and statistical methodology.
Routine problem-solving skills, developing the ability to solve complex problems using skills based on experience and extrapolation to new situations.

Pfizer is an equal opportunity employer and complies with all applicable equal employment opportunity legislation in each jurisdiction in which it operates.
 
To apply please visit our website www.pfizercareers.com and search job Central Monitor Data Analyst, Senior Associate- Risk Based Monitoring with id 4919205.",Mid-level,Full-time,"Thessaloniki, Greece",EL,2024-08-30,kariera.gr,166609,,"['http://data.europa.eu/esco/skill/04f1b938-d4d4-4cb1-a863-982af76b9d93', 'http://data.europa.eu/esco/skill/0b144726-21c2-46ed-8d13-c03d27f61604', 'http://data.europa.eu/esco/skill/0da516ee-e70e-4384-be13-f5ff80be8127', 'http://data.europa.eu/esco/skill/19a8293b-8e95-4de3-983f-77484079c389', 'http://data.europa.eu/esco/skill/1af2db15-2af9-44dd-9639-bf1fc69d4c34', 'http://data.europa.eu/esco/skill/23b45aa6-a479-486d-9e6f-062cbab7c68a', 'http://data.europa.eu/esco/skill/3ec2e4d6-7000-4905-bf1a-c5b1679416de', 'http://data.europa.eu/esco/skill/477173ca-5fc2-406b-9122-95d92811f284', 'http://data.europa.eu/esco/skill/65e58886-bd1e-4c5b-8ca5-8d9b353c8aa1', 'http://data.europa.eu/esco/skill/68ef0e4d-5542-4e64-84f4-752cce5a3c22', 'http://data.europa.eu/esco/skill/6c315001-d329-4930-9294-9cf2c7afb672', 'http://data.europa.eu/esco/skill/75b30aeb-34c0-40f4-b77d-271d75a98b14', 'http://data.europa.eu/esco/skill/adc6dc11-3376-467b-96c5-9b0a21edc869', 'http://data.europa.eu/esco/skill/afd49651-9119-4327-91fc-844a6dda1254', 'http://data.europa.eu/esco/skill/c69587b4-05d3-45bb-b79b-9b85e6603fc2', 'http://data.europa.eu/esco/skill/cc7370dd-69fa-4c67-a96f-d4d135d38700', 'http://data.europa.eu/esco/skill/ccd0a1d9-afda-43d9-b901-96344886e14d', 'http://data.europa.eu/esco/skill/cd5efa8c-e44d-4cbc-91c6-796018dbed68', 'http://data.europa.eu/esco/skill/d83cba15-8511-4d07-b89a-9fde0d1d8241', 'http://data.europa.eu/esco/skill/df5e3d02-9f0f-44ee-91c2-85c62f161868', 'http://data.europa.eu/esco/skill/e8db787b-d1a2-4000-b74a-e3db5436fef6']","['http://data.europa.eu/esco/occupation/234be692-befb-41df-bdf0-e1b2f4eaf5e7', 'http://data.europa.eu/esco/occupation/8cb59bc4-1f39-477e-beea-effed12d186c', 'http://data.europa.eu/esco/occupation/b11e1742-5e28-4270-b081-b0193d85ee7d', 'http://data.europa.eu/esco/occupation/bea99fea-0383-4c63-b944-70d4799de2c5', 'http://data.europa.eu/esco/occupation/d3edb8f8-3a06-47a0-8fb9-9b212c006aa2', 'http://data.europa.eu/esco/occupation/e297ec12-4712-40a4-ad98-ba004cacb205', 'http://data.europa.eu/esco/occupation/e2a495fb-68a3-46f9-8753-6ce566a7a085', 'http://data.europa.eu/esco/occupation/ef909843-97c6-4c48-8038-2e7aefdfcad5']"
2287,"Manager, Software Engineer back-end","Why Patients Need You
Technology impacts everything we do. Pfizer's digital and 'data first' strategy focuses on implementing impactful and innovative technology solutions across all functions from research to manufacturing. Whether you are digitizing drug discovery and development, identifying solutions, or making our work easier and faster, you will be making a difference to countless lives.
What You Will Achieve
You will help Pfizer build its information technology solutions. You will leverage your technical skills to design, develop and implement IT solutions which satisfy the short term or long terms needs of Pfizer. You will work on systems architecture, network systems and application infrastructure to deliver results.As a Manager, Software Developer you will play a pivotal role in designing, developing, and maintaining complex software applications. You will collaborate with cross-functional teams to deliver innovative solutions that meet business requirements and exceed user expectations. Your expertise and leadership will help guide the team towards best practices, high code quality, and continuous improvement. Your planning skills will help in preparing forecasts for resource requirements, as well as providing areas of improvement for products, processes or services. You will be able to take a leadership role to facilitate agreements between different teams.It is your hard work and dedication that will help in making Pfizer ready to achieve new milestones and help patients across the globe.




How You Will Achieve It

Design, develop, and maintain high-quality back-end software applications using modern technologies and frameworks. Iimprove existing software solutions with a strong sense of accountability and attention to quality.
Provide guidance to team members, lead/co-lead projects, manage own time to meet objectives and plan resource requirements for projects across the division.
Lead the technical design and architecture discussions, ensuring scalable and maintainable solutions.
Collaborate with product managers, designers, and other stakeholders to gather requirements and translate them into technical specifications.
Ensure proper Systems Development Lifecycle Management Regulatory Compliance.
Deliver fully automation regression testing of major solutions for reduced testing time.
Conduct code reviews to ensure adherence to coding standards, best practices, and overall code quality.
Stay current with emerging technologies and industry trends, incorporating them into the development process as appropriate.
Participate in agile development processes, including sprint planning, stand-ups, and retrospectives.
Strong experience in development in two or more back-end technologies and frameworks (Java - spring, Python, JavaScript - node.js)
Troubleshoot and resolve complex technical issues, ensuring optimal performance and user experience.
Flexibility to learn new technologies and adapt to changing project requirements.
Experience with version control systems like Git.
Mentor and guide junior developers, fostering a culture of continuous learning and improvement.





Qualifications

Bachelor's Degree is required.
5+ years of experience in software development, with a strong focus on back-end technologies like Java, Python, JavaScript, etc).
Strong understanding of software development principles, design patterns, and best practices.
Experience with cloud platforms such as AWS, Azure, or Google Cloud.
Excellent problem-solving skills and the ability to think critically and creatively.
Strong communication skills, with the ability to effectively convey technical concepts to both technical and non-technical stakeholders.
Demonstrated ability to lead and mentor a team of developers.
Experience with version control systems, such as Git.
Familiarity with DevOps practices and CI/CD pipelines is a plus.
Excellent communication skills
Front-end technologies & frameworks exposure (Javascript, Angular, React etc).
Database skills.
Performance tuning and scalability.
API design & development.

Pfizer is an equal opportunity employer and complies with all applicable equal employment opportunity legislation in each jurisdiction in which it operates.
To apply please visit our website www.pfizercareers.com and search job Manager, Software Engineer back-end id 4915357.",Senior,Full-time,"Thessaloniki, Greece",EL,2024-08-30,kariera.gr,166344,,"['http://data.europa.eu/esco/skill/0550431f-9c8b-4204-9c45-59bc5feacf06', 'http://data.europa.eu/esco/skill/09f2f811-a3fb-4de3-a70f-6420a6935575', 'http://data.europa.eu/esco/skill/14832d87-2f2f-4895-b290-e4760ebae42a', 'http://data.europa.eu/esco/skill/1ffac4ac-fda7-407d-8ed1-ca8f4a8dc146', 'http://data.europa.eu/esco/skill/2b7a79e5-84d8-4880-be66-3d9bb05bea17', 'http://data.europa.eu/esco/skill/5fd64399-aff4-459e-8d78-510acf1abba1', 'http://data.europa.eu/esco/skill/75d8e5d9-bef3-418b-9011-01bff9f27207', 'http://data.europa.eu/esco/skill/7c05199f-7b03-4a4a-afee-7c9dfcf9066a', 'http://data.europa.eu/esco/skill/7fc4c18a-68f3-425a-aadf-f83633be47a1', 'http://data.europa.eu/esco/skill/9d2e926f-53d9-41f5-98f3-19dfaa687f3f', 'http://data.europa.eu/esco/skill/a8797f21-1af0-4c5e-98ca-bf1442929363', 'http://data.europa.eu/esco/skill/b0096dc5-2e2d-4bc1-8172-05bf486c3968', 'http://data.europa.eu/esco/skill/ccd0a1d9-afda-43d9-b901-96344886e14d', 'http://data.europa.eu/esco/skill/d52382fe-f236-421f-95fe-34fe69d48dbd', 'http://data.europa.eu/esco/skill/d9e5349e-8791-49c2-8ba4-839fdd1606c2', 'http://data.europa.eu/esco/skill/dba46f87-0831-49cd-a1c7-340a653c0221', 'http://data.europa.eu/esco/skill/f0de4973-0a70-4644-8fd4-3a97080476f4']","['http://data.europa.eu/esco/occupation/070e94a8-a933-4557-9b95-fefe7f4f1763', 'http://data.europa.eu/esco/occupation/3fa9a480-ceb3-4c2a-8a91-0508e1bb6ba5', 'http://data.europa.eu/esco/occupation/53cdd34e-22f2-41bd-b3c7-de22bf9bbcae', 'http://data.europa.eu/esco/occupation/8cb59bc4-1f39-477e-beea-effed12d186c', 'http://data.europa.eu/esco/occupation/ab7bccb2-6f81-4a3d-a0c0-fca5d47d2775', 'http://data.europa.eu/esco/occupation/cc867bee-ab5c-427f-9244-f7a204d9574b', 'http://data.europa.eu/esco/occupation/f2b15a0e-e65a-438a-affb-29b9d50b77d1', 'http://data.europa.eu/esco/occupation/faed411a-f920-4100-86a8-b877928b429c']"
2329,"Manager, Back-End Application Development","ROLE SUMMARYAt Pfizer we make medicines and vaccines that change patients' lives with a global reach of over 780 million patients.Pfizer Digital is the organization charged with winning the digital race in the pharmaceutical industry. We apply our expertise in technology, innovation and our business to support Pfizer in this mission.The Biopharma, Patient & CDI (C4) team builds and maintains the platforms and capabilities that enable Pfizer Business Units to connect digitally with our external customers and effectively engage and collaborate across teams internally.  This includes all digital (web, mobile, omni-channel, & devices) products, platforms, services, and experiences in service of patients, HCPs, payors, pharmacists, or clinical sites. We build advanced cloud-based technology solutions at a global scale that positively impact Pfizer business performance.Patient and Marketplace Corp. Affairs: Within C4, the Patient and Marketplace Corp. Affairs team is accountable for delivering patient-facing digital companions and external marketplace solutions to increase customer value and simplify specialty pharma services to ensure patients can acquire Pfizer breakthroughs.​The U.S. Channels and Global Web Experience team directly owns and operates Pfizer.com, the operation of our primary U.S. corporate social channels, and the look and feel of our regional corporate sites around the world, consulting and supporting objectives from various stakeholders across the entire company, as well as directly setting objectives and delivering on them.The Back-End Application Development Manager leads the designing, developing, and implementing of moderately complex cutting-edge solutions for Pfizer's digital marketing initiatives (specifically, maintaining and expanding upon the code that powers our global corporate websites). The Back-End Application Developer plays a crucial role in Pfizer's pursuit of breakthroughs by pushing the boundaries of digital experiences and creating captivating solutions that drive patient engagement, knowledge sharing, and commercial success.




ROLE RESPONSIBILITIESSubject Matter Expertise - General

Design and develop digital solutions utilizing the latest development tools, frameworks, and platforms to build cutting-edge solutions that deliver exceptional user experiences.
Implement source code management best practices to maintain high standards of code quality, integrity and consistency.
Applies knowledge of internal/external business challenges to provide input into recommendations for improvements to products, processes or services
Define and Implement best practices in usability, accessibility, and user interface design to ensure seamless and intuitive customer interactions within digital solutions.
Conduct and document thorough testing and debugging of digital solutions to identify and resolve any technical issues or performance bottlenecks.
Integrate digital solutions with other digital marketing technologies and platforms, such as content management systems, analytics, and personalization engines.
Ensure compliance with relevant regulations, security protocols, and industry best practices related to application development and deployment.
Act as primary back-end application developer for Pfizer.com (and functionality shared with our regional sites), performing all tasks necessary from bug fixing and tier 1 support up to advanced, emergency problem-solving and new, complex enhancement requests, in coordination with the Technical lead, Platform team and other relevant parties.
Provide direction to and integration contributions from other back-end developers, both from within the team and from agency/vendor partners.

Strategic Leadership & Delivery

Participate in the ideation and prototyping of digital solutions, collaborating with cross-functional teams to explore new and optimized ways of solution development. Take appropriate risks to advance new concepts and methodologies that are moderately complex.
Make decisions that may require developing new options to resolve moderately complex problems.





BASIC QUALIFICATIONS

Bsc degree with at least 5 years of experience OR Masters with at least 3 year of experience, in Computer Science, Software Engineering, or a related technical field.
Experience as an individual contributor/practitioner.
Application development, with comprehensive knowledge and proven experience in Drupal/PHP/MySQL stack development technologies, platforms, and frameworks.
Experience with microservices architecture, RESTful API integrations and containerization technologies like Docker.
Knowledge of AWS services like Fargate, S3, Aurora, EFS, CloudFront and demonstrated understanding of cloud application architectures.
Familiarity with agile methodologies (Scrum, Kanban), continuous integration, continuous deployment (CI/CD) processes and JIRA/Confluence.
Experience in Python/Scripting.
Solid understanding and awareness of security topics like DDOS Attacks, SQL Injections, Content Security Policies, Cross Site Scripting, Cross Origin Requests.
Solid understanding and awareness of Drupal's security concepts like Users, Roles, Permissions, Anonymous user access levels.
Excellent problem-solving and troubleshooting skills, with the ability to debug and optimize complex applications.
Ability to work collaboratively in a cross-functional team environment and communicate technical concepts effectively to both technical and non-technical audiences.
Passion for exploring emerging technologies and driving innovation.
Strong attention to detail and commitment to delivering high-quality, engaging, and user-friendly experiences.
Familiarity with agile development methodologies and project management practices.

PREFERRED QUALIFICATIONS

Advanced degree or relevant certifications.
Experience with Microsoft Technology Stack, including .NET framework & SharePoint, and demonstrated understanding of cloud application architectures.
Experience in performance monitoring tools like Kibana/New Relic/Wormly/Lighthouse/Xhprof/Blazemeter is a plus.
Familiarity with front end modern application frameworks and tools such as node.js, Angular.js, Ionic, Apple Swift, kotlin, Vue.js. and / or back end frameworks and tools such as Java, Laravel, Drupal, Python, PHP.

Pfizer is an equal opportunity employer and complies with all applicable equal employment opportunity legislation in each jurisdiction in which it operates.
To apply please visit our website www.pfizercareers.com and search job Manager, Back-End Application Development id 4918500.",Senior,Full-time,"Thessaloniki, Greece",EL,2024-08-29,kariera.gr,166277,,"['http://data.europa.eu/esco/skill/11430d93-c835-48ed-8e70-285fa69c9ae6', 'http://data.europa.eu/esco/skill/14832d87-2f2f-4895-b290-e4760ebae42a', 'http://data.europa.eu/esco/skill/1605025e-a179-421f-8f35-5b07d182a6b2', 'http://data.europa.eu/esco/skill/19a8293b-8e95-4de3-983f-77484079c389', 'http://data.europa.eu/esco/skill/1a4cc54f-1e53-442b-a6d2-1682dc8ef8f9', 'http://data.europa.eu/esco/skill/1de3942b-99d8-41e8-9ef0-fbc9e9f6307b', 'http://data.europa.eu/esco/skill/1ffac4ac-fda7-407d-8ed1-ca8f4a8dc146', 'http://data.europa.eu/esco/skill/2fb8480e-de3c-462b-b169-e8bbb344da68', 'http://data.europa.eu/esco/skill/4350c38d-0fe9-4ca7-bab9-40ed7f72b04f', 'http://data.europa.eu/esco/skill/4cb51222-3e2e-417c-9a5c-e9ccf262721d', 'http://data.europa.eu/esco/skill/51e79cb4-fab3-404c-88f3-cd4a1bd5879e', 'http://data.europa.eu/esco/skill/56a10e3e-c9e7-4d39-b6f1-6013398fcb3a', 'http://data.europa.eu/esco/skill/5b26f08b-88bc-45f0-b901-530d7786466b', 'http://data.europa.eu/esco/skill/7e5147d1-60b1-4a68-804b-1f5cb0396b91', 'http://data.europa.eu/esco/skill/8ff015a0-98ea-4d80-a23e-1f68110a919e', 'http://data.europa.eu/esco/skill/9531fe02-1e1f-4a36-95f7-a76a77cd4b8d', 'http://data.europa.eu/esco/skill/96eb286a-58b7-45ff-a916-5578d0b79b8c', 'http://data.europa.eu/esco/skill/be64bb4c-84ac-4c83-8cc7-fc8593e15136', 'http://data.europa.eu/esco/skill/be80acfc-b6f2-4411-9b8d-b19d9cd2556a', 'http://data.europa.eu/esco/skill/c624c6a3-b0ba-4a31-a296-0d433fe47e41', 'http://data.europa.eu/esco/skill/ccd0a1d9-afda-43d9-b901-96344886e14d', 'http://data.europa.eu/esco/skill/cd5efa8c-e44d-4cbc-91c6-796018dbed68', 'http://data.europa.eu/esco/skill/d8567009-7c6f-43fb-82fb-7154ed8ebca9', 'http://data.europa.eu/esco/skill/dba46f87-0831-49cd-a1c7-340a653c0221']","['http://data.europa.eu/esco/occupation/070e94a8-a933-4557-9b95-fefe7f4f1763', 'http://data.europa.eu/esco/occupation/0ddbf393-38f1-4c22-b14c-fe775008f321', 'http://data.europa.eu/esco/occupation/196a4c75-9591-436f-9677-67252df34c22', 'http://data.europa.eu/esco/occupation/2ed56c3f-61d6-4f7e-9ef8-8849eb102e4c', 'http://data.europa.eu/esco/occupation/2fb96c6c-8d0b-4ef0-b1ee-3e493305e4eb', 'http://data.europa.eu/esco/occupation/50af07f0-7a75-424e-a66d-5a9deea10f4c', 'http://data.europa.eu/esco/occupation/53cdd34e-22f2-41bd-b3c7-de22bf9bbcae', 'http://data.europa.eu/esco/occupation/57af9090-55b4-4911-b2d0-86db01c00b02', 'http://data.europa.eu/esco/occupation/7c132147-428b-4ea3-87e1-70f7abb691ce', 'http://data.europa.eu/esco/occupation/9e285322-2cfa-430f-9b66-41be57d698e2', 'http://data.europa.eu/esco/occupation/a74f6c51-37e5-423e-aa5b-044e98663027', 'http://data.europa.eu/esco/occupation/bea99fea-0383-4c63-b944-70d4799de2c5', 'http://data.europa.eu/esco/occupation/dc97adbe-f807-4ad8-8f3c-c24b3416cdef', 'http://data.europa.eu/esco/isco/C11']"
2333,Software Engineers (S/W Engineers / SE-2),"The company is active in the development and implementation of complex integrated information systems, BI (Business Intelligence) applications, online & mobile applications as well as in the development of B2B and B2C solutions.
As part of its growth, the company wishes to work with young software engineers for the Software Development department. A salary package commensurate with qualifications and productivity and an excellent working environment are offered.
Detailed information about the Company at www.twinnet.gr 
Software Engineers (S/W Engineers / SE-2): 
With a university degree in computer science and/or a relevant post-graduate degree, and very good knowledge (1-5 years) in the design and development of Software applications (full-stack development) and Databases. Very good knowledge of English (B2/C1/C2) is also important.
Indicative and not limiting, we are interested in the following thematic areas:
Database Systems:
MySQL, Microsoft SQL Server, Oracle RDBMS
Development Environments:
PHP/Laravel, JavaScript, Java
Internet Development:
HTML/CSS, PHP/MySQL, JavaScript, Java
Mobile Applications:
Flutter, Apache Cordova
Resumes can be sent to the email address info@twinnet.gr",Mid-level,Full-time,"Agia Paraskevi, Greece",EL,2024-08-29,kariera.gr,166267,,"['http://data.europa.eu/esco/skill/143769cb-b61e-47d8-a61e-eedfbec1016c', 'http://data.europa.eu/esco/skill/19a8293b-8e95-4de3-983f-77484079c389', 'http://data.europa.eu/esco/skill/43ae58b9-5e56-4524-b45a-b422777a0576', 'http://data.europa.eu/esco/skill/7369f779-4b71-4aab-8836-48b69c676eec', 'http://data.europa.eu/esco/skill/b8c01891-e3df-4a4b-948d-95b45e1788f5', 'http://data.europa.eu/esco/skill/c062bab3-3ea0-4291-9220-a2d8fef4bead', 'http://data.europa.eu/esco/skill/db9463b7-5c24-46d2-8419-002e03bae1dc', 'http://data.europa.eu/esco/skill/de9f85ba-e77f-48fd-8c66-f5ebaf32d655']","['http://data.europa.eu/esco/occupation/2ed56c3f-61d6-4f7e-9ef8-8849eb102e4c', 'http://data.europa.eu/esco/occupation/3d190639-90f8-4402-b1b3-a104a17e0d67', 'http://data.europa.eu/esco/isco/C2512']"
2588,"Senior Associate, Back-End Application Development","At Pfizer we make medicines and vaccines that change patients' lives with a global reach of over 780 million patients.Pfizer Digital is the organization charged with winning the digital race in the pharmaceutical industry. We apply our expertise in technology, innovation and our business to support Pfizer in this mission.The Biopharma, Patient & CDI (C4) team builds and maintains the platforms and capabilities that enable Pfizer Business Units to connect digitally with our external customers and effectively engage and collaborate across teams internally.  This includes all digital (web, mobile, omni-channel, & devices) products, platforms, services, and experiences in service of patients, HCPs, payors, pharmacists, or clinical sites. We build advanced cloud-based technology solutions at a global scale that positively impact Pfizer business performance.Patient and Marketplace Corp. Affairs: Within C4, the Patient and Marketplace Corp. Affairs team is accountable for delivering patient-facing digital companions and external marketplace solutions to increase customer value and simplify specialty pharma services to ensure patients can acquire Pfizer breakthroughs.​The U.S. Channels and Global Web Experience team directly owns and operates Pfizer.com, the operation of our primary U.S. corporate social channels, and the look and feel of our regional corporate sites around the world, consulting and supporting objectives from various stakeholders across the entire company, as well as directly setting objectives and delivering on them.The Back-End Application Development Sr. Associate contributes to developing and implementing moderately complex cutting-edge solutions for Pfizer's digital marketing initiatives (specifically, maintaining and expanding upon the code that powers our global corporate websites). The Back-End Application Developer plays a crucial role in Pfizer's pursuit of breakthroughs by pushing the boundaries of digital experiences and creating captivating solutions that drive patient engagement, knowledge sharing, and commercial success.




ROLE RESPONSIBILITIESSubject Matter Expertise - General

Develop digital solutions utilizing the latest development tools, frameworks, and platforms to build cutting-edge solutions that deliver exceptional user experiences.
Implement source code management best practices to maintain high standards of code quality, integrity and consistency.
Implement best practices in usability, accessibility, and user interface design to ensure seamless and intuitive customer interactions within digital solutions.
Conduct and document thorough testing, and debugging of digital solutions to identify and resolve any technical issues or performance bottlenecks.
Ensure compliance with relevant regulations, security protocols, and industry best practices related to application development and deployment.
Serve as a back-end application developer for Pfizer.com (and functionality shared with our regional sites), performing all tasks necessary from bug fixing and tier 1 support up to advanced, emergency problem-solving and new, complex enhancement requests, in coordination with the Back-end lead, Technical lead, Platform team and other relevant parties.

Strategic Leadership & Delivery

Participate in the ideation and prototyping of digital solutions, collaborating with cross-functional teams to explore new and optimized ways of solution development. Explore and apply new ideas and knowledge in solutioning.
Make decisions to resolve moderately complex problems.

Cross- Team Collaboration

Collaborate with the Delivery Lead, Service Owners, and stakeholders to understand requirements and translate them into digital solutions.
Participate in design reviews and solution evaluations to ensure alignment with Pfizer's design strategies and standards.

Coaching and Mentorship

Stay up-to-date with technologies, trends, and best practices in the field of application development, and contribute to the continuous improvement of Pfizer application development practices.
Participate in the development of standards, processes, and procedures.





BASIC QUALIFICATIONS

Bachelor's degree required, preferably in Computer Science, Software Engineering, or a related technical field.
3+ years or relevant working experience.
Experience as an individual contributor/practitioner.
Application development, with strong knowledge and proven experience in Drupal/PHP/MySQL stack development technologies, platforms, and frameworks.
Experience in Python/Scripting.
Familiarity with agile methodologies (Scrum, Kanban), continuous integration, continuous deployment (CI/CD) processes and JIRA/Confluence.
Excellent problem-solving and troubleshooting skills, with the ability to debug and optimize simple/medium complexity applications.
Ability to work collaboratively in a cross-functional team environment and communicate technical concepts effectively to both technical and non-technical audiences.
Passion for exploring emerging technologies and driving innovation..
Strong attention to detail and commitment to delivering high-quality, engaging, and user-friendly experiences.
Ability to solve problems creatively and effectively.
Familiarity with agile development methodologies and project management practices.

PREFERRED QUALIFICATIONS

Advanced degree or relevant certifications.
Experience with Microsoft Technology Stack, including .NET framework & SharePoint, and demonstrated understanding of cloud application architectures.
Experience with microservices architecture, RESTful API integrations and containerization technologies like Docker.
Knowledge of AWS services like Fargate, S3, Aurora, EFS, Cloud.
Understanding and awareness of security topics like DDOS Attacks, SQL Injections.
Understanding and awareness of Drupal's security concepts like Users, Roles, Permissions, Anonymous user access levels.
Familiarity with front end modern application frameworks and tools such as node.js, Angular.js, Ionic, Apple Swift, kotlin, Vue.js. and / or back end frameworks and tools such as Java, Laravel, Drupal, Python, PHP.

TRAVEL OR ENVIRONMENT REQUIREMENTS

Candidate will be expected to travel globally to Pfizer locations as needed.

Pfizer is an equal opportunity employer and complies with all applicable equal employment opportunity legislation in each jurisdiction in which it operates.
To apply please visit our website www.pfizercareers.com and search job Senior Associate, Back-End Application Development with id 4918499.",Senior,Full-time,"Thessaloniki, Greece",EL,2024-08-29,kariera.gr,165984,,"['http://data.europa.eu/esco/skill/11430d93-c835-48ed-8e70-285fa69c9ae6', 'http://data.europa.eu/esco/skill/14832d87-2f2f-4895-b290-e4760ebae42a', 'http://data.europa.eu/esco/skill/19a8293b-8e95-4de3-983f-77484079c389', 'http://data.europa.eu/esco/skill/1de3942b-99d8-41e8-9ef0-fbc9e9f6307b', 'http://data.europa.eu/esco/skill/1ffac4ac-fda7-407d-8ed1-ca8f4a8dc146', 'http://data.europa.eu/esco/skill/2fb8480e-de3c-462b-b169-e8bbb344da68', 'http://data.europa.eu/esco/skill/4350c38d-0fe9-4ca7-bab9-40ed7f72b04f', 'http://data.europa.eu/esco/skill/4cb51222-3e2e-417c-9a5c-e9ccf262721d', 'http://data.europa.eu/esco/skill/51e79cb4-fab3-404c-88f3-cd4a1bd5879e', 'http://data.europa.eu/esco/skill/7dfbe0f3-076f-4a19-9eaa-db4d6db704b6', 'http://data.europa.eu/esco/skill/7e5147d1-60b1-4a68-804b-1f5cb0396b91', 'http://data.europa.eu/esco/skill/8ff015a0-98ea-4d80-a23e-1f68110a919e', 'http://data.europa.eu/esco/skill/9531fe02-1e1f-4a36-95f7-a76a77cd4b8d', 'http://data.europa.eu/esco/skill/96eb286a-58b7-45ff-a916-5578d0b79b8c', 'http://data.europa.eu/esco/skill/a8797f21-1af0-4c5e-98ca-bf1442929363', 'http://data.europa.eu/esco/skill/be64bb4c-84ac-4c83-8cc7-fc8593e15136', 'http://data.europa.eu/esco/skill/be80acfc-b6f2-4411-9b8d-b19d9cd2556a', 'http://data.europa.eu/esco/skill/c624c6a3-b0ba-4a31-a296-0d433fe47e41', 'http://data.europa.eu/esco/skill/c6c1af60-9594-460c-a328-00f9ad292be0', 'http://data.europa.eu/esco/skill/ccd0a1d9-afda-43d9-b901-96344886e14d', 'http://data.europa.eu/esco/skill/cd5efa8c-e44d-4cbc-91c6-796018dbed68', 'http://data.europa.eu/esco/skill/d8567009-7c6f-43fb-82fb-7154ed8ebca9', 'http://data.europa.eu/esco/skill/dba46f87-0831-49cd-a1c7-340a653c0221', 'http://data.europa.eu/esco/skill/f08e2bd6-0366-4948-a670-1f03f130126f']","['http://data.europa.eu/esco/occupation/0ddbf393-38f1-4c22-b14c-fe775008f321', 'http://data.europa.eu/esco/occupation/196a4c75-9591-436f-9677-67252df34c22', 'http://data.europa.eu/esco/occupation/2ed56c3f-61d6-4f7e-9ef8-8849eb102e4c', 'http://data.europa.eu/esco/occupation/2fb96c6c-8d0b-4ef0-b1ee-3e493305e4eb', 'http://data.europa.eu/esco/occupation/50af07f0-7a75-424e-a66d-5a9deea10f4c', 'http://data.europa.eu/esco/occupation/57af9090-55b4-4911-b2d0-86db01c00b02', 'http://data.europa.eu/esco/occupation/7c132147-428b-4ea3-87e1-70f7abb691ce', 'http://data.europa.eu/esco/occupation/9e285322-2cfa-430f-9b66-41be57d698e2', 'http://data.europa.eu/esco/occupation/bea99fea-0383-4c63-b944-70d4799de2c5', 'http://data.europa.eu/esco/isco/C11']"
2600,"ENGINEERS (HEI/TEI), ELECTRICAL TECHNICIANS & IT GRADUATES","The company ""Hellenic Dairies"" is interested in hiring for the facilities in Trikala and Larissa:

Higher Education Engineers (HEI/ATEI) Electricians, Mechanical Engineers, Chemists, Production & Management, Electronics, Automation Engineers and,
Electricians & Practical Engineers, for the staffing of the Technical department and the Production departments.
Graduates of Informatics Schools for the staffing of the Group's IT department.

Position Description:
The main responsibilities concern the support of each team. These include the control and supervision of systems operation, solving basic problems and meeting needs.
Additionally for IT Graduates:

User support (Helpdesk support).
Solving hardware and software problems on workstations & servers.
Support and maintenance of internal applications and systems.
Develop and maintain code to automate tasks or improve processes.
Installation, configuration and maintenance of computer systems, applications and devices.

Necessary qualifications:

AEI-TEI degree (or foreign equivalent) in the relevant field
Planning and task organization skills
Ability to work effectively in a pressure environment

Additionally for IT Graduates:

Degree in Computer Science or related field.
Basic knowledge about servers, virtualization & networking.
Knowledge of at least one programming language (eg Python, Java).
Familiarity with Windows/Windows Server operating systems.
Excellent knowledge of Greek & English (written and spoken).

Desired qualifications:

Work experience in a similar position
Good knowledge of English and PC (MS Office)

Additionally for IT Graduates:

Previous experience in a similar position.
Experience in SAP ERP (or other ERP).
Active Directory & Microsoft 365 management experience.
IT certifications.

The company offers:

Excellent working climate
Salary package commensurate with qualifications
Continuous development of organizational structures
Special staff training - training - guidance program
Experience in a dynamically growing multinational company.

Attach your CV to the link: https://jobs.hellenicdairies.com/cvform/create
MANDATORY LISTING OF ADVERTISEMENT CODE 200824/7",No experience / No degree,Full-time,"Makrychori, Greece",EL,2024-08-29,kariera.gr,165951,,"['http://data.europa.eu/esco/skill/435d1751-8667-41ec-8b32-865b7cd3c684', 'http://data.europa.eu/esco/skill/6c153605-d62c-4970-81a9-49646ab32032', 'http://data.europa.eu/esco/skill/75b30aeb-34c0-40f4-b77d-271d75a98b14', 'http://data.europa.eu/esco/skill/c77db25e-bb51-4a10-b2ad-99b48b1b4a37', 'http://data.europa.eu/esco/skill/ea4ebfa1-e17a-4416-ac54-955f33e6ade7', 'http://data.europa.eu/esco/skill/f8e3425c-fe44-4ffb-bafe-0e20d91dadf4']","['http://data.europa.eu/esco/occupation/00030d09-2b3a-4efd-87cc-c4ea39d27c34', 'http://data.europa.eu/esco/occupation/0d93706d-32fd-4de3-aa08-be1003e325da', 'http://data.europa.eu/esco/occupation/4d34a9ee-2653-4da0-bef7-f59294577224', 'http://data.europa.eu/esco/occupation/579254cf-6d69-4889-9000-9c79dc568644', 'http://data.europa.eu/esco/occupation/5df63943-f1bc-4438-90f1-92768a7a23c8', 'http://data.europa.eu/esco/occupation/a241eff8-309b-43ae-8890-ac4cfbd3067c', 'http://data.europa.eu/esco/occupation/bb609566-3ab6-44dd-8f48-cf0b15b96827', 'http://data.europa.eu/esco/occupation/eb9479c6-5fdf-4f45-ace4-28b547b8c7e5', 'http://data.europa.eu/esco/isco/C214', 'http://data.europa.eu/esco/isco/C2424', 'http://data.europa.eu/esco/occupation/9a26d76b-b9e3-46ae-ab4b-057a1262138b']"
2606,"Manager, Front-End Application Development","ROLE SUMMARYAt Pfizer we make medicines and vaccines that change patients' lives with a global reach of over 780 million patients.Pfizer Digital is the organization charged with winning the digital race in the pharmaceutical industry. We apply our expertise in technology, innovation and our business to support Pfizer in this mission.The Biopharma, Patient & CDI (C4) team builds and maintains the platforms and capabilities that enable Pfizer Business Units to connect digitally with our external customers and effectively engage and collaborate across teams internally.  This includes all digital (web, mobile, omni-channel, & devices) products, platforms, services, and experiences in service of patients, HCPs, payors, pharmacists, or clinical sites. We build advanced cloud-based technology solutions at a global scale that positively impact Pfizer business performance.Patient and Marketplace Corp. Affairs: Within C4, the Patient and Marketplace Corp. Affairs team is accountable for delivering patient-facing digital companions and external marketplace solutions to increase customer value and simplify specialty pharma services to ensure patients can acquire Pfizer breakthroughs.​The U.S. Channels and Global Web Experience team directly owns and operates Pfizer.com, the operation of our primary U.S. corporate social channels, and the look and feel of our regional corporate sites around the world, consulting and supporting objectives from various stakeholders across the entire company, as well as directly setting objectives and delivering on them.The Front-End Application Development Manager leads the designing, developing, and implementing of moderately complex cutting-edge solutions for Pfizer's digital marketing initiatives (specifically, the user interface used by Pfizer.com and our regional corporate websites). The Front-End Application Developer plays a crucial role in Pfizer's pursuit of breakthroughs by pushing the boundaries of digital experiences and creating captivating solutions that drive patient engagement, knowledge sharing, and commercial success.
ROLE RESPONSIBILITIESSubject Matter Expertise - General

Design and develop digital solutions utilizing the latest development tools, frameworks, and platforms to build cutting-edge solutions that deliver exceptional user experiences.
Implement source code management best practices to maintain high standards of code quality, integrity and consistency.
Applies knowledge of internal/external business challenges to provide input into recommendations for improvements to products, processes or services
Define and Implement best practices in usability, accessibility, and user interface design to ensure seamless and intuitive customer interactions within digital solutions.
Conduct and document thorough testing and debugging of digital solutions to identify and resolve any technical issues or performance bottlenecks.
Integrate digital solutions with other digital marketing technologies and platforms, such as content management systems, analytics, and personalization engines.
Ensure compliance with relevant regulations, security protocols, and industry best practices related to application development and deployment.
Act as primary front-end application developer for Pfizer.com (and functionality shared with our regional sites), performing all tasks necessary from bug fixing and tier 1 support up to advanced, emergency problem-solving and new, complex enhancement requests, in coordination with the Technical lead, Platform team and other relevant parties.
Provide direction to and integrate contributions from other front-end developers, both from within the team and from agency/vendor partners.

Strategic Leadership & Delivery

Participate in the ideation and prototyping of digital solutions, collaborating with cross-functional teams to explore new and optimized ways of solution development. Take appropriate risks to advance new concepts and methodologies that are moderately complex.
Make decisions that may require developing new options to resolve moderately complex problems.

BASIC QUALIFICATIONS

BSc degree with at least 5 years of experience or Masters with at least 3 year of experience, in Computer Science, Software Engineering, or a related technical field.
Experience as an individual contributor/practitioner.
Expertise in graphics creation and editing tools, including Adobe Creative Suite, Figma, etc. (both for direct creation and for manipulating and extracting from source materials provided by partners).
Application development, with comprehensive knowledge and proven experience in implementing and integrating CMS tools with modern frontend technologies (e.g., HTML5, CSS3, ES6). Experience with a popular JavaScript framework like React, Next, Vue, Angular is a plus.
Proficient in modern frontend technologies (e.g., HTML5, CSS3, ES6) and a popular JavaScript framework like React, Next, Vue, Angular.
Experience in Front-End Web/REST API design, deployment and integration
Experience with performance tools like Lighthouse, PageSpeed, Calibre and performance optimization techniques.
Familiarity with agile methodologies (Scrum, Kanban), continuous integration, continuous deployment (CI/CD) processes and JIRA/Confluence.
Excellent problem-solving and troubleshooting skills, with the ability to debug and optimize complex applications.
Ability to work collaboratively in a cross-functional team environment and communicate technical concepts effectively to both technical and non-technical audiences.

PREFERRED QUALIFICATIONS

Advanced degree or relevant certifications.
Experience maintaining and executing brand standards and design systems to the pixel, aiming for rigorous excellence and attention to detail to maintain a consistent visual experience.
Experience with Microsoft Technology Stack, including .NET framework & SharePoint, and demonstrated understanding of cloud application architectures.
Familiarity with front end modern application frameworks and tools such as node.js, Angular.js, Ionic, Apple Swift, kotlin, Vue.js. and / or back end frameworks and tools such as Java, Laravel, Drupal, Python, PHP.

TRAVEL OR ENVIRONMENT REQUIREMENTS

Candidate will be expected to travel globally to Pfizer locations as needed

Pfizer is an equal opportunity employer and complies with all applicable equal employment opportunity legislation in each jurisdiction in which it operates.
To apply please visit our website www.pfizercareers.com and search job Manager, Front-End Application Development id 4918498.",Senior,Full-time,"Thessaloniki, Greece",EL,2024-08-29,kariera.gr,165960,,"['http://data.europa.eu/esco/skill/11430d93-c835-48ed-8e70-285fa69c9ae6', 'http://data.europa.eu/esco/skill/14832d87-2f2f-4895-b290-e4760ebae42a', 'http://data.europa.eu/esco/skill/1605025e-a179-421f-8f35-5b07d182a6b2', 'http://data.europa.eu/esco/skill/19a8293b-8e95-4de3-983f-77484079c389', 'http://data.europa.eu/esco/skill/1a4cc54f-1e53-442b-a6d2-1682dc8ef8f9', 'http://data.europa.eu/esco/skill/1de3942b-99d8-41e8-9ef0-fbc9e9f6307b', 'http://data.europa.eu/esco/skill/1ffac4ac-fda7-407d-8ed1-ca8f4a8dc146', 'http://data.europa.eu/esco/skill/2fb8480e-de3c-462b-b169-e8bbb344da68', 'http://data.europa.eu/esco/skill/4350c38d-0fe9-4ca7-bab9-40ed7f72b04f', 'http://data.europa.eu/esco/skill/4cb51222-3e2e-417c-9a5c-e9ccf262721d', 'http://data.europa.eu/esco/skill/51e79cb4-fab3-404c-88f3-cd4a1bd5879e', 'http://data.europa.eu/esco/skill/56a10e3e-c9e7-4d39-b6f1-6013398fcb3a', 'http://data.europa.eu/esco/skill/5b26f08b-88bc-45f0-b901-530d7786466b', 'http://data.europa.eu/esco/skill/719d8699-a221-4b5a-8fc3-68a8645cbe03', 'http://data.europa.eu/esco/skill/7e5147d1-60b1-4a68-804b-1f5cb0396b91', 'http://data.europa.eu/esco/skill/8ff015a0-98ea-4d80-a23e-1f68110a919e', 'http://data.europa.eu/esco/skill/9531fe02-1e1f-4a36-95f7-a76a77cd4b8d', 'http://data.europa.eu/esco/skill/96eb286a-58b7-45ff-a916-5578d0b79b8c', 'http://data.europa.eu/esco/skill/be64bb4c-84ac-4c83-8cc7-fc8593e15136', 'http://data.europa.eu/esco/skill/be80acfc-b6f2-4411-9b8d-b19d9cd2556a', 'http://data.europa.eu/esco/skill/c4b1f326-224a-420a-b8b3-814a8f13b6cb', 'http://data.europa.eu/esco/skill/c624c6a3-b0ba-4a31-a296-0d433fe47e41', 'http://data.europa.eu/esco/skill/ccd0a1d9-afda-43d9-b901-96344886e14d', 'http://data.europa.eu/esco/skill/d8567009-7c6f-43fb-82fb-7154ed8ebca9', 'http://data.europa.eu/esco/skill/f058bf62-70d1-4f5e-be2a-8b26fac24a96']","['http://data.europa.eu/esco/occupation/070e94a8-a933-4557-9b95-fefe7f4f1763', 'http://data.europa.eu/esco/occupation/0ddbf393-38f1-4c22-b14c-fe775008f321', 'http://data.europa.eu/esco/occupation/196a4c75-9591-436f-9677-67252df34c22', 'http://data.europa.eu/esco/occupation/2ed56c3f-61d6-4f7e-9ef8-8849eb102e4c', 'http://data.europa.eu/esco/occupation/2fb96c6c-8d0b-4ef0-b1ee-3e493305e4eb', 'http://data.europa.eu/esco/occupation/50af07f0-7a75-424e-a66d-5a9deea10f4c', 'http://data.europa.eu/esco/occupation/53cdd34e-22f2-41bd-b3c7-de22bf9bbcae', 'http://data.europa.eu/esco/occupation/57af9090-55b4-4911-b2d0-86db01c00b02', 'http://data.europa.eu/esco/occupation/69bcbb0a-8d80-4ecd-b0a4-9adea2a40de2', 'http://data.europa.eu/esco/occupation/7c132147-428b-4ea3-87e1-70f7abb691ce', 'http://data.europa.eu/esco/occupation/866c7813-2c03-47d7-9bdc-192cfbace57c', 'http://data.europa.eu/esco/occupation/9e285322-2cfa-430f-9b66-41be57d698e2', 'http://data.europa.eu/esco/occupation/a74f6c51-37e5-423e-aa5b-044e98663027', 'http://data.europa.eu/esco/occupation/dc97adbe-f807-4ad8-8f3c-c24b3416cdef', 'http://data.europa.eu/esco/isco/C11']"
2651,"Senior Associate, Solution Engineer","ROLE SUMMARYTechnology impacts everything we do. Pfizer's digital and 'data first' strategy focuses on implementing impactful and innovative technology solutions across all functions from research to manufacturing. Whether you are digitizing drug discovery and development, identifying solutions, or making our work easier and faster, you will be making a difference to countless lives.The Digital Revenue Management (RM) Creation Center team manages technology strategy and delivery for the US Market Access (USMA) Operations Business within the Global Access & Value (GAV) organization. Pharmaceutical pricing is at the forefront of the U.S. national discussion for healthcare costs. The RM Creation team plays a critical role in ensuring patients have access to breakthrough medicines through efficient channels at affordable pricing.




ROLE RESPONSIBILITIES

Work as developer for developing and delivering reports that inform business decision making.
Work as developer for developing and delivering system enhancements according to business requirements.
Responsible for requirements documentation, business analysis and process optimization.
Responsible for coordinating the deployment process with various Pfizer Digital teams.
Responsible for work efforts across functional areas within RM.
Must be able to multi-task and perform a wide variety of tasks simultaneously such as organize presentations for upper management, perform system testing, and organize meetings.
Work with peers in Pfizer Digital to project financial estimates for small projects.
Manage business request prioritization with peers in Pfizer Digital.
Organize project deliverables for the Digital RM team.
Help promote the Purpose Blueprint for all projects.
Work with peers to manage project delivery through the system development lifecycle (SDLC) and through Agile Delivery.

BASIC QUALIFICATIONS

Bachelor's degree required, preferably in a Computer Science or Business Management field.
3+ years of experience in a large corporate setting with an emphasis on solutions and application development.
Ambition to learn and utilize emerging technologies while working in a stimulating team environment.
Development skills in Oracle, PL/SQL, SQL, Snowflake, Informatica IICS, Business Objects, Tableau, AWS, Unix Scripting.
Willingness to take risks without fear of making mistakes.
Understanding of solutions delivery and delivery methodologies including Waterfall and Agile.
Strong organization and critical thinking skills.
Strong written, visual, and verbal communication skills.

PREFERRED QUALIFICATIONS

Technology solutions delivery in a pharmaceutical or regulated environment.
Competency in understanding organizational behaviors in a large corporate environment.
Understanding of Software Development Life Cycle management including requirements definition, design, testing and implementation.
Experience with external Contract Management vendor solutions such as the ModelN FLEX application.
Some knowledge of Java or a Microsoft platform such as .NET.
Knowledge of database, storage, hosting, cloud, application, analytics and services technologies.
Experience building relationships with both business partners and Digital technical teams.

Pfizer is an equal opportunity employer and complies with all applicable equal employment opportunity legislation in each jurisdiction in which it operates.
To apply please visit our website www.pfizercareers.com and search job Senior Associate, Solution Engineer with id 4918518.",Senior,Full-time,"Thessaloniki, Greece",EL,2024-08-28,kariera.gr,165893,,"['http://data.europa.eu/esco/skill/09f2f811-a3fb-4de3-a70f-6420a6935575', 'http://data.europa.eu/esco/skill/0b144726-21c2-46ed-8d13-c03d27f61604', 'http://data.europa.eu/esco/skill/0ee94c0a-3716-494a-95a2-dcbab9e58be2', 'http://data.europa.eu/esco/skill/1605025e-a179-421f-8f35-5b07d182a6b2', 'http://data.europa.eu/esco/skill/19a8293b-8e95-4de3-983f-77484079c389', 'http://data.europa.eu/esco/skill/4cdbc76c-75d8-4e12-8653-4820c2d5446f', 'http://data.europa.eu/esco/skill/598de5b0-5b58-4ea7-8058-a4bc4d18c742', 'http://data.europa.eu/esco/skill/5ef0c719-5bcb-49f8-b8eb-824388225333', 'http://data.europa.eu/esco/skill/633a3637-2c6b-40ae-ac38-289eb2a62aa6', 'http://data.europa.eu/esco/skill/6a876489-7ad8-4a13-b09c-c9b8e97a302e', 'http://data.europa.eu/esco/skill/7369f779-4b71-4aab-8836-48b69c676eec', 'http://data.europa.eu/esco/skill/7b1ab171-caed-4561-89e4-b214396b1ae8', 'http://data.europa.eu/esco/skill/7dd94ad3-13d6-43fe-8b94-51fcbf67ced9', 'http://data.europa.eu/esco/skill/96eb286a-58b7-45ff-a916-5578d0b79b8c', 'http://data.europa.eu/esco/skill/a8797f21-1af0-4c5e-98ca-bf1442929363', 'http://data.europa.eu/esco/skill/dba46f87-0831-49cd-a1c7-340a653c0221', 'http://data.europa.eu/esco/skill/dc72ad0a-c5dc-4abd-bc0d-ca43e82162e1']","['http://data.europa.eu/esco/occupation/2ed56c3f-61d6-4f7e-9ef8-8849eb102e4c', 'http://data.europa.eu/esco/occupation/4b3201cb-ffc5-4f61-9fc3-5c0f0038fa5f', 'http://data.europa.eu/esco/occupation/544cd9cf-e2ee-4ac0-8a02-7147af6b97d7']"
2757,"Senior Associate, Solution Engineer","All over the world, Pfizer colleagues are working together to positively impact health for everyone, everywhere. Each position at Pfizer touches and contributes to the success of our business and our world. That's why, as one of the global leaders in the biopharmaceutical industry, Pfizer is committed to seeking out inspired new talent who share our core values and mission of making the world a healthier place.R&D within AIDA (AI, Data and Analytics), is a Pfizer Digital organization responsible for the development and management of all data, analytics tools and platforms across the enterprise - from global research and development, to manufacturing, to commercial, to patient care across over 100+ countries. One of the team's top priorities is the advancement of AI/ML enabled analytics and the creation of data solutions that can be leveraged across the enterprise.R&D in AIDA holds responsibility for the development and operations of the aggregate data solutions (data lakes and associated application portfolios) supporting Pfizer's scientific and clinical functions.The Sr. Associate Solution Engineer will develop scientific information software with a team of peer developers, digital client partners, architects, platform leads and contract support personnel under the direction of a senior software developer.




How You Will Achieve It

Work within project teams as a contributor to design, prototype, implement and unit test software solutions in support of the project objectives.
Translate logical designs of user/system interfaces into physical designs, considering the target environment, performance requirements and existing systems.
​Work in a matrix, team environment with Pfizer colleagues as well as vendor partners.
Dedicated to meeting the expectations and requirements of internal and external customers.
Focus on growing as an engineer, learning existing tools, resources and DevOps processes.
Develop productivity skills by learning source control, editors (IDE), build systems (CI/CD), Cloud platforms (Atlassian, GitHub, AWS), and other tools as well as unit testing best practices.
Accept feedback graciously and learn from everything they do .
Exhibit Pfizer's core values of Courage, Excellence, Equity, Joy and focuses on understanding and living these values.
Work under general supervision using own judgement where needed.
Proactively reporting issues and enhancements.
Documenting processes.
Debugging and fixing simple to moderately complex technical issues.





Qualifications
Must-Have

Bachelors degree in relevant field.
At least 3 years of experience as a software developer/engineer .
Demonstrated skills in analysis and problem solving .
Fundamental knowledge of Kubernetes.
Programming using Python and Java.
Knowledge using GitHub for source control and Git Actions for CICD workflows.
Understand modern software engineering, including coding standard, code reviews, source control management, build processes, testing, and releasing.
Knowledge of database interaction languages such as SQL (PySpark is an advantage). 
Comfortable using collaboration tools such as Jira, Confluence and MS Teams.
Ability to challenge, improve and develop existing practices & processes.
Self-motivated with the ability to drive work forward and work well in a geographically dispersed, virtual team environment.
Excellent oral and written communication skills.

Nice-to-Have

Knowledge in operating and managing AWS infrastructure.
Knowledge of Agile development methodologies (ie Scrum) .
Knowledge of ELK or OpenSearch is an advantage.





Pfizer is an equal opportunity employer and complies with all applicable equal employment opportunity legislation in each jurisdiction in which it operates.
To apply please visit our website www.pfizercareers.com and search job Senior Associate, Solution Engineer with id 4916417.",Senior,Full-time,"Thessaloniki, Greece",EL,2024-08-28,kariera.gr,165768,,"['http://data.europa.eu/esco/skill/03b9b491-fc9b-4868-914a-bf7cd47b5041', 'http://data.europa.eu/esco/skill/05aa7c09-46e7-433f-a81b-92841f4551e7', 'http://data.europa.eu/esco/skill/0d6714c6-720e-4985-9791-5ab85d28da79', 'http://data.europa.eu/esco/skill/1605025e-a179-421f-8f35-5b07d182a6b2', 'http://data.europa.eu/esco/skill/19a8293b-8e95-4de3-983f-77484079c389', 'http://data.europa.eu/esco/skill/1b957e3d-0017-42b0-9bfe-49a1cdd31de7', 'http://data.europa.eu/esco/skill/2522a6ce-3202-4ac8-9f5b-b9cb5a3a83a1', 'http://data.europa.eu/esco/skill/ccd0a1d9-afda-43d9-b901-96344886e14d', 'http://data.europa.eu/esco/skill/dba46f87-0831-49cd-a1c7-340a653c0221', 'http://data.europa.eu/esco/skill/f0de4973-0a70-4644-8fd4-3a97080476f4', 'http://data.europa.eu/esco/skill/f8e3425c-fe44-4ffb-bafe-0e20d91dadf4', 'http://data.europa.eu/esco/skill/f9b52e2d-56a7-48ca-b04d-2fc6436fcd4f', 'http://data.europa.eu/esco/skill/fd33c66c-70c4-40e6-b87c-5495bd3bf26e']","['http://data.europa.eu/esco/occupation/196a4c75-9591-436f-9677-67252df34c22', 'http://data.europa.eu/esco/occupation/2fb96c6c-8d0b-4ef0-b1ee-3e493305e4eb', 'http://data.europa.eu/esco/occupation/8c3f536e-ba66-4321-ba40-363dc39f129b', 'http://data.europa.eu/esco/occupation/bd9d395a-d587-45c6-8d72-ceef226df9e1', 'http://data.europa.eu/esco/occupation/cc867bee-ab5c-427f-9244-f7a204d9574b', 'http://data.europa.eu/esco/occupation/f2b15a0e-e65a-438a-affb-29b9d50b77d1']"
2891,Senior QA Software Test Automation Engineer (Java),"The Role:
As an Automation QA Engineer, you will join an amazing team who are committed to improving product quality. In this role, you will focus on product quality assurance while considering functionality, performance, security, GUI and many other factors.
You will use Java/Kotlin, Selenium, Selenide, REST Assured, TestNG, Gradle, Git, TestRail, and Jenkins while performing automation testing for either web or mobile applications.
Working within the existing testing environment, you will have the chance to create testing suites from scratch. Our team will help you reach your full potential while you work with cutting edge technologies on challenging projects.



The main responsibilities of the position include:


Closely collaborate with the development team to help deliver high quality software
Understand and translate business requirements to technical requirements
Enhance software delivery and quality throughout the entire Software Development Life Cycle
Perform automated functional and performance testing
Design and develop the test automation framework, implement required libraries, and conduct auto-tests
Maintain CI pipelines and integrate automated scripts into CI tools
Manage any issues that may arise and drive resolutions throughout the testing process
Actively participate in the Software Development Life Cycle and Software Testing Life Cycle






Main requirements:


BSc/MSc in Computer Science
Minimum 4 years’ experience in quality assurance and test automation (functional GUI and API)
Practical experience in automation testing with Java (Selenium, REST Assured, or similar for mobile automation) is a must
Experience in writing queries for SQL and NoSQL databases
Experience in agile software development methodologies and testing procedures
Strong interpersonal and organisational skills 
Committed to excellence, continuous improvement, and to achieving the best results
Excellent written and verbal skills in English






Benefit from:


Attractive remuneration package
Intellectually stimulating work environment
Continuous personal development and international training opportunities
Attractive relocation package and support for a smooth relocation for you and your family





 
All applications will be treated with strict confidentiality!",Mid-level,Full-time,"Athens, Greece",EL,2024-08-28,kariera.gr,165619,,"['http://data.europa.eu/esco/skill/0550431f-9c8b-4204-9c45-59bc5feacf06', 'http://data.europa.eu/esco/skill/0ee94c0a-3716-494a-95a2-dcbab9e58be2', 'http://data.europa.eu/esco/skill/3e71ddfd-fff4-4c8d-a510-a46f4e2edb6b', 'http://data.europa.eu/esco/skill/519e801b-3cc4-44d4-bcf1-32fdb9a77e51', 'http://data.europa.eu/esco/skill/598de5b0-5b58-4ea7-8058-a4bc4d18c742', 'http://data.europa.eu/esco/skill/5d74614d-32c8-4ca4-9818-6980e52424b1', 'http://data.europa.eu/esco/skill/7253d98c-4a6d-4e37-8b6c-accca9f4b639', 'http://data.europa.eu/esco/skill/7557f0f4-b8bc-4ac0-b91e-222ab1ba744f', 'http://data.europa.eu/esco/skill/76ef6ed3-1658-4a1a-9593-204d799c6d0c', 'http://data.europa.eu/esco/skill/b8c01891-e3df-4a4b-948d-95b45e1788f5', 'http://data.europa.eu/esco/skill/ca1a708c-0178-4ef3-8b5a-1eabfc533b0a', 'http://data.europa.eu/esco/skill/dba46f87-0831-49cd-a1c7-340a653c0221', 'http://data.europa.eu/esco/skill/f9738fc9-4d67-43e8-bfda-954123e34d42']","['http://data.europa.eu/esco/occupation/2ed56c3f-61d6-4f7e-9ef8-8849eb102e4c', 'http://data.europa.eu/esco/occupation/61d9270c-491d-438d-8d41-77ba2e0ef023', 'http://data.europa.eu/esco/occupation/bb609566-3ab6-44dd-8f48-cf0b15b96827', 'http://data.europa.eu/esco/occupation/e9507d34-c70f-474f-a4a3-d2cbfe50f6e9', 'http://data.europa.eu/esco/isco/C2519']"
2909,BI Data Engineer,"Volton Hellenic Energy SA is a Greek company that is dynamically active and is increasing its capacity rapidly in the field of Electricity Supply and Trading, in the Gas Energy Sector and soon enough in the field of Telecommunications.
 
By offering reliable services that meet the ever-growing energy needs of businesses and households, Volton aims to build solid and trustful relationships with its customers. The company's ambition is to become one of the most important companies in the industry and remain at the forefront of developments in electricity and gas supply. The company will soon enter the Telecommunication sector aiming to expand more the portfolio of services. As part of its development, Volton strengthens its human resources in Athens and seeks:
 
BI Data Engineer
 
We are looking for a Data Engineer to join our growing Data Warehouse team. This position will assist in most functions regarding Data Warehousing, Business Intelligence & Reporting, with the primary focus revolving around Data Engineering tasks. The position reports to the Data Warehouse Architect.
 
Position responsibilities:

Data Discovery and Extraction from multiple sources (transactional systems, files etc.)
Development of Data Pipelines
Data Transformation and Cleansing
Data Model Design in collaboration with data architects
Requirements Analysis in collaboration with business analysts
Data Analysis, Visualization, and Reporting

 
Requirements

Bachelor's degree in Computer Science, Engineering, or equivalent field
At least 2 years of related working experience
Solid knowledge of SQL and data modeling techniques, preferably experience with T-SQL
Good knowledge of ETL process design and experience with an ETL tool, ideally SSIS
Experience in Reporting and Data Visualization tools, ideally Power BI
Knowledge of OLTP, Data Warehouse relational and multi-dimensional databases design and implementation (Normal Forms, Star Schemas, etc.)
Good command of at least one programming language like Python, Java, C# or any other modern language
Understanding of fundamental computer science knowledge (data structures, algorithms, etc.)
Strong problem-solving skills and analytical thinking

 
The Company offers:

Competitive remuneration package
Private insurance
Corporate benefits & perks
Continuous training and professional development
Excellent professional environment
Modern and productive working facilities

 
Don’t miss the chance to join a Great Place to Work-Certified Company that promotes a positive work environment.
 
 
All applications will be treated with confidentiality.
If your CV meets the requirements of the job, we will contact you by phone to schedule an appointment.
Information about the Group on our site volton.gr",Mid-level,Full-time,"Metamorfosi, Greece",EL,2024-08-28,kariera.gr,165591,,"['http://data.europa.eu/esco/skill/143769cb-b61e-47d8-a61e-eedfbec1016c', 'http://data.europa.eu/esco/skill/19a8293b-8e95-4de3-983f-77484079c389', 'http://data.europa.eu/esco/skill/2239694b-771a-4586-8b54-2794e361a9ae', 'http://data.europa.eu/esco/skill/25f0ea33-b4a2-4f31-b7b4-7d20e827b180', 'http://data.europa.eu/esco/skill/310da5da-517c-4496-a673-92001098a2b7', 'http://data.europa.eu/esco/skill/348b74cd-49ce-4844-8bdf-ec188b497213', 'http://data.europa.eu/esco/skill/3ec2e4d6-7000-4905-bf1a-c5b1679416de', 'http://data.europa.eu/esco/skill/4707da90-9cfc-46ca-8de0-38a0b7bfb137', 'http://data.europa.eu/esco/skill/484d048c-a5d1-46a5-b57f-45b69c0ac552', 'http://data.europa.eu/esco/skill/48db96bf-3314-45c6-bad8-fdb6e20e5639', 'http://data.europa.eu/esco/skill/4c016b68-4116-468c-9dc6-42710c239e4a', 'http://data.europa.eu/esco/skill/598de5b0-5b58-4ea7-8058-a4bc4d18c742', 'http://data.europa.eu/esco/skill/60b44dab-03f1-46de-be08-0e5ba8662b3d', 'http://data.europa.eu/esco/skill/65e58886-bd1e-4c5b-8ca5-8d9b353c8aa1', 'http://data.europa.eu/esco/skill/6f7512ab-d46d-402a-8c30-a8878d7c1f88', 'http://data.europa.eu/esco/skill/7b5cce4d-c7fe-4119-b48f-70aa05391787', 'http://data.europa.eu/esco/skill/94e7a22f-16b8-4eee-98ba-a5b09e9cdf96', 'http://data.europa.eu/esco/skill/a8797f21-1af0-4c5e-98ca-bf1442929363', 'http://data.europa.eu/esco/skill/a8d24a95-47b3-4f88-92e7-06600bcd3612', 'http://data.europa.eu/esco/skill/ccd0a1d9-afda-43d9-b901-96344886e14d', 'http://data.europa.eu/esco/skill/fd6d2981-3d4a-4ce2-9741-cfc98c5b74bd', 'http://data.europa.eu/esco/skill/fecf8a0d-62c4-4e71-9b03-0f4fc2ad7bf5']","['http://data.europa.eu/esco/occupation/1562c7a3-c7d9-419d-b9b6-db26610bcf84', 'http://data.europa.eu/esco/occupation/2079755f-d809-49e6-8037-4de6180e54c0', 'http://data.europa.eu/esco/occupation/207d7b18-6540-432e-8aa6-785ed434572f', 'http://data.europa.eu/esco/occupation/812c217d-32b7-4f6a-9faf-993d3577ac7f', 'http://data.europa.eu/esco/occupation/8d586ee9-0ab1-4155-a3b0-2ca786c8e48c', 'http://data.europa.eu/esco/occupation/8d9ec84d-cf2d-4179-87bc-335cda54a427', 'http://data.europa.eu/esco/isco/C2', 'http://data.europa.eu/esco/isco/C214', 'http://data.europa.eu/esco/isco/C334']"
3014,"Senior Manager, Digital Solutions Engineer & Technical Team Lead","ROLE SUMMARY
At Pfizer we make medicines and vaccines that change patients' lives with a global reach of over 780 million patients.Pfizer Digital is the organization charged with winning the digital race in the pharmaceutical industry. We apply our expertise in technology, innovation and our business to support Pfizer in this mission.The Commercial Creation Center & CDI (C4) team builds and maintains the platforms and capabilities that enable Pfizer Business Units to connect digitally with our external customers and effectively engage and collaborate across teams internally.  This includes all digital (web, mobile, omni-channel, & devices) products, platforms, services, and experiences in service of patients, HCPs, payors, pharmacists, or clinical sites. We build advanced cloud-based technology solutions at a global scale that positively impact Pfizer business performance.Patient and Marketplace Corp. Affairs: Within C4, the Patient and Marketplace Corp. Affairs team is accountable for delivering patient-facing digital companions and external marketplace solutions to increase customer value and simplify specialty pharma services to ensure patients can acquire Pfizer breakthroughs.​The U.S. Channels and Global Web Experience team directly owns and operates Pfizer.com, the operation of our primary U.S. corporate social channels, and the look and feel of our regional corporate sites around the world, consulting and supporting objectives from various stakeholders across the entire company, as well as directly setting objectives and delivering on them.The Solutions Engineer is a senior technical role responsible for developing ideas and leading the design and overseeing the implementation of complex cutting-edge technical solutions across business units. This role serves as the bridge between business requirements and technical capabilities, translating stakeholder needs into innovative and scalable solutions that leverage emerging technologies.
ROLE RESPONSIBILITIES
Subject Matter Expertise - General

Design and architect technical solutions that address stakeholder needs while adhering to best practices, industry standards, and Pfizer's technology strategies.
Develop detailed technical specifications, system architectures, and implementation plans for immersive solutions.
Oversee the implementation of digital solutions by development teams, ensuring adherence to the defined technical architecture and design principles.
Ensure compliance with relevant regulations, security protocols, and industry best practices related to solution development and deployment.
Act as technical lead for Pfizer.com (and functionality shared with our regional sites): accountable for the technical strategy, in close coordination with Platform team and other technical partners.
Strategic Leadership & Delivery
Take risk-based approach to advance innovative processes and methodologies based on comprehensive business knowledge for evaluation and recommendation of appropriate technologies, platforms, and frameworks, considering factors such as scalability, performance, security, and integration with existing systems.

Resource and Financial Management

Provide direct oversight to colleagues and contractors that comprise the technical/engineering team, as well as in-region manager for other local colleagues on the team (which may include roles that aren't primarily technical/engineering)
Manages and leads people, technological and financial resources within the Business Unit, often lead by influence rather than direct authority, in addition to direct reports.

Cross- Team Collaboration

Collaborate with the Delivery Lead, Service Owners, stakeholders, and development teams to gather and analyze business requirements.
Collaborate with cross-functional teams, including the Technical Services Leads and Platform teams, to ensure seamless integration and support for solutions with Pfizer's digital platforms and technologies.





BASIC QUALIFICATIONS

Bachelor's degree in Computer Science, Software Engineering, or a related technical field.
7+ years of extensive experience in solution architecture, technical design, and implementation of complex software systems, with a focus on leading a team of engineers and defining the process for a developer team, particularly in relation to a database-driven content management system (CMS).
Strong understanding of Drupal/PHP/MySQL stack development technologies, platforms, and frameworks, along with their strengths, limitations, and integration capabilities. Deep understanding of Drupal's caching system, modules, crons, taxonomies is a plus.
Strong proficiency in programming languages, development tools, and software engineering practices relevant to implementing and integrating CMS tools with modern frontend technologies (e.g., HTML5, CSS3, ES6). Experience with a popular JavaScript framework like React, Next, Vue, Angular is a plus.
Excellent problem-solving, analytical, and decision-making skills, with the ability to navigate complex technical challenges and trade-offs.
Passion for exploring emerging technologies and driving innovation in the field of GenAI/LLM/Semantic Search (several related efforts underway looking for leadership and individually contribution)
Strong attention to detail and commitment to delivering high-quality, robust, and scalable technical solutions.
Familiarity with agile methodologies (Scrum, Kanban), continuous integration, continuous deployment (CI/CD) processes and JIRA/Confluence

PREFERRED QUALIFICATIONS

Advanced degree or relevant certifications.
Experience in the Pharma industry
Experience with Microsoft Technology Stack, including .NET framework & SharePoint, and demonstrated understanding of cloud application architectures
Familiarity with front end modern application frameworks and tools such as node.js, Angular.js, Ionic, Apple Swift, kotlin, Vue.js. and / or back end frameworks and tools such as Java, Laravel, Drupal, Python, PHP.
High proficiency and proven successful delivery of experiences using Agile development, especially scaled agile and lean techniques and methodologies (Disciplined Agile, SAFe, etc.)

Pfizer is an equal opportunity employer and complies with all applicable equal employment opportunity legislation in each jurisdiction in which it operates.
To apply please visit our website www.pfizercareers.com and search job Senior Manager, Digital Solutions Engineer & Technical Team Lead id 4918233.",Senior,Full-time,"Thessaloniki, Greece",EL,2024-08-27,kariera.gr,165486,,"['http://data.europa.eu/esco/skill/0ee94c0a-3716-494a-95a2-dcbab9e58be2', 'http://data.europa.eu/esco/skill/11430d93-c835-48ed-8e70-285fa69c9ae6', 'http://data.europa.eu/esco/skill/14832d87-2f2f-4895-b290-e4760ebae42a', 'http://data.europa.eu/esco/skill/19a8293b-8e95-4de3-983f-77484079c389', 'http://data.europa.eu/esco/skill/1de3942b-99d8-41e8-9ef0-fbc9e9f6307b', 'http://data.europa.eu/esco/skill/1f1d2ff8-c4c1-45cc-9812-6a7ee84a73cb', 'http://data.europa.eu/esco/skill/1ffac4ac-fda7-407d-8ed1-ca8f4a8dc146', 'http://data.europa.eu/esco/skill/2fb8480e-de3c-462b-b169-e8bbb344da68', 'http://data.europa.eu/esco/skill/41bf7ede-fc84-4a57-8c89-b548d11b0ba1', 'http://data.europa.eu/esco/skill/4350c38d-0fe9-4ca7-bab9-40ed7f72b04f', 'http://data.europa.eu/esco/skill/457c2e47-07e6-4073-827e-e1c21f3e5869', 'http://data.europa.eu/esco/skill/477173ca-5fc2-406b-9122-95d92811f284', 'http://data.europa.eu/esco/skill/4cb51222-3e2e-417c-9a5c-e9ccf262721d', 'http://data.europa.eu/esco/skill/4f6e68b2-85c8-446e-a96d-b306ec7e0091', 'http://data.europa.eu/esco/skill/52e53619-fa77-4f72-b237-5e4aae784dc2', 'http://data.europa.eu/esco/skill/7369f779-4b71-4aab-8836-48b69c676eec', 'http://data.europa.eu/esco/skill/75d8e5d9-bef3-418b-9011-01bff9f27207', 'http://data.europa.eu/esco/skill/8ff015a0-98ea-4d80-a23e-1f68110a919e', 'http://data.europa.eu/esco/skill/92721092-fe7c-4689-96bd-4f02385bc0e7', 'http://data.europa.eu/esco/skill/9531fe02-1e1f-4a36-95f7-a76a77cd4b8d', 'http://data.europa.eu/esco/skill/9ef0f3a0-9ce2-4ef1-a987-0366b5cb2dbe', 'http://data.europa.eu/esco/skill/be80acfc-b6f2-4411-9b8d-b19d9cd2556a', 'http://data.europa.eu/esco/skill/c3687b34-fe53-4db2-ad1b-5055a6c5b6fd', 'http://data.europa.eu/esco/skill/ccd0a1d9-afda-43d9-b901-96344886e14d', 'http://data.europa.eu/esco/skill/dba46f87-0831-49cd-a1c7-340a653c0221', 'http://data.europa.eu/esco/skill/e76dd90d-91c4-49c0-bfd0-dfa2c4c90c81', 'http://data.europa.eu/esco/skill/ed8de897-adbe-4f0e-b4d2-534953e64c72', 'http://data.europa.eu/esco/skill/f08e2bd6-0366-4948-a670-1f03f130126f', 'http://data.europa.eu/esco/skill/f9738fc9-4d67-43e8-bfda-954123e34d42', 'http://data.europa.eu/esco/skill/fae27053-8924-4bfd-b565-c9fe502044c9']","['http://data.europa.eu/esco/occupation/00030d09-2b3a-4efd-87cc-c4ea39d27c34', 'http://data.europa.eu/esco/occupation/0ddbf393-38f1-4c22-b14c-fe775008f321', 'http://data.europa.eu/esco/occupation/2fb96c6c-8d0b-4ef0-b1ee-3e493305e4eb', 'http://data.europa.eu/esco/occupation/30f3ea93-882a-4525-841c-1d5b4b64076f', 'http://data.europa.eu/esco/occupation/3ae4fd99-814a-4d06-a7db-5ee680c22e26', 'http://data.europa.eu/esco/occupation/53cdcc84-e5ee-488c-aa09-88084e06d6d7', 'http://data.europa.eu/esco/occupation/53cdd34e-22f2-41bd-b3c7-de22bf9bbcae', 'http://data.europa.eu/esco/occupation/57af9090-55b4-4911-b2d0-86db01c00b02', 'http://data.europa.eu/esco/occupation/7c132147-428b-4ea3-87e1-70f7abb691ce', 'http://data.europa.eu/esco/occupation/8cb59bc4-1f39-477e-beea-effed12d186c', 'http://data.europa.eu/esco/occupation/9e285322-2cfa-430f-9b66-41be57d698e2', 'http://data.europa.eu/esco/occupation/a74f6c51-37e5-423e-aa5b-044e98663027', 'http://data.europa.eu/esco/occupation/e9507d34-c70f-474f-a4a3-d2cbfe50f6e9', 'http://data.europa.eu/esco/occupation/fe0fa514-b48d-4a53-9757-a283c0baacf0', 'http://data.europa.eu/esco/isco/C1120', 'http://data.europa.eu/esco/isco/C214']"
3065,Full Remote Web Developer,"Wev Developer is wanted in a full-time telecommuting regime with the possibility of occasional meetings (one a month, one every two months) with a salaried employment relationship or a pad.
Required Qualifications:
Experience in Angular or AngularJS required  
Good knowledge of Java Spring Boot Framework
Good knowledge of databases (preferably Postgresql, Mysql)",Mid-level,Full-time,"Athens, Greece",EL,2024-08-27,kariera.gr,165393,,[],[]
3372,Software Engineer (EU Digital Identity),"Company DescriptionWe are Netcompany-Intrasoft, a leading European IT Solutions and Services Group with strong international presence and expertise, offering innovative and added-value solutions of the highest quality to a wide range of international and national public and private organizations. More than 500 organizations in over 70 countries worldwide have chosen the company's services and solutions to fulfill their business needs.For more information regarding our company, current projects, and openings around Europe, please consult our website: www.netcompany-intrasoft.com.Job DescriptionA day in the life of a Software Engineer (EU Digital Identity)As a Software Engineer, you will be part of a high-performing, cross-functional and Agile team responsible for building a digital ID and personal digital wallet for EU citizens, residents and businesses. The EU Digital Identity Wallet will be a secure and easy way for European citizens, residents and businesses to prove who they are when accessing digital services. The wallet app will enable every user to safely obtain, store, share important digital documents and electronically sign or seal documents.Your main duties will be to: Design, develop and maintain the wallet's related services with Java and KotlinWork with Spring, Spring BootGet exposure to a variety of protocols and standards like OAUTH2 & OpenID Connect, JWS/JWK/JWT, basic public cryptography, OpenID for Verifiable Issuance, OpenID for Verifiable Presentation, Presentation ExchangeParticipate in the technical analysis, documentation, implementation, and integrationTest and manage early life support of core software tools and assets produced in the context of software development projectsBy joining Netcompany - Intrasoft, a leading IT company, you will be part of a hub of 1.700+ tech enthusiasts in Greece. You will work using cutting-edge technologies that contribute to the design and delivery of solutions and products for challenging, large-scale IT projects, that affect the lives of millions of citizens around the globe.QualificationsIf you have :Degree in Computer Science, Software Engineering, or a related discipline5+ years of working experience inJavaSpring BootSpringMVC or Spring WebFluxSpring SecurityJPAExcellent communication skillsGood interpersonal skills, adaptability and team spiritFluency in English...then this position is suitable for you! It would also be a plus if you had :Experience in KotlinExperience in Nimbus JWTThis position comes with Competitive compensation packagesContinuous learning (with the most modern methods - unlimited access to Udemy for Business), and fast career growthInteresting and challenging tasks within large-scale projectsAn international dynamic within a fast-paced working environmentThe opportunity to work in a diverse environment with talented colleaguesAdditional InformationWe ensure equal opportunities, treatment, and consideration for all candidates. Discrimination based on sex, racial or ethnic origin, religion or belief, disability, age, sexual orientation or marital status, physical or mental disability, or any other factor protected by applicable laws and regulations is prohibited. At Netcompany-Intrasoft we respect human rights as part of our culture, and we focus on creating a positive workplace in which all employees are valued and where diversity and inclusivity are welcomed.The safety and well-being of our employees remain our top priority. Please note that Netcompany-Intrasoft's recruitment process is being conducted virtually due to preventive measures against the Covid-19 pandemic.#LI-Hybrid #LI-KA1 #LI-ZS1Our cultureOur people are the most important element of our success. Our work life is well defined by our set of fundamental Values: https://bit.ly/3SSbBzU  #BePartOfSomethingGreat!*Please submit your CV in EnglishAll applications will be treated as strictly confidential.",,Full-time,"Athens, Greece",EL,2024-08-25,kariera.gr,134042,,"['http://data.europa.eu/esco/skill/07e51c60-763a-4335-b4ec-70a15f66d328', 'http://data.europa.eu/esco/skill/23ac233d-84ad-4517-b0f5-8ca19ba2614e', 'http://data.europa.eu/esco/skill/385479b7-5da5-4367-9763-0d15b41bb65b', 'http://data.europa.eu/esco/skill/49de9958-2aa4-4eef-a89d-fe5d5bcd28c4']",['http://data.europa.eu/esco/occupation/57af9090-55b4-4911-b2d0-86db01c00b02']
3373,Software Engineer (EU Digital Identity),"Company DescriptionWe are Netcompany-Intrasoft, a leading European IT Solutions and Services Group with strong international presence and expertise, offering innovative and added-value solutions of the highest quality to a wide range of international and national public and private organizations. More than 500 organizations in over 70 countries worldwide have chosen the company's services and solutions to fulfill their business needs.For more information regarding our company, current projects, and openings around Europe, please consult our website: www.netcompany-intrasoft.com.Job DescriptionA day in the life of a Software Engineer (EU Digital Identity)As a Software Engineer, you will be part of a high-performing, cross-functional and Agile team responsible for building a digital ID and personal digital wallet for EU citizens, residents and businesses. The EU Digital Identity Wallet will be a secure and easy way for European citizens, residents and businesses to prove who they are when accessing digital services. The wallet app will enable every user to safely obtain, store, share important digital documents and electronically sign or seal documents.Your main duties will be to: Design, develop and maintain the wallet's related services with Java and KotlinWork with Spring, Spring BootGet exposure to a variety of protocols and standards like OAUTH2 & OpenID Connect, JWS/JWK/JWT, basic public cryptography, OpenID for Verifiable Issuance, OpenID for Verifiable Presentation, Presentation ExchangeParticipate in the technical analysis, documentation, implementation, and integrationTest and manage early life support of core software tools and assets produced in the context of software development projectsBy joining Netcompany - Intrasoft, a leading IT company, you will be part of a hub of 1.700+ tech enthusiasts in Greece. You will work using cutting-edge technologies that contribute to the design and delivery of solutions and products for challenging, large-scale IT projects, that affect the lives of millions of citizens around the globe.QualificationsIf you have :Degree in Computer Science, Software Engineering, or a related discipline5+ years of working experience inJavaSpring BootSpringMVC or Spring WebFluxSpring SecurityJPAExcellent communication skillsGood interpersonal skills, adaptability and team spiritFluency in English...then this position is suitable for you! It would also be a plus if you had :Experience in KotlinExperience in Nimbus JWTThis position comes with Competitive compensation packagesContinuous learning (with the most modern methods - unlimited access to Udemy for Business), and fast career growthInteresting and challenging tasks within large-scale projectsAn international dynamic within a fast-paced working environmentThe opportunity to work in a diverse environment with talented colleaguesAdditional InformationWe ensure equal opportunities, treatment, and consideration for all candidates. Discrimination based on sex, racial or ethnic origin, religion or belief, disability, age, sexual orientation or marital status, physical or mental disability, or any other factor protected by applicable laws and regulations is prohibited. At Netcompany-Intrasoft we respect human rights as part of our culture, and we focus on creating a positive workplace in which all employees are valued and where diversity and inclusivity are welcomed.The safety and well-being of our employees remain our top priority. Please note that Netcompany-Intrasoft's recruitment process is being conducted virtually due to preventive measures against the Covid-19 pandemic.#LI-Hybrid #LI-KA1 #LI-ZS1Our cultureOur people are the most important element of our success. Our work life is well defined by our set of fundamental Values: https://bit.ly/3SSbBzU  #BePartOfSomethingGreat!*Please submit your CV in EnglishAll applications will be treated as strictly confidential.",,Full-time,"Thessaloniki, Greece",EL,2024-08-25,kariera.gr,134041,,"['http://data.europa.eu/esco/skill/07e51c60-763a-4335-b4ec-70a15f66d328', 'http://data.europa.eu/esco/skill/23ac233d-84ad-4517-b0f5-8ca19ba2614e', 'http://data.europa.eu/esco/skill/385479b7-5da5-4367-9763-0d15b41bb65b', 'http://data.europa.eu/esco/skill/49de9958-2aa4-4eef-a89d-fe5d5bcd28c4']",['http://data.europa.eu/esco/occupation/57af9090-55b4-4911-b2d0-86db01c00b02']
3374,Software Engineer (EU Digital Identity),"Company DescriptionWe are Netcompany-Intrasoft, a leading European IT Solutions and Services Group with strong international presence and expertise, offering innovative and added-value solutions of the highest quality to a wide range of international and national public and private organizations. More than 500 organizations in over 70 countries worldwide have chosen the company's services and solutions to fulfill their business needs.For more information regarding our company, current projects, and openings around Europe, please consult our website: www.netcompany-intrasoft.com.Job DescriptionA day in the life of a Software Engineer (EU Digital Identity)As a Software Engineer, you will be part of a high-performing, cross-functional and Agile team responsible for building a digital ID and personal digital wallet for EU citizens, residents and businesses. The EU Digital Identity Wallet will be a secure and easy way for European citizens, residents and businesses to prove who they are when accessing digital services. The wallet app will enable every user to safely obtain, store, share important digital documents and electronically sign or seal documents.Your main duties will be to: Design, develop and maintain the wallet's related services with Java and KotlinWork with Spring, Spring BootGet exposure to a variety of protocols and standards like OAUTH2 & OpenID Connect, JWS/JWK/JWT, basic public cryptography, OpenID for Verifiable Issuance, OpenID for Verifiable Presentation, Presentation ExchangeParticipate in the technical analysis, documentation, implementation, and integrationTest and manage early life support of core software tools and assets produced in the context of software development projectsBy joining Netcompany - Intrasoft, a leading IT company, you will be part of a hub of 1.700+ tech enthusiasts in Greece. You will work using cutting-edge technologies that contribute to the design and delivery of solutions and products for challenging, large-scale IT projects, that affect the lives of millions of citizens around the globe.QualificationsIf you have :Degree in Computer Science, Software Engineering, or a related discipline5+ years of working experience inJavaSpring BootSpringMVC or Spring WebFluxSpring SecurityJPAExcellent communication skillsGood interpersonal skills, adaptability and team spiritFluency in English...then this position is suitable for you! It would also be a plus if you had :Experience in KotlinExperience in Nimbus JWTThis position comes with Competitive compensation packagesContinuous learning (with the most modern methods - unlimited access to Udemy for Business), and fast career growthInteresting and challenging tasks within large-scale projectsAn international dynamic within a fast-paced working environmentThe opportunity to work in a diverse environment with talented colleaguesAdditional InformationWe ensure equal opportunities, treatment, and consideration for all candidates. Discrimination based on sex, racial or ethnic origin, religion or belief, disability, age, sexual orientation or marital status, physical or mental disability, or any other factor protected by applicable laws and regulations is prohibited. At Netcompany-Intrasoft we respect human rights as part of our culture, and we focus on creating a positive workplace in which all employees are valued and where diversity and inclusivity are welcomed.The safety and well-being of our employees remain our top priority. Please note that Netcompany-Intrasoft's recruitment process is being conducted virtually due to preventive measures against the Covid-19 pandemic.#LI-Hybrid #LI-KA1 #LI-ZS1Our cultureOur people are the most important element of our success. Our work life is well defined by our set of fundamental Values: https://bit.ly/3SSbBzU  #BePartOfSomethingGreat!*Please submit your CV in EnglishAll applications will be treated as strictly confidential.",,Full-time,"Patra, Greece",EL,2024-08-25,kariera.gr,134040,,"['http://data.europa.eu/esco/skill/07e51c60-763a-4335-b4ec-70a15f66d328', 'http://data.europa.eu/esco/skill/23ac233d-84ad-4517-b0f5-8ca19ba2614e', 'http://data.europa.eu/esco/skill/385479b7-5da5-4367-9763-0d15b41bb65b', 'http://data.europa.eu/esco/skill/49de9958-2aa4-4eef-a89d-fe5d5bcd28c4']",['http://data.europa.eu/esco/occupation/57af9090-55b4-4911-b2d0-86db01c00b02']
3378,ERP Developer & ERP Consultant | Commercial Application Support (SoftOne/ EpsilonNet),"BUSINESSCOM EPE is an IT company specializing in IT & accounting services since 1987. 
It is looking for reliable partners - with an appetite for the positions of ERP Consultant & ERP Developer (Business Application Support & Installation).
The main goal is the implementation and support of computerization projects and ERP & CRM applications (SoftOne, EpsilonNet)
Responsibilities:
Recording and analysis of business processes of companies
Customization of business processes through the ERP application of each client
Training and support of each user of the information systems
Address and resolve issues immediately
 
Necessary qualifications:
Bachelor of Informatics - Computer Science
Good knowledge of commercial management of companies
Experience in requirements analysis & configuration of ERP systems
Fluency in written & oral language with ability to present solutions
Ease of communication, flexibility, adaptability, teamwork spirit
Ability to communicate with clients - partners & colleagues
Relevant experience of 2-3 years in a similar role and position 
Completed military service for male applicants
 
They will be especially appreciated:
Experience in the use & configuration of ERP applications (Soft1, Epsilon)
Experience in using & customizing other ERP equivalents
Experience with SQL databases
Basic programming knowledge (Java Scripting)
Additional Information:
Hours 9:00-17:00 / 9:30-17:30
Prospects & Possibilities for Development - Salary - Training
Salaries based on the capabilities of each candidate - interested party
Modern & Awesome Friendly Collaboration Environment
 
PS: Interested parties with contact & basic knowledge of programming/IT - with interest and zeal to really deal with the commercial applications part are very much welcome to apply.
Thank you and with sincere pleasure to get in touch and cooperate with you.",Mid-level,Full-time,"Peristeri, Greece",EL,2024-08-25,kariera.gr,165048,,"['http://data.europa.eu/esco/skill/0ee94c0a-3716-494a-95a2-dcbab9e58be2', 'http://data.europa.eu/esco/skill/15d76317-c71a-4fa2-aadc-2ecc34e627b7', 'http://data.europa.eu/esco/skill/49de9958-2aa4-4eef-a89d-fe5d5bcd28c4', 'http://data.europa.eu/esco/skill/652da95d-b336-497a-bce5-1c29a674eecb', 'http://data.europa.eu/esco/skill/9e84a506-df06-4be3-874a-fa01293e3dd5', 'http://data.europa.eu/esco/skill/c3a03c5a-c260-4c26-9b9a-873abb396f4d']","['http://data.europa.eu/esco/occupation/2d3d7188-47ab-49b9-9045-e452d9db06f1', 'http://data.europa.eu/esco/occupation/6a29d804-f775-446c-bec7-35fc4e28ac97', 'http://data.europa.eu/esco/occupation/b1c80369-067e-4041-84c8-dbe65640a5d8', 'http://data.europa.eu/esco/occupation/f31f487b-4ce2-40f3-90e8-7d0011b4ef1d']"
3410,Full-Stack Developer,"Company DescriptionWe are Netcompany-Intrasoft, a member of Netcompany Group A/S, and a leading European IT Solutions and Services company with strong international presence and expertise, dedicated to responsible digitalization. We offer innovative and added-value solutions of the highest quality to a wide range of public and private organizations, while being a key-player in the EU Institutions for the past 30 years. We hold an outstanding record of 500+ organizations in 70+ countries, that have chosen our solutions and services, to fulfil their business needs. Our team of 3500+ professionals is our driving force and our most valuable asset.Job DescriptionAre you ready to discover the role of a Full Stack Developer in Netcompany-Intrasoft?Joining us as a Full Stack Developer, you will have the opportunity to be a part of our highly skilled agile consultants teams working within large-scale transformation projects, that impact the life of millions of EU citizens. You will be involved in the design, customization, integration, and maintenance of enterprise-scale CRM/CX implementations that are intended mainly in private sector organizations.As a Full-Stack Developer, you will be based in Athens, working on international projects of Netcompany. You will take part in the development of some of Denmark's most complex and exciting IT solutions, where the combination of software development, task management, and customer contact will be part of your everyday life. You will be part of a high-performing international team, consisting of professionals that have different backgrounds and competencies - common to all of us is that we prioritize professionalism highly and take pride in developing the best IT solutions together. Our tasks include some of Denmark's most important and exciting IT projects, within the state, municipalities, and the Danish business community. As a Full Stack Developer you will:System development - both front-end, back-end, and integrationsPlanning of workflowsProcess optimization and quality assuranceTranslating customer requirements into the design of new featuresDaily sparring with your team to ensure a high technical and business levelQualificationsWhat would make you a fit for the role:Degree in Computer Science, Engineering, or relevant disciplineHave a minimum of 1-3 years of experience in the IT industry, as well as a relevant IT degreeHave experience with either Java, Python, Node.js, C#, .NET or JavaScriptHave helped develop and deliver major IT solutionsHave an interest in project management and see your career going in that directionExcellent command of the English language (written & verbal)Availability to travel when neededAdditional InformationBeing a part of the Netcompany-Ιntrasoft team, you will be provided with: The opportunity to work in a modern environment & in a hybrid working modelA seamless onboarding experience and a buddy to support you on your first stepsA competitive compensation & benefits packageHealth and life insurance programMeal allowanceWell-being activities (on premises)Continuous learning opportunities using the most modern methods (unlimited access to Udemy for Business, ad-hoc trainings)A personalized development plan for targeted career growthIf you are looking forward to be part of a diverse environment, and have the opportunity to work alongside well-experienced professionals, on challenging, large-scale projects that directly impact millions of citizens around the globe, then this is the place to be!By joining Netcompany-Intrasoft Athens, you will be part of a vivid team of 2000+ tech enthusiasts. When at the office you will have the chance to work at our brand-new, state-of-the-art, sustainable offices, located in 3 different spots in Athens!Our cultureOur people are the most important element of our success. Our work life is well defined by our set of fundamental Values: https://bit.ly/3SSbBzU  #BePartOfSomethingGreat!*Please submit your CV in EnglishAll applications will be treated as strictly confidential.",,Full-time,"Athens, Greece",EL,2024-08-24,kariera.gr,155252,,"['http://data.europa.eu/esco/skill/0b144726-21c2-46ed-8d13-c03d27f61604', 'http://data.europa.eu/esco/skill/19a8293b-8e95-4de3-983f-77484079c389', 'http://data.europa.eu/esco/skill/23ac233d-84ad-4517-b0f5-8ca19ba2614e', 'http://data.europa.eu/esco/skill/3cd569a2-4f88-4c1e-9995-8dce8c5e51a7', 'http://data.europa.eu/esco/skill/4c016b68-4116-468c-9dc6-42710c239e4a', 'http://data.europa.eu/esco/skill/5c1e686c-92cc-4bd7-9f23-51f9d8a58886', 'http://data.europa.eu/esco/skill/81513fdf-5ea9-4375-9bc4-67ad959ac5de', 'http://data.europa.eu/esco/skill/8f6ed69b-29d0-4c01-81ba-f05920a185f3', 'http://data.europa.eu/esco/skill/94dd823c-148e-4614-a6e8-99249b16357d', 'http://data.europa.eu/esco/skill/ccd0a1d9-afda-43d9-b901-96344886e14d']","['http://data.europa.eu/esco/occupation/866c7813-2c03-47d7-9bdc-192cfbace57c', 'http://data.europa.eu/esco/occupation/8b6388a4-4904-471b-9331-d3b1211f5525', 'http://data.europa.eu/esco/isco/C214', 'http://data.europa.eu/esco/isco/C3435']"
3411,Senior Full-Stack Developer,"Company DescriptionWe are Netcompany-Intrasoft, a member of Netcompany Group A/S, and a leading European IT Solutions and Services company with strong international presence and expertise, dedicated to responsible digitalisation. We offer innovative and added-value solutions of the highest quality to a wide range of public and private organizations, while being a key-player in the EU Institutions for the past 30 years. We hold an outstanding record of 500+ organizations in 70+ countries, that have chosen our solutions and services, to fulfil their business needs. Our team of 3500+ professionals is our driving force and our most valuable asset.Job DescriptionEver wondered what it feels like to be a Senior Full Stack Developer in Netcompany-Intrasoft? Joining us as a Senior Full Stack Developer, you will have the opportunity to be a part of our highly skilled agile consultants teams working within large-scale transformation projects, that impact the life of millions of EU citizens. You will be involved in the design, customization, integration, and maintenance of enterprise-scale CRM/CX implementations that are intended mainly in private sector organizations. As a Senior Full-Stack Developer, you will be based in Athens, working on international projects of Netcompany. You will take part in the development of some of Denmark's most complex and exciting IT solutions, where the combination of software development, task management, and customer contact will be part of your everyday life.You will be part of a high-performing international team, consisting of professionals that have different backgrounds and competencies - common to all of us is that we prioritize professionalism highly and take pride in developing the best IT solutions together. Our tasks include some of Denmark's most important and exciting IT projects, within the state, municipalities, and the Danish business community.As a Senior Full Stack Developer you will:System development - both front-end, back-end, and integrationsPlanning of workflowsProcess optimization and quality assuranceTranslating customer requirements into the design of new featuresDaily sparring with your team to ensure a high technical and business levelQualificationsWhat would make you a fit for the role:Degree in Computer Science, Engineering, or relevant disciplineHave a minimum of 4 years of experience in the IT industry, as well as a relevant IT degreeHave experience with either Java, Python, Node.js, C#, .NET or JavaScriptHave helped develop and deliver major IT solutionsHave an interest in project management and see your career going in that directionExcellent command of the English language (written & verbal)Availability to travel when neededAdditional InformationBeing a part of the Netcompany-Ιntrasoft team, you will be provided with: The opportunity to work in a modern environment & in a hybrid working modelA seamless onboarding experience and a buddy to support you on your first stepsA competitive compensation & benefits packageHealth and life insurance program Meal and commuting allowanceWell-being activities (on premises)Continuous learning opportunities using the most modern methods (unlimited access to Udemy for Business, ad-hoc trainings)A personalized development plan for targeted career growthIf you are looking forward to be part of a diverse environment, and have the opportunity to work alongside well-experienced professionals, on challenging, large-scale projects that directly impact millions of citizens around the globe, then this is the place to be!Our cultureOur people are the most important element of our success. Our work life is well defined by our set of fundamental Values: https://bit.ly/3SSbBzU  #BePartOfSomethingGreat!*Please submit your CV in EnglishAll applications will be treated as strictly confidential.",,Full-time,"Athens, Greece",EL,2024-08-24,kariera.gr,155251,,"['http://data.europa.eu/esco/skill/0b144726-21c2-46ed-8d13-c03d27f61604', 'http://data.europa.eu/esco/skill/19a8293b-8e95-4de3-983f-77484079c389', 'http://data.europa.eu/esco/skill/23ac233d-84ad-4517-b0f5-8ca19ba2614e', 'http://data.europa.eu/esco/skill/3cd569a2-4f88-4c1e-9995-8dce8c5e51a7', 'http://data.europa.eu/esco/skill/4c016b68-4116-468c-9dc6-42710c239e4a', 'http://data.europa.eu/esco/skill/5c1e686c-92cc-4bd7-9f23-51f9d8a58886', 'http://data.europa.eu/esco/skill/81513fdf-5ea9-4375-9bc4-67ad959ac5de', 'http://data.europa.eu/esco/skill/8f6ed69b-29d0-4c01-81ba-f05920a185f3', 'http://data.europa.eu/esco/skill/94dd823c-148e-4614-a6e8-99249b16357d', 'http://data.europa.eu/esco/skill/ccd0a1d9-afda-43d9-b901-96344886e14d']","['http://data.europa.eu/esco/occupation/719f101d-1866-49d3-8d5c-2256f606a8b9', 'http://data.europa.eu/esco/occupation/866c7813-2c03-47d7-9bdc-192cfbace57c', 'http://data.europa.eu/esco/occupation/8b6388a4-4904-471b-9331-d3b1211f5525', 'http://data.europa.eu/esco/isco/C214', 'http://data.europa.eu/esco/isco/C3435']"
3412,Test Automation Leader,"Company DescriptionWe are Netcompany-Intrasoft, a member of Netcompany Group A/S, and a leading European IT Solutions and Services company with strong international presence and expertise, dedicated to responsible digitalisation. We offer innovative and added-value solutions of the highest quality to a wide range of public and private organizations, while being a key-player in the EU Institutions for the past 30 years. We hold an outstanding record of 500+ organizations in 70+ countries, that have chosen our solutions and services, to fulfil their business needs. Our team of 3500+ professionals is our driving force and our most valuable asset.Job DescriptionOur fully inhouse Testing team consists of 180 professionals across our sites and is Gold ISTQB partner. This is a team led by Test Managers, that serves the entire Netcompany-Intrasoft organization, bringing value and benefit in all the technologies we use and offer. Our Testing team is engaged with a vast portfolio of services, technologies, solutions and methodologies.As a Test Automation Leader you will:Work on analyzing and managing the testing lifecycle of large-scale software applications of EU institutions / Products / Public Sector. You will be exposed to a wide variety of services and technologies in a multinational environment.QualificationsWhat would make you a fit for the role:University degree in Information Technology or another relevant field and 7+ years of experience in Test Automation, including leadership rolesProven experience in Software Testing and Test Automation, with expertise in designing and implementing Test Automation Strategies for Component, Functional, Regression, and Performance testsExtensive experience in testing complex business logic of enterprise-level systems and microservices architecturesProficiency in Java, .NET, Typescript, SQL, HTML, XML, JSON, Shell & Bat scriptingExpertise in various tools/frameworks such as Selenium, Appium, Playwright, Cypress, WebdriverIO, TestNG, JUnit, NUnit, Spring, Spring Boot, Cucumber, SpecFlow, Rest Assured API, SoapUI, Postman, JMeter, LoadUI, K6, BPMN, Kafka, JMSExperience with Test Management (Xray, Zephyr, Azure Test, etc.) and Defect Management Tools (Jira, etc.) and in automated integrations with those toolsProficiency with CI Tools (Jenkins, Bamboo, etc.) and pipeline scriptingExperience with Docker, Kubernetes is considered a plusStrong background in creating Test Cases, Test Scripts, Test Reports, and participation in Test CyclesProven ability to train, guide, coach, and share knowledge with less experienced team membersDeep understanding of Agile Software Development methodologiesFlexibility to manage multiple projects and technologies simultaneouslyExcellent command of the English language (written & oral).Additional InformationBeing a part of the Netcompany-Ιntrasoft team, you will be provided with: The opportunity to work in a modern environment & in a hybrid working modelA seamless onboarding experience and a buddy to support you on your first stepsA competitive compensation & benefits packageHealth and life insurance programMeal Well-being activities (on premises)Continuous learning opportunities using the most modern methods (unlimited access to Udemy for Business, ad-hoc trainings)A personalized development plan for targeted career growthIf you are looking forward to be part of a diverse environment, and have the opportunity to work alongside well-experienced professionals, on challenging, large-scale projects that directly impact millions of citizens around the globe, then this is the place to be!When at the office you will have the chance to work at our brand-new, state-of-the-art, sustainable offices, located in 3 different spots in Athens!Please submit your detailed CV and cover letter (in English)Our cultureOur people are the most important element of our success. Our work life is well defined by our set of fundamental Values: https://bit.ly/3SSbBzU  #BePartOfSomethingGreat!*Please submit your CV in EnglishAll applications will be treated as strictly confidential.",,Full-time,"Patra, Greece",EL,2024-08-24,kariera.gr,161225,,"['http://data.europa.eu/esco/skill/0a9acb6b-1139-4be9-b431-3a80a959f2f4', 'http://data.europa.eu/esco/skill/0af062de-eb43-41e9-9b96-249e2cd22d26', 'http://data.europa.eu/esco/skill/23ac233d-84ad-4517-b0f5-8ca19ba2614e', 'http://data.europa.eu/esco/skill/2d3552aa-08da-4aad-9942-675be826a212', 'http://data.europa.eu/esco/skill/3993c87c-7719-4186-811b-8ddfb40e76be', 'http://data.europa.eu/esco/skill/598de5b0-5b58-4ea7-8058-a4bc4d18c742', 'http://data.europa.eu/esco/skill/7557f0f4-b8bc-4ac0-b91e-222ab1ba744f', 'http://data.europa.eu/esco/skill/867137fb-ff1b-4ca3-99f3-cb6969aa2c68', 'http://data.europa.eu/esco/skill/8f6ed69b-29d0-4c01-81ba-f05920a185f3', 'http://data.europa.eu/esco/skill/f47a1998-0beb-43be-9f46-380aa4d183da']","['http://data.europa.eu/esco/occupation/572c51ef-531b-4331-8e66-b1641173e54e', 'http://data.europa.eu/esco/occupation/719f101d-1866-49d3-8d5c-2256f606a8b9', 'http://data.europa.eu/esco/occupation/7ed2e153-8da8-4c0d-b4c5-3402c623f34b', 'http://data.europa.eu/esco/occupation/ab7bccb2-6f81-4a3d-a0c0-fca5d47d2775']"
4176,(Senior) Software Engineer,"These are just some of the tasks you may work on as a Senior Software Engineer at OpenBet.

Work as part of a self-organising Agile team to develop new features and functionality for large scale betting websites;
Participate in code reviews;
Design solutions that are modular, scalable and portable;
Work to improve overall system architecture and design components accordingly;
Answer business stakeholders' queries about the platform;
Investigate and develop performance improvements to the platform;
Develop new solutions to resolve ongoing issues with the platform;
Work with different partners to solve integration issues;
Assist the support team in investigating production issues.
Produce robust, clear, polished code using practices like Test-Driven Development (TDD);
Extract and capture customer requirements using processes like BDD.

Why would you enjoy working with us at OpenBet?

Competitive benefits, including pension plan and private insurance for you and your family members as well as extra leave days for volunteering and other purposes.
The opportunity to work within a truly international Company, where you can expect the diversity and the opportunities of the world, mixed with a people friendly culture.
A wide palette of training opportunities and internal and external learning sources, from onboarding, to on-the-job training by our subject matter experts.
As a software house, we have a relaxed but highly professional environment with excellent facilities available, including on-site canteen & gym, showers, video, board and electronic sports games as well as lending library.
We love to get together and throw a number of group events, to celebrate new comers, enjoy some good meals together and show off our sport talents as part of company tournaments (basketball, table tennis and others!).





If you are the right candidate for us you will be able to demonstrate: 

A bachelor’s degree in a traditional science subject, ideally computer science, engineering, or information systems from a well-regarded university;
Demonstrable coding talent in at least one major language (Java, J2EE, C, C++, C#, Python or PHP);
Demonstrable experience in large scale system design and application Performance tuning;
Database design/optimisation experience (any vendor);
Ability to learn and be productive with new technologies quickly;
Excellent communication skills, both written and spoken;
A “can do” attitude and out-of-the-box thinking;
Experience of informally coaching and leading less experienced Software Engineers.
Challenges the status quo & looks for new and innovative ways of doing things.

It would also be great to see these skills/experiences as well:

Familiarity developing on Unix/Linux;
Scripting skills: Bash, Perl, Python, and JavaScript;
Knowledge on CI or CD and the associated tools;
Test automation experience (unit test or other);
Experience on Web technologies and internet protocols (Apache, SOAP, WS-*, ReST, XML, HTTP, TCP/IP, websockets)
Web development skills: HTML5, JavaScript, CSS.",Senior,Full-time,"Marousi, Greece",EL,2024-08-21,kariera.gr,164426,,"['http://data.europa.eu/esco/skill/0e0c9c11-b39e-43cf-ba95-2fe646f5de64', 'http://data.europa.eu/esco/skill/19a8293b-8e95-4de3-983f-77484079c389', 'http://data.europa.eu/esco/skill/2d667669-e738-41d2-8b6d-ff53fa952564', 'http://data.europa.eu/esco/skill/401eb8d8-6daa-4f8b-90ad-60afc71eb4f8', 'http://data.europa.eu/esco/skill/4c016b68-4116-468c-9dc6-42710c239e4a', 'http://data.europa.eu/esco/skill/4f6e68b2-85c8-446e-a96d-b306ec7e0091', 'http://data.europa.eu/esco/skill/a472a200-d895-40ca-95e7-5c5495e3dd7c', 'http://data.europa.eu/esco/skill/a4881e54-6055-4e61-855a-0a56ced7cfa3', 'http://data.europa.eu/esco/skill/b633eb55-8f1f-4ae6-ab4c-2022ffe2cb7f', 'http://data.europa.eu/esco/skill/ccd0a1d9-afda-43d9-b901-96344886e14d', 'http://data.europa.eu/esco/skill/dbfa035c-d5b6-4b93-b048-9d5024cdab9e']","['http://data.europa.eu/esco/occupation/96e88e86-f2c7-42e6-a2b2-17e4f08d4ee0', 'http://data.europa.eu/esco/occupation/c40a2919-48a9-40ea-b506-1f34f693496d', 'http://data.europa.eu/esco/occupation/ceda53cd-3f1f-425b-bd1b-c4fa17254680', 'http://data.europa.eu/esco/isco/C214', 'http://data.europa.eu/esco/isco/C2512']"
4283,Senior Java Developer Athens,"Executive Level Team on behalf of its client, a global IT professional services leader, is looking for a Senior Java Developer.
 
Senior Java Developer Athens
The Senior Java Developer will play a key role in the development, implementation and management of technology-based business solutions to improve the clients’ delivery approach. He will be coding, testing and implementing configuration changes for cloud native solutions.
 
Responsibilities:

Supporting the architecture solution outline and addressing both technical and business needs
Supporting the technical design process by participating in the analysis of technical application requirements
Development of cloud native solution with modern, domain and event driven methodologies
Develop Microservices Architecture
Assisting in design of cloud ready applications
Assisting in analysis and design of standard development life-cycle process (CI/CD, Test Automation, Code Quality etc.)
Assisting in implementing analyses that will identify requirements related to people, processes and technology
Coding and testing program modules; assisting in design
Participating in execution and documentation of tests

 
Requirements:

Java SOA or Microservices implementation
Ability to work as a team member
Ability to work creatively and analytically in a problem-solving environment
Degree of AEI / TEI in Computer Science or other relevant field",Mid-level,Full-time,"Athens, Greece",EL,2024-08-20,kariera.gr,164275,,"['http://data.europa.eu/esco/skill/07e51c60-763a-4335-b4ec-70a15f66d328', 'http://data.europa.eu/esco/skill/0ee94c0a-3716-494a-95a2-dcbab9e58be2', 'http://data.europa.eu/esco/skill/19a8293b-8e95-4de3-983f-77484079c389', 'http://data.europa.eu/esco/skill/54660948-b811-49a9-874c-bf2be5f280a2', 'http://data.europa.eu/esco/skill/7557f0f4-b8bc-4ac0-b91e-222ab1ba744f', 'http://data.europa.eu/esco/skill/78a74fd1-efc6-49dc-adb1-1b0fbe35c22c', 'http://data.europa.eu/esco/skill/a8797f21-1af0-4c5e-98ca-bf1442929363']","['http://data.europa.eu/esco/occupation/2fb96c6c-8d0b-4ef0-b1ee-3e493305e4eb', 'http://data.europa.eu/esco/occupation/349ee6f6-c295-4c38-9b98-48765b55280e', 'http://data.europa.eu/esco/occupation/ab7bccb2-6f81-4a3d-a0c0-fca5d47d2775', 'http://data.europa.eu/esco/occupation/fde4372d-8293-42de-afbb-8b5a9b274fe7']"
4284,Senior Java Developer Thessaloniki,"Executive Level Team on behalf of its client, a global IT professional services leader, is looking for a Senior Java Developer.
 
Senior Java Developer Thessaloniki
The Senior Java Developer will play a key role in the development, implementation and management of technology-based business solutions to improve the clients’ delivery approach. He will be coding, testing and implementing configuration changes for cloud native solutions.
 
Responsibilities:

Supporting the architecture solution outline and addressing both technical and business needs
Supporting the technical design process by participating in the analysis of technical application requirements
Development of cloud native solution with modern, domain and event driven methodologies
Develop Microservices Architecture
Assisting in design of cloud ready applications
Assisting in analysis and design of standard development life-cycle process (CI/CD, Test Automation, Code Quality etc.)
Assisting in implementing analyses that will identify requirements related to people, processes and technology
Coding and testing program modules; assisting in design
Participating in execution and documentation of tests

 
Requirements:

Java SOA or Microservices implementation
Ability to work as a team member
Ability to work creatively and analytically in a problem-solving environment
Degree of AEI / TEI in Computer Science or other relevant field",Mid-level,Full-time,"Thessaloniki, Greece",EL,2024-08-20,kariera.gr,164274,,"['http://data.europa.eu/esco/skill/07e51c60-763a-4335-b4ec-70a15f66d328', 'http://data.europa.eu/esco/skill/0ee94c0a-3716-494a-95a2-dcbab9e58be2', 'http://data.europa.eu/esco/skill/19a8293b-8e95-4de3-983f-77484079c389', 'http://data.europa.eu/esco/skill/54660948-b811-49a9-874c-bf2be5f280a2', 'http://data.europa.eu/esco/skill/7557f0f4-b8bc-4ac0-b91e-222ab1ba744f', 'http://data.europa.eu/esco/skill/78a74fd1-efc6-49dc-adb1-1b0fbe35c22c', 'http://data.europa.eu/esco/skill/a8797f21-1af0-4c5e-98ca-bf1442929363']","['http://data.europa.eu/esco/occupation/2fb96c6c-8d0b-4ef0-b1ee-3e493305e4eb', 'http://data.europa.eu/esco/occupation/349ee6f6-c295-4c38-9b98-48765b55280e', 'http://data.europa.eu/esco/occupation/ab7bccb2-6f81-4a3d-a0c0-fca5d47d2775', 'http://data.europa.eu/esco/occupation/fde4372d-8293-42de-afbb-8b5a9b274fe7']"
4299,"ENGINEERS (HEI/TEI), ELECTRICAL TECHNICIANS & IT GRADUATES","The company ""Hellenic Dairies"" is interested in hiring for the facilities in Trikala and Larissa:

Higher Education Engineers (HEI/ATEI) Electricians, Mechanical Engineers, Chemists, Production & Management, Electronics, Automation Engineers and, 
Electricians & Practical Engineers, for the staffing of the Technical department and the Production departments.
Graduates of Informatics Schools for the staffing of the Group's IT department.

Position Description:
The main responsibilities concern the support of each team. These include the control and supervision of systems operation, solving basic problems and meeting needs.
Additionally for IT Graduates:

User support (Helpdesk support).
Solving hardware and software problems on workstations & servers.
Support and maintenance of internal applications and systems.
Develop and maintain code to automate tasks or improve processes.
Installation, configuration and maintenance of computer systems, applications and devices.

Necessary qualifications:

AEI-TEI degree (or foreign equivalent) in the relevant field
Planning and task organization skills
Ability to work effectively in a pressure environment

Additionally for IT Graduates:

Degree in Computer Science or related field.
Basic knowledge about servers, virtualization & networking.
Knowledge of at least one programming language (eg Python, Java).
Familiarity with Windows/Windows Server operating systems.
Excellent knowledge of Greek & English (written and spoken).

Desired qualifications:

Work experience in a similar position
Good knowledge of English and PC (MS Office)

Additionally for IT Graduates:

Previous experience in a similar position.
Experience in SAP ERP (or other ERP).
Active Directory & Microsoft 365 management experience.
IT certifications.

The company offers:

Excellent working climate
Salary package commensurate with qualifications
Continuous development of organizational structures
Special staff training - training - guidance program
Experience in a dynamically growing multinational company.

Attach your CV to the link: https://jobs.hellenicdairies.com/cvform/create
MANDATORY LISTING OF ADVERTISEMENT CODE 200824/7",No experience / No degree,Full-time,"Gomfoi, Greece",EL,2024-08-20,kariera.gr,164241,,"['http://data.europa.eu/esco/skill/435d1751-8667-41ec-8b32-865b7cd3c684', 'http://data.europa.eu/esco/skill/6c153605-d62c-4970-81a9-49646ab32032', 'http://data.europa.eu/esco/skill/75b30aeb-34c0-40f4-b77d-271d75a98b14', 'http://data.europa.eu/esco/skill/c77db25e-bb51-4a10-b2ad-99b48b1b4a37', 'http://data.europa.eu/esco/skill/ea4ebfa1-e17a-4416-ac54-955f33e6ade7', 'http://data.europa.eu/esco/skill/f8e3425c-fe44-4ffb-bafe-0e20d91dadf4']","['http://data.europa.eu/esco/occupation/00030d09-2b3a-4efd-87cc-c4ea39d27c34', 'http://data.europa.eu/esco/occupation/0d93706d-32fd-4de3-aa08-be1003e325da', 'http://data.europa.eu/esco/occupation/4d34a9ee-2653-4da0-bef7-f59294577224', 'http://data.europa.eu/esco/occupation/579254cf-6d69-4889-9000-9c79dc568644', 'http://data.europa.eu/esco/occupation/5df63943-f1bc-4438-90f1-92768a7a23c8', 'http://data.europa.eu/esco/occupation/a241eff8-309b-43ae-8890-ac4cfbd3067c', 'http://data.europa.eu/esco/occupation/bb609566-3ab6-44dd-8f48-cf0b15b96827', 'http://data.europa.eu/esco/occupation/eb9479c6-5fdf-4f45-ace4-28b547b8c7e5', 'http://data.europa.eu/esco/isco/C214', 'http://data.europa.eu/esco/isco/C2424', 'http://data.europa.eu/esco/occupation/9a26d76b-b9e3-46ae-ab4b-057a1262138b']"
4387,Software Engineer (.NET & Angular),"Welcome to IT Recruitment team, part of kariera.gr, where innovation meets talent. IT Recruitment team specializes in connecting top-tier technology professionals with forward-thinking companies. Whether you’’re a seasoned IT expert or just starting your tech journey, we’’re here to guide you.
Executive Level IT Team on behalf of its client, a leader in business-to-customer transaction technologies in Central and Eastern Europe, is looking for a Software Engineer.
Software Engineer (.NET & Angular)
Responsibilities

Implement software solutions and handle complex assignments
Develop new functionalities, and enhancements and parameterize existing applications to increase operating efficiency
Identify, understand, and translate business requirements into technical specifications
Participate in troubleshooting and customer support when required

Requirements

Degree in IT, Computer Science, Computer Engineering, System Management, Information System Management
3+ years of professional experience in .NET platform (C#) and object-oriented programming
Programming skills in Angular, .Net core, and .Net core Entity framework
Experience in SQL & relational databases (MS SQL Server 2008 or higher, Entity framework)
Familiar with Asynchronous programming
Familiar with Source control procedure (TFS)
Basic experience in Web development skills (ASP. Net, Java Script), XML & related technologies (XSL, XSD, etc.)
Excellent command of the Greek & English language (written & verbal)",Mid-level,Full-time,"Gerakas, Greece",EL,2024-08-20,kariera.gr,164153,,"['http://data.europa.eu/esco/skill/1d86f05e-e9cc-40ce-99d8-2b21cc71b16b', 'http://data.europa.eu/esco/skill/1ffac4ac-fda7-407d-8ed1-ca8f4a8dc146', 'http://data.europa.eu/esco/skill/5b26f08b-88bc-45f0-b901-530d7786466b', 'http://data.europa.eu/esco/skill/89f6560b-2194-45c9-9ece-d33049a73eef', 'http://data.europa.eu/esco/skill/a8797f21-1af0-4c5e-98ca-bf1442929363', 'http://data.europa.eu/esco/skill/b1ef509e-f191-405a-8419-51663b08922e', 'http://data.europa.eu/esco/skill/d9e5349e-8791-49c2-8ba4-839fdd1606c2', 'http://data.europa.eu/esco/skill/ea4ebfa1-e17a-4416-ac54-955f33e6ade7']","['http://data.europa.eu/esco/occupation/92bb3d8c-8a9f-4cd7-80ec-247bbf173004', 'http://data.europa.eu/esco/occupation/c40a2919-48a9-40ea-b506-1f34f693496d', 'http://data.europa.eu/esco/occupation/f2b15a0e-e65a-438a-affb-29b9d50b77d1', 'http://data.europa.eu/esco/isco/C25', 'http://data.europa.eu/esco/isco/C2512']"
4523,Junior Application Security Engineer,"Company DescriptionWe are Netcompany-Intrasoft, a member of Netcompany Group A/S, and a leading European IT Solutions and Services company with strong international presence and expertise, dedicated to responsible digitalisation. We offer innovative and added-value solutions of the highest quality to a wide range of public and private organizations, while being a key-player in the EU Institutions for the past 30 years. We hold an outstanding record of 500+ organizations in 70+ countries, that have chosen our solutions and services, to fulfil their business needs. Our team of 3500+ professionals is our driving force and our most valuable asset.Job DescriptionWhat does it feel like to be a Junior Application Security Engineer in Netcompany-Intrasoft?Join us as a Junior Application Engineer, you will be part of the Information Security Department and you will participate in the design, implementation, operation, and monitoring of the Secure Software Development Lifecycle roadmap of Netcompany-Intrasoft according to the business strategy and selected information security standards and best practices. Moreover, you will support application of security by design principles across Netcompany-Intrasoft products and software development services, and enhance security assurance levels related to application security through DevSecOps culture and automation.As a Junior Application Security Engineer you will:Perform manual secure code review to identify and report security issues and weaknessesReview output from automated application security testing (e.g., SAST, DAST, SCA) and perform triage activities to assess relevancy of discovered vulnerabilities and rate their security impactPerform research and investigation to propose solutions in mitigating security vulnerabilities, at the application and code level, discovered by manual and automated security testing assessmentsPerform scoped manual security verification assessments with specialized tools (e.g., Burp, ZAP Proxy, Postman and other) and prepare reports describing issues towards development teamsReview software architecture and design documentation to determine security threats, risks, and develop test-cases for manual security testing assessmentsParticipate and contribute to application security training activities and workshopsGive presentations on technical security topics towards internal development teams Support the implementation, configuration, and continuous tuning of scanning policies in DevSecOps tooling (e.g., SAST, DAST, CA)Support the automation of task execution related to DevSecOps tooling by developing scriptsQualificationsWhat would make you a fit for the role:If you have Bachelor Degree in Computer Science or Computer Engineering fieldMaster Degree in Information Security field or have some practical experience of 1 or more years in Information Security domainAbility to understand workflows written in programming languages such as Java, C#, JavaScript and/or PythonExperience with OWASP Top 10 risks and CWE Top 25 vulnerabilities and discovering these vulnerabilities in assessment targetsKnowledge in at least one of the following domains: HTML, CSS, URLs, DOM, Browser/Server Communication, Web ServersKnowledge in at least one of the following domains: Operating System Internals, Cloud Architecture, Container technology, Networking, Cryptography, Authentication mechanisms, Authorization controls, Input validation or DevSecOpsKnowledge of exploitation techniques related to at least three of the following vulnerabilities: XSS, SQLi, IDOR, SSRF, CSRF, HTTP Header Smuggling; Knowledge of security verification tools such as Burp Suite, ZAP, SonarQubeKnowledge of risk measurement frameworks (e.g., CVSS, CWSS);Excellent command of the English language.Additional InformationBeing a part of the Netcompany-Ιntrasoft team, you will be provided with: The opportunity to work in a modern environment & in a hybrid working modelA seamless onboarding experience and a buddy to support you on your first stepsA competitive compensation & benefits packageHealth and life insurance programMeal and commuting allowanceWell-being activities (on premises)Continuous learning opportunities using the most modern methods (unlimited access to Udemy for Business, ad-hoc trainings)A personalized development plan for targeted career growthIf you are looking forward to be part of a diverse environment, and have the opportunity to work alongside well-experienced professionals, on challenging, large-scale projects that directly impact millions of citizens around the globe, then this is the place to be!By joining Netcompany-Intrasoft Athens, you will be part of a vivid team of 2000+ tech enthusiasts. When at the office you will have the chance to work at our brand-new, state-of-the-art, sustainable offices, located in 3 different spots in Athens!#LI-TM1Our cultureOur people are the most important element of our success. Our work life is well defined by our set of fundamental Values: https://bit.ly/3SSbBzU  #BePartOfSomethingGreat!*Please submit your CV in EnglishAll applications will be treated as strictly confidential.",,Full-time,"Athens, Greece",EL,2024-08-19,kariera.gr,160497,,"['http://data.europa.eu/esco/skill/11430d93-c835-48ed-8e70-285fa69c9ae6', 'http://data.europa.eu/esco/skill/1ce4cddd-4a74-458e-a2d4-152ca939475a', 'http://data.europa.eu/esco/skill/23ac233d-84ad-4517-b0f5-8ca19ba2614e', 'http://data.europa.eu/esco/skill/4c016b68-4116-468c-9dc6-42710c239e4a', 'http://data.europa.eu/esco/skill/7f27f1ff-2e17-4b69-990e-c23334478313', 'http://data.europa.eu/esco/skill/8f6ed69b-29d0-4c01-81ba-f05920a185f3', 'http://data.europa.eu/esco/skill/f0163b63-6794-4eb7-b17b-f91d11b2602d', 'http://data.europa.eu/esco/skill/f4a6e9f7-5cff-46c0-894c-59c20bb78694']","['http://data.europa.eu/esco/occupation/2082e125-d06b-43e6-957f-b7aa3c48dc2f', 'http://data.europa.eu/esco/occupation/2fb96c6c-8d0b-4ef0-b1ee-3e493305e4eb', 'http://data.europa.eu/esco/occupation/719f101d-1866-49d3-8d5c-2256f606a8b9', 'http://data.europa.eu/esco/occupation/76ef0a87-6afe-4560-b5d0-9a086abe45c5', 'http://data.europa.eu/esco/occupation/7ed2e153-8da8-4c0d-b4c5-3402c623f34b', 'http://data.europa.eu/esco/occupation/93b11f0f-69af-4ece-b9da-f29aab7d38d3', 'http://data.europa.eu/esco/occupation/a44a1dc5-be08-4840-8bd5-770c4ac1ca6d', 'http://data.europa.eu/esco/occupation/c66b4569-09aa-4d8d-93d9-ac9b9176655d', 'http://data.europa.eu/esco/occupation/fde4372d-8293-42de-afbb-8b5a9b274fe7']"
4569,Java Software Engineer,"Company DescriptionWe are Netcompany-Intrasoft, a member of Netcompany Group A/S, and a leading European IT Solutions and Services company with strong international presence and expertise, dedicated to responsible digitalisation. We offer innovative and added-value solutions of the highest quality to a wide range of public and private organizations, while being a key-player in the EU Institutions for the past 30 years. We hold an outstanding record of 500+ organizations in 70+ countries, that have chosen our solutions and services, to fulfil their business needs. Our team of 3500+ professionals is our driving force and our most valuable asset.Job DescriptionAre you ready to discover the role of a Java Software Engineer in Netcompany-Intrasoft?Joining us as a Java Software Engineer, you will have the opportunity to be a part of our highly skilled agile teams working within large-scale transformation projects for global clients in exciting and challenging markets such as European Institutions, Telecoms, Sports Betting & Lotteries, Fintech, Healthtech Insurance, Public Domain (next-gen). As a Java Software Engineer you will:Design, develop and maintain back-end of large web-based Java EE applicationsParticipate in the technical analysis, documentation, implementation, and integration of robust applicationsTest and manage early life support of core software tools and assets produced in the context of software development projectsQualificationsWhat would make you a fit for the role:Degree in Computer Science, Software Engineering or a related disciplineExperience inJEE applicationsSQLRESTful and SOAP web-servicesExcellent communication skillsGood interpersonal skills, adaptability and team spiritFluency in EnglishIt would also be a plus if you match some of the following:Experience in Spring/Spring bootExperience in JPA or HibernateExperience in Apache Kafka or RabbitMQExperience in NoSQLAdditional InformationBeing a part of the Netcompany-Ιntrasoft team, you will be provided with: The opportunity to work in a modern environment & in a hybrid working modelA seamless onboarding experience and a buddy to support you on your first stepsA competitive compensation & benefits packageHealth and life insurance programMeal and commuting allowanceWell-being activities (on premises)Continuous learning opportunities using the most modern methods (unlimited access to Udemy for Business, ad-hoc trainings)A personalized development plan for targeted career growthIf you are looking forward to be part of a diverse environment, and have the opportunity to work alongside well-experienced professionals, on challenging, large-scale projects that directly impact millions of citizens around the globe, then this is the place to be!By joining Netcompany-Intrasoft Athens, you will be part of a vivid team of 2000+ tech enthusiasts. When at the office you will have the chance to work at our brand-new, state-of-the-art, sustainable offices, located in 3 different spots in Athens!#LI-Hybrid #LI-KA1 #LI-ZS1Our cultureOur people are the most important element of our success. Our work life is well defined by our set of fundamental Values: https://bit.ly/3SSbBzU  #BePartOfSomethingGreat!*Please submit your CV in EnglishAll applications will be treated as strictly confidential.",,Full-time,"Athens, Greece",EL,2024-08-17,kariera.gr,153729,,"['http://data.europa.eu/esco/skill/19a8293b-8e95-4de3-983f-77484079c389', 'http://data.europa.eu/esco/skill/23ac233d-84ad-4517-b0f5-8ca19ba2614e', 'http://data.europa.eu/esco/skill/385479b7-5da5-4367-9763-0d15b41bb65b', 'http://data.europa.eu/esco/skill/49de9958-2aa4-4eef-a89d-fe5d5bcd28c4', 'http://data.europa.eu/esco/skill/60b44dab-03f1-46de-be08-0e5ba8662b3d', 'http://data.europa.eu/esco/skill/8f6ed69b-29d0-4c01-81ba-f05920a185f3']","['http://data.europa.eu/esco/occupation/57af9090-55b4-4911-b2d0-86db01c00b02', 'http://data.europa.eu/esco/occupation/719f101d-1866-49d3-8d5c-2256f606a8b9', 'http://data.europa.eu/esco/occupation/d07e6a57-a339-4cfd-bf22-a951713148a3']"
4570,Java Software Engineer,"Company DescriptionWe are Netcompany-Intrasoft, a member of Netcompany Group A/S, and a leading European IT Solutions and Services company with strong international presence and expertise, dedicated to responsible digitalisation. We offer innovative and added-value solutions of the highest quality to a wide range of public and private organizations, while being a key-player in the EU Institutions for the past 30 years. We hold an outstanding record of 500+ organizations in 70+ countries, that have chosen our solutions and services, to fulfil their business needs. Our team of 3500+ professionals is our driving force and our most valuable asset.Job DescriptionAre you ready to discover the role of a Java Software Engineer in Netcompany-Intrasoft?Joining us as a Java Software Engineer, you will have the opportunity to be a part of our highly skilled agile teams working within large-scale transformation projects for global clients in exciting and challenging markets such as European Institutions, Telecoms, Sports Betting & Lotteries, Fintech, Healthtech Insurance, Public Domain (next-gen). As a Java Software Engineer you will:Design, develop and maintain back-end of large web-based Java EE applicationsParticipate in the technical analysis, documentation, implementation, and integration of robust applicationsTest and manage early life support of core software tools and assets produced in the context of software development projectsQualificationsWhat would make you a fit for the role:Degree in Computer Science, Software Engineering or a related disciplineExperience inJEE applicationsSQLRESTful and SOAP web-servicesExcellent communication skillsGood interpersonal skills, adaptability and team spiritFluency in EnglishIt would also be a plus if you match some of the following:Experience in Spring/Spring bootExperience in JPA or HibernateExperience in Apache Kafka or RabbitMQExperience in NoSQLAdditional InformationBeing a part of the Netcompany-Ιntrasoft team, you will be provided with: The opportunity to work in a modern environment & in a hybrid working modelA seamless onboarding experience and a buddy to support you on your first stepsA competitive compensation & benefits packageHealth and life insurance programMeal and commuting allowanceWell-being activities (on premises)Continuous learning opportunities using the most modern methods (unlimited access to Udemy for Business, ad-hoc trainings)A personalized development plan for targeted career growthIf you are looking forward to be part of a diverse environment, and have the opportunity to work alongside well-experienced professionals, on challenging, large-scale projects that directly impact millions of citizens around the globe, then this is the place to be!Join Netcompany-Intrasoft Thessaloniki's branch, and be part of our 250+ tech enthusiasts team!#LI-Hybrid #LI-KA1 #LI-ZS1Our cultureOur people are the most important element of our success. Our work life is well defined by our set of fundamental Values: https://bit.ly/3SSbBzU  #BePartOfSomethingGreat!*Please submit your CV in EnglishAll applications will be treated as strictly confidential.",,Full-time,"Thessaloniki, Greece",EL,2024-08-17,kariera.gr,153728,,"['http://data.europa.eu/esco/skill/19a8293b-8e95-4de3-983f-77484079c389', 'http://data.europa.eu/esco/skill/23ac233d-84ad-4517-b0f5-8ca19ba2614e', 'http://data.europa.eu/esco/skill/385479b7-5da5-4367-9763-0d15b41bb65b', 'http://data.europa.eu/esco/skill/49de9958-2aa4-4eef-a89d-fe5d5bcd28c4', 'http://data.europa.eu/esco/skill/60b44dab-03f1-46de-be08-0e5ba8662b3d', 'http://data.europa.eu/esco/skill/8f6ed69b-29d0-4c01-81ba-f05920a185f3']","['http://data.europa.eu/esco/occupation/57af9090-55b4-4911-b2d0-86db01c00b02', 'http://data.europa.eu/esco/occupation/719f101d-1866-49d3-8d5c-2256f606a8b9', 'http://data.europa.eu/esco/occupation/d07e6a57-a339-4cfd-bf22-a951713148a3']"
4571,Java Software Engineer,"Company DescriptionWe are Netcompany-Intrasoft, a member of Netcompany Group A/S, and a leading European IT Solutions and Services company with strong international presence and expertise, dedicated to responsible digitalisation. We offer innovative and added-value solutions of the highest quality to a wide range of public and private organizations, while being a key-player in the EU Institutions for the past 30 years. We hold an outstanding record of 500+ organizations in 70+ countries, that have chosen our solutions and services, to fulfil their business needs. Our team of 3500+ professionals is our driving force and our most valuable asset.Job DescriptionAre you ready to discover the role of a Java Software Engineer in Netcompany-Intrasoft?Joining us as a Java Software Engineer, you will have the opportunity to be a part of our highly skilled agile teams working within large-scale transformation projects for global clients in exciting and challenging markets such as European Institutions, Telecoms, Sports Betting & Lotteries, Fintech, Healthtech Insurance, Public Domain (next-gen). As a Java Software Engineer you will:Design, develop and maintain back-end of large web-based Java EE applicationsParticipate in the technical analysis, documentation, implementation, and integration of robust applicationsTest and manage early life support of core software tools and assets produced in the context of software development projectsQualificationsWhat would make you a fit for the role:Degree in Computer Science, Software Engineering or a related disciplineExperience inJEE applicationsSQLRESTful and SOAP web-servicesExcellent communication skillsGood interpersonal skills, adaptability and team spiritFluency in EnglishIt would also be a plus if you match some of the following:Experience in Spring/Spring bootExperience in JPA or HibernateExperience in Apache Kafka or RabbitMQExperience in NoSQLAdditional InformationBeing a part of the Netcompany-Ιntrasoft team, you will be provided with: The opportunity to work in a modern environment & in a hybrid working modelA seamless onboarding experience and a buddy to support you on your first stepsA competitive compensation & benefits packageHealth and life insurance programMeal allowanceWell-being activities (on premises)Continuous learning opportunities using the most modern methods (unlimited access to Udemy for Business, ad-hoc trainings)A personalized development plan for targeted career growthIf you are looking forward to be part of a diverse environment, and have the opportunity to work alongside well-experienced professionals, on challenging, large-scale projects that directly impact millions of citizens around the globe, then this is the place to be!Join Netcompany-Intrasoft Patras' branch, and be part of our 150+ tech enthusiasts team!#LI-Hybrid #LI-KA1 #LI-ZS1Our cultureOur people are the most important element of our success. Our work life is well defined by our set of fundamental Values: https://bit.ly/3SSbBzU  #BePartOfSomethingGreat!*Please submit your CV in EnglishAll applications will be treated as strictly confidential.",,Full-time,"Patra, Greece",EL,2024-08-17,kariera.gr,153727,,"['http://data.europa.eu/esco/skill/19a8293b-8e95-4de3-983f-77484079c389', 'http://data.europa.eu/esco/skill/23ac233d-84ad-4517-b0f5-8ca19ba2614e', 'http://data.europa.eu/esco/skill/385479b7-5da5-4367-9763-0d15b41bb65b', 'http://data.europa.eu/esco/skill/49de9958-2aa4-4eef-a89d-fe5d5bcd28c4', 'http://data.europa.eu/esco/skill/60b44dab-03f1-46de-be08-0e5ba8662b3d', 'http://data.europa.eu/esco/skill/8f6ed69b-29d0-4c01-81ba-f05920a185f3']","['http://data.europa.eu/esco/occupation/57af9090-55b4-4911-b2d0-86db01c00b02', 'http://data.europa.eu/esco/occupation/719f101d-1866-49d3-8d5c-2256f606a8b9', 'http://data.europa.eu/esco/occupation/d07e6a57-a339-4cfd-bf22-a951713148a3']"
4572,Lead Java Software Engineer,"Company DescriptionWe are Netcompany-Intrasoft, a member of Netcompany Group A/S, and a leading European IT Solutions and Services company with strong international presence and expertise, dedicated to responsible digitalisation. We offer innovative and added-value solutions of the highest quality to a wide range of public and private organizations, while being a key-player in the EU Institutions for the past 30 years. We hold an outstanding record of 500+ organizations in 70+ countries, that have chosen our solutions and services, to fulfil their business needs. Our team of 3500+ professionals is our driving force and our most valuable asset.Job DescriptionAre you ready to discover the role of a Lead Java Software Engineer in Netcompany-Intrasoft?Joining us as a Lead Java Software Engineer, you will have the opportunity to be a part of our highly skilled agile teams working within large-scale transformation projects for global clients in exciting and challenging markets such as European Institutions, Telecoms, Sports Betting & Lotteries, Fintech, Healthtech Insurance, Public Domain (next-gen).As a Lead Java Software Engineer you will:Lead and mentor a group of SW EngineersDesign, develop and maintain back-end of large web-based Java EE applicationsParticipate in the technical analysis, documentation, implementation, and integration of robust applicationsTest and manage early life support of core software tools and assets produced in the context of software development projectsQualificationsWhat would make you a fit for the role:Degree in Computer Science, Software Engineering or a related disciplineExperience inJEE applicationsSQLRESTful and SOAP web-servicesTeam LeadingExcellent communication skillsGood interpersonal skills, adaptability and team spiritFluency in EnglishIt would also be a plus if you match some of the following:Experience in Spring/Spring bootExperience in JPA or HibernateExperience in Apache Kafka or RabbitMQExperience in NoSQLAdditional InformationBeing a part of the Netcompany-Ιntrasoft team, you will be provided with: The opportunity to work in a modern environment & in a hybrid working modelA seamless onboarding experience and a buddy to support you on your first stepsA competitive compensation & benefits packageHealth and life insurance programMeal and commuting allowanceWell-being activities (on premises)Continuous learning opportunities using the most modern methods (unlimited access to Udemy for Business, ad-hoc trainings)A personalized development plan for targeted career growthIf you are looking forward to be part of a diverse environment, and have the opportunity to work alongside well-experienced professionals, on challenging, large-scale projects that directly impact millions of citizens around the globe, then this is the place to be!By joining Netcompany-Intrasoft Athens, you will be part of a vivid team of 2000+ tech enthusiasts. When at the office you will have the chance to work at our brand-new, state-of-the-art, sustainable offices, located in 3 different spots in Athens!#LI-Hybrid #LI-KA1 #LI-ZS1Our cultureOur people are the most important element of our success. Our work life is well defined by our set of fundamental Values: https://bit.ly/3SSbBzU  #BePartOfSomethingGreat!*Please submit your CV in EnglishAll applications will be treated as strictly confidential.",,Full-time,"Athens, Greece",EL,2024-08-17,kariera.gr,153726,,"['http://data.europa.eu/esco/skill/23ac233d-84ad-4517-b0f5-8ca19ba2614e', 'http://data.europa.eu/esco/skill/385479b7-5da5-4367-9763-0d15b41bb65b', 'http://data.europa.eu/esco/skill/49de9958-2aa4-4eef-a89d-fe5d5bcd28c4', 'http://data.europa.eu/esco/skill/60b44dab-03f1-46de-be08-0e5ba8662b3d', 'http://data.europa.eu/esco/skill/8f6ed69b-29d0-4c01-81ba-f05920a185f3']","['http://data.europa.eu/esco/occupation/57af9090-55b4-4911-b2d0-86db01c00b02', 'http://data.europa.eu/esco/occupation/719f101d-1866-49d3-8d5c-2256f606a8b9', 'http://data.europa.eu/esco/occupation/d07e6a57-a339-4cfd-bf22-a951713148a3']"
4573,Lead Java Software Engineer,"Company DescriptionWe are Netcompany-Intrasoft, a member of Netcompany Group A/S, and a leading European IT Solutions and Services company with strong international presence and expertise, dedicated to responsible digitalisation. We offer innovative and added-value solutions of the highest quality to a wide range of public and private organizations, while being a key-player in the EU Institutions for the past 30 years. We hold an outstanding record of 500+ organizations in 70+ countries, that have chosen our solutions and services, to fulfil their business needs. Our team of 3500+ professionals is our driving force and our most valuable asset.Job DescriptionAre you ready to discover the role of a Lead Java Software Engineer in Netcompany-Intrasoft?Joining us as a Lead Java Software Engineer, you will have the opportunity to be a part of our highly skilled agile teams working within large-scale transformation projects for global clients in exciting and challenging markets such as European Institutions, Telecoms, Sports Betting & Lotteries, Fintech, Healthtech Insurance, Public Domain (next-gen).As a Lead Java Software Engineer you will:Lead and mentor a group of SW EngineersDesign, develop and maintain back-end of large web-based Java EE applicationsParticipate in the technical analysis, documentation, implementation, and integration of robust applicationsTest and manage early life support of core software tools and assets produced in the context of software development projectsQualificationsWhat would make you a fit for the role:Degree in Computer Science, Software Engineering or a related disciplineExperience inJEE applicationsSQLRESTful and SOAP web-servicesTeam LeadingExcellent communication skillsGood interpersonal skills, adaptability and team spiritFluency in EnglishIt would also be a plus if you match some of the following:Experience in Spring/Spring bootExperience in JPA or HibernateExperience in Apache Kafka or RabbitMQExperience in NoSQLAdditional InformationBeing a part of the Netcompany-Ιntrasoft team, you will be provided with: The opportunity to work in a modern environment & in a hybrid working modelA seamless onboarding experience and a buddy to support you on your first stepsA competitive compensation & benefits packageHealth and life insurance programMeal and commuting allowanceWell-being activities (on premises)Continuous learning opportunities using the most modern methods (unlimited access to Udemy for Business, ad-hoc trainings)A personalized development plan for targeted career growthIf you are looking forward to be part of a diverse environment, and have the opportunity to work alongside well-experienced professionals, on challenging, large-scale projects that directly impact millions of citizens around the globe, then this is the place to be!Join Netcompany-Intrasoft Thessaloniki's branch, and be part of our 250+ tech enthusiasts team!#LI-Hybrid #LI-KA1 #LI-ZS1Our cultureOur people are the most important element of our success. Our work life is well defined by our set of fundamental Values: https://bit.ly/3SSbBzU  #BePartOfSomethingGreat!*Please submit your CV in EnglishAll applications will be treated as strictly confidential.",,Full-time,"Thessaloniki, Greece",EL,2024-08-17,kariera.gr,153725,,"['http://data.europa.eu/esco/skill/23ac233d-84ad-4517-b0f5-8ca19ba2614e', 'http://data.europa.eu/esco/skill/385479b7-5da5-4367-9763-0d15b41bb65b', 'http://data.europa.eu/esco/skill/49de9958-2aa4-4eef-a89d-fe5d5bcd28c4', 'http://data.europa.eu/esco/skill/60b44dab-03f1-46de-be08-0e5ba8662b3d', 'http://data.europa.eu/esco/skill/8f6ed69b-29d0-4c01-81ba-f05920a185f3']","['http://data.europa.eu/esco/occupation/57af9090-55b4-4911-b2d0-86db01c00b02', 'http://data.europa.eu/esco/occupation/719f101d-1866-49d3-8d5c-2256f606a8b9', 'http://data.europa.eu/esco/occupation/d07e6a57-a339-4cfd-bf22-a951713148a3']"
4574,Lead Java Software Engineer,"Company DescriptionWe are Netcompany-Intrasoft, a member of Netcompany Group A/S, and a leading European IT Solutions and Services company with strong international presence and expertise, dedicated to responsible digitalisation. We offer innovative and added-value solutions of the highest quality to a wide range of public and private organizations, while being a key-player in the EU Institutions for the past 30 years. We hold an outstanding record of 500+ organizations in 70+ countries, that have chosen our solutions and services, to fulfil their business needs. Our team of 3500+ professionals is our driving force and our most valuable asset.Job DescriptionAre you ready to discover the role of a Lead Java Software Engineer in Netcompany-Intrasoft?Joining us as a Lead Java Software Engineer, you will have the opportunity to be a part of our highly skilled agile teams working within large-scale transformation projects for global clients in exciting and challenging markets such as European Institutions, Telecoms, Sports Betting & Lotteries, Fintech, Healthtech Insurance, Public Domain (next-gen).As a Lead Java Software Engineer you will:Lead and mentor a group of SW EngineersDesign, develop and maintain back-end of large web-based Java EE applicationsParticipate in the technical analysis, documentation, implementation, and integration of robust applicationsTest and manage early life support of core software tools and assets produced in the context of software development projectsQualificationsWhat would make you a fit for the role:Degree in Computer Science, Software Engineering or a related disciplineExperience inJEE applicationsSQLRESTful and SOAP web-servicesTeam LeadingExcellent communication skillsGood interpersonal skills, adaptability and team spiritFluency in EnglishIt would also be a plus if you match some of the following:Experience in Spring/Spring bootExperience in JPA or HibernateExperience in Apache Kafka or RabbitMQExperience in NoSQLAdditional InformationBeing a part of the Netcompany-Ιntrasoft team, you will be provided with: The opportunity to work in a modern environment & in a hybrid working modelA seamless onboarding experience and a buddy to support you on your first stepsA competitive compensation & benefits packageHealth and life insurance programMeal allowanceWell-being activities (on premises)Continuous learning opportunities using the most modern methods (unlimited access to Udemy for Business, ad-hoc trainings)A personalized development plan for targeted career growthIf you are looking forward to be part of a diverse environment, and have the opportunity to work alongside well-experienced professionals, on challenging, large-scale projects that directly impact millions of citizens around the globe, then this is the place to be!Join Netcompany-Intrasoft Patras' branch, and be part of our 150+ tech enthusiasts team!#LI-Hybrid #LI-KA1 #LI-ZS1Our cultureOur people are the most important element of our success. Our work life is well defined by our set of fundamental Values: https://bit.ly/3SSbBzU  #BePartOfSomethingGreat!*Please submit your CV in EnglishAll applications will be treated as strictly confidential.",,Full-time,"Patra, Greece",EL,2024-08-17,kariera.gr,153724,,"['http://data.europa.eu/esco/skill/23ac233d-84ad-4517-b0f5-8ca19ba2614e', 'http://data.europa.eu/esco/skill/385479b7-5da5-4367-9763-0d15b41bb65b', 'http://data.europa.eu/esco/skill/49de9958-2aa4-4eef-a89d-fe5d5bcd28c4', 'http://data.europa.eu/esco/skill/60b44dab-03f1-46de-be08-0e5ba8662b3d', 'http://data.europa.eu/esco/skill/8f6ed69b-29d0-4c01-81ba-f05920a185f3']","['http://data.europa.eu/esco/occupation/57af9090-55b4-4911-b2d0-86db01c00b02', 'http://data.europa.eu/esco/occupation/719f101d-1866-49d3-8d5c-2256f606a8b9', 'http://data.europa.eu/esco/occupation/d07e6a57-a339-4cfd-bf22-a951713148a3']"
4575,Solutions Architect (Java),"Company DescriptionWe are Netcompany-Intrasoft, a member of Netcompany Group A/S, and a leading European IT Solutions and Services company with strong international presence and expertise, dedicated to responsible digitalisation. We offer innovative and added-value solutions of the highest quality to a wide range of public and private organizations, while being a key-player in the EU Institutions for the past 30 years. We hold an outstanding record of 500+ organizations in 70+ countries, that have chosen our solutions and services, to fulfil their business needs. Our team of 3500+ professionals is our driving force and our most valuable asset.Job DescriptionAre you ready to discover the role of a Solutions Architect in Netcompany-Intrasoft?Joining us as a Solutions Architect, you will have the opportunity to be a part of our highly skilled agile teams working within large-scale transformation projects for global clients in exciting and challenging markets such as European Institutions, Telecoms, Sports Betting & Lotteries, Fintech, Healthtech Insurance, Public Domain (next-gen). As a Solutions Architect you will:Architect the software system, defining components, modules, and their interactions while aligning with project goals and requirements.Establish and manage the technology stack for Java-based enterprise applicationsEnforce coding standards and best practices within the development teamImplement security best practices to safeguard the software from vulnerabilities and threatsEnsure the software can handle increased loads and data volumes as the application expandsProduce documentation, architectural diagrams, and design documentsCollaborate with stakeholders, including clients, project managers, developers, and the quality assurance teamProvide mentorship to software engineersQualificationsWhat would make you a fit for the role:Bachelor's degree in Computer Science, Software Engineering, or a related fieldProven experience as a Software Engineer, preferably working with Java Enterprise or Spring BootSolid knowledge of building Docker images and creating Docker containers, ensuring application deployment consistency across different environmentsExpertise in deploying and managing containerized applications using K8sExperience with Kafka for event-driven communication and data streamingStrong understanding of object-oriented programming principles and software design patternsSolid understanding of Maven for project build and dependency managementFamiliarity with Agile development methodologiesExcellent problem-solving and analytical skillsStrong communication and collaboration abilitiesAbility to work effectively in a fast-paced, deadline-driven environmentFluency in EnglishAdditional InformationBeing a part of the Netcompany-Ιntrasoft team, you will be provided with: The opportunity to work in a modern environment & in a hybrid working modelA seamless onboarding experience and a buddy to support you on your first stepsA competitive compensation & benefits packageHealth and life insurance programMeal and commuting allowanceWell-being activities (on premises)Continuous learning opportunities using the most modern methods (unlimited access to Udemy for Business, ad-hoc trainings)A personalized development plan for targeted career growthIf you are looking forward to be part of a diverse environment, and have the opportunity to work alongside well-experienced professionals, on challenging, large-scale projects that directly impact millions of citizens around the globe, then this is the place to be!By joining Netcompany-Intrasoft Athens, you will be part of a vivid team of 2000+ tech enthusiasts. When at the office you will have the chance to work at our brand-new, state-of-the-art, sustainable offices, located in 3 different spots in Athens!#LI-Hybrid #LI-KA1 #LI-ZS1Our cultureOur people are the most important element of our success. Our work life is well defined by our set of fundamental Values: https://bit.ly/3SSbBzU  #BePartOfSomethingGreat!*Please submit your CV in EnglishAll applications will be treated as strictly confidential.",,Full-time,"Athens, Greece",EL,2024-08-17,kariera.gr,153723,,"['http://data.europa.eu/esco/skill/23ac233d-84ad-4517-b0f5-8ca19ba2614e', 'http://data.europa.eu/esco/skill/2b7a79e5-84d8-4880-be66-3d9bb05bea17', 'http://data.europa.eu/esco/skill/60b44dab-03f1-46de-be08-0e5ba8662b3d', 'http://data.europa.eu/esco/skill/8764d4b1-e069-44f2-8baa-fb1eee1850ec', 'http://data.europa.eu/esco/skill/8f6ed69b-29d0-4c01-81ba-f05920a185f3', 'http://data.europa.eu/esco/skill/a8797f21-1af0-4c5e-98ca-bf1442929363', 'http://data.europa.eu/esco/skill/cd5efa8c-e44d-4cbc-91c6-796018dbed68']","['http://data.europa.eu/esco/occupation/57af9090-55b4-4911-b2d0-86db01c00b02', 'http://data.europa.eu/esco/occupation/6cd08cbe-7611-4d70-8886-6c59c0385442', 'http://data.europa.eu/esco/occupation/719f101d-1866-49d3-8d5c-2256f606a8b9', 'http://data.europa.eu/esco/occupation/bea99fea-0383-4c63-b944-70d4799de2c5', 'http://data.europa.eu/esco/occupation/d07e6a57-a339-4cfd-bf22-a951713148a3', 'http://data.europa.eu/esco/occupation/d0aa0792-4345-474b-9365-686cf4869d2e', 'http://data.europa.eu/esco/occupation/ed976196-3d5d-4121-9367-e1022af603fa', 'http://data.europa.eu/esco/occupation/f2b15a0e-e65a-438a-affb-29b9d50b77d1']"
4576,Solutions Architect (Java),"Company DescriptionWe are Netcompany-Intrasoft, a member of Netcompany Group A/S, and a leading European IT Solutions and Services company with strong international presence and expertise, dedicated to responsible digitalisation. We offer innovative and added-value solutions of the highest quality to a wide range of public and private organizations, while being a key-player in the EU Institutions for the past 30 years. We hold an outstanding record of 500+ organizations in 70+ countries, that have chosen our solutions and services, to fulfil their business needs. Our team of 3500+ professionals is our driving force and our most valuable asset.Job DescriptionAre you ready to discover the role of a Solutions Architect in Netcompany-Intrasoft?Joining us as a Solutions Architect, you will have the opportunity to be a part of our highly skilled agile teams working within large-scale transformation projects for global clients in exciting and challenging markets such as European Institutions, Telecoms, Sports Betting & Lotteries, Fintech, Healthtech Insurance, Public Domain (next-gen). As a Solutions Architect you will:Architect the software system, defining components, modules, and their interactions while aligning with project goals and requirements.Establish and manage the technology stack for Java-based enterprise applicationsEnforce coding standards and best practices within the development teamImplement security best practices to safeguard the software from vulnerabilities and threatsEnsure the software can handle increased loads and data volumes as the application expandsProduce documentation, architectural diagrams, and design documentsCollaborate with stakeholders, including clients, project managers, developers, and the quality assurance teamProvide mentorship to software engineersQualificationsWhat would make you a fit for the role:Bachelor's degree in Computer Science, Software Engineering, or a related fieldProven experience as a Software Engineer, preferably working with Java Enterprise or Spring BootSolid knowledge of building Docker images and creating Docker containers, ensuring application deployment consistency across different environmentsExpertise in deploying and managing containerized applications using K8sExperience with Kafka for event-driven communication and data streamingStrong understanding of object-oriented programming principles and software design patternsSolid understanding of Maven for project build and dependency managementFamiliarity with Agile development methodologiesExcellent problem-solving and analytical skillsStrong communication and collaboration abilitiesAbility to work effectively in a fast-paced, deadline-driven environmentFluency in EnglishAdditional InformationBeing a part of the Netcompany-Ιntrasoft team, you will be provided with: The opportunity to work in a modern environment & in a hybrid working modelA seamless onboarding experience and a buddy to support you on your first stepsA competitive compensation & benefits packageHealth and life insurance programMeal and commuting allowanceWell-being activities (on premises)Continuous learning opportunities using the most modern methods (unlimited access to Udemy for Business, ad-hoc trainings)A personalized development plan for targeted career growthIf you are looking forward to be part of a diverse environment, and have the opportunity to work alongside well-experienced professionals, on challenging, large-scale projects that directly impact millions of citizens around the globe, then this is the place to be!Join Netcompany-Intrasoft Thessaloniki's branch, and be part of our 250+ tech enthusiasts team!#LI-Hybrid #LI-KA1 #LI-ZS1Our cultureOur people are the most important element of our success. Our work life is well defined by our set of fundamental Values: https://bit.ly/3SSbBzU  #BePartOfSomethingGreat!*Please submit your CV in EnglishAll applications will be treated as strictly confidential.",,Full-time,"Thessaloniki, Greece",EL,2024-08-17,kariera.gr,153722,,"['http://data.europa.eu/esco/skill/23ac233d-84ad-4517-b0f5-8ca19ba2614e', 'http://data.europa.eu/esco/skill/2b7a79e5-84d8-4880-be66-3d9bb05bea17', 'http://data.europa.eu/esco/skill/60b44dab-03f1-46de-be08-0e5ba8662b3d', 'http://data.europa.eu/esco/skill/8764d4b1-e069-44f2-8baa-fb1eee1850ec', 'http://data.europa.eu/esco/skill/8f6ed69b-29d0-4c01-81ba-f05920a185f3', 'http://data.europa.eu/esco/skill/a8797f21-1af0-4c5e-98ca-bf1442929363', 'http://data.europa.eu/esco/skill/cd5efa8c-e44d-4cbc-91c6-796018dbed68']","['http://data.europa.eu/esco/occupation/57af9090-55b4-4911-b2d0-86db01c00b02', 'http://data.europa.eu/esco/occupation/6cd08cbe-7611-4d70-8886-6c59c0385442', 'http://data.europa.eu/esco/occupation/719f101d-1866-49d3-8d5c-2256f606a8b9', 'http://data.europa.eu/esco/occupation/bea99fea-0383-4c63-b944-70d4799de2c5', 'http://data.europa.eu/esco/occupation/d07e6a57-a339-4cfd-bf22-a951713148a3', 'http://data.europa.eu/esco/occupation/d0aa0792-4345-474b-9365-686cf4869d2e', 'http://data.europa.eu/esco/occupation/ed976196-3d5d-4121-9367-e1022af603fa', 'http://data.europa.eu/esco/occupation/f2b15a0e-e65a-438a-affb-29b9d50b77d1']"
4577,Solutions Architect (Java),"Company DescriptionWe are Netcompany-Intrasoft, a member of Netcompany Group A/S, and a leading European IT Solutions and Services company with strong international presence and expertise, dedicated to responsible digitalisation. We offer innovative and added-value solutions of the highest quality to a wide range of public and private organizations, while being a key-player in the EU Institutions for the past 30 years. We hold an outstanding record of 500+ organizations in 70+ countries, that have chosen our solutions and services, to fulfil their business needs. Our team of 3500+ professionals is our driving force and our most valuable asset.Job DescriptionAre you ready to discover the role of a Solutions Architect in Netcompany-Intrasoft?Joining us as a Solutions Architect, you will have the opportunity to be a part of our highly skilled agile teams working within large-scale transformation projects for global clients in exciting and challenging markets such as European Institutions, Telecoms, Sports Betting & Lotteries, Fintech, Healthtech Insurance, Public Domain (next-gen). As a Solutions Architect you will:Architect the software system, defining components, modules, and their interactions while aligning with project goals and requirements.Establish and manage the technology stack for Java-based enterprise applicationsEnforce coding standards and best practices within the development teamImplement security best practices to safeguard the software from vulnerabilities and threatsEnsure the software can handle increased loads and data volumes as the application expandsProduce documentation, architectural diagrams, and design documentsCollaborate with stakeholders, including clients, project managers, developers, and the quality assurance teamProvide mentorship to software engineersQualificationsWhat would make you a fit for the role:Bachelor's degree in Computer Science, Software Engineering, or a related fieldProven experience as a Software Engineer, preferably working with Java Enterprise or Spring BootSolid knowledge of building Docker images and creating Docker containers, ensuring application deployment consistency across different environmentsExpertise in deploying and managing containerized applications using K8sExperience with Kafka for event-driven communication and data streamingStrong understanding of object-oriented programming principles and software design patternsSolid understanding of Maven for project build and dependency managementFamiliarity with Agile development methodologiesExcellent problem-solving and analytical skillsStrong communication and collaboration abilitiesAbility to work effectively in a fast-paced, deadline-driven environmentFluency in EnglishAdditional InformationBeing a part of the Netcompany-Ιntrasoft team, you will be provided with: The opportunity to work in a modern environment & in a hybrid working modelA seamless onboarding experience and a buddy to support you on your first stepsA competitive compensation & benefits packageHealth and life insurance programMeal allowanceWell-being activities (on premises)Continuous learning opportunities using the most modern methods (unlimited access to Udemy for Business, ad-hoc trainings)A personalized development plan for targeted career growthIf you are looking forward to be part of a diverse environment, and have the opportunity to work alongside well-experienced professionals, on challenging, large-scale projects that directly impact millions of citizens around the globe, then this is the place to be!Join Netcompany-Intrasoft Patras' branch, and be part of our 150+ tech enthusiasts team!#LI-Hybrid #LI-KA1 #LI-ZS1Our cultureOur people are the most important element of our success. Our work life is well defined by our set of fundamental Values: https://bit.ly/3SSbBzU  #BePartOfSomethingGreat!*Please submit your CV in EnglishAll applications will be treated as strictly confidential.",,Full-time,"Patra, Greece",EL,2024-08-17,kariera.gr,153721,,"['http://data.europa.eu/esco/skill/23ac233d-84ad-4517-b0f5-8ca19ba2614e', 'http://data.europa.eu/esco/skill/2b7a79e5-84d8-4880-be66-3d9bb05bea17', 'http://data.europa.eu/esco/skill/60b44dab-03f1-46de-be08-0e5ba8662b3d', 'http://data.europa.eu/esco/skill/8764d4b1-e069-44f2-8baa-fb1eee1850ec', 'http://data.europa.eu/esco/skill/8f6ed69b-29d0-4c01-81ba-f05920a185f3', 'http://data.europa.eu/esco/skill/a8797f21-1af0-4c5e-98ca-bf1442929363', 'http://data.europa.eu/esco/skill/cd5efa8c-e44d-4cbc-91c6-796018dbed68']","['http://data.europa.eu/esco/occupation/57af9090-55b4-4911-b2d0-86db01c00b02', 'http://data.europa.eu/esco/occupation/6cd08cbe-7611-4d70-8886-6c59c0385442', 'http://data.europa.eu/esco/occupation/719f101d-1866-49d3-8d5c-2256f606a8b9', 'http://data.europa.eu/esco/occupation/bea99fea-0383-4c63-b944-70d4799de2c5', 'http://data.europa.eu/esco/occupation/d07e6a57-a339-4cfd-bf22-a951713148a3', 'http://data.europa.eu/esco/occupation/d0aa0792-4345-474b-9365-686cf4869d2e', 'http://data.europa.eu/esco/occupation/ed976196-3d5d-4121-9367-e1022af603fa', 'http://data.europa.eu/esco/occupation/f2b15a0e-e65a-438a-affb-29b9d50b77d1']"
4584,"Solutions Architect (Spring, Spring Boot)","Company DescriptionWe are Netcompany-Intrasoft, a member of Netcompany Group A/S, and a leading European IT Solutions and Services company with strong international presence and expertise, dedicated to responsible digitalisation. We offer innovative and added-value solutions of the highest quality to a wide range of public and private organizations, while being a key-player in the EU Institutions for the past 30 years. We hold an outstanding record of 500+ organizations in 70+ countries, that have chosen our solutions and services, to fulfil their business needs. Our team of 3500+ professionals is our driving force and our most valuable asset.Job DescriptionAre you ready to discover the role of a Solutions Architect in Netcompany-Intrasoft?Joining us as a Solutions Architect, you will have the opportunity to be a part of our highly skilled agile teams working within large-scale transformation projects for global clients in exciting and challenging markets such as European Institutions, Telecoms, Sports Betting & Lotteries, Fintech, Healthtech Insurance, Public Domain (next-gen). As a Solutions Architect you will:Develop and maintain Java-based software applications using Spring Boot and Microservices architectureDesign and implement efficient and reliable software solutions that meet business objectivesWrite clean, well-designed, and testable code following best practices and coding standardsConduct thorough code reviews to ensure code quality, performance, and adherence to software architecture principlesDebug and resolve software defects and issues Contribute to process improvements, code optimization, and software development best practicesServe as the primary technical point of contact for clients, providing guidance on software architecture solutions to meet their specific needsLead and provide mentorship to software engineersQualificationsWhat would make you a fit for the role:Bachelor's degree in Computer Science, Software Engineering, or a related fieldProven experience as a Software Engineer, preferably working with Java, Spring Boot, MicroservicesSolid knowledge of building Docker images, ensuring application deployment consistency across different environmentsExpertise in deploying and managing containerized applications in K8s or OpenshiftExperience with Apache Kafka for event-driven communication and data streamingStrong understanding of object-oriented programming principles and software design patternsExperience with Microservices architecture and RESTful API developmentFamiliarity with Agile development methodologiesExcellent problem-solving and analytical skillsStrong communication and collaboration abilitiesAbility to work effectively in a fast-paced, deadline-driven environmentFluency in EnglishAdditional InformationBeing a part of the Netcompany-Ιntrasoft team, you will be provided with: The opportunity to work in a modern environment & in a hybrid working modelA seamless onboarding experience and a buddy to support you on your first stepsA competitive compensation & benefits packageHealth and life insurance programMeal and commuting allowanceWell-being activities (on premises)Continuous learning opportunities using the most modern methods (unlimited access to Udemy for Business, ad-hoc trainings)A personalized development plan for targeted career growthIf you are looking forward to be part of a diverse environment, and have the opportunity to work alongside well-experienced professionals, on challenging, large-scale projects that directly impact millions of citizens around the globe, then this is the place to be!By joining Netcompany-Intrasoft Athens, you will be part of a vivid team of 2000+ tech enthusiasts. When at the office you will have the chance to work at our brand-new, state-of-the-art, sustainable offices, located in 3 different spots in Athens!#LI-Hybrid #LI-KA1 #LI-ZS1Our cultureOur people are the most important element of our success. Our work life is well defined by our set of fundamental Values: https://bit.ly/3SSbBzU  #BePartOfSomethingGreat!*Please submit your CV in EnglishAll applications will be treated as strictly confidential.",,Full-time,"Athens, Greece",EL,2024-08-17,kariera.gr,153714,,"['http://data.europa.eu/esco/skill/23ac233d-84ad-4517-b0f5-8ca19ba2614e', 'http://data.europa.eu/esco/skill/2522a6ce-3202-4ac8-9f5b-b9cb5a3a83a1', 'http://data.europa.eu/esco/skill/2857540c-180b-4208-9127-e94a01871966', 'http://data.europa.eu/esco/skill/60b44dab-03f1-46de-be08-0e5ba8662b3d', 'http://data.europa.eu/esco/skill/8f6ed69b-29d0-4c01-81ba-f05920a185f3', 'http://data.europa.eu/esco/skill/9531fe02-1e1f-4a36-95f7-a76a77cd4b8d']","['http://data.europa.eu/esco/occupation/57af9090-55b4-4911-b2d0-86db01c00b02', 'http://data.europa.eu/esco/occupation/6cd08cbe-7611-4d70-8886-6c59c0385442', 'http://data.europa.eu/esco/occupation/719f101d-1866-49d3-8d5c-2256f606a8b9', 'http://data.europa.eu/esco/occupation/d07e6a57-a339-4cfd-bf22-a951713148a3']"
4585,"Solutions Architect (Spring, Spring Boot)","Company DescriptionWe are Netcompany-Intrasoft, a member of Netcompany Group A/S, and a leading European IT Solutions and Services company with strong international presence and expertise, dedicated to responsible digitalisation. We offer innovative and added-value solutions of the highest quality to a wide range of public and private organizations, while being a key-player in the EU Institutions for the past 30 years. We hold an outstanding record of 500+ organizations in 70+ countries, that have chosen our solutions and services, to fulfil their business needs. Our team of 3500+ professionals is our driving force and our most valuable asset.Job DescriptionAre you ready to discover the role of a Solutions Architect in Netcompany-Intrasoft?Joining us as a Solutions Architect, you will have the opportunity to be a part of our highly skilled agile teams working within large-scale transformation projects for global clients in exciting and challenging markets such as European Institutions, Telecoms, Sports Betting & Lotteries, Fintech, Healthtech Insurance, Public Domain (next-gen). As a Solutions Architect you will:Develop and maintain Java-based software applications using Spring Boot and Microservices architectureDesign and implement efficient and reliable software solutions that meet business objectivesWrite clean, well-designed, and testable code following best practices and coding standardsConduct thorough code reviews to ensure code quality, performance, and adherence to software architecture principlesDebug and resolve software defects and issues Contribute to process improvements, code optimization, and software development best practicesServe as the primary technical point of contact for clients, providing guidance on software architecture solutions to meet their specific needsLead and provide mentorship to software engineersQualificationsWhat would make you a fit for the role:Bachelor's degree in Computer Science, Software Engineering, or a related fieldProven experience as a Software Engineer, preferably working with Java, Spring Boot, MicroservicesSolid knowledge of building Docker images, ensuring application deployment consistency across different environmentsExpertise in deploying and managing containerized applications in K8s or OpenshiftExperience with Apache Kafka for event-driven communication and data streamingStrong understanding of object-oriented programming principles and software design patternsExperience with Microservices architecture and RESTful API developmentFamiliarity with Agile development methodologiesExcellent problem-solving and analytical skillsStrong communication and collaboration abilitiesAbility to work effectively in a fast-paced, deadline-driven environmentFluency in EnglishAdditional InformationBeing a part of the Netcompany-Ιntrasoft team, you will be provided with: The opportunity to work in a modern environment & in a hybrid working modelA seamless onboarding experience and a buddy to support you on your first stepsA competitive compensation & benefits packageHealth and life insurance programMeal and commuting allowanceWell-being activities (on premises)Continuous learning opportunities using the most modern methods (unlimited access to Udemy for Business, ad-hoc trainings)A personalized development plan for targeted career growthIf you are looking forward to be part of a diverse environment, and have the opportunity to work alongside well-experienced professionals, on challenging, large-scale projects that directly impact millions of citizens around the globe, then this is the place to be!Join Netcompany-Intrasoft Thessaloniki's branch, and be part of our 250+ tech enthusiasts team!#LI-Hybrid #LI-KA1 #LI-ZS1Our cultureOur people are the most important element of our success. Our work life is well defined by our set of fundamental Values: https://bit.ly/3SSbBzU  #BePartOfSomethingGreat!*Please submit your CV in EnglishAll applications will be treated as strictly confidential.",,Full-time,"Thessaloniki, Greece",EL,2024-08-17,kariera.gr,153713,,"['http://data.europa.eu/esco/skill/23ac233d-84ad-4517-b0f5-8ca19ba2614e', 'http://data.europa.eu/esco/skill/2522a6ce-3202-4ac8-9f5b-b9cb5a3a83a1', 'http://data.europa.eu/esco/skill/2857540c-180b-4208-9127-e94a01871966', 'http://data.europa.eu/esco/skill/60b44dab-03f1-46de-be08-0e5ba8662b3d', 'http://data.europa.eu/esco/skill/8f6ed69b-29d0-4c01-81ba-f05920a185f3', 'http://data.europa.eu/esco/skill/9531fe02-1e1f-4a36-95f7-a76a77cd4b8d']","['http://data.europa.eu/esco/occupation/57af9090-55b4-4911-b2d0-86db01c00b02', 'http://data.europa.eu/esco/occupation/6cd08cbe-7611-4d70-8886-6c59c0385442', 'http://data.europa.eu/esco/occupation/719f101d-1866-49d3-8d5c-2256f606a8b9', 'http://data.europa.eu/esco/occupation/d07e6a57-a339-4cfd-bf22-a951713148a3']"
4586,"Solutions Architect (Spring, Spring Boot)","Company DescriptionWe are Netcompany-Intrasoft, a member of Netcompany Group A/S, and a leading European IT Solutions and Services company with strong international presence and expertise, dedicated to responsible digitalisation. We offer innovative and added-value solutions of the highest quality to a wide range of public and private organizations, while being a key-player in the EU Institutions for the past 30 years. We hold an outstanding record of 500+ organizations in 70+ countries, that have chosen our solutions and services, to fulfil their business needs. Our team of 3500+ professionals is our driving force and our most valuable asset.Job DescriptionAre you ready to discover the role of a Solutions Architect in Netcompany-Intrasoft?Joining us as a Solutions Architect, you will have the opportunity to be a part of our highly skilled agile teams working within large-scale transformation projects for global clients in exciting and challenging markets such as European Institutions, Telecoms, Sports Betting & Lotteries, Fintech, Healthtech Insurance, Public Domain (next-gen). As a Solutions Architect you will:Develop and maintain Java-based software applications using Spring Boot and Microservices architectureDesign and implement efficient and reliable software solutions that meet business objectivesWrite clean, well-designed, and testable code following best practices and coding standardsConduct thorough code reviews to ensure code quality, performance, and adherence to software architecture principlesDebug and resolve software defects and issues Contribute to process improvements, code optimization, and software development best practicesServe as the primary technical point of contact for clients, providing guidance on software architecture solutions to meet their specific needsLead and provide mentorship to software engineersQualificationsWhat would make you a fit for the role:Bachelor's degree in Computer Science, Software Engineering, or a related fieldProven experience as a Software Engineer, preferably working with Java, Spring Boot, MicroservicesSolid knowledge of building Docker images, ensuring application deployment consistency across different environmentsExpertise in deploying and managing containerized applications in K8s or OpenshiftExperience with Apache Kafka for event-driven communication and data streamingStrong understanding of object-oriented programming principles and software design patternsExperience with Microservices architecture and RESTful API developmentFamiliarity with Agile development methodologiesExcellent problem-solving and analytical skillsStrong communication and collaboration abilitiesAbility to work effectively in a fast-paced, deadline-driven environmentFluency in EnglishAdditional InformationBeing a part of the Netcompany-Ιntrasoft team, you will be provided with: The opportunity to work in a modern environment & in a hybrid working modelA seamless onboarding experience and a buddy to support you on your first stepsA competitive compensation & benefits packageHealth and life insurance programMeal allowanceWell-being activities (on premises)Continuous learning opportunities using the most modern methods (unlimited access to Udemy for Business, ad-hoc trainings)A personalized development plan for targeted career growthIf you are looking forward to be part of a diverse environment, and have the opportunity to work alongside well-experienced professionals, on challenging, large-scale projects that directly impact millions of citizens around the globe, then this is the place to be!Join Netcompany-Intrasoft Patras' branch, and be part of our 150+ tech enthusiasts team!#LI-Hybrid #LI-KA1 #LI-ZS1Our cultureOur people are the most important element of our success. Our work life is well defined by our set of fundamental Values: https://bit.ly/3SSbBzU  #BePartOfSomethingGreat!*Please submit your CV in EnglishAll applications will be treated as strictly confidential.",,Full-time,"Patra, Greece",EL,2024-08-17,kariera.gr,153712,,"['http://data.europa.eu/esco/skill/23ac233d-84ad-4517-b0f5-8ca19ba2614e', 'http://data.europa.eu/esco/skill/2522a6ce-3202-4ac8-9f5b-b9cb5a3a83a1', 'http://data.europa.eu/esco/skill/2857540c-180b-4208-9127-e94a01871966', 'http://data.europa.eu/esco/skill/60b44dab-03f1-46de-be08-0e5ba8662b3d', 'http://data.europa.eu/esco/skill/8f6ed69b-29d0-4c01-81ba-f05920a185f3', 'http://data.europa.eu/esco/skill/9531fe02-1e1f-4a36-95f7-a76a77cd4b8d']","['http://data.europa.eu/esco/occupation/57af9090-55b4-4911-b2d0-86db01c00b02', 'http://data.europa.eu/esco/occupation/6cd08cbe-7611-4d70-8886-6c59c0385442', 'http://data.europa.eu/esco/occupation/719f101d-1866-49d3-8d5c-2256f606a8b9', 'http://data.europa.eu/esco/occupation/d07e6a57-a339-4cfd-bf22-a951713148a3']"
4804,Senior Software Engineer in Test,"Company DescriptionWe are Netcompany-Intrasoft, a member of Netcompany Group A/S, and a leading European IT Solutions and Services company with strong international presence and expertise, dedicated to responsible digitalisation. We offer innovative and added-value solutions of the highest quality to a wide range of public and private organizations, while being a key-player in the EU Institutions for the past 30 years. We hold an outstanding record of 500+ organizations in 70+ countries, that have chosen our solutions and services, to fulfil their business needs. Our team of 3500+ professionals is our driving force and our most valuable asset.Job DescriptionOur fully inhouse Testing team consists of 180 professionals across our sites and is Gold ISTQB partner. This is a team led by Test Managers, that serves the entire Netcompany-Intrasoft organization, bringing value and benefit in all the technologies we use and offer. Our Testing team is engaged with a vast portfolio of services, technologies, solutions and methodologies.As a Senior Software Engineer in Test you will:Familiarize with the architecture of the system under testAnalyze the tests to be automated and identify the most appropriate test automation methodology/technologyImplement and maintain test automation scripts/frameworksParticipate in PoC for evaluation of various tools, frameworks, methodologiesParticipate in the building of a CI pipelineAutomate tests for any of the following test types (functional, performance, usability, compatibility, cross-browser, component)Analysis of test results for troubleshooting, qualitative and quantitative analysisTest Planning and StrategyDefine, engage, and commit to testing planning as part of the Release planning, providing accurate estimations and schedules of all testing activities, timelines, and milestones with appropriate toolsDevelop comprehensive test plans based on project requirements and specifications.Identify and manage dependencies on Test Plans for integrated systemsEnsure automated regression packs are maintained and updated based on new functionality and changesDefine and implement effective test strategies to ensure thorough test coverageEnsure that the several testing and validation processes are improved continuously Test Execution:Oversee the execution of manual and service test cases to identify software defects and ensure product qualityReview and approval of all test artifacts (scripts, test data) and testing deliverables Quality Assurance:Establish and enforce quality assurance processes and standardsCoaching, mentoring, junior QA team members influencing them to take positive action and accountability for their assigned workQualificationsWhat would make you a fit for the role:Degree in Information Technology or another relevant fieldAt least 4 years of experience in Software Testing including expertise in writing Test scripts for Functional, Regression and Performance testsExperience in various tools/frameworks such as Selenium, SoapUI, JMeterWork experience in the creation of Test Cases, Test Scripts, Test Reports and participation in Test CyclesComplete understanding of the Agile Software Development methodologiesExcellent command of the English language (both written & oral)It would also be a plus if you match some of the following:Knowledge in WebServices (SOAP & RESTful), Cucumber, Serenity, TestNG, JUnit, Mockito, REST Assured API and Jira, Jira XRay, Javascript, Typescript, Microservice Architectures, Kafka, Arquillian and Spring Boot are considered a plusWork experience in Java, .Net, Groovy, SQL, XML ISTQB Foundation certificate in Software Testing;Test Automation knowledge through QTP.Additional InformationBeing a part of the Netcompany-Ιntrasoft team, you will be provided with: The opportunity to work in a modern environment & in a hybrid working modelA seamless onboarding experience and a buddy to support you on your first stepsA competitive compensation & benefits packageHealth and life insurance programMeal and commuting allowanceWell-being activities (on premises)Continuous learning opportunities using the most modern methods (unlimited access to Udemy for Business, ad-hoc trainings)A personalized development plan for targeted career growthIf you are looking forward to be part of a diverse environment, and have the opportunity to work alongside well-experienced professionals, on challenging, large-scale projects that directly impact millions of citizens around the globe, then this is the place to be!By joining Netcompany-Intrasoft Athens, you will be part of a vivid team of 2000+ tech enthusiasts. When at the office you will have the chance to work at our brand-new, state-of-the-art, sustainable offices, located in 3 different spots in Athens!#LI-TM1Our cultureOur people are the most important element of our success. Our work life is well defined by our set of fundamental Values: https://bit.ly/3SSbBzU  #BePartOfSomethingGreat!*Please submit your CV in EnglishAll applications will be treated as strictly confidential.",,Full-time,"Athens, Greece",EL,2024-08-11,kariera.gr,152802,,"['http://data.europa.eu/esco/skill/23ac233d-84ad-4517-b0f5-8ca19ba2614e', 'http://data.europa.eu/esco/skill/2522a6ce-3202-4ac8-9f5b-b9cb5a3a83a1', 'http://data.europa.eu/esco/skill/3993c87c-7719-4186-811b-8ddfb40e76be', 'http://data.europa.eu/esco/skill/52cf3037-ab53-4806-85ed-7fd21ea7f6a1', 'http://data.europa.eu/esco/skill/598de5b0-5b58-4ea7-8058-a4bc4d18c742', 'http://data.europa.eu/esco/skill/5d74614d-32c8-4ca4-9818-6980e52424b1', 'http://data.europa.eu/esco/skill/6a0aab53-6246-41e8-a910-e7a13f314860', 'http://data.europa.eu/esco/skill/6a322874-e32f-4cd8-9683-badce67a7f73', 'http://data.europa.eu/esco/skill/7557f0f4-b8bc-4ac0-b91e-222ab1ba744f', 'http://data.europa.eu/esco/skill/867137fb-ff1b-4ca3-99f3-cb6969aa2c68', 'http://data.europa.eu/esco/skill/8f6ed69b-29d0-4c01-81ba-f05920a185f3', 'http://data.europa.eu/esco/skill/c4b626c1-e71c-44ec-9f88-042766f37fcc', 'http://data.europa.eu/esco/skill/c7cc6dc5-d56b-4323-8e5c-47c4022f615f', 'http://data.europa.eu/esco/skill/dba46f87-0831-49cd-a1c7-340a653c0221']","['http://data.europa.eu/esco/occupation/608edf30-fe37-4ae5-bdd1-2d3a8fd347bd', 'http://data.europa.eu/esco/occupation/719f101d-1866-49d3-8d5c-2256f606a8b9', 'http://data.europa.eu/esco/isco/C2519']"
4805,Senior Software Engineer in Test,"Company DescriptionWe are Netcompany-Intrasoft, a member of Netcompany Group A/S, and a leading European IT Solutions and Services company with strong international presence and expertise, dedicated to responsible digitalisation. We offer innovative and added-value solutions of the highest quality to a wide range of public and private organizations, while being a key-player in the EU Institutions for the past 30 years. We hold an outstanding record of 500+ organizations in 70+ countries, that have chosen our solutions and services, to fulfil their business needs. Our team of 3500+ professionals is our driving force and our most valuable asset.Job DescriptionOur fully inhouse Testing team consists of 180 professionals across our sites and is Gold ISTQB partner. This is a team led by Test Managers, that serves the entire Netcompany-Intrasoft organization, bringing value and benefit in all the technologies we use and offer. Our Testing team is engaged with a vast portfolio of services, technologies, solutions and methodologies.As a Senior Software Engineer in Test you will:Familiarize with the architecture of the system under testAnalyze the tests to be automated and identify the most appropriate test automation methodology/technologyImplement and maintain test automation scripts/frameworksParticipate in PoC for evaluation of various tools, frameworks, methodologiesParticipate in the building of a CI pipelineAutomate tests for any of the following test types (functional, performance, usability, compatibility, cross-browser, component)Analysis of test results for troubleshooting, qualitative and quantitative analysisTest Planning and StrategyDefine, engage, and commit to testing planning as part of the Release planning, providing accurate estimations and schedules of all testing activities, timelines, and milestones with appropriate toolsDevelop comprehensive test plans based on project requirements and specifications.Identify and manage dependencies on Test Plans for integrated systemsEnsure automated regression packs are maintained and updated based on new functionality and changesDefine and implement effective test strategies to ensure thorough test coverageEnsure that the several testing and validation processes are improved continuously Test Execution:Oversee the execution of manual and service test cases to identify software defects and ensure product qualityReview and approval of all test artifacts (scripts, test data) and testing deliverables Quality Assurance:Establish and enforce quality assurance processes and standardsCoaching, mentoring, junior QA team members influencing them to take positive action and accountability for their assigned workQualificationsWhat would make you a fit for the role:Degree in Information Technology or another relevant fieldAt least 4 years of experience in Software Testing including expertise in writing Test scripts for Functional, Regression and Performance testsExperience in various tools/frameworks such as Selenium, SoapUI, JMeterWork experience in the creation of Test Cases, Test Scripts, Test Reports and participation in Test CyclesComplete understanding of the Agile Software Development methodologiesExcellent command of the English language (both written & oral)It would also be a plus if you match some of the following:Knowledge in WebServices (SOAP & RESTful), Cucumber, Serenity, TestNG, JUnit, Mockito, REST Assured API and Jira, Jira XRay, Javascript, Typescript, Microservice Architectures, Kafka, Arquillian and Spring Boot are considered a plusWork experience in Java, .Net, Groovy, SQL, XML ISTQB Foundation certificate in Software Testing;Test Automation knowledge through QTP.Additional InformationBeing a part of the Netcompany-Ιntrasoft team, you will be provided with: The opportunity to work in a modern environment & in a hybrid working modelA seamless onboarding experience and a buddy to support you on your first stepsA competitive compensation & benefits packageHealth and life insurance programMeal and commuting allowanceWell-being activities (on premises)Continuous learning opportunities using the most modern methods (unlimited access to Udemy for Business, ad-hoc trainings)A personalized development plan for targeted career growthIf you are looking forward to be part of a diverse environment, and have the opportunity to work alongside well-experienced professionals, on challenging, large-scale projects that directly impact millions of citizens around the globe, then this is the place to be!Join Netcompany-Intrasoft Thessaloniki's branch, and be part of our 250+ tech enthusiasts team!#LI-TM1Our cultureOur people are the most important element of our success. Our work life is well defined by our set of fundamental Values: https://bit.ly/3SSbBzU  #BePartOfSomethingGreat!*Please submit your CV in EnglishAll applications will be treated as strictly confidential.",,Full-time,"Thessaloniki, Greece",EL,2024-08-11,kariera.gr,152801,,"['http://data.europa.eu/esco/skill/23ac233d-84ad-4517-b0f5-8ca19ba2614e', 'http://data.europa.eu/esco/skill/2522a6ce-3202-4ac8-9f5b-b9cb5a3a83a1', 'http://data.europa.eu/esco/skill/3993c87c-7719-4186-811b-8ddfb40e76be', 'http://data.europa.eu/esco/skill/52cf3037-ab53-4806-85ed-7fd21ea7f6a1', 'http://data.europa.eu/esco/skill/598de5b0-5b58-4ea7-8058-a4bc4d18c742', 'http://data.europa.eu/esco/skill/5d74614d-32c8-4ca4-9818-6980e52424b1', 'http://data.europa.eu/esco/skill/6a0aab53-6246-41e8-a910-e7a13f314860', 'http://data.europa.eu/esco/skill/6a322874-e32f-4cd8-9683-badce67a7f73', 'http://data.europa.eu/esco/skill/7557f0f4-b8bc-4ac0-b91e-222ab1ba744f', 'http://data.europa.eu/esco/skill/867137fb-ff1b-4ca3-99f3-cb6969aa2c68', 'http://data.europa.eu/esco/skill/8f6ed69b-29d0-4c01-81ba-f05920a185f3', 'http://data.europa.eu/esco/skill/c4b626c1-e71c-44ec-9f88-042766f37fcc', 'http://data.europa.eu/esco/skill/c7cc6dc5-d56b-4323-8e5c-47c4022f615f', 'http://data.europa.eu/esco/skill/dba46f87-0831-49cd-a1c7-340a653c0221']","['http://data.europa.eu/esco/occupation/608edf30-fe37-4ae5-bdd1-2d3a8fd347bd', 'http://data.europa.eu/esco/occupation/719f101d-1866-49d3-8d5c-2256f606a8b9', 'http://data.europa.eu/esco/isco/C2519']"
4806,Senior Software Engineer in Test,"Company DescriptionWe are Netcompany-Intrasoft, a member of Netcompany Group A/S, and a leading European IT Solutions and Services company with strong international presence and expertise, dedicated to responsible digitalisation. We offer innovative and added-value solutions of the highest quality to a wide range of public and private organizations, while being a key-player in the EU Institutions for the past 30 years. We hold an outstanding record of 500+ organizations in 70+ countries, that have chosen our solutions and services, to fulfil their business needs. Our team of 3500+ professionals is our driving force and our most valuable asset.Job DescriptionOur fully inhouse Testing team consists of 180 professionals across our sites and is Gold ISTQB partner. This is a team led by Test Managers, that serves the entire Netcompany-Intrasoft organization, bringing value and benefit in all the technologies we use and offer. Our Testing team is engaged with a vast portfolio of services, technologies, solutions and methodologies.As a Senior Software Engineer in Test you will:Familiarize with the architecture of the system under testAnalyze the tests to be automated and identify the most appropriate test automation methodology/technologyImplement and maintain test automation scripts/frameworksParticipate in PoC for evaluation of various tools, frameworks, methodologiesParticipate in the building of a CI pipelineAutomate tests for any of the following test types (functional, performance, usability, compatibility, cross-browser, component)Analysis of test results for troubleshooting, qualitative and quantitative analysisTest Planning and StrategyDefine, engage, and commit to testing planning as part of the Release planning, providing accurate estimations and schedules of all testing activities, timelines, and milestones with appropriate toolsDevelop comprehensive test plans based on project requirements and specifications.Identify and manage dependencies on Test Plans for integrated systemsEnsure automated regression packs are maintained and updated based on new functionality and changesDefine and implement effective test strategies to ensure thorough test coverageEnsure that the several testing and validation processes are improved continuously Test Execution:Oversee the execution of manual and service test cases to identify software defects and ensure product qualityReview and approval of all test artifacts (scripts, test data) and testing deliverables Quality Assurance:Establish and enforce quality assurance processes and standardsCoaching, mentoring, junior QA team members influencing them to take positive action and accountability for their assigned workQualificationsWhat would make you a fit for the role:Degree in Information Technology or another relevant fieldAt least 4 years of experience in Software Testing including expertise in writing Test scripts for Functional, Regression and Performance testsExperience in various tools/frameworks such as Selenium, SoapUI, JMeterWork experience in the creation of Test Cases, Test Scripts, Test Reports and participation in Test CyclesComplete understanding of the Agile Software Development methodologiesExcellent command of the English language (both written & oral)It would also be a plus if you match some of the following:Knowledge in WebServices (SOAP & RESTful), Cucumber, Serenity, TestNG, JUnit, Mockito, REST Assured API and Jira, Jira XRay, Javascript, Typescript, Microservice Architectures, Kafka, Arquillian and Spring Boot are considered a plusWork experience in Java, .Net, Groovy, SQL, XML ISTQB Foundation certificate in Software Testing;Test Automation knowledge through QTP.Additional InformationBeing a part of the Netcompany-Ιntrasoft team, you will be provided with: The opportunity to work in a modern environment & in a hybrid working modelA seamless onboarding experience and a buddy to support you on your first stepsA competitive compensation & benefits packageHealth and life insurance programMeal Continuous learning opportunities using the most modern methods (unlimited access to Udemy for Business, ad-hoc trainings)A personalized development plan for targeted career growthIf you are looking forward to be part of a diverse environment, and have the opportunity to work alongside well-experienced professionals, on challenging, large-scale projects that directly impact millions of citizens around the globe, then this is the place to be!Join Netcompany-Intrasoft Patras' branch, and be part of our 150+ tech enthusiasts team!#LI-TM1Our cultureOur people are the most important element of our success. Our work life is well defined by our set of fundamental Values: https://bit.ly/3SSbBzU  #BePartOfSomethingGreat!*Please submit your CV in EnglishAll applications will be treated as strictly confidential.",,Full-time,"Patra, Greece",EL,2024-08-11,kariera.gr,152800,,"['http://data.europa.eu/esco/skill/23ac233d-84ad-4517-b0f5-8ca19ba2614e', 'http://data.europa.eu/esco/skill/2522a6ce-3202-4ac8-9f5b-b9cb5a3a83a1', 'http://data.europa.eu/esco/skill/3993c87c-7719-4186-811b-8ddfb40e76be', 'http://data.europa.eu/esco/skill/52cf3037-ab53-4806-85ed-7fd21ea7f6a1', 'http://data.europa.eu/esco/skill/598de5b0-5b58-4ea7-8058-a4bc4d18c742', 'http://data.europa.eu/esco/skill/5d74614d-32c8-4ca4-9818-6980e52424b1', 'http://data.europa.eu/esco/skill/6a0aab53-6246-41e8-a910-e7a13f314860', 'http://data.europa.eu/esco/skill/6a322874-e32f-4cd8-9683-badce67a7f73', 'http://data.europa.eu/esco/skill/7557f0f4-b8bc-4ac0-b91e-222ab1ba744f', 'http://data.europa.eu/esco/skill/867137fb-ff1b-4ca3-99f3-cb6969aa2c68', 'http://data.europa.eu/esco/skill/8f6ed69b-29d0-4c01-81ba-f05920a185f3', 'http://data.europa.eu/esco/skill/c4b626c1-e71c-44ec-9f88-042766f37fcc', 'http://data.europa.eu/esco/skill/c7cc6dc5-d56b-4323-8e5c-47c4022f615f', 'http://data.europa.eu/esco/skill/dba46f87-0831-49cd-a1c7-340a653c0221']","['http://data.europa.eu/esco/occupation/608edf30-fe37-4ae5-bdd1-2d3a8fd347bd', 'http://data.europa.eu/esco/occupation/719f101d-1866-49d3-8d5c-2256f606a8b9', 'http://data.europa.eu/esco/isco/C2519']"
4810,Software Engineer in Test,"Company DescriptionWe are Netcompany-Intrasoft, a member of Netcompany Group A/S, and a leading European IT Solutions and Services company with strong international presence and expertise, dedicated to responsible digitalisation. We offer innovative and added-value solutions of the highest quality to a wide range of public and private organizations, while being a key-player in the EU Institutions for the past 30 years. We hold an outstanding record of 500+ organizations in 70+ countries, that have chosen our solutions and services, to fulfil their business needs. Our team of 3500+ professionals is our driving force and our most valuable asset.Job DescriptionOur fully inhouse Testing team consists of 180 professionals across our sites and is Gold ISTQB partner. This is a team led by Test Managers, that serves the entire Netcompany-Intrasoft organization, bringing value and benefit in all the technologies we use and offer. Our Testing team is engaged with a vast portfolio of services, technologies, solutions and methodologies.As a Software Engineer in Test you will:Understand the business logic for the system under testFamiliarize with the architecture of the system under testAnalyze the tests to be automated and identify the most appropriate test automation methodology/technologyImplement and maintain test automation scripts/frameworksParticipate in PoC for evaluation of various tools, frameworks, methodologiesParticipate in the building of a CI pipelineAutomate tests for any of the following test types (functional, performance, usability, compatibility, cross-browser, component)Analysis of test results for troubleshooting, qualitative and quantitative analysisQualificationsWhat would make you a fit for the role:Degree in Information Technology or another relevant fieldExperience in Software Testing including expertise in writing Test scripts for Functional, Regression and Performance testsExperience in various tools/frameworks such as Selenium, SoapUI, JMeterWork experience in the creation of Test Cases, Test Scripts, Test Reports and participation in Test CyclesComplete understanding of the Agile Software Development methodologiesExcellent command of the English language (written & oral)It would also be a plus if you match some of the following:Knowledge in WebServices (SOAP & RESTful), Cucumber, Serenity, TestNG, JUnit, Mockito, REST Assured API and Jira, Jira XRay, Javascript, Typescript, Microservice Architectures, Kafka, Arquillian and Spring Boot are considered a plusWork experience in Java, .Net, Groovy, SQL, XML Additional InformationBeing a part of the Netcompany-Ιntrasoft team, you will be provided with: The opportunity to work in a modern environment & in a hybrid working modelA seamless onboarding experience and a buddy to support you on your first stepsA competitive compensation & benefits packageHealth and life insurance programMeal and commuting allowanceWell-being activities (on premises)Continuous learning opportunities using the most modern methods (unlimited access to Udemy for Business, ad-hoc trainings)A personalized development plan for targeted career growthIf you are looking forward to be part of a diverse environment, and have the opportunity to work alongside well-experienced professionals, on challenging, large-scale projects that directly impact millions of citizens around the globe, then this is the place to be!By joining Netcompany-Intrasoft Athens, you will be part of a vivid team of 2000+ tech enthusiasts. When at the office you will have the chance to work at our brand-new, state-of-the-art, sustainable offices, located in 3 different spots in Athens!#LI-LF1 Our cultureOur people are the most important element of our success. Our work life is well defined by our set of fundamental Values: https://bit.ly/3SSbBzU  #BePartOfSomethingGreat!*Please submit your CV in EnglishAll applications will be treated as strictly confidential.",,Full-time,"Athens, Greece",EL,2024-08-11,kariera.gr,152796,,"['http://data.europa.eu/esco/skill/23ac233d-84ad-4517-b0f5-8ca19ba2614e', 'http://data.europa.eu/esco/skill/3993c87c-7719-4186-811b-8ddfb40e76be', 'http://data.europa.eu/esco/skill/52cf3037-ab53-4806-85ed-7fd21ea7f6a1', 'http://data.europa.eu/esco/skill/598de5b0-5b58-4ea7-8058-a4bc4d18c742', 'http://data.europa.eu/esco/skill/6a0aab53-6246-41e8-a910-e7a13f314860', 'http://data.europa.eu/esco/skill/7557f0f4-b8bc-4ac0-b91e-222ab1ba744f', 'http://data.europa.eu/esco/skill/867137fb-ff1b-4ca3-99f3-cb6969aa2c68', 'http://data.europa.eu/esco/skill/8f6ed69b-29d0-4c01-81ba-f05920a185f3', 'http://data.europa.eu/esco/skill/c4b626c1-e71c-44ec-9f88-042766f37fcc', 'http://data.europa.eu/esco/skill/ce354460-500e-4eaa-8e95-8f243fcea3db', 'http://data.europa.eu/esco/skill/dba46f87-0831-49cd-a1c7-340a653c0221']","['http://data.europa.eu/esco/occupation/719f101d-1866-49d3-8d5c-2256f606a8b9', 'http://data.europa.eu/esco/isco/C2519']"
4811,Software Engineer in Test,"Company DescriptionWe are Netcompany-Intrasoft, a member of Netcompany Group A/S, and a leading European IT Solutions and Services company with strong international presence and expertise, dedicated to responsible digitalisation. We offer innovative and added-value solutions of the highest quality to a wide range of public and private organizations, while being a key-player in the EU Institutions for the past 30 years. We hold an outstanding record of 500+ organizations in 70+ countries, that have chosen our solutions and services, to fulfil their business needs. Our team of 3500+ professionals is our driving force and our most valuable asset.Job DescriptionOur fully inhouse Testing team consists of 180 professionals across our sites and is Gold ISTQB partner. This is a team led by Test Managers, that serves the entire Netcompany-Intrasoft organization, bringing value and benefit in all the technologies we use and offer. Our Testing team is engaged with a vast portfolio of services, technologies, solutions and methodologies.As a Software Engineer in Test you will:Understand the business logic for the system under testFamiliarize with the architecture of the system under testAnalyze the tests to be automated and identify the most appropriate test automation methodology/technologyImplement and maintain test automation scripts/frameworksParticipate in PoC for evaluation of various tools, frameworks, methodologiesParticipate in the building of a CI pipelineAutomate tests for any of the following test types (functional, performance, usability, compatibility, cross-browser, component)Analysis of test results for troubleshooting, qualitative and quantitative analysisQualificationsWhat would make you a fit for the role:Degree in Information Technology or another relevant fieldExperience in Software Testing including expertise in writing Test scripts for Functional, Regression and Performance testsExperience in various tools/frameworks such as Selenium, SoapUI, JMeterWork experience in the creation of Test Cases, Test Scripts, Test Reports and participation in Test CyclesComplete understanding of the Agile Software Development methodologiesExcellent command of the English language (written & oral)It would also be a plus if you match some of the following:Knowledge in WebServices (SOAP & RESTful), Cucumber, Serenity, TestNG, JUnit, Mockito, REST Assured API and Jira, Jira XRay, Javascript, Typescript, Microservice Architectures, Kafka, Arquillian and Spring Boot are considered a plusWork experience in Java, .Net, Groovy, SQL, XML Additional InformationBeing a part of the Netcompany-Ιntrasoft team, you will be provided with: The opportunity to work in a modern environment & in a hybrid working modelA seamless onboarding experience and a buddy to support you on your first stepsA competitive compensation & benefits packageHealth and life insurance programMeal and commuting allowanceWell-being activities (on premises)Continuous learning opportunities using the most modern methods (unlimited access to Udemy for Business, ad-hoc trainings)A personalized development plan for targeted career growthIf you are looking forward to be part of a diverse environment, and have the opportunity to work alongside well-experienced professionals, on challenging, large-scale projects that directly impact millions of citizens around the globe, then this is the place to be!Join Netcompany-Intrasoft Thessaloniki's branch, and be part of our 250+ tech enthusiasts team!#LI-LF1 Our cultureOur people are the most important element of our success. Our work life is well defined by our set of fundamental Values: https://bit.ly/3SSbBzU  #BePartOfSomethingGreat!*Please submit your CV in EnglishAll applications will be treated as strictly confidential.",,Full-time,"Thessaloniki, Greece",EL,2024-08-11,kariera.gr,152795,,"['http://data.europa.eu/esco/skill/23ac233d-84ad-4517-b0f5-8ca19ba2614e', 'http://data.europa.eu/esco/skill/3993c87c-7719-4186-811b-8ddfb40e76be', 'http://data.europa.eu/esco/skill/52cf3037-ab53-4806-85ed-7fd21ea7f6a1', 'http://data.europa.eu/esco/skill/598de5b0-5b58-4ea7-8058-a4bc4d18c742', 'http://data.europa.eu/esco/skill/6a0aab53-6246-41e8-a910-e7a13f314860', 'http://data.europa.eu/esco/skill/7557f0f4-b8bc-4ac0-b91e-222ab1ba744f', 'http://data.europa.eu/esco/skill/867137fb-ff1b-4ca3-99f3-cb6969aa2c68', 'http://data.europa.eu/esco/skill/8f6ed69b-29d0-4c01-81ba-f05920a185f3', 'http://data.europa.eu/esco/skill/c4b626c1-e71c-44ec-9f88-042766f37fcc', 'http://data.europa.eu/esco/skill/ce354460-500e-4eaa-8e95-8f243fcea3db', 'http://data.europa.eu/esco/skill/dba46f87-0831-49cd-a1c7-340a653c0221']","['http://data.europa.eu/esco/occupation/719f101d-1866-49d3-8d5c-2256f606a8b9', 'http://data.europa.eu/esco/isco/C2519']"
4812,Software Engineer in Test,"Company DescriptionWe are Netcompany-Intrasoft, a member of Netcompany Group A/S, and a leading European IT Solutions and Services company with strong international presence and expertise, dedicated to responsible digitalisation. We offer innovative and added-value solutions of the highest quality to a wide range of public and private organizations, while being a key-player in the EU Institutions for the past 30 years. We hold an outstanding record of 500+ organizations in 70+ countries, that have chosen our solutions and services, to fulfil their business needs. Our team of 3500+ professionals is our driving force and our most valuable asset.Job DescriptionOur fully inhouse Testing team consists of 180 professionals across our sites and is Gold ISTQB partner. This is a team led by Test Managers, that serves the entire Netcompany-Intrasoft organization, bringing value and benefit in all the technologies we use and offer. Our Testing team is engaged with a vast portfolio of services, technologies, solutions and methodologies.As a Software Engineer in Test you will:Understand the business logic for the system under testFamiliarize with the architecture of the system under testAnalyze the tests to be automated and identify the most appropriate test automation methodology/technologyImplement and maintain test automation scripts/frameworksParticipate in PoC for evaluation of various tools, frameworks, methodologiesParticipate in the building of a CI pipelineAutomate tests for any of the following test types (functional, performance, usability, compatibility, cross-browser, component)Analysis of test results for troubleshooting, qualitative and quantitative analysisQualificationsWhat would make you a fit for the role:Degree in Information Technology or another relevant fieldExperience in Software Testing including expertise in writing Test scripts for Functional, Regression and Performance testsExperience in various tools/frameworks such as Selenium, SoapUI, JMeterWork experience in the creation of Test Cases, Test Scripts, Test Reports and participation in Test CyclesComplete understanding of the Agile Software Development methodologiesExcellent command of the English language (written & oral)It would also be a plus if you match some of the following:Knowledge in WebServices (SOAP & RESTful), Cucumber, Serenity, TestNG, JUnit, Mockito, REST Assured API and Jira, Jira XRay, Javascript, Typescript, Microservice Architectures, Kafka, Arquillian and Spring Boot are considered a plusWork experience in Java, .Net, Groovy, SQL, XML Additional InformationBeing a part of the Netcompany-Ιntrasoft team, you will be provided with: The opportunity to work in a modern environment & in a hybrid working modelA seamless onboarding experience and a buddy to support you on your first stepsA competitive compensation & benefits packageHealth and life insurance programMealWell-being activities (on premises)Continuous learning opportunities using the most modern methods (unlimited access to Udemy for Business, ad-hoc trainings)A personalized development plan for targeted career growthIf you are looking forward to be part of a diverse environment, and have the opportunity to work alongside well-experienced professionals, on challenging, large-scale projects that directly impact millions of citizens around the globe, then this is the place to be!Join Netcompany-Intrasoft Patras' branch, and be part of our 150+ tech enthusiasts team!#LI-LF1 Our cultureOur people are the most important element of our success. Our work life is well defined by our set of fundamental Values: https://bit.ly/3SSbBzU  #BePartOfSomethingGreat!*Please submit your CV in EnglishAll applications will be treated as strictly confidential.",,Full-time,"Patra, Greece",EL,2024-08-11,kariera.gr,152794,,"['http://data.europa.eu/esco/skill/23ac233d-84ad-4517-b0f5-8ca19ba2614e', 'http://data.europa.eu/esco/skill/3993c87c-7719-4186-811b-8ddfb40e76be', 'http://data.europa.eu/esco/skill/52cf3037-ab53-4806-85ed-7fd21ea7f6a1', 'http://data.europa.eu/esco/skill/598de5b0-5b58-4ea7-8058-a4bc4d18c742', 'http://data.europa.eu/esco/skill/6a0aab53-6246-41e8-a910-e7a13f314860', 'http://data.europa.eu/esco/skill/7557f0f4-b8bc-4ac0-b91e-222ab1ba744f', 'http://data.europa.eu/esco/skill/867137fb-ff1b-4ca3-99f3-cb6969aa2c68', 'http://data.europa.eu/esco/skill/8f6ed69b-29d0-4c01-81ba-f05920a185f3', 'http://data.europa.eu/esco/skill/c4b626c1-e71c-44ec-9f88-042766f37fcc', 'http://data.europa.eu/esco/skill/ce354460-500e-4eaa-8e95-8f243fcea3db', 'http://data.europa.eu/esco/skill/dba46f87-0831-49cd-a1c7-340a653c0221']","['http://data.europa.eu/esco/occupation/719f101d-1866-49d3-8d5c-2256f606a8b9', 'http://data.europa.eu/esco/isco/C2519']"
4818,Middleware Engineer,"Company DescriptionWe are Netcompany-Intrasoft, a member of Netcompany Group A/S, and a leading European IT Solutions and Services company with strong international presence and expertise, dedicated to responsible digitalisation. We offer innovative and added-value solutions of the highest quality to a wide range of public and private organizations, while being a key-player in the EU Institutions for the past 30 years. We hold an outstanding record of 500+ organizations in 70+ countries, that have chosen our solutions and services, to fulfil their business needs. Our team of 3500+ professionals is our driving force and our most valuable asset.Job DescriptionAre you ready to discover the role of a Middleware Engineer in Netcompany-Intrasoft?Joining us as a Middleware Engineer, you will have the opportunity to be a part of our highly skilled agile Middleware Administrators and Engineers, responsible for maintaining middleware environments. You will participate in various phases of the project life cycle, including inception, delivery, and support. Additionally, you will work closely with software development and infrastructure teams to successfully deliver integrated solutions..As a Middleware Engineer you will:Perform installation, configuration, and maintenance-level administrative functions for middleware, including patch installation and capacity managementMonitor middleware performance and assist with ensuring middleware securityAnalyze and resolve middleware user incidentsMonitor corporate and customer systems to ensure service availabilityQualificationsWhat would make you a fit for the role:BSc degree in Computer Science, Software Engineering, or a related disciplineExperience with Linux operating systems and relational databases (preferably Oracle) or SQLExperience in installing, configuring, and administering Oracle middleware products (WebLogic, Apache Web Server, BI Publisher) or other Java application servers (e.g., WildFly, WebSphere, JBoss)Experience in implementing middleware securityAbility to communicate efficiently and constructively on technical issues of varying complexityAnalytical thinking and problem-solving abilitiesExcellent interpersonal and teamwork skillsAbility to quickly learn and adapt to new technologies and toolsFluency in English, both written and spokenIt would also be a plus if you match some of the following:Knowledge of other Oracle software solutions (WebCenter Suite, UCM).Knowledge of Identity & Access Management solutions (Oracle IdM or open source solutions)Familiarity with JavaKnowledge of DevOps tools and practices (ie Gitlab, Jenkins)Additional InformationBeing a part of the Netcompany-Ιntrasoft team, you will be provided with: The opportunity to work in a modern environment & in a hybrid working modelA seamless onboarding experience and a buddy to support you on your first stepsA competitive compensation & benefits packageHealth and life insurance programMeal and commuting allowanceWell-being activities (on premises)Continuous learning opportunities using the most modern methods (unlimited access to Udemy for Business, ad-hoc trainings)A personalized development plan for targeted career growthIf you are looking forward to be part of a diverse environment, and have the opportunity to work alongside well-experienced professionals, on challenging, large-scale projects that directly impact millions of citizens around the globe, then this is the place to be!By joining Netcompany-Intrasoft Athens, you will be part of a vivid team of 2000+ tech enthusiasts. When at the office you will have the chance to work at our brand-new, state-of-the-art, sustainable offices, located in 3 different spots in Athens!#LI-Hybrid #LI-ZS1Our cultureOur people are the most important element of our success. Our work life is well defined by our set of fundamental Values: https://bit.ly/3SSbBzU  #BePartOfSomethingGreat!*Please submit your CV in EnglishAll applications will be treated as strictly confidential.",,Full-time,"Athens, Greece",EL,2024-08-11,kariera.gr,152778,,"['http://data.europa.eu/esco/skill/1fcce318-3212-487a-ac07-4941bc85060d', 'http://data.europa.eu/esco/skill/23ac233d-84ad-4517-b0f5-8ca19ba2614e', 'http://data.europa.eu/esco/skill/43ae58b9-5e56-4524-b45a-b422777a0576', 'http://data.europa.eu/esco/skill/70de94f5-9575-4edd-bca7-c797b023b9d6', 'http://data.europa.eu/esco/skill/8327754d-3990-4056-b07e-4faa49cfcd26', 'http://data.europa.eu/esco/skill/8f6ed69b-29d0-4c01-81ba-f05920a185f3', 'http://data.europa.eu/esco/skill/a4e31589-3632-4926-91d0-15b889c90b9b', 'http://data.europa.eu/esco/skill/ab49f767-296b-47d5-af56-0b4a69515b03', 'http://data.europa.eu/esco/skill/c5bc42be-4970-4dce-80e2-af78bae42e84', 'http://data.europa.eu/esco/skill/f9a6f35b-01a7-40c9-8b61-b6ee46f97272']","['http://data.europa.eu/esco/occupation/4543bf7b-8ffb-4ade-88b9-58da34366f04', 'http://data.europa.eu/esco/occupation/57af9090-55b4-4911-b2d0-86db01c00b02', 'http://data.europa.eu/esco/occupation/719f101d-1866-49d3-8d5c-2256f606a8b9', 'http://data.europa.eu/esco/occupation/cc325a8f-702e-4bf0-893f-5b5d456475ad', 'http://data.europa.eu/esco/isco/C214']"
4819,Middleware Engineer,"Company DescriptionWe are Netcompany-Intrasoft, a member of Netcompany Group A/S, and a leading European IT Solutions and Services company with strong international presence and expertise, dedicated to responsible digitalisation. We offer innovative and added-value solutions of the highest quality to a wide range of public and private organizations, while being a key-player in the EU Institutions for the past 30 years. We hold an outstanding record of 500+ organizations in 70+ countries, that have chosen our solutions and services, to fulfil their business needs. Our team of 3500+ professionals is our driving force and our most valuable asset.Job DescriptionAre you ready to discover the role of a Middleware Engineer in Netcompany-Intrasoft?Joining us as a Middleware Engineer, you will have the opportunity to be a part of our highly skilled agile Middleware Administrators and Engineers, responsible for maintaining middleware environments. You will participate in various phases of the project life cycle, including inception, delivery, and support. Additionally, you will work closely with software development and infrastructure teams to successfully deliver integrated solutions..As a Middleware Engineer you will:Perform installation, configuration, and maintenance-level administrative functions for middleware, including patch installation and capacity managementMonitor middleware performance and assist with ensuring middleware securityAnalyze and resolve middleware user incidentsMonitor corporate and customer systems to ensure service availabilityQualificationsWhat would make you a fit for the role:BSc degree in Computer Science, Software Engineering, or a related disciplineExperience with Linux operating systems and relational databases (preferably Oracle) or SQLExperience in installing, configuring, and administering Oracle middleware products (WebLogic, Apache Web Server, BI Publisher) or other Java application servers (e.g., WildFly, WebSphere, JBoss)Experience in implementing middleware securityAbility to communicate efficiently and constructively on technical issues of varying complexityAnalytical thinking and problem-solving abilitiesExcellent interpersonal and teamwork skillsAbility to quickly learn and adapt to new technologies and toolsFluency in English, both written and spokenIt would also be a plus if you match some of the following:Knowledge of other Oracle software solutions (WebCenter Suite, UCM).Knowledge of Identity & Access Management solutions (Oracle IdM or open source solutions)Familiarity with JavaKnowledge of DevOps tools and practices (ie Gitlab, Jenkins)Additional InformationBeing a part of the Netcompany-Ιntrasoft team, you will be provided with: The opportunity to work in a modern environment & in a hybrid working modelA seamless onboarding experience and a buddy to support you on your first stepsA competitive compensation & benefits packageHealth and life insurance programMeal and commuting allowanceWell-being activities (on premises)Continuous learning opportunities using the most modern methods (unlimited access to Udemy for Business, ad-hoc trainings)A personalized development plan for targeted career growthIf you are looking forward to be part of a diverse environment, and have the opportunity to work alongside well-experienced professionals, on challenging, large-scale projects that directly impact millions of citizens around the globe, then this is the place to be!Join Netcompany-Intrasoft Thessaloniki's branch, and be part of our 250+ tech enthusiasts team!#LI-Hybrid #LI-ZS1Our cultureOur people are the most important element of our success. Our work life is well defined by our set of fundamental Values: https://bit.ly/3SSbBzU  #BePartOfSomethingGreat!*Please submit your CV in EnglishAll applications will be treated as strictly confidential.",,Full-time,"Thessaloniki, Greece",EL,2024-08-11,kariera.gr,152777,,"['http://data.europa.eu/esco/skill/1fcce318-3212-487a-ac07-4941bc85060d', 'http://data.europa.eu/esco/skill/23ac233d-84ad-4517-b0f5-8ca19ba2614e', 'http://data.europa.eu/esco/skill/43ae58b9-5e56-4524-b45a-b422777a0576', 'http://data.europa.eu/esco/skill/70de94f5-9575-4edd-bca7-c797b023b9d6', 'http://data.europa.eu/esco/skill/8327754d-3990-4056-b07e-4faa49cfcd26', 'http://data.europa.eu/esco/skill/8f6ed69b-29d0-4c01-81ba-f05920a185f3', 'http://data.europa.eu/esco/skill/a4e31589-3632-4926-91d0-15b889c90b9b', 'http://data.europa.eu/esco/skill/ab49f767-296b-47d5-af56-0b4a69515b03', 'http://data.europa.eu/esco/skill/c5bc42be-4970-4dce-80e2-af78bae42e84', 'http://data.europa.eu/esco/skill/f9a6f35b-01a7-40c9-8b61-b6ee46f97272']","['http://data.europa.eu/esco/occupation/4543bf7b-8ffb-4ade-88b9-58da34366f04', 'http://data.europa.eu/esco/occupation/57af9090-55b4-4911-b2d0-86db01c00b02', 'http://data.europa.eu/esco/occupation/719f101d-1866-49d3-8d5c-2256f606a8b9', 'http://data.europa.eu/esco/occupation/cc325a8f-702e-4bf0-893f-5b5d456475ad', 'http://data.europa.eu/esco/isco/C214']"
4820,Middleware Engineer,"Company DescriptionWe are Netcompany-Intrasoft, a member of Netcompany Group A/S, and a leading European IT Solutions and Services company with strong international presence and expertise, dedicated to responsible digitalisation. We offer innovative and added-value solutions of the highest quality to a wide range of public and private organizations, while being a key-player in the EU Institutions for the past 30 years. We hold an outstanding record of 500+ organizations in 70+ countries, that have chosen our solutions and services, to fulfil their business needs. Our team of 3500+ professionals is our driving force and our most valuable asset.Job DescriptionAre you ready to discover the role of a Middleware Engineer in Netcompany-Intrasoft?Joining us as a Middleware Engineer, you will have the opportunity to be a part of our highly skilled agile Middleware Administrators and Engineers, responsible for maintaining middleware environments. You will participate in various phases of the project life cycle, including inception, delivery, and support. Additionally, you will work closely with software development and infrastructure teams to successfully deliver integrated solutions..As a Middleware Engineer you will:Perform installation, configuration, and maintenance-level administrative functions for middleware, including patch installation and capacity managementMonitor middleware performance and assist with ensuring middleware securityAnalyze and resolve middleware user incidentsMonitor corporate and customer systems to ensure service availabilityQualificationsWhat would make you a fit for the role:BSc degree in Computer Science, Software Engineering, or a related disciplineExperience with Linux operating systems and relational databases (preferably Oracle) or SQLExperience in installing, configuring, and administering Oracle middleware products (WebLogic, Apache Web Server, BI Publisher) or other Java application servers (e.g., WildFly, WebSphere, JBoss)Experience in implementing middleware securityAbility to communicate efficiently and constructively on technical issues of varying complexityAnalytical thinking and problem-solving abilitiesExcellent interpersonal and teamwork skillsAbility to quickly learn and adapt to new technologies and toolsFluency in English, both written and spokenIt would also be a plus if you match some of the following:Knowledge of other Oracle software solutions (WebCenter Suite, UCM).Knowledge of Identity & Access Management solutions (Oracle IdM or open source solutions)Familiarity with JavaKnowledge of DevOps tools and practices (ie Gitlab, Jenkins)Additional InformationBeing a part of the Netcompany-Ιntrasoft team, you will be provided with: The opportunity to work in a modern environment & in a hybrid working modelA seamless onboarding experience and a buddy to support you on your first stepsA competitive compensation & benefits packageHealth and life insurance programMeal and commuting allowanceWell-being activities (on premises)Continuous learning opportunities using the most modern methods (unlimited access to Udemy for Business, ad-hoc trainings)A personalized development plan for targeted career growthIf you are looking forward to be part of a diverse environment, and have the opportunity to work alongside well-experienced professionals, on challenging, large-scale projects that directly impact millions of citizens around the globe, then this is the place to be!Join Netcompany-Intrasoft Patras' branch, and be part of our 150+ tech enthusiasts team!#LI-Hybrid #LI-ZS1Our cultureOur people are the most important element of our success. Our work life is well defined by our set of fundamental Values: https://bit.ly/3SSbBzU  #BePartOfSomethingGreat!*Please submit your CV in EnglishAll applications will be treated as strictly confidential.",,Full-time,"Patra, Greece",EL,2024-08-11,kariera.gr,152776,,"['http://data.europa.eu/esco/skill/1fcce318-3212-487a-ac07-4941bc85060d', 'http://data.europa.eu/esco/skill/23ac233d-84ad-4517-b0f5-8ca19ba2614e', 'http://data.europa.eu/esco/skill/43ae58b9-5e56-4524-b45a-b422777a0576', 'http://data.europa.eu/esco/skill/70de94f5-9575-4edd-bca7-c797b023b9d6', 'http://data.europa.eu/esco/skill/8327754d-3990-4056-b07e-4faa49cfcd26', 'http://data.europa.eu/esco/skill/8f6ed69b-29d0-4c01-81ba-f05920a185f3', 'http://data.europa.eu/esco/skill/a4e31589-3632-4926-91d0-15b889c90b9b', 'http://data.europa.eu/esco/skill/ab49f767-296b-47d5-af56-0b4a69515b03', 'http://data.europa.eu/esco/skill/c5bc42be-4970-4dce-80e2-af78bae42e84', 'http://data.europa.eu/esco/skill/f9a6f35b-01a7-40c9-8b61-b6ee46f97272']","['http://data.europa.eu/esco/occupation/4543bf7b-8ffb-4ade-88b9-58da34366f04', 'http://data.europa.eu/esco/occupation/57af9090-55b4-4911-b2d0-86db01c00b02', 'http://data.europa.eu/esco/occupation/719f101d-1866-49d3-8d5c-2256f606a8b9', 'http://data.europa.eu/esco/occupation/cc325a8f-702e-4bf0-893f-5b5d456475ad', 'http://data.europa.eu/esco/isco/C214']"
4821,Test Automation Leader,"Company DescriptionWe are Netcompany-Intrasoft, a member of Netcompany Group A/S, and a leading European IT Solutions and Services company with strong international presence and expertise, dedicated to responsible digitalisation. We offer innovative and added-value solutions of the highest quality to a wide range of public and private organizations, while being a key-player in the EU Institutions for the past 30 years. We hold an outstanding record of 500+ organizations in 70+ countries, that have chosen our solutions and services, to fulfil their business needs. Our team of 3500+ professionals is our driving force and our most valuable asset.Job DescriptionOur fully inhouse Testing team consists of 180 professionals across our sites and is Gold ISTQB partner. This is a team led by Test Managers, that serves the entire Netcompany-Intrasoft organization, bringing value and benefit in all the technologies we use and offer. Our Testing team is engaged with a vast portfolio of services, technologies, solutions and methodologies.As a Test Automation Leader you will:Work on analyzing and managing the testing lifecycle of large-scale software applications of EU institutions / Products / Public Sector. You will be exposed to a wide variety of services and technologies in a multinational environment.QualificationsWhat would make you a fit for the role:University degree in Information Technology or another relevant field and 7+ years of experience in Test Automation, including leadership rolesProven experience in Software Testing and Test Automation, with expertise in designing and implementing Test Automation Strategies for Component, Functional, Regression, and Performance testsExtensive experience in testing complex business logic of enterprise-level systems and microservices architecturesProficiency in Java, .NET, Typescript, SQL, HTML, XML, JSON, Shell & Bat scriptingExpertise in various tools/frameworks such as Selenium, Appium, Playwright, Cypress, WebdriverIO, TestNG, JUnit, NUnit, Spring, Spring Boot, Cucumber, SpecFlow, Rest Assured API, SoapUI, Postman, JMeter, LoadUI, K6, BPMN, Kafka, JMSExperience with Test Management (Xray, Zephyr, Azure Test, etc.) and Defect Management Tools (Jira, etc.) and in automated integrations with those toolsProficiency with CI Tools (Jenkins, Bamboo, etc.) and pipeline scriptingExperience with Docker, Kubernetes is considered a plusStrong background in creating Test Cases, Test Scripts, Test Reports, and participation in Test CyclesProven ability to train, guide, coach, and share knowledge with less experienced team membersDeep understanding of Agile Software Development methodologiesFlexibility to manage multiple projects and technologies simultaneouslyExcellent command of the English language (written & oral).Additional InformationBeing a part of the Netcompany-Ιntrasoft team, you will be provided with: The opportunity to work in a modern environment & in a hybrid working modelA seamless onboarding experience and a buddy to support you on your first stepsA competitive compensation & benefits packageHealth and life insurance programMeal and commuting allowanceWell-being activities (on premises)Continuous learning opportunities using the most modern methods (unlimited access to Udemy for Business, ad-hoc trainings)A personalized development plan for targeted career growthIf you are looking forward to be part of a diverse environment, and have the opportunity to work alongside well-experienced professionals, on challenging, large-scale projects that directly impact millions of citizens around the globe, then this is the place to be!When at the office you will have the chance to work at our brand-new, state-of-the-art, sustainable offices, located in 3 different spots in Athens!Please submit your detailed CV and cover letter (in English)Our cultureOur people are the most important element of our success. Our work life is well defined by our set of fundamental Values: https://bit.ly/3SSbBzU  #BePartOfSomethingGreat!*Please submit your CV in EnglishAll applications will be treated as strictly confidential.",,Full-time,"Athens, Greece",EL,2024-08-11,kariera.gr,159390,,"['http://data.europa.eu/esco/skill/0a9acb6b-1139-4be9-b431-3a80a959f2f4', 'http://data.europa.eu/esco/skill/0af062de-eb43-41e9-9b96-249e2cd22d26', 'http://data.europa.eu/esco/skill/23ac233d-84ad-4517-b0f5-8ca19ba2614e', 'http://data.europa.eu/esco/skill/2d3552aa-08da-4aad-9942-675be826a212', 'http://data.europa.eu/esco/skill/3993c87c-7719-4186-811b-8ddfb40e76be', 'http://data.europa.eu/esco/skill/598de5b0-5b58-4ea7-8058-a4bc4d18c742', 'http://data.europa.eu/esco/skill/7557f0f4-b8bc-4ac0-b91e-222ab1ba744f', 'http://data.europa.eu/esco/skill/867137fb-ff1b-4ca3-99f3-cb6969aa2c68', 'http://data.europa.eu/esco/skill/8f6ed69b-29d0-4c01-81ba-f05920a185f3', 'http://data.europa.eu/esco/skill/f47a1998-0beb-43be-9f46-380aa4d183da']","['http://data.europa.eu/esco/occupation/572c51ef-531b-4331-8e66-b1641173e54e', 'http://data.europa.eu/esco/occupation/719f101d-1866-49d3-8d5c-2256f606a8b9', 'http://data.europa.eu/esco/occupation/7ed2e153-8da8-4c0d-b4c5-3402c623f34b', 'http://data.europa.eu/esco/occupation/ab7bccb2-6f81-4a3d-a0c0-fca5d47d2775']"
4825,Test Automation Leader,"Company DescriptionWe are Netcompany-Intrasoft, a member of Netcompany Group A/S, and a leading European IT Solutions and Services company with strong international presence and expertise, dedicated to responsible digitalisation. We offer innovative and added-value solutions of the highest quality to a wide range of public and private organizations, while being a key-player in the EU Institutions for the past 30 years. We hold an outstanding record of 500+ organizations in 70+ countries, that have chosen our solutions and services, to fulfil their business needs. Our team of 3500+ professionals is our driving force and our most valuable asset.Job DescriptionOur fully inhouse Testing team consists of 180 professionals across our sites and is Gold ISTQB partner. This is a team led by Test Managers, that serves the entire Netcompany-Intrasoft organization, bringing value and benefit in all the technologies we use and offer. Our Testing team is engaged with a vast portfolio of services, technologies, solutions and methodologies.As a Test Automation Leader you will:Work on analyzing and managing the testing lifecycle of large-scale software applications of EU institutions / Products / Public Sector. You will be exposed to a wide variety of services and technologies in a multinational environment.QualificationsWhat would make you a fit for the role:University degree in Information Technology or another relevant field and 7+ years of experience in Test Automation, including leadership rolesProven experience in Software Testing and Test Automation, with expertise in designing and implementing Test Automation Strategies for Component, Functional, Regression, and Performance testsExtensive experience in testing complex business logic of enterprise-level systems and microservices architecturesProficiency in Java, .NET, Typescript, SQL, HTML, XML, JSON, Shell & Bat scriptingExpertise in various tools/frameworks such as Selenium, Appium, Playwright, Cypress, WebdriverIO, TestNG, JUnit, NUnit, Spring, Spring Boot, Cucumber, SpecFlow, Rest Assured API, SoapUI, Postman, JMeter, LoadUI, K6, BPMN, Kafka, JMSExperience with Test Management (Xray, Zephyr, Azure Test, etc.) and Defect Management Tools (Jira, etc.) and in automated integrations with those toolsProficiency with CI Tools (Jenkins, Bamboo, etc.) and pipeline scriptingExperience with Docker, Kubernetes is considered a plusStrong background in creating Test Cases, Test Scripts, Test Reports, and participation in Test CyclesProven ability to train, guide, coach, and share knowledge with less experienced team membersDeep understanding of Agile Software Development methodologiesFlexibility to manage multiple projects and technologies simultaneouslyExcellent command of the English language (written & oral).Additional InformationBeing a part of the Netcompany-Ιntrasoft team, you will be provided with: The opportunity to work in a modern environment & in a hybrid working modelA seamless onboarding experience and a buddy to support you on your first stepsA competitive compensation & benefits packageHealth and life insurance programMeal and commuting allowanceWell-being activities (on premises)Continuous learning opportunities using the most modern methods (unlimited access to Udemy for Business, ad-hoc trainings)A personalized development plan for targeted career growthIf you are looking forward to be part of a diverse environment, and have the opportunity to work alongside well-experienced professionals, on challenging, large-scale projects that directly impact millions of citizens around the globe, then this is the place to be!When at the office you will have the chance to work at our brand-new, state-of-the-art, sustainable offices, located in 3 different spots in Athens!Please submit your detailed CV and cover letter (in English)Our cultureOur people are the most important element of our success. Our work life is well defined by our set of fundamental Values: https://bit.ly/3SSbBzU  #BePartOfSomethingGreat!*Please submit your CV in EnglishAll applications will be treated as strictly confidential.",,Full-time,"Thessaloniki, Greece",EL,2024-08-11,kariera.gr,159385,,"['http://data.europa.eu/esco/skill/0a9acb6b-1139-4be9-b431-3a80a959f2f4', 'http://data.europa.eu/esco/skill/0af062de-eb43-41e9-9b96-249e2cd22d26', 'http://data.europa.eu/esco/skill/23ac233d-84ad-4517-b0f5-8ca19ba2614e', 'http://data.europa.eu/esco/skill/2d3552aa-08da-4aad-9942-675be826a212', 'http://data.europa.eu/esco/skill/3993c87c-7719-4186-811b-8ddfb40e76be', 'http://data.europa.eu/esco/skill/598de5b0-5b58-4ea7-8058-a4bc4d18c742', 'http://data.europa.eu/esco/skill/7557f0f4-b8bc-4ac0-b91e-222ab1ba744f', 'http://data.europa.eu/esco/skill/867137fb-ff1b-4ca3-99f3-cb6969aa2c68', 'http://data.europa.eu/esco/skill/8f6ed69b-29d0-4c01-81ba-f05920a185f3', 'http://data.europa.eu/esco/skill/f47a1998-0beb-43be-9f46-380aa4d183da']","['http://data.europa.eu/esco/occupation/572c51ef-531b-4331-8e66-b1641173e54e', 'http://data.europa.eu/esco/occupation/719f101d-1866-49d3-8d5c-2256f606a8b9', 'http://data.europa.eu/esco/occupation/7ed2e153-8da8-4c0d-b4c5-3402c623f34b', 'http://data.europa.eu/esco/occupation/ab7bccb2-6f81-4a3d-a0c0-fca5d47d2775']"
40692,Machine Learning and Data Processing Research Engineer,"INTRACOM TELECOM is a global telecommunication systems and solutions vendor operating for over 40 years in the market. The company innovates in the wireless access and transmission field, offers a competitive telco software solutions portfolio and combines its offerings with a complete range of professional services.Our mission is to shape the future through technology, recognizing that human capital is the key to achieving this in today's business environment. Our highly specialized and experienced personnel are pivotal in reaching ambitious objectives and advancing the company's capabilities to better serve its customers. In line with this, we are seeking an agile and highly motivated 'Machine Learning and Data Processing Research Engineer' to join our team of future shapers.Job roleThe successful candidate will be involved in the design, development and deployment of Artificial Intelligence (AI)-driven solutions focusing on ML and data analytics technologies for next-generation telecommunications and decision support systems. As a research engineer, the candidate will work on a small team, while being versatile and independent, will tackle interesting research problems and will gain expertise in beyond the state-of-the-art AI and networking technologiesResponsibilities Design and implement experimental systems and applications focusing on AI/ML and data analytics technologies for next-generation telecommunications and decision support systems Investigate new AI technologies and existing systems and make recommendations Configure, deploy, maintain, and use software engineering tools Lead or contribute to technical reports and deliver technical presentations Collaborate with data science and technical teams or individuals of various backgrounds across Europe Requirements MSc (PhD preferred) in Electronic/Computer Engineering or Computer Science or related technical field Experience with modern ML/DL frameworks (at least one of Keras, Tensorflow, PyTorch or similar)  Experience with building data processing pipelines (data ingestion from relational SQL & NoSQL data sources, data preparation, data transformation, data aggregation etc.) Programming experience in Python, Java, Scala or C++  Excellent use of English language Excellent communication, teamwork & problem solving skills Fulfilled military obligations, where applicable Desired Skills Experience in collaborative research projects, technical proposal/deliverable writing Familiarity with AutoML tools (e.g., Auto-Keras, H2OAutoML)  Knowledge of cloud-native technologies (e.g., Docker, Kubernetes, Helm) and workflow management tools (e.g., Kubeflow, Argo)  Experience with big data tools (Hadoop, Spark, Kafka, etc.)  Knowledge of the software development lifecycle and associated tools (version control, issue tracking, etc.). Record of technical reports and presentations in English BenefitsINTRACOM TELECOM provides an excellent working environment which encourages team spirit, cooperation and continuous learning, in which the career prospects depend on each employee’s performance. Remuneration is competitive and aligned with the company’s credo “our competitive advantage is our human capital”.Further, the facility of a company bus is convenient for every employee.Education and continuous personal improvement constitute major priorities for the company to keep abreast with the technology evolution and maintain the high growth rate and its strategic position.Our company applies policies for equal opportunities irrespective of caste, national origin, religion, disability, gender, sexual orientation, union membership, political affiliation, or age.",Mid-level,Full-time,"Paiania, Greece",EL,2024-09-10,kariera.gr,169064,,"['http://data.europa.eu/esco/skill/07889c08-7220-47c8-96f7-6068fbea00dc', 'http://data.europa.eu/esco/skill/082967d4-b94c-4305-aa13-35a6aa8c5c7c', 'http://data.europa.eu/esco/skill/09f2f811-a3fb-4de3-a70f-6420a6935575', 'http://data.europa.eu/esco/skill/0d6714c6-720e-4985-9791-5ab85d28da79', 'http://data.europa.eu/esco/skill/19a8293b-8e95-4de3-983f-77484079c389', 'http://data.europa.eu/esco/skill/24ff9b31-a497-4817-9e9b-c0ff3b3fa0ef', 'http://data.europa.eu/esco/skill/5b26f08b-88bc-45f0-b901-530d7786466b', 'http://data.europa.eu/esco/skill/9d2e926f-53d9-41f5-98f3-19dfaa687f3f', 'http://data.europa.eu/esco/skill/ccd0a1d9-afda-43d9-b901-96344886e14d', 'http://data.europa.eu/esco/skill/dba46f87-0831-49cd-a1c7-340a653c0221', 'http://data.europa.eu/esco/skill/e24377fb-020b-4430-8bed-86dd539bbf3a', 'http://data.europa.eu/esco/skill/e46291c7-52b9-4174-bd59-178884861038', 'http://data.europa.eu/esco/skill/f64fe2c2-d090-4e91-ba74-1355d96b9bca', 'http://data.europa.eu/esco/skill/f75b740c-b36c-495e-bc67-efe347bbc6b5', 'http://data.europa.eu/esco/skill/ffddfc7c-a9dd-449f-9e96-882dc447c8b6']","['http://data.europa.eu/esco/occupation/2079755f-d809-49e6-8037-4de6180e54c0', 'http://data.europa.eu/esco/occupation/3dab5c3f-84d0-4d52-901d-dd262eaea509']"
41803,Junior Java Developer,"FIRST THINGS FIRST
You have gained knowledge, experience, and expertise in significant projects. Now, how will you use these achievements to make some real impact on the world? At T-Digital by Deutsche Telekom our shared vision - to stay connected - drives all that we do. It is key to our becoming one of the world's leading telco groups, impacting millions of people.
 
REASONS TO KEEP READING THIS POST:
WHAT WE OFFER:

Hybrid work in Thessaloniki
Competitive salary
Extra days off
… many more

 
About This Job
Are you a budding Java developer ready to kickstart your career with a leading telecom company? We're thrilled to announce that we're looking to welcome Junior Java developers to our dynamic team on a short-term contract, with the potential for a permanent position!
 
What We're Looking For:

Programming Skills: Basic understanding of object-oriented software design, Basic knowledge of Java, sufficient to complete a coding exercise during the interview
Currently pursuing or recently completed a degree in Computer Science, Software Engineering, or a related field that includes software development principles and programming languages. Equivalent practical experience is also acceptable
Some experience in solving coding challenges through coursework, personal projects, or similar practical activities
English B2+ level

 
Why Join Us?

Gain hands-on experience in the telecom industry
Work with a supportive and experienced team
Opportunity for a permanent role based on performance
Be part of innovative projects that make a difference

 
THIS IS NOT A TEST
…but just to be sure, check on whether you see yourself within our company values and culture. And if you DO, click on the APPLY button.
At T-Digital we have a flat, dynamic, international organization where creativity and freedom are valued the most. We look for people who will present their whole self because we value diversity and inclusion, as well as people who love having fun and staying curious.
 
What We Stand For

We create life-changing experiences
We promote work-life balance
We attract good fellas
We believe sharing is caring

You know the job. We know what you need to do it well. Let´s talk!",Entry / Junior,Full-time,"Thessaloniki, Greece",EL,2024-09-10,kariera.gr,169028,,"['http://data.europa.eu/esco/skill/19a8293b-8e95-4de3-983f-77484079c389', 'http://data.europa.eu/esco/skill/21d2f96d-35f7-4e3f-9745-c533d2dd6e97', 'http://data.europa.eu/esco/skill/23ac233d-84ad-4517-b0f5-8ca19ba2614e', 'http://data.europa.eu/esco/skill/3bddfd7c-ab6d-40c2-883d-5e97fb7640ba', 'http://data.europa.eu/esco/skill/bf4d884f-c848-402a-b130-69c266b04164', 'http://data.europa.eu/esco/skill/c624c6a3-b0ba-4a31-a296-0d433fe47e41']",['http://data.europa.eu/esco/occupation/57af9090-55b4-4911-b2d0-86db01c00b02']
43091,Frontend Developer,"We're driving digital transformation across Akelius globally and beyond.Join our Agile team focused on business applications,utilising a cutting-edge tech stack including Kotlin,Java, and Node.js on Azure Kubernetes clusters.
Our frontend solutions are powered by Angular,connected seamlessly through REST and GraphQL APIs,ensuring robust, maintainable code.who you are

you're proficient in Angular and Node.js, with a strong grasp of responsive design and cross-browser compatibility
an agile thinker who thrives in collaborative environments, eager to mentor and learn from your peers
while experience with Strapi CMS is a plus, your fluency in English is essential

our technology stack

Java, Kotlin, Node.js with TypeScript
Angular, Ionic
Microsoft Azure, Kubernetes, Docker
MongoDB, Kafka, PostgreSQL
Auth0, ElasticSearch
GitHub, Jira, Confluence
continuous integration, deployment tools

why Akelius
As an employee at Akelius, you will get

a unique position in an international and dynamic environment
the chance to be a key player in a growing, highly skilled team
a collaborative environment fostered by our kind and smart colleagues, representing more than twenty nationalities
team and company events
Biennale, a company outing every two years which is a mix of education, culture, activity and fun
competitive compensation package
sport allowance and flexible working hours
21 days of annual holidays
13th salary and medical insurance
bright and modern offices in the heart of Nicosia
open kitchen area where you can cook, along with free drinks, snacks and fruit
access to free parking at or near the office
attractive relocation package if needed

about usIn cooperation with UNICEF,we are developing a language learning application.You can find it here https://languages.akelius.com/Currently, the language course is available in eleven languages, Swedish, English, Greek, French, Italian, Spanish, German, Portuguese, Russian, Arabic, and Polish.
please note Job applications are carefully screened,and only successful candidates will be contacted.All applications will be treated in strictconfidence and ensuring GDPR compliance.",Mid-level,Full-time,"Nicosia, Greece",EL,2024-09-11,kariera.gr,169031,,"['http://data.europa.eu/esco/skill/14ee9f76-3524-43d5-8a1a-5ba8283f8bd7', 'http://data.europa.eu/esco/skill/19a8293b-8e95-4de3-983f-77484079c389', 'http://data.europa.eu/esco/skill/1d86f05e-e9cc-40ce-99d8-2b21cc71b16b', 'http://data.europa.eu/esco/skill/1ffac4ac-fda7-407d-8ed1-ca8f4a8dc146', 'http://data.europa.eu/esco/skill/7ee51257-8947-4b69-9bdf-322baf0a6398', 'http://data.europa.eu/esco/skill/867137fb-ff1b-4ca3-99f3-cb6969aa2c68', 'http://data.europa.eu/esco/skill/a8d07b5a-c1a1-42c6-9d53-db9c7a2ca996', 'http://data.europa.eu/esco/skill/b8df1689-6763-437d-bfca-fe03d43f36c3', 'http://data.europa.eu/esco/skill/dba46f87-0831-49cd-a1c7-340a653c0221', 'http://data.europa.eu/esco/skill/ea4ebfa1-e17a-4416-ac54-955f33e6ade7', 'http://data.europa.eu/esco/skill/f3e9b964-0c2d-46c4-a895-8b3583054d69']",['http://data.europa.eu/esco/occupation/1b38a27d-ef98-4d9f-b1b2-8c109bf47e79']
43138,"Sr. Associate, Software Engineer","ROLE SUMMARYThe Enterprise Platforms & Security (EP&S) team delivers the following capabilities for Pfizer. Business application platforms supporting Pfizer's enterprise application and critical business processes. Infrastructure allowing business traffic to travel where it needs to go, internally and externally, along with the appropriate access controls. EP&S secures Pfizer's most important information assets through world class controls and protections and enables Pfizer's business results by making security an enabler and not a roadblock to achieving business results.The Developer Products and Platforms (DPP) team within Business Operations and Cybersecurity Analytics (BOCA) group owns and operates common platforms that help EP&S and its customers build, deploy, and run leading-edge products on-premises and in the cloud. These platforms are the standard for the delivery of secure, integrated, scalable, and reliable products.As a DPP software engineer you will develop next-generation technology. You will be a technical member of a team using agile development methodologies and DevOps to provide continuous delivery of solutions. We need our engineers to be versatile, display leadership qualities and be enthusiastic to take on new problems across the technology stack as we continue to push technology forward. You will be responsible for delivering high quality software solutions. This role requires strong collaboration skills, the ability to work independently with a focus on high quality and a strong sense of accountability. The role also requires a strong desire for continuous learning to stay current with the rapidly evolving global technology landscape and significant attention to detail and quality
ROLE RESPONSIBILITIES

Design and develop in one or more technologies (Java, C#, C++, Python).
Develop, maintain, and improve new and existing software solutions with a strong sense of accountability and attention to quality.
Perform stringent testing of code written, including designing, and writing automated tests to allow for continuous delivery.
Help the team embrace agile core values, adopt, and apply those principles, and implementation practices.

BASIC QUALIFICATIONS

Bachelor's degree in a technical field or equivalent practical experience.
3+ years of experience in software development.
Experience in Java, C/C++, C#, Python, JavaScript, Go, .Net.
Demonstrated ability to effectively document software designs and communicate implementation details.

PREFERRED QUALIFICATIONS

Cloud-specific experience with Amazon Web Services, Microsoft Azure and/or Google Cloud Platform.
Familiarity and/or previous experience with Agile (e.g., Scrum) is desired.
Experience in any of the following: Unix/Linux environments, cloud platforms, machine learning, networking, systems/security software development.

Pfizer is an equal opportunity employer and complies with all applicable equal employment opportunity legislation in each jurisdiction in which it operates.
To apply please visit our website www.pfizercareers.com and search job Sr. Associate, Software Engineer with id4919718.",Mid-level,Full-time,"Thessaloniki, Greece",EL,2024-09-11,kariera.gr,169303,,"['http://data.europa.eu/esco/skill/19a8293b-8e95-4de3-983f-77484079c389', 'http://data.europa.eu/esco/skill/385479b7-5da5-4367-9763-0d15b41bb65b', 'http://data.europa.eu/esco/skill/4c016b68-4116-468c-9dc6-42710c239e4a', 'http://data.europa.eu/esco/skill/6f1edc19-191f-4ba5-a048-ee69aff05bab', 'http://data.europa.eu/esco/skill/9e84a506-df06-4be3-874a-fa01293e3dd5', 'http://data.europa.eu/esco/skill/b1e4b6b3-c32e-426f-91a1-41b8adac086c', 'http://data.europa.eu/esco/skill/b633eb55-8f1f-4ae6-ab4c-2022ffe2cb7f', 'http://data.europa.eu/esco/skill/ccd0a1d9-afda-43d9-b901-96344886e14d', 'http://data.europa.eu/esco/skill/dba46f87-0831-49cd-a1c7-340a653c0221', 'http://data.europa.eu/esco/skill/f0de4973-0a70-4644-8fd4-3a97080476f4']","['http://data.europa.eu/esco/occupation/1209b85e-80f1-490f-a7e1-6ad220bb956d', 'http://data.europa.eu/esco/occupation/cc867bee-ab5c-427f-9244-f7a204d9574b', 'http://data.europa.eu/esco/occupation/e9507d34-c70f-474f-a4a3-d2cbfe50f6e9', 'http://data.europa.eu/esco/isco/C2519']"
43806,Mid Java Developer,"Our company is looking for a full-time associate for the position of Mid Java Developer with the main objective of designing, developing and maintaining applications and systems based on Java technology.
Required Qualifications:

Bachelor's degree in Computer Science or related degree
3+ years of experience in Java Enterprise Edition and JSF with Primefaces
Knowledge in implementing Web Services (SOAP and Rest)
Knowledge of designing complex database schemas in relational databases
Great fluency in writing complex SQL
Knowledge of using Git and implementing a common Git Branching Strategy
Basic understanding of the Scrum framework
Good command of English

Amenities:

Competitive remuneration package
Open-ended contract
Five days work
Pleasant and creative work environment",Mid-level,Full-time,"Marousi, Greece",EL,2024-09-12,kariera.gr,169556,,"['http://data.europa.eu/esco/skill/19a8293b-8e95-4de3-983f-77484079c389', 'http://data.europa.eu/esco/skill/6c08403c-a5bb-4868-b8c2-b7d039c0e511', 'http://data.europa.eu/esco/skill/f84a433f-34f1-4083-b0a3-24802623509c']",[]
43929,"Sr Manager, Lead Site Reliability Engineer","ROLE SUMMARY
At Pfizer we make medicines and vaccines that change patients' lives with a global reach of over 780 million patients. Pfizer Digital is the organization charged with winning the digital race in the pharmaceutical industry. We apply our expertise in technology, innovation, and our business to support Pfizer in this mission.Our team, the Operations & Insights Team, is passionate about using software and data to improve manufacturing processes. We partner with other Pfizer teams focused on:

Manufacturing throughput efficiency and increased manufacturing yield
Reduction of end-to-end cycle time and increase of percent release attainment
Increased quality control lab throughput and more timely closure of quality assurance investigations
Increased manufacturing yield of vaccines
More cost-effective network planning decisions and lowered inventory costs

As the Senior Manager, Lead Site Reliability Engineer, you will work with a team of engineers, driving the overall reliability and performance of our systems and solutions. You will be a key leader in the architecture, strategy and execution of the Site Reliability Engineering (SRE) practice. You will collaborate closely with Product Owners, Software Engineers, Data Engineers and stakeholders across the organization to ensure our infrastructure and software deliverables are robust, scalable, and efficient.You will lead initiatives to automate processes, optimize costs and continuously improve the infrastructure that powers our solutions. Your leadership in fostering a culture of continuous improvement and innovation will help us achieve new heights in operational excellence.




ROLE RESPONSIBILITIES
As the Senior Manager, Lead Site Reliability Engineer, your responsibilities will include, but are not limited to:

Act as a Technical lead and mentor in a team of SREs to deliver high-quality software and infrastructure in a fast-paced, agile environment
Define and drive the overall SRE strategy, ensuring performance, scalability and reliability of systems
Architect cost-effective, performant and secure systems in alignment with business needs
Automate manual and repetitive processes to enhance operational efficiency
Champion cloud capabilities for the SDLC and oversee cloud infrastructure performance and cost management
Lead the design, implementation and optimization of our CI/CD pipelines
Architect and implement monitoring, alerting and automation solutions to ensure service health and reliability
Lead the release and deployment process, building a robust knowledge database and continuously optimizing procedures to reduce deployment time and improve reliability
Partner with cross-functional teams to design, develop and enhance new and existing applications
Drive continuous improvement initiatives, focusing on increasing operational efficiency and reliability





BASIC QUALIFICATIONS

Education: Bachelor's degree or Master's degree in Computer Science, Engineering, or related discipline
Minimum 7 years of experience in Technology Operations, Software Development, or similar field
Proven experience with the following platforms and tools:

Kubernetes / EKS
AWS EC2, EKS, EBS, S3, RDS, MSK or equivalents on other Cloud Providers
GitHub Actions or similar Cloud based CI tooling
Terraform
FluxCD/ArgoCD or Similar GitOps based Kubernetes CD tool
Docker
Prometheus / Grafana
ELK/ECK stack


Proficiency in Bash, plus at least one other modern programming language suchas Java, JavaScript, C#, Python
Operational experience with at least one SQL and one NoSQL Database platform such as PostgreSQL, SQL Server, MongoDB, DocumentDB, Neo4j
Deep understanding of microservices architecture and cloud computing
Demonstrated success in managing complex software products including the deployment of multiple versions / releases of a large product
Experience working in teams to address software defect analysis, troubleshooting and resolution
Excellent communication skills (verbal & written)
Proactive approach and goal-oriented mindset, research, problem solving and analytical skills

PREFERRED QUALIFICATIONS

Pharmaceutical Experience
Certified Kubernetes Administrator certification
AWS Certified Solutions Architect certification
Practical knowledge of Agile (Scrum), SAFe (Scalable Agile Framework)

PHYSICAL/MENTAL REQUIREMENTS
Ability to manage many parallel objectives and changing priorities.
NON-STANDARD WORK SCHEDULE, TRAVEL OR ENVIRONMENT REQUIREMENTS

Job will require working with global teams and applications. Flexible working schedule may be needed occasionally.
Must be able to support planned weekend or night cutover activities occasionally, depending on release schedule.





Pfizer is an equal opportunity employer and complies with all applicable equal employment opportunity legislation in each jurisdiction in which it operates.
To apply please visit our website www.pfizercareers.com and search job Sr Manager, Lead Site Reliability Engineer id 4919712.",Senior,Full-time,"Thessaloniki, Greece",EL,2024-09-11,kariera.gr,169403,,"['http://data.europa.eu/esco/skill/0550431f-9c8b-4204-9c45-59bc5feacf06', 'http://data.europa.eu/esco/skill/19a8293b-8e95-4de3-983f-77484079c389', 'http://data.europa.eu/esco/skill/1d86f05e-e9cc-40ce-99d8-2b21cc71b16b', 'http://data.europa.eu/esco/skill/2522a6ce-3202-4ac8-9f5b-b9cb5a3a83a1', 'http://data.europa.eu/esco/skill/2fb8480e-de3c-462b-b169-e8bbb344da68', 'http://data.europa.eu/esco/skill/477173ca-5fc2-406b-9122-95d92811f284', 'http://data.europa.eu/esco/skill/48db96bf-3314-45c6-bad8-fdb6e20e5639', 'http://data.europa.eu/esco/skill/4c016b68-4116-468c-9dc6-42710c239e4a', 'http://data.europa.eu/esco/skill/798d427e-51b3-4cd4-8b24-1357015e9ae7', 'http://data.europa.eu/esco/skill/7d35602d-bc94-4975-aa7c-f4e8e05ce8e0', 'http://data.europa.eu/esco/skill/978db6a1-7297-4c89-819a-47605f2c3ba8', 'http://data.europa.eu/esco/skill/a8d07b5a-c1a1-42c6-9d53-db9c7a2ca996', 'http://data.europa.eu/esco/skill/bd14968e-e409-45af-b362-3495ed7b10e0', 'http://data.europa.eu/esco/skill/c062bab3-3ea0-4291-9220-a2d8fef4bead', 'http://data.europa.eu/esco/skill/ccd0a1d9-afda-43d9-b901-96344886e14d', 'http://data.europa.eu/esco/skill/dba46f87-0831-49cd-a1c7-340a653c0221', 'http://data.europa.eu/esco/skill/e186976a-64f0-4052-a25b-297d19e1d0ec', 'http://data.europa.eu/esco/skill/fcc0a1c8-d36e-4f8e-b928-00d5bca10a47']","['http://data.europa.eu/esco/occupation/2079755f-d809-49e6-8037-4de6180e54c0', 'http://data.europa.eu/esco/occupation/2fb96c6c-8d0b-4ef0-b1ee-3e493305e4eb', 'http://data.europa.eu/esco/occupation/53cdd34e-22f2-41bd-b3c7-de22bf9bbcae', 'http://data.europa.eu/esco/occupation/57af9090-55b4-4911-b2d0-86db01c00b02', 'http://data.europa.eu/esco/occupation/8c3f536e-ba66-4321-ba40-363dc39f129b', 'http://data.europa.eu/esco/occupation/f2b15a0e-e65a-438a-affb-29b9d50b77d1', 'http://data.europa.eu/esco/isco/C214']"
45763,"Associate, Software Engineer","Why Patients Need You
Technology impacts everything we do. Pfizer's digital and 'data first' strategy focuses on implementing impactful and innovative technology solutions across all functions from research to manufacturing. Whether you are digitizing drug discovery and development, identifying solutions, or making our work easier and faster, you will be making a difference to countless lives.
What You Will Achieve
You will help Pfizer build its information technology solutions. You will leverage your technical skills to design, develop and implement IT solutions which satisfy the short term or long terms needs of Pfizer. You will work on systems architecture, network systems and application infrastructure to deliver results.As an associate, your focus on the job will contribute in achieving project tasks and goals. Through your domain knowledge and commitment, you will create a collaborative teaming environment for your colleagues.It is your hard work and commitment that will help in making Pfizer ready to achieve new milestones and help patients across the globe.
How You Will Achieve It

Work with the technical lead to design and develop code in one or more technologies (Java, Python, JavaScript, .Net, Vue). Experience in writing code in at least two languages with minimal supervision.
Work with technical lead to develop, maintain, and improve new and existing software solutions with a strong sense of accountability and attention to quality. Should be creative, proactive in problem-solving, and flexible to adapt to changing business priorities.
Perform stringent testing of code written, including designing, and writing automated tests to allow for continuous delivery.
Help the team embrace agile core values, adopt, and apply those principles, and implementation practices.
Foster a learning and development mindset.
Be responsible for a specific application and/or a functionality within an application (e.g. front-end or back-end).

Qualifications
Must-Have

Bachelor's degree, preferably in Computer Science, Engineering, or related field.
2 years of software development experience.
Experience in either Java, C#, Python or JavaScript programming languages.
Demonstrated ability to effectively document software designs and communicate implementation details.

Nice-to-Have

Master's Degree in Computer Science or related field.
Experience in front-end or back-end frameworks (Angular, vue, Spring, Quarkus).
Cloud-specific experience with Amazon Web Services or Microsoft Azure.
Linux, networking, security.




Pfizer is an equal opportunity employer and complies with all applicable equal employment opportunity legislation in each jurisdiction in which it operates.",Mid-level,Full-time,"Thessaloniki, Greece",EL,2024-09-13,kariera.gr,169839,,"['http://data.europa.eu/esco/skill/113b4428-0a31-4199-8496-070af7854b91', 'http://data.europa.eu/esco/skill/385479b7-5da5-4367-9763-0d15b41bb65b', 'http://data.europa.eu/esco/skill/3cd569a2-4f88-4c1e-9995-8dce8c5e51a7', 'http://data.europa.eu/esco/skill/4c016b68-4116-468c-9dc6-42710c239e4a', 'http://data.europa.eu/esco/skill/c4b1f326-224a-420a-b8b3-814a8f13b6cb', 'http://data.europa.eu/esco/skill/ccd0a1d9-afda-43d9-b901-96344886e14d', 'http://data.europa.eu/esco/skill/f9738fc9-4d67-43e8-bfda-954123e34d42']","['http://data.europa.eu/esco/occupation/e9507d34-c70f-474f-a4a3-d2cbfe50f6e9', 'http://data.europa.eu/esco/isco/C214']"
50761,Machine Learning Specialist,"On behalf of our client, ELPEDISON, we are looking to recruit a Machine Learning Specialist.This role offers a direct contractual association with Elpedison, ensuring that you become an integral part of our client's payroll and contribute your skills to their esteemed organization. Please be aware that our role is exclusively focused on overseeing the recruitment process.The companyElpedison is the first independent energy utility in Greece, and a leader in providing outstanding and innovative energy solutions. We operate with enthusiasm in what we do and we pride ourselves of offering our employees a place where they can excel, creating value. Now we are offering a set of exciting positions in our headquarters in Athens, to incite our new digital transformation program. If you are skilled in data management, data science, advanced analytics, technology project management, or related fields, this can be a big opportunity for YOUR career.Responsibilities Leverages machine learning and artificial intelligence technologies to develop data-driven solutions. Identifies potential use cases and collaborates with business stakeholders to mature the use of AI/ML within their respective organizations. Designs and develops machine learning algorithms and artificial intelligence software to automate business tasks and provide predictive models. Builds and maintains an inventory of current and potential future AI/ML use cases to improve awareness and understanding of AI/ML potential value. Provides high-level AI/ML subject matter expertise to inform strategic decisions and project planning. Designs and develops ML algorithms and AI software to automate business tasks and provide predictive models, and integrates them into software systems. Transforms data science prototypes and applies appropriate ML algorithms and tools. Solves complex problems with multi-layered data sets, and optimizes existing machine learning libraries and frameworks. Monitors machine learning models in production to ensure they continue to perform effectively and generate accurate user recommendations. Performs statistical analysis and fine-tuning using test results to improve the accuracy and effectiveness of AI/ML models. Turns unstructured data into useful information by leveraging modern technologies and communicates effectively with technical and non-technical. stakeholders in order to interpret the results for further usage. Requirements BSc in Computer Science, Mathematics, Applied Mathematics, Statistics, Engineering, or relevant field MSc will be considered a strong asset. Minimum 3-5 years of relevant working experience in Machine Learning, Data Science or relevant analytics role. Prior experience in the energy sector will be considered an asset.  Proficiency in programming languages such as SQL, Python, or Java. Experience in developing and deploying ML models in a production environment. Proven experience in developing and deploying machine learning solutions.  Familiarity with cloud concepts and platforms, preferably Microsoft Azure, including services like Azure Machine Learning, Azure Databricks, and Azure Data Lake Storage. Strong understanding of statistical and mathematical concepts relevant to machine learning. Ability to work with large and complex datasets. Excellent communication and presentation skills to convey technical concepts to non-technical stakeholders. Excellent command of the English language, both written and oral. Ability to work independently and in a team environment with a result driven mindset. Commitment to continuous learning and stay up to date with the latest trends in the field. Strong business acumen and ability to understand business needs and translate them into data-driven solutions.     Strong organizational and time-management skills. Benefits Competitive salary Performance-based variable pay Ticket restaurant card Private Health Insurance coverage Pension Scheme Home electricity discount Continuous learning & upskilling opportunities and access to our online training platform Flexible work from home options available #LI-Hybrid",Mid-level,Full-time,"Athens, Greece",EL,2024-09-16,kariera.gr,170360,,"['http://data.europa.eu/esco/skill/0ee94c0a-3716-494a-95a2-dcbab9e58be2', 'http://data.europa.eu/esco/skill/19a8293b-8e95-4de3-983f-77484079c389', 'http://data.europa.eu/esco/skill/1fcce318-3212-487a-ac07-4941bc85060d', 'http://data.europa.eu/esco/skill/38d49d88-9069-467b-b29e-3cae739bdd4d', 'http://data.europa.eu/esco/skill/3a2d5b45-56e4-4f5a-a55a-4a4a65afdc43', 'http://data.europa.eu/esco/skill/4339176e-3acd-4f7f-a5d9-445bee3d23f2', 'http://data.europa.eu/esco/skill/477173ca-5fc2-406b-9122-95d92811f284', 'http://data.europa.eu/esco/skill/505e4ef3-7ce4-437d-b7b4-5c608f71c258', 'http://data.europa.eu/esco/skill/652da95d-b336-497a-bce5-1c29a674eecb', 'http://data.europa.eu/esco/skill/94dd823c-148e-4614-a6e8-99249b16357d', 'http://data.europa.eu/esco/skill/b87f6102-5bab-4e99-a5d8-11b6be1b99c2', 'http://data.europa.eu/esco/skill/c3a03c5a-c260-4c26-9b9a-873abb396f4d', 'http://data.europa.eu/esco/skill/c5e8abde-d2ba-4e8e-a65e-720b71180666', 'http://data.europa.eu/esco/skill/ccd0a1d9-afda-43d9-b901-96344886e14d', 'http://data.europa.eu/esco/skill/edebd83d-35f6-4ed5-a940-6c203d178c01']","['http://data.europa.eu/esco/occupation/258e46f9-0075-4a2e-adae-1ff0477e0f30', 'http://data.europa.eu/esco/occupation/35553663-deab-4d9a-bf22-15c1625d28e8', 'http://data.europa.eu/esco/occupation/72628f3a-fd49-499a-9741-870b0a1fcef2', 'http://data.europa.eu/esco/occupation/874a2080-a9b6-46a9-8662-c9b7d4208f73', 'http://data.europa.eu/esco/occupation/8b6388a4-4904-471b-9331-d3b1211f5525', 'http://data.europa.eu/esco/occupation/8cb59bc4-1f39-477e-beea-effed12d186c', 'http://data.europa.eu/esco/occupation/bea99fea-0383-4c63-b944-70d4799de2c5', 'http://data.europa.eu/esco/isco/C214', 'http://data.europa.eu/esco/isco/C4313']"
50894,Java / JEE Software Engineer with German,"Description
Are you a passionate Java/JEE Software Engineer looking for an exciting opportunity to grow and work on impactful projects? We are seeking a highly motivated Java/JEE Software Engineer to join our dynamic team. You have the flexibility to work fully remotely. You will be part of a friendly project team that develops challenging applications for major public organizations in Germany, Austria, and Switzerland. We maintain high standards in software development and provide continuous coaching and training to help you enhance your skills and experience. Knowledge of German, with a willingness to improve, is desirable.
What You'll Do:


Participating in the design and implementation of advanced web-based applications;
Designing, developing, testing, and maintaining large-scale applications;
Assuring effective team collaboration;
Adhering to software quality requirements;
Drafting technical documentation.


Requirements

Must-Have Qualifications:

Bachelor's degree in computer science or a related technical field or equivalent working experience;
Enthusiasm for programming and knowledge of Java/JEE;
Quality- and team-oriented;
English and German.

Nice-to-Have Qualifications:

Experience in Java/JEE, front-end frameworks (e.g. Angular), web services (REST or SOAP), object-relational mapping (e.g. Hibernate), XML, and/or databases (e.g. SQL, ETL) desired.

Benefits
 


e believe in rewarding talent and dedication. Here's what you can expect as part of our team:

Competitive full-time salary;
Private Health Coverage on the Company’s group program;
Flexible Working Hours;
Top-of-the-Line Tools;
Professional Development: Benefit from language courses, specialized training, and continuous learning opportunities;
Career Growth: Work with some of the most innovative and exciting specialists in the industry;
Dynamic Work Environment: Thrive in a setting that offers challenging goals, autonomy, and mentoring, fostering both personal and company growth.

If you want an exciting challenge, work with some of the coolest technologies, and enjoy your time doing it, then join us! Submit your detailed CV in English, quoting reference: (JSEG/09/24).
You may also consider all our other open vacancies by visiting the career section of our website (www.eurodyn.com) and follow us on Twitter (@EURODYN_Careers) and LinkedIn.
EUROPEAN DYNAMICS (ED) (www.eurodyn.com) is a leading European Software, Information, and Communication Technologies company, operating internationally (Athens, Brussels, Luxembourg, Copenhagen, Berlin, Stockholm, London, Nicosia, Valetta, Vienna, Den Haag, Hong Kong, etc.) The company employs over 1000 engineers, IT experts, and consultants (around 3% PhD, 41% MSc, and 54% BSc). We design and develop software applications using integrated, state-of-the-art technology. Our current IT projects have a value exceeding 300 million EURO. EUROPEAN DYNAMICS is a renowned supplier of IT services to European Union Institutions, international organizations, European Agencies, and national government Administrations in 40 countries and 4 continents.
As part of our dedication to the diversity of our workforce, we are committed to Equal Employment Opportunity without regard for race, colour, national origin, ethnicity, gender, disability, sexual orientation, gender identity, or religion.



EUROPEAN DYNAMICS (ED) adheres to the General Data Protection Regulation principles by applying its Privacy Policy as published at www.eurodyn.com/privacy. By submitting an application to this position and by sharing your personal data with ED, you acknowledge and accept its Policy and authorize ED to process your personal data for the purposes of the company's recruitment opportunities, in line with the Policy.",Entry / Junior,Full-time,"Marousi, Greece",EL,2024-09-16,kariera.gr,170203,,"['http://data.europa.eu/esco/skill/19a8293b-8e95-4de3-983f-77484079c389', 'http://data.europa.eu/esco/skill/21d2f96d-35f7-4e3f-9745-c533d2dd6e97', 'http://data.europa.eu/esco/skill/2636b3d3-843e-46a9-8b4c-a9d6ca3f5a2d', 'http://data.europa.eu/esco/skill/2a2fa8e8-aaf3-4abf-a60b-af6415f1c6d4', 'http://data.europa.eu/esco/skill/2b1ce548-4e16-45fb-bfb2-f3141c8efe8d', 'http://data.europa.eu/esco/skill/4812a4ea-dc55-4dc6-b9b0-4a59bba2c647', 'http://data.europa.eu/esco/skill/4f6e68b2-85c8-446e-a96d-b306ec7e0091', 'http://data.europa.eu/esco/skill/598de5b0-5b58-4ea7-8058-a4bc4d18c742', 'http://data.europa.eu/esco/skill/96eb286a-58b7-45ff-a916-5578d0b79b8c', 'http://data.europa.eu/esco/skill/a8797f21-1af0-4c5e-98ca-bf1442929363', 'http://data.europa.eu/esco/skill/c6c1af60-9594-460c-a328-00f9ad292be0', 'http://data.europa.eu/esco/skill/d3e9b00a-0891-4fa8-836d-8240ec3d2758', 'http://data.europa.eu/esco/skill/e24377fb-020b-4430-8bed-86dd539bbf3a', 'http://data.europa.eu/esco/skill/f84a433f-34f1-4083-b0a3-24802623509c', 'http://data.europa.eu/esco/skill/fb7aee4d-f6c6-4a87-8e9d-8e542b3771f8', 'http://data.europa.eu/esco/skill/fc4fcb4b-993f-4f2c-b158-c2171ec18ed8']","['http://data.europa.eu/esco/occupation/0ba06640-e0ac-4911-9e43-289a8e41651e', 'http://data.europa.eu/esco/occupation/3e9c1262-4fe2-4eb1-bf94-4fe64498393a', 'http://data.europa.eu/esco/occupation/874a2080-a9b6-46a9-8662-c9b7d4208f73', 'http://data.europa.eu/esco/occupation/a4869ae9-2dfe-48cc-bd97-f803880f3407']"
51662,"ENGINEERS (HEI/TEI), ELECTRICAL TECHNICIANS & IT GRADUATES","The company ""Hellenic Dairies"" is interested in hiring for the facilities in Trikala and Larissa:

Higher Education Engineers (HEI/ATEI) Electricians, Mechanical Engineers, Chemists, Production & Management, Electronics, Automation Engineers and, 
Electricians & Practical Engineers, for the staffing of the Technical department and the Production departments.
Graduates of Informatics Schools for the staffing of the Group's IT department.

Position Description:
The main responsibilities concern the support of each team. These include the control and supervision of systems operation, solving basic problems and meeting needs.
Additionally for IT Graduates:

User support (Helpdesk support).
Solving hardware and software problems on workstations & servers.
Support and maintenance of internal applications and systems.
Develop and maintain code to automate tasks or improve processes.
Installation, configuration and maintenance of computer systems, applications and devices.

Necessary qualifications:

AEI-TEI degree (or foreign equivalent) in the relevant field
Planning and task organization skills
Ability to work effectively in a pressure environment

Additionally for IT Graduates:

Degree in Computer Science or related field.
Basic knowledge about servers, virtualization & networking.
Knowledge of at least one programming language (eg Python, Java).
Familiarity with Windows/Windows Server operating systems.
Excellent knowledge of Greek & English (written and spoken).

Desired qualifications:

Work experience in a similar position
Good knowledge of English and PC (MS Office)

Additionally for IT Graduates:

Previous experience in a similar position.
Experience in SAP ERP (or other ERP).
Active Directory & Microsoft 365 management experience.
IT certifications.

The company offers:

Excellent working climate
Salary package commensurate with qualifications
Continuous development of organizational structures
Special program of training - training - guidance of the staff
Experience in a dynamically growing multinational company.

Attach your CV to the link: https://jobs.hellenicdairies.com/cvform/create
MANDATORY LISTING OF ADVERTISEMENT CODE 200824/7",No experience / No degree,Full-time,"Gomfoi, Greece",EL,2024-09-18,kariera.gr,170833,,"['http://data.europa.eu/esco/skill/435d1751-8667-41ec-8b32-865b7cd3c684', 'http://data.europa.eu/esco/skill/6c153605-d62c-4970-81a9-49646ab32032', 'http://data.europa.eu/esco/skill/75b30aeb-34c0-40f4-b77d-271d75a98b14', 'http://data.europa.eu/esco/skill/c77db25e-bb51-4a10-b2ad-99b48b1b4a37', 'http://data.europa.eu/esco/skill/ea4ebfa1-e17a-4416-ac54-955f33e6ade7', 'http://data.europa.eu/esco/skill/f8e3425c-fe44-4ffb-bafe-0e20d91dadf4']","['http://data.europa.eu/esco/occupation/00030d09-2b3a-4efd-87cc-c4ea39d27c34', 'http://data.europa.eu/esco/occupation/0d93706d-32fd-4de3-aa08-be1003e325da', 'http://data.europa.eu/esco/occupation/4d34a9ee-2653-4da0-bef7-f59294577224', 'http://data.europa.eu/esco/occupation/579254cf-6d69-4889-9000-9c79dc568644', 'http://data.europa.eu/esco/occupation/5df63943-f1bc-4438-90f1-92768a7a23c8', 'http://data.europa.eu/esco/occupation/a241eff8-309b-43ae-8890-ac4cfbd3067c', 'http://data.europa.eu/esco/occupation/bb609566-3ab6-44dd-8f48-cf0b15b96827', 'http://data.europa.eu/esco/occupation/eb9479c6-5fdf-4f45-ace4-28b547b8c7e5', 'http://data.europa.eu/esco/isco/C214', 'http://data.europa.eu/esco/isco/C2424']"
53621,Full Stack Java Developer,"About UsTest Computers is a Greek Company specialized in Software Development Projects mainly for the public sector and for big private companies. We are currently a highly esteemed employer, offering career opportunities and a unique work experience to exceptional professionals and talented young people, through our dynamic Selection & Recruitment Program as well as our Internship/Graduate Programs. Our main objective is to develop a high-performing Team by attracting new talents, as well as developing and creating stronger bonds between our people.So What’s The Challenge…
As a Full Stack Java Developer, you will be responsible for building and implementing Java Web applications utilizing all the modern Java frameworks and development techniques.
 Responsibilities:

Collaboration with team members to understand requirements and propose solutions.
Design, develop and maintain (as a team member) efficient, reusable, and reliable code.
Participating as a team member in large scale Web application projects.
Writing effective code.

 
What You Need To Succeed

BSc in Computer Science or equivalent field.
1 - 3 years of recent professional experience in software development.
Solid understanding of object-oriented programming and design patterns.
Significant working experience using modern Java frameworks.
Good knowledge of RDBMS and SQL.
Strong critical thinking, analytical and problem-solving skills.
Demonstrated ability to be a team player.
Self-motivation and goal orientation.
Excellent communication and presentation skills, oral and written, in Greek and English, both in technical and non-technical language.
Completed military obligations (for male candidates).

 
What We Offer To Our Candidates

Full-time job with a competitive compensation package.
Opportunity to work with #dynamic people full of #passion #integrity & #fun.
Modern and creativity workplace environment.
Competencies & Career Development opportunities.
Fast development prospects

Does this sound like you? If yes, we would love to meet you!

Seniority level

 Entry-Level

Employment type

Full-time

Job function

Information Technology

Industries

Information Technology and Services, Computer Software",Entry / Junior,Full-time,"Agios Dimitrios, Greece",EL,2024-09-20,kariera.gr,171485,,"['http://data.europa.eu/esco/skill/234aeb8d-56c3-4531-9193-1c5e6a8d16cb', 'http://data.europa.eu/esco/skill/2b7a79e5-84d8-4880-be66-3d9bb05bea17', 'http://data.europa.eu/esco/skill/598de5b0-5b58-4ea7-8058-a4bc4d18c742', 'http://data.europa.eu/esco/skill/7dd94ad3-13d6-43fe-8b94-51fcbf67ced9', 'http://data.europa.eu/esco/skill/8c4c49d4-9708-433f-8ca7-bf2c5211ee49', 'http://data.europa.eu/esco/skill/a8797f21-1af0-4c5e-98ca-bf1442929363', 'http://data.europa.eu/esco/skill/adc6dc11-3376-467b-96c5-9b0a21edc869', 'http://data.europa.eu/esco/skill/d8567009-7c6f-43fb-82fb-7154ed8ebca9']",['http://data.europa.eu/esco/occupation/3fa9a480-ceb3-4c2a-8a91-0508e1bb6ba5']
53624,Angular Frontend Software Developer,"Description:
Primary responsibilities and duties
The Angular Frontend Software Developer is responsible for:

Collaborating with an international team of developers to design and implement custom applications
Contributing to all phases of the development lifecycle
Understanding business requirements and transforming them into software solutions
Troubleshooting and upgrading existing custom applications
Writing clean, reliable and maintainable code
Participating in code reviews to ensure code quality and share knowledge
Performing functional and regression testing
Contributing to and maintaining technical documentation
Contributing to continuous improvement of our software and processes

 
Experience

3+ years as an Angular developer

Competencies

Angular 15, TypeScript
HTML5, CSS3, JavaScript
Bootstrap 4, Angular Material
Java & Java frameworks, REST API development (considered a plus)
Microsoft Azure application development (considered a plus)
Git
SQL (intermediate)
Fluent in written and spoken English
Strong collaboration and communication skills
Knowledge of software engineering best practices across the development lifecycle
Strong analytical and problem-solving skills

Qualifications

BSc in Computer Science or Engineering",Mid-level,Full-time,"Glyfada, Greece",EL,2024-09-20,kariera.gr,171379,,"['http://data.europa.eu/esco/skill/09f2f811-a3fb-4de3-a70f-6420a6935575', 'http://data.europa.eu/esco/skill/0ee94c0a-3716-494a-95a2-dcbab9e58be2', 'http://data.europa.eu/esco/skill/385479b7-5da5-4367-9763-0d15b41bb65b', 'http://data.europa.eu/esco/skill/867137fb-ff1b-4ca3-99f3-cb6969aa2c68', 'http://data.europa.eu/esco/skill/adc6dc11-3376-467b-96c5-9b0a21edc869']","['http://data.europa.eu/esco/occupation/5fd2980e-22c4-4ace-a394-190c76f4f539', 'http://data.europa.eu/esco/occupation/6cd08cbe-7611-4d70-8886-6c59c0385442', 'http://data.europa.eu/esco/isco/C214']"
53652,Frontend Developer,"InKotsovolos we embrace everything you have to offer.  Join our team and let's #beMORE together! In numbers  3.000+ Kpeople | 90+ stores | 2 modern training centers | 53.000+ hours of training per year Our goal  Planning our future and through latest technologies and innovation, make our lives better Your everyday work-life  • Write well structured, testable, performant and secure code • Be involved in the overall application lifecycle • Identify bottlenecks and bugs in front-end code, find solutions to minimize customer impact • Be actively involved in all team ceremonies, weekly sprints and retrospectives • Work closely with product managers and other disciplines, such as the back end developers (our back end is a collection of services developed in NodeJS and Java) • Passionate about authoring UI components that improve User ExperienceAs an ideal fit, you should have  • Minimum 3+ years of practical experience  • Good foundations in Web Technologies - HTML, CSS, JavaScript • Experience with React.js or similar frameworks like Vue and Angular are considered a plus • A broad knowledge of the web platform as a whole - HTML5, CSS3, JavaScript / Typescript, HTTP/S, web performance, web security • BSc/MSc in Computer Science, Engineering or a related field • Good knowledge of Git • Strong communication and interpersonal skills  • Strong troubleshooting and problem solving skills • Analytical mindset and accountability What we offer  • Continuous training in new technologies and tools  • Career development and growth opportunities  • Competitive bonus scheme, performance-based  • Group health/medical insurance package  • Discounts on our company's products  • Hybrid working model  • Internal wellbeing actions Join #teamKotsovolos and be part of a team that promotes new technologies, loves to evolve, embraces diversity and is next to society.",,Full-time,"Heraklion, Greece",EL,2024-09-20,kariera.gr,171464,,"['http://data.europa.eu/esco/skill/1ffac4ac-fda7-407d-8ed1-ca8f4a8dc146', 'http://data.europa.eu/esco/skill/2fb8480e-de3c-462b-b169-e8bbb344da68', 'http://data.europa.eu/esco/skill/4707da90-9cfc-46ca-8de0-38a0b7bfb137', 'http://data.europa.eu/esco/skill/867137fb-ff1b-4ca3-99f3-cb6969aa2c68']","['http://data.europa.eu/esco/occupation/8a0afc76-4a09-449a-9e7b-a33495889f95', 'http://data.europa.eu/esco/isco/C214']"
53962,Java Developer,"Requirements
    Actual experience of at least 2 years as an application developer in Java Experience and excellent knowledge of SQL relational databases (Microsoft SQL Server) Experience in mobile application development Familiarity with application interfaces through web services - APIs Desirable higher education degree related to Computer Science Previous experience in ERP development, HIS and LIS applications will be appreciated Very good knowledge of the English language (written and spoken) Responsibility and consistency Ability to work in a team Sociability, outgoing and pleasant personality Accomplished military service (for male applicants)
Benefits
    Satisfactory remuneration package   Additional private health cover   Pleasant environment   Possibility to specialize in developing HIS (Hospital Information System) applications",Mid-level,Full-time,"Athens, Greece",EL,2024-09-19,kariera.gr,171033,,['http://data.europa.eu/esco/skill/19a8293b-8e95-4de3-983f-77484079c389'],[]
54116,Java Developer,"ICAP Executive Search & Selection is one of the premium consultancies and part of ICAP People & Employment Solutions, the largest HR Services Provider in Greece and Cyprus. With more than 50 years of experience, we specialize in assessing and recruiting Senior to Middle Level Executives across all sectors.ICAP Executive Search & Selection on behalf of its client, a Leading Multinational IT Consulting Company, is seeking for a Java Developer, to join their highly qualified software development team.
Java Developer (5340/JDE/ESS/GR)
Locations: Athens/ThessalonikiJob Overview:The successful candidate will play a crucial role in designing, developing, and maintaining Java-based applications for global clients across various industries. This is an exciting opportunity for someone looking to advance their career in Java development while contributing to impactful technology solutions.Responsibilities:

Design, implement, and maintain efficient, reliable, and scalable Java applications based on client requirements.
Work closely with cross-functional teams including senior developers, project managers, and business analysts to deliver high-quality software solutions.
Write clean, reusable, and well-documented code while adhering to best practices and coding standards.
Conduct unit and integration tests to ensure the quality and functionality of the software, troubleshoot issues, and resolve bugs in a timely manner.
Collaborate with peers for code reviews and offer constructive feedback to improve the overall quality of the codebase.
Create and maintain comprehensive technical documentation for reference, including design documents and user guides.
Stay up-to-date with the latest Java frameworks, tools, and technologies, and apply them to enhance software performance and capabilities.

Qualifications:

Bachelor’s degree in Computer Science, Information Technology, or a related field.
Hands-on experience in Java development, working with large-scale applications.
Proficiency in Spring Boot for building RESTful services and microservices architecture.
Experience working with IDEs such as Eclipse or IntelliJ IDEA.
Strong understanding of relational databases (e.g., MySQL, PostgreSQL) and ORM tools like Hibernate.
Familiarity with version control tools like Git for source code management.
Knowledge of front-end technologies (e.g., Angular, React) is a plus.
Experience in cloud platforms such as AWS or Azure is an added advantage.
Familiarity with Agile development methodologies.
Strong analytical and problem-solving abilities to troubleshoot issues and optimize performance.
Ability to work effectively within teams, participate in brainstorming sessions, and offer creative solutions.
Eagerness to learn and adapt to emerging technologies and industry best practices.",Mid-level,Full-time,"Athens, Greece",EL,2024-09-18,kariera.gr,170923,,"['http://data.europa.eu/esco/skill/14832d87-2f2f-4895-b290-e4760ebae42a', 'http://data.europa.eu/esco/skill/19a8293b-8e95-4de3-983f-77484079c389', 'http://data.europa.eu/esco/skill/1ffac4ac-fda7-407d-8ed1-ca8f4a8dc146', 'http://data.europa.eu/esco/skill/2636b3d3-843e-46a9-8b4c-a9d6ca3f5a2d', 'http://data.europa.eu/esco/skill/633a3637-2c6b-40ae-ac38-289eb2a62aa6', 'http://data.europa.eu/esco/skill/8327754d-3990-4056-b07e-4faa49cfcd26', 'http://data.europa.eu/esco/skill/9d2e926f-53d9-41f5-98f3-19dfaa687f3f', 'http://data.europa.eu/esco/skill/a8d07b5a-c1a1-42c6-9d53-db9c7a2ca996', 'http://data.europa.eu/esco/skill/c624c6a3-b0ba-4a31-a296-0d433fe47e41', 'http://data.europa.eu/esco/skill/cd5efa8c-e44d-4cbc-91c6-796018dbed68', 'http://data.europa.eu/esco/skill/d4789070-2ff7-4bbb-94ca-8bb1739826a9', 'http://data.europa.eu/esco/skill/dba46f87-0831-49cd-a1c7-340a653c0221', 'http://data.europa.eu/esco/skill/ea412de3-9d7a-4943-8d8c-c6d3c7495d0e']","['http://data.europa.eu/esco/occupation/731f38f1-b08f-4dd5-a25e-f8627c038273', 'http://data.europa.eu/esco/occupation/b76178c0-a03a-4793-b079-1e61e636c521', 'http://data.europa.eu/esco/occupation/bea99fea-0383-4c63-b944-70d4799de2c5', 'http://data.europa.eu/esco/occupation/f2b15a0e-e65a-438a-affb-29b9d50b77d1']"
57144,Software Engineer with German (Java / GIS / Python),"Description 
Are you a passionate Software Engineer looking for an exciting opportunity to grow and work on impactful projects? We are seeking a highly motivated Software Engineer to join our dynamic team. You have the flexibility to work fully remotely. You will be part of a friendly project team that develops challenging applications for major public organizations in Germany, Austria, and Switzerland. We maintain high standards in software development and provide continuous coaching and training to help you enhance your skills and experience. Knowledge of German, with a willingness to improve, is desirable.
What You'll Do:

Participating in the design and implementation of advanced web-based applications;


Designing, developing, testing, and maintaining large-scale applications;
Assuring effective team collaboration;
Adhering to software quality requirements;
Drafting technical documentation.

Requirements
Must-Have Qualifications:

Bachelor's degree in computer science or a related technical field or equivalent working experience;
Enthusiasm for programming and knowledge of Java, Python;
Knowledge in the area of Geographical Information Systems (GIS)
Quality- and team-oriented;
English and German.


Nice-to-Have Qualifications:

Experience in Java, Python, web services (REST or SOAP), Spring Boot, micro-services, object-relational mapping (e.g. Hibernate), XML and/or databases (e.g. SQL) desired.

Benefits

We believe in rewarding talent and dedication. Here's what you can expect as part of our team:

Competitive full-time salary;
Private Health Coverage on the Company’s group program;
Flexible Working Hours;
Top-of-the-Line Tools;
Professional Development: Benefit from language courses, specialized training, and continuous learning opportunities;
Career Growth: Work with some of the most innovative and exciting specialists in the industry;
Dynamic Work Environment: Thrive in a setting that offers challenging goals, autonomy, and mentoring, fostering both personal and company growth.

If you want an exciting challenge, work with some of the coolest technologies, and enjoy your time doing it, then join us! Submit your detailed CV in English, quoting reference: (SEGJGP/09/24).
You may also consider all our other open vacancies by visiting the career section of our website (www.eurodyn.com) and follow us on Twitter (@EURODYN_Careers) and LinkedIn.
EUROPEAN DYNAMICS (ED) (www.eurodyn.com) is a leading European Software, Information, and Communication Technologies company, operating internationally (Athens, Brussels, Luxembourg, Copenhagen, Berlin, Stockholm, London, Nicosia, Valetta, Vienna, Den Haag, Hong Kong, etc.) The company employs over 1000 engineers, IT experts, and consultants (around 3% PhD, 41% MSc, and 54% BSc). We design and develop software applications using integrated, state-of-the-art technology. Our current IT projects have a value exceeding 300 million EURO. EUROPEAN DYNAMICS is a renowned supplier of IT services to European Union Institutions, international organizations, European Agencies, and national government Administrations in 40 countries and 4 continents.
As part of our dedication to the diversity of our workforce, we are committed to Equal Employment Opportunity without regard for race, colour, national origin, ethnicity, gender, disability, sexual orientation, gender identity, or religion.
EUROPEAN DYNAMICS (ED) adheres to the General Data Protection Regulation principles by applying its Privacy Policy as published at www.eurodyn.com/privacy. By submitting an application to this position and by sharing your personal data with ED, you acknowledge and accept its Policy and authorize ED to process your personal data for the purposes of the company's recruitment opportunities, in line with the Policy.",Entry / Junior,Full-time,"Marousi, Greece",EL,2024-09-24,kariera.gr,171984,,"['http://data.europa.eu/esco/skill/19a8293b-8e95-4de3-983f-77484079c389', 'http://data.europa.eu/esco/skill/21d2f96d-35f7-4e3f-9745-c533d2dd6e97', 'http://data.europa.eu/esco/skill/2636b3d3-843e-46a9-8b4c-a9d6ca3f5a2d', 'http://data.europa.eu/esco/skill/2a2fa8e8-aaf3-4abf-a60b-af6415f1c6d4', 'http://data.europa.eu/esco/skill/2b1ce548-4e16-45fb-bfb2-f3141c8efe8d', 'http://data.europa.eu/esco/skill/4812a4ea-dc55-4dc6-b9b0-4a59bba2c647', 'http://data.europa.eu/esco/skill/4f6e68b2-85c8-446e-a96d-b306ec7e0091', 'http://data.europa.eu/esco/skill/96eb286a-58b7-45ff-a916-5578d0b79b8c', 'http://data.europa.eu/esco/skill/a8797f21-1af0-4c5e-98ca-bf1442929363', 'http://data.europa.eu/esco/skill/c6c1af60-9594-460c-a328-00f9ad292be0', 'http://data.europa.eu/esco/skill/ccd0a1d9-afda-43d9-b901-96344886e14d', 'http://data.europa.eu/esco/skill/d3e9b00a-0891-4fa8-836d-8240ec3d2758', 'http://data.europa.eu/esco/skill/e24377fb-020b-4430-8bed-86dd539bbf3a', 'http://data.europa.eu/esco/skill/f84a433f-34f1-4083-b0a3-24802623509c', 'http://data.europa.eu/esco/skill/fb7aee4d-f6c6-4a87-8e9d-8e542b3771f8', 'http://data.europa.eu/esco/skill/fc4fcb4b-993f-4f2c-b158-c2171ec18ed8']","['http://data.europa.eu/esco/occupation/0ba06640-e0ac-4911-9e43-289a8e41651e', 'http://data.europa.eu/esco/occupation/3e9c1262-4fe2-4eb1-bf94-4fe64498393a', 'http://data.europa.eu/esco/occupation/4874fa37-0cd1-4a68-aed8-a838851f242d', 'http://data.europa.eu/esco/occupation/874a2080-a9b6-46a9-8662-c9b7d4208f73', 'http://data.europa.eu/esco/occupation/a4869ae9-2dfe-48cc-bd97-f803880f3407']"
57380,"Software Engineer, Java (Hybrid)","The companyWe are a leader in mobile technology, providing innovative solutions to 1.2 billion consumers. In an ever-increasing digital world we help businesses grow their digital reach & toolkits to optimize user experience, increase engagement, attract new customers and boost their revenues.Think of performance marketing but on steroids as our top-notch marketeers and engineers build digital journeys through an omnichannel marketing approach like no other. Currently we work with the biggest names in Telco, Insurance, Education, FMCGs and Retail in over 45 countries in Latin America, Africa, the Middle East and South-East Asia.The roleWe are looking for an enthusiastic Software Engineer, Java (Hybrid)  to join our Software Development team in Athens, Greece.Our HQ offices are based in Gerakas and we have adopted a hybrid work mode.As a Software Engineer, Java you will be part of a very competent team that works on mission – critical applications contributing in all phases of the development process. You will be responsible for Java application development, supporting business objectives while providing expertise in the full software development lifecycle, from concept and design, to testing.Your main responsibilities will be: Develop on high-volume, low-latency applications for mission-critical systems, delivering high-availability and performance. Write well designed, testable, efficient software modules. Ensure designs are in compliance with specifications and that specifications cover all needed aspects of the implementation. Create / review design documentation and provide feedback on test plans. Requirements BSc/MSc in Computer Science, Software Engineering or equivalent. 2+ years of full time professional experience in designing and developing applications using the Java ecosystem. Solid background in Object Oriented Analysis and Design. Experience with popular Java frameworks and technologies such as Spring Framework, JPA/Hibernate, JEE. Good knowledge of SQL and RDBMS concepts. Experience with HTTP APIs. Basic understanding of concurrency concepts. Working knowledge of Maven, Git and CI/CD principles. Experience in the following will be extra appreciated: Asynchronous messaging technologies, such as RabbitMQ, Kafka. Horizontally scalable, distributed, microservices architectures. NoSQL databases such as Redis, Elasticsearch. Caching technologies, such as Hazelcast, EhCache. You will be an excellent fit for our team if you are: Strong team player with good communication skills. Eager to work with leading-edge technologies. Analytical thinker with attention to detail. Reliable and dedicated professional with clear thinking and strong attention to detail. Able to multitask and thrive in a dynamic environment as well as balance and prioritize activities to ensure critical items are addressed. BenefitsWe offer a competitive base salary and benefits, directly dependent on the candidate’s qualifications and skills. The real excitement comes from working closely with a dynamic, smart, agile and highly motivated team in a competitive and fast paced environment.Follow us on LinkedIn and stay updated on our latest newsUpstream is an equal opportunity employer. The Company does not discriminate on the basis of race, colour, creed, pregnancy, religion, gender, national origin, age, disability, marital, or any other legally protected status. The Company also makes reasonable accommodations for disabled employees. Finally, the Company prohibits the harassment of any individual based on their protected status. This policy applies to all areas of personnel actions including recruitment, hiring, training, promotion, compensation, benefits, transfer, and social and recreational programs.",Mid-level,Full-time,"Gerakas, Greece",EL,2024-09-23,kariera.gr,171688,,"['http://data.europa.eu/esco/skill/0b144726-21c2-46ed-8d13-c03d27f61604', 'http://data.europa.eu/esco/skill/19a8293b-8e95-4de3-983f-77484079c389', 'http://data.europa.eu/esco/skill/4707da90-9cfc-46ca-8de0-38a0b7bfb137', 'http://data.europa.eu/esco/skill/5cede168-97f8-47a4-89fd-8f7188c55c5d', 'http://data.europa.eu/esco/skill/5d74614d-32c8-4ca4-9818-6980e52424b1', 'http://data.europa.eu/esco/skill/6c08403c-a5bb-4868-b8c2-b7d039c0e511', 'http://data.europa.eu/esco/skill/6d97bf55-6fb6-4795-8282-3ef915ae0bb8', 'http://data.europa.eu/esco/skill/76ef6ed3-1658-4a1a-9593-204d799c6d0c', 'http://data.europa.eu/esco/skill/8764d4b1-e069-44f2-8baa-fb1eee1850ec', 'http://data.europa.eu/esco/skill/dba46f87-0831-49cd-a1c7-340a653c0221', 'http://data.europa.eu/esco/skill/e24377fb-020b-4430-8bed-86dd539bbf3a', 'http://data.europa.eu/esco/skill/e517f098-dce4-4ecd-9371-499936c0f947', 'http://data.europa.eu/esco/skill/f3c5fae0-c0e3-4410-bc09-62bd82d4cecc']","['http://data.europa.eu/esco/occupation/57af9090-55b4-4911-b2d0-86db01c00b02', 'http://data.europa.eu/esco/occupation/f2b15a0e-e65a-438a-affb-29b9d50b77d1']"
59488,ERP Developer & ERP Consultant | Commercial Application Support (SoftOne/ EpsilonNet),"BUSINESSCOM EPE is an IT company specializing in IT & accounting services since 1987. 
It is looking for reliable partners - with an appetite for the positions of ERP Consultant & ERP Developer (Business Application Support & Installation).
The main goal is the implementation and support of computerization projects and ERP & CRM applications (SoftOne, EpsilonNet)
Responsibilities:
Recording and analysis of business processes of companies
Customization of business processes through the client's ERP application
Training and support of each user of the information systems
Address and resolve issues immediately
 
Necessary qualifications:
Bachelor of Informatics - Computer Science
Good knowledge of commercial management of companies
Experience in requirements analysis & configuration of ERP systems
Fluency in written & oral language with ability to present solutions
Ease of communication, flexibility, adaptability, teamwork spirit
Ability to communicate with clients - partners & colleagues
Relevant experience of 2-3 years in a similar role and position 
Completed military service for male applicants
 
The following will be especially appreciated:
Experience in the use & configuration of ERP applications (Soft1, Epsilon)
Experience in using & customizing other ERP equivalents
Experience with SQL databases
Basic programming knowledge (Java Scripting)
Additional Information:
Hours 9:00-17:00 / 9:30-17:30
Prospects & Possibilities for Development - Salary - Training
Salaries based on the capabilities of each candidate - interested party
Modern & Awesome Friendly Collaboration Environment
 
PS: Interested parties with contact & basic knowledge of programming/IT - with interest and zeal to really deal with the commercial applications part are very much welcome to apply.
Thank you and with sincere pleasure to get in touch and cooperate with you.",Mid-level,Full-time,"Peristeri, Greece",EL,2024-09-25,kariera.gr,172570,,"['http://data.europa.eu/esco/skill/0ee94c0a-3716-494a-95a2-dcbab9e58be2', 'http://data.europa.eu/esco/skill/15d76317-c71a-4fa2-aadc-2ecc34e627b7', 'http://data.europa.eu/esco/skill/49de9958-2aa4-4eef-a89d-fe5d5bcd28c4', 'http://data.europa.eu/esco/skill/652da95d-b336-497a-bce5-1c29a674eecb', 'http://data.europa.eu/esco/skill/9e84a506-df06-4be3-874a-fa01293e3dd5', 'http://data.europa.eu/esco/skill/c3a03c5a-c260-4c26-9b9a-873abb396f4d']","['http://data.europa.eu/esco/occupation/2d3d7188-47ab-49b9-9045-e452d9db06f1', 'http://data.europa.eu/esco/occupation/6a29d804-f775-446c-bec7-35fc4e28ac97', 'http://data.europa.eu/esco/occupation/b1c80369-067e-4041-84c8-dbe65640a5d8', 'http://data.europa.eu/esco/occupation/f31f487b-4ce2-40f3-90e8-7d0011b4ef1d']"
59683,Senior Consultant,"SOFTWARE COMPANY based in Greece is looking for an experienced Java, Jsp, Web Services Senior Consultant to join the software support team in a permanent full-time position based in Athens.
Duties and Responsibilities:
The Senior Consultant joins a customer support team. He undertakes work as a project manager and supervises the project team
The duties and responsibilities of the Senior Java, Jsp, Web Services Consultant include:

Support for specialized web applications
Participate in gathering and documenting user requirements, developing user requirements, and estimating.
Prepare reports, manuals and other documentation on the status, operation and maintenance of the software
Testing applications according to established standards
Build packages and support release development
Provide third level support to business users
At least 3 years of experience with Java, JEE, Webbased, Web services, SQL based technologies
Strong desire to learn challenging skills
Familiarity with version control concepts.
Familiarity with cloud infrastructures
Ability to work independently",Mid-level,Full-time,"Cholargos, Greece",EL,2024-09-24,kariera.gr,172323,,"['http://data.europa.eu/esco/skill/19a8293b-8e95-4de3-983f-77484079c389', 'http://data.europa.eu/esco/skill/a8797f21-1af0-4c5e-98ca-bf1442929363', 'http://data.europa.eu/esco/skill/cbd9cd0f-6c22-4bbc-8af2-dc9c7f5efcb5', 'http://data.europa.eu/esco/skill/cd5efa8c-e44d-4cbc-91c6-796018dbed68', 'http://data.europa.eu/esco/skill/f84a433f-34f1-4083-b0a3-24802623509c', 'http://data.europa.eu/esco/skill/fc3cdc2c-7b79-4b5c-a4b0-f3b996fef849']","['http://data.europa.eu/esco/occupation/bd9d395a-d587-45c6-8d72-ceef226df9e1', 'http://data.europa.eu/esco/occupation/bea99fea-0383-4c63-b944-70d4799de2c5']"
59892,Senior Java Web Developer,"Executive Level Team on behalf of its client,the leading e-commerce and omnichannel retailer in Greece, is looking for a Senior Java Web Developer for its growing team. 
 
Senior Java Web Developer
The Senior Java Web Developer will participate in the full lifecycle of development of the company’s websites and a series of supporting applications. He will work closely with other units in order to identify their technical needs and provide solutions.
 
Requirements:

5+ years of related experience preferred
Experience with Java/JEE, Spring Framework and JSP
Experience with SQL and NoSQL Databases
Familiarity integrating with Rest API’’s and WebServices
Experience with GIT
University degree in Computer Science, Engineering, or related scientific field preferred
Ability of problem identification and resolution
Teamwork and great communication skills
Excellent command of the English language

Nice to have:

Experience with Oracle Commerce (ATG)
Familiar with Unit Testing
Experience with Javascript Frontend Frameworks (Angular.js, jQuery, Backbone.js, Node.js)
Passion for good results, dynamic and enthusiastic personality
Participation in agile teams (scrum or Kanban)
Experience with JIRA",Mid-level,Full-time,"Athens, Greece",EL,2024-09-24,kariera.gr,172072,,"['http://data.europa.eu/esco/skill/19a8293b-8e95-4de3-983f-77484079c389', 'http://data.europa.eu/esco/skill/76ef6ed3-1658-4a1a-9593-204d799c6d0c', 'http://data.europa.eu/esco/skill/f84a433f-34f1-4083-b0a3-24802623509c']","['http://data.europa.eu/esco/occupation/8cb59bc4-1f39-477e-beea-effed12d186c', 'http://data.europa.eu/esco/occupation/c40a2919-48a9-40ea-b506-1f34f693496d', 'http://data.europa.eu/esco/isco/C214']"
59894,Software Engineer (.NET & Angular),"Welcome to IT Recruitment team, part of kariera.gr, where innovation meets talent. IT Recruitment team specializes in connecting top-tier technology professionals with forward-thinking companies. Whether you’’re a seasoned IT expert or just starting your tech journey, we’’re here to guide you.
Executive Level IT Team on behalf of its client, a leader in business-to-customer transaction technologies in Central and Eastern Europe, is looking for a Software Engineer.
Software Engineer (.NET & Angular)
Responsibilities

Implement software solutions and handle complex assignments
Develop new functionalities, and enhancements and parameterize existing applications to increase operating efficiency
Identify, understand, and translate business requirements into technical specifications
Participate in troubleshooting and customer support when required

Requirements

Degree in IT, Computer Science, Computer Engineering, System Management, Information System Management
3+ years of professional experience in .NET platform (C#) and object-oriented programming
Programming skills in Angular, .Net core, and .Net core Entity framework
Experience in SQL & relational databases (MS SQL Server 2008 or higher, Entity framework)
Familiar with Asynchronous programming
Familiar with Source control procedure (TFS)
Basic experience in Web development skills (ASP. Net, Java Script), XML & related technologies (XSL, XSD, etc.)
Excellent command of the Greek & English language (written & verbal)",Mid-level,Full-time,"Gerakas, Greece",EL,2024-09-24,kariera.gr,172071,,"['http://data.europa.eu/esco/skill/1d86f05e-e9cc-40ce-99d8-2b21cc71b16b', 'http://data.europa.eu/esco/skill/1ffac4ac-fda7-407d-8ed1-ca8f4a8dc146', 'http://data.europa.eu/esco/skill/5b26f08b-88bc-45f0-b901-530d7786466b', 'http://data.europa.eu/esco/skill/89f6560b-2194-45c9-9ece-d33049a73eef', 'http://data.europa.eu/esco/skill/a8797f21-1af0-4c5e-98ca-bf1442929363', 'http://data.europa.eu/esco/skill/b1ef509e-f191-405a-8419-51663b08922e', 'http://data.europa.eu/esco/skill/d9e5349e-8791-49c2-8ba4-839fdd1606c2', 'http://data.europa.eu/esco/skill/ea4ebfa1-e17a-4416-ac54-955f33e6ade7']","['http://data.europa.eu/esco/occupation/92bb3d8c-8a9f-4cd7-80ec-247bbf173004', 'http://data.europa.eu/esco/occupation/c40a2919-48a9-40ea-b506-1f34f693496d', 'http://data.europa.eu/esco/occupation/f2b15a0e-e65a-438a-affb-29b9d50b77d1', 'http://data.europa.eu/esco/isco/C25', 'http://data.europa.eu/esco/isco/C2512']"
61715,"Full Stack Engineer (React.js, Java)","Company DescriptionWe are Netcompany-Intrasoft, a member of Netcompany Group A/S, and a leading European IT Solutions and Services company with strong international presence and expertise, dedicated to responsible digitalisation. We offer innovative and added-value solutions of the highest quality to a wide range of public and private organizations, while being a key-player in the EU Institutions for the past 30 years. We hold an outstanding record of 500+ organizations in 70+ countries, that have chosen our solutions and services, to fulfil their business needs. Our team of 3500+ professionals is our driving force and our most valuable asset.Job DescriptionEver wondered what it feels like to be a Full Stack Engineer in Netcompany-Intrasoft? Joining us as a Full Stack Engineer, you will have the opportunity to be a part of our highly skilled agile, software product development teams working within large-scale transformation projects.As a Full Stack Engineer you will:Collaboration with team members to understand requirements andpropose solutionsEngage with UX/UI designers to implement highly intuitive user experiencesDevelop and maintain code, application libraries and produce technical documentationParticipate in Scrum meetings, provide technical assessments, perform peer code reviews and produce time estimates for development tasksQualificationsWhat would make you a fit for the role:Degree in Computer Science or other relevant disciplines2 years of experience in React.js, JavaFamiliarity with JavaScript/ TypeScript and Spring BootExcellent command of the English language (written and verbal)An analytical mind with problem-solving abilitiesExcellent interpersonal skills and team spiritIt would also be a plus if you match some of the following:Familiarity with Oracle DatabaseExposure inMicroservices architectural patternsKnowledge of KubernetesExperience with CI/CD and version control platforms (Jenkins X, Bamboo)Additional InformationBeing a part of the Netcompany-Ιntrasoft team, you will be provided with: The opportunity to work in a modern environment & in a hybrid working modelA seamless onboarding experience and a buddy to support you on your first stepsA competitive compensation & benefits packageHealth and life insurance program Meal and commuting allowanceWell-being activities (on premises)Continuous learning opportunities using the most modern methods (unlimited access to Udemy for Business, ad-hoc trainings)A personalized development plan for targeted career growthIf you are looking forward to be part of a diverse environment, and have the opportunity to work alongside well-experienced professionals, on challenging, large-scale projects that directly impact millions of citizens around the globe, then this is the place to be!By joining Netcompany-Intrasoft Athens, you will be part of a vivid team of 2000+ tech enthusiasts. When at the office you will have the chance to work at our brand-new, state-of-the-art, sustainable offices, located in 3 different spots in Athens!Our cultureOur people are the most important element of our success. Our work life is well defined by our set of fundamental Values: https://netcompany.com/careers/greece/our-values/ #BePartOfSomethingGreat!Please submit your CV in English. All applications will be treated as strictly confidential.We ensure equal opportunities, treatment, and consideration to all candidates. Discrimination based on sex, racial or ethnic origin, religion or belief, disability, age, sexual orientation or marital status, physical or mental disability, or any other factor protected by applicable laws and regulations is prohibited. As part of the Netcompany-Intrasoft culture, we respect human rights and focus on creating a positive workplace, where all employees are valued, and where diversity and inclusion are a vital part of our our everyday working experience.",,Full-time,"Athens, Greece",EL,2024-09-27,kariera.gr,173064,,"['http://data.europa.eu/esco/skill/07dd856d-6141-48a7-a228-918f88494812', 'http://data.europa.eu/esco/skill/23ac233d-84ad-4517-b0f5-8ca19ba2614e', 'http://data.europa.eu/esco/skill/484df271-bb52-49f1-8f50-f19624bf4df2', 'http://data.europa.eu/esco/skill/8f6ed69b-29d0-4c01-81ba-f05920a185f3', 'http://data.europa.eu/esco/skill/a8797f21-1af0-4c5e-98ca-bf1442929363', 'http://data.europa.eu/esco/skill/f47a1998-0beb-43be-9f46-380aa4d183da']","['http://data.europa.eu/esco/occupation/719f101d-1866-49d3-8d5c-2256f606a8b9', 'http://data.europa.eu/esco/occupation/faed411a-f920-4100-86a8-b877928b429c', 'http://data.europa.eu/esco/isco/C7543']"
61857,"ENGINEERS (HEI/TEI), ELECTRICAL TECHNICIANS & IT GRADUATES","The company ""Hellenic Dairies"" is interested in hiring for the facilities in Trikala and Larissa:

Higher Education Engineers (HEI/ATEI) Electricians, Mechanical Engineers, Chemists, Production & Management, Electronics, Automation Engineers and,
Electricians & Practical Engineers, for the staffing of the Technical department and the Production departments.
Graduates of Informatics Schools for the staffing of the Group's IT department.

Position Description:
The main responsibilities concern the support of each team. These include the control and supervision of systems operation, solving basic problems and meeting needs.
Additionally for IT Graduates:

User support (Helpdesk support).
Solving hardware and software problems on workstations & servers.
Support and maintenance of internal applications and systems.
Develop and maintain code to automate tasks or improve processes.
Installation, configuration and maintenance of computer systems, applications and devices.

Necessary qualifications:

AEI-TEI degree (or foreign equivalent) in the relevant field
Planning and task organization skills
Ability to work effectively in a pressure environment

Additionally for IT Graduates:

Degree in Computer Science or related field.
Basic knowledge about servers, virtualization & networking.
Knowledge of at least one programming language (eg Python, Java).
Familiarity with Windows/Windows Server operating systems.
Excellent knowledge of Greek & English (written and spoken).

Desired qualifications:

Work experience in a similar position
Good knowledge of English and PC (MS Office)

Additionally for IT Graduates:

Previous experience in a similar position.
Experience in SAP ERP (or other ERP).
Active Directory & Microsoft 365 management experience.
IT certifications.

The company offers:

Excellent working climate
Salary package commensurate with qualifications
Continuous development of organizational structures
Special staff training - training - guidance program
Experience in a dynamically growing multinational company.

Attach your CV to the link: https://jobs.hellenicdairies.com/cvform/create
MANDATORY LISTING OF ADVERTISEMENT CODE 200824/7",No experience / No degree,Full-time,"Makrychori, Greece",EL,2024-09-27,kariera.gr,172889,,"['http://data.europa.eu/esco/skill/435d1751-8667-41ec-8b32-865b7cd3c684', 'http://data.europa.eu/esco/skill/6c153605-d62c-4970-81a9-49646ab32032', 'http://data.europa.eu/esco/skill/75b30aeb-34c0-40f4-b77d-271d75a98b14', 'http://data.europa.eu/esco/skill/c77db25e-bb51-4a10-b2ad-99b48b1b4a37', 'http://data.europa.eu/esco/skill/ea4ebfa1-e17a-4416-ac54-955f33e6ade7', 'http://data.europa.eu/esco/skill/f8e3425c-fe44-4ffb-bafe-0e20d91dadf4']","['http://data.europa.eu/esco/occupation/00030d09-2b3a-4efd-87cc-c4ea39d27c34', 'http://data.europa.eu/esco/occupation/0d93706d-32fd-4de3-aa08-be1003e325da', 'http://data.europa.eu/esco/occupation/4d34a9ee-2653-4da0-bef7-f59294577224', 'http://data.europa.eu/esco/occupation/579254cf-6d69-4889-9000-9c79dc568644', 'http://data.europa.eu/esco/occupation/5df63943-f1bc-4438-90f1-92768a7a23c8', 'http://data.europa.eu/esco/occupation/a241eff8-309b-43ae-8890-ac4cfbd3067c', 'http://data.europa.eu/esco/occupation/bb609566-3ab6-44dd-8f48-cf0b15b96827', 'http://data.europa.eu/esco/occupation/eb9479c6-5fdf-4f45-ace4-28b547b8c7e5', 'http://data.europa.eu/esco/isco/C214', 'http://data.europa.eu/esco/isco/C2424', 'http://data.europa.eu/esco/occupation/9a26d76b-b9e3-46ae-ab4b-057a1262138b']"
61943,Call for Talents - Junior Software Engineers,"Company DescriptionWe are Netcompany-Intrasoft, a member of Netcompany Group A/S, and a leading European IT Solutions and Services company with strong international presence and expertise, dedicated to responsible digitalisation. We offer innovative and added-value solutions of the highest quality to a wide range of public and private organizations, while being a key-player in the EU Institutions for the past 30 years. We hold an outstanding record of 500+ organizations in 70+ countries, that have chosen our solutions and services, to fulfil their business needs. Our team of 3500+ professionals is our driving force and our most valuable asset.Job DescriptionEver wondered what it feels like to be a Junior Software Engineer in Netcompany-Intrasoft? Joining us as a Junior Software Engineer you will become part of agile, highly skilled SW Product Development teams that design, develop, deploy, customize, test, and support web and digital applications for various industries (FinTech / Betting / Insurance / Telecommunications / Utilities / Retail / EU Institutions / Public Sector Digital Transformation). This will be the beginning of your career in one of the following specialties: backend, frontend, full-stack, DevOps, or automation testing SW Engineers.As a Junior Software Engineer you will:Work within an agile team that designs, develops, tests, and maintains web applications by using technologies such as Java, Spring, Spring boot, Microservices Architecture, Angular, React, Docker, Kafka, Kubernetes, Selenium, Cucumber, etc.Perform a full range of complex programming tasks using a variety of web and application-based programming technologies and languages, keeping current with new programming techniquesDevelop and maintain code and application libraries, instructions, and technical documentationCollaborate with team members to understand requirements and propose solutionsParticipate in peer code reviewsBe up to date, learn and gain experience in new technology stacks.QualificationsWhat would make you a fit for the role:Degree in Computer Science, Software Engineering or other relevant disciplinesFamiliarity with at least one of the below (Java, Spring, Spring boot, Microservices Architecture, Angular, React, Docker, Kafka, Kubernetes, Selenium and Cucumber)Excellent command of the English language (written & oral)It would also be a plus if you match some of the following:Knowledge of:web technologies including HTML5, CSS3, JavaScript frameworksdatabase concepts and SQL programmingExperience with Source Control(GIT, Subversion) and Build Tools (Maven).Additional InformationAll newcomers attend a high-quality training by our internal onboarding academy, regarding the Netcompany-Intrasoft culture and digital journey. All sessions are conducted by our tech specialists, who share their knowledge on technologies and methodologies that are used in our projects, ensuring a smooth and enlightening onboarding process.Being a part of the Netcompany-Ιntrasoft team, you will be provided with: The opportunity to work in a modern environment & in a hybrid working modelA seamless onboarding experience and a buddy to support you on your first stepsA competitive compensation & benefits packageHealth and life insurance programMeal and commuting allowanceWell-being activities (on premises)Continuous learning opportunities using the most modern methods (unlimited access to Udemy for Business, ad-hoc trainings)A personalized development plan for targeted career growthIf you are looking forward to be part of a diverse environment, and have the opportunity to work alongside well-experienced professionals, on challenging, large-scale projects that directly impact millions of citizens around the globe, then this is the place to be!By joining Netcompany-Intrasoft Athens, you will be part of a vivid team of 2000+ tech enthusiasts. When at the office you will have the chance to work at our brand-new, state-of-the-art, sustainable offices, located in 3 different spots in Athens!Our cultureOur people are the most important element of our success. Our work life is well defined by our set of fundamental Values: https://netcompany.com/careers/greece/our-values/ #BePartOfSomethingGreat!Please submit your CV in English. All applications will be treated as strictly confidential.We ensure equal opportunities, treatment, and consideration to all candidates. Discrimination based on sex, racial or ethnic origin, religion or belief, disability, age, sexual orientation or marital status, physical or mental disability, or any other factor protected by applicable laws and regulations is prohibited. As part of the Netcompany-Intrasoft culture, we respect human rights and focus on creating a positive workplace, where all employees are valued, and where diversity and inclusion are a vital part of our our everyday working experience.",,Full-time,"Athens, Greece",EL,2024-09-26,kariera.gr,172794,,"['http://data.europa.eu/esco/skill/0d168770-4d9c-4096-b048-a6577818d306', 'http://data.europa.eu/esco/skill/19a8293b-8e95-4de3-983f-77484079c389', 'http://data.europa.eu/esco/skill/1ffac4ac-fda7-407d-8ed1-ca8f4a8dc146', 'http://data.europa.eu/esco/skill/23ac233d-84ad-4517-b0f5-8ca19ba2614e', 'http://data.europa.eu/esco/skill/3993c87c-7719-4186-811b-8ddfb40e76be', 'http://data.europa.eu/esco/skill/484df271-bb52-49f1-8f50-f19624bf4df2', 'http://data.europa.eu/esco/skill/7557f0f4-b8bc-4ac0-b91e-222ab1ba744f', 'http://data.europa.eu/esco/skill/8f6ed69b-29d0-4c01-81ba-f05920a185f3', 'http://data.europa.eu/esco/skill/a8797f21-1af0-4c5e-98ca-bf1442929363', 'http://data.europa.eu/esco/skill/dba46f87-0831-49cd-a1c7-340a653c0221', 'http://data.europa.eu/esco/skill/f0de4973-0a70-4644-8fd4-3a97080476f4']","['http://data.europa.eu/esco/occupation/57af9090-55b4-4911-b2d0-86db01c00b02', 'http://data.europa.eu/esco/occupation/719f101d-1866-49d3-8d5c-2256f606a8b9', 'http://data.europa.eu/esco/occupation/866c7813-2c03-47d7-9bdc-192cfbace57c', 'http://data.europa.eu/esco/occupation/a9c7a04d-807a-41b5-b441-87c73c73c9c5', 'http://data.europa.eu/esco/occupation/c52129d9-4656-4ce8-ba13-8a72a51d5400', 'http://data.europa.eu/esco/occupation/cc867bee-ab5c-427f-9244-f7a204d9574b']"
61944,Call for Talents - Junior Software Engineers,"Company DescriptionWe are Netcompany-Intrasoft, a member of Netcompany Group A/S, and a leading European IT Solutions and Services company with strong international presence and expertise, dedicated to responsible digitalisation. We offer innovative and added-value solutions of the highest quality to a wide range of public and private organizations, while being a key-player in the EU Institutions for the past 30 years. We hold an outstanding record of 500+ organizations in 70+ countries, that have chosen our solutions and services, to fulfil their business needs. Our team of 3500+ professionals is our driving force and our most valuable asset.Job DescriptionEver wondered what it feels like to be a Junior Software Engineer in Netcompany-Intrasoft? Joining us as a Junior Software Engineer you will become part of agile, highly skilled SW Product Development teams that design, develop, deploy, customize, test, and support web and digital applications for various industries (FinTech / Betting / Insurance / Telecommunications / Utilities / Retail / EU Institutions / Public Sector Digital Transformation). This will be the beginning of your career in one of the following specialties: backend, frontend, full-stack, DevOps, or automation testing SW Engineers.As a Junior Software Engineer you will:Work within an agile team that designs, develops, tests, and maintains web applications by using technologies such as Java, Spring, Spring boot, Microservices Architecture, Angular, React, Docker, Kafka, Kubernetes, Selenium, Cucumber, etc.Perform a full range of complex programming tasks using a variety of web and application-based programming technologies and languages, keeping current with new programming techniquesDevelop and maintain code and application libraries, instructions, and technical documentationCollaborate with team members to understand requirements and propose solutionsParticipate in peer code reviewsBe up to date, learn and gain experience in new technology stacks.QualificationsWhat would make you a fit for the role:Degree in Computer Science, Software Engineering or other relevant disciplinesFamiliarity with at least one of the below (Java, Spring, Spring boot, Microservices Architecture, Angular, React, Docker, Kafka, Kubernetes, Selenium and Cucumber)Excellent command of the English language (written & oral)It would also be a plus if you match some of the following:Knowledge of:web technologies including HTML5, CSS3, JavaScript frameworksdatabase concepts and SQL programmingExperience with Source Control(GIT, Subversion) and Build Tools (Maven).Additional InformationAll newcomers attend a high-quality training by our internal onboarding academy, regarding the Netcompany-Intrasoft culture and digital journey. All sessions are conducted by our tech specialists, who share their knowledge on technologies and methodologies that are used in our projects, ensuring a smooth and enlightening onboarding process.Being a part of the Netcompany-Ιntrasoft team, you will be provided with: The opportunity to work in a modern environment & in a hybrid working modelA seamless onboarding experience and a buddy to support you on your first stepsA competitive compensation & benefits packageHealth and life insurance programMeal and commuting allowanceWell-being activities (on premises)Continuous learning opportunities using the most modern methods (unlimited access to Udemy for Business, ad-hoc trainings)A personalized development plan for targeted career growthIf you are looking forward to be part of a diverse environment, and have the opportunity to work alongside well-experienced professionals, on challenging, large-scale projects that directly impact millions of citizens around the globe, then this is the place to be!Join Netcompany-Intrasoft Thessaloniki's branch, and be part of our 250+ tech enthusiasts team!Our cultureOur people are the most important element of our success. Our work life is well defined by our set of fundamental Values: https://netcompany.com/careers/greece/our-values/ #BePartOfSomethingGreat!Please submit your CV in English. All applications will be treated as strictly confidential.We ensure equal opportunities, treatment, and consideration to all candidates. Discrimination based on sex, racial or ethnic origin, religion or belief, disability, age, sexual orientation or marital status, physical or mental disability, or any other factor protected by applicable laws and regulations is prohibited. As part of the Netcompany-Intrasoft culture, we respect human rights and focus on creating a positive workplace, where all employees are valued, and where diversity and inclusion are a vital part of our our everyday working experience.",,Full-time,"Thessaloniki, Greece",EL,2024-09-26,kariera.gr,172795,,"['http://data.europa.eu/esco/skill/0d168770-4d9c-4096-b048-a6577818d306', 'http://data.europa.eu/esco/skill/19a8293b-8e95-4de3-983f-77484079c389', 'http://data.europa.eu/esco/skill/1ffac4ac-fda7-407d-8ed1-ca8f4a8dc146', 'http://data.europa.eu/esco/skill/23ac233d-84ad-4517-b0f5-8ca19ba2614e', 'http://data.europa.eu/esco/skill/3993c87c-7719-4186-811b-8ddfb40e76be', 'http://data.europa.eu/esco/skill/484df271-bb52-49f1-8f50-f19624bf4df2', 'http://data.europa.eu/esco/skill/7557f0f4-b8bc-4ac0-b91e-222ab1ba744f', 'http://data.europa.eu/esco/skill/8f6ed69b-29d0-4c01-81ba-f05920a185f3', 'http://data.europa.eu/esco/skill/a8797f21-1af0-4c5e-98ca-bf1442929363', 'http://data.europa.eu/esco/skill/dba46f87-0831-49cd-a1c7-340a653c0221', 'http://data.europa.eu/esco/skill/f0de4973-0a70-4644-8fd4-3a97080476f4']","['http://data.europa.eu/esco/occupation/57af9090-55b4-4911-b2d0-86db01c00b02', 'http://data.europa.eu/esco/occupation/719f101d-1866-49d3-8d5c-2256f606a8b9', 'http://data.europa.eu/esco/occupation/866c7813-2c03-47d7-9bdc-192cfbace57c', 'http://data.europa.eu/esco/occupation/a9c7a04d-807a-41b5-b441-87c73c73c9c5', 'http://data.europa.eu/esco/occupation/c52129d9-4656-4ce8-ba13-8a72a51d5400', 'http://data.europa.eu/esco/occupation/cc867bee-ab5c-427f-9244-f7a204d9574b']"
