id,title,description,experience_level,type,location,location_code,upload_date,source,source_id,organization,skills,occupations
33,SENIOR SOFT ONE DEVELOPER,"✅ Implement, test, maintain and support SOFT ONE application improvements (custom/standard), based on technical design specifications
✅ Prepare technical design specifications based on functional requirements and analysis document
✅ Review functional requirements, analysis, and design documents and provide feedback
✅ Support internal departments with technical problems and questions
✅ Maintain and improve the performance of existing software applications
✅ Research new and emerging software solutions and technology released by SOFT ONE
✅ Participate in architecture and code reviews.",Senior,Full-time,"Metamorfosi, Greece",EL,2024-09-09,kariera.gr,168871,,"['http://data.europa.eu/esco/skill/08e2ff26-88ff-47b5-9d37-d19ace01b075', 'http://data.europa.eu/esco/skill/385479b7-5da5-4367-9763-0d15b41bb65b', 'http://data.europa.eu/esco/skill/54660948-b811-49a9-874c-bf2be5f280a2', 'http://data.europa.eu/esco/skill/e76dd90d-91c4-49c0-bfd0-dfa2c4c90c81']",['http://data.europa.eu/esco/occupation/a142a645-6e9e-4d86-accd-9816df857c90']
50,SharePoint Developer (Mid-Senior),"Company DescriptionWe are Netcompany-Intrasoft, a member of Netcompany Group A/S, and a leading European IT Solutions and Services company with strong international presence and expertise, dedicated to responsible digitalisation. We offer innovative and added-value solutions of the highest quality to a wide range of public and private organizations, while being a key-player in the EU Institutions for the past 30 years. We hold an outstanding record of 500+ organizations in 70+ countries, that have chosen our solutions and services, to fulfil their business needs. Our team of 3500+ professionals is our driving force and our most valuable asset.Job DescriptionEver wondered what it feels like to be a SharePoint Developer in Netcompany-Intrasoft?Joining us as a SharePoint Developer, you will have the opportunity to be a part of highly skilled teams who design, develop, deploy, customize and support SharePoint sites and integration with other systems.As a SharePoint Developer you will:Develop custom web parts, applications, and features tailored to meet specific business requirements. This includes creating SharePoint sites, lists, libraries, and other custom componentsIntegrate SharePoint with other systems and applications, using APIs and web servicesCustomize the look and feel of SharePoint sites using CSS, HTML, JavaScriptBuild and deploy custom workflows using Microsoft Power Automate to automate business processesOptimize SharePoint environments for performance, reliability, and scalabilityManage documents, lists, libraries, and other content within SharePoint, including setting up metadata, content types, and search configurationsQualificationsWhat would make you a fit for the role:Bachelor's Degree in Computer Science or any related disciplineAt least 3 years of proven professional experience as a SharePoint DeveloperProficiency in SharePoint development tools and languages, such as SharePoint Framework (SPFx), C#, .NET, JavaScript, HTML, CSS, and Microsoft Power Platform (specifically Power Automate)Strong analytical and problem-solving skills to troubleshoot and resolve technical issuesDynamic personality with the ability to work independently and also as part of a teamExcellent command of the English language (written & oral)We wouldn't say no if you also have a Microsoft Certification in your own area of expertise!Additional InformationBeing a part of the Netcompany-Ιntrasoft team, you will be provided with: The opportunity to work in a modern environment & in a hybrid working modelA seamless onboarding experience and a buddy to support you on your first stepsA competitive compensation & benefits packageHealth and life insurance programMeal and commuting allowanceWell-being activities (on premises)Continuous learning opportunities using the most modern methods (unlimited access to Udemy for Business, ad-hoc trainings)A personalized development plan for targeted career growthIf you are looking forward to be part of a diverse environment, and have the opportunity to work alongside well-experienced professionals, on challenging, large-scale projects that directly impact millions of citizens around the globe, then this is the place to be!By joining Netcompany-Intrasoft Athens, you will be part of a vivid team of 2000+ tech enthusiasts. When at the office you will have the chance to work at our brand-new, state-of-the-art, sustainable offices, located in 3 different spots in Athens!Our cultureOur people are the most important element of our success. Our work life is well defined by our set of fundamental Values: https://netcompany.com/careers/greece/our-values/ #BePartOfSomethingGreat!Please submit your CV in English. All applications will be treated as strictly confidential.We ensure equal opportunities, treatment, and consideration to all candidates. Discrimination based on sex, racial or ethnic origin, religion or belief, disability, age, sexual orientation or marital status, physical or mental disability, or any other factor protected by applicable laws and regulations is prohibited. As part of the Netcompany-Intrasoft culture, we respect human rights and focus on creating a positive workplace, where all employees are valued, and where diversity and inclusion are a vital part of our our everyday working experience.",,Full-time,"Athens, Greece",EL,2024-09-09,kariera.gr,168858,,"['http://data.europa.eu/esco/skill/0af062de-eb43-41e9-9b96-249e2cd22d26', 'http://data.europa.eu/esco/skill/23ac233d-84ad-4517-b0f5-8ca19ba2614e', 'http://data.europa.eu/esco/skill/3993c87c-7719-4186-811b-8ddfb40e76be', 'http://data.europa.eu/esco/skill/4c016b68-4116-468c-9dc6-42710c239e4a', 'http://data.europa.eu/esco/skill/7234e847-451d-499a-9c7b-0050a4e758d6', 'http://data.europa.eu/esco/skill/8f6ed69b-29d0-4c01-81ba-f05920a185f3', 'http://data.europa.eu/esco/skill/ed8de897-adbe-4f0e-b4d2-534953e64c72']","['http://data.europa.eu/esco/occupation/719f101d-1866-49d3-8d5c-2256f606a8b9', 'http://data.europa.eu/esco/occupation/a9c7a04d-807a-41b5-b441-87c73c73c9c5']"
76,Senior Full Stack Developer (PHP & JavaScript),"Plushost, an e-commerce agency with years of experience in building eshops and digital marketing, is looking for a Senior Full Stack Developer. 
 
Senior Full Stack Developer (PHP & JavaScript) 
Responsibilities:

Write well-designed, performant and testable code
Working closely with designers to create new e-shops
Maintaining current store portfolio
Implementing web development projects and tasks – front end modifications, but also the implementation of back end modules
Resolve application issues

Requirements:

Proven experience as a Full Stack Developer or similar role
Strong knowledge of PHP, JavaScript, CSS, MySQL
Understanding of RESTful APIs and experience in developing them
Knowledge and experience of CS-Cart will be considered a strong plus
Prior development of an e-shop will be preferred
Excellent problem-solving skills and attention to detail
A degree in Computer Science is a strong plus
Fluency in Greek and English (verbal and written)",Mid-level,Full-time,"Fournas, Greece",EL,2024-09-09,kariera.gr,168834,,"['http://data.europa.eu/esco/skill/378caeec-10a0-4162-b75c-ab374a42e93d', 'http://data.europa.eu/esco/skill/43dfbe7f-9e10-4871-b171-e5076737b4cf', 'http://data.europa.eu/esco/skill/ea4ebfa1-e17a-4416-ac54-955f33e6ade7']","['http://data.europa.eu/esco/occupation/586fe133-1987-41f4-b89a-f39d4bc58e1e', 'http://data.europa.eu/esco/occupation/c40a2919-48a9-40ea-b506-1f34f693496d', 'http://data.europa.eu/esco/occupation/dc97adbe-f807-4ad8-8f3c-c24b3416cdef']"
152,Business Developer Horeca Iraklio,"The role of Business Developer is at the heart of Coca-Cola Tria Epsilon and is a position where you directly see the impact of your work every day. As a Business Developer, you will be responsible for managing a broad portfolio of some of the most iconic global and local soft drink, juice and beverage brands. You will meet our customers every day, and you will be the face of Coca-Cola Tria Epsilon in the market. As a member of our team, you will have constant support to achieve high performance and develop daily in a fast-paced and dynamic environment. Resources & Experience * I have similar previous experience in a corresponding external sales position in the same or similar industry * Driving license * Desirable degree from AEI/TEI/IEK * Excellent knowledge of the Greek language * I am result-oriented and able to create trusting relationships * I am characterized by customer-centricity & focus on the client's needs * I can plan and schedule my work effectively, setting priorities and proposing solutions * I work collaboratively and responsibly * I am interested in my personal & professional development Responsibilities as a Business Developer * Your daily mission: to boost sales and activate the market with a broad portfolio of iconic global and local brands * You will achieve goals by implementing top sales and market enablement tools * You will build trusting relationships by finding the best solutions for our clients to achieve the highest level of customer satisfaction * You will collaborate and you share best practices with your team to support each other in developing your skills * You will gather information about market and customer developments to adapt to them to evolve and win with our customers every day * You will have a planned itinerary for customer visits so that you can focus on the essence of your work * I carry out store activation activities focusing on merchandising standards to expand customer transactions * I promote the team spirit through working closely with team members as well as with members of other departments, always aiming for my growth * I am open to providing and receiving frequent feedback Benefits * Company car & travel expenses * Mobile & iPad * Daily support * Product availability * Bonus based on achievement of targets At Coca-Cola HBC, diversity thrives and we seek to eliminate all forms of stereotyping. This means we provide equal opportunities for everyone, regardless of race, color, religion, age, special needs, sexual orientation or gender identity. Come and join our team, so that we can continue to create an environment of inclusion, where everyone belongs and contributes collectively to success.",Entry / Junior,Part-time,"Heraklion, Greece",EL,2024-09-09,kariera.gr,168727,,"['http://data.europa.eu/esco/skill/2b2d7c6a-229a-40ba-80f3-b5b5766161a0', 'http://data.europa.eu/esco/skill/a15dab55-f1da-4f85-ae3e-2b5c5b5333ca', 'http://data.europa.eu/esco/skill/c09bf6d4-f8a7-40f3-aead-ef01643f2352', 'http://data.europa.eu/esco/skill/e24377fb-020b-4430-8bed-86dd539bbf3a', 'http://data.europa.eu/esco/skill/2239694b-771a-4586-8b54-2794e361a9ae']","['http://data.europa.eu/esco/occupation/9a26d76b-b9e3-46ae-ab4b-057a1262138b', 'http://data.europa.eu/esco/occupation/b76178c0-a03a-4793-b079-1e61e636c521']"
275,Frontend Engineer (Angular) Mid-Senior,"Company DescriptionWe are Netcompany-Intrasoft, a member of Netcompany Group A/S, and a leading European IT Solutions and Services company with strong international presence and expertise, dedicated to responsible digitalisation. We offer innovative and added-value solutions of the highest quality to a wide range of public and private organizations, while being a key-player in the EU Institutions for the past 30 years. We hold an outstanding record of 500+ organizations in 70+ countries, that have chosen our solutions and services, to fulfil their business needs. Our team of 3500+ professionals is our driving force and our most valuable asset.Job DescriptionEver wondered what it feels like to be a Front End Developer (Angular) in Netcompany-Intrasoft? As a Front-end Developer, you will be a member of team responsible for designing, developing and testing in order to create software solutions aligned to the needs of the business and external customers. The role requires developed and strong foundation of web-development skills and good knowledge of relevant technologies.As a Frontend Developer you will:Able to take ownership, accountability and initiativeDetail-driven, able to take constructive criticismStrong analytical-thinker and problem-solverCommunicative and team playerQualificationsWhat would make you a fit for the role:University degree in Computer Science or Electrical EngineeringAt least 2 years of Javascript experienceAt least 1 year of Angular (version 2 or greater) development experience, or some other relevant framework (Backbone.js, AngularJS, viewJS, react)Knowledge of the interaction between JavaScript, HTML and CSS.Ability to create, modify, and style elements on a page with ease and can also do this dynamicallyAbility to analyse visual designs into design patternsStrong knowledge in MVC ArchitectureKnowledge of version control softwareExperience consuming RESTful API'sGood command of the English Language (written & verbal)It would also be a plus if you match some of the following:Cross browser experience, working with backwards compatibility with graceful degradationExperience in Bootstrap and responsive web application developmentFamiliarity with backend development, understanding application layersExperience writing RESTful API's and fully understanding the RESTful architecture and goalsA background in design or appreciation of good design and UXExperience with SQL and being comfortable with querying databaseAdditional InformationBeing a part of the Netcompany-Ιntrasoft team, you will be provided with: The opportunity to work in a modern environment & in a hybrid working modelA seamless onboarding experience and a buddy to support you on your first stepsA competitive compensation & benefits packageHealth and life insurance programMeal and commuting allowanceWell-being activities (on premises)Continuous learning opportunities using the most modern methods (unlimited access to Udemy for Business, ad-hoc trainings)A personalized development plan for targeted career growthIf you are looking forward to be part of a diverse environment, and have the opportunity to work alongside well-experienced professionals, on challenging, large-scale projects that directly impact millions of citizens around the globe, then this is the place to be!By joining Netcompany-Intrasoft Athens, you will be part of a vivid team of 2000+ tech enthusiasts. When at the office you will have the chance to work at our brand-new, state-of-the-art, sustainable offices, located in 3 different spots in Athens!Our cultureOur people are the most important element of our success. Our work life is well defined by our set of fundamental Values: https://netcompany.com/careers/greece/our-values/ #BePartOfSomethingGreat!Please submit your CV in English. All applications will be treated as strictly confidential.We ensure equal opportunities, treatment, and consideration to all candidates. Discrimination based on sex, racial or ethnic origin, religion or belief, disability, age, sexual orientation or marital status, physical or mental disability, or any other factor protected by applicable laws and regulations is prohibited. As part of the Netcompany-Intrasoft culture, we respect human rights and focus on creating a positive workplace, where all employees are valued, and where diversity and inclusion are a vital part of our our everyday working experience.",,Full-time,"Athens, Greece",EL,2024-09-08,kariera.gr,163332,,"['http://data.europa.eu/esco/skill/0af062de-eb43-41e9-9b96-249e2cd22d26', 'http://data.europa.eu/esco/skill/23ac233d-84ad-4517-b0f5-8ca19ba2614e', 'http://data.europa.eu/esco/skill/598de5b0-5b58-4ea7-8058-a4bc4d18c742', 'http://data.europa.eu/esco/skill/8f6ed69b-29d0-4c01-81ba-f05920a185f3', 'http://data.europa.eu/esco/skill/fc4fcb4b-993f-4f2c-b158-c2171ec18ed8']","['http://data.europa.eu/esco/occupation/719f101d-1866-49d3-8d5c-2256f606a8b9', 'http://data.europa.eu/esco/occupation/874a2080-a9b6-46a9-8662-c9b7d4208f73', 'http://data.europa.eu/esco/occupation/c40a2919-48a9-40ea-b506-1f34f693496d']"
286,SharePoint Developer (Mid-Senior),"Company DescriptionWe are Netcompany-Intrasoft, a member of Netcompany Group A/S, and a leading European IT Solutions and Services company with strong international presence and expertise, dedicated to responsible digitalisation. We offer innovative and added-value solutions of the highest quality to a wide range of public and private organizations, while being a key-player in the EU Institutions for the past 30 years. We hold an outstanding record of 500+ organizations in 70+ countries, that have chosen our solutions and services, to fulfil their business needs. Our team of 3500+ professionals is our driving force and our most valuable asset.Job DescriptionEver wondered what it feels like to be a SharePoint Developer in Netcompany-Intrasoft?Joining us as a SharePoint Developer, you will have the opportunity to be a part of highly skilled teams who design, develop, deploy, customize and support SharePoint sites and integration with other systems.As a SharePoint Developer you will:Developing custom web parts, applications, and features tailored to meet specific business requirements. This includes creating SharePoint sites, lists, libraries, and other custom componentsIntegrating SharePoint with other systems and applications, using APIs and web servicesCustomizing the look and feel of SharePoint sites using CSS, HTML, JavaScriptBuilding and deploying custom workflows using Microsoft Power Automate to automate business processesOptimizing SharePoint environments for performance, reliability, and scalabilityManaging documents, lists, libraries, and other content within SharePoint, including setting up metadata, content types, and search configurationsQualificationsWhat would make you a fit for the role:Bachelor's Degree in Computer Science or any related disciplineAt least 3 years of proven professional experience as a SharePoint DeveloperProficiency in SharePoint development tools and languages, such as SharePoint Framework (SPFx), C#, .NET, JavaScript, HTML, CSS, and Microsoft Power Platform (specifically Power Automate)Strong analytical and problem-solving skills to troubleshoot and resolve technical issuesDynamic personality with the ability to work independently and also as part of a teamExcellent command of the English language (written & oral)We wouldn't say no if you also have a Microsoft Certification in your own area of expertise!Additional InformationBeing a part of the Netcompany-Ιntrasoft team, you will be provided with: The opportunity to work in a modern environment & in a hybrid working modelA seamless onboarding experience and a buddy to support you on your first stepsA competitive compensation & benefits packageHealth and life insurance programMeal and commuting allowanceWell-being activities (on premises)Continuous learning opportunities using the most modern methods (unlimited access to Udemy for Business, ad-hoc trainings)A personalized development plan for targeted career growthIf you are looking forward to be part of a diverse environment, and have the opportunity to work alongside well-experienced professionals, on challenging, large-scale projects that directly impact millions of citizens around the globe, then this is the place to be!By joining Netcompany-Intrasoft Athens, you will be part of a vivid team of 2000+ tech enthusiasts. When at the office you will have the chance to work at our brand-new, state-of-the-art, sustainable offices, located in 3 different spots in Athens!Our cultureOur people are the most important element of our success. Our work life is well defined by our set of fundamental Values: https://netcompany.com/careers/greece/our-values/ #BePartOfSomethingGreat!Please submit your CV in English. All applications will be treated as strictly confidential.We ensure equal opportunities, treatment, and consideration to all candidates. Discrimination based on sex, racial or ethnic origin, religion or belief, disability, age, sexual orientation or marital status, physical or mental disability, or any other factor protected by applicable laws and regulations is prohibited. As part of the Netcompany-Intrasoft culture, we respect human rights and focus on creating a positive workplace, where all employees are valued, and where diversity and inclusion are a vital part of our our everyday working experience.",,Full-time,"Athens, Greece",EL,2024-09-08,kariera.gr,168583,,"['http://data.europa.eu/esco/skill/0af062de-eb43-41e9-9b96-249e2cd22d26', 'http://data.europa.eu/esco/skill/23ac233d-84ad-4517-b0f5-8ca19ba2614e', 'http://data.europa.eu/esco/skill/3993c87c-7719-4186-811b-8ddfb40e76be', 'http://data.europa.eu/esco/skill/4c016b68-4116-468c-9dc6-42710c239e4a', 'http://data.europa.eu/esco/skill/7234e847-451d-499a-9c7b-0050a4e758d6', 'http://data.europa.eu/esco/skill/8f6ed69b-29d0-4c01-81ba-f05920a185f3', 'http://data.europa.eu/esco/skill/ed8de897-adbe-4f0e-b4d2-534953e64c72']","['http://data.europa.eu/esco/occupation/719f101d-1866-49d3-8d5c-2256f606a8b9', 'http://data.europa.eu/esco/occupation/a9c7a04d-807a-41b5-b441-87c73c73c9c5']"
361,Full Stack Developer - Angular & Java Spring Boot  (e-Health Sector) Thessaloniki,"About Sigmasoft S.A. 
Sigmasoft S.A. is an innovative software development company providing state-of-the-art software solutions and services for the e-Health &  e-Government Sector.
What You Will Be Doing
You will be working with our team of talented software engineers to create innovative e-Health software systems and solutions. 
Experience You Will Need to Succeed

BSc or MSc in Computer Science or equivalent
Knowledge of JavaScript or AngularJS
Knowledge of Typescript will be considered as a plus
Knowledge of relational databases will be considered as a plus.
Strong knowledge of Java
Knowledge of Spring Framework will be considered as a plus.
Knowledge of PL/SQL programming, will be considered as a plus

 Personal skills we are looking for

Excellent communication skills
Excellent analytical, problem solving and troubleshooting abilities
Solid organizational skills and focus on accuracy and attention to detail
Able to work independently or as part of a team
Detail oriented, maintaining the highest quality work standards
Enjoy working within agile/scrum-based team

What we offer

Competitive base salary
Private medical insurance coverage
Full-time long-term co-operation
Outstanding on the job training opportunities
Outstanding working environment
Outstanding career opportunities",Mid-level,Full-time,"Thessaloniki, Greece",EL,2024-09-07,kariera.gr,156872,,"['http://data.europa.eu/esco/skill/19a8293b-8e95-4de3-983f-77484079c389', 'http://data.europa.eu/esco/skill/867137fb-ff1b-4ca3-99f3-cb6969aa2c68']",[]
363,Full Stack Developer - Angular & Java Spring Boot  (e-Health Sector) Athens,"About Sigmasoft S.A. 
Sigmasoft S.A. is an innovative software development company providing state-of-the-art software solutions and services for the e-Health &  e-Government Sector.
What You Will Be Doing
You will be working with our team of talented software engineers to create innovative e-Health software systems and solutions.
Experience You Will Need to Succeed

BSc or MSc in Computer Science or equivalent
Knowledge of JavaScript or AngularJS
Knowledge of Typescript will be considered as a plus
Knowledge of relational databases will be considered as a plus.
Strong knowledge of Java
Knowledge of Spring Framework will be considered as a plus.
Knowledge of PL/SQL programming, will be considered as a plus

 Personal skills we are looking for

Excellent communication skills
Excellent analytical, problem solving and troubleshooting abilities
Solid organizational skills and focus on accuracy and attention to detail
Able to work independently or as part of a team
Detail oriented, maintaining the highest quality work standards
Enjoy working within agile/scrum-based team

What we offer

Competitive base salary
Private medical insurance coverage
Full-time long-term co-operation
Outstanding on the job training opportunities
Outstanding working environment
Outstanding career opportunities",Mid-level,Full-time,"Athens, Greece",EL,2024-09-07,kariera.gr,168510,,"['http://data.europa.eu/esco/skill/19a8293b-8e95-4de3-983f-77484079c389', 'http://data.europa.eu/esco/skill/867137fb-ff1b-4ca3-99f3-cb6969aa2c68']",[]
453,Software Developer,"The Opportunity
Worldwide and 24/7, air traffic controllers use our innovative software to keep operations running. ​Support our team as an expert in software development for Air Traffic Control (ATC) solutions at international airports. ​ Be part of this challenge and join our team to work on the following tasks: 
 
You will make an impact by

Developing professional software based on a Qt/C++ stack in the field of fault-tolerant, high-performance computing in the aviation industry. ​
Designing, implementing, testing, documenting and integrating features within the agile team.

 
The talent we want to inspire has....

Education in Software Development (either via higher technical college or degree in computer science, engineering, physics or mathematics)​
Minimum of 3-5 years of relevant work experience within Software Development.
Proficiency in C++
Strong problem-solving skills and a structured and methodical approach to complex topics​
Experience with the Git version control system​.
Familiarity with development under Linux ​
Team player, with willingness to work as part of a pragmatic agile team​.
Fluency in English (working language)

 
This would be a plus but not a must!

Experience in the aviation sector is considered a plus.
Experience with Qt and Python is beneficial.

​​​​​​​Why join ADB SAFEGATE? 
We value you and your contribution in the business. Recognizing and rewarding the impact you make is important to us. 
 

In return, we offer a truly global environment with competitive salaries and benefits. 
The opportunity to develop your career. We love to upskill and promote our staff; there's nothing better than to see someone gain a strong sense of pride and accomplishment. 
A great flexible working culture with company values and behaviours that help shape your development and lead to success for you and the Company. 

If you want to join a global business and enjoy being a team player who's driven and passionate, then this is your opportunity to come on board by applying!",Mid-level,Full-time,"Agia Paraskevi, Greece",EL,2024-09-07,kariera.gr,168413,,"['http://data.europa.eu/esco/skill/385479b7-5da5-4367-9763-0d15b41bb65b', 'http://data.europa.eu/esco/skill/9d2e926f-53d9-41f5-98f3-19dfaa687f3f', 'http://data.europa.eu/esco/skill/b387bca8-0f61-4548-b41c-2fe6887d1534', 'http://data.europa.eu/esco/skill/fc4fcb4b-993f-4f2c-b158-c2171ec18ed8']","['http://data.europa.eu/esco/occupation/3c2da05f-eb24-41f7-8307-46c96660fee0', 'http://data.europa.eu/esco/occupation/5fd2980e-22c4-4ace-a394-190c76f4f539', 'http://data.europa.eu/esco/occupation/7f2761eb-4edc-48ad-9fbf-eed0a0db9a21', 'http://data.europa.eu/esco/occupation/874a2080-a9b6-46a9-8662-c9b7d4208f73', 'http://data.europa.eu/esco/occupation/b3b32930-05f0-4b2e-93bf-34d1e3f89a3b', 'http://data.europa.eu/esco/isco/C214']"
513,PHP Developer,"BIOAXIS Healthcare, an IQVIA business, is the leader in Patient Support Program services in Greece and cooperates with global and local pharmaceutical companies. We are looking for an experienced PHP Developer, who is dedicated to the craft, writes code that they are proud of and can hit the ground running. A PHP Developer writes beautiful, fast PHP to a high standard, in a timely and scalable way that improves the code-base of our products in meaningful ways. You will be a part of a full-stack creative team that is responsible for all aspects of the ongoing software development from the initial specification, through to developing, testing and launching.
 
Responsibilities:

Write “clean”, well-designed code
Produce detailed specifications
Troubleshoot, test and maintain the core product software and databases to ensure strong optimization and functionality
Contribute in all phases of the development lifecycle
Follow industry best practices
Develop and deploy new features to facilitate related procedures and tools if necessary

Requirements:

Previous working experience as a PHP Developer for minimum 5 years.
PHP developer with front-end skills (Javascript, HTML5, CSS3).
Proficient in PHP, HTML5, JavaScript, JQuery.
Basic Linux administration skills.
Must have a full-stack attitude and understand concepts of software engineering.
Knowledge of the software development life cycle.
Ability to work in fast-paced environment.
Ability to acquire missing knowledge and research problems with minimal guidance.
Experience working on a variety of software development projects / technologies is a plus.
UI-UX artistic talent is a plus, though not decisive.
Familiarity with limitations of PHP as a platform and its workarounds.
Excellent relational database skills with MySQL.",Mid-level,Full-time,"Irakleio, Greece",EL,2024-09-06,kariera.gr,168330,,"['http://data.europa.eu/esco/skill/09f2f811-a3fb-4de3-a70f-6420a6935575', 'http://data.europa.eu/esco/skill/2450c3b3-e78e-435b-b84d-e05d984e71dc', 'http://data.europa.eu/esco/skill/378caeec-10a0-4162-b75c-ab374a42e93d', 'http://data.europa.eu/esco/skill/4350c38d-0fe9-4ca7-bab9-40ed7f72b04f', 'http://data.europa.eu/esco/skill/a1c72d66-3671-4a8e-840d-e8b28e237b6f', 'http://data.europa.eu/esco/skill/e76dd90d-91c4-49c0-bfd0-dfa2c4c90c81']",[]
539,"Senior Associate, Software Engineering","Role Summary
Pfizer's purpose is to deliver breakthroughs that change patients' lives.In Pfizer Digital Core Solutions, we partner closely with our Pfizer business operations colleagues to efficiently deliver robust supporting technology solutions that enhance their work to achieve the Pfizer purpose. We value our team members' technical skills, but also their passion, teamwork, and growth. Our culture is focused on delivering value through courage, excellence, equity, and joy. Our collective skillset supports all aspects of technology planning, project execution and application development excellence.We are looking for Software Engineer (SE) candidates who are aligned with our culture and values, and with academic and/or work experience in software development projects that include both backend and frontend development using Java and Javascript-based technologies for multi-tiered, RDBMS-based web applications.The Software Engineer plays a key role in meeting our mission. The SE analyzes specifications, designs logic, writes code, customizes products, unit tests, debugs, and documents software applications. The SE participates in agile team events and works within the agile team framework.The SE will work closely with their manager to ensure growth over time, including the selection of project work among hundreds of applications that will expand their skillset to meet personal and organizational goals, to provide fulfilling work, and to advance their careers.
Role Responsibilities

Works within project teams as a contributor to design, prototype, implement and unit test software solutions in support of the project objectives.
Works as a senior developer on small-to-medium size software development projects, which may include accountability for the work of a small number of other junior and/or contract Software Engineers, as well as responsibility for dictating and managing coding standards, coding best practices, source code control approaches, versioning, etc.
Translates logical designs of user/system interfaces into physical designs, considering the target environment, performance requirements and existing systems.
Helps produce detailed design specifications where applicable, and documents all work using required standards, methods, and tools, including prototyping tools, where appropriate.
Conducts reviews of supplied specifications as appropriate.
Defines the integration build and produces a build definition for generation of the software.
Work in a matrix, team environment with Pfizer colleagues as well as vendor partners.
Dedicated to meeting the expectations and requirements of internal and external customers.

Qualifications
Education:

Undergraduate degree in Software Engineering, Information Management, Computer Science, Mathematics, or other scientific or engineering discipline.

Prior Experience:

Minimum of 3 years of experience as a software developer/engineer.

Required Capabilities and Experience:

Facilitation, negotiating and presentation skills.
Experience working in ambiguous situations.
Demonstrated experience and skills in analysis and problem solving.
Demonstrated ability to developing multi-tiered solutions using multiple programming languages and web technologies including Java, TypeScript (Angular), HTML, CSS, SQL, etc.
Demonstrated experience using standard requirements business analysis techniques, including brainstorming, interviewing, requirements sessions, activity diagrams and use cases desired.
Demonstrated experience and/or competencies either informally or formally contributing on various-size teams of technologists, IT professionals or project managers using Agile, Scrum, DevOps, and other approaches for iterative development.
Demonstrated ability to collaborate and work effectively in team settings, frequently in virtual teams with client partner and customer engagement responsibilities.
Demonstrated ability to understand data and integration architectures to manage, transform, and exploit data across the enterprise.
Demonstrated capability to understand security requirements, and using the frameworks and tools the organization has put in place to meet those requirements.
Excellent oral and written communication skills.

Required Aptitude:

Quick to establish trust and respect
Action oriented and energetic
Resourceful and creative
Persistent and determined
Mature and cool under pressure
Easily makes connections
Reads situations quickly
Commitment and follow through

Pfizer is an equal opportunity employer and complies with all applicable equal employment opportunity legislation in each jurisdiction in which it operates.
To apply please visit our website www.pfizercareers.com and search job Senior Associate, Software Engineer with id 4919474.",Mid-level,Full-time,"Thessaloniki, Greece",EL,2024-09-06,kariera.gr,168300,,"['http://data.europa.eu/esco/skill/0a9acb6b-1139-4be9-b431-3a80a959f2f4', 'http://data.europa.eu/esco/skill/0af062de-eb43-41e9-9b96-249e2cd22d26', 'http://data.europa.eu/esco/skill/0ee94c0a-3716-494a-95a2-dcbab9e58be2', 'http://data.europa.eu/esco/skill/113b4428-0a31-4199-8496-070af7854b91', 'http://data.europa.eu/esco/skill/19a8293b-8e95-4de3-983f-77484079c389', 'http://data.europa.eu/esco/skill/1b957e3d-0017-42b0-9bfe-49a1cdd31de7', 'http://data.europa.eu/esco/skill/1fcce318-3212-487a-ac07-4941bc85060d', 'http://data.europa.eu/esco/skill/234aeb8d-56c3-4531-9193-1c5e6a8d16cb', 'http://data.europa.eu/esco/skill/2522a6ce-3202-4ac8-9f5b-b9cb5a3a83a1', 'http://data.europa.eu/esco/skill/33d49d4f-31ec-473f-9b8a-b555aa5116bb', 'http://data.europa.eu/esco/skill/385479b7-5da5-4367-9763-0d15b41bb65b', 'http://data.europa.eu/esco/skill/4339176e-3acd-4f7f-a5d9-445bee3d23f2', 'http://data.europa.eu/esco/skill/598de5b0-5b58-4ea7-8058-a4bc4d18c742', 'http://data.europa.eu/esco/skill/5b26f08b-88bc-45f0-b901-530d7786466b', 'http://data.europa.eu/esco/skill/5dd96c59-5955-474b-8cf5-e986a5b50f1a', 'http://data.europa.eu/esco/skill/7954861c-86d4-4529-afbb-2c23dab9ac74', 'http://data.europa.eu/esco/skill/867137fb-ff1b-4ca3-99f3-cb6969aa2c68', 'http://data.europa.eu/esco/skill/a8797f21-1af0-4c5e-98ca-bf1442929363', 'http://data.europa.eu/esco/skill/d433c82e-fa7a-492e-a8fd-eee7b39e4c48', 'http://data.europa.eu/esco/skill/e76dd90d-91c4-49c0-bfd0-dfa2c4c90c81', 'http://data.europa.eu/esco/skill/ed1d8bd4-cd2a-4c64-b665-56d70651026c', 'http://data.europa.eu/esco/skill/f0de4973-0a70-4644-8fd4-3a97080476f4', 'http://data.europa.eu/esco/skill/f37d9f67-2e79-4958-8307-1ce9d6dcc8bd', 'http://data.europa.eu/esco/skill/f5308e60-d763-4ead-be95-88c96fb3e02b', 'http://data.europa.eu/esco/skill/f9b52e2d-56a7-48ca-b04d-2fc6436fcd4f', 'http://data.europa.eu/esco/skill/fd33c66c-70c4-40e6-b87c-5495bd3bf26e']","['http://data.europa.eu/esco/occupation/196a4c75-9591-436f-9677-67252df34c22', 'http://data.europa.eu/esco/occupation/72628f3a-fd49-499a-9741-870b0a1fcef2', 'http://data.europa.eu/esco/occupation/7843a4c6-a9f6-4095-94b9-45b384d4bd57', 'http://data.europa.eu/esco/occupation/836f0a96-7546-4003-9fc8-714fc79199d4', 'http://data.europa.eu/esco/occupation/8b6388a4-4904-471b-9331-d3b1211f5525', 'http://data.europa.eu/esco/occupation/cc867bee-ab5c-427f-9244-f7a204d9574b', 'http://data.europa.eu/esco/occupation/d515e82a-ca9f-4be4-9823-33694dff7304', 'http://data.europa.eu/esco/isco/C1330', 'http://data.europa.eu/esco/isco/C2519']"
626,SAP ABAP Developer (Mid-Senior),"Company DescriptionWe are Netcompany-Intrasoft, a member of Netcompany Group A/S, and a leading European IT Solutions and Services company with strong international presence and expertise, dedicated to responsible digitalisation. We offer innovative and added-value solutions of the highest quality to a wide range of public and private organizations, while being a key-player in the EU Institutions for the past 30 years. We hold an outstanding record of 500+ organizations in 70+ countries, that have chosen our solutions and services, to fulfil their business needs. Our team of 3500+ professionals is our driving force and our most valuable asset.Job DescriptionOur SAP department emerges as a premiere SAP partner & integrator in the EMEA market, encompassing the entire spectrum of SAP offerings (hardware procurement, SAP licenses, and customized services). Netcompany-Intrasoft's SAP team works on innovative projects, utilizing the latest, cutting-edge SAP technologies (SAP BTP, S/4HANA) and industry-specific solutions (ISU and IS-OIL), across a wide range of sectors (Consumer goods, Education, Utilities, Telcos, Banking etc.)As a SAP Abap Developer you will:Develop reports and forms, custom functionalities, interfaces with external systems in the framework of SAP projects for new and existing customersEngage in SAP development services installed base, ad-hoc and/or in the framework of Service Level AgreementsParticipate in pre-sales activities, in order to analyze SAP prospects' development needs, establish project objectives, scope, and sizing.Mentor and coach junior profilesQualificationsWhat would make you a fit for the role:Bachelor's Degree in Computer Science or any related disciplineProven experience in SAP ABAP design and development (at least 3 years)Experience working with user exits, WebDynpro, ALE, IDOC, OO/ALV, BAPI, SAP FIORI.Experience designing and developing systems including writing and modifying programs, unit testing, and systems analysis.Proficiency in writing and understanding of functional and technical specifications.Excellent command of the English language (written and verbal).It would also be a plus if you match some of the following:Experience working with SAP Workflow, SAP PI/PO, and SAPUI5.Experience working with SAP CPI.Additional InformationBeing a part of the Netcompany-Ιntrasoft team, you will be provided with: The opportunity to work in a modern environment & in a hybrid working modelA seamless onboarding experience and a buddy to support you on your first stepsA competitive compensation & benefits packageHealth and life insurance programMeal and commuting allowanceWell-being activities (on premises)Continuous learning opportunities using the most modern methods (unlimited access to Udemy for Business, ad-hoc trainings)A personalized development plan for targeted career growthIf you are looking forward to be part of a diverse environment, and have the opportunity to work alongside well-experienced professionals, on challenging, large-scale projects that directly impact millions of citizens around the globe, then this is the place to be!By joining Netcompany-Intrasoft Athens, you will be part of a vivid team of 2000+ tech enthusiasts. When at the office you will have the chance to work at our brand-new, state-of-the-art, sustainable offices, located in 3 different spots in Athens!Our cultureOur people are the most important element of our success. Our work life is well defined by our set of fundamental Values: https://netcompany.com/careers/greece/our-values/ #BePartOfSomethingGreat!Please submit your CV in English. All applications will be treated as strictly confidential.We ensure equal opportunities, treatment, and consideration to all candidates. Discrimination based on sex, racial or ethnic origin, religion or belief, disability, age, sexual orientation or marital status, physical or mental disability, or any other factor protected by applicable laws and regulations is prohibited. As part of the Netcompany-Intrasoft culture, we respect human rights and focus on creating a positive workplace, where all employees are valued, and where diversity and inclusion are a vital part of our our everyday working experience.",,Full-time,"Athens, Greece",EL,2024-09-06,kariera.gr,168226,,"['http://data.europa.eu/esco/skill/0dd4d328-f015-463d-9a7e-06b7041f0b26', 'http://data.europa.eu/esco/skill/21fecc8a-392e-49ce-ac26-fb0696ccfead', 'http://data.europa.eu/esco/skill/23ac233d-84ad-4517-b0f5-8ca19ba2614e', 'http://data.europa.eu/esco/skill/7bb5d9af-0a7e-48a7-a860-0e1ded0f6e75', 'http://data.europa.eu/esco/skill/8f6ed69b-29d0-4c01-81ba-f05920a185f3', 'http://data.europa.eu/esco/skill/baf501a8-f0fe-4ad7-9b69-8e920fa1a87b', 'http://data.europa.eu/esco/skill/e76dd90d-91c4-49c0-bfd0-dfa2c4c90c81']","['http://data.europa.eu/esco/occupation/719f101d-1866-49d3-8d5c-2256f606a8b9', 'http://data.europa.eu/esco/occupation/ab7bccb2-6f81-4a3d-a0c0-fca5d47d2775', 'http://data.europa.eu/esco/isco/C2433']"
716,Junior Java Developer / DevOps Engineer (Remote/Thessaloniki),"Description
Are you a Junior Java Developer or DevOps Engineer looking for a dynamic role in a growing development team? Join us in Thessaloniki or work fully remotely, and become part of our innovative team implementing cutting-edge IT software projects for major international public organizations.
Main Responsibilities and Tasks:

Participate in the design and development of large scale web-based and mobile applications using state-of-the-art techniques and technologies;
Maintain and develop DevOps tools and services such as CI/CD pipelines and automated processes;
Participate and contribute in the process of defining the software architecture;
Work in a multi-national environment.

Requirements

Bachelor’s degree in Electrical Engineering, Computer Science, or Software Engineering.
Enthusiasm for programming and knowledge of Java;
Strong analytical capabilities, team- and quality-oriented, keen to learn and excel;
Fluency in verbal and written English.

Additional qualification

Experience in any of the following technologies will be highly appreciated: Java, Javascript, Frontend JS frameworks (e.g. Angular), Databases and SQL, REST, Linux, microservices, SpringBoot or Quarkus, Jenkins, Docker.

Benefits
We offer a competitive remuneration based on qualifications and experience, including:

Competitive full-time salary;
Private Health Coverage on the Company’s group program;
Flexible working hours, top - of - the Line tools, language courses, specialized trainings;
A great opportunity to grow and work with innovative and exciting specialists in the industry;
Being part of an environment that offers challenging goals, autonomy and mentoring, which creates development opportunities, both for you and the company.

If you are seeking a career in an exciting, dynamic and multicultural international environment with exciting opportunities that will boost your career, please send us your detailed CV in English, quoting reference: (JJD_D/09/24).
You may also consider all our other open vacancies by visiting the career section of our website (www.eurodyn.com) and follow us on Twitter (@EURODYN_Careers) and LinkedIn.
EUROPEAN DYNAMICS (ED) (www.eurodyn.com) is a leading European Software, Information and Communication Technologies company, operating internationally (Athens, Brussels, Luxembourg, Copenhagen, Berlin, Stockholm, London, Nicosia, Valetta, Vienna, Den Haag, Hong Kong, etc.) The company employs over 1000 engineers, IT experts and consultants (around 3% PhD, 36% MSc and 53% BSc). We design and develop software applications using integrated, state-of-the-art technology. Our current IT projects have a value exceeding 300 million EURO. EUROPEAN DYNAMICS is a renowned supplier of IT services to European Union Institutions, international organizations, European Agencies and national government Administrations in 40 countries and 4 continents.
As part of our dedication to the diversity of our workforce, we are committed to Equal Employment Opportunity without regard for race, colour, national origin, ethnicity, gender, disability, sexual orientation, gender identity, or religion.
EUROPEAN DYNAMICS (ED) adheres to the General Data Protection Regulation principles by applying its Privacy Policy as published in www.eurodyn.com/privacy. By submitting an application to this position and by sharing your personal data with ED, you acknowledge and accept its Policy and authorise ED to process your personal data for the purposes of the company's recruitment opportunities, in line to the Policy.",Entry / Junior,Full-time,"Thessaloniki, Greece",EL,2024-09-06,kariera.gr,168131,,"['http://data.europa.eu/esco/skill/19a8293b-8e95-4de3-983f-77484079c389', 'http://data.europa.eu/esco/skill/21d2f96d-35f7-4e3f-9745-c533d2dd6e97', 'http://data.europa.eu/esco/skill/2b1ce548-4e16-45fb-bfb2-f3141c8efe8d', 'http://data.europa.eu/esco/skill/3993c87c-7719-4186-811b-8ddfb40e76be', 'http://data.europa.eu/esco/skill/43ae58b9-5e56-4524-b45a-b422777a0576', 'http://data.europa.eu/esco/skill/598de5b0-5b58-4ea7-8058-a4bc4d18c742', 'http://data.europa.eu/esco/skill/5b26f08b-88bc-45f0-b901-530d7786466b', 'http://data.europa.eu/esco/skill/96eb286a-58b7-45ff-a916-5578d0b79b8c', 'http://data.europa.eu/esco/skill/a8797f21-1af0-4c5e-98ca-bf1442929363', 'http://data.europa.eu/esco/skill/d3e9b00a-0891-4fa8-836d-8240ec3d2758', 'http://data.europa.eu/esco/skill/e24377fb-020b-4430-8bed-86dd539bbf3a', 'http://data.europa.eu/esco/skill/f0de4973-0a70-4644-8fd4-3a97080476f4', 'http://data.europa.eu/esco/skill/f47a1998-0beb-43be-9f46-380aa4d183da', 'http://data.europa.eu/esco/skill/f7e2eb04-3e50-4561-bce1-7e51a1fec308', 'http://data.europa.eu/esco/skill/fcc0a1c8-d36e-4f8e-b928-00d5bca10a47']","['http://data.europa.eu/esco/occupation/3d190639-90f8-4402-b1b3-a104a17e0d67', 'http://data.europa.eu/esco/occupation/57af9090-55b4-4911-b2d0-86db01c00b02', 'http://data.europa.eu/esco/occupation/86ca306c-ab99-420a-9e2a-aa73c5c4de22', 'http://data.europa.eu/esco/occupation/cc867bee-ab5c-427f-9244-f7a204d9574b', 'http://data.europa.eu/esco/occupation/d0aa0792-4345-474b-9365-686cf4869d2e', 'http://data.europa.eu/esco/occupation/d1b1dfdf-7d60-430a-b569-7dd71b2ebeaa']"
721,Junior Java Web Developer / Tester (Remote/Thessaloniki),"Description 
Are you a Junior Java Web Developer / Tester fluent in English, ready to contribute to international web development projects in the eGovernment sector? Join our team remotely or at our offices in Thessaloniki and become part of our dynamic environment where you'll collaborate closely with clients and internal teams.
Main responsibilities and Tasks:

Preparation of software development documentation (Test Cases, Test Reports, User Manuals, etc.);
Participation in the development of automated testing solutions;
Participation in the development of web and mobile software, using state-of-the-art technologies;
Participation in testing, training, and help-desk/user support activities, for web applications;
Project management support, coordination, and reporting.

Requirements

University Degree in Computer Science, Information Technology, or Electrical Engineering;
Excellent command of English, both written and spoken;
Experience in Java programming language, web development, and databases;
Familiarization with the software development cycle for web applications (requirements, design, development, testing, etc.);
Good understanding of OO programming principles, XML, SQL, HTML, CSS technologies and capacity in automated testing tools (Selenium and/or SoapUI etc.) will be an asset.

Benefits
As a Junior Java Web Developer / Tester you will have the opportunity to work on large international projects with a methodological approach. As part of a friendly team you will work closely with a highly professional team of full-stack software developers/engineers. As part of an international company you will contribute to challenging IT software projects for major international public organizations and institutions. As part of a dynamic company you will get the chance to develop your skills and your career.
We offer competitive remuneration (either on a contract basis or remuneration with full benefits package) based on qualifications and experience, including:

Competitive full-time salary;
Private Health Coverage on the Company’s group program;
Flexible working hours, top - of - the Line tools, language courses, specialized trainings;
A great opportunity to grow and work with innovative and exciting specialists in the industry;
Being part of an environment that offers challenging goals, autonomy and mentoring, which creates development opportunities, both for you and the company.

If you are seeking a career in an exciting, dynamic and multicultural international environment with exciting opportunities that will boost your career, please send us your detailed CV in English, quoting reference: (JJWD_T/09/24).
You may also consider all our other open vacancies by visiting the career section of our website (www.eurodyn.com) and follow us on Twitter (@EURODYN_Careers) and LinkedIn.
EUROPEAN DYNAMICS (ED) (www.eurodyn.com) is a leading European Software, Information and Communication Technologies company, operating internationally (Athens, Brussels, Luxembourg, Copenhagen, Berlin, Stockholm, London, Nicosia, Valetta, Vienna, Den Haag, Hong Kong, etc.) The company employs over 1000 engineers, IT experts and consultants (around 3% PhD, 36% MSc and 53% BSc). We design and develop software applications using integrated, state-of-the-art technology. Our current IT projects have a value exceeding 300 million EURO. EUROPEAN DYNAMICS is a renowned supplier of IT services to European Union Institutions, international organizations, European Agencies and national government Administrations in 40 countries and 4 continents.
As part of our dedication to the diversity of our workforce, we are committed to Equal Employment Opportunity without regard for race, colour, national origin, ethnicity, gender, disability, sexual orientation, gender identity, or religion.
EUROPEAN DYNAMICS (ED) adheres to the General Data Protection Regulation principles by applying its Privacy Policy as published in www.eurodyn.com/privacy. By submitting an application to this position and by sharing your personal data with ED, you acknowledge and accept its Policy and authorise ED to process your personal data for the purposes of the company's recruitment opportunities, in line to the Policy.",Entry / Junior,Full-time,"Thessaloniki, Greece",EL,2024-09-06,kariera.gr,168122,,"['http://data.europa.eu/esco/skill/0af062de-eb43-41e9-9b96-249e2cd22d26', 'http://data.europa.eu/esco/skill/19a8293b-8e95-4de3-983f-77484079c389', 'http://data.europa.eu/esco/skill/2b1ce548-4e16-45fb-bfb2-f3141c8efe8d', 'http://data.europa.eu/esco/skill/3d957fb2-b8f4-4b4c-b955-23299c761ad5', 'http://data.europa.eu/esco/skill/3e40c7d0-0e36-4b33-bc33-0aa87eda0561', 'http://data.europa.eu/esco/skill/43ae58b9-5e56-4524-b45a-b422777a0576', 'http://data.europa.eu/esco/skill/598de5b0-5b58-4ea7-8058-a4bc4d18c742', 'http://data.europa.eu/esco/skill/5c66ce3a-658d-43b1-9d8d-0f39be6c0f2e', 'http://data.europa.eu/esco/skill/7111b95d-0ce3-441a-9d92-4c75d05c4388', 'http://data.europa.eu/esco/skill/7557f0f4-b8bc-4ac0-b91e-222ab1ba744f', 'http://data.europa.eu/esco/skill/78a74fd1-efc6-49dc-adb1-1b0fbe35c22c', 'http://data.europa.eu/esco/skill/96eb286a-58b7-45ff-a916-5578d0b79b8c', 'http://data.europa.eu/esco/skill/a8797f21-1af0-4c5e-98ca-bf1442929363', 'http://data.europa.eu/esco/skill/b8c01891-e3df-4a4b-948d-95b45e1788f5', 'http://data.europa.eu/esco/skill/cbd9cd0f-6c22-4bbc-8af2-dc9c7f5efcb5', 'http://data.europa.eu/esco/skill/d3e9b00a-0891-4fa8-836d-8240ec3d2758', 'http://data.europa.eu/esco/skill/e24377fb-020b-4430-8bed-86dd539bbf3a', 'http://data.europa.eu/esco/skill/e5d1f825-60ed-4bdd-872a-e748c387f777']","['http://data.europa.eu/esco/occupation/1242d99a-47f1-4a62-b884-33746db8a6ca', 'http://data.europa.eu/esco/occupation/2ed56c3f-61d6-4f7e-9ef8-8849eb102e4c', 'http://data.europa.eu/esco/occupation/3d190639-90f8-4402-b1b3-a104a17e0d67', 'http://data.europa.eu/esco/occupation/86ca306c-ab99-420a-9e2a-aa73c5c4de22', 'http://data.europa.eu/esco/occupation/bea99fea-0383-4c63-b944-70d4799de2c5', 'http://data.europa.eu/esco/occupation/c40a2919-48a9-40ea-b506-1f34f693496d']"
723,Full Stack .NET Developer,"Job Title: Full Stack .NET Developer
Company: ComPro SA
Location: 10557 Athens, Attica Greece
Position: Full Stack .NET Developer (Junior/Mid/Senior)
Type: Full-Time, On-Site
 
About Us: ComPro SA is a pioneering force in delivering end-to-end automated software solutions tailored for the financial industry and listed companies. With a rich history dating back to 2000, we are dedicated to crafting, offering, and sustaining innovative solutions that align with the ever-evolving technological and regulatory demands of our valued clients. Our commitment extends to nurturing our specialized staff, enabling them to adeptly address real-time client needs, and forging enduring relationships grounded in trust.
Role and Responsibilities:

Υou will play a key role within our cross-functional team
Responsible of both Back-End and Front-End Web Development applications using techniques and languages like C#, .NET Framework, HTML, CSS, JavaScript, jQuery, SQL Server, UI/UX among other solutions for our digital platforms.
Developing, implementing, and maintaining robust Desktop Applications in the fintech area.
Analysis of project requirements and culminating in the design and implementation of website architecture and of Desktop Applications and SQL Server Objects.
Your crucial duties comprise not only the development and implementation of technical solutions but also close collaboration with diverse teams to ensure the successful completion of projects within established timelines and budgetary constraints
Your assistance will be vital in the development, enhancement, maintenance, and design of a wide array of websites and online applications, catering to a variety of clients.

Main Tasks:

Collaborate with cross-functional teams to define project requirements, scope, and deliverables.
Develop and maintain resilient code and SQL Server objects and scripts using technologies and languages like C#, .NET Framework, SQL Server, WinForms, among other, mainly for our desktop applications.
Design, write, validate and modify scripts and code.
Develop and execute effective testing plans.
Ensure data security and implement measures to protect sensitive information.
Ensure data integrity and quality through meticulous review of data and reports.
Create and maintain documentation for the allocated web applications, programs and other systems.
Utilize Version Control systems to manage codebase and track changes.
Communicate effectively with technical and non-technical team members to provide updates and gather insights.
Stay updated with industry trends and best practices to continuously enhance our solutions.

 
Key Qualifications:

Bachelor's or Master's degree in Computer Science or a related field.
Good Knowledge and proven experience in Front-End Development (HTML5, CSS, JavaScript etc.)
Expertise in Back-End Web Development with proven experience in technologies like C#, .NET Frameworks (ASP.NET, .NET Core etc.), Web API, SQL Server etc.
Expertise in Software Development, with proven experience in technologies like C#, .NET Frameworks (WinForms, .NET Framework, .NET Standard etc), SQL Server and others, for crafting high-performance applications.
Strong experience in building and managing databases to support seamless data flow and storage.
In-depth knowledge of security protocols and data protection measures ensuring the integrity and confidentiality of sensitive information.
Familiarity with Version Control systems, enabling efficient management of the codebase.
Excellent team player with effective communication skills, capable of interacting with both technical and non-technical team members.
Exceptional problem-solving and debugging skills to address complex challenges and find optimal solutions.

 
Preferred Qualifications:

2+ years of experience in C#, .Net Frameworks, SQL Server
Experience in developing using ASP.NET Core, ASP.NET MVC applications
Experience using latest .NET frameworks
Experience with DevExpress Controls
Detail- oriented and excellent concentration ability
Experience in the financial technology (fintech) sector is a plus.
Experience in Mobile Development",Mid-level,Full-time,"Athens, Greece",EL,2024-09-06,kariera.gr,168103,,"['http://data.europa.eu/esco/skill/097c6a36-f031-4d3e-b5c1-62d6ffcb430b', 'http://data.europa.eu/esco/skill/0af062de-eb43-41e9-9b96-249e2cd22d26', 'http://data.europa.eu/esco/skill/21fecc8a-392e-49ce-ac26-fb0696ccfead', 'http://data.europa.eu/esco/skill/29fb0fb5-dfc4-4098-ac9b-3a712000f48f', 'http://data.europa.eu/esco/skill/3782a625-52c2-46c7-b585-35ba4ddc4a1d', 'http://data.europa.eu/esco/skill/56a7f561-1d55-43c9-9cd7-36a0a9bc6c50', 'http://data.europa.eu/esco/skill/5d74614d-32c8-4ca4-9818-6980e52424b1', 'http://data.europa.eu/esco/skill/5ef0c719-5bcb-49f8-b8eb-824388225333', 'http://data.europa.eu/esco/skill/652da95d-b336-497a-bce5-1c29a674eecb', 'http://data.europa.eu/esco/skill/713fb616-118e-40bc-9366-4a69879a49d5', 'http://data.europa.eu/esco/skill/ac802765-4098-4466-ac1e-4791f192c667', 'http://data.europa.eu/esco/skill/adcca622-b933-4ba3-bc43-bf371879edc3', 'http://data.europa.eu/esco/skill/c062bab3-3ea0-4291-9220-a2d8fef4bead', 'http://data.europa.eu/esco/skill/c4b1f326-224a-420a-b8b3-814a8f13b6cb', 'http://data.europa.eu/esco/skill/c5bc42be-4970-4dce-80e2-af78bae42e84', 'http://data.europa.eu/esco/skill/cc7370dd-69fa-4c67-a96f-d4d135d38700', 'http://data.europa.eu/esco/skill/fc67df93-0a32-4a87-95d9-cb210531929e']","['http://data.europa.eu/esco/occupation/1619d7f3-7d95-407c-a20e-47745bfcde73', 'http://data.europa.eu/esco/occupation/24135b84-cbdd-4d42-9ed2-02fd982d15b2', 'http://data.europa.eu/esco/occupation/2ed56c3f-61d6-4f7e-9ef8-8849eb102e4c', 'http://data.europa.eu/esco/occupation/7086d0ca-1e77-4690-89c9-7ed1a0478fa3', 'http://data.europa.eu/esco/occupation/866c7813-2c03-47d7-9bdc-192cfbace57c', 'http://data.europa.eu/esco/occupation/8cb59bc4-1f39-477e-beea-effed12d186c', 'http://data.europa.eu/esco/occupation/8d586ee9-0ab1-4155-a3b0-2ca786c8e48c', 'http://data.europa.eu/esco/occupation/c40a2919-48a9-40ea-b506-1f34f693496d', 'http://data.europa.eu/esco/occupation/f2b15a0e-e65a-438a-affb-29b9d50b77d1', 'http://data.europa.eu/esco/isco/C241', 'http://data.europa.eu/esco/isco/C2433']"
743,Software Engineer (Oracle),"ICAP Executive Search & Selection is one of the premium consultancies and part of ICAP People & Employment Solutions, the largest HR Services Provider in Greece and Cyprus. With more than 50 years of experience, we specialize in assessing and recruiting Senior to Middle Level Executives across all sectors.ICAP Executive Search, on behalf of its client, a multinational industrial group of companies with offices in the city of Thessaloniki, is seeking an experienced professional for the position of: 
Software Engineer (Oracle) – Ref. 5692/SEO/ESS/GR
Position Overview:We are looking for a skilled Software Engineer to design and develop software applications that meet our clients needs. In this role, you will be responsible for creating high-quality software, ensuring the functionality of key systems, and supporting users with technical issues. Your work will have a direct impact on the smooth operation of their manufacturing and supply chain processes.Key Responsibilities:

Design and develop software applications using HTML, CSS, JavaScript, and relational databases such as Oracle and SQL Server to support company operations across all subsidiaries.
Conduct testing and debugging to ensure the proper functioning of applications, particularly those built with PL/SQL.
Write technical documentation for software deliverables.
Provide technical support and maintenance for existing systems, including ERP, CRM, and WMS platforms.
Train users on new applications or system upgrades.
Research and present new software development technologies that could benefit the company’s systems.
Gather and evaluate user requirements to recommend software optimizations.
Collaborate with teams to translate user needs into technical specifications.
Provide ongoing user support for daily technical issues.
Train staff on software tools and systems.
Present and implement emerging technologies that can enhance our information systems.

Qualifications:

Bachelor’s degree in Computer Science or a related field.
At least 3 years of experience in a relevant role (Back-end Developer, SQL Developer, etc.).
Experience in software development using mobile and web technologies (HTML, CSS, JavaScript).
Strong knowledge of relational databases.
Experience with Oracle and SQL Server database development.
Proficiency in PL/SQL is required.
Familiarity with SAP ERP, WMS, MRP, and CRM systems is a plus.
Fluency in English.
Strong communication skills.
Team-oriented mindset and ability to collaborate effectively.
Initiative and problem-solving capabilities.
Analytical thinking.",Entry / Junior,Full-time,"Thessaloniki, Greece",EL,2024-09-05,kariera.gr,168093,,"['http://data.europa.eu/esco/skill/001115fb-569f-4ee6-8381-c6807ef2527f', 'http://data.europa.eu/esco/skill/2522a6ce-3202-4ac8-9f5b-b9cb5a3a83a1', 'http://data.europa.eu/esco/skill/2624158e-4a53-4667-8921-96ee7aaea7b3', 'http://data.europa.eu/esco/skill/2636b3d3-843e-46a9-8b4c-a9d6ca3f5a2d', 'http://data.europa.eu/esco/skill/4707da90-9cfc-46ca-8de0-38a0b7bfb137', 'http://data.europa.eu/esco/skill/4f5ccaad-0e4f-4e9f-8246-47765564387d', 'http://data.europa.eu/esco/skill/7369f779-4b71-4aab-8836-48b69c676eec', 'http://data.europa.eu/esco/skill/7a1dcd86-8c78-40a8-b446-269438f24d72', 'http://data.europa.eu/esco/skill/adc6dc11-3376-467b-96c5-9b0a21edc869', 'http://data.europa.eu/esco/skill/b7e57889-a84f-440c-9e60-459aa69979e9', 'http://data.europa.eu/esco/skill/c062bab3-3ea0-4291-9220-a2d8fef4bead', 'http://data.europa.eu/esco/skill/f28617ad-afdd-4041-814c-216153a38998', 'http://data.europa.eu/esco/skill/f8e3425c-fe44-4ffb-bafe-0e20d91dadf4']","['http://data.europa.eu/esco/occupation/10469d70-78a3-4650-9e29-d04de13c62c1', 'http://data.europa.eu/esco/occupation/2ed56c3f-61d6-4f7e-9ef8-8849eb102e4c', 'http://data.europa.eu/esco/occupation/8cb59bc4-1f39-477e-beea-effed12d186c', 'http://data.europa.eu/esco/occupation/aacc3918-b5d3-484b-9480-5d29aa550d74', 'http://data.europa.eu/esco/occupation/b11e1742-5e28-4270-b081-b0193d85ee7d']"
907,Prestige Accounts Developer- Rodos,"The Prestige Accounts Developer role is at the heart of Coca-Cola Tria Epsilon and is a position where you directly see the impact of your work every day. As a Prestige Accounts Developer, you will be responsible for managing a broad portfolio of some of the most iconic global and local soft drink, juice and beverage brands. You will meet our customers every day, and you will be the face of Coca-Cola Tria Epsilon in the market. As a member of our team, you will have constant support to achieve high performance and develop daily in a fast-paced and dynamic environment.
Supplies & Experience

I have similar previous experience in a similar external sales position in the same or similar industry
Driving License
Desirable degree from HEI/TEI/IEK
Excellent knowledge of the Greek language
I am result oriented and able to build trusting relationships
I am characterized by customer-centricity & I focus on the customer's needs
I can plan and schedule my work effectively, setting priorities and proposing solutions
I work collaboratively and responsibly
I am interested in my personal & professional development

Responsibilities as a Business Developer

Your daily mission: drive sales and market activation with a broad portfolio of iconic global and local brands
You will achieve goals by applying leading sales and market enablement tools
You will build relationships of trust by finding the best solutions for our customers to achieve the highest level of customer satisfaction
You will collaborate and share best practices with your team to support each other in developing your skills
You will gather information about market and customer developments to adapt to them to evolve and win with our customers every day
You will have a planned itinerary for visiting clients so that you can focus on the essence of your work
You will be responsible for store activation activities focusing on merchandising standards with the aim of expanding customer transactions
You will work closely with team members as well as with members of other departments, promoting team spirit

Allowances

Company car & travel expenses
Mobile & iPad
Daily support
Product disposition
Bonus based on achievement of goals


At Coca-Cola HBC, diversity thrives and we strive to eliminate all forms of stereotyping. This means we provide equal opportunities for everyone, regardless of race, color, religion, age, special needs, sexual orientation or gender identity. Come and join our team, so that we can continue to create an environment of inclusion, where everyone belongs and contributes collectively to success.",Mid-level,Full-time,"Rhodes, Greece",EL,2024-09-05,kariera.gr,167900,,"['http://data.europa.eu/esco/skill/08e2ff26-88ff-47b5-9d37-d19ace01b075', 'http://data.europa.eu/esco/skill/2b2d7c6a-229a-40ba-80f3-b5b5766161a0', 'http://data.europa.eu/esco/skill/68698869-c13c-4563-adc7-118b7644f45d', 'http://data.europa.eu/esco/skill/a15dab55-f1da-4f85-ae3e-2b5c5b5333ca', 'http://data.europa.eu/esco/skill/c09bf6d4-f8a7-40f3-aead-ef01643f2352', 'http://data.europa.eu/esco/skill/cb668e89-6ef5-4ff3-ab4a-506010e7e70b', 'http://data.europa.eu/esco/skill/e24377fb-020b-4430-8bed-86dd539bbf3a', 'http://data.europa.eu/esco/skill/ea4ebfa1-e17a-4416-ac54-955f33e6ade7']","['http://data.europa.eu/esco/occupation/9a26d76b-b9e3-46ae-ab4b-057a1262138b', 'http://data.europa.eu/esco/occupation/b76178c0-a03a-4793-b079-1e61e636c521']"
1072,Backend Developer,"You will be a part of our young and growing GWF Labs team in Thessaloniki, whose mission is to create real-time decision systems and intelligent solutions by harnessing IoT and telemetry data. The newly formed team offers a vibrant start-up environment with passionate bright colleagues and a clear goal to transform IoT data into modern applications. We commit to a pleasant, fun and achievement-oriented environment with plenty of room for growth.
 
Our role 
As a Backend Developer, you will develop robust server-side solutions to support our frontend and mobile applications and handle the influx of data from IoT devices. You will dive deep into GWF’s proprietary technology, ensuring data integrity, scalability, and high performance. Working closely with the local team, you'll get expert insights from our product tech leads. Your primary responsibilities include designing, developing, and maintaining the backend components of our applications, ensuring seamless communication between frontend and backend services. Engage in agile processes using Microsoft's ecosystem (MS Teams, Azure DevOps) which includes sprint planning, ticket grooming, and daily stand-ups. Stay updated with current technology trends and proactively contribute to the platform's enhancement and lifecycle, from brainstorming ideas to deploying them on cloud platforms.
 
Qualifications and experience 
3+ years of professional experience in building robust backend systems.
Proficiency in Python.
Experience in python web frameworks (preferably Django and/or FastAPI) and relational databases (preferably PostgreSQL).
Experience in designing and implementing RESTful APIs.
Solid understanding of scalability, security, and other backend concerns.
Proficient with Git.
Fluent communication skills in English (both written and spoken).
 
Nice to have 
Experience with Cloud Services (e.g., Azure, AWS, GCP).
Familiarity with containerization tools like Docker or Kubernetes.
Experience with data science techniques and tools, such as machine learning models, data analysis, and statistical methods.
Knowledge of advanced database design principles, including normalization, indexing strategies, and performance optimization.
German language skills.
BSc/MSc in Computer science or similar rounds up your profile.
 
We offer 
A pleasant, fun and achievement-oriented environment.
Learning and growth opportunities in an international company setup.
Full support for relevant training & lifelong learning initiatives.
Medical Coverage Package.
Modern, bright office with parking space, located close to the airport.
Company Sponsored events.
Relocation package for applicants abroad.
 
Interested?
We look forward to receiving your complete application documents.
Please note that we only consider applications received via our website.",Mid-level,Full-time,"Thermi, Greece",EL,2024-09-04,kariera.gr,167698,,"['http://data.europa.eu/esco/skill/3a2d5b45-56e4-4f5a-a55a-4a4a65afdc43', 'http://data.europa.eu/esco/skill/4812a4ea-dc55-4dc6-b9b0-4a59bba2c647', 'http://data.europa.eu/esco/skill/68ef0e4d-5542-4e64-84f4-752cce5a3c22', 'http://data.europa.eu/esco/skill/713fb616-118e-40bc-9366-4a69879a49d5', 'http://data.europa.eu/esco/skill/7bb5d9af-0a7e-48a7-a860-0e1ded0f6e75', 'http://data.europa.eu/esco/skill/7dfbe0f3-076f-4a19-9eaa-db4d6db704b6', 'http://data.europa.eu/esco/skill/7e796b51-49d7-4e73-95af-2e7323763f15', 'http://data.europa.eu/esco/skill/a8d07b5a-c1a1-42c6-9d53-db9c7a2ca996', 'http://data.europa.eu/esco/skill/b8c01891-e3df-4a4b-948d-95b45e1788f5', 'http://data.europa.eu/esco/skill/f9738fc9-4d67-43e8-bfda-954123e34d42']","['http://data.europa.eu/esco/occupation/258e46f9-0075-4a2e-adae-1ff0477e0f30', 'http://data.europa.eu/esco/occupation/2ed56c3f-61d6-4f7e-9ef8-8849eb102e4c', 'http://data.europa.eu/esco/occupation/7086d0ca-1e77-4690-89c9-7ed1a0478fa3', 'http://data.europa.eu/esco/occupation/866c7813-2c03-47d7-9bdc-192cfbace57c', 'http://data.europa.eu/esco/occupation/ab7bccb2-6f81-4a3d-a0c0-fca5d47d2775', 'http://data.europa.eu/esco/occupation/e9507d34-c70f-474f-a4a3-d2cbfe50f6e9', 'http://data.europa.eu/esco/isco/C2163']"
1076,Business Developer Iraklio,"The role of Business Developer is at the heart of Coca-Cola Tria Epsilon and is a position where you directly see the impact of your work every day. As a Business Developer, you will be responsible for managing a broad portfolio of some of the most iconic global and local soft drink, juice and beverage brands. You will meet our customers every day, and you will be the face of Coca-Cola Tria Epsilon in the market. As a member of our team, you will have constant support to achieve high performance and develop daily in a fast-paced and dynamic environment.
Supplies & Experience
I have similar previous experience in a corresponding position in external sales in the same or a similar industry.Driving diploma.Desirable degree from HEI/TEI/IEK.Excellent knowledge of the Greek language. , setting priorities and proposing solutionsI work cooperatively and responsibly I am interested in my personal & professional development
Responsibilities as a Business Developer
Your daily mission: drive sales and market activation with a broad portfolio of iconic global and local brands You will achieve goals by implementing leading sales and market activation tools You will build trusting relationships by finding the best solutions for our customers to achieve the highest level of customer satisfaction You will collaborate and you will share best practices with your team to support each other in developing your skills You will gather information about market developments and of customers, so that you can adapt to them in order to evolve and win with our customers every day You will have a planned itinerary for visiting customers so that you can focus on the essence of your work I carry out store activation activities focusing on merchandising standards to expand customer transactionsI promote the team spirit through close collaboration with team members as well as with members of other departments, always aiming for my developmentI am open to providing and I get feedback often
Allowances
Company Car & Travel ExpensesMobile & iPadDaily SupportProduct AvailabilityTarget Bonuses
Coca-Cola Tria Epsilon offers equal career opportunities to all. We will handle your application with complete confidentiality, in accordance with the personal data protection legislation. In the event that recommendations are required, they will only be requested once we receive your approval.",Entry / Junior,Full-time,"Heraklion, Greece",EL,2024-09-04,kariera.gr,167699,,"['http://data.europa.eu/esco/skill/08e2ff26-88ff-47b5-9d37-d19ace01b075', 'http://data.europa.eu/esco/skill/a8d24a95-47b3-4f88-92e7-06600bcd3612', 'http://data.europa.eu/esco/skill/b99aa3b8-0066-46b2-a027-30afae444ad8', 'http://data.europa.eu/esco/skill/ea4ebfa1-e17a-4416-ac54-955f33e6ade7', 'http://data.europa.eu/esco/skill/cb668e89-6ef5-4ff3-ab4a-506010e7e70b']","['http://data.europa.eu/esco/occupation/1619d7f3-7d95-407c-a20e-47745bfcde73', 'http://data.europa.eu/esco/occupation/b76178c0-a03a-4793-b079-1e61e636c521', 'http://data.europa.eu/esco/isco/C5165']"
1109,CRM Developer,"Company DescriptionWe are Netcompany-Intrasoft, a member of Netcompany Group A/S, and a leading European IT Solutions and Services company with strong international presence and expertise, dedicated to responsible digitalisation. We offer innovative and added-value solutions of the highest quality to a wide range of public and private organizations, while being a key-player in the EU Institutions for the past 30 years. We hold an outstanding record of 500+ organizations in 70+ countries, that have chosen our solutions and services, to fulfil their business needs. Our team of 3500+ professionals is our driving force and our most valuable asset.Job DescriptionAre you ready to discover the role of a CRM Developer in Netcompany-Intrasoft?Joining us as a CRM Developer, you will have the opportunity to be a part of our highly skilled agile consultants teams working within large-scale transformation projects, that impact the life of millions of EU citizens. You will be involved in the design, customization, integration, and maintenance of enterprise-scale CRM/CX implementations that are intended mainly in private sector organizations. As a CRM Developer you will:Participate in Business Analysis & Design WorkshopsCreate Business and Technical DocumentationApplication Development & ImplementationConfigure and Customize the applicationSupport & Maintenance of existing CRM implementationsConduct Unit and Integration TestQualificationsWhat would make you a fit for the role:Degree in Computer Science or other relevant disciplinesExperience in Siebel Tools or any other CRM platformGood understanding of Siebel Enterprise ArchitectureVery Good Knowledge of SQL & JavascriptGood programming skillsAn analytical mind with problem-solving abilitiesExcellent in interpersonal and teamwork skillsHighly self-motivated and methodical, with attention to detailStrongly customer service orientedExcellent command of the English languageAdditional InformationBeing a part of the Netcompany-Ιntrasoft team, you will be provided with: The opportunity to work in a modern environment & in a hybrid working modelA seamless onboarding experience and a buddy to support you on your first stepsA competitive compensation & benefits packageHealth and life insurance programMeal and commuting allowanceWell-being activities (on premises)Continuous learning opportunities using the most modern methods (unlimited access to Udemy for Business, ad-hoc trainings)A personalized development plan for targeted career growth If you are looking forward to be part of a diverse environment, and have the opportunity to work alongside well-experienced professionals, on challenging, large-scale projects that directly impact millions of citizens around the globe, then this is the place to be!By joining Netcompany-Intrasoft Athens, you will be part of a vivid team of 2000+ tech enthusiasts. When at the office you will have the chance to work at our brand-new, state-of-the-art, sustainable offices, located in 3 different spots in Athens!Our cultureOur people are the most important element of our success. Our work life is well defined by our set of fundamental Values: https://bit.ly/3SSbBzU  #BePartOfSomethingGreat!*Please submit your CV in EnglishAll applications will be treated as strictly confidential.",N/A,Full-time,"Athens, Greece",EL,2025-03-12,kariera.gr,150445,,"['http://data.europa.eu/esco/skill/23ac233d-84ad-4517-b0f5-8ca19ba2614e', 'http://data.europa.eu/esco/skill/2636b3d3-843e-46a9-8b4c-a9d6ca3f5a2d', 'http://data.europa.eu/esco/skill/5c1e686c-92cc-4bd7-9f23-51f9d8a58886', 'http://data.europa.eu/esco/skill/8f6ed69b-29d0-4c01-81ba-f05920a185f3']","['http://data.europa.eu/esco/occupation/5fd2980e-22c4-4ace-a394-190c76f4f539', 'http://data.europa.eu/esco/occupation/719f101d-1866-49d3-8d5c-2256f606a8b9']"
1115,Senior Oracle ADF Developer,"Company DescriptionWe are Netcompany-Intrasoft, a member of Netcompany Group A/S, and a leading European IT Solutions and Services company with strong international presence and expertise, dedicated to responsible digitalisation. We offer innovative and added-value solutions of the highest quality to a wide range of public and private organizations, while being a key-player in the EU Institutions for the past 30 years. We hold an outstanding record of 500+ organizations in 70+ countries, that have chosen our solutions and services, to fulfil their business needs. Our team of 3500+ professionals is our driving force and our most valuable asset.Job DescriptionAs a Senior Oracle ADF Developer you will play a pivotal role in designing, developing, and implementing robust applications using Oracle Application Development Framework (ADF) technology. Leveraging your expertise in Oracle ADF and your understanding of the insurance sector, you will contribute to the enhancement and optimization of our systems, ensuring seamless functionality and superior user experience.As a Senior Oracle ADF Developer you will:Work with business analysts and stakeholders to understand and document requirements, turning business objectives into technical plans.Build, enhance, and maintain web applications using Oracle ADF, following coding standards and practices.Modify Oracle ADF components (task flows, data bindings, UI components) as needed for projects.Implement security and access controls in Oracle ADF applications to protect data.Connect Oracle ADF applications with databases, backend systems, and external APIs for data integration.Conduct testing (unit, integration, system) to ensure Oracle ADF applications meet quality standards.Improve application efficiency through code optimization and performance tuning.Lead and mentor junior developers in Oracle ADF development techniques.Keep up-to-date with technology trends in Oracle ADF development and the insurance industry, integrating new ideas into projects.Work with teams across functions to ensure timely, within-budget project delivery.Manage support for production environments, resolving issues to maintain service.Enhance development processes and methodologies for better efficiency and innovation.QualificationsWhat would make you a fit for the role:Bachelor's degree in Computer Science, Information Technology, or a related field; advanced degree preferred.At least 4 years of experience as an Oracle ADF Developer, with a proven track record of designing and developing enterprise-grade applications.In-depth knowledge of Oracle ADF framework, including ADF Faces, ADF Business Components, ADF Task Flows, and ADF Security.Experience in the [insurance sector/industry] will be considered as a plus, with a strong understanding of insurance business processes, products, and regulatory requirements.Proficiency in Oracle database concepts, SQL, and PL/SQL programming language.Strong analytical and problem-solving skills, with the ability to troubleshoot complex issues and implement effective solutions.Excellent communication and interpersonal skills, with the ability to collaborate effectively with cross-functional teams and communicate technical concepts to non-technical stakeholders.Proven ability to work independently and manage multiple priorities in a fast-paced environment.Relevant certifications (e.g., Oracle ADF Developer Certified Implementation Specialist) are a plus.Additional InformationBeing a part of the Netcompany-Ιntrasoft team, you will be provided with: The opportunity to work in a modern environment & in a hybrid working modelA seamless onboarding experience and a buddy to support you on your first stepsA competitive compensation & benefits packageHealth and life insurance programMeal and commuting allowanceWell-being activities (on premises)Continuous learning opportunities using the most modern methods (unlimited access to Udemy for Business, ad-hoc trainings)A personalized development plan for targeted career growth If you are looking forward to be part of a diverse environment, and have the opportunity to work alongside well-experienced professionals, on challenging, large-scale projects that directly impact millions of citizens around the globe, then this is the place to be!By joining Netcompany-Intrasoft Athens, you will be part of a vivid team of 2000+ tech enthusiasts. When at the office you will have the chance to work at our brand-new, state-of-the-art, sustainable offices, located in 3 different spots in Athens!Our cultureOur people are the most important element of our success. Our work life is well defined by our set of fundamental Values: https://bit.ly/3SSbBzU  #BePartOfSomethingGreat!*Please submit your CV in EnglishAll applications will be treated as strictly confidential.",,Full-time,"Athens, Greece",EL,2024-09-04,kariera.gr,150431,,"['http://data.europa.eu/esco/skill/23ac233d-84ad-4517-b0f5-8ca19ba2614e', 'http://data.europa.eu/esco/skill/2fb8480e-de3c-462b-b169-e8bbb344da68', 'http://data.europa.eu/esco/skill/37bc4dc0-1233-4008-98db-1116d0c1cfcc', 'http://data.europa.eu/esco/skill/598de5b0-5b58-4ea7-8058-a4bc4d18c742', 'http://data.europa.eu/esco/skill/5c98825f-146d-4d35-97cf-207b2afd9ae2', 'http://data.europa.eu/esco/skill/7d092d81-d1e2-4c34-b3cb-c1c9f2e68b7d', 'http://data.europa.eu/esco/skill/8764d4b1-e069-44f2-8baa-fb1eee1850ec', 'http://data.europa.eu/esco/skill/8f6ed69b-29d0-4c01-81ba-f05920a185f3', 'http://data.europa.eu/esco/skill/9d0d89be-bffa-4393-b6f6-8d05bea49051', 'http://data.europa.eu/esco/skill/adc6dc11-3376-467b-96c5-9b0a21edc869', 'http://data.europa.eu/esco/skill/c624c6a3-b0ba-4a31-a296-0d433fe47e41', 'http://data.europa.eu/esco/skill/fcd02121-ae3e-4d20-92ee-e2e368658a45']","['http://data.europa.eu/esco/occupation/3d190639-90f8-4402-b1b3-a104a17e0d67', 'http://data.europa.eu/esco/occupation/719f101d-1866-49d3-8d5c-2256f606a8b9', 'http://data.europa.eu/esco/occupation/eb9479c6-5fdf-4f45-ace4-28b547b8c7e5', 'http://data.europa.eu/esco/occupation/faed411a-f920-4100-86a8-b877928b429c', 'http://data.europa.eu/esco/isco/C3321']"
1117,PL/SQL Developers,"Company DescriptionWe are Netcompany-Intrasoft, a member of Netcompany Group A/S, and a leading European IT Solutions and Services company with strong international presence and expertise, dedicated to responsible digitalisation. We offer innovative and added-value solutions of the highest quality to a wide range of public and private organizations, while being a key-player in the EU Institutions for the past 30 years. We hold an outstanding record of 500+ organizations in 70+ countries, that have chosen our solutions and services, to fulfil their business needs. Our team of 3500+ professionals is our driving force and our most valuable asset.Job DescriptionAre you ready for a sneak-peek in the day of a PL/SQL developer in Netcompany-Intrasoft?You will be a part of a highly-skilled team that analyses, designs, develops, and customizes local and international large-scale solutions in the public health, social security and telecommunications industry.As a PL/SQL developer you will:Be engaged in requirements gathering, design, development, testing, and documentationGet involved in all aspects of the software development life cycle, and demonstrate abilities to learn both the business processes as well as new and existing technologiesDevelop complex database processes with PL/SQL Leverage Oracle 10g/11g features to their fullest on a large-scale multi-terabyte systemDevelop Complex forms/reports using Oracle DeveloperQualificationsWhat would make you a fit for the role:Degree in Computer Science, Software Engineering, or other related disciplinesStrong programming skills using PL/SQL (package, procedures, functions, triggers) and batch coding skills such as Bulk collections, dynamic SQL, and parallel processingExperience with RDBMS (Oracle), Oracle forms Ability and willingness to meet tight deadlinesAbility to learn new technologiesGood interpersonal skills, adaptive and team playerFluency in the English languageIt would also be a plus if you match some of the following:Experience in Oracle E-Business Suite implementationsHand-on experience in issue/project tracking (preferably Jira and Atlassian product stack) and source control toolsAdditional InformationBeing a part of the Netcompany-Ιntrasoft team, you will be provided with: The opportunity to work in a modern environment & in a hybrid working modelA seamless onboarding experience and a buddy to support you on your first stepsA competitive compensation & benefits packageHealth and life insurance programMeal and commuting allowanceWell-being activities (on premises)Continuous learning opportunities using the most modern methods (unlimited access to Udemy for Business, ad-hoc trainings)A personalized development plan for targeted career growthIf you are looking forward to be part of a diverse environment, and have the opportunity to work alongside well-experienced professionals, on challenging, large-scale projects that directly impact millions of citizens around the globe, then this is the place to be!By joining Netcompany-Intrasoft Athens, you will be part of a vivid team of 2000+ tech enthusiasts. When at the office you will have the chance to work at our brand-new, state-of-the-art, sustainable offices, located in 3 different spots in Athens!Our cultureOur people are the most important element of our success. Our work life is well defined by our set of fundamental Values: https://bit.ly/3SSbBzU  #BePartOfSomethingGreat!*Please submit your CV in EnglishAll applications will be treated as strictly confidential.",,Full-time,"Athens, Greece",EL,2024-09-04,kariera.gr,150428,,"['http://data.europa.eu/esco/skill/23ac233d-84ad-4517-b0f5-8ca19ba2614e', 'http://data.europa.eu/esco/skill/327d15c8-29ff-4ad4-a4fe-6536d777a45f', 'http://data.europa.eu/esco/skill/60b44dab-03f1-46de-be08-0e5ba8662b3d', 'http://data.europa.eu/esco/skill/8f6ed69b-29d0-4c01-81ba-f05920a185f3', 'http://data.europa.eu/esco/skill/b87f6102-5bab-4e99-a5d8-11b6be1b99c2']","['http://data.europa.eu/esco/occupation/57af9090-55b4-4911-b2d0-86db01c00b02', 'http://data.europa.eu/esco/occupation/5fd2980e-22c4-4ace-a394-190c76f4f539', 'http://data.europa.eu/esco/occupation/719f101d-1866-49d3-8d5c-2256f606a8b9', 'http://data.europa.eu/esco/occupation/874a2080-a9b6-46a9-8662-c9b7d4208f73', 'http://data.europa.eu/esco/isco/C2153']"
1118,PL/SQL Developers,"Company DescriptionWe are Netcompany-Intrasoft, a member of Netcompany Group A/S, and a leading European IT Solutions and Services company with strong international presence and expertise, dedicated to responsible digitalisation. We offer innovative and added-value solutions of the highest quality to a wide range of public and private organizations, while being a key-player in the EU Institutions for the past 30 years. We hold an outstanding record of 500+ organizations in 70+ countries, that have chosen our solutions and services, to fulfil their business needs. Our team of 3500+ professionals is our driving force and our most valuable asset.Job DescriptionAre you ready for a sneak-peek in the day of a PL/SQL developer in Netcompany-Intrasoft?You will be a part of a highly-skilled team that analyses, designs, develops, and customizes local and international large-scale solutions in the public health, social security and telecommunications industry.As a PL/SQL developer you will:Be engaged in requirements gathering, design, development, testing, and documentationGet involved in all aspects of the software development life cycle, and demonstrate abilities to learn both the business processes as well as new and existing technologiesDevelop complex database processes with PL/SQL Leverage Oracle 10g/11g features to their fullest on a large-scale multi-terabyte systemDevelop Complex forms/reports using Oracle DeveloperQualificationsWhat would make you a fit for the role:Degree in Computer Science, Software Engineering, or other related disciplinesStrong programming skills using PL/SQL (package, procedures, functions, triggers) and batch coding skills such as Bulk collections, dynamic SQL, and parallel processingExperience with RDBMS (Oracle), Oracle forms Ability and willingness to meet tight deadlinesAbility to learn new technologiesGood interpersonal skills, adaptive and team playerFluency in the English languageIt would also be a plus if you match some of the following:Experience in Oracle E-Business Suite implementationsHand-on experience in issue/project tracking (preferably Jira and Atlassian product stack) and source control toolsAdditional InformationBeing a part of the Netcompany-Ιntrasoft team, you will be provided with: The opportunity to work in a modern environment & in a hybrid working modelA seamless onboarding experience and a buddy to support you on your first stepsA competitive compensation & benefits packageHealth and life insurance programMeal and commuting allowanceWell-being activities (on premises)Continuous learning opportunities using the most modern methods (unlimited access to Udemy for Business, ad-hoc trainings)A personalized development plan for targeted career growthIf you are looking forward to be part of a diverse environment, and have the opportunity to work alongside well-experienced professionals, on challenging, large-scale projects that directly impact millions of citizens around the globe, then this is the place to be!Join Netcompany-Intrasoft Thessaloniki's branch, and be part of our 250+ tech enthusiasts team!Our cultureOur people are the most important element of our success. Our work life is well defined by our set of fundamental Values: https://bit.ly/3SSbBzU  #BePartOfSomethingGreat!*Please submit your CV in EnglishAll applications will be treated as strictly confidential.",,Full-time,"Thessaloniki, Greece",EL,2024-09-04,kariera.gr,150427,,"['http://data.europa.eu/esco/skill/23ac233d-84ad-4517-b0f5-8ca19ba2614e', 'http://data.europa.eu/esco/skill/327d15c8-29ff-4ad4-a4fe-6536d777a45f', 'http://data.europa.eu/esco/skill/60b44dab-03f1-46de-be08-0e5ba8662b3d', 'http://data.europa.eu/esco/skill/8f6ed69b-29d0-4c01-81ba-f05920a185f3', 'http://data.europa.eu/esco/skill/b87f6102-5bab-4e99-a5d8-11b6be1b99c2']","['http://data.europa.eu/esco/occupation/57af9090-55b4-4911-b2d0-86db01c00b02', 'http://data.europa.eu/esco/occupation/5fd2980e-22c4-4ace-a394-190c76f4f539', 'http://data.europa.eu/esco/occupation/719f101d-1866-49d3-8d5c-2256f606a8b9', 'http://data.europa.eu/esco/occupation/874a2080-a9b6-46a9-8662-c9b7d4208f73', 'http://data.europa.eu/esco/isco/C2153']"
1119,PL/SQL Developers,"Company DescriptionWe are Netcompany-Intrasoft, a member of Netcompany Group A/S, and a leading European IT Solutions and Services company with strong international presence and expertise, dedicated to responsible digitalisation. We offer innovative and added-value solutions of the highest quality to a wide range of public and private organizations, while being a key-player in the EU Institutions for the past 30 years. We hold an outstanding record of 500+ organizations in 70+ countries, that have chosen our solutions and services, to fulfil their business needs. Our team of 3500+ professionals is our driving force and our most valuable asset.Job DescriptionAre you ready for a sneak-peek in the day of a PL/SQL developer in Netcompany-Intrasoft?You will be a part of a highly-skilled team that analyses, designs, develops, and customizes local and international large-scale solutions in the public health, social security and telecommunications industry.As a PL/SQL developer you will:Be engaged in requirements gathering, design, development, testing, and documentationGet involved in all aspects of the software development life cycle, and demonstrate abilities to learn both the business processes as well as new and existing technologiesDevelop complex database processes with PL/SQL Leverage Oracle 10g/11g features to their fullest on a large-scale multi-terabyte systemDevelop Complex forms/reports using Oracle DeveloperQualificationsWhat would make you a fit for the role:Degree in Computer Science, Software Engineering, or other related disciplinesStrong programming skills using PL/SQL (package, procedures, functions, triggers) and batch coding skills such as Bulk collections, dynamic SQL, and parallel processingExperience with RDBMS (Oracle), Oracle forms Ability and willingness to meet tight deadlinesAbility to learn new technologiesGood interpersonal skills, adaptive and team playerFluency in the English languageIt would also be a plus if you match some of the following:Experience in Oracle E-Business Suite implementationsHand-on experience in issue/project tracking (preferably Jira and Atlassian product stack) and source control toolsAdditional InformationBeing a part of the Netcompany-Ιntrasoft team, you will be provided with: The opportunity to work in a modern environment & in a hybrid working modelA seamless onboarding experience and a buddy to support you on your first stepsA competitive compensation & benefits packageHealth and life insurance programMeal allowanceWell-being activities (on premises)Continuous learning opportunities using the most modern methods (unlimited access to Udemy for Business, ad-hoc trainings)A personalized development plan for targeted career growthIf you are looking forward to be part of a diverse environment, and have the opportunity to work alongside well-experienced professionals, on challenging, large-scale projects that directly impact millions of citizens around the globe, then this is the place to be!Join Netcompany-Intrasoft Patras' branch, and be part of our 150+ tech enthusiasts team!Our cultureOur people are the most important element of our success. Our work life is well defined by our set of fundamental Values: https://bit.ly/3SSbBzU  #BePartOfSomethingGreat!*Please submit your CV in EnglishAll applications will be treated as strictly confidential.",,Full-time,"Patra, Greece",EL,2024-09-04,kariera.gr,150426,,"['http://data.europa.eu/esco/skill/23ac233d-84ad-4517-b0f5-8ca19ba2614e', 'http://data.europa.eu/esco/skill/327d15c8-29ff-4ad4-a4fe-6536d777a45f', 'http://data.europa.eu/esco/skill/60b44dab-03f1-46de-be08-0e5ba8662b3d', 'http://data.europa.eu/esco/skill/8f6ed69b-29d0-4c01-81ba-f05920a185f3', 'http://data.europa.eu/esco/skill/b87f6102-5bab-4e99-a5d8-11b6be1b99c2']","['http://data.europa.eu/esco/occupation/57af9090-55b4-4911-b2d0-86db01c00b02', 'http://data.europa.eu/esco/occupation/5fd2980e-22c4-4ace-a394-190c76f4f539', 'http://data.europa.eu/esco/occupation/719f101d-1866-49d3-8d5c-2256f606a8b9', 'http://data.europa.eu/esco/occupation/874a2080-a9b6-46a9-8662-c9b7d4208f73', 'http://data.europa.eu/esco/isco/C2153']"
1120,SQL Developers (Mid-Senior),"Company DescriptionWe are Netcompany-Intrasoft, a member of Netcompany Group A/S, and a leading European IT Solutions and Services company with strong international presence and expertise, dedicated to responsible digitalisation. We offer innovative and added-value solutions of the highest quality to a wide range of public and private organizations, while being a key-player in the EU Institutions for the past 30 years. We hold an outstanding record of 500+ organizations in 70+ countries, that have chosen our solutions and services, to fulfil their business needs. Our team of 3500+ professionals is our driving force and our most valuable asset.Job DescriptionSo, what are the main duties of an SQL developer in Netcompany-Intrasoft? Be engaged in requirements gathering, design, development, testing, and documentationGet involved in all aspects of the software development life cycle, and demonstrate abilities to learn both the business processes as well as new and existing technologiesDevelop complex database processes with SQLJoining us as an SQL developer you will be a part of a highly-skilled team that analyses, designs, develops, and customizes local and international large-scale solutions in the public health, social security and telecommunications industry.QualificationsWhat would make you a fit for the role:Degree in Computer Science, Software Engineering, or other related disciplinesStrong programming skills using SQL (package, procedures, functions, triggers) and batch coding skills such as Bulk collections, dynamic SQL, and parallel processingInterest in evolving your skills in PL/SQLAbility and willingness to meet tight deadlinesAbility to learn new technologiesGood interpersonal skills, adaptive and team playerFluency in the English languageIt would also be a plus if you match some of the following:Experience in Oracle E-Business Suite implementationsHand-on experience in issue/project tracking (preferably Jira and Atlassian product stack) and source control toolsAdditional InformationBeing a part of the Netcompany-Ιntrasoft team, you will be provided with: The opportunity to work in a modern environment & in a hybrid working modelA seamless onboarding experience and a buddy to support you on your first stepsA competitive compensation & benefits packageHealth and life insurance programMeal and commuting allowanceWell-being activities (on premises)Continuous learning opportunities using the most modern methods (unlimited access to Udemy for Business, ad-hoc trainings)A personalized development plan for targeted career growthIf you are looking forward to be part of a diverse environment, and have the opportunity to work alongside well-experienced professionals, on challenging, large-scale projects that directly impact millions of citizens around the globe, then this is the place to be!By joining Netcompany-Intrasoft Athens, you will be part of a vivid team of 2000+ tech enthusiasts. When at the office you will have the chance to work at our brand-new, state-of-the-art, sustainable offices, located in 3 different spots in Athens!Our cultureOur people are the most important element of our success. Our work life is well defined by our set of fundamental Values: https://bit.ly/3SSbBzU  #BePartOfSomethingGreat!*Please submit your CV in EnglishAll applications will be treated as strictly confidential.",,Full-time,"Athens, Greece",EL,2024-09-04,kariera.gr,150425,,"['http://data.europa.eu/esco/skill/23ac233d-84ad-4517-b0f5-8ca19ba2614e', 'http://data.europa.eu/esco/skill/327d15c8-29ff-4ad4-a4fe-6536d777a45f', 'http://data.europa.eu/esco/skill/60b44dab-03f1-46de-be08-0e5ba8662b3d', 'http://data.europa.eu/esco/skill/8f6ed69b-29d0-4c01-81ba-f05920a185f3', 'http://data.europa.eu/esco/skill/b87f6102-5bab-4e99-a5d8-11b6be1b99c2']","['http://data.europa.eu/esco/occupation/57af9090-55b4-4911-b2d0-86db01c00b02', 'http://data.europa.eu/esco/occupation/5fd2980e-22c4-4ace-a394-190c76f4f539', 'http://data.europa.eu/esco/occupation/719f101d-1866-49d3-8d5c-2256f606a8b9', 'http://data.europa.eu/esco/occupation/874a2080-a9b6-46a9-8662-c9b7d4208f73', 'http://data.europa.eu/esco/occupation/b11e1742-5e28-4270-b081-b0193d85ee7d', 'http://data.europa.eu/esco/isco/C2153']"
1121,SQL Developers (Mid-Senior),"Company DescriptionWe are Netcompany-Intrasoft, a member of Netcompany Group A/S, and a leading European IT Solutions and Services company with strong international presence and expertise, dedicated to responsible digitalisation. We offer innovative and added-value solutions of the highest quality to a wide range of public and private organizations, while being a key-player in the EU Institutions for the past 30 years. We hold an outstanding record of 500+ organizations in 70+ countries, that have chosen our solutions and services, to fulfil their business needs. Our team of 3500+ professionals is our driving force and our most valuable asset.Job DescriptionSo, what are the main duties of an SQL developer in Netcompany-Intrasoft? Be engaged in requirements gathering, design, development, testing, and documentationGet involved in all aspects of the software development life cycle, and demonstrate abilities to learn both the business processes as well as new and existing technologiesDevelop complex database processes with SQLJoining us as an SQL developer you will be a part of a highly-skilled team that analyses, designs, develops, and customizes local and international large-scale solutions in the public health, social security and telecommunications industry.QualificationsWhat would make you a fit for the role:Degree in Computer Science, Software Engineering, or other related disciplinesStrong programming skills using SQL (package, procedures, functions, triggers) and batch coding skills such as Bulk collections, dynamic SQL, and parallel processingInterest in evolving your skills in PL/SQLAbility and willingness to meet tight deadlinesAbility to learn new technologiesGood interpersonal skills, adaptive and team playerFluency in the English languageIt would also be a plus if you match some of the following:Experience in Oracle E-Business Suite implementationsHand-on experience in issue/project tracking (preferably Jira and Atlassian product stack) and source control toolsAdditional InformationBeing a part of the Netcompany-Ιntrasoft team, you will be provided with: The opportunity to work in a modern environment & in a hybrid working modelA seamless onboarding experience and a buddy to support you on your first stepsA competitive compensation & benefits packageHealth and life insurance programMeal and commuting allowanceWell-being activities (on premises)Continuous learning opportunities using the most modern methods (unlimited access to Udemy for Business, ad-hoc trainings)A personalized development plan for targeted career growthIf you are looking forward to be part of a diverse environment, and have the opportunity to work alongside well-experienced professionals, on challenging, large-scale projects that directly impact millions of citizens around the globe, then this is the place to be!Join Netcompany-Intrasoft Thessaloniki's branch, and be part of our 250+ tech enthusiasts team!Our cultureOur people are the most important element of our success. Our work life is well defined by our set of fundamental Values: https://bit.ly/3SSbBzU  #BePartOfSomethingGreat!*Please submit your CV in EnglishAll applications will be treated as strictly confidential.",,Full-time,"Thessaloniki, Greece",EL,2024-09-04,kariera.gr,150424,,"['http://data.europa.eu/esco/skill/23ac233d-84ad-4517-b0f5-8ca19ba2614e', 'http://data.europa.eu/esco/skill/327d15c8-29ff-4ad4-a4fe-6536d777a45f', 'http://data.europa.eu/esco/skill/60b44dab-03f1-46de-be08-0e5ba8662b3d', 'http://data.europa.eu/esco/skill/8f6ed69b-29d0-4c01-81ba-f05920a185f3', 'http://data.europa.eu/esco/skill/b87f6102-5bab-4e99-a5d8-11b6be1b99c2']","['http://data.europa.eu/esco/occupation/57af9090-55b4-4911-b2d0-86db01c00b02', 'http://data.europa.eu/esco/occupation/5fd2980e-22c4-4ace-a394-190c76f4f539', 'http://data.europa.eu/esco/occupation/719f101d-1866-49d3-8d5c-2256f606a8b9', 'http://data.europa.eu/esco/occupation/874a2080-a9b6-46a9-8662-c9b7d4208f73', 'http://data.europa.eu/esco/occupation/b11e1742-5e28-4270-b081-b0193d85ee7d', 'http://data.europa.eu/esco/isco/C2153']"
1122,SQL Developers (Mid-Senior),"Company DescriptionWe are Netcompany-Intrasoft, a member of Netcompany Group A/S, and a leading European IT Solutions and Services company with strong international presence and expertise, dedicated to responsible digitalisation. We offer innovative and added-value solutions of the highest quality to a wide range of public and private organizations, while being a key-player in the EU Institutions for the past 30 years. We hold an outstanding record of 500+ organizations in 70+ countries, that have chosen our solutions and services, to fulfil their business needs. Our team of 3500+ professionals is our driving force and our most valuable asset.Job DescriptionSo, what are the main duties of an SQL developer in Netcompany-Intrasoft? Be engaged in requirements gathering, design, development, testing, and documentationGet involved in all aspects of the software development life cycle, and demonstrate abilities to learn both the business processes as well as new and existing technologiesDevelop complex database processes with SQLJoining us as an SQL developer you will be a part of a highly-skilled team that analyses, designs, develops, and customizes local and international large-scale solutions in the public health, social security and telecommunications industry.QualificationsWhat would make you a fit for the role:Degree in Computer Science, Software Engineering, or other related disciplinesStrong programming skills using SQL (package, procedures, functions, triggers) and batch coding skills such as Bulk collections, dynamic SQL, and parallel processingInterest in evolving your skills in PL/SQLAbility and willingness to meet tight deadlinesAbility to learn new technologiesGood interpersonal skills, adaptive and team playerFluency in the English languageIt would also be a plus if you match some of the following:Experience in Oracle E-Business Suite implementationsHand-on experience in issue/project tracking (preferably Jira and Atlassian product stack) and source control toolsAdditional InformationBeing a part of the Netcompany-Ιntrasoft team, you will be provided with: The opportunity to work in a modern environment & in a hybrid working modelA seamless onboarding experience and a buddy to support you on your first stepsA competitive compensation & benefits packageHealth and life insurance programMeal allowanceWell-being activities (on premises)Continuous learning opportunities using the most modern methods (unlimited access to Udemy for Business, ad-hoc trainings)A personalized development plan for targeted career growthIf you are looking forward to be part of a diverse environment, and have the opportunity to work alongside well-experienced professionals, on challenging, large-scale projects that directly impact millions of citizens around the globe, then this is the place to be!Join Netcompany-Intrasoft Patras' branch, and be part of our 150+ tech enthusiasts team!Our cultureOur people are the most important element of our success. Our work life is well defined by our set of fundamental Values: https://bit.ly/3SSbBzU  #BePartOfSomethingGreat!*Please submit your CV in EnglishAll applications will be treated as strictly confidential.",,Full-time,"Patra, Greece",EL,2024-09-04,kariera.gr,150423,,"['http://data.europa.eu/esco/skill/23ac233d-84ad-4517-b0f5-8ca19ba2614e', 'http://data.europa.eu/esco/skill/327d15c8-29ff-4ad4-a4fe-6536d777a45f', 'http://data.europa.eu/esco/skill/60b44dab-03f1-46de-be08-0e5ba8662b3d', 'http://data.europa.eu/esco/skill/8f6ed69b-29d0-4c01-81ba-f05920a185f3', 'http://data.europa.eu/esco/skill/b87f6102-5bab-4e99-a5d8-11b6be1b99c2']","['http://data.europa.eu/esco/occupation/57af9090-55b4-4911-b2d0-86db01c00b02', 'http://data.europa.eu/esco/occupation/5fd2980e-22c4-4ace-a394-190c76f4f539', 'http://data.europa.eu/esco/occupation/719f101d-1866-49d3-8d5c-2256f606a8b9', 'http://data.europa.eu/esco/occupation/874a2080-a9b6-46a9-8662-c9b7d4208f73', 'http://data.europa.eu/esco/occupation/b11e1742-5e28-4270-b081-b0193d85ee7d', 'http://data.europa.eu/esco/isco/C2153']"
1123,Senior CRM Consultant,"Company DescriptionWe are Netcompany-Intrasoft, a member of Netcompany Group A/S, and a leading European IT Solutions and Services company with strong international presence and expertise, dedicated to responsible digitalisation. We offer innovative and added-value solutions of the highest quality to a wide range of public and private organizations, while being a key-player in the EU Institutions for the past 30 years. We hold an outstanding record of 500+ organizations in 70+ countries, that have chosen our solutions and services, to fulfil their business needs. Our team of 3500+ professionals is our driving force and our most valuable asset.Job DescriptionSo, what are the main duties of a Senior CRM Consultant in Netcompany-Intrasoft? As a Senior CRM Consultant you will provide a mix of engineering & consulting:Application Development & ImplementationCreate Business and Technical DocumentationConfigure and Customize the applicationSupport & Maintenance of existing CX/CRM implementationsConduct Unit and Integration TestJoining us as a CRM Developer, you will have the opportunity to be a part of our highly skilled agile consultants teams working within large-scale transformation projects, that impact the life of millions of EU citizens. You will be involved in the design, customization, integration, and maintenance of enterprise-scale CRM/CX implementations that are intended mainly in private sector organizations (telco, banking, retail and more).QualificationsWhat would make you a fit for the role:Experience in Oracle Tools: Siebel, Rightnow for at least 3+ yearsGood understanding of Siebel Enterprise ArchitectureVery Good Knowledge of SQL & JavascriptGood programming skillsProblem-solving abilitiesExcellent in communication and teamwork skillsHighly self-motivated and methodical, with attention to detailCustomer service orientedExcellent command of the English language (written & oral)Additional InformationBeing a part of the Netcompany-Ιntrasoft team, you will be provided with: The opportunity to work in a modern environment & in a hybrid working modelA seamless onboarding experience and a buddy to support you on your first stepsA competitive compensation & benefits packageHealth and life insurance programMeal and commuting allowanceWell-being activities (on premises)Continuous learning opportunities using the most modern methods (unlimited access to Udemy for Business, ad-hoc trainings)A personalized development plan for targeted career growthIf you are looking forward to be part of a diverse environment, and have the opportunity to work alongside well-experienced professionals, on challenging, large-scale projects that directly impact millions of citizens around the globe, then this is the place to be!By joining Netcompany-Intrasoft Athens, you will be part of a vivid team of 2000+ tech enthusiasts. When at the office you will have the chance to work at our brand-new, state-of-the-art, sustainable offices, located in 3 different spots in Athens!Our cultureOur people are the most important element of our success. Our work life is well defined by our set of fundamental Values: https://bit.ly/3SSbBzU  #BePartOfSomethingGreat!*Please submit your CV in EnglishAll applications will be treated as strictly confidential.",,Full-time,"Athens, Greece",EL,2024-09-04,kariera.gr,150422,,"['http://data.europa.eu/esco/skill/23ac233d-84ad-4517-b0f5-8ca19ba2614e', 'http://data.europa.eu/esco/skill/2636b3d3-843e-46a9-8b4c-a9d6ca3f5a2d', 'http://data.europa.eu/esco/skill/3993c87c-7719-4186-811b-8ddfb40e76be', 'http://data.europa.eu/esco/skill/3c209873-c757-47bb-91b5-9b6dc05df116', 'http://data.europa.eu/esco/skill/5c1e686c-92cc-4bd7-9f23-51f9d8a58886', 'http://data.europa.eu/esco/skill/8f6ed69b-29d0-4c01-81ba-f05920a185f3']","['http://data.europa.eu/esco/occupation/5fd2980e-22c4-4ace-a394-190c76f4f539', 'http://data.europa.eu/esco/occupation/719f101d-1866-49d3-8d5c-2256f606a8b9', 'http://data.europa.eu/esco/occupation/a520fba4-2a29-43a0-bfd5-43892306501d']"
1228,Business Developer Santorini,"The role of Business Developer is at the heart of Coca-Cola Tria Epsilon and is a position where you directly see the impact of your work every day. As a Business Developer, you will be responsible for managing a broad portfolio of some of the most iconic global and local soft drink, juice and beverage brands. You will meet our customers every day, and you will be the face of Coca-Cola Tria Epsilon in the market. As a member of our team, you will have constant support to achieve high performance and develop daily in a fast-paced and dynamic environment.
Supplies & Experience
I have similar previous experience in a corresponding position in external sales in the same or a similar industry.Driving diploma.Desirable degree from HEI/TEI/IEK.Excellent knowledge of the Greek language. , setting priorities and proposing solutionsI work cooperatively and responsibly I am interested in my personal & professional development
Responsibilities as a Business Developer
Your daily mission: drive sales and market activation with a broad portfolio of iconic global and local brands You will achieve goals by implementing leading sales and market activation tools You will build trusting relationships by finding the best solutions for our customers to achieve the highest level of customer satisfaction You will collaborate and you will share best practices with your team to support each other in developing your skills You will gather information about market developments and of customers, so that you can adapt to them in order to evolve and win with our customers every day You will have a planned itinerary for visiting customers so that you can focus on the essence of your work I carry out store activation activities focusing on merchandising standards to expand customer transactionsI promote the team spirit through close collaboration with team members as well as with members of other departments, always aiming for my developmentI am open to providing and I get feedback often
Allowances
Company Car & Travel ExpensesMobile & iPadDaily SupportProduct AvailabilityTarget Bonuses
Coca-Cola Tria Epsilon offers equal career opportunities to all. We will handle your application with complete confidentiality, in accordance with the personal data protection legislation. In the event that recommendations are required, they will only be requested once we receive your approval.",Entry / Junior,Full-time,"Thira, Greece",EL,2024-09-04,kariera.gr,167566,,"['http://data.europa.eu/esco/skill/08e2ff26-88ff-47b5-9d37-d19ace01b075', 'http://data.europa.eu/esco/skill/a8d24a95-47b3-4f88-92e7-06600bcd3612', 'http://data.europa.eu/esco/skill/b99aa3b8-0066-46b2-a027-30afae444ad8', 'http://data.europa.eu/esco/skill/ea4ebfa1-e17a-4416-ac54-955f33e6ade7', 'http://data.europa.eu/esco/skill/cb668e89-6ef5-4ff3-ab4a-506010e7e70b']","['http://data.europa.eu/esco/occupation/1619d7f3-7d95-407c-a20e-47745bfcde73', 'http://data.europa.eu/esco/occupation/b76178c0-a03a-4793-b079-1e61e636c521', 'http://data.europa.eu/esco/isco/C5165']"
1244,Business Developer Lesvos,"The role of Business Developer is at the heart of Coca-Cola Tria Epsilon and is a position where you directly see the impact of your work every day. As a Business Developer, you will be responsible for managing a broad portfolio of some of the most iconic global and local soft drink, juice and beverage brands. You will meet our customers every day, and you will be the face of Coca-Cola Tria Epsilon in the market. As a member of our team, you will have constant support to achieve high performance and develop daily in a fast-paced and dynamic environment.
 
Supplies & Experience

I have similar previous experience in a similar external sales position in the same or similar industry
Driving License
Desirable degree from HEI/TEI/IEK
Excellent knowledge of the Greek language
I am result oriented and able to build trusting relationships
I am characterized by customer-centricity & I focus on the customer's needs
I can plan and schedule my work effectively, setting priorities and proposing solutions
I work collaboratively and responsibly
I am interested in my personal & professional development

Responsibilities as a Business Developer

Your daily mission: drive sales and market activation with a broad portfolio of iconic global and local brands
You will achieve goals by applying leading sales and market enablement tools
You will build relationships of trust by finding the best solutions for our customers to achieve the highest level of customer satisfaction
You will collaborate and share best practices with your team to support each other in developing your skills
You will gather information about market and customer developments to adapt to them to evolve and win with our customers every day
You will have a planned itinerary for visiting clients so that you can focus on the essence of your work
I carry out store activation activities focusing on merchandising standards to expand customer transactions
I promote team spirit through close collaboration with team members as well as with members of other departments, always aiming for my growth
I am open to providing and receiving frequent feedback

Allowances

Company car & travel expenses
Mobile & iPad
Daily support
Product disposition
Bonus based on achieving goals


At Coca-Cola HBC, diversity thrives and we strive to eliminate all forms of stereotyping. This means we provide equal opportunities for everyone, regardless of race, color, religion, age, special needs, sexual orientation or gender identity. Come and join our team, so that we can continue to create an environment of inclusion, where everyone belongs and contributes collectively to success.",Entry / Junior,Full-time,"Agia Paraskevi, Greece",EL,2024-09-04,kariera.gr,167543,,"['http://data.europa.eu/esco/skill/08e2ff26-88ff-47b5-9d37-d19ace01b075', 'http://data.europa.eu/esco/skill/2b2d7c6a-229a-40ba-80f3-b5b5766161a0', 'http://data.europa.eu/esco/skill/68698869-c13c-4563-adc7-118b7644f45d', 'http://data.europa.eu/esco/skill/a15dab55-f1da-4f85-ae3e-2b5c5b5333ca', 'http://data.europa.eu/esco/skill/c09bf6d4-f8a7-40f3-aead-ef01643f2352', 'http://data.europa.eu/esco/skill/cb668e89-6ef5-4ff3-ab4a-506010e7e70b', 'http://data.europa.eu/esco/skill/e24377fb-020b-4430-8bed-86dd539bbf3a', 'http://data.europa.eu/esco/skill/ea4ebfa1-e17a-4416-ac54-955f33e6ade7']","['http://data.europa.eu/esco/occupation/9a26d76b-b9e3-46ae-ab4b-057a1262138b', 'http://data.europa.eu/esco/occupation/b76178c0-a03a-4793-b079-1e61e636c521']"
1294,Net Full Stack Developer,"We are looking for a candidate to strengthen the software development and maintenance department of our company.
The main responsibilities are the following:

Web Application Development using ASP .NET Core MVC / Razor Pages and Web API
Integration of new technologies, interface with third-party systems, as well as maintenance - improvement of existing applications
Design, develop and maintain reusable C#, JavaScript, HTML and CSS code
Ensuring the best possible quality and usability of the company's applications

 
Necessary qualifications

Full-stack development skills
Experience as a .NET Web Developer (C# / Asp.Net)
Knowledge of SQL (Microsoft SQL Server)
Knowledge of HTML/CSS/JavaScript
Knowledge of Frontend JavaScript Frameworks
Fluency in Greek and English

 
Desired qualifications

Experience using DevExpress library
Knowledge of Git software",Senior,Full-time,"Athens, Greece",EL,2024-09-04,kariera.gr,167480,,"['http://data.europa.eu/esco/skill/0af062de-eb43-41e9-9b96-249e2cd22d26', 'http://data.europa.eu/esco/skill/56a7f561-1d55-43c9-9cd7-36a0a9bc6c50', 'http://data.europa.eu/esco/skill/8d4271ca-c9fd-40b3-875f-15f78332a49e', 'http://data.europa.eu/esco/skill/c062bab3-3ea0-4291-9220-a2d8fef4bead', 'http://data.europa.eu/esco/skill/c4b626c1-e71c-44ec-9f88-042766f37fcc', 'http://data.europa.eu/esco/skill/ea4ebfa1-e17a-4416-ac54-955f33e6ade7']","['http://data.europa.eu/esco/occupation/c40a2919-48a9-40ea-b506-1f34f693496d', 'http://data.europa.eu/esco/isco/C13']"
1508,Marketing Trainee,"A company with a lot of experience in the field of Marketing and Communication, as part of its development, wishes to work with 2 young people for the positions of MarketingTrainee/HR/Team Developer.
Ideal Candidate Profile:

Communication and Social skills
Positive personality
Immediately available

Company Benefits:

Daily and continuous training in Marketing Communications
High pay and productivity bonus
Young and pleasant working environment
Development for the most ambitious HR/Management
Possibility of trips to Greece and Cyprus (upon selection)
Certification Program (Free)


If you think you have what we are looking for then send us your details or CV and we will contact you.
The position is not an internship.",Entry / Junior,Full-time,"Athens, Greece",EL,2024-09-03,kariera.gr,167236,,['http://data.europa.eu/esco/skill/15d76317-c71a-4fa2-aadc-2ecc34e627b7'],"['http://data.europa.eu/esco/occupation/4163b31e-440b-4991-b5c3-48d0515250ef', 'http://data.europa.eu/esco/occupation/4791e217-d607-40d5-9f84-df1d0a071cbc', 'http://data.europa.eu/esco/occupation/6cd08cbe-7611-4d70-8886-6c59c0385442', 'http://data.europa.eu/esco/isco/C243']"
1532,.NET Developer,"Company DescriptionWe are Netcompany-Intrasoft, a member of Netcompany Group A/S, and a leading European IT Solutions and Services company with strong international presence and expertise, dedicated to responsible digitalisation. We offer innovative and added-value solutions of the highest quality to a wide range of public and private organizations, while being a key-player in the EU Institutions for the past 30 years. We hold an outstanding record of 500+ organizations in 70+ countries, that have chosen our solutions and services, to fulfil their business needs. Our team of 3500+ professionals is our driving force and our most valuable asset.Job DescriptionEver wondered what it feels like to be a .NET Developer in Netcompany-Intrasoft? As a .NET developer, you will be a part of a vibrant team, who will be a part of Agile, Software Product Development Teams with IT professionals at all levels of experience to deliver state-of-the-art solutions for the Telco, Banking, and Betting industries. You will be building web applications in microservices fashion used by millions of people worldwide. Your everyday life will mainly consist of working for one of the most important phases of the software development lifecycle.As a .NET Developer you will:Collaborate with team members to understand requirements and propose solutionsDevelop and maintain code, application libraries and produce technical documentationParticipate in Scrum meetings, provide technical assessments, perform peer code reviews and produce time estimates for development tasksQualificationsWhat would make you a fit for the role:Degree in Computer Science or other relevant disciplinesSolid experience in .NET framework (C#)Familiarity with JavaScriptExcellent command of the English language (written and verbal)Excellent interpersonal and team-building skillsAn analytical mind with problem-solving abilitiesThe ability to work independently and also as part of a teamIt would also be a plus if you match some of the following:Experience with .NET CoreExperience with SPA Frameworks (Angular, React)Experience with CMS Platforms (Kentico)Additional InformationBeing a part of the Netcompany-Ιntrasoft team, you will be provided with: The opportunity to work in a modern environment & in a hybrid working modelA seamless onboarding experience and a buddy to support you on your first stepsA competitive compensation & benefits packageHealth and life insurance program Meal and commuting allowanceWell-being activities (on premises)Continuous learning opportunities using the most modern methods (unlimited access to Udemy for Business, ad-hoc trainings)A personalized development plan for targeted career growthIf you are looking forward to be part of a diverse environment, and have the opportunity to work alongside well-experienced professionals, on challenging, large-scale projects that directly impact millions of citizens around the globe, then this is the place to be!By joining Netcompany-Intrasoft Athens, you will be part of a vivid team of 2000+ tech enthusiasts. When at the office you will have the chance to work at our brand-new, state-of-the-art, sustainable offices, located in 3 different spots in Athens!Our cultureOur people are the most important element of our success. Our work life is well defined by our set of fundamental Values: https://bit.ly/3SSbBzU  #BePartOfSomethingGreat!*Please submit your CV in EnglishAll applications will be treated as strictly confidential.",,Full-time,"Athens, Greece",EL,2024-09-03,kariera.gr,150216,,"['http://data.europa.eu/esco/skill/23ac233d-84ad-4517-b0f5-8ca19ba2614e', 'http://data.europa.eu/esco/skill/2cc75284-f385-42d6-9b70-8262bc6c603a', 'http://data.europa.eu/esco/skill/3c209873-c757-47bb-91b5-9b6dc05df116', 'http://data.europa.eu/esco/skill/4707da90-9cfc-46ca-8de0-38a0b7bfb137', 'http://data.europa.eu/esco/skill/484df271-bb52-49f1-8f50-f19624bf4df2', 'http://data.europa.eu/esco/skill/8f6ed69b-29d0-4c01-81ba-f05920a185f3', 'http://data.europa.eu/esco/skill/a8797f21-1af0-4c5e-98ca-bf1442929363']","['http://data.europa.eu/esco/occupation/24135b84-cbdd-4d42-9ed2-02fd982d15b2', 'http://data.europa.eu/esco/occupation/6fefa90d-9a71-49c6-be92-52397e9795e6', 'http://data.europa.eu/esco/occupation/719f101d-1866-49d3-8d5c-2256f606a8b9', 'http://data.europa.eu/esco/isco/C7543']"
1533,.NET Developer,"Company DescriptionWe are Netcompany-Intrasoft, a member of Netcompany Group A/S, and a leading European IT Solutions and Services company with strong international presence and expertise, dedicated to responsible digitalisation. We offer innovative and added-value solutions of the highest quality to a wide range of public and private organizations, while being a key-player in the EU Institutions for the past 30 years. We hold an outstanding record of 500+ organizations in 70+ countries, that have chosen our solutions and services, to fulfil their business needs. Our team of 3500+ professionals is our driving force and our most valuable asset.Job DescriptionEver wondered what it feels like to be a .NET Developer in Netcompany-Intrasoft? As a .NET developer, you will be a part of a vibrant team, who will be a part of Agile, Software Product Development Teams with IT professionals at all levels of experience to deliver state-of-the-art solutions for the Telco, Banking, and Betting industries. You will be building web applications in microservices fashion used by millions of people worldwide. Your everyday life will mainly consist of working for one of the most important phases of the software development lifecycle.As a .NET Developer you will:Collaborate with team members to understand requirements and propose solutionsDevelop and maintain code, application libraries and produce technical documentationParticipate in Scrum meetings, provide technical assessments, perform peer code reviews and produce time estimates for development tasksQualificationsWhat would make you a fit for the role:Degree in Computer Science or other relevant disciplinesSolid experience in .NET framework (C#)Familiarity with JavaScriptExcellent command of the English language (written and verbal)Excellent interpersonal and team-building skillsAn analytical mind with problem-solving abilitiesThe ability to work independently and also as part of a teamIt would also be a plus if you match some of the following:Experience with .NET CoreExperience with SPA Frameworks (Angular, React)Experience with CMS Platforms (Kentico)Additional InformationBeing a part of the Netcompany-Ιntrasoft team, you will be provided with: The opportunity to work in a modern environment & in a hybrid working modelA seamless onboarding experience and a buddy to support you on your first stepsA competitive compensation & benefits packageHealth and life insurance program Meal allowanceWell-being activities (on premises)Continuous learning opportunities using the most modern methods (unlimited access to Udemy for Business, ad-hoc trainings)A personalized development plan for targeted career growthIf you are looking forward to be part of a diverse environment, and have the opportunity to work alongside well-experienced professionals, on challenging, large-scale projects that directly impact millions of citizens around the globe, then this is the place to be!""Join Netcompany-Intrasoft Patras' branch, and be part of our 150+ tech enthusiasts team!Our cultureOur people are the most important element of our success. Our work life is well defined by our set of fundamental Values: https://bit.ly/3SSbBzU  #BePartOfSomethingGreat!*Please submit your CV in EnglishAll applications will be treated as strictly confidential.",,Full-time,"Patra, Greece",EL,2024-09-03,kariera.gr,150215,,"['http://data.europa.eu/esco/skill/23ac233d-84ad-4517-b0f5-8ca19ba2614e', 'http://data.europa.eu/esco/skill/2cc75284-f385-42d6-9b70-8262bc6c603a', 'http://data.europa.eu/esco/skill/3c209873-c757-47bb-91b5-9b6dc05df116', 'http://data.europa.eu/esco/skill/4707da90-9cfc-46ca-8de0-38a0b7bfb137', 'http://data.europa.eu/esco/skill/484df271-bb52-49f1-8f50-f19624bf4df2', 'http://data.europa.eu/esco/skill/8f6ed69b-29d0-4c01-81ba-f05920a185f3', 'http://data.europa.eu/esco/skill/a8797f21-1af0-4c5e-98ca-bf1442929363']","['http://data.europa.eu/esco/occupation/24135b84-cbdd-4d42-9ed2-02fd982d15b2', 'http://data.europa.eu/esco/occupation/6fefa90d-9a71-49c6-be92-52397e9795e6', 'http://data.europa.eu/esco/occupation/719f101d-1866-49d3-8d5c-2256f606a8b9', 'http://data.europa.eu/esco/isco/C7543']"
1534,.NET Developer,"Company DescriptionWe are Netcompany-Intrasoft, a member of Netcompany Group A/S, and a leading European IT Solutions and Services company with strong international presence and expertise, dedicated to responsible digitalisation. We offer innovative and added-value solutions of the highest quality to a wide range of public and private organizations, while being a key-player in the EU Institutions for the past 30 years. We hold an outstanding record of 500+ organizations in 70+ countries, that have chosen our solutions and services, to fulfil their business needs. Our team of 3500+ professionals is our driving force and our most valuable asset.Job DescriptionEver wondered what it feels like to be a .NET Developer in Netcompany-Intrasoft? As a .NET developer, you will be a part of a vibrant team, who will be a part of Agile, Software Product Development Teams with IT professionals at all levels of experience to deliver state-of-the-art solutions for the Telco, Banking, and Betting industries. You will be building web applications in microservices fashion used by millions of people worldwide. Your everyday life will mainly consist of working for one of the most important phases of the software development lifecycle.As a .NET Developer you will:Collaborate with team members to understand requirements and propose solutionsDevelop and maintain code, application libraries and produce technical documentationParticipate in Scrum meetings, provide technical assessments, perform peer code reviews and produce time estimates for development tasksQualificationsWhat would make you a fit for the role:Degree in Computer Science or other relevant disciplinesSolid experience in .NET framework (C#)Familiarity with JavaScriptExcellent command of the English language (written and verbal)Excellent interpersonal and team-building skillsAn analytical mind with problem-solving abilitiesThe ability to work independently and also as part of a teamIt would also be a plus if you match some of the following:Experience with .NET CoreExperience with SPA Frameworks (Angular, React)Experience with CMS Platforms (Kentico)Additional InformationBeing a part of the Netcompany-Ιntrasoft team, you will be provided with: The opportunity to work in a modern environment & in a hybrid working modelA seamless onboarding experience and a buddy to support you on your first stepsA competitive compensation & benefits packageHealth and life insurance program Meal and commuting allowanceWell-being activities (on premises)Continuous learning opportunities using the most modern methods (unlimited access to Udemy for Business, ad-hoc trainings)A personalized development plan for targeted career growthIf you are looking forward to be part of a diverse environment, and have the opportunity to work alongside well-experienced professionals, on challenging, large-scale projects that directly impact millions of citizens around the globe, then this is the place to be!Join Netcompany-Intrasoft Thessaloniki's branch, and be part of our 250+ tech enthusiasts team!Our cultureOur people are the most important element of our success. Our work life is well defined by our set of fundamental Values: https://bit.ly/3SSbBzU  #BePartOfSomethingGreat!*Please submit your CV in EnglishAll applications will be treated as strictly confidential.",,Full-time,"Thessaloniki, Greece",EL,2024-09-03,kariera.gr,150214,,"['http://data.europa.eu/esco/skill/23ac233d-84ad-4517-b0f5-8ca19ba2614e', 'http://data.europa.eu/esco/skill/2cc75284-f385-42d6-9b70-8262bc6c603a', 'http://data.europa.eu/esco/skill/3c209873-c757-47bb-91b5-9b6dc05df116', 'http://data.europa.eu/esco/skill/4707da90-9cfc-46ca-8de0-38a0b7bfb137', 'http://data.europa.eu/esco/skill/484df271-bb52-49f1-8f50-f19624bf4df2', 'http://data.europa.eu/esco/skill/8f6ed69b-29d0-4c01-81ba-f05920a185f3', 'http://data.europa.eu/esco/skill/a8797f21-1af0-4c5e-98ca-bf1442929363']","['http://data.europa.eu/esco/occupation/24135b84-cbdd-4d42-9ed2-02fd982d15b2', 'http://data.europa.eu/esco/occupation/6fefa90d-9a71-49c6-be92-52397e9795e6', 'http://data.europa.eu/esco/occupation/719f101d-1866-49d3-8d5c-2256f606a8b9', 'http://data.europa.eu/esco/isco/C7543']"
1561,Software Engineer,"FlexLearn Business Solutions is a rapidly growing company that specializes in providing innovative and pioneering HR solutions to both businesses and educational organizations.
Our goal is to upgrade people skills, empower organizations to digitize HR processes, and streamline talent acquisition through innovative technology, guided by the principles of flexibility, independence, and collaboration.
We are looking for an enthusiastic and motivated Software Engineer to design and develop cloud software programs and applications. You will be able to develop, write and implement fully performing software in compliance with the latest coding standards.
Our software solutions are web based (ASP.NET, C#, JQuery, JavaScript, MVC), to mobile web (JQuery Mobile native apps Android, iOS) with Google and other APIs.
Basic Skills

Analyze complex concepts and develop clear, practical solutions
Write well designed, testable, efficient code
Strong verbal and written communications
Quick learner of new concepts and technologies

Technical Skills

Design & Develop applications using Visual Studio C#, ASP.NET Core, Signal R
MS-SQL (ADO.NET, stored procedures, triggers, etc.)
Front-end engineering using CSS/HTML/JavaScript/JQuery/XML
Object Oriented Analysis/Design/UML Modeling
Ability to recognize and apply software design patterns with security considerations
Experience in deploying load balanced web solutions
Microsoft developer certifications (i.e. MCPD, MCSD)

 Competitive Compensation

Highly effective learning environment
Annual and project-based incentive bonus plan tied to performance
Hybrid working model

Additional Benefits

We at FlexLearn have the opportunity to combine the intense rhythms of life with personal exercise and improvement of our health - in accordance with the international trends of Employee Support - by regularly offering Swimming pool, gym subscription, free yoga classes, mental health programs etc.
Variety of events are organized for employees.",Mid-level,Full-time,"Chalandri, Greece",EL,2024-09-03,kariera.gr,167188,,"['http://data.europa.eu/esco/skill/0e161427-3369-47c0-8669-9e226207f6d0', 'http://data.europa.eu/esco/skill/2b7a79e5-84d8-4880-be66-3d9bb05bea17', 'http://data.europa.eu/esco/skill/4c016b68-4116-468c-9dc6-42710c239e4a', 'http://data.europa.eu/esco/skill/6b643893-0a1f-4f6c-83a1-e7eef75849b9', 'http://data.europa.eu/esco/skill/7193cb6d-8334-494f-86e5-21e6d03a47c3', 'http://data.europa.eu/esco/skill/bf4d884f-c848-402a-b130-69c266b04164', 'http://data.europa.eu/esco/skill/f206e732-110c-47ce-a53f-f00c9d97c90d']","['http://data.europa.eu/esco/occupation/2fb96c6c-8d0b-4ef0-b1ee-3e493305e4eb', 'http://data.europa.eu/esco/occupation/5a91a8bc-eb18-4c7e-847d-96cbcce5a47a', 'http://data.europa.eu/esco/occupation/a6e8a6bf-9209-4d19-a131-a8b6431e0f75', 'http://data.europa.eu/esco/isco/C3']"
1679,.Net Full Stack Developer,"We are looking for a Full Stack Developer competent in the production of clean, efficient code based on specifications. You’ll be part of a cross-functional team that’s responsible for the full software development life cycle, from conception to deployment and for fixing and improving existing software.
As a Full Stack Developer, you should be comfortable around both front-end and back-end coding languages, development frameworks and third-party libraries. You should also be a team player with a knack for visual design and utility.
Your goal will be to build efficient programs and systems that serve user needs.
 
Your tasks:

Web Application development using ASP .NET Core MVC and Web API
Produce clean, efficient code based on specifications
Integrate software components and third-party systems
Recommend and execute improvements
Create technical documentation

 
Your skills:

University degree in IT or relevant discipline
2+ years of Work experience as a .NET Developer
Full-stack development skills
Proficiency in building web-based applications
In-depth knowledge of C#
Fluent in REST APIs
Knowledgeable in Software Engineering Patterns and Practices (Clean Architecture, N-Layered Apps, Domain-Driven design)
Database Design Skills
Kendo or DevExpress experience will be an asset
Hands on experience in testing (Unit Tests)
Knowledge in Azure DevOps Pipelines will be an asset
Fluency in English

 
Benefits:
As an equal opportunity employer, we celebrate diversity and are committed to creating an inclusive environment for all employees.
Our company is people - centric and offers personalized benefits to each employee:

We want you to be well compensated for what you bring in, so we offer an attractive salary package
Your health matters to us, so all colleagues have a private health insurance plan from day one
Developer’s fuel is coffee, and the supply source is in our kitchen!
We are excited for challenges, so you are invited to take part in exciting projects
We never stop learning and evolving! You will have your own mentor and training program to help you develop in a company with unlimited possibilities and you will join our training sessions and online courses that we provide
We love the Relational vibes so we gather on smaller and bigger occasions to celebrate good times together!

Relational Financial Solutions adheres to the General Data Protection Regulation principles by applying its Privacy Policy as published in https://www.relationalfs.com/legal-information/pri.... By submitting an application to this position and by sharing your personal data with Relational Financial Solutions you acknowledge and accept its Policy and authorise Relational Financial Solutions to process your personal data for the purposes of the company's recruitment opportunities, in line to the Policy.",Mid-level,Full-time,"Athens, Greece",EL,2024-09-03,kariera.gr,167046,,"['http://data.europa.eu/esco/skill/09f2f811-a3fb-4de3-a70f-6420a6935575', 'http://data.europa.eu/esco/skill/2636b3d3-843e-46a9-8b4c-a9d6ca3f5a2d', 'http://data.europa.eu/esco/skill/3d957fb2-b8f4-4b4c-b955-23299c761ad5', 'http://data.europa.eu/esco/skill/4c016b68-4116-468c-9dc6-42710c239e4a', 'http://data.europa.eu/esco/skill/56a7f561-1d55-43c9-9cd7-36a0a9bc6c50', 'http://data.europa.eu/esco/skill/7935deb6-0bed-4e38-985e-1f83b8e16940', 'http://data.europa.eu/esco/skill/a4346013-a967-4a58-a533-6b32ad1364c5', 'http://data.europa.eu/esco/skill/a4881e54-6055-4e61-855a-0a56ced7cfa3', 'http://data.europa.eu/esco/skill/ebff1a39-7261-49cd-9cb2-88f565e8dc26', 'http://data.europa.eu/esco/skill/ed8de897-adbe-4f0e-b4d2-534953e64c72', 'http://data.europa.eu/esco/skill/f058bf62-70d1-4f5e-be2a-8b26fac24a96']","['http://data.europa.eu/esco/occupation/0ba06640-e0ac-4911-9e43-289a8e41651e', 'http://data.europa.eu/esco/occupation/24135b84-cbdd-4d42-9ed2-02fd982d15b2', 'http://data.europa.eu/esco/occupation/2fb96c6c-8d0b-4ef0-b1ee-3e493305e4eb', 'http://data.europa.eu/esco/occupation/5fd2980e-22c4-4ace-a394-190c76f4f539', 'http://data.europa.eu/esco/occupation/a6517365-211c-456d-aca4-1a0115c7b1e1', 'http://data.europa.eu/esco/occupation/c40a2919-48a9-40ea-b506-1f34f693496d']"
1681,.Net C# Software Engineer,"At Relational FS we know that companies with a strong positive culture perform so much better. That is why every day we strive to create a collaborative and inclusive working environment where our people can feel empowered to succeed.
Are you a skilled and experienced .NET developer looking for an opportunity to grow while working on exciting and challenging projects in a collaborative and dynamic environment?
Relational FS has an opportunity available, to work on complex and challenging new products, to drive transformative change for our top-tier Financial Services clients. Operating in an Agile environment, applications are built with latest modern technologies like C#, microservices and front-end web frameworks.
Responsibilities

Design, code, debug, document, and test software according development fundamentals, processes, and specifications
Estimate development project tasks and timelines
Contribute to product design reviews with creative and practical solutions
Mentor junior team members

Essential Qualifications

Excellent English communication (both verbal and written)
Familiarity with Agile methodologies
Bachelor’s degree in computer science or other relevant field
2+ years of relevant working experience
Strong understanding of Computer Science fundamentals such as OOP, Design Patterns, Data Structures, Algorithms
Good understanding of C# .NET & Asp.Net WebAPI,
Good understanding of RDBMS (SQL Server) and ORMs
Good understanding of microservice architecture
Experience with Front-end technologies, especially angular, will be considered a plus
Experience with REST microservices and Service oriented architecture will be considered a plus

Desired Qualifications: What we might consider an advantage

Unit testing (Test Driven Development)
Azure DevOps Pipelines (CI/CD)
Cloud native containerized application Docker

What Does our tech stack look like?
At Relational FS, we pride ourselves on adaptability and keeping up with the latest technologies. Our current tech stack looks like this

.NET C#
Azure DevOps CI/CD, Git
Kubernetes, Docker, Harbor
MSSQL, PostgreSQL, Redis, Spark.NET
Prometheus, Grafana, Loci, Jaeger, OpenTelemetry

Why work with us?
Relational FS is one of Greece's leading technology software companies, with a mission to provide our clients with innovative, scalable, and secure software solutions that enhance their business performance and customer satisfaction. Through matrix organizational structure we achieve cross-functional collaboration which helps to increase efficiency, innovation, and responsiveness to changing markets. Along with that we introduced a software coaching/mentoring scheme which provides guidance, feedback, and support to software engineers or learners who want to improve their skills, knowledge, and performance.
You will collaborate with experienced and talented people, who will inspire you, mentor you, and help you grow. You will also have access to numerous resources, tools, and facilities that will enable you to do your best work.
As an equal opportunity employer, we celebrate diversity and are committed to creating an inclusive environment for all employees.
Our company is people - centric and offers personalized benefits to each employee:

We want you to be well compensated for what you bring in, so we offer an attractive salary package
Your health matters to us, so all colleagues have a private health insurance plan from day one
Developer’s fuel is coffee, and the supply source is in our kitchen!
We are excited for challenges, so you are invited to take part in exciting projects
We love the Relational vibes so we gather on smaller and bigger occasions to celebrate good times together!

Relational Financial Solutions adheres to the General Data Protection Regulation principles by applying its Privacy Policy as published in https://www.relationalfs.com/legal-information/pri.... By submitting an application to this position and by sharing your personal data with Relational Financial Solutions you acknowledge and accept its Policy and authorise Relational Financial Solutions to process your personal data for the purposes of the company's recruitment opportunities, in line to the Policy.",Mid-level,Full-time,"Athens, Greece",EL,2024-09-03,kariera.gr,167045,,"['http://data.europa.eu/esco/skill/08e2ff26-88ff-47b5-9d37-d19ace01b075', 'http://data.europa.eu/esco/skill/2b7a79e5-84d8-4880-be66-3d9bb05bea17', 'http://data.europa.eu/esco/skill/2fb8480e-de3c-462b-b169-e8bbb344da68', 'http://data.europa.eu/esco/skill/4c016b68-4116-468c-9dc6-42710c239e4a', 'http://data.europa.eu/esco/skill/63f224ea-d889-42ea-b3ef-730ef78c7176', 'http://data.europa.eu/esco/skill/7dfbe0f3-076f-4a19-9eaa-db4d6db704b6', 'http://data.europa.eu/esco/skill/8330c86e-63cf-4be6-849f-4f77628cc5c5', 'http://data.europa.eu/esco/skill/8c4b7305-4b83-4586-9d42-2817f96c60ea', 'http://data.europa.eu/esco/skill/913e7e83-b8f8-4574-b1ca-1b38f3fd974a', 'http://data.europa.eu/esco/skill/a4346013-a967-4a58-a533-6b32ad1364c5', 'http://data.europa.eu/esco/skill/a8d07b5a-c1a1-42c6-9d53-db9c7a2ca996', 'http://data.europa.eu/esco/skill/c062bab3-3ea0-4291-9220-a2d8fef4bead', 'http://data.europa.eu/esco/skill/dba46f87-0831-49cd-a1c7-340a653c0221', 'http://data.europa.eu/esco/skill/f5dd06b8-5d17-4932-9d03-957d0c4f5051', 'http://data.europa.eu/esco/skill/fecf8a0d-62c4-4e71-9b03-0f4fc2ad7bf5']","['http://data.europa.eu/esco/occupation/3fa9a480-ceb3-4c2a-8a91-0508e1bb6ba5', 'http://data.europa.eu/esco/isco/C2519']"
1682,Senior .Net C# Software Engineer,"At Relational FS we know that companies with a strong positive culture perform so much better. That is why every day we strive to create a collaborative and inclusive working environment where our people can feel empowered to succeed.
Are you a skilled and experienced .NET developer looking for an opportunity to grow professionally while working on exciting and challenging projects in a collaborative and dynamic environment?
Relational FS has an opportunity available, to work on complex and challenging new products, to drive transformative change for our top-tier Financial Services clients. Operating in an Agile environment, applications are built with latest modern technologies like C#, microservices and front-end web frameworks.
Responsibilities

Lead features from architecture to implementation alone or as part of a cross-functional team
Work closely with a business analyst team and stakeholders to design the best solutions
Mentor and guide fellow colleagues on industry’s best practices and standards
Test and deliver high-quality software
Mitigate technical risks, issues and proactively address any challenges

Essential Qualifications

Excellent English communication (both verbal and written)
Familiarity with Agile methodologies
Bachelor’s degree in computer science or other relevant field
Firm understanding of Computer Science fundamentals such as OOP, Design Patterns, Data Structures, Algorithms
Firm understanding of C# .NET, Asp.Net WebAPI,
Firm understanding of RDBMS (SQL Server) and ORMs
Firm understanding of microservice architecture
Experience with Front-end technologies, especially angular, will be considered a plus
Experience with REST microservices and Service oriented architecture

Desired Qualifications

Unit testing (Test Driven Development)
Azure DevOps Pipelines (CI/CD)
Cloud native containerized application Docker

What Does our tech stack look like?
At Relational FS, we pride ourselves on adaptability and keeping up with the latest technologies. Our current tech stack looks like this

.NET C#
Azure DevOps CI/CD, Git
Kubernetes, Docker, Harbor
MSSQL, PostgreSQL, Redis, Spark.NET
Prometheus, Grafana, Loci, Jaeger, OpenTelemetry

Why work with us?
Relational FS is one of Greece's leading technology software companies, with a mission to provide our clients with innovative, scalable, and secure software solutions that enhance their business performance and customer satisfaction. Through matrix organizational structure we achieve cross-functional collaboration which helps to increase efficiency, innovation, and responsiveness to changing markets. Along with that we introduced a software coaching/mentoring scheme which provides guidance, feedback, and support to software engineers or learners who want to improve their skills, knowledge, and performance.
You will collaborate with experienced and talented people, who will inspire you, mentor you, and help you grow. You will also have access to numerous resources, tools, and facilities that will enable you to do your best work.
As an equal opportunity employer, we celebrate diversity and are committed to creating an inclusive environment for all employees.
Our company is people - centric and offers personalized benefits to each employee:

We want you to be well compensated for what you bring in, so we offer an attractive salary package
Your health matters to us, so all colleagues have a private health insurance plan from day one
Developer’s fuel is coffee, and the supply source is in our kitchen!
We are excited for challenges, so you are invited to take part in exciting projects
We love the Relational vibes so we gather on smaller and bigger occasions to celebrate good times together!

Relational Financial Solutions adheres to the General Data Protection Regulation principles by applying its Privacy Policy as published in https://www.relationalfs.com/legal-information/pri.... By submitting an application to this position and by sharing your personal data with Relational Financial Solutions you acknowledge and accept its Policy and authorise Relational Financial Solutions to process your personal data for the purposes of the company's recruitment opportunities, in line to the Policy.",Senior,Full-time,"Athens, Greece",EL,2024-09-03,kariera.gr,167043,,"['http://data.europa.eu/esco/skill/08e2ff26-88ff-47b5-9d37-d19ace01b075', 'http://data.europa.eu/esco/skill/2b7a79e5-84d8-4880-be66-3d9bb05bea17', 'http://data.europa.eu/esco/skill/2fb8480e-de3c-462b-b169-e8bbb344da68', 'http://data.europa.eu/esco/skill/4c016b68-4116-468c-9dc6-42710c239e4a', 'http://data.europa.eu/esco/skill/63f224ea-d889-42ea-b3ef-730ef78c7176', 'http://data.europa.eu/esco/skill/7dfbe0f3-076f-4a19-9eaa-db4d6db704b6', 'http://data.europa.eu/esco/skill/8330c86e-63cf-4be6-849f-4f77628cc5c5', 'http://data.europa.eu/esco/skill/a4346013-a967-4a58-a533-6b32ad1364c5', 'http://data.europa.eu/esco/skill/a8d07b5a-c1a1-42c6-9d53-db9c7a2ca996', 'http://data.europa.eu/esco/skill/c062bab3-3ea0-4291-9220-a2d8fef4bead', 'http://data.europa.eu/esco/skill/dba46f87-0831-49cd-a1c7-340a653c0221', 'http://data.europa.eu/esco/skill/fecf8a0d-62c4-4e71-9b03-0f4fc2ad7bf5']",['http://data.europa.eu/esco/occupation/3fa9a480-ceb3-4c2a-8a91-0508e1bb6ba5']
1704,Junior Java / Web Developer,"We are looking for a highly motivated Junior Java / Web Developer passionate with development and maintenance of web-based applications. The successful candidate will join a highly professional team that uses state-of-the-art technologies to implement challenging IT software projects, for major international public organizations. 
You may work fully / partially remotely or from one of our offices (Athens, Thessaloniki).
Main responsibilities and Tasks

Perform development tasks in complex web-based applications;
Participate in the full development lifecycle through the design, implementation, testing, documentation and maintenance of system components;
Collaborate with colleagues adhering to highly professional standards and methods;
Ensure the delivery of quality software.

Requirements

Bachelor’s Degree in computer science, software engineering or related technical field;
Strong analytical capabilities, team- and quality-oriented, keen to learn and excel;
Knowledge of Java, web technologies and databases;
English; German is a strong plus.

Benefits
As a Junior Java / Web Developer you will have the opportunity to work on large international projects with a methodological approach. As part of a friendly team, you will work closely with a highly professional team of full-stack software developers/engineers. As part of an international company, you will contribute to challenging IT software projects for major international public organizations and institutions. As part of a dynamic company, you will get the chance to develop your skills and your career.
We offer a competitive remuneration (either on contract basis or remuneration with full benefits package) based on qualifications and experience, including:

Competitive full-time salary;
Private Health Coverage on the Company’s group program;
Flexible working hours, top - of - the Line tools, language courses, specialized trainings;
A great opportunity to grow and work with innovative and exciting specialists in the industry;
Being part of an environment that offers challenging goals, autonomy and mentoring, which creates development opportunities, both for you and the company.

If you want an exciting challenge, work with some of the coolest technologies and enjoy your time doing it, then join us! Submit your detailed CV in English, quoting reference:(JJDA/09/24).
You may also consider all our other open vacancies by visiting the career section of our web site (www.eurodyn.com) and follow us on Twitter (@EURODYN_Careers) and LinkedIn.
EUROPEAN DYNAMICS (www.eurodyn.com) is a leading European Software, Information and Communication Technologies company, operating internationally (Athens, Brussels, Luxembourg, Copenhagen, Berlin, Stockholm, London, Nicosia, Valetta, Vienna, Den Haag, Hong Kong, etc.) The company employs over 1000 engineers, IT experts and consultants (around 3% PhD, 36% MSc and 53% BSc). We design and develop software applications using integrated, state-of-the-art technology. Our current IT projects have a value exceeding 300 million EURO. EUROPEAN DYNAMICS is a renowned supplier of IT services to European Union Institutions, international organizations, European Agencies and national government Administrations in 40 countries and 4 continents.
As part of our dedication to the diversity of our workforce, we are committed to Equal Employment Opportunity without regard for race, colour, national origin, ethnicity, gender, disability, sexual orientation, gender identity, or religion.
EUROPEAN DYNAMICS (ED) adheres to the General Data Protection Regulation principles by applying its Privacy Policy as published in www.eurodyn.com/privacy. By submitting an application to this position and by sharing your personal data with ED, you acknowledge and accept its Policy and authorise ED to process your personal data for the purposes of the company's recruitment opportunities, in line to the Policy..",Entry / Junior,Full-time,"Athens, Greece",EL,2024-09-03,kariera.gr,167025,,"['http://data.europa.eu/esco/skill/19a8293b-8e95-4de3-983f-77484079c389', 'http://data.europa.eu/esco/skill/2b1ce548-4e16-45fb-bfb2-f3141c8efe8d', 'http://data.europa.eu/esco/skill/385479b7-5da5-4367-9763-0d15b41bb65b', 'http://data.europa.eu/esco/skill/43ae58b9-5e56-4524-b45a-b422777a0576', 'http://data.europa.eu/esco/skill/96eb286a-58b7-45ff-a916-5578d0b79b8c', 'http://data.europa.eu/esco/skill/a8797f21-1af0-4c5e-98ca-bf1442929363', 'http://data.europa.eu/esco/skill/d3e9b00a-0891-4fa8-836d-8240ec3d2758', 'http://data.europa.eu/esco/skill/e24377fb-020b-4430-8bed-86dd539bbf3a']","['http://data.europa.eu/esco/occupation/3d190639-90f8-4402-b1b3-a104a17e0d67', 'http://data.europa.eu/esco/occupation/57af9090-55b4-4911-b2d0-86db01c00b02', 'http://data.europa.eu/esco/occupation/c40a2919-48a9-40ea-b506-1f34f693496d']"
1848,AI and Data Science Frontend Engineering Lead,"Role Summary
Do you want to make an impact on patient health around the world? Do you thrive in a fast-paced environment that brings together scientific, clinical, and commercial domains through engineering, data science, and AI? Then join Pfizer Digital's Artificial Intelligence, Data, and Advanced Analytics organization (AIDA) where you can leverage cutting-edge technology to inform critical business decisions and improve customer experiences for our colleagues, patients and physicians. Our collection of engineering, data science, and AI professionals are at the forefront of Pfizer's transformation into a digitally driven organization that leverages data science and AI to change patients' lives. The Data Science Industrialization team within Data Science Solutions and Initiatives is a critical driver and enabler of Pfizer's digital transformation, leading the process and engineering innovation to rapidly progress early AI and data science applications from prototypes and MVPs to full production.As the AI and Data Science Frontend Engineering Lead, you will be a leader within the Data Science Industrialization team charged with driving the development of web application frontends, particularly those focused on AI use cases. Your responsibilities will span both technical leadership and hands-on development. You will lead a global team and partner with cross-functional business stakeholders and Digital leaders to catalyze identification, design, iterative development, and continuous improvements of web applications that enable use case delivery. Your team will develop best practices and maintain standards for frontend application development. Your team will be accountable to key Pfizer business functions (including Pfizer Biopharma, R&D, PGS, Oncology, and Enabling Functions) for developing Web solutions that support business objectives across all of Pfizer's core business units.




Role Responsibilities

Architecting Solutions: You'll lead the design and architecture of frontend applications, ensuring they align with business goals and technical requirements.
Technical Leadership: Collaborate with cross-functional teams, including backend engineers, product managers, and designers, to define technical roadmaps and prioritize features.
Mentoring and Guidance: Provide guidance to junior frontend developers, fostering a culture of continuous learning and improvement.
Web Development: Create responsive and visually appealing web interfaces using HTML, CSS, and Bootstrap.
JavaScript Webapp Frameworks: Proficiency in both Angular and React is essential. You'll leverage these frameworks to build dynamic and interactive user interfaces.
API Integration: Work closely with backend teams to integrate APIs and ensure seamless data flow between frontend and backend components.
Testing and Optimization: Implement unit tests, end-to-end tests, and performance optimizations to enhance application reliability and speed.
User-Centric Approach: Understand user needs and translate them into intuitive, accessible, and aesthetically pleasing designs.
Collaboration with Designers: Collaborate closely with UI/UX designers to create consistent and delightful user experiences.
Responsive Design: Ensure applications are designed to work seamlessly across various devices and screen sizes.
Enforce coding standards, best practices, and thorough testing (unit, integration, etc.) to ensure reliability and maintainability.
Set a vision, prioritize workstreams, and provide day-to-day leadership, supervision, and mentorship for a global team with technical & functional expertise.
Coach direct reports to adopt best practices, improve technical skills, develop an innovative mindset, and achieve professional growth through technical and organizational thought leadership.

Qualifications
Must-Have

Bachelor's degree in computer science, Software Engineering, or engineering related area.
10+ years of work experience as a frontend developer, with a track record of leading successful projects and software that is deployed as building and deploying Web Applications.
2-3 years of hands-on experience leading software engineering teams
Track record of managing stakeholder groups and effecting change
Recognized by peers as an expert in software, with deep expertise in frontend solution architecture, and hands-on development
Expert knowledge of frontend technologies; familiar with Angular, React,HTML/CSS/Bootstrap​.
Deep understanding of digital accessibility and disability inclusion. Experience developing digital products that comply with accessibility standards.
Familiarity with fundamental data science principles. Understanding concepts like data preprocessing, feature engineering, and statistical analysis is essential.
Adept at creating compelling visualizations. Familiarity with tools like Tableau, Power BI, and similar data visualization libraries.
Understands how to synthesize facts and information from varied data sources, both new and pre-existing, into clear insights and perspectives that can be understood by business stakeholders
Clearly articulates expectations, capabilities, and action plans; actively listens with others' frame of reference in mind; appropriately shares information with team; favorably influences people without direct authority
Clearly articulates scope and deliverables of projects; breaks complex initiatives into detailed component parts and sequences actions appropriately; develops action plans and monitors progress independently; designs success criteria and uses them to track outcomes; engages with stakeholders throughout to ensure buy-in
Ability to manage projects from end-to-end, from requirements gathering through implementation, and development of support processes
Demonstrated experience interfacing with internal and external teams to develop innovative frontend solutions
Strong understanding of Software Development Life Cycle (SDLC)
Highly self-motivated to deliver both independently and with strong team collaboration

Pfizer is an equal opportunity employer and complies with all applicable equal employment opportunity legislation in each jurisdiction in which it operates.
To apply please visit our website www.pfizercareers.com and search job AI and Data Science Frontend Engineering Lead id 4916364.",Senior,Full-time,"Thessaloniki, Greece",EL,2024-09-02,kariera.gr,166852,,"['http://data.europa.eu/esco/skill/09f2f811-a3fb-4de3-a70f-6420a6935575', 'http://data.europa.eu/esco/skill/1d86f05e-e9cc-40ce-99d8-2b21cc71b16b', 'http://data.europa.eu/esco/skill/1ffac4ac-fda7-407d-8ed1-ca8f4a8dc146', 'http://data.europa.eu/esco/skill/33d49d4f-31ec-473f-9b8a-b555aa5116bb', 'http://data.europa.eu/esco/skill/382c11ed-20d5-4ae7-b60e-15fec527fa6c', 'http://data.europa.eu/esco/skill/3e23db60-0c3d-498a-a6ac-ffbed0ecb033', 'http://data.europa.eu/esco/skill/477173ca-5fc2-406b-9122-95d92811f284', 'http://data.europa.eu/esco/skill/47ac9325-b072-4e37-8e40-e6ffed03e851', 'http://data.europa.eu/esco/skill/54660948-b811-49a9-874c-bf2be5f280a2', 'http://data.europa.eu/esco/skill/65e58886-bd1e-4c5b-8ca5-8d9b353c8aa1', 'http://data.europa.eu/esco/skill/6ad40ca3-dc34-4442-b23f-0b1b28936f56', 'http://data.europa.eu/esco/skill/7bb5d9af-0a7e-48a7-a860-0e1ded0f6e75', 'http://data.europa.eu/esco/skill/87de6e49-ca1c-42a4-8751-5ff0b991966b', 'http://data.europa.eu/esco/skill/a6d728e6-d6ba-424c-ad92-d6831290faf0', 'http://data.europa.eu/esco/skill/a8797f21-1af0-4c5e-98ca-bf1442929363', 'http://data.europa.eu/esco/skill/ad05c2bf-3905-4e4c-bd56-6fcfdebc994c', 'http://data.europa.eu/esco/skill/be64bb4c-84ac-4c83-8cc7-fc8593e15136', 'http://data.europa.eu/esco/skill/c2a0c52c-0b4b-4180-a918-92650ea3b458', 'http://data.europa.eu/esco/skill/c881ddd2-9c0e-4743-bd24-36be650493dd', 'http://data.europa.eu/esco/skill/d52382fe-f236-421f-95fe-34fe69d48dbd', 'http://data.europa.eu/esco/skill/df64a7cc-2e96-4304-95d3-56fe0ac2dd39', 'http://data.europa.eu/esco/skill/edebd83d-35f6-4ed5-a940-6c203d178c01', 'http://data.europa.eu/esco/skill/f3c5fae0-c0e3-4410-bc09-62bd82d4cecc', 'http://data.europa.eu/esco/skill/fc54bd7f-0c03-4fdd-af8c-5eb4021e716d', 'http://data.europa.eu/esco/skill/fd33c66c-70c4-40e6-b87c-5495bd3bf26e']","['http://data.europa.eu/esco/occupation/2079755f-d809-49e6-8037-4de6180e54c0', 'http://data.europa.eu/esco/occupation/258e46f9-0075-4a2e-adae-1ff0477e0f30', 'http://data.europa.eu/esco/occupation/50af07f0-7a75-424e-a66d-5a9deea10f4c', 'http://data.europa.eu/esco/occupation/57af9090-55b4-4911-b2d0-86db01c00b02', 'http://data.europa.eu/esco/occupation/866c7813-2c03-47d7-9bdc-192cfbace57c', 'http://data.europa.eu/esco/occupation/8c3f536e-ba66-4321-ba40-363dc39f129b', 'http://data.europa.eu/esco/occupation/8cb59bc4-1f39-477e-beea-effed12d186c', 'http://data.europa.eu/esco/occupation/9f508305-80ce-4111-8722-f2c9b4a44890', 'http://data.europa.eu/esco/occupation/ab7bccb2-6f81-4a3d-a0c0-fca5d47d2775', 'http://data.europa.eu/esco/isco/C214', 'http://data.europa.eu/esco/isco/C221']"
1856,Senior CRM Dynamics Developer,"In Kotsovolos we embrace everything you have to offer.  Join our team and let's #beMORE together!  In numbers  3.000+ Kpeople | 90+ stores | 2 modern training centers | 53.000+ hours of training per year  Our goal  Planning our future and through latest technologies and innovation, make our lives better  Your everyday work-life   Design, develop, and implement Microsoft Dynamics CRM solutions using C#, HTML, JavaScript, Business Processes, PowerApps, and Power Automate  Collaborate with business analysts, stakeholders, and end-users to gather and analyse requirements  Integrate Microsoft Dynamics CRM 365 with other business applications and third-party systems using PowerPlatform and other integration tools  Conduct unit testing and support user acceptance testing (UAT) to ensure the quality and functionality of CRM solutions  Trouble shooting and implementation of updates, patches, and enhancements as needed  Provide training and support to end-users to ensure effective use of the CRM system    As an ideal fit, you should have   Bachelor's degree in Computer Science, Information Technology, or proven working experience as a CRM Dynamics 365 Developer  Understanding of MS D365 capabilities and architecture and the ability to determine the best approach as to when to employ out of the box configurations vs. custom development  Strong background as a developer with expertise in C#,.NET, JavaScript, HTML, and other relevant programming languages  Strong knowledge of PowerPlatform, including PowerApps, Power Automate, and Power BI  Strong communication skills with the ability to explain complex technical concepts to non-technical stakeholders  Knowledge of Agile/Scrum methodologies    What we offer   Continuous training in new technologies and tools  Career development and growth opportunities  Competitive bonus scheme, performance-based  Group health/medical insurance package  Discounts on our company's products  Hybrid working model  Internal wellbeing actions   Join #teamKotsovolos and be part of a team that promotes new technologies, loves to evolve, embraces diversity and is next to society.",,Full-time,"Heraklion, Greece",EL,2024-09-02,kariera.gr,162621,,"['http://data.europa.eu/esco/skill/0af062de-eb43-41e9-9b96-249e2cd22d26', 'http://data.europa.eu/esco/skill/2fb8480e-de3c-462b-b169-e8bbb344da68', 'http://data.europa.eu/esco/skill/477173ca-5fc2-406b-9122-95d92811f284', 'http://data.europa.eu/esco/skill/9e84a506-df06-4be3-874a-fa01293e3dd5', 'http://data.europa.eu/esco/skill/ea412de3-9d7a-4943-8d8c-c6d3c7495d0e']","['http://data.europa.eu/esco/occupation/6a29d804-f775-446c-bec7-35fc4e28ac97', 'http://data.europa.eu/esco/occupation/731f38f1-b08f-4dd5-a25e-f8627c038273', 'http://data.europa.eu/esco/occupation/79fed799-ab3a-43d9-bd91-414c2c3b2f57']"
1858,Software Engineer (Java),"Join INTRALOT as a Software Engineer (Java)!\n\nAre you a Java Developer looking for an opportunity to work with modern technologies and microservices? Do you thrive in a dynamic environment that fosters innovation and technical excellence? If so, we invite you to join our team!\nWhat you'll be doing:\n\n Contributing to the development and evolution of critical backend systems that support our applications and services.\n Developing and maintaining web applications in a microservices environment.\n Writing clean, efficient, and well-documented code.\n Collaborating with the team to analyze requirements and design solutions.\n Supporting internal and external customers when needed.\n Keeping up with the latest technologies and best practices.\n\nWhat we're looking for:\nDegree in Computer Science, Software Engineering, or a related field.3+ years of experience in Java development.We work with Java 17 and are migrating to Java 21 - so you'll have the opportunity to work with the latest technologies!Experience with Spring Boot (currently using 2.6).Understanding of RESTful APIs and microservices architecture.Knowledge of multithreading programming and testing frameworks (JUnit).Experience with databases (MySQL) and ORM frameworks (Hibernate).Familiarity with Source Control (GIT, SVN) and Build Tools (Maven).Knowledge or experience with Kubernetes, Docker, and Kafka.Team player with strong problem-solving skills!\nAbout Us: INTRALOT, a publicly listed company established in 1992, is a leading gaming solutions supplier and operator active in 39 regulated jurisdictions worldwide. With a global workforce of approximately 1,700 employees, INTRALOT is committed to redefine innovation and quality of services in the lottery and gaming sector, while supporting operators in raising funds for good causes. In 2023, INTRALOT was distinguished as a top ten most attractive employer brands in Greece.\nINTRALOT has been awarded the prestigious WLA Responsible Gaming Framework Certification by the World Lottery Association. We always act with integrity and enjoy what we do.\n\nWhy Join Us:\n A competitive compensation package combined with additional benefits.\n Hybrid working model.\n Private Insurance for you and your family.\n Modern facilities, parking inside, enticing restaurant and corporate bus.\n An extensive training program upon induction and throughout employment.\n Exceptional opportunities to learn and develop in a multinational environment.\n Prospects for professional growth both locally and globally.\n\nEqual Opportunity Employer: We celebrate diversity and are proud to be an Equal Opportunity Employer. We welcome applicants from all backgrounds and do not discriminate based on race, color, religion, gender, sexual orientation, national origin, age, marital status, medical condition, disability, or any other protected status. Our premises in Paiania, Attica, are accessible to individuals with disabilities. Join us in shaping the future of gaming and lottery solutions!",N/A,Full-time,"Athens, Greece",EL,2025-06-12,kariera.gr,162615,,"['http://data.europa.eu/esco/skill/0d168770-4d9c-4096-b048-a6577818d306', 'http://data.europa.eu/esco/skill/0ee7b0d6-db98-4785-9948-f2ef415d155a', 'http://data.europa.eu/esco/skill/1fcce318-3212-487a-ac07-4941bc85060d', 'http://data.europa.eu/esco/skill/2636b3d3-843e-46a9-8b4c-a9d6ca3f5a2d', 'http://data.europa.eu/esco/skill/484df271-bb52-49f1-8f50-f19624bf4df2', 'http://data.europa.eu/esco/skill/5bac4bcc-1846-4688-ba02-ad2b51544282', 'http://data.europa.eu/esco/skill/a8797f21-1af0-4c5e-98ca-bf1442929363', 'http://data.europa.eu/esco/skill/adc6dc11-3376-467b-96c5-9b0a21edc869', 'http://data.europa.eu/esco/skill/e24377fb-020b-4430-8bed-86dd539bbf3a', 'http://data.europa.eu/esco/skill/5b26f08b-88bc-45f0-b901-530d7786466b', 'http://data.europa.eu/esco/skill/19a8293b-8e95-4de3-983f-77484079c389']","['http://data.europa.eu/esco/occupation/50af07f0-7a75-424e-a66d-5a9deea10f4c', 'http://data.europa.eu/esco/occupation/57af9090-55b4-4911-b2d0-86db01c00b02', 'http://data.europa.eu/esco/occupation/5fd2980e-22c4-4ace-a394-190c76f4f539', 'http://data.europa.eu/esco/occupation/a9c7a04d-807a-41b5-b441-87c73c73c9c5', 'http://data.europa.eu/esco/occupation/d18a8976-a283-42ad-9541-75c49396dbd7']"
1894,Market Developer - Πωλητής (Νομός Πιερίας),"Το SupFolio είναι μια καινοτόμος εταιρεία πληροφορικής και τεχνολογίας, η οποία δίνει τη δυνατότητα σε όλες τις Επιχειρήσεις Εστίασης να Πραγματοποιούν τις Αγορές τους προς τους Προμηθευτές τους μέσα από το Κινητό τους Τηλέφωνο.
 

Προώθηση και πώληση της πλατφόρμας SupFolio σε πιθανούς πελάτες στον τομέα της εστίασης.
Ανάπτυξη νέων αγορών και πελατών για την επέκταση της παρουσίας της εταιρείας.
Καταγραφή και παρακολούθηση προόδου πωλήσεων με χρήση CRM συστημάτων.
Συνεργασία με το τμήμα μάρκετινγκ για την ανάπτυξη στρατηγικών προώθησης και πωλήσεων.
Παροχή υποστήριξης και εκπαίδευσης στους πελάτες σχετικά με τη χρήση της πλατφόρμας.

​Καθήκοντα

Προσδιορισμός & Στόχευση Πιθανών πελατών για τη Πλατφόρμα στο Κλάδο της Ho.Re.Ca. (Χαρτογράφηση)
Επίσκεψη στο Χώρο του Πελάτη με σκοπό την Επικοινωνία, Παρουσίαση & Επίδειξη της Πλατφόρμας
Καταχώρηση Στοιχείων Πελατών - Αντατροφοδότησης (Feedback)

 

Ευθύνες




Προσέγγιση, Ενημέρωση και Onboarding νέων πελατών της Πλατφόρμας (Προμηθευτές - Εταιρείες Χονδρικής στον τομέα της εστίασης) | Κανάλι Άμεσων Πωλήσεων.
Προσέγγιση, Ενημέρωση και Onboarding νέων συνεργατών (Partners Program) | Κανάλι Έμμεσων Πωλήσεων..
Καταγραφή και Παρακολούθηση της προόδου των πωλήσεων.
Παροχή Ενημέρωσης - Υποστήριξης (Πρώτου Επιπέδου)*Ο Τομέας της Υποστήριξης χωρίζεται σε 3 Επίπεδα Υποστήριξης.
Ανάλυση των αναγκών των πελατών μας και προσφορά λύσεων που προσαρμόζονται στις επιχειρησιακές τους ανάγκες.
Συμμετοχή σε εκθέσεις και εκδηλώσεις για την προώθηση της εταιρείας και την αύξηση του κύκλου πελατών.
Διατήρηση θετικών σχέσεων με τους πελάτες και αντιμετώπιση πιθανών προβλημάτων ή αντιφάσεων.
Οικονομική Διευθέτηση απαιτήσεων της Εταιρείες με τους Πελάτες (Όταν αυτό δεν είναι αυτοματοποιημένο).
Συνεχής εκπαίδευση και ανάπτυξη προσωπικών δεξιοτήτων για τη βελτίωση της απόδοσης και την αντιμετώπιση νέων προκλήσεων.


Οφέλη


Η θέση προκηρύσσεται με σκοπό τη διατήρηση της σε Μόνιμη Βάση μετά το πέρας της Δοκιμαστικής Περιόδου εφόσον πιαστούν οι στόχοι της Εταιρείας για το συγκεκριμένο Νομό.

Ανταγωνιστικό πακέτο αποδοχών που περιλαμβάνει βασικό μισθό από το Πρόγραμμα, έξτρα αποδοχές από την Εταιρεία έως τη συμπλήρωση του ποσού 800Ευρώ Καθαρά το Μήνα και μπόνους βασισμένους στην απόδοση.
Πενθήμερο ωράριο εργασίας (Δευτέρα έως Παρασκευή).
Προοπτικές ανάπτυξης καριέρας σε ένα δυναμικό και αναπτυσσόμενο περιβάλλον.
Εκπαίδευση και κατάρτιση για την απόκτηση νέων δεξιοτήτων και γνώσεων.
Υγιειές περιβάλλον εργασίας με έμφαση στη συνεργασία και την αμοιβαία υποστήριξη.



 

Παροχές & Ωράριο
 

Η εταιρεία παρέχει τα παρακάτω:

Αυτοκίνητο: Η εταιρεία παρέχει υπηρεσιακό αυτοκίνητο για τις ανάγκες των εργαζομένων που αναλαμβάνουν τις πωλητικές δραστηριότητες.
Κινητό: Οι εργαζόμενοι λαμβάνουν υπηρεσιακό κινητό τηλέφωνο για επικοινωνία και παρακολούθηση επαγγελματικών υποθέσεων.
Tablet: Οι εργαζόμενοι λαμβάνουν υπηρεσιακό Tablet για την ορθότερη επικοινωνία, Παρουσίαση και παρακολούθηση επαγγελματικών υποθέσεων.
Ωράριο: Πενθήμερο (Δευτ. - Παρασκευή) Επιλογή i)  9:00 - 17:00 Επιλογή ii) 9:00 - 15:00 & 18:00 - 20:00

 

Απαιτήσεις
 



Προηγούμενη εμπειρία σε πωλήσεις ή σε σχετικό τομέα θα θεωρηθεί επιπρόσθετο πλεονέκτημα.
Εξαιρετικές επικοινωνιακές δεξιότητες και ικανότητα πειθούς.
Ικανότητα να εργαστεί αποτελεσματικά σε ομάδα και ανεξάρτητα.
Ευελιξία και διάθεση για την ανάληψη πρωτοβουλιών.
Ικανότητα να διαχειρίζεται πολλαπλές εργασίες και προθεσμίες.
Άριστη γνώση της ελληνικής και της αγγλικής γλώσσας, προφορικά και γραπτά.
Εξοικείωση με τη χρήση υπολογιστών και εφαρμογών γραφείου.
Αποδοτικός και οργανωμένος με εξαιρετική ικανότητα προτεραιότητας.
Προθυμία για ταξίδια και συμμετοχή σε εκδηλώσεις και επαγγελματικά ραντεβού κατόπιν ανάγκης.",Entry / Junior,Full-time,"Katerini, Greece",EL,2024-09-01,kariera.gr,166808,,[],[]
1943,Engineers - mega water infrastructure project for KSA,"Are you ready to elevate your career with a global leader in construction consulting? Hill International is seeking talented and motivated professionals to join our team! With projects spanning various sectors and locations, Hill International offers a dynamic and stimulating work environment where innovation, collaboration, and excellence are our core values.
Hill International provides comprehensive program, project, and construction management services for clients across diverse sectors undertaking major construction projects worldwide. Our expertise includes cost engineering and estimating, quality assurance, inspection, scheduling, risk management, and claims avoidance. To learn more about Hill International, please visit our website at www.hillintl.com.
We are currently looking to join our team for a mega water infrastructure project in Saudi Arabia: 
 
Business Enablement Lead 
CBU Project Manager
Construction Manager
Department Manager, Project Controls
Department Manager, Ops Excellence Manager
Department Manager, Strategic Planning 
Engineering Interface Manager
Lead Projects Quality Auditor
Performance Monitoring & Reporting Engineer
Performance Monitoring & Reporting Engineer/Specialist
PMO Senior Manager
Power BI/Database warehouse developer
Program Manager
Project Manager 
Projects Management Excellence SME
Senior Design Engineer
Senior Performance Monitoring & Reporting Engineer
Senior Projects Risk Engineer
Senior Scheduling Control Engineer
Senior Strategic Planning Engineer 
Senior Testing & Commissioning Engineer
Technical Enablement Lead
 
Qualifications and Skills: 

civil or mechanical engineering degree from a university
ten years or more of experience working on construction projects
Proficient in English; prior experience in the area is a plus. 

Visit our career Site for a detailed list with the openings  
https://www.careers-page.com/hillinternational
Please apply through KARIERA or send your CV to : apply@hillintl.com
Join us and be part of a team that's shaping the future of the construction industry!",Senior,Full-time,"Chalandri, Greece",EL,2024-08-31,kariera.gr,166759,,"['http://data.europa.eu/esco/skill/06d09f70-6ca8-4078-be72-4c2c2a11ee61', 'http://data.europa.eu/esco/skill/0daaf096-1639-461c-bf1a-bbeea77e6b67', 'http://data.europa.eu/esco/skill/1177c6f5-09c5-4c35-873c-afd22d170ad3', 'http://data.europa.eu/esco/skill/6d3edede-8951-4621-a835-e04323300fa0', 'http://data.europa.eu/esco/skill/70159320-b7f9-4d3e-9f00-99e0adf3f77e', 'http://data.europa.eu/esco/skill/949ced5f-7536-4614-ac60-563ffc91a2f2', 'http://data.europa.eu/esco/skill/cd5efa8c-e44d-4cbc-91c6-796018dbed68']","['http://data.europa.eu/esco/occupation/2b48a4cd-2333-4abf-ac3e-6f63d6ed3663', 'http://data.europa.eu/esco/occupation/326027fc-5408-47cd-9b32-fbe770dbbe80', 'http://data.europa.eu/esco/occupation/3f3748a7-4bb3-40b4-9ae3-1c5040c70f52', 'http://data.europa.eu/esco/occupation/4f49df98-98b8-4a9e-98ad-9c5557817eba', 'http://data.europa.eu/esco/occupation/53cdd34e-22f2-41bd-b3c7-de22bf9bbcae', 'http://data.europa.eu/esco/occupation/68ad860f-c5cd-420f-840f-993e3e813508', 'http://data.europa.eu/esco/occupation/6fc8f605-98b9-4218-b5e2-91c4c9c55c4d', 'http://data.europa.eu/esco/occupation/76abbb82-c103-4d7a-a4c0-14dba4d6199a', 'http://data.europa.eu/esco/occupation/94e0bedd-e56e-42be-a5a4-b74a260f437c', 'http://data.europa.eu/esco/occupation/b09acdda-6680-49d1-a411-129610ee3bc0', 'http://data.europa.eu/esco/occupation/bea99fea-0383-4c63-b944-70d4799de2c5', 'http://data.europa.eu/esco/occupation/f31f487b-4ce2-40f3-90e8-7d0011b4ef1d', 'http://data.europa.eu/esco/occupation/fcf9024e-277c-43c7-8ec8-8903e5c9c576', 'http://data.europa.eu/esco/isco/C1323']"
1968,Collection Manager,"Role
As part of the Supply team and under the supervision of the Head of Business Development and supply, your main responsibilities will be to develop the portfolio of homes, sourcing new luxury homes matching our customers' search criteria, and overseeing the entire process of adding them to the catalogue. You will also manage and develop a portfolio of luxury properties, ensuring they meet The Collectionist's criteria. Your role covers a specific destination and involves a certain approach to property management.
 
Objectives
 
Market research and analysis

Conduct thorough market research to identify emerging trends, potential clients, and
investment opportunities
Analyse the competitive landscape and create strategies to position our rental offerings effectively.
Use data-driven insights to make informed business decisions.

 
Business objectives - sourcing

Participate in building consistent goals in line with the LC Group budget and guidelines
Implement and coordinate the company's business plan
Recruit new owners/properties to achieve revenue targets and support local operations teams to attain their goals
Maintain strong owner relationships throughout the year to optimise financial terms and secure availability
Identify and develop new destinations in the area to accelerate local office growth
Create compelling sales presentations and materials if needed
Demonstrate a proven track record of meeting or exceeding sales targets
Effectively negotiate and close deals
Effectively communicate and collaborate with cross-functional teams
Demonstrate excellent interpersonal and networking skills

Collection addition process

Search for new luxury properties that meet Le Collectionist's standards in strategic destinations.
Evaluate the relevance of properties based on selection criteria and market needs.
Negotiate with property owners to establish favourable partnerships
Full process management for adding to the collection catalogue
Supervise and coordinate the entire process, from initial selection to the online listing of properties
Collaborate closely with internal teams, Rental Manager and marketing teams

 
Strategy & Governance

Identify and capitalise on new business opportunities (potential acquisition targets for
example)
Support the target assessment with operational insights during the Due Diligence phase.
Ensure compliance with local laws and regulations (mandates, licenses, etc.)

Local Branding

Networking within industry events, conferences, and relevant business circles to expand the company's reach
Establishing and nurturing relationships with potential clients, partners, and stakeholders

Portfolio management of properties

Manage a portfolio of luxury properties, ensuring they meet Le Collectionist's standards
Develop the property portfolio by identifying new opportunities and respecting selection criteria in collaboration with the Business Developer
Maximize revenue realization conditions for your portfolio
Select the owners with whom to negotiate and convince to sign an exclusivity mandate, seasonal purchases or free up availability for our agency
Promote and sell additional products to property owners
Contribute to the creation and management of a network of owners in our main destinations
Participate in establishing annual objectives and budgets for the Supply department

 
Optimize your portfolio properties' income.

Act as a facilitator and negotiator during transactions with owners (support to sales teams)
Monitoring KPI for each property in the portfolio (owner income, number of requests, conversion rate, occupancy rate, etc.)
Maximize the conditions for achieving turnover on your portfolio
Performance analysis and recommendations to owners
Development and deployment of action plans to improve indicators
Monthly, quarterly or annual meetings with owners to maintain a good relationship as well as provide advice to optimize the performance of their property, as well as good operational management

 
Property management

Assume the primary relationship with each portfolio owner, from the visit to updating information intended for internal teams and clients.
Coordinate the collection of data and organize photography sessions for onboarding properties.
Monitoring the update of legal documents (Protexa, licenses, mandates, etc.)
Support for Stay teams in negotiating with owners’ security deposit deduction or compensation by tenants

 
Stay and Sales Team Training Support

Participate in the training of Stay teams (support on pre-season visits, first arrivals, VIP arrivals, creation of video training content, etc.).
Training of Sales teams and support in closing portfolio deals

 
Profile 

Degree from a business or management school
Bilingual in English and Greek, French would be an additional asset
Embody the company's values and strategy as defined by management
Ability to work independently while collaborating effectively with the team
Excellent communication, negotiation, and interpersonal skills
Ability to analyze data and make decisions based on factual information
Results-oriented with a commitment to service excellence
Passion for the luxury property rental sector and the travel industry

 
Perks

Monthly food coupon
2 remote days per week
One day off for your birthday (excluding weekends and public holidays)
A laptop & a phone
Events all year round (Christmas Party, Summer Party...)

Note: The above job description is a general overview and may be subject to change based on the organization's specific requirements and priorities.",Mid-level,Full-time,"Kifisia, Greece",EL,2024-08-31,kariera.gr,166711,,"['http://data.europa.eu/esco/skill/0bfb44c7-c412-49ed-aab4-e33d0dd3b265', 'http://data.europa.eu/esco/skill/1f1d2ff8-c4c1-45cc-9812-6a7ee84a73cb', 'http://data.europa.eu/esco/skill/4c5d616e-f6d8-4fb4-8ce6-89a4b048b916', 'http://data.europa.eu/esco/skill/63cfa540-d7fa-4756-9fad-1b340344655b', 'http://data.europa.eu/esco/skill/7954861c-86d4-4529-afbb-2c23dab9ac74', 'http://data.europa.eu/esco/skill/9531fe02-1e1f-4a36-95f7-a76a77cd4b8d', 'http://data.europa.eu/esco/skill/b0b453d0-c5d2-4799-ab26-8d90b17d0e67', 'http://data.europa.eu/esco/skill/b1a1149a-9bc5-468d-9d09-f6d171cfd619', 'http://data.europa.eu/esco/skill/bd698bbe-7003-4508-b422-46c2ff4d5e95', 'http://data.europa.eu/esco/skill/df5e3d02-9f0f-44ee-91c2-85c62f161868', 'http://data.europa.eu/esco/skill/ea4ebfa1-e17a-4416-ac54-955f33e6ade7', 'http://data.europa.eu/esco/skill/05cd9341-0d92-4bcc-983c-bf47132ac3f8', 'http://data.europa.eu/esco/skill/15d76317-c71a-4fa2-aadc-2ecc34e627b7', 'http://data.europa.eu/esco/skill/477173ca-5fc2-406b-9122-95d92811f284', 'http://data.europa.eu/esco/skill/8770350e-746f-4adb-9556-18ca68104be6', 'http://data.europa.eu/esco/skill/87de6e49-ca1c-42a4-8751-5ff0b991966b']","['http://data.europa.eu/esco/occupation/0f5b4653-50b2-413a-826d-39d447480c21', 'http://data.europa.eu/esco/occupation/291da1ab-1f90-426d-bbc5-60d0fa7d608b', 'http://data.europa.eu/esco/occupation/37f7677a-97d1-420b-a8b0-09339472121f', 'http://data.europa.eu/esco/occupation/4f49df98-98b8-4a9e-98ad-9c5557817eba', 'http://data.europa.eu/esco/occupation/5e4d156a-1f05-4b2c-b0f0-5abb82d52ed6', 'http://data.europa.eu/esco/occupation/96be6ac3-5932-4bfc-933d-84b267d0d486', 'http://data.europa.eu/esco/occupation/a7594892-ff23-4e2a-aedf-2f967ebca15c', 'http://data.europa.eu/esco/occupation/aacc3918-b5d3-484b-9480-5d29aa550d74', 'http://data.europa.eu/esco/occupation/b76178c0-a03a-4793-b079-1e61e636c521', 'http://data.europa.eu/esco/occupation/40517ed4-2769-4283-a15b-4b0d939bd2d3', 'http://data.europa.eu/esco/occupation/4791e217-d607-40d5-9f84-df1d0a071cbc', 'http://data.europa.eu/esco/occupation/57b459d4-655c-4053-b189-3c249ce33faf', 'http://data.europa.eu/esco/occupation/66fb9704-0d56-4673-8e69-7823816b73e1', 'http://data.europa.eu/esco/occupation/6cd08cbe-7611-4d70-8886-6c59c0385442', 'http://data.europa.eu/esco/occupation/7e46c066-2b98-4eaf-bed6-9848c79902e0', 'http://data.europa.eu/esco/occupation/de31a27f-c6ba-4d4f-87cd-b405e1852121']"
2011,Software Developer,"We are seeking for developers with at least 3 years of professional experience in the field of Web Applications and rich client platforms. The candidates must have experience in the following:

.NET FRAMEWORK: Visual Studio, LINQ, VB.NET, C#
SQL Server (+ Store Procedures, Functions)
ASPX
MVC
JAVASCRIPT
HTML 5
CSS

Complementary knowledge
Not obligatory but giving a great advantage would be knowledge in the following fields:

DEVEXPRESS
CORDOVA
JQUERY
REACT NATIVE

Skills & Abilities
Analysis & Problem Solving

Ability to identify key processes in a required task and breakdown to the smallest units and transform those into coding logic.

Object oriented programming

It is crucial for the candidate to have the ability to identify objects and their relationships and practice development patterns following an object approach as opposed to a procedural line of thinking.

Communication & teamwork

Interaction between team members is vital for the success of our goals. Healthy constructive discussions and exchange of ideas is an ongoing daily process.

Personal growth

Eagerness to evolve, learning new material, expanding on knowledge via research and hands on projects.

We offer

Competitive compensation packages
Continuous learning & career growth
Friendly work environment

Contact Us
We would be delighted to have an opportunity to meet in person.
CVs can be sent to: info@onlinedata.gr
All applications will be treated as strictly confidential",Mid-level,Full-time,"Kallithea, Greece",EL,2024-08-31,kariera.gr,166666,,"['http://data.europa.eu/esco/skill/13bdd41a-2a18-441f-96db-41252c519413', 'http://data.europa.eu/esco/skill/4c016b68-4116-468c-9dc6-42710c239e4a', 'http://data.europa.eu/esco/skill/56a7f561-1d55-43c9-9cd7-36a0a9bc6c50', 'http://data.europa.eu/esco/skill/c7d24594-0c11-4b27-9039-fe0bb903da8e']","['http://data.europa.eu/esco/occupation/6cd08cbe-7611-4d70-8886-6c59c0385442', 'http://data.europa.eu/esco/occupation/c40a2919-48a9-40ea-b506-1f34f693496d']"
2080,GCS Sr. Associate Analytics Solution Engineer,"ROLE DETAILSAll over the world, Pfizer colleagues are working together to positively impact health for everyone, everywhere. Each position at Pfizer touches and contributes to the success of our business and our world. That's why, as one of the global leaders in the biopharmaceutical industry, Pfizer is committed to seeking out inspired new talent who share our core values and mission of making the world a healthier place.R&D within AIDA (AI, Data and Analytics), a Pfizer Digital organization, is responsible for the development and management of all data and analytics tools and platforms across the enterprise - from global research and development, to manufacturing, to commercial, to patient care across over 100+ countries. One of the team's top priorities is the advancement of AI/ML enabled analytics and the creation of data solutions that can be leveraged across the enterprise.R&D in AIDA holds responsibility for the development and operations of the aggregate data solutions (data lakes and associated application portfolios) supporting Pfizer's scientific and clinical functions.The Sr. Associate Solution Engineer will develop scientific data solutions with a team of peer developers, digital client partners, architects, platform leads and contract support personnel under the direction of a senior software developer.




ROLE RESPONSIBILITIES

Develop, maintain, and improve new and existing data solutions with a strong sense of accountability and attention to quality.
Collaborate closely with other engineers and team leaders to become a valued member of an autonomous, cross-functional team.
Translate high-level business problems into solutions using data-driven modeling and analysis.
Perform stringent testing of code written, including designing and writing automated tests to allow for continuous delivery.
Define and maintain related artifacts that support data integration.
Clearly and regularly communicate with line management and colleagues.
Mentor your more junior developer colleagues and perform tasks such as peer code reviews, provide feedback and corrections as necessary.
Help the team embrace agile core values, adopt, and apply those principles, and implementation practices.

QUALIFICATIONSProfessional Experience and Educational Requirements

BS/MS in Computer Science, Engineering, or related field.
3+ years' experience in data solutions and analytics development.
Fundamental knowledge in programming using Python and Pyspark.
Demonstrated knowledge of Structured query language (SQL).
Back-end experience with databases such as Oracle, RedShift, and Snowflake.
Knowledge of Big Data technologies.
Ability to work independently, in a team environment and multi-task effectively.
Flexible and willing to accept a change in priorities as necessary.
Strong attention to detail with high standards of quality and customer value.
Self-motivated and proactive with the ability to take ownership of issues.
Excellent oral and written communication skills.

PREFERRED QUALIFICATIONS

Experience with developing identity management solutions desirable.
Experience in developing solutions aimed at medical professionals desirable.
Experience in the Pharma industry desirable.
Experience in modern software development practices including distributed versioning systems, continuous integration/deployment, automated testing (DevOps).
Working knowledge of Jira, GitHub, and Docker.
Experience with AWS and demonstrated understanding of cloud application architectures (We heavily leverage AWS and experience of its services and how to use them is a definite bonus).

Pfizer is an equal opportunity employer and complies with all applicable equal employment opportunity legislation in each jurisdiction in which it operates.
To apply please visit our website www.pfizercareers.com and search job GCS Sr. Associate Analytics Solution Engineer with id 4918714.",Senior,Full-time,"Thessaloniki, Greece",EL,2024-08-30,kariera.gr,166592,,"['http://data.europa.eu/esco/skill/082967d4-b94c-4305-aa13-35a6aa8c5c7c', 'http://data.europa.eu/esco/skill/08e2ff26-88ff-47b5-9d37-d19ace01b075', 'http://data.europa.eu/esco/skill/0b144726-21c2-46ed-8d13-c03d27f61604', 'http://data.europa.eu/esco/skill/0d6714c6-720e-4985-9791-5ab85d28da79', 'http://data.europa.eu/esco/skill/11430d93-c835-48ed-8e70-285fa69c9ae6', 'http://data.europa.eu/esco/skill/1605025e-a179-421f-8f35-5b07d182a6b2', 'http://data.europa.eu/esco/skill/1b957e3d-0017-42b0-9bfe-49a1cdd31de7', 'http://data.europa.eu/esco/skill/97bd1c21-66b2-4b7e-ad0f-e3cda590e378', 'http://data.europa.eu/esco/skill/9cf681c7-89ec-470c-b651-7fe03786f586', 'http://data.europa.eu/esco/skill/ab1e97ed-2319-4293-a8b7-072d2648822f', 'http://data.europa.eu/esco/skill/bc0b0b5d-f6be-405a-b224-b6902a4dbe97', 'http://data.europa.eu/esco/skill/ccd0a1d9-afda-43d9-b901-96344886e14d', 'http://data.europa.eu/esco/skill/f0de4973-0a70-4644-8fd4-3a97080476f4', 'http://data.europa.eu/esco/skill/f8e3425c-fe44-4ffb-bafe-0e20d91dadf4']","['http://data.europa.eu/esco/occupation/2fb96c6c-8d0b-4ef0-b1ee-3e493305e4eb', 'http://data.europa.eu/esco/occupation/53cdcc84-e5ee-488c-aa09-88084e06d6d7', 'http://data.europa.eu/esco/occupation/8c3f536e-ba66-4321-ba40-363dc39f129b', 'http://data.europa.eu/esco/occupation/bd9d395a-d587-45c6-8d72-ceef226df9e1', 'http://data.europa.eu/esco/occupation/cc325a8f-702e-4bf0-893f-5b5d456475ad', 'http://data.europa.eu/esco/occupation/cc867bee-ab5c-427f-9244-f7a204d9574b', 'http://data.europa.eu/esco/occupation/f2b15a0e-e65a-438a-affb-29b9d50b77d1', 'http://data.europa.eu/esco/isco/C214']"
2148,Senior Database Engineer,"Company DescriptionAbout Netcompany-IntrasoftWe are Netcompany-Intrasoft, a leading European IT Solutions and Services Group with strong international presence and expertise, offering innovative and added-value solutions of the highest quality to a wide range of international and national public and private organizations. More than 500 organizations in over 70 countries worldwide have chosen the company's services and solutions to fulfill their business needs.For more information regarding our company, current projects, and openings around Europe, please consult our website: www.netcompany-intrasoft.com.Job DescriptionA day in the life of a Database Engineer for the Public Sector:Design and develop database, ensuring optimal performance, security, and scalability.Maintain and enhance existing databases to improve performance, upgrade interfaces, and integrate new features.Collaborate with application developers to integrate databases with existing applications and support application development.Write well-designed, testable, efficient database scripts, stored procedures, and functions.Provide support by troubleshooting and resolving database issues.Document database schemas and development processes.Stay informed of new technologies and best practices in database development.QualificationsBachelor's degree in Computer Science, Information Technology, or a related field.Proven work experience as a Database Developer or similar role with at least 2 years experience.Strong understanding of SQL and experience with database technologies such as MySQL, PostgreSQL, Oracle.Experience with database design, documentation, and coding.Familiarity with software development methodologies and the software development lifecycle.Additional InformationWe ensure equal opportunities, treatment, and consideration to all candidates. Discrimination based on sex, racial or ethnic origin, religion or belief, disability, age, sexual orientation or marital status, physical or mental disability, or any other factor protected by applicable laws and regulations is prohibited. At Netcompany-Intrasoft we respect human rights as part of our culture, and we focus on creating a positive workplace in which all employees are valued and where diversity and inclusivity are welcomed.The safety and well-being of our employees remain our top priority. Please note that Netcompany-Intrasoft's recruitment process is being conducted virtually due to preventive measures against the Covid-19 pandemic.Our cultureOur people are the most important element of our success. Our work life is well defined by our set of fundamental Values: https://bit.ly/3SSbBzU  #BePartOfSomethingGreat!*Please submit your CV in EnglishAll applications will be treated as strictly confidential.",,Full-time,"Athens, Greece",EL,2024-08-30,kariera.gr,149471,,"['http://data.europa.eu/esco/skill/07e51c60-763a-4335-b4ec-70a15f66d328', 'http://data.europa.eu/esco/skill/09f2f811-a3fb-4de3-a70f-6420a6935575', 'http://data.europa.eu/esco/skill/23ac233d-84ad-4517-b0f5-8ca19ba2614e', 'http://data.europa.eu/esco/skill/385479b7-5da5-4367-9763-0d15b41bb65b', 'http://data.europa.eu/esco/skill/64db87c7-2360-4e20-88d3-d222402e477c', 'http://data.europa.eu/esco/skill/84f58e3d-8669-4d83-8c1d-5dd1e73a654f', 'http://data.europa.eu/esco/skill/a8d07b5a-c1a1-42c6-9d53-db9c7a2ca996', 'http://data.europa.eu/esco/skill/bb40da1a-232f-4ba1-a9f5-5283a4fb7a7a', 'http://data.europa.eu/esco/skill/de9f85ba-e77f-48fd-8c66-f5ebaf32d655', 'http://data.europa.eu/esco/skill/f9738fc9-4d67-43e8-bfda-954123e34d42']","['http://data.europa.eu/esco/occupation/01ffb917-98dc-48c1-91ad-93c4104e791d', 'http://data.europa.eu/esco/occupation/b11e1742-5e28-4270-b081-b0193d85ee7d', 'http://data.europa.eu/esco/occupation/e9507d34-c70f-474f-a4a3-d2cbfe50f6e9', 'http://data.europa.eu/esco/isco/C2521']"
2154,Senior Node.js Developer,"The Institute of Computer Technology and Publications (ITYE) ""DIOFANTOS"", NPID non-profit organization, with a strategic role in supporting the Ministry of Education, Religion and Sports (YPAITHA) in the implementation of digital education actions and a development agency and operation of technological infrastructures and services of the Ministry of Primary and Secondary Education, is looking for a Senior Node.js Developer who will join the technical team of the Directorate of Educational Technologies, Training and Certification (DiETEP) of the ITU.
Position Description
The candidate will join as a Node.js Developer in the technical team of the Digital Educational Platform e-me (e-me.edu.gr), which is developed, expanded and supported by the ITYE on behalf of the Ministry of Finance.
Candidate Profile
The ideal candidate must have:

University Studies in Informatics (or in positive sciences, with a Master's Degree in Informatics).
Work experience as Backend Developer or Full-stack Developer, at least 4 years
At least 2 years of Node.js/Express.js experience
Experience with RESTful APIs
Experience in non-relational databases (MongoDB)

It will also be appreciated:

Good knowledge of HTML, CSS, JavaScript
Experience with Git code version control systems
Very good written and oral communication skills in Greek and English

Skills / Abilities

Operation in group context
Consistency & Professionalism
Perception and responsibility
Emphasis on the quality of results
Organization & Time Management

Allowances

Very friendly and pleasant work environment
Satisfactory salary package commensurate with qualifications
Flexibility in arrival time 
Participation in systems and applications with significant impact (very large number of users and wide utilization in the field of education)

Employment: Full time
Headquarters: Athens (Constitution)
An interview will follow with those candidates who are deemed to be able to meet the requirements of the position.
All applications are considered strictly confidential.",Senior,Full-time,"Athens, Greece",EL,2024-08-30,kariera.gr,166515,,"['http://data.europa.eu/esco/skill/199f7919-5114-41b6-b6a5-41e0e4896ec1', 'http://data.europa.eu/esco/skill/3cd569a2-4f88-4c1e-9995-8dce8c5e51a7', 'http://data.europa.eu/esco/skill/78d90f00-5226-44fc-95c2-0d8dac6b081b', 'http://data.europa.eu/esco/skill/9d2e926f-53d9-41f5-98f3-19dfaa687f3f', 'http://data.europa.eu/esco/skill/d0c6d77e-cb25-4770-bf77-2073fc5f7523']",['http://data.europa.eu/esco/isco/C233']
2155,Senior PHP Developer,"The Institute of Computer Technology and Publications (ITYE) ""DIOFANTOS"", NPID non-profit organization, with a strategic role in supporting the Ministry of Education, Religion and Sports (YPAITHA) in the implementation of digital education actions and a development agency and operation of technological infrastructures and services of the Ministry of Primary and Secondary Education, is looking for a Senior PHP Developer who will join the technical team of the Directorate of Educational Technologies, Training and Certification (DiETEP) of the ITU.
Position Description
The candidate will join as a Senior PHP Developer in the technical team of the Digital Educational Platform e-me (e-me.edu.gr) which is developed, expanded and supported by ITYE on behalf of YPAITHA.
Candidate Profile
The ideal candidate must have:

University Studies in Informatics (or in positive sciences, with a Master's Degree in Informatics).
Work experience as Backend Developer or Full-stack Developer, at least 4 years
PHP experience, at least 2 years
Good knowledge of HTML, CSS, JavaScript 

It will also be appreciated:

Experience in relational databases (MySQL, MariaDB)
Experience with RESTful APIs
Experience in WordPress CMS plugin development
Experience with Git code version control systems
Very good written and oral communication skills in Greek and English

Skills / Abilities

Operation in group context
Consistency & Professionalism
Perception and responsibility
Emphasis on the quality of results
Organization & Time Management

Allowances

Very friendly and pleasant work environment
Satisfactory salary package commensurate with qualifications
Flexibility in arrival time 
Participation in systems and applications with significant impact (very large number of users and wide utilization in the field of education)

Employment: Full time
Headquarters: Athens (Constitution)
An interview will follow with those candidates who are deemed to be able to meet the requirements of the position.
All applications are considered strictly confidential.",Senior,Full-time,"Athens, Greece",EL,2024-08-30,kariera.gr,166513,,"['http://data.europa.eu/esco/skill/199f7919-5114-41b6-b6a5-41e0e4896ec1', 'http://data.europa.eu/esco/skill/4350c38d-0fe9-4ca7-bab9-40ed7f72b04f', 'http://data.europa.eu/esco/skill/78d90f00-5226-44fc-95c2-0d8dac6b081b', 'http://data.europa.eu/esco/skill/9d2e926f-53d9-41f5-98f3-19dfaa687f3f', 'http://data.europa.eu/esco/skill/d0c6d77e-cb25-4770-bf77-2073fc5f7523']",['http://data.europa.eu/esco/isco/C233']
2190,Full Stack Developer,"At Business Cloud we are looking for an experienced Full Stack Developer for our team. The ideal candidate will have expertise in Laravel and Angular. Experience with Ionic would be considered desirable but not required.
Required Qualifications- Good knowledge of Laravel.- Experience in Angular.- Good knowledge of databases (MySQL/MariaDB).
Desired Qualifications- Experience with Ionic.- Knowledge of linux.- Previous experience in web application development.
Benefits- Competitive salary.- Pleasant and dynamic work environment.- Continuous training and professional development opportunities.- Work from home with flexible hours
 
Send resumes: jobs@businesscloud.gr",Mid-level,Full-time,"Athens, Greece",EL,2024-08-30,kariera.gr,166466,,['http://data.europa.eu/esco/skill/1ffac4ac-fda7-407d-8ed1-ca8f4a8dc146'],[]
2192,Business Developer Horeca Kilkis,"The role of Business Developer is at the heart of Coca-Cola Tria Epsilon and is a position where you directly see the impact of your work every day. As a Business Developer, you will be responsible for managing a broad portfolio of some of the most iconic global and local soft drink, juice and beverage brands. You will meet our customers every day, and you will be the face of Coca-Cola Tria Epsilon in the market. As a member of our team, you will have the constant support to achieve high performance and develop daily in a fast-paced and dynamic environment. Resources & Experience* I have similar previous experience in a similar external sales position in the same or similar industry* Driving License* Desired degree AEI/TEI/IEK* Excellent knowledge of the Greek language* I am result-oriented and able to create trusting relationships* I am characterized by customer-centricity & I focus on the customer's needs* I can plan and schedule my work effectively, setting priorities and proposing solutions* I work collaboratively and responsibly* I am interested in my personal & professional development Responsibilities as a Business Developer* Your daily mission: drive sales and market activation with a broad portfolio of iconic global and local brands* You will achieve goals by implementing leading sales and market activation tools * You will build trusting relationships by finding the best solutions for our clients to achieve the highest level of customer satisfaction* You will collaborate and share best practices with your team to support each other in developing your skills* You will gather information about with market and customer developments to adapt to them to grow and win with our customers every day* You will have a scheduled itinerary for customer visits to focus on the core of your job* I carry out store activation activities focusing on merchandising standards to expand customer transactions* I promote team spirit by working closely with team members as well as with members of other departments, always aiming for my own growth* I am open to giving and receiving frequent feedbackBenefits* Company car & travel expenses * Mobile & iPad* Daily support* Product availability* Bonus based on achievement of goalsAt Coca-Cola HBC, diversity thrives and we strive to eliminate all forms of stereotyping. This means we provide equal opportunities for everyone, regardless of race, color, religion, age, special needs, sexual orientation or gender identity. Come and join our team, so that we can continue to create an environment of inclusion, where everyone belongs and contributes collectively to success.",Entry / Junior,Full-time,"Kilkis, Greece",EL,2024-08-30,kariera.gr,166468,,"['http://data.europa.eu/esco/skill/2b2d7c6a-229a-40ba-80f3-b5b5766161a0', 'http://data.europa.eu/esco/skill/c09bf6d4-f8a7-40f3-aead-ef01643f2352', 'http://data.europa.eu/esco/skill/e24377fb-020b-4430-8bed-86dd539bbf3a']","['http://data.europa.eu/esco/occupation/9a26d76b-b9e3-46ae-ab4b-057a1262138b', 'http://data.europa.eu/esco/occupation/b76178c0-a03a-4793-b079-1e61e636c521']"
2257,"Manager, AWS Developer","Why Patients Need You
Technology impacts everything we do. Pfizer's digital and 'data first' strategy focuses on implementing impactful and innovative technology solutions across all functions from research to manufacturing. Whether you are digitizing drug discovery and development, identifying solutions, or making our work easier and faster, you will be making a difference to countless lives.
What You Will Achieve
Your technical skills will help us develop and support robust softwares for our business. Due to your expertise, you will develop program logic for new applications and modify existing ones. You will support a range of activities, such as coding, testing, debugging, documentation, implementation and maintenance of software applications and cloud infrastructure for Pfizer.As a Manager, you will take ownership of long running tasks and goals. Your planning skills will help in preparing requirements, and providing areas of improvement for products, processes or services. Through your comprehensive knowledge of principles, concepts and theories of the discipline, you will also work towards advancing new concepts and methodologies. You will be able to take a leadership role to facilitate agreements between different teams.It is your hard work and dedication that will help in making Pfizer ready to achieve new milestones and help patients across the globe.
How You Will Achieve It

Provide guidance, lead/co-lead projects, manage own time to meet objectives and plan resource requirements for projects across the department.
Prepare and deliver operational updates to business stakeholder groups and solution delivery leads.
Ensure alignment across the Pfizer Digital organization and service providers effectively utilizing the Pfizer Digital organization.
Create a culture of Continuous Improvement including creating new projects focused on technical and organizational issues and monitoring improvement efforts.
Work with contract resources to deliver services, projects & operating support models for delivered solutions and ensure technology solutions meet the needs of the business.
Establish an environment where the team can be as effective as possible, addressing team dynamics, and ensuring a good relationship between the development team and product owner.
Manage global digital services in conjunction with the product & service owners.
Identify opportunities to decommission applications or move to regional or global solutions.
Drive Application rationalization to reduce local applications to the absolute minimum.

Qualifications
Must-Have

BSc degree is required.
5+ years' relevant experience.
2+ years' experience with AWS, Azure, and/or Google public cloud experience in a production environment.
Experience with developing secure cloud based applications using languages such as Python and Typescript.
Experience designing, orchestrating, and deploying container based solutions using Docker and related AWS services.
Familiarity with infrastructure as a code tools such as Terraform.
Deep understanding of web based and mobile application technologies and concepts.
Excellent interpersonal and communication skills with the ability to build relationships and deliver effective presentations to a variety of audiences.
Demonstrate effective organization and time management.
Ability to work independently and multi-task effectively.

Nice-to-Have

Master's degree.
Relevant pharmaceutical industry experience.
Experience with agile methodology and continuous delivery approaches.
Proven relevant progressive experience as an Informational technology professional, preferably in a pharmaceutical industry.

Pfizer is an equal opportunity employer and complies with all applicable equal employment opportunity legislation in each jurisdiction in which it operates.
 
To apply please visit our website www.pfizercareers.com and search job Manager, AWS Developer id 4918744.",Senior,Full-time,"Thessaloniki, Greece",EL,2024-08-30,kariera.gr,166387,,"['http://data.europa.eu/esco/skill/0550431f-9c8b-4204-9c45-59bc5feacf06', 'http://data.europa.eu/esco/skill/07e51c60-763a-4335-b4ec-70a15f66d328', 'http://data.europa.eu/esco/skill/0b144726-21c2-46ed-8d13-c03d27f61604', 'http://data.europa.eu/esco/skill/2522a6ce-3202-4ac8-9f5b-b9cb5a3a83a1', 'http://data.europa.eu/esco/skill/2c4e11ef-da18-4e19-816b-e6bc19e12424', 'http://data.europa.eu/esco/skill/385479b7-5da5-4367-9763-0d15b41bb65b', 'http://data.europa.eu/esco/skill/477173ca-5fc2-406b-9122-95d92811f284', 'http://data.europa.eu/esco/skill/609a8ac1-9d29-4237-9886-596dbbe7ca8a', 'http://data.europa.eu/esco/skill/7bb5d9af-0a7e-48a7-a860-0e1ded0f6e75', 'http://data.europa.eu/esco/skill/7c05199f-7b03-4a4a-afee-7c9dfcf9066a', 'http://data.europa.eu/esco/skill/867137fb-ff1b-4ca3-99f3-cb6969aa2c68', 'http://data.europa.eu/esco/skill/b8c01891-e3df-4a4b-948d-95b45e1788f5', 'http://data.europa.eu/esco/skill/dba46f87-0831-49cd-a1c7-340a653c0221']","['http://data.europa.eu/esco/occupation/070e94a8-a933-4557-9b95-fefe7f4f1763', 'http://data.europa.eu/esco/occupation/2ed56c3f-61d6-4f7e-9ef8-8849eb102e4c', 'http://data.europa.eu/esco/occupation/53cdd34e-22f2-41bd-b3c7-de22bf9bbcae', 'http://data.europa.eu/esco/occupation/623958d6-775c-4586-b928-86582d9d1b69', 'http://data.europa.eu/esco/occupation/8cb59bc4-1f39-477e-beea-effed12d186c', 'http://data.europa.eu/esco/occupation/ab7bccb2-6f81-4a3d-a0c0-fca5d47d2775', 'http://data.europa.eu/esco/occupation/e2a495fb-68a3-46f9-8753-6ce566a7a085']"
2282,SOFTWARE DEVELOPER (Senior-Level),"G-Logic SA specializes in advanced and integrated IT solutions for every business. It has state-of-the-art tools for the development of innovative software programs that can be operated from any device (PC, Tablet, Smartphone, Web), covering all the needs of the modern business world. It is the first company that in the year 2000 built traceability systems (TRACE), which it continuously upgrades, as a result of which it occupies a leading position in the field of Industrial Production and Food, with over 2,100 installed applications in businesses.
For the staffing of the Planning Team, it is asking to hire:
SOFTWARE DEVELOPER (Senior-Level) 
The candidate should have: 

Experience in software development with C#, Visual Studio
Knowledge of DevExpress and/or SyncFusion
Knowledge of ASP programming. NET Core Framework (Web API)
Experience in ASP applications. .NETCore MVC
Experience in Entity Framework and/or O/R Mapping and Code Patterns
Required Knowledge in SQL Server

It will be considered as an additional advantage:

Familiarity with Azure services and infrastructure
Experience in developing ERPs, CMS, CRMs and/or financial systems
Experience in microservices and reactive programming

Necessary skills and qualifications:

Degree in Computer Science or Programmers
Knowledge of English with fluency in written and spoken language
Driver's license and completed military service (for men)

Working at G-LOGIC :

Competitive salary package based on qualifications and seniority
Gain high-level knowledge by participating in important cutting-edge projects
Continuous education and training
Ability to grow in a competitive environment
Pleasant and at the same time demanding working conditions, which promote the development of the employees and the Company",Senior,Full-time,"Kallithea, Greece",EL,2024-08-30,kariera.gr,166345,,"['http://data.europa.eu/esco/skill/2b7a79e5-84d8-4880-be66-3d9bb05bea17', 'http://data.europa.eu/esco/skill/4c016b68-4116-468c-9dc6-42710c239e4a', 'http://data.europa.eu/esco/skill/4f5ccaad-0e4f-4e9f-8246-47765564387d', 'http://data.europa.eu/esco/skill/56a7f561-1d55-43c9-9cd7-36a0a9bc6c50', 'http://data.europa.eu/esco/skill/6d3edede-8951-4621-a835-e04323300fa0', 'http://data.europa.eu/esco/skill/8369ede5-4200-4a44-be2e-bc60ef959259', 'http://data.europa.eu/esco/skill/905b6acd-377b-46b9-9d80-e47e9ca789ca', 'http://data.europa.eu/esco/skill/94193295-26de-42e5-a8e9-2ef7597e59f5']","['http://data.europa.eu/esco/occupation/bb6198c4-1d3e-40b9-9cc4-ad2dd9d7c74b', 'http://data.europa.eu/esco/isco/C2514']"
2284,"Manager, Software Engineer front-end","Why Patients Need You
Technology impacts everything we do. Pfizer's digital and 'data first' strategy focuses on implementing impactful and innovative technology solutions across all functions from research to manufacturing. Whether you are digitizing drug discovery and development, identifying solutions, or making our work easier and faster, you will be making a difference to countless lives.
What You Will Achieve
You will help Pfizer build its information technology solutions. You will leverage your technical skills to design, develop and implement IT solutions which satisfy the short term or long terms needs of Pfizer. You will work on front-end UI architecture design, wireframes and application infrastructure to deliver results.As a Manager, Software Developer front-end you will play a critical role in designing and implementing high-quality user interfaces. You will collaborate with cross-functional teams to deliver seamless and engaging experiences for our users. Your expertise will guide the team towards best practices, ensuring high code quality and continuous improvement in our front-end development processes.It is your hard work and dedication that will help in making Pfizer ready to achieve new milestones and help patients across the globe.




Key Responsibilities

Design, develop, and maintain responsive, high-performance web applications using modern front-end technologies.
Lead the technical design and architecture discussions for front-end development, ensuring scalable and maintainable solutions.
Mentor and guide junior developers, fostering a culture of continuous learning and improvement.
Collaborate with product managers, UX/UI designers, and other stakeholders to gather requirements and translate them into technical specifications.
Conduct code reviews to ensure adherence to coding standards, best practices, and overall code quality.
Troubleshoot and resolve complex technical issues, ensuring optimal performance and user experience.
Stay current with emerging technologies and industry trends, incorporating them into the development process as appropriate.
Participate in agile development processes, including sprint planning, stand-ups, and retrospectives.





Qualifications
Must-Have

Bachelor's or Master's degree in Computer Science, Engineering, or a related field.
5+ years of experience in front-end development, with a strong focus and knowledge of at least one modern JavaScript framework or library (e.g., React, Angular, Vue.js).
Proficiency in HTML, CSS, and JavaScript (ES6+).
Strong understanding of responsive design principles and mobile-first development.
Familiarity with RESTful APIs and asynchronous request handling.
Excellent problem-solving skills and the ability to think critically and creatively.
Strong communication skills, with the ability to effectively convey technical concepts to both technical and non-technical stakeholders.
Demonstrated ability to lead and mentor a team of developers.
Experience with version control systems, such as Git.
Knowledge of browser compatibility issues and ways to work around them.

Nice-to-Have

Experience with TypeScript.
Familiarity with DevOps practices and CI/CD pipelines.
Contribution to open-source projects or active participation in the developer community.
Knowledge of web performance optimization techniques.
Understanding of GraphQL.





Pfizer is an equal opportunity employer and complies with all applicable equal employment opportunity legislation in each jurisdiction in which it operates.
To apply please visit our website www.pfizercareers.com and search job Manager, Software Engineer front-end id 4915427.",Senior,Full-time,"Thessaloniki, Greece",EL,2024-08-30,kariera.gr,166346,,"['http://data.europa.eu/esco/skill/14832d87-2f2f-4895-b290-e4760ebae42a', 'http://data.europa.eu/esco/skill/1ffac4ac-fda7-407d-8ed1-ca8f4a8dc146', 'http://data.europa.eu/esco/skill/6ad40ca3-dc34-4442-b23f-0b1b28936f56', 'http://data.europa.eu/esco/skill/867137fb-ff1b-4ca3-99f3-cb6969aa2c68', 'http://data.europa.eu/esco/skill/9d2e926f-53d9-41f5-98f3-19dfaa687f3f', 'http://data.europa.eu/esco/skill/a8797f21-1af0-4c5e-98ca-bf1442929363', 'http://data.europa.eu/esco/skill/c4b1f326-224a-420a-b8b3-814a8f13b6cb', 'http://data.europa.eu/esco/skill/d52382fe-f236-421f-95fe-34fe69d48dbd', 'http://data.europa.eu/esco/skill/d9e5349e-8791-49c2-8ba4-839fdd1606c2', 'http://data.europa.eu/esco/skill/dba46f87-0831-49cd-a1c7-340a653c0221', 'http://data.europa.eu/esco/skill/f0de4973-0a70-4644-8fd4-3a97080476f4', 'http://data.europa.eu/esco/skill/f0f5bb34-71df-4715-9c9e-03567b76ec8f']","['http://data.europa.eu/esco/occupation/070e94a8-a933-4557-9b95-fefe7f4f1763', 'http://data.europa.eu/esco/occupation/2ed56c3f-61d6-4f7e-9ef8-8849eb102e4c', 'http://data.europa.eu/esco/occupation/53cdd34e-22f2-41bd-b3c7-de22bf9bbcae', 'http://data.europa.eu/esco/occupation/866c7813-2c03-47d7-9bdc-192cfbace57c', 'http://data.europa.eu/esco/occupation/8cb59bc4-1f39-477e-beea-effed12d186c', 'http://data.europa.eu/esco/occupation/96e20037-0a25-4bf6-a25e-808d1605d890', 'http://data.europa.eu/esco/occupation/cc867bee-ab5c-427f-9244-f7a204d9574b', 'http://data.europa.eu/esco/occupation/f2b15a0e-e65a-438a-affb-29b9d50b77d1', 'http://data.europa.eu/esco/occupation/faed411a-f920-4100-86a8-b877928b429c', 'http://data.europa.eu/esco/isco/C214']"
2287,"Manager, Software Engineer back-end","Why Patients Need You
Technology impacts everything we do. Pfizer's digital and 'data first' strategy focuses on implementing impactful and innovative technology solutions across all functions from research to manufacturing. Whether you are digitizing drug discovery and development, identifying solutions, or making our work easier and faster, you will be making a difference to countless lives.
What You Will Achieve
You will help Pfizer build its information technology solutions. You will leverage your technical skills to design, develop and implement IT solutions which satisfy the short term or long terms needs of Pfizer. You will work on systems architecture, network systems and application infrastructure to deliver results.As a Manager, Software Developer you will play a pivotal role in designing, developing, and maintaining complex software applications. You will collaborate with cross-functional teams to deliver innovative solutions that meet business requirements and exceed user expectations. Your expertise and leadership will help guide the team towards best practices, high code quality, and continuous improvement. Your planning skills will help in preparing forecasts for resource requirements, as well as providing areas of improvement for products, processes or services. You will be able to take a leadership role to facilitate agreements between different teams.It is your hard work and dedication that will help in making Pfizer ready to achieve new milestones and help patients across the globe.




How You Will Achieve It

Design, develop, and maintain high-quality back-end software applications using modern technologies and frameworks. Iimprove existing software solutions with a strong sense of accountability and attention to quality.
Provide guidance to team members, lead/co-lead projects, manage own time to meet objectives and plan resource requirements for projects across the division.
Lead the technical design and architecture discussions, ensuring scalable and maintainable solutions.
Collaborate with product managers, designers, and other stakeholders to gather requirements and translate them into technical specifications.
Ensure proper Systems Development Lifecycle Management Regulatory Compliance.
Deliver fully automation regression testing of major solutions for reduced testing time.
Conduct code reviews to ensure adherence to coding standards, best practices, and overall code quality.
Stay current with emerging technologies and industry trends, incorporating them into the development process as appropriate.
Participate in agile development processes, including sprint planning, stand-ups, and retrospectives.
Strong experience in development in two or more back-end technologies and frameworks (Java - spring, Python, JavaScript - node.js)
Troubleshoot and resolve complex technical issues, ensuring optimal performance and user experience.
Flexibility to learn new technologies and adapt to changing project requirements.
Experience with version control systems like Git.
Mentor and guide junior developers, fostering a culture of continuous learning and improvement.





Qualifications

Bachelor's Degree is required.
5+ years of experience in software development, with a strong focus on back-end technologies like Java, Python, JavaScript, etc).
Strong understanding of software development principles, design patterns, and best practices.
Experience with cloud platforms such as AWS, Azure, or Google Cloud.
Excellent problem-solving skills and the ability to think critically and creatively.
Strong communication skills, with the ability to effectively convey technical concepts to both technical and non-technical stakeholders.
Demonstrated ability to lead and mentor a team of developers.
Experience with version control systems, such as Git.
Familiarity with DevOps practices and CI/CD pipelines is a plus.
Excellent communication skills
Front-end technologies & frameworks exposure (Javascript, Angular, React etc).
Database skills.
Performance tuning and scalability.
API design & development.

Pfizer is an equal opportunity employer and complies with all applicable equal employment opportunity legislation in each jurisdiction in which it operates.
To apply please visit our website www.pfizercareers.com and search job Manager, Software Engineer back-end id 4915357.",Senior,Full-time,"Thessaloniki, Greece",EL,2024-08-30,kariera.gr,166344,,"['http://data.europa.eu/esco/skill/0550431f-9c8b-4204-9c45-59bc5feacf06', 'http://data.europa.eu/esco/skill/09f2f811-a3fb-4de3-a70f-6420a6935575', 'http://data.europa.eu/esco/skill/14832d87-2f2f-4895-b290-e4760ebae42a', 'http://data.europa.eu/esco/skill/1ffac4ac-fda7-407d-8ed1-ca8f4a8dc146', 'http://data.europa.eu/esco/skill/2b7a79e5-84d8-4880-be66-3d9bb05bea17', 'http://data.europa.eu/esco/skill/5fd64399-aff4-459e-8d78-510acf1abba1', 'http://data.europa.eu/esco/skill/75d8e5d9-bef3-418b-9011-01bff9f27207', 'http://data.europa.eu/esco/skill/7c05199f-7b03-4a4a-afee-7c9dfcf9066a', 'http://data.europa.eu/esco/skill/7fc4c18a-68f3-425a-aadf-f83633be47a1', 'http://data.europa.eu/esco/skill/9d2e926f-53d9-41f5-98f3-19dfaa687f3f', 'http://data.europa.eu/esco/skill/a8797f21-1af0-4c5e-98ca-bf1442929363', 'http://data.europa.eu/esco/skill/b0096dc5-2e2d-4bc1-8172-05bf486c3968', 'http://data.europa.eu/esco/skill/ccd0a1d9-afda-43d9-b901-96344886e14d', 'http://data.europa.eu/esco/skill/d52382fe-f236-421f-95fe-34fe69d48dbd', 'http://data.europa.eu/esco/skill/d9e5349e-8791-49c2-8ba4-839fdd1606c2', 'http://data.europa.eu/esco/skill/dba46f87-0831-49cd-a1c7-340a653c0221', 'http://data.europa.eu/esco/skill/f0de4973-0a70-4644-8fd4-3a97080476f4']","['http://data.europa.eu/esco/occupation/070e94a8-a933-4557-9b95-fefe7f4f1763', 'http://data.europa.eu/esco/occupation/3fa9a480-ceb3-4c2a-8a91-0508e1bb6ba5', 'http://data.europa.eu/esco/occupation/53cdd34e-22f2-41bd-b3c7-de22bf9bbcae', 'http://data.europa.eu/esco/occupation/8cb59bc4-1f39-477e-beea-effed12d186c', 'http://data.europa.eu/esco/occupation/ab7bccb2-6f81-4a3d-a0c0-fca5d47d2775', 'http://data.europa.eu/esco/occupation/cc867bee-ab5c-427f-9244-f7a204d9574b', 'http://data.europa.eu/esco/occupation/f2b15a0e-e65a-438a-affb-29b9d50b77d1', 'http://data.europa.eu/esco/occupation/faed411a-f920-4100-86a8-b877928b429c']"
2291,Front End Developer ( middle level ),"G-Logic SA specializes in advanced and integrated IT solutions for every business. It has state-of-the-art tools for the development of innovative software programs that can be operated from any device (PC, Tablet, Smartphone, Web), covering all the needs of the modern business world. It is the first company that in the year 2000 built traceability systems (TRACE), as a result of which it occupies a leading position in the field of Industrial Production and Food.
Since 2021, G-Logic has expanded its services in the field of Digital Marketing, offering integrated solutions in a wide range of services such as site and e-shop development and development, branding, digital content creation, social media & Google ads management, for the successful promotion of the brand of each company in the digital world.
For the staffing of the DEVELOPMENT Department in MARKETING, it asks to hire
(Mid Level) FrontEnd Web Developer
The FrontEnd Web Developer candidate should have:

Very good knowledge of HTML, CSS Development of modern websites, online stores and provision of technical support
Very good knowledge of Project implementation in Wordpress, Woocommerce
Basic Knowledge of Javascript, jQuery and Bootstrap
Knowledge of configuring PHP and MySql Queries (will be appreciated)
Experience in UX/UI and PLESK will be considered.

           The main tasks of the position are the implementation of Website & Eshops.
Its main duties and responsibilities

Design, development and maintenance of websites and Eshops to support the applications.
Code development and data management as well as code review & feedback
Collaborate with various teams including Frontend Developers, Product Managers.
Identify and troubleshoot problems, identify errors, and implement timely solutions.

Work on the subject requires:

Very good communication skills in order to provide high level customer service support
Ability to work with Project management and adhere to schedules
Analytical and organizational skills as well as a high level of cooperation

Necessary skills and qualifications:

Degree in Computer Science or IEK or similar subject   
At least three (3) years of work experience in a similar field
Very good knowledge of English in written and spoken language
Completed military service (for men)

Working at G-LOGIC includes:

Immediate recruitment and In House work
Competitive salary package based on qualifications, experience and level of knowledge
Gain high-level knowledge by participating in important cutting-edge projects
Continuous education and training
Ability to grow in a competitive environment
Pleasant & demanding working conditions, which promote the development of employees & Company",Mid-level,Full-time,"Kallithea, Greece",EL,2024-08-30,kariera.gr,166339,,"['http://data.europa.eu/esco/skill/378caeec-10a0-4162-b75c-ab374a42e93d', 'http://data.europa.eu/esco/skill/496932f1-0b6b-4f73-9432-d95c7ddcd43b', 'http://data.europa.eu/esco/skill/5fd5c985-eaaa-47aa-8314-62359c54505a', 'http://data.europa.eu/esco/skill/94193295-26de-42e5-a8e9-2ef7597e59f5', 'http://data.europa.eu/esco/skill/a15dab55-f1da-4f85-ae3e-2b5c5b5333ca', 'http://data.europa.eu/esco/skill/da56feea-941c-4ff6-b573-bb16ccbde670']","['http://data.europa.eu/esco/occupation/068370e0-9c27-4814-87d0-44fbb3140815', 'http://data.europa.eu/esco/occupation/586fe133-1987-41f4-b89a-f39d4bc58e1e', 'http://data.europa.eu/esco/occupation/9f508305-80ce-4111-8722-f2c9b4a44890', 'http://data.europa.eu/esco/occupation/bb6198c4-1d3e-40b9-9cc4-ad2dd9d7c74b', 'http://data.europa.eu/esco/occupation/bea99fea-0383-4c63-b944-70d4799de2c5', 'http://data.europa.eu/esco/occupation/c40a2919-48a9-40ea-b506-1f34f693496d', 'http://data.europa.eu/esco/occupation/d5c4ab26-c293-4f4d-ad89-fe776f49a67f', 'http://data.europa.eu/esco/occupation/dc97adbe-f807-4ad8-8f3c-c24b3416cdef', 'http://data.europa.eu/esco/occupation/faed411a-f920-4100-86a8-b877928b429c', 'http://data.europa.eu/esco/isco/C122']"
2329,"Manager, Back-End Application Development","ROLE SUMMARYAt Pfizer we make medicines and vaccines that change patients' lives with a global reach of over 780 million patients.Pfizer Digital is the organization charged with winning the digital race in the pharmaceutical industry. We apply our expertise in technology, innovation and our business to support Pfizer in this mission.The Biopharma, Patient & CDI (C4) team builds and maintains the platforms and capabilities that enable Pfizer Business Units to connect digitally with our external customers and effectively engage and collaborate across teams internally.  This includes all digital (web, mobile, omni-channel, & devices) products, platforms, services, and experiences in service of patients, HCPs, payors, pharmacists, or clinical sites. We build advanced cloud-based technology solutions at a global scale that positively impact Pfizer business performance.Patient and Marketplace Corp. Affairs: Within C4, the Patient and Marketplace Corp. Affairs team is accountable for delivering patient-facing digital companions and external marketplace solutions to increase customer value and simplify specialty pharma services to ensure patients can acquire Pfizer breakthroughs.​The U.S. Channels and Global Web Experience team directly owns and operates Pfizer.com, the operation of our primary U.S. corporate social channels, and the look and feel of our regional corporate sites around the world, consulting and supporting objectives from various stakeholders across the entire company, as well as directly setting objectives and delivering on them.The Back-End Application Development Manager leads the designing, developing, and implementing of moderately complex cutting-edge solutions for Pfizer's digital marketing initiatives (specifically, maintaining and expanding upon the code that powers our global corporate websites). The Back-End Application Developer plays a crucial role in Pfizer's pursuit of breakthroughs by pushing the boundaries of digital experiences and creating captivating solutions that drive patient engagement, knowledge sharing, and commercial success.




ROLE RESPONSIBILITIESSubject Matter Expertise - General

Design and develop digital solutions utilizing the latest development tools, frameworks, and platforms to build cutting-edge solutions that deliver exceptional user experiences.
Implement source code management best practices to maintain high standards of code quality, integrity and consistency.
Applies knowledge of internal/external business challenges to provide input into recommendations for improvements to products, processes or services
Define and Implement best practices in usability, accessibility, and user interface design to ensure seamless and intuitive customer interactions within digital solutions.
Conduct and document thorough testing and debugging of digital solutions to identify and resolve any technical issues or performance bottlenecks.
Integrate digital solutions with other digital marketing technologies and platforms, such as content management systems, analytics, and personalization engines.
Ensure compliance with relevant regulations, security protocols, and industry best practices related to application development and deployment.
Act as primary back-end application developer for Pfizer.com (and functionality shared with our regional sites), performing all tasks necessary from bug fixing and tier 1 support up to advanced, emergency problem-solving and new, complex enhancement requests, in coordination with the Technical lead, Platform team and other relevant parties.
Provide direction to and integration contributions from other back-end developers, both from within the team and from agency/vendor partners.

Strategic Leadership & Delivery

Participate in the ideation and prototyping of digital solutions, collaborating with cross-functional teams to explore new and optimized ways of solution development. Take appropriate risks to advance new concepts and methodologies that are moderately complex.
Make decisions that may require developing new options to resolve moderately complex problems.





BASIC QUALIFICATIONS

Bsc degree with at least 5 years of experience OR Masters with at least 3 year of experience, in Computer Science, Software Engineering, or a related technical field.
Experience as an individual contributor/practitioner.
Application development, with comprehensive knowledge and proven experience in Drupal/PHP/MySQL stack development technologies, platforms, and frameworks.
Experience with microservices architecture, RESTful API integrations and containerization technologies like Docker.
Knowledge of AWS services like Fargate, S3, Aurora, EFS, CloudFront and demonstrated understanding of cloud application architectures.
Familiarity with agile methodologies (Scrum, Kanban), continuous integration, continuous deployment (CI/CD) processes and JIRA/Confluence.
Experience in Python/Scripting.
Solid understanding and awareness of security topics like DDOS Attacks, SQL Injections, Content Security Policies, Cross Site Scripting, Cross Origin Requests.
Solid understanding and awareness of Drupal's security concepts like Users, Roles, Permissions, Anonymous user access levels.
Excellent problem-solving and troubleshooting skills, with the ability to debug and optimize complex applications.
Ability to work collaboratively in a cross-functional team environment and communicate technical concepts effectively to both technical and non-technical audiences.
Passion for exploring emerging technologies and driving innovation.
Strong attention to detail and commitment to delivering high-quality, engaging, and user-friendly experiences.
Familiarity with agile development methodologies and project management practices.

PREFERRED QUALIFICATIONS

Advanced degree or relevant certifications.
Experience with Microsoft Technology Stack, including .NET framework & SharePoint, and demonstrated understanding of cloud application architectures.
Experience in performance monitoring tools like Kibana/New Relic/Wormly/Lighthouse/Xhprof/Blazemeter is a plus.
Familiarity with front end modern application frameworks and tools such as node.js, Angular.js, Ionic, Apple Swift, kotlin, Vue.js. and / or back end frameworks and tools such as Java, Laravel, Drupal, Python, PHP.

Pfizer is an equal opportunity employer and complies with all applicable equal employment opportunity legislation in each jurisdiction in which it operates.
To apply please visit our website www.pfizercareers.com and search job Manager, Back-End Application Development id 4918500.",Senior,Full-time,"Thessaloniki, Greece",EL,2024-08-29,kariera.gr,166277,,"['http://data.europa.eu/esco/skill/11430d93-c835-48ed-8e70-285fa69c9ae6', 'http://data.europa.eu/esco/skill/14832d87-2f2f-4895-b290-e4760ebae42a', 'http://data.europa.eu/esco/skill/1605025e-a179-421f-8f35-5b07d182a6b2', 'http://data.europa.eu/esco/skill/19a8293b-8e95-4de3-983f-77484079c389', 'http://data.europa.eu/esco/skill/1a4cc54f-1e53-442b-a6d2-1682dc8ef8f9', 'http://data.europa.eu/esco/skill/1de3942b-99d8-41e8-9ef0-fbc9e9f6307b', 'http://data.europa.eu/esco/skill/1ffac4ac-fda7-407d-8ed1-ca8f4a8dc146', 'http://data.europa.eu/esco/skill/2fb8480e-de3c-462b-b169-e8bbb344da68', 'http://data.europa.eu/esco/skill/4350c38d-0fe9-4ca7-bab9-40ed7f72b04f', 'http://data.europa.eu/esco/skill/4cb51222-3e2e-417c-9a5c-e9ccf262721d', 'http://data.europa.eu/esco/skill/51e79cb4-fab3-404c-88f3-cd4a1bd5879e', 'http://data.europa.eu/esco/skill/56a10e3e-c9e7-4d39-b6f1-6013398fcb3a', 'http://data.europa.eu/esco/skill/5b26f08b-88bc-45f0-b901-530d7786466b', 'http://data.europa.eu/esco/skill/7e5147d1-60b1-4a68-804b-1f5cb0396b91', 'http://data.europa.eu/esco/skill/8ff015a0-98ea-4d80-a23e-1f68110a919e', 'http://data.europa.eu/esco/skill/9531fe02-1e1f-4a36-95f7-a76a77cd4b8d', 'http://data.europa.eu/esco/skill/96eb286a-58b7-45ff-a916-5578d0b79b8c', 'http://data.europa.eu/esco/skill/be64bb4c-84ac-4c83-8cc7-fc8593e15136', 'http://data.europa.eu/esco/skill/be80acfc-b6f2-4411-9b8d-b19d9cd2556a', 'http://data.europa.eu/esco/skill/c624c6a3-b0ba-4a31-a296-0d433fe47e41', 'http://data.europa.eu/esco/skill/ccd0a1d9-afda-43d9-b901-96344886e14d', 'http://data.europa.eu/esco/skill/cd5efa8c-e44d-4cbc-91c6-796018dbed68', 'http://data.europa.eu/esco/skill/d8567009-7c6f-43fb-82fb-7154ed8ebca9', 'http://data.europa.eu/esco/skill/dba46f87-0831-49cd-a1c7-340a653c0221']","['http://data.europa.eu/esco/occupation/070e94a8-a933-4557-9b95-fefe7f4f1763', 'http://data.europa.eu/esco/occupation/0ddbf393-38f1-4c22-b14c-fe775008f321', 'http://data.europa.eu/esco/occupation/196a4c75-9591-436f-9677-67252df34c22', 'http://data.europa.eu/esco/occupation/2ed56c3f-61d6-4f7e-9ef8-8849eb102e4c', 'http://data.europa.eu/esco/occupation/2fb96c6c-8d0b-4ef0-b1ee-3e493305e4eb', 'http://data.europa.eu/esco/occupation/50af07f0-7a75-424e-a66d-5a9deea10f4c', 'http://data.europa.eu/esco/occupation/53cdd34e-22f2-41bd-b3c7-de22bf9bbcae', 'http://data.europa.eu/esco/occupation/57af9090-55b4-4911-b2d0-86db01c00b02', 'http://data.europa.eu/esco/occupation/7c132147-428b-4ea3-87e1-70f7abb691ce', 'http://data.europa.eu/esco/occupation/9e285322-2cfa-430f-9b66-41be57d698e2', 'http://data.europa.eu/esco/occupation/a74f6c51-37e5-423e-aa5b-044e98663027', 'http://data.europa.eu/esco/occupation/bea99fea-0383-4c63-b944-70d4799de2c5', 'http://data.europa.eu/esco/occupation/dc97adbe-f807-4ad8-8f3c-c24b3416cdef', 'http://data.europa.eu/esco/isco/C11']"
2481,Full Stack Web Developer (FSWDev-09.24),"ACS MAEE, a courier company, a member of the Quest Group, with a leading position in the market, is looking to hire a Full Stack Web Developer with strong skills in Angular, SQL Server and RESTful APIs. The right candidate is responsible for developing and maintaining high quality web applications, ensuring integration between front-end and back-end.
Responsibilities

Develop and maintain web applications using Angular.
Creating and integrating RESTful APIs.
Document code and procedures
Working and participating in application implementation and analysis teams

Necessary qualifications

Bachelor's degree in IT or related field.
Good knowledge and experience in Angular, SQL Server and RESTful APIs.
Experience in a similar position 3+ years
Good knowledge and experience in HTML, CSS, JavaScript and TypeScript.
Familiarity with source control systems (Git)",Mid-level,Full-time,"Aigaleo, Greece",EL,2024-08-29,kariera.gr,166104,,"['http://data.europa.eu/esco/skill/867137fb-ff1b-4ca3-99f3-cb6969aa2c68', 'http://data.europa.eu/esco/skill/c062bab3-3ea0-4291-9220-a2d8fef4bead']",['http://data.europa.eu/esco/occupation/3a959644-beed-4afc-8e57-d5068ae6a43e']
2482,.Net Developer (.netDev-09.24),"ACS MAEE, a courier company, a member of the Quest Group, with a leading position in the market, is looking to hire a .Net Developer with knowledge of ASP.NET, C#, SQL Server and RESTful APIs. The right candidate will contribute to the development and maintenance of high quality web applications.
Responsibilities

Development and maintenance of web applications using ASP.NET and C#.
Design and management of applications in SQL Server databases.
Development and integration of RESTful APIs.
Working and participating in application implementation and analysis teams

Necessary qualifications

Bachelor's degree in IT or related field.
Very good knowledge of .NET technologies, C#
Experience in a similar position 3+ years
Extensive experience in SQL Server and RESTful APIs
Familiarity with source control systems (Git)",Mid-level,Full-time,"Aigaleo, Greece",EL,2024-08-29,kariera.gr,166097,,"['http://data.europa.eu/esco/skill/4c016b68-4116-468c-9dc6-42710c239e4a', 'http://data.europa.eu/esco/skill/56a7f561-1d55-43c9-9cd7-36a0a9bc6c50', 'http://data.europa.eu/esco/skill/c062bab3-3ea0-4291-9220-a2d8fef4bead']","['http://data.europa.eu/esco/occupation/24135b84-cbdd-4d42-9ed2-02fd982d15b2', 'http://data.europa.eu/esco/occupation/3a959644-beed-4afc-8e57-d5068ae6a43e']"
2512,PHP DEVELOPER,"Required Qualifications:
• At least 2 years of experience in a similar position • Experience and good knowledge of PHP MVC Frameworks (Laravel) • Experience and knowledge of HTML5/CSS3, Bootstrap, JavaScript (Livewire) • Experience and knowledge of relational databases (MySQL) • Experience with version control systems (Git)",Senior,Full-time,"Heraklion, Greece",EL,2024-08-29,kariera.gr,165983,,[],[]
2588,"Senior Associate, Back-End Application Development","At Pfizer we make medicines and vaccines that change patients' lives with a global reach of over 780 million patients.Pfizer Digital is the organization charged with winning the digital race in the pharmaceutical industry. We apply our expertise in technology, innovation and our business to support Pfizer in this mission.The Biopharma, Patient & CDI (C4) team builds and maintains the platforms and capabilities that enable Pfizer Business Units to connect digitally with our external customers and effectively engage and collaborate across teams internally.  This includes all digital (web, mobile, omni-channel, & devices) products, platforms, services, and experiences in service of patients, HCPs, payors, pharmacists, or clinical sites. We build advanced cloud-based technology solutions at a global scale that positively impact Pfizer business performance.Patient and Marketplace Corp. Affairs: Within C4, the Patient and Marketplace Corp. Affairs team is accountable for delivering patient-facing digital companions and external marketplace solutions to increase customer value and simplify specialty pharma services to ensure patients can acquire Pfizer breakthroughs.​The U.S. Channels and Global Web Experience team directly owns and operates Pfizer.com, the operation of our primary U.S. corporate social channels, and the look and feel of our regional corporate sites around the world, consulting and supporting objectives from various stakeholders across the entire company, as well as directly setting objectives and delivering on them.The Back-End Application Development Sr. Associate contributes to developing and implementing moderately complex cutting-edge solutions for Pfizer's digital marketing initiatives (specifically, maintaining and expanding upon the code that powers our global corporate websites). The Back-End Application Developer plays a crucial role in Pfizer's pursuit of breakthroughs by pushing the boundaries of digital experiences and creating captivating solutions that drive patient engagement, knowledge sharing, and commercial success.




ROLE RESPONSIBILITIESSubject Matter Expertise - General

Develop digital solutions utilizing the latest development tools, frameworks, and platforms to build cutting-edge solutions that deliver exceptional user experiences.
Implement source code management best practices to maintain high standards of code quality, integrity and consistency.
Implement best practices in usability, accessibility, and user interface design to ensure seamless and intuitive customer interactions within digital solutions.
Conduct and document thorough testing, and debugging of digital solutions to identify and resolve any technical issues or performance bottlenecks.
Ensure compliance with relevant regulations, security protocols, and industry best practices related to application development and deployment.
Serve as a back-end application developer for Pfizer.com (and functionality shared with our regional sites), performing all tasks necessary from bug fixing and tier 1 support up to advanced, emergency problem-solving and new, complex enhancement requests, in coordination with the Back-end lead, Technical lead, Platform team and other relevant parties.

Strategic Leadership & Delivery

Participate in the ideation and prototyping of digital solutions, collaborating with cross-functional teams to explore new and optimized ways of solution development. Explore and apply new ideas and knowledge in solutioning.
Make decisions to resolve moderately complex problems.

Cross- Team Collaboration

Collaborate with the Delivery Lead, Service Owners, and stakeholders to understand requirements and translate them into digital solutions.
Participate in design reviews and solution evaluations to ensure alignment with Pfizer's design strategies and standards.

Coaching and Mentorship

Stay up-to-date with technologies, trends, and best practices in the field of application development, and contribute to the continuous improvement of Pfizer application development practices.
Participate in the development of standards, processes, and procedures.





BASIC QUALIFICATIONS

Bachelor's degree required, preferably in Computer Science, Software Engineering, or a related technical field.
3+ years or relevant working experience.
Experience as an individual contributor/practitioner.
Application development, with strong knowledge and proven experience in Drupal/PHP/MySQL stack development technologies, platforms, and frameworks.
Experience in Python/Scripting.
Familiarity with agile methodologies (Scrum, Kanban), continuous integration, continuous deployment (CI/CD) processes and JIRA/Confluence.
Excellent problem-solving and troubleshooting skills, with the ability to debug and optimize simple/medium complexity applications.
Ability to work collaboratively in a cross-functional team environment and communicate technical concepts effectively to both technical and non-technical audiences.
Passion for exploring emerging technologies and driving innovation..
Strong attention to detail and commitment to delivering high-quality, engaging, and user-friendly experiences.
Ability to solve problems creatively and effectively.
Familiarity with agile development methodologies and project management practices.

PREFERRED QUALIFICATIONS

Advanced degree or relevant certifications.
Experience with Microsoft Technology Stack, including .NET framework & SharePoint, and demonstrated understanding of cloud application architectures.
Experience with microservices architecture, RESTful API integrations and containerization technologies like Docker.
Knowledge of AWS services like Fargate, S3, Aurora, EFS, Cloud.
Understanding and awareness of security topics like DDOS Attacks, SQL Injections.
Understanding and awareness of Drupal's security concepts like Users, Roles, Permissions, Anonymous user access levels.
Familiarity with front end modern application frameworks and tools such as node.js, Angular.js, Ionic, Apple Swift, kotlin, Vue.js. and / or back end frameworks and tools such as Java, Laravel, Drupal, Python, PHP.

TRAVEL OR ENVIRONMENT REQUIREMENTS

Candidate will be expected to travel globally to Pfizer locations as needed.

Pfizer is an equal opportunity employer and complies with all applicable equal employment opportunity legislation in each jurisdiction in which it operates.
To apply please visit our website www.pfizercareers.com and search job Senior Associate, Back-End Application Development with id 4918499.",Senior,Full-time,"Thessaloniki, Greece",EL,2024-08-29,kariera.gr,165984,,"['http://data.europa.eu/esco/skill/11430d93-c835-48ed-8e70-285fa69c9ae6', 'http://data.europa.eu/esco/skill/14832d87-2f2f-4895-b290-e4760ebae42a', 'http://data.europa.eu/esco/skill/19a8293b-8e95-4de3-983f-77484079c389', 'http://data.europa.eu/esco/skill/1de3942b-99d8-41e8-9ef0-fbc9e9f6307b', 'http://data.europa.eu/esco/skill/1ffac4ac-fda7-407d-8ed1-ca8f4a8dc146', 'http://data.europa.eu/esco/skill/2fb8480e-de3c-462b-b169-e8bbb344da68', 'http://data.europa.eu/esco/skill/4350c38d-0fe9-4ca7-bab9-40ed7f72b04f', 'http://data.europa.eu/esco/skill/4cb51222-3e2e-417c-9a5c-e9ccf262721d', 'http://data.europa.eu/esco/skill/51e79cb4-fab3-404c-88f3-cd4a1bd5879e', 'http://data.europa.eu/esco/skill/7dfbe0f3-076f-4a19-9eaa-db4d6db704b6', 'http://data.europa.eu/esco/skill/7e5147d1-60b1-4a68-804b-1f5cb0396b91', 'http://data.europa.eu/esco/skill/8ff015a0-98ea-4d80-a23e-1f68110a919e', 'http://data.europa.eu/esco/skill/9531fe02-1e1f-4a36-95f7-a76a77cd4b8d', 'http://data.europa.eu/esco/skill/96eb286a-58b7-45ff-a916-5578d0b79b8c', 'http://data.europa.eu/esco/skill/a8797f21-1af0-4c5e-98ca-bf1442929363', 'http://data.europa.eu/esco/skill/be64bb4c-84ac-4c83-8cc7-fc8593e15136', 'http://data.europa.eu/esco/skill/be80acfc-b6f2-4411-9b8d-b19d9cd2556a', 'http://data.europa.eu/esco/skill/c624c6a3-b0ba-4a31-a296-0d433fe47e41', 'http://data.europa.eu/esco/skill/c6c1af60-9594-460c-a328-00f9ad292be0', 'http://data.europa.eu/esco/skill/ccd0a1d9-afda-43d9-b901-96344886e14d', 'http://data.europa.eu/esco/skill/cd5efa8c-e44d-4cbc-91c6-796018dbed68', 'http://data.europa.eu/esco/skill/d8567009-7c6f-43fb-82fb-7154ed8ebca9', 'http://data.europa.eu/esco/skill/dba46f87-0831-49cd-a1c7-340a653c0221', 'http://data.europa.eu/esco/skill/f08e2bd6-0366-4948-a670-1f03f130126f']","['http://data.europa.eu/esco/occupation/0ddbf393-38f1-4c22-b14c-fe775008f321', 'http://data.europa.eu/esco/occupation/196a4c75-9591-436f-9677-67252df34c22', 'http://data.europa.eu/esco/occupation/2ed56c3f-61d6-4f7e-9ef8-8849eb102e4c', 'http://data.europa.eu/esco/occupation/2fb96c6c-8d0b-4ef0-b1ee-3e493305e4eb', 'http://data.europa.eu/esco/occupation/50af07f0-7a75-424e-a66d-5a9deea10f4c', 'http://data.europa.eu/esco/occupation/57af9090-55b4-4911-b2d0-86db01c00b02', 'http://data.europa.eu/esco/occupation/7c132147-428b-4ea3-87e1-70f7abb691ce', 'http://data.europa.eu/esco/occupation/9e285322-2cfa-430f-9b66-41be57d698e2', 'http://data.europa.eu/esco/occupation/bea99fea-0383-4c63-b944-70d4799de2c5', 'http://data.europa.eu/esco/isco/C11']"
2605,BMC Consultant,"Join Our Team as a BMC Consultant!
Are you passionate about configuring and maintaining cutting-edge software tools? As a BMC Consultant at Relational Financial Solutions, you will be an essential member of our dynamic ITSM team. Your role will involve collaborating with our talented team to configure, maintain, and customize BMC software products and similar tools, ensuring our solutions align with user needs and business requirements.
 
Your Role:
As a BMC Consultant, your responsibilities will include:

Software Configuration & Support: Configure, maintain, enhance, and support BMC software products and similar tools.
Customization & Development: Customize and add new features to software solutions based on business requirements using low-code and no-code platforms.
Customer Support: Provide technical support to resolve application-related issues promptly and support customer operations related to software packages and developed solutions.
Quality Assurance: Conduct tests for applications, troubleshoot problems, and assist with product launches.
Software Management: Perform software upgrades and manage software licensing.

 
What We’re Looking For:
We’re seeking candidates with the following skills and experience:

Experience: 1 to 3 years as a Software Engineer or Software Developer.
BMC Expertise: Administrator or Developer experience on BMC ITSM or similar tools preferred.
Development Skills: Proficiency in test-driven development methodologies and experience with relational database management systems (RDBMS).
Technical Proficiency: Familiarity with reporting tools such as Grafana and YellowFin is advantageous. Knowledge of Operations Management and Service Management tools is beneficial.
Problem-Solving: Strong problem-solving skills to address technical challenges effectively.
Team Collaboration: Excellent teamwork skills to collaborate with internal teams and customers.
Eagerness to Learn: Eagerness to take on new responsibilities and challenges. ITIL v4 certification is a plus.
Educational Background: Bachelor’s degree in Computer Science, Software Engineering, Informatics, or a related field.

 
Why Join Us?
At Relational Financial Solutions, we value our employees and strive to create an inclusive and rewarding environment. Here’s what you can expect:

Competitive Salary: We offer an attractive salary package to compensate you for your skills and contributions.
Health Benefits: Your health matters to us. All colleagues receive private health insurance from day one.
Exciting Projects: We thrive on challenges and invite you to take part in exciting projects.
Continuous Learning: We never stop learning and evolving! You will have your own mentor and training program, along with access to our training sessions and online courses.
Team Spirit: We love the relational vibes and regularly gather for smaller and bigger occasions to celebrate good times together!

 
Ready to Apply?
Join us in shaping the future of IT Service Management at Relational Financial Solutions. Apply now to be a part of a team where your skills and passion for technology will thrive.
 
By submitting an application to this position and sharing your personal data with Relational Financial Solutions, you acknowledge and accept our Privacy Policy and authorize us to process your personal data for recruitment purposes in line with this policy.",Entry / Junior,Full-time,"Athens, Greece",EL,2024-08-29,kariera.gr,165964,,"['http://data.europa.eu/esco/skill/0da516ee-e70e-4384-be13-f5ff80be8127', 'http://data.europa.eu/esco/skill/0ee94c0a-3716-494a-95a2-dcbab9e58be2', 'http://data.europa.eu/esco/skill/2d140a3a-45a6-4248-80dd-b3760ebc9cc6', 'http://data.europa.eu/esco/skill/3d957fb2-b8f4-4b4c-b955-23299c761ad5', 'http://data.europa.eu/esco/skill/41a3240f-58ba-44e2-a688-edeb21ea5c16', 'http://data.europa.eu/esco/skill/5bac4bcc-1846-4688-ba02-ad2b51544282', 'http://data.europa.eu/esco/skill/7369f779-4b71-4aab-8836-48b69c676eec', 'http://data.europa.eu/esco/skill/8b8ed44b-5d29-4a42-a87f-a77739b5bfcd', 'http://data.europa.eu/esco/skill/adc6dc11-3376-467b-96c5-9b0a21edc869']","['http://data.europa.eu/esco/occupation/456ed487-02f2-45c9-9213-d0fd8e9a069d', 'http://data.europa.eu/esco/occupation/57af9090-55b4-4911-b2d0-86db01c00b02', 'http://data.europa.eu/esco/occupation/7a031723-2b2c-4fdd-8ed5-30d67088b8b8', 'http://data.europa.eu/esco/occupation/a6517365-211c-456d-aca4-1a0115c7b1e1', 'http://data.europa.eu/esco/occupation/c6bd511a-d966-4df9-a48e-4f800354f268', 'http://data.europa.eu/esco/occupation/ed976196-3d5d-4121-9367-e1022af603fa', 'http://data.europa.eu/esco/occupation/f2b15a0e-e65a-438a-affb-29b9d50b77d1', 'http://data.europa.eu/esco/isco/C2424']"
2606,"Manager, Front-End Application Development","ROLE SUMMARYAt Pfizer we make medicines and vaccines that change patients' lives with a global reach of over 780 million patients.Pfizer Digital is the organization charged with winning the digital race in the pharmaceutical industry. We apply our expertise in technology, innovation and our business to support Pfizer in this mission.The Biopharma, Patient & CDI (C4) team builds and maintains the platforms and capabilities that enable Pfizer Business Units to connect digitally with our external customers and effectively engage and collaborate across teams internally.  This includes all digital (web, mobile, omni-channel, & devices) products, platforms, services, and experiences in service of patients, HCPs, payors, pharmacists, or clinical sites. We build advanced cloud-based technology solutions at a global scale that positively impact Pfizer business performance.Patient and Marketplace Corp. Affairs: Within C4, the Patient and Marketplace Corp. Affairs team is accountable for delivering patient-facing digital companions and external marketplace solutions to increase customer value and simplify specialty pharma services to ensure patients can acquire Pfizer breakthroughs.​The U.S. Channels and Global Web Experience team directly owns and operates Pfizer.com, the operation of our primary U.S. corporate social channels, and the look and feel of our regional corporate sites around the world, consulting and supporting objectives from various stakeholders across the entire company, as well as directly setting objectives and delivering on them.The Front-End Application Development Manager leads the designing, developing, and implementing of moderately complex cutting-edge solutions for Pfizer's digital marketing initiatives (specifically, the user interface used by Pfizer.com and our regional corporate websites). The Front-End Application Developer plays a crucial role in Pfizer's pursuit of breakthroughs by pushing the boundaries of digital experiences and creating captivating solutions that drive patient engagement, knowledge sharing, and commercial success.
ROLE RESPONSIBILITIESSubject Matter Expertise - General

Design and develop digital solutions utilizing the latest development tools, frameworks, and platforms to build cutting-edge solutions that deliver exceptional user experiences.
Implement source code management best practices to maintain high standards of code quality, integrity and consistency.
Applies knowledge of internal/external business challenges to provide input into recommendations for improvements to products, processes or services
Define and Implement best practices in usability, accessibility, and user interface design to ensure seamless and intuitive customer interactions within digital solutions.
Conduct and document thorough testing and debugging of digital solutions to identify and resolve any technical issues or performance bottlenecks.
Integrate digital solutions with other digital marketing technologies and platforms, such as content management systems, analytics, and personalization engines.
Ensure compliance with relevant regulations, security protocols, and industry best practices related to application development and deployment.
Act as primary front-end application developer for Pfizer.com (and functionality shared with our regional sites), performing all tasks necessary from bug fixing and tier 1 support up to advanced, emergency problem-solving and new, complex enhancement requests, in coordination with the Technical lead, Platform team and other relevant parties.
Provide direction to and integrate contributions from other front-end developers, both from within the team and from agency/vendor partners.

Strategic Leadership & Delivery

Participate in the ideation and prototyping of digital solutions, collaborating with cross-functional teams to explore new and optimized ways of solution development. Take appropriate risks to advance new concepts and methodologies that are moderately complex.
Make decisions that may require developing new options to resolve moderately complex problems.

BASIC QUALIFICATIONS

BSc degree with at least 5 years of experience or Masters with at least 3 year of experience, in Computer Science, Software Engineering, or a related technical field.
Experience as an individual contributor/practitioner.
Expertise in graphics creation and editing tools, including Adobe Creative Suite, Figma, etc. (both for direct creation and for manipulating and extracting from source materials provided by partners).
Application development, with comprehensive knowledge and proven experience in implementing and integrating CMS tools with modern frontend technologies (e.g., HTML5, CSS3, ES6). Experience with a popular JavaScript framework like React, Next, Vue, Angular is a plus.
Proficient in modern frontend technologies (e.g., HTML5, CSS3, ES6) and a popular JavaScript framework like React, Next, Vue, Angular.
Experience in Front-End Web/REST API design, deployment and integration
Experience with performance tools like Lighthouse, PageSpeed, Calibre and performance optimization techniques.
Familiarity with agile methodologies (Scrum, Kanban), continuous integration, continuous deployment (CI/CD) processes and JIRA/Confluence.
Excellent problem-solving and troubleshooting skills, with the ability to debug and optimize complex applications.
Ability to work collaboratively in a cross-functional team environment and communicate technical concepts effectively to both technical and non-technical audiences.

PREFERRED QUALIFICATIONS

Advanced degree or relevant certifications.
Experience maintaining and executing brand standards and design systems to the pixel, aiming for rigorous excellence and attention to detail to maintain a consistent visual experience.
Experience with Microsoft Technology Stack, including .NET framework & SharePoint, and demonstrated understanding of cloud application architectures.
Familiarity with front end modern application frameworks and tools such as node.js, Angular.js, Ionic, Apple Swift, kotlin, Vue.js. and / or back end frameworks and tools such as Java, Laravel, Drupal, Python, PHP.

TRAVEL OR ENVIRONMENT REQUIREMENTS

Candidate will be expected to travel globally to Pfizer locations as needed

Pfizer is an equal opportunity employer and complies with all applicable equal employment opportunity legislation in each jurisdiction in which it operates.
To apply please visit our website www.pfizercareers.com and search job Manager, Front-End Application Development id 4918498.",Senior,Full-time,"Thessaloniki, Greece",EL,2024-08-29,kariera.gr,165960,,"['http://data.europa.eu/esco/skill/11430d93-c835-48ed-8e70-285fa69c9ae6', 'http://data.europa.eu/esco/skill/14832d87-2f2f-4895-b290-e4760ebae42a', 'http://data.europa.eu/esco/skill/1605025e-a179-421f-8f35-5b07d182a6b2', 'http://data.europa.eu/esco/skill/19a8293b-8e95-4de3-983f-77484079c389', 'http://data.europa.eu/esco/skill/1a4cc54f-1e53-442b-a6d2-1682dc8ef8f9', 'http://data.europa.eu/esco/skill/1de3942b-99d8-41e8-9ef0-fbc9e9f6307b', 'http://data.europa.eu/esco/skill/1ffac4ac-fda7-407d-8ed1-ca8f4a8dc146', 'http://data.europa.eu/esco/skill/2fb8480e-de3c-462b-b169-e8bbb344da68', 'http://data.europa.eu/esco/skill/4350c38d-0fe9-4ca7-bab9-40ed7f72b04f', 'http://data.europa.eu/esco/skill/4cb51222-3e2e-417c-9a5c-e9ccf262721d', 'http://data.europa.eu/esco/skill/51e79cb4-fab3-404c-88f3-cd4a1bd5879e', 'http://data.europa.eu/esco/skill/56a10e3e-c9e7-4d39-b6f1-6013398fcb3a', 'http://data.europa.eu/esco/skill/5b26f08b-88bc-45f0-b901-530d7786466b', 'http://data.europa.eu/esco/skill/719d8699-a221-4b5a-8fc3-68a8645cbe03', 'http://data.europa.eu/esco/skill/7e5147d1-60b1-4a68-804b-1f5cb0396b91', 'http://data.europa.eu/esco/skill/8ff015a0-98ea-4d80-a23e-1f68110a919e', 'http://data.europa.eu/esco/skill/9531fe02-1e1f-4a36-95f7-a76a77cd4b8d', 'http://data.europa.eu/esco/skill/96eb286a-58b7-45ff-a916-5578d0b79b8c', 'http://data.europa.eu/esco/skill/be64bb4c-84ac-4c83-8cc7-fc8593e15136', 'http://data.europa.eu/esco/skill/be80acfc-b6f2-4411-9b8d-b19d9cd2556a', 'http://data.europa.eu/esco/skill/c4b1f326-224a-420a-b8b3-814a8f13b6cb', 'http://data.europa.eu/esco/skill/c624c6a3-b0ba-4a31-a296-0d433fe47e41', 'http://data.europa.eu/esco/skill/ccd0a1d9-afda-43d9-b901-96344886e14d', 'http://data.europa.eu/esco/skill/d8567009-7c6f-43fb-82fb-7154ed8ebca9', 'http://data.europa.eu/esco/skill/f058bf62-70d1-4f5e-be2a-8b26fac24a96']","['http://data.europa.eu/esco/occupation/070e94a8-a933-4557-9b95-fefe7f4f1763', 'http://data.europa.eu/esco/occupation/0ddbf393-38f1-4c22-b14c-fe775008f321', 'http://data.europa.eu/esco/occupation/196a4c75-9591-436f-9677-67252df34c22', 'http://data.europa.eu/esco/occupation/2ed56c3f-61d6-4f7e-9ef8-8849eb102e4c', 'http://data.europa.eu/esco/occupation/2fb96c6c-8d0b-4ef0-b1ee-3e493305e4eb', 'http://data.europa.eu/esco/occupation/50af07f0-7a75-424e-a66d-5a9deea10f4c', 'http://data.europa.eu/esco/occupation/53cdd34e-22f2-41bd-b3c7-de22bf9bbcae', 'http://data.europa.eu/esco/occupation/57af9090-55b4-4911-b2d0-86db01c00b02', 'http://data.europa.eu/esco/occupation/69bcbb0a-8d80-4ecd-b0a4-9adea2a40de2', 'http://data.europa.eu/esco/occupation/7c132147-428b-4ea3-87e1-70f7abb691ce', 'http://data.europa.eu/esco/occupation/866c7813-2c03-47d7-9bdc-192cfbace57c', 'http://data.europa.eu/esco/occupation/9e285322-2cfa-430f-9b66-41be57d698e2', 'http://data.europa.eu/esco/occupation/a74f6c51-37e5-423e-aa5b-044e98663027', 'http://data.europa.eu/esco/occupation/dc97adbe-f807-4ad8-8f3c-c24b3416cdef', 'http://data.europa.eu/esco/isco/C11']"
2614,Prestige Accouns Developer Paros,"The role of Business Developer is at the heart of Coca-Cola Tria Epsilon and is a position where you directly see the impact of your work every day. As a Business Developer, you will be responsible for managing a broad portfolio of some of the most iconic global and local soft drink, juice and beverage brands. You will meet our customers every day, and you will be the face of Coca-Cola Tria Epsilon in the market. As a member of our team, you will have constant support to achieve high performance and develop daily in a fast-paced and dynamic environment. Resources & Experience * I have similar previous experience in a corresponding external sales position in the same or similar industry * Driving license * Desirable degree from AEI/TEI/IEK * Excellent knowledge of the Greek language * I am result-oriented and able to create trusting relationships * I am characterized by customer-centricity & I focus on the needs of the client * I can plan and schedule my work effectively, setting priorities and proposing solutions * I work cooperatively and responsibly * I am interested in my personal & professional development Responsibilities as a Business Developer * Your daily mission: strengthening sales and market activation with a broad portfolio of iconic global and local brands * You will achieve goals by implementing leading sales and market activation tools * You will build trusting relationships by finding the best solutions for our customers to achieve the highest level of customer satisfaction * You will collaborate and you share best practices with your team to support each other in developing your skills * You will gather information about market and customer developments to adapt to them to evolve and win with our customers every day * You will have a planned itinerary for customer visits so you can focus on the essence of your work * I carry out store activation activities focusing on merchandising standards to expand customer transactions * I promote team spirit by working closely with team members as well as with members of others departments, always aiming for my growth * I am open to providing and receiving frequent feedback Benefits * Company car & travel expenses * Mobile & iPad * Daily support * Product availability * Bonus based on achievement of targets At Coca-Cola HBC, diversity thrives and we seek to eliminate all forms of stereotypes. This means we provide equal opportunities for everyone, regardless of race, color, religion, age, special needs, sexual orientation or gender identity. Come and join our team, so that we can continue to create an environment of inclusion, where everyone belongs and contributes collectively to success.",Entry / Junior,Full-time,"Paros, Greece",EL,2024-08-29,kariera.gr,165950,,"['http://data.europa.eu/esco/skill/2b2d7c6a-229a-40ba-80f3-b5b5766161a0', 'http://data.europa.eu/esco/skill/a15dab55-f1da-4f85-ae3e-2b5c5b5333ca', 'http://data.europa.eu/esco/skill/c09bf6d4-f8a7-40f3-aead-ef01643f2352', 'http://data.europa.eu/esco/skill/e24377fb-020b-4430-8bed-86dd539bbf3a']","['http://data.europa.eu/esco/occupation/9a26d76b-b9e3-46ae-ab4b-057a1262138b', 'http://data.europa.eu/esco/occupation/b76178c0-a03a-4793-b079-1e61e636c521']"
2651,"Senior Associate, Solution Engineer","ROLE SUMMARYTechnology impacts everything we do. Pfizer's digital and 'data first' strategy focuses on implementing impactful and innovative technology solutions across all functions from research to manufacturing. Whether you are digitizing drug discovery and development, identifying solutions, or making our work easier and faster, you will be making a difference to countless lives.The Digital Revenue Management (RM) Creation Center team manages technology strategy and delivery for the US Market Access (USMA) Operations Business within the Global Access & Value (GAV) organization. Pharmaceutical pricing is at the forefront of the U.S. national discussion for healthcare costs. The RM Creation team plays a critical role in ensuring patients have access to breakthrough medicines through efficient channels at affordable pricing.




ROLE RESPONSIBILITIES

Work as developer for developing and delivering reports that inform business decision making.
Work as developer for developing and delivering system enhancements according to business requirements.
Responsible for requirements documentation, business analysis and process optimization.
Responsible for coordinating the deployment process with various Pfizer Digital teams.
Responsible for work efforts across functional areas within RM.
Must be able to multi-task and perform a wide variety of tasks simultaneously such as organize presentations for upper management, perform system testing, and organize meetings.
Work with peers in Pfizer Digital to project financial estimates for small projects.
Manage business request prioritization with peers in Pfizer Digital.
Organize project deliverables for the Digital RM team.
Help promote the Purpose Blueprint for all projects.
Work with peers to manage project delivery through the system development lifecycle (SDLC) and through Agile Delivery.

BASIC QUALIFICATIONS

Bachelor's degree required, preferably in a Computer Science or Business Management field.
3+ years of experience in a large corporate setting with an emphasis on solutions and application development.
Ambition to learn and utilize emerging technologies while working in a stimulating team environment.
Development skills in Oracle, PL/SQL, SQL, Snowflake, Informatica IICS, Business Objects, Tableau, AWS, Unix Scripting.
Willingness to take risks without fear of making mistakes.
Understanding of solutions delivery and delivery methodologies including Waterfall and Agile.
Strong organization and critical thinking skills.
Strong written, visual, and verbal communication skills.

PREFERRED QUALIFICATIONS

Technology solutions delivery in a pharmaceutical or regulated environment.
Competency in understanding organizational behaviors in a large corporate environment.
Understanding of Software Development Life Cycle management including requirements definition, design, testing and implementation.
Experience with external Contract Management vendor solutions such as the ModelN FLEX application.
Some knowledge of Java or a Microsoft platform such as .NET.
Knowledge of database, storage, hosting, cloud, application, analytics and services technologies.
Experience building relationships with both business partners and Digital technical teams.

Pfizer is an equal opportunity employer and complies with all applicable equal employment opportunity legislation in each jurisdiction in which it operates.
To apply please visit our website www.pfizercareers.com and search job Senior Associate, Solution Engineer with id 4918518.",Senior,Full-time,"Thessaloniki, Greece",EL,2024-08-28,kariera.gr,165893,,"['http://data.europa.eu/esco/skill/09f2f811-a3fb-4de3-a70f-6420a6935575', 'http://data.europa.eu/esco/skill/0b144726-21c2-46ed-8d13-c03d27f61604', 'http://data.europa.eu/esco/skill/0ee94c0a-3716-494a-95a2-dcbab9e58be2', 'http://data.europa.eu/esco/skill/1605025e-a179-421f-8f35-5b07d182a6b2', 'http://data.europa.eu/esco/skill/19a8293b-8e95-4de3-983f-77484079c389', 'http://data.europa.eu/esco/skill/4cdbc76c-75d8-4e12-8653-4820c2d5446f', 'http://data.europa.eu/esco/skill/598de5b0-5b58-4ea7-8058-a4bc4d18c742', 'http://data.europa.eu/esco/skill/5ef0c719-5bcb-49f8-b8eb-824388225333', 'http://data.europa.eu/esco/skill/633a3637-2c6b-40ae-ac38-289eb2a62aa6', 'http://data.europa.eu/esco/skill/6a876489-7ad8-4a13-b09c-c9b8e97a302e', 'http://data.europa.eu/esco/skill/7369f779-4b71-4aab-8836-48b69c676eec', 'http://data.europa.eu/esco/skill/7b1ab171-caed-4561-89e4-b214396b1ae8', 'http://data.europa.eu/esco/skill/7dd94ad3-13d6-43fe-8b94-51fcbf67ced9', 'http://data.europa.eu/esco/skill/96eb286a-58b7-45ff-a916-5578d0b79b8c', 'http://data.europa.eu/esco/skill/a8797f21-1af0-4c5e-98ca-bf1442929363', 'http://data.europa.eu/esco/skill/dba46f87-0831-49cd-a1c7-340a653c0221', 'http://data.europa.eu/esco/skill/dc72ad0a-c5dc-4abd-bc0d-ca43e82162e1']","['http://data.europa.eu/esco/occupation/2ed56c3f-61d6-4f7e-9ef8-8849eb102e4c', 'http://data.europa.eu/esco/occupation/4b3201cb-ffc5-4f61-9fc3-5c0f0038fa5f', 'http://data.europa.eu/esco/occupation/544cd9cf-e2ee-4ac0-8a02-7147af6b97d7']"
2715,"Manager, AI and Data Science Frontend Engineer","Role Summary
Do you want to make an impact on patient health around the world? Do you thrive in a fast-paced environment that brings together scientific, clinical, and commercial domains through engineering, data science, and AI? Then join Pfizer Digital's Artificial Intelligence, Data, and Advanced Analytics organization (AIDA) where you can leverage cutting-edge technology to inform critical business decisions and improve customer experiences for our colleagues, patients and physicians. Our collection of engineering, data science, and AI professionals are at the forefront of Pfizer's transformation into a digitally driven organization that leverages data science and AI to change patients' lives. The Data Science Industrialization team within Data Science Solutions and Initiatives is a critical driver and enabler of Pfizer's digital transformation, leading the process and engineering innovation to rapidly progress early AI and data science applications from prototypes and MVPs to full production.As a Manager, AI and Data Science Frontend Engineer, you will be part of the Data Science Industrialization team charged with designing and using UI/UX principles, developing and continuously improving web application frontends, particularly those focused on AI use cases. You will contribute to the best practices and maintain standards for frontend application development.
Role Responsibilities

Architecting Solutions: You will contribute in the design and architecture of frontend applications, ensuring they align with business goals and technical requirements.
Web Development: Create responsive and visually appealing web interfaces using HTML, CSS, and Bootstrap.
JavaScript Webapp Frameworks: Proficiency in both React and Vue or AngularJS is essential. You'll leverage these frameworks to build dynamic and interactive user interfaces.
API Integration: Work closely with backend teams to integrate APIs and ensure seamless data flow between frontend and backend components.
Testing and Optimization: Implement unit tests, end-to-end tests, and performance optimizations to enhance application reliability and speed.
User-Centric Approach: Understand user needs and translate them into intuitive, accessible, and aesthetically pleasing designs.
Mentoring and Guidance: Provide guidance to junior frontend developers, fostering a culture of continuous learning and improvement.
Technical Excellence: Enforce coding standards, best practices, and thorough testing (unit, integration, etc.) to ensure reliability and maintainability.

Qualifications
Must-Have

Bachelor's degree in computer science, Software Engineering, or engineering related area.
5+ years of work experience as a frontend developer, with a track record of leading successful projects and software that is deployed as building and deploying Web Applications.
Experience developing dynamic and interactive web applications; familiar with React, AngularJS, Vue.
Experience in creating responsive user interfaces; familiar with technologies such as HTML, Tailwind CSS, Bootstrap, Material, Vuetify ​.
Good understanding of Software Development Life Cycle (SDLC)
Understanding of digital accessibility and disability inclusion. Experience developing digital products that comply with accessibility standards.
Hands on experience working in Agile teams, processes, and practices.
Highly self-motivated to deliver both independently and with strong team collaboration
Ability to creatively take on new challenges and work outside comfort zone
Strong English communication skills (written & verbal)

Nice-to-Have

Advanced degree in Computer Engineering, Computer Science, Information Systems or related discipline
Experience in UI/UX design
Experience working in a cloud-based ecosystems (AWS, Snowflake, etc)
Pharma & Life Science commercial functional knowledge
Pharma & Life Science commercial data literacy

Pfizer is an equal opportunity employer and complies with all applicable equal employment opportunity legislation in each jurisdiction in which it operates.
To apply please visit our website www.pfizercareers.com and search job Manager, AI and Data Science Frontend Engineer id 4918159.",Senior,Full-time,"Thessaloniki, Greece",EL,2024-08-28,kariera.gr,165815,,"['http://data.europa.eu/esco/skill/09f2f811-a3fb-4de3-a70f-6420a6935575', 'http://data.europa.eu/esco/skill/0af062de-eb43-41e9-9b96-249e2cd22d26', 'http://data.europa.eu/esco/skill/1d86f05e-e9cc-40ce-99d8-2b21cc71b16b', 'http://data.europa.eu/esco/skill/3e23db60-0c3d-498a-a6ac-ffbed0ecb033', 'http://data.europa.eu/esco/skill/54660948-b811-49a9-874c-bf2be5f280a2', 'http://data.europa.eu/esco/skill/5b26f08b-88bc-45f0-b901-530d7786466b', 'http://data.europa.eu/esco/skill/6ad40ca3-dc34-4442-b23f-0b1b28936f56', 'http://data.europa.eu/esco/skill/7bb5d9af-0a7e-48a7-a860-0e1ded0f6e75', 'http://data.europa.eu/esco/skill/ad05c2bf-3905-4e4c-bd56-6fcfdebc994c', 'http://data.europa.eu/esco/skill/be64bb4c-84ac-4c83-8cc7-fc8593e15136', 'http://data.europa.eu/esco/skill/edebd83d-35f6-4ed5-a940-6c203d178c01', 'http://data.europa.eu/esco/skill/f3c5fae0-c0e3-4410-bc09-62bd82d4cecc', 'http://data.europa.eu/esco/skill/fc54bd7f-0c03-4fdd-af8c-5eb4021e716d', 'http://data.europa.eu/esco/skill/fd33c66c-70c4-40e6-b87c-5495bd3bf26e']","['http://data.europa.eu/esco/occupation/070e94a8-a933-4557-9b95-fefe7f4f1763', 'http://data.europa.eu/esco/occupation/2079755f-d809-49e6-8037-4de6180e54c0', 'http://data.europa.eu/esco/occupation/258e46f9-0075-4a2e-adae-1ff0477e0f30', 'http://data.europa.eu/esco/occupation/2fb96c6c-8d0b-4ef0-b1ee-3e493305e4eb', 'http://data.europa.eu/esco/occupation/50af07f0-7a75-424e-a66d-5a9deea10f4c', 'http://data.europa.eu/esco/occupation/53cdd34e-22f2-41bd-b3c7-de22bf9bbcae', 'http://data.europa.eu/esco/occupation/57af9090-55b4-4911-b2d0-86db01c00b02', 'http://data.europa.eu/esco/occupation/866c7813-2c03-47d7-9bdc-192cfbace57c', 'http://data.europa.eu/esco/occupation/8c3f536e-ba66-4321-ba40-363dc39f129b', 'http://data.europa.eu/esco/occupation/8d9ec84d-cf2d-4179-87bc-335cda54a427', 'http://data.europa.eu/esco/occupation/faed411a-f920-4100-86a8-b877928b429c', 'http://data.europa.eu/esco/isco/C214', 'http://data.europa.eu/esco/isco/C221']"
2757,"Senior Associate, Solution Engineer","All over the world, Pfizer colleagues are working together to positively impact health for everyone, everywhere. Each position at Pfizer touches and contributes to the success of our business and our world. That's why, as one of the global leaders in the biopharmaceutical industry, Pfizer is committed to seeking out inspired new talent who share our core values and mission of making the world a healthier place.R&D within AIDA (AI, Data and Analytics), is a Pfizer Digital organization responsible for the development and management of all data, analytics tools and platforms across the enterprise - from global research and development, to manufacturing, to commercial, to patient care across over 100+ countries. One of the team's top priorities is the advancement of AI/ML enabled analytics and the creation of data solutions that can be leveraged across the enterprise.R&D in AIDA holds responsibility for the development and operations of the aggregate data solutions (data lakes and associated application portfolios) supporting Pfizer's scientific and clinical functions.The Sr. Associate Solution Engineer will develop scientific information software with a team of peer developers, digital client partners, architects, platform leads and contract support personnel under the direction of a senior software developer.




How You Will Achieve It

Work within project teams as a contributor to design, prototype, implement and unit test software solutions in support of the project objectives.
Translate logical designs of user/system interfaces into physical designs, considering the target environment, performance requirements and existing systems.
​Work in a matrix, team environment with Pfizer colleagues as well as vendor partners.
Dedicated to meeting the expectations and requirements of internal and external customers.
Focus on growing as an engineer, learning existing tools, resources and DevOps processes.
Develop productivity skills by learning source control, editors (IDE), build systems (CI/CD), Cloud platforms (Atlassian, GitHub, AWS), and other tools as well as unit testing best practices.
Accept feedback graciously and learn from everything they do .
Exhibit Pfizer's core values of Courage, Excellence, Equity, Joy and focuses on understanding and living these values.
Work under general supervision using own judgement where needed.
Proactively reporting issues and enhancements.
Documenting processes.
Debugging and fixing simple to moderately complex technical issues.





Qualifications
Must-Have

Bachelors degree in relevant field.
At least 3 years of experience as a software developer/engineer .
Demonstrated skills in analysis and problem solving .
Fundamental knowledge of Kubernetes.
Programming using Python and Java.
Knowledge using GitHub for source control and Git Actions for CICD workflows.
Understand modern software engineering, including coding standard, code reviews, source control management, build processes, testing, and releasing.
Knowledge of database interaction languages such as SQL (PySpark is an advantage). 
Comfortable using collaboration tools such as Jira, Confluence and MS Teams.
Ability to challenge, improve and develop existing practices & processes.
Self-motivated with the ability to drive work forward and work well in a geographically dispersed, virtual team environment.
Excellent oral and written communication skills.

Nice-to-Have

Knowledge in operating and managing AWS infrastructure.
Knowledge of Agile development methodologies (ie Scrum) .
Knowledge of ELK or OpenSearch is an advantage.





Pfizer is an equal opportunity employer and complies with all applicable equal employment opportunity legislation in each jurisdiction in which it operates.
To apply please visit our website www.pfizercareers.com and search job Senior Associate, Solution Engineer with id 4916417.",Senior,Full-time,"Thessaloniki, Greece",EL,2024-08-28,kariera.gr,165768,,"['http://data.europa.eu/esco/skill/03b9b491-fc9b-4868-914a-bf7cd47b5041', 'http://data.europa.eu/esco/skill/05aa7c09-46e7-433f-a81b-92841f4551e7', 'http://data.europa.eu/esco/skill/0d6714c6-720e-4985-9791-5ab85d28da79', 'http://data.europa.eu/esco/skill/1605025e-a179-421f-8f35-5b07d182a6b2', 'http://data.europa.eu/esco/skill/19a8293b-8e95-4de3-983f-77484079c389', 'http://data.europa.eu/esco/skill/1b957e3d-0017-42b0-9bfe-49a1cdd31de7', 'http://data.europa.eu/esco/skill/2522a6ce-3202-4ac8-9f5b-b9cb5a3a83a1', 'http://data.europa.eu/esco/skill/ccd0a1d9-afda-43d9-b901-96344886e14d', 'http://data.europa.eu/esco/skill/dba46f87-0831-49cd-a1c7-340a653c0221', 'http://data.europa.eu/esco/skill/f0de4973-0a70-4644-8fd4-3a97080476f4', 'http://data.europa.eu/esco/skill/f8e3425c-fe44-4ffb-bafe-0e20d91dadf4', 'http://data.europa.eu/esco/skill/f9b52e2d-56a7-48ca-b04d-2fc6436fcd4f', 'http://data.europa.eu/esco/skill/fd33c66c-70c4-40e6-b87c-5495bd3bf26e']","['http://data.europa.eu/esco/occupation/196a4c75-9591-436f-9677-67252df34c22', 'http://data.europa.eu/esco/occupation/2fb96c6c-8d0b-4ef0-b1ee-3e493305e4eb', 'http://data.europa.eu/esco/occupation/8c3f536e-ba66-4321-ba40-363dc39f129b', 'http://data.europa.eu/esco/occupation/bd9d395a-d587-45c6-8d72-ceef226df9e1', 'http://data.europa.eu/esco/occupation/cc867bee-ab5c-427f-9244-f7a204d9574b', 'http://data.europa.eu/esco/occupation/f2b15a0e-e65a-438a-affb-29b9d50b77d1']"
2857,Dynamics 365 Finance & Operations Functional Consultant,"As a Dynamics 365 Functional Consultant at GWF, you play a crucial role in transforming our business technology solutions in Dynamics 365. Join a team that leads Enterprise Resource Planning (ERP) and Customer Relationship Management (CRM) initiatives, shaping the future of digital practices in the flow control space and beyond.
Responsibilities

Demonstrate expertise in D365 functional areas, including Finance, HR, Procurement, Inventory, Manufacturing, Sales & Power Platform Apps
Experience in setting and parametrizing D365 modules, showing a deeper understanding of their interdependencies from a functional process and also technical implementation perspective
Ensure the quality of project deliverables, showcasing proficiency in system and functional testing
Lead end-to-end implementation projects, contributing to design, configuration, testing, training, cutover, and reporting phases
Collaborate with operational teams to gather requirements, ensuring expectations align with deliverables
Act as the interface between functional requirements and development initiatives, by owning functional specifications and being able to translate them into developer’s language
Support the development team during design sessions, comprehending business problems, and implementing solutions through in-platform configuration
Act as a subject matter expert for Dynamics 365, offering guidance in Supply Chain and Finance
Promote the understanding of D365 standard processes and help minimize technical debt while instilling best practices in the business processes

 
Requirements

Bachelor’s degree in Information Technology with a preference for a Master’s degree
Microsoft Dynamics D365 certifications
5 to 8 years or more of relevant experience in a similar role, especially in a professional services/consulting firm
Knowledge of ERP implementation methodologies and strong analytical acumen
Ability to work under minimal supervision and adapt to changing environments
Excellent presentation and communication skills, with fluency in English and at least German or Greek

Soft Skills

Confidence, independence, and a professional demeanor
Effective time management in handling multiple tasks
Clear thinking and calmness under pressure
Creative problem-solving and a focus on business process excellence
Eagerness to assess and incorporate new technologies into your skillset

We offer

Competitive compensation
Flexible work models
A pleasant, fun, and achievement-oriented environment
Learning and growth opportunities in an international company setup

Interested?We look forward to receiving your complete application documents.",Mid-level,Full-time,"Thermi, Greece",EL,2024-08-28,kariera.gr,165652,,"['http://data.europa.eu/esco/skill/3bc08c26-2f98-4730-bbb6-ec4a8566e3cf', 'http://data.europa.eu/esco/skill/55b2821c-b1f1-4776-862e-926fa2ce3747', 'http://data.europa.eu/esco/skill/96d549bb-3e62-4c45-92a7-f114df089581', 'http://data.europa.eu/esco/skill/9e84a506-df06-4be3-874a-fa01293e3dd5', 'http://data.europa.eu/esco/skill/a8797f21-1af0-4c5e-98ca-bf1442929363', 'http://data.europa.eu/esco/skill/dc9a236c-c640-43c3-812f-269403591edb', 'http://data.europa.eu/esco/skill/df64a7cc-2e96-4304-95d3-56fe0ac2dd39', 'http://data.europa.eu/esco/skill/ea4ebfa1-e17a-4416-ac54-955f33e6ade7', 'http://data.europa.eu/esco/skill/f464be1f-4bb2-4501-a7d2-3ff74daca3bd', 'http://data.europa.eu/esco/skill/fcc0a1c8-d36e-4f8e-b928-00d5bca10a47']","['http://data.europa.eu/esco/occupation/4874fa37-0cd1-4a68-aed8-a838851f242d', 'http://data.europa.eu/esco/occupation/6cd08cbe-7611-4d70-8886-6c59c0385442', 'http://data.europa.eu/esco/occupation/725090a7-9943-4dae-8079-a6999d21ddba', 'http://data.europa.eu/esco/occupation/cb4f98c8-6b8d-41d8-87eb-a2a2033a3a25', 'http://data.europa.eu/esco/isco/C1212']"
3014,"Senior Manager, Digital Solutions Engineer & Technical Team Lead","ROLE SUMMARY
At Pfizer we make medicines and vaccines that change patients' lives with a global reach of over 780 million patients.Pfizer Digital is the organization charged with winning the digital race in the pharmaceutical industry. We apply our expertise in technology, innovation and our business to support Pfizer in this mission.The Commercial Creation Center & CDI (C4) team builds and maintains the platforms and capabilities that enable Pfizer Business Units to connect digitally with our external customers and effectively engage and collaborate across teams internally.  This includes all digital (web, mobile, omni-channel, & devices) products, platforms, services, and experiences in service of patients, HCPs, payors, pharmacists, or clinical sites. We build advanced cloud-based technology solutions at a global scale that positively impact Pfizer business performance.Patient and Marketplace Corp. Affairs: Within C4, the Patient and Marketplace Corp. Affairs team is accountable for delivering patient-facing digital companions and external marketplace solutions to increase customer value and simplify specialty pharma services to ensure patients can acquire Pfizer breakthroughs.​The U.S. Channels and Global Web Experience team directly owns and operates Pfizer.com, the operation of our primary U.S. corporate social channels, and the look and feel of our regional corporate sites around the world, consulting and supporting objectives from various stakeholders across the entire company, as well as directly setting objectives and delivering on them.The Solutions Engineer is a senior technical role responsible for developing ideas and leading the design and overseeing the implementation of complex cutting-edge technical solutions across business units. This role serves as the bridge between business requirements and technical capabilities, translating stakeholder needs into innovative and scalable solutions that leverage emerging technologies.
ROLE RESPONSIBILITIES
Subject Matter Expertise - General

Design and architect technical solutions that address stakeholder needs while adhering to best practices, industry standards, and Pfizer's technology strategies.
Develop detailed technical specifications, system architectures, and implementation plans for immersive solutions.
Oversee the implementation of digital solutions by development teams, ensuring adherence to the defined technical architecture and design principles.
Ensure compliance with relevant regulations, security protocols, and industry best practices related to solution development and deployment.
Act as technical lead for Pfizer.com (and functionality shared with our regional sites): accountable for the technical strategy, in close coordination with Platform team and other technical partners.
Strategic Leadership & Delivery
Take risk-based approach to advance innovative processes and methodologies based on comprehensive business knowledge for evaluation and recommendation of appropriate technologies, platforms, and frameworks, considering factors such as scalability, performance, security, and integration with existing systems.

Resource and Financial Management

Provide direct oversight to colleagues and contractors that comprise the technical/engineering team, as well as in-region manager for other local colleagues on the team (which may include roles that aren't primarily technical/engineering)
Manages and leads people, technological and financial resources within the Business Unit, often lead by influence rather than direct authority, in addition to direct reports.

Cross- Team Collaboration

Collaborate with the Delivery Lead, Service Owners, stakeholders, and development teams to gather and analyze business requirements.
Collaborate with cross-functional teams, including the Technical Services Leads and Platform teams, to ensure seamless integration and support for solutions with Pfizer's digital platforms and technologies.





BASIC QUALIFICATIONS

Bachelor's degree in Computer Science, Software Engineering, or a related technical field.
7+ years of extensive experience in solution architecture, technical design, and implementation of complex software systems, with a focus on leading a team of engineers and defining the process for a developer team, particularly in relation to a database-driven content management system (CMS).
Strong understanding of Drupal/PHP/MySQL stack development technologies, platforms, and frameworks, along with their strengths, limitations, and integration capabilities. Deep understanding of Drupal's caching system, modules, crons, taxonomies is a plus.
Strong proficiency in programming languages, development tools, and software engineering practices relevant to implementing and integrating CMS tools with modern frontend technologies (e.g., HTML5, CSS3, ES6). Experience with a popular JavaScript framework like React, Next, Vue, Angular is a plus.
Excellent problem-solving, analytical, and decision-making skills, with the ability to navigate complex technical challenges and trade-offs.
Passion for exploring emerging technologies and driving innovation in the field of GenAI/LLM/Semantic Search (several related efforts underway looking for leadership and individually contribution)
Strong attention to detail and commitment to delivering high-quality, robust, and scalable technical solutions.
Familiarity with agile methodologies (Scrum, Kanban), continuous integration, continuous deployment (CI/CD) processes and JIRA/Confluence

PREFERRED QUALIFICATIONS

Advanced degree or relevant certifications.
Experience in the Pharma industry
Experience with Microsoft Technology Stack, including .NET framework & SharePoint, and demonstrated understanding of cloud application architectures
Familiarity with front end modern application frameworks and tools such as node.js, Angular.js, Ionic, Apple Swift, kotlin, Vue.js. and / or back end frameworks and tools such as Java, Laravel, Drupal, Python, PHP.
High proficiency and proven successful delivery of experiences using Agile development, especially scaled agile and lean techniques and methodologies (Disciplined Agile, SAFe, etc.)

Pfizer is an equal opportunity employer and complies with all applicable equal employment opportunity legislation in each jurisdiction in which it operates.
To apply please visit our website www.pfizercareers.com and search job Senior Manager, Digital Solutions Engineer & Technical Team Lead id 4918233.",Senior,Full-time,"Thessaloniki, Greece",EL,2024-08-27,kariera.gr,165486,,"['http://data.europa.eu/esco/skill/0ee94c0a-3716-494a-95a2-dcbab9e58be2', 'http://data.europa.eu/esco/skill/11430d93-c835-48ed-8e70-285fa69c9ae6', 'http://data.europa.eu/esco/skill/14832d87-2f2f-4895-b290-e4760ebae42a', 'http://data.europa.eu/esco/skill/19a8293b-8e95-4de3-983f-77484079c389', 'http://data.europa.eu/esco/skill/1de3942b-99d8-41e8-9ef0-fbc9e9f6307b', 'http://data.europa.eu/esco/skill/1f1d2ff8-c4c1-45cc-9812-6a7ee84a73cb', 'http://data.europa.eu/esco/skill/1ffac4ac-fda7-407d-8ed1-ca8f4a8dc146', 'http://data.europa.eu/esco/skill/2fb8480e-de3c-462b-b169-e8bbb344da68', 'http://data.europa.eu/esco/skill/41bf7ede-fc84-4a57-8c89-b548d11b0ba1', 'http://data.europa.eu/esco/skill/4350c38d-0fe9-4ca7-bab9-40ed7f72b04f', 'http://data.europa.eu/esco/skill/457c2e47-07e6-4073-827e-e1c21f3e5869', 'http://data.europa.eu/esco/skill/477173ca-5fc2-406b-9122-95d92811f284', 'http://data.europa.eu/esco/skill/4cb51222-3e2e-417c-9a5c-e9ccf262721d', 'http://data.europa.eu/esco/skill/4f6e68b2-85c8-446e-a96d-b306ec7e0091', 'http://data.europa.eu/esco/skill/52e53619-fa77-4f72-b237-5e4aae784dc2', 'http://data.europa.eu/esco/skill/7369f779-4b71-4aab-8836-48b69c676eec', 'http://data.europa.eu/esco/skill/75d8e5d9-bef3-418b-9011-01bff9f27207', 'http://data.europa.eu/esco/skill/8ff015a0-98ea-4d80-a23e-1f68110a919e', 'http://data.europa.eu/esco/skill/92721092-fe7c-4689-96bd-4f02385bc0e7', 'http://data.europa.eu/esco/skill/9531fe02-1e1f-4a36-95f7-a76a77cd4b8d', 'http://data.europa.eu/esco/skill/9ef0f3a0-9ce2-4ef1-a987-0366b5cb2dbe', 'http://data.europa.eu/esco/skill/be80acfc-b6f2-4411-9b8d-b19d9cd2556a', 'http://data.europa.eu/esco/skill/c3687b34-fe53-4db2-ad1b-5055a6c5b6fd', 'http://data.europa.eu/esco/skill/ccd0a1d9-afda-43d9-b901-96344886e14d', 'http://data.europa.eu/esco/skill/dba46f87-0831-49cd-a1c7-340a653c0221', 'http://data.europa.eu/esco/skill/e76dd90d-91c4-49c0-bfd0-dfa2c4c90c81', 'http://data.europa.eu/esco/skill/ed8de897-adbe-4f0e-b4d2-534953e64c72', 'http://data.europa.eu/esco/skill/f08e2bd6-0366-4948-a670-1f03f130126f', 'http://data.europa.eu/esco/skill/f9738fc9-4d67-43e8-bfda-954123e34d42', 'http://data.europa.eu/esco/skill/fae27053-8924-4bfd-b565-c9fe502044c9']","['http://data.europa.eu/esco/occupation/00030d09-2b3a-4efd-87cc-c4ea39d27c34', 'http://data.europa.eu/esco/occupation/0ddbf393-38f1-4c22-b14c-fe775008f321', 'http://data.europa.eu/esco/occupation/2fb96c6c-8d0b-4ef0-b1ee-3e493305e4eb', 'http://data.europa.eu/esco/occupation/30f3ea93-882a-4525-841c-1d5b4b64076f', 'http://data.europa.eu/esco/occupation/3ae4fd99-814a-4d06-a7db-5ee680c22e26', 'http://data.europa.eu/esco/occupation/53cdcc84-e5ee-488c-aa09-88084e06d6d7', 'http://data.europa.eu/esco/occupation/53cdd34e-22f2-41bd-b3c7-de22bf9bbcae', 'http://data.europa.eu/esco/occupation/57af9090-55b4-4911-b2d0-86db01c00b02', 'http://data.europa.eu/esco/occupation/7c132147-428b-4ea3-87e1-70f7abb691ce', 'http://data.europa.eu/esco/occupation/8cb59bc4-1f39-477e-beea-effed12d186c', 'http://data.europa.eu/esco/occupation/9e285322-2cfa-430f-9b66-41be57d698e2', 'http://data.europa.eu/esco/occupation/a74f6c51-37e5-423e-aa5b-044e98663027', 'http://data.europa.eu/esco/occupation/e9507d34-c70f-474f-a4a3-d2cbfe50f6e9', 'http://data.europa.eu/esco/occupation/fe0fa514-b48d-4a53-9757-a283c0baacf0', 'http://data.europa.eu/esco/isco/C1120', 'http://data.europa.eu/esco/isco/C214']"
3065,Full Remote Web Developer,"Wev Developer is wanted in a full-time telecommuting regime with the possibility of occasional meetings (one a month, one every two months) with a salaried employment relationship or a pad.
Required Qualifications:
Experience in Angular or AngularJS required  
Good knowledge of Java Spring Boot Framework
Good knowledge of databases (preferably Postgresql, Mysql)",Mid-level,Full-time,"Athens, Greece",EL,2024-08-27,kariera.gr,165393,,[],[]
3138,Business Developer Zakynthos,"The role of Business Developer is at the heart of Coca-Cola Tria Epsilon and is a position where you directly see the impact of your work every day. As a Business Developer, you will be responsible for managing a broad portfolio of some of the most iconic global and local soft drink, juice and beverage brands. You will meet our customers every day, and you will be the face of Coca-Cola Tria Epsilon in the market. As a member of our team, you will have constant support to achieve high performance and develop daily in a fast-paced and dynamic environment. Resources & Experience * I have similar previous experience in a corresponding external sales position in the same or similar industry * Driving license * Desirable degree from AEI/TEI/IEK * Excellent knowledge of the Greek language * I am result-oriented and able to create trusting relationships * I am characterized by customer-centricity & I focus on the needs of the client * I can plan and schedule my work effectively, setting priorities and proposing solutions * I work cooperatively and responsibly * I am interested in my personal & professional development Responsibilities as a Business Developer * Your daily mission: strengthening sales and market activation with a broad portfolio of iconic global and local brands * You will achieve goals by implementing leading sales and market activation tools * You will build trusting relationships by finding the best solutions for our customers to achieve the highest level of customer satisfaction * You will collaborate and you share best practices with your team to support each other in developing your skills * You will gather information about market and customer developments to adapt to them to evolve and win with our customers every day * You will have a planned itinerary for customer visits so you can focus on the essence of your work * I carry out store activation activities focusing on merchandising standards to expand customer transactions * I promote team spirit by working closely with team members as well as with members of others departments, always aiming for my growth * I am open to providing and receiving frequent feedback Benefits * Company car & travel expenses * Mobile & iPad * Daily support * Product availability * Bonus based on achievement of targets At Coca-Cola HBC, diversity thrives and we seek to eliminate all forms of stereotypes. This means we provide equal opportunities for everyone, regardless of race, color, religion, age, special needs, sexual orientation or gender identity. Come and join our team, so that we can continue to create an environment of inclusion, where everyone belongs and contributes collectively to success.",Entry / Junior,Full-time,"Zakynthos, Greece",EL,2024-08-27,kariera.gr,165329,,"['http://data.europa.eu/esco/skill/2b2d7c6a-229a-40ba-80f3-b5b5766161a0', 'http://data.europa.eu/esco/skill/a15dab55-f1da-4f85-ae3e-2b5c5b5333ca', 'http://data.europa.eu/esco/skill/c09bf6d4-f8a7-40f3-aead-ef01643f2352', 'http://data.europa.eu/esco/skill/e24377fb-020b-4430-8bed-86dd539bbf3a']","['http://data.europa.eu/esco/occupation/9a26d76b-b9e3-46ae-ab4b-057a1262138b', 'http://data.europa.eu/esco/occupation/b76178c0-a03a-4793-b079-1e61e636c521']"
3260,"Sr. Associate, Cybersecurity Automation Developer","ROLE SUMMARYThe Global Information Security (GIS) organization delivers proactive cyber defense for the global Pfizer enterprise. Our mission is to secure all of Pfizer's information assets ranging from the manufacturing floor to the core data centers and out to the patient facing solutions. We achieve this mission through a team of world-class talent, utilizing top-tier technologies, advanced analytics and the promotion of a cybersecurity ownership culture across the company. This role requires the individual to embrace an agile work environment and demonstrate a collaborative mindset, adaptability to change, and a proactive approach to problem solving.In this role, we are looking for emerging talent to develop analytics and automations that enable seamless execution and monitoring of operations, while being compliant to standard processes for Global Cybersecurity Engineering services. The Sr. Associate, Cybersecurity Automation Developer is a hands-on role which will develop analytics, and automations and work towards Infrastructure as Code and Policy as a Code to ensure end to end reliability, continuity and consistency of our services to protect Pfizer.For Pfizer, we look for candidates that are motivated, self-learning, and team-oriented individuals. From a technical perspective, an ideal candidate would have the skills shown below, but candidates that possess a strong subset and an attitude towards self-development & growth will be considered.




ROLE RESPONSIBILITIESThis role will have the following primary responsibilities, but will often act under the support and direction of the Sr. Manager, Cybersecurity Engineering Automations Lead:

Design and implement Infrastructure as Code to automate provisioning and management of infrastructure.
Automate Policies as Code and ensure compliance with organizational and regulatory standards.
Develop automations to eliminate manual repetitive tasks and allow time for more meaningful work.
Develop and optimize automation scripts for configuring and managing cloud infrastructure, while ensuring efficient and error free deployment process.
Create analytics from transactional logs from Global Cybersecurity Engineering solutions to provide visibility to support operational monitoring and policy analysis.
Develop analytics/analyze data to improve situational awareness and make informed decisions.
Manage small to medium security enhancement and remediation projects.
Demonstrate commitment to training, self-study and maintaining proficiency in the technical cyber security domain.
Demonstrate effective oral, written, and interpersonal communications skills as well as organizational and planning abilities.
Create and document processes, templates, and workflows for service execution across the Global Cybersecurity Engineering services.
Create and maintain compliance and audit related records relevant to the automation processes.

BASIC QUALIFICATIONS

BS in Computer Sciences, Information Security, Information Systems, Engineering, Sciences, or related field.
3+ years of experience.
Experience with Python and SQL.
Experience developing automated workflows using a graphical user interface solution.
Experience developing python scripts for data collection and automation use cases.
Experience performing raw data analysis using a log repository or SIEM.
Ability to learn and adapt to new technologies.
Strong critical thinking and problem-solving abilities.
Ability to prioritize and execute with minimal direction or oversight.
Concise, accurate communication skills (both verbal and written).
Ability to work both independently and in a team-oriented, collaborative environment.
Demonstrated commitment to training, self-study and maintaining proficiency in the technical cyber security domain.
Demonstrated experience in an agile work environment possessing qualities such as a collaborative mindset, adaptability to change, and a proactive problem-solving approach.

PREFERRED QUALIFICATIONS

Experience with Infrastructure as Code, Policy as Code, Security.
Experience with Terraform, PowerShell, and cloud infrastructure monitoring tools.
Experience developing alerts and reports based on data logs.
Experience with agile ways of work, Scrum framework and Scrum Master role.
Experience with compliance frameworks, code quality assurance and audit processes.
Experience creating workflows and templates in Confluence/JIRA.

Pfizer is an equal opportunity employer and complies with all applicable equal employment opportunity legislation in each jurisdiction in which it operates.
To apply please visit our website www.pfizercareers.com and search job Sr. Associate, Cybersecurity Automation Developer with id 4915504.",Senior,Full-time,"Thessaloniki, Greece",EL,2024-08-27,kariera.gr,165177,,"['http://data.europa.eu/esco/skill/055192dc-f16c-4855-835d-19cac6ff20aa', 'http://data.europa.eu/esco/skill/1fce1197-3a5b-45b7-8797-575cd3b57a01', 'http://data.europa.eu/esco/skill/49de9958-2aa4-4eef-a89d-fe5d5bcd28c4', 'http://data.europa.eu/esco/skill/598de5b0-5b58-4ea7-8058-a4bc4d18c742', 'http://data.europa.eu/esco/skill/6f1edc19-191f-4ba5-a048-ee69aff05bab', 'http://data.europa.eu/esco/skill/7dd94ad3-13d6-43fe-8b94-51fcbf67ced9', 'http://data.europa.eu/esco/skill/8181aa4c-42bc-4036-a3d2-5cb6bbb34239', 'http://data.europa.eu/esco/skill/8327754d-3990-4056-b07e-4faa49cfcd26', 'http://data.europa.eu/esco/skill/a80fb090-63f4-4b05-83a5-2f090deb7757', 'http://data.europa.eu/esco/skill/adc6dc11-3376-467b-96c5-9b0a21edc869', 'http://data.europa.eu/esco/skill/bda0d115-f315-453e-99dc-f8b0e5862db3', 'http://data.europa.eu/esco/skill/c5449667-9b40-4114-8d74-f51177669984', 'http://data.europa.eu/esco/skill/ccd0a1d9-afda-43d9-b901-96344886e14d', 'http://data.europa.eu/esco/skill/ed0718f6-5823-4c74-9749-2936c9c06203', 'http://data.europa.eu/esco/skill/f4a6e9f7-5cff-46c0-894c-59c20bb78694', 'http://data.europa.eu/esco/skill/f9738fc9-4d67-43e8-bfda-954123e34d42']","['http://data.europa.eu/esco/occupation/0ce5a9f4-e00a-4bbe-b255-3c63407167a4', 'http://data.europa.eu/esco/occupation/53cdd34e-22f2-41bd-b3c7-de22bf9bbcae', 'http://data.europa.eu/esco/occupation/6cd08cbe-7611-4d70-8886-6c59c0385442', 'http://data.europa.eu/esco/occupation/7f2761eb-4edc-48ad-9fbf-eed0a0db9a21', 'http://data.europa.eu/esco/occupation/9729c0f3-c9bc-482e-ac59-a82ec3b67ba3', 'http://data.europa.eu/esco/occupation/a44a1dc5-be08-4840-8bd5-770c4ac1ca6d', 'http://data.europa.eu/esco/occupation/bb609566-3ab6-44dd-8f48-cf0b15b96827', 'http://data.europa.eu/esco/occupation/caf7b8fb-b2d6-46b7-bffa-bea7f8e4aed8', 'http://data.europa.eu/esco/occupation/e9507d34-c70f-474f-a4a3-d2cbfe50f6e9', 'http://data.europa.eu/esco/isco/C214', 'http://data.europa.eu/esco/isco/C2529']"
3378,ERP Developer & ERP Consultant | Commercial Application Support (SoftOne/ EpsilonNet),"BUSINESSCOM EPE is an IT company specializing in IT & accounting services since 1987. 
It is looking for reliable partners - with an appetite for the positions of ERP Consultant & ERP Developer (Business Application Support & Installation).
The main goal is the implementation and support of computerization projects and ERP & CRM applications (SoftOne, EpsilonNet)
Responsibilities:
Recording and analysis of business processes of companies
Customization of business processes through the ERP application of each client
Training and support of each user of the information systems
Address and resolve issues immediately
 
Necessary qualifications:
Bachelor of Informatics - Computer Science
Good knowledge of commercial management of companies
Experience in requirements analysis & configuration of ERP systems
Fluency in written & oral language with ability to present solutions
Ease of communication, flexibility, adaptability, teamwork spirit
Ability to communicate with clients - partners & colleagues
Relevant experience of 2-3 years in a similar role and position 
Completed military service for male applicants
 
They will be especially appreciated:
Experience in the use & configuration of ERP applications (Soft1, Epsilon)
Experience in using & customizing other ERP equivalents
Experience with SQL databases
Basic programming knowledge (Java Scripting)
Additional Information:
Hours 9:00-17:00 / 9:30-17:30
Prospects & Possibilities for Development - Salary - Training
Salaries based on the capabilities of each candidate - interested party
Modern & Awesome Friendly Collaboration Environment
 
PS: Interested parties with contact & basic knowledge of programming/IT - with interest and zeal to really deal with the commercial applications part are very much welcome to apply.
Thank you and with sincere pleasure to get in touch and cooperate with you.",Mid-level,Full-time,"Peristeri, Greece",EL,2024-08-25,kariera.gr,165048,,"['http://data.europa.eu/esco/skill/0ee94c0a-3716-494a-95a2-dcbab9e58be2', 'http://data.europa.eu/esco/skill/15d76317-c71a-4fa2-aadc-2ecc34e627b7', 'http://data.europa.eu/esco/skill/49de9958-2aa4-4eef-a89d-fe5d5bcd28c4', 'http://data.europa.eu/esco/skill/652da95d-b336-497a-bce5-1c29a674eecb', 'http://data.europa.eu/esco/skill/9e84a506-df06-4be3-874a-fa01293e3dd5', 'http://data.europa.eu/esco/skill/c3a03c5a-c260-4c26-9b9a-873abb396f4d']","['http://data.europa.eu/esco/occupation/2d3d7188-47ab-49b9-9045-e452d9db06f1', 'http://data.europa.eu/esco/occupation/6a29d804-f775-446c-bec7-35fc4e28ac97', 'http://data.europa.eu/esco/occupation/b1c80369-067e-4041-84c8-dbe65640a5d8', 'http://data.europa.eu/esco/occupation/f31f487b-4ce2-40f3-90e8-7d0011b4ef1d']"
3410,Full-Stack Developer,"Company DescriptionWe are Netcompany-Intrasoft, a member of Netcompany Group A/S, and a leading European IT Solutions and Services company with strong international presence and expertise, dedicated to responsible digitalization. We offer innovative and added-value solutions of the highest quality to a wide range of public and private organizations, while being a key-player in the EU Institutions for the past 30 years. We hold an outstanding record of 500+ organizations in 70+ countries, that have chosen our solutions and services, to fulfil their business needs. Our team of 3500+ professionals is our driving force and our most valuable asset.Job DescriptionAre you ready to discover the role of a Full Stack Developer in Netcompany-Intrasoft?Joining us as a Full Stack Developer, you will have the opportunity to be a part of our highly skilled agile consultants teams working within large-scale transformation projects, that impact the life of millions of EU citizens. You will be involved in the design, customization, integration, and maintenance of enterprise-scale CRM/CX implementations that are intended mainly in private sector organizations.As a Full-Stack Developer, you will be based in Athens, working on international projects of Netcompany. You will take part in the development of some of Denmark's most complex and exciting IT solutions, where the combination of software development, task management, and customer contact will be part of your everyday life. You will be part of a high-performing international team, consisting of professionals that have different backgrounds and competencies - common to all of us is that we prioritize professionalism highly and take pride in developing the best IT solutions together. Our tasks include some of Denmark's most important and exciting IT projects, within the state, municipalities, and the Danish business community. As a Full Stack Developer you will:System development - both front-end, back-end, and integrationsPlanning of workflowsProcess optimization and quality assuranceTranslating customer requirements into the design of new featuresDaily sparring with your team to ensure a high technical and business levelQualificationsWhat would make you a fit for the role:Degree in Computer Science, Engineering, or relevant disciplineHave a minimum of 1-3 years of experience in the IT industry, as well as a relevant IT degreeHave experience with either Java, Python, Node.js, C#, .NET or JavaScriptHave helped develop and deliver major IT solutionsHave an interest in project management and see your career going in that directionExcellent command of the English language (written & verbal)Availability to travel when neededAdditional InformationBeing a part of the Netcompany-Ιntrasoft team, you will be provided with: The opportunity to work in a modern environment & in a hybrid working modelA seamless onboarding experience and a buddy to support you on your first stepsA competitive compensation & benefits packageHealth and life insurance programMeal allowanceWell-being activities (on premises)Continuous learning opportunities using the most modern methods (unlimited access to Udemy for Business, ad-hoc trainings)A personalized development plan for targeted career growthIf you are looking forward to be part of a diverse environment, and have the opportunity to work alongside well-experienced professionals, on challenging, large-scale projects that directly impact millions of citizens around the globe, then this is the place to be!By joining Netcompany-Intrasoft Athens, you will be part of a vivid team of 2000+ tech enthusiasts. When at the office you will have the chance to work at our brand-new, state-of-the-art, sustainable offices, located in 3 different spots in Athens!Our cultureOur people are the most important element of our success. Our work life is well defined by our set of fundamental Values: https://bit.ly/3SSbBzU  #BePartOfSomethingGreat!*Please submit your CV in EnglishAll applications will be treated as strictly confidential.",,Full-time,"Athens, Greece",EL,2024-08-24,kariera.gr,155252,,"['http://data.europa.eu/esco/skill/0b144726-21c2-46ed-8d13-c03d27f61604', 'http://data.europa.eu/esco/skill/19a8293b-8e95-4de3-983f-77484079c389', 'http://data.europa.eu/esco/skill/23ac233d-84ad-4517-b0f5-8ca19ba2614e', 'http://data.europa.eu/esco/skill/3cd569a2-4f88-4c1e-9995-8dce8c5e51a7', 'http://data.europa.eu/esco/skill/4c016b68-4116-468c-9dc6-42710c239e4a', 'http://data.europa.eu/esco/skill/5c1e686c-92cc-4bd7-9f23-51f9d8a58886', 'http://data.europa.eu/esco/skill/81513fdf-5ea9-4375-9bc4-67ad959ac5de', 'http://data.europa.eu/esco/skill/8f6ed69b-29d0-4c01-81ba-f05920a185f3', 'http://data.europa.eu/esco/skill/94dd823c-148e-4614-a6e8-99249b16357d', 'http://data.europa.eu/esco/skill/ccd0a1d9-afda-43d9-b901-96344886e14d']","['http://data.europa.eu/esco/occupation/866c7813-2c03-47d7-9bdc-192cfbace57c', 'http://data.europa.eu/esco/occupation/8b6388a4-4904-471b-9331-d3b1211f5525', 'http://data.europa.eu/esco/isco/C214', 'http://data.europa.eu/esco/isco/C3435']"
3411,Senior Full-Stack Developer,"Company DescriptionWe are Netcompany-Intrasoft, a member of Netcompany Group A/S, and a leading European IT Solutions and Services company with strong international presence and expertise, dedicated to responsible digitalisation. We offer innovative and added-value solutions of the highest quality to a wide range of public and private organizations, while being a key-player in the EU Institutions for the past 30 years. We hold an outstanding record of 500+ organizations in 70+ countries, that have chosen our solutions and services, to fulfil their business needs. Our team of 3500+ professionals is our driving force and our most valuable asset.Job DescriptionEver wondered what it feels like to be a Senior Full Stack Developer in Netcompany-Intrasoft? Joining us as a Senior Full Stack Developer, you will have the opportunity to be a part of our highly skilled agile consultants teams working within large-scale transformation projects, that impact the life of millions of EU citizens. You will be involved in the design, customization, integration, and maintenance of enterprise-scale CRM/CX implementations that are intended mainly in private sector organizations. As a Senior Full-Stack Developer, you will be based in Athens, working on international projects of Netcompany. You will take part in the development of some of Denmark's most complex and exciting IT solutions, where the combination of software development, task management, and customer contact will be part of your everyday life.You will be part of a high-performing international team, consisting of professionals that have different backgrounds and competencies - common to all of us is that we prioritize professionalism highly and take pride in developing the best IT solutions together. Our tasks include some of Denmark's most important and exciting IT projects, within the state, municipalities, and the Danish business community.As a Senior Full Stack Developer you will:System development - both front-end, back-end, and integrationsPlanning of workflowsProcess optimization and quality assuranceTranslating customer requirements into the design of new featuresDaily sparring with your team to ensure a high technical and business levelQualificationsWhat would make you a fit for the role:Degree in Computer Science, Engineering, or relevant disciplineHave a minimum of 4 years of experience in the IT industry, as well as a relevant IT degreeHave experience with either Java, Python, Node.js, C#, .NET or JavaScriptHave helped develop and deliver major IT solutionsHave an interest in project management and see your career going in that directionExcellent command of the English language (written & verbal)Availability to travel when neededAdditional InformationBeing a part of the Netcompany-Ιntrasoft team, you will be provided with: The opportunity to work in a modern environment & in a hybrid working modelA seamless onboarding experience and a buddy to support you on your first stepsA competitive compensation & benefits packageHealth and life insurance program Meal and commuting allowanceWell-being activities (on premises)Continuous learning opportunities using the most modern methods (unlimited access to Udemy for Business, ad-hoc trainings)A personalized development plan for targeted career growthIf you are looking forward to be part of a diverse environment, and have the opportunity to work alongside well-experienced professionals, on challenging, large-scale projects that directly impact millions of citizens around the globe, then this is the place to be!Our cultureOur people are the most important element of our success. Our work life is well defined by our set of fundamental Values: https://bit.ly/3SSbBzU  #BePartOfSomethingGreat!*Please submit your CV in EnglishAll applications will be treated as strictly confidential.",,Full-time,"Athens, Greece",EL,2024-08-24,kariera.gr,155251,,"['http://data.europa.eu/esco/skill/0b144726-21c2-46ed-8d13-c03d27f61604', 'http://data.europa.eu/esco/skill/19a8293b-8e95-4de3-983f-77484079c389', 'http://data.europa.eu/esco/skill/23ac233d-84ad-4517-b0f5-8ca19ba2614e', 'http://data.europa.eu/esco/skill/3cd569a2-4f88-4c1e-9995-8dce8c5e51a7', 'http://data.europa.eu/esco/skill/4c016b68-4116-468c-9dc6-42710c239e4a', 'http://data.europa.eu/esco/skill/5c1e686c-92cc-4bd7-9f23-51f9d8a58886', 'http://data.europa.eu/esco/skill/81513fdf-5ea9-4375-9bc4-67ad959ac5de', 'http://data.europa.eu/esco/skill/8f6ed69b-29d0-4c01-81ba-f05920a185f3', 'http://data.europa.eu/esco/skill/94dd823c-148e-4614-a6e8-99249b16357d', 'http://data.europa.eu/esco/skill/ccd0a1d9-afda-43d9-b901-96344886e14d']","['http://data.europa.eu/esco/occupation/719f101d-1866-49d3-8d5c-2256f606a8b9', 'http://data.europa.eu/esco/occupation/866c7813-2c03-47d7-9bdc-192cfbace57c', 'http://data.europa.eu/esco/occupation/8b6388a4-4904-471b-9331-d3b1211f5525', 'http://data.europa.eu/esco/isco/C214', 'http://data.europa.eu/esco/isco/C3435']"
3920,Customer Experience Partner Rare Disease Greece,"About the job
Job Purpose:
Achieve personal sales objectives and support regional sales targets for registered products in alignment with company goals and values. Communicate effectively with healthcare professionals (HCPs), evaluate interactions, and implement strategies to maintain, expand, and acquire customer relationships through both digital and physical channels.
What you’ll be doing:

Sales and Activities Goal Setting:

Co-create and participate in setting sales and activity goals.
Execute visits to targeted HCPs for responsible products, integrating both physical and digital touchpoints.




Customer Engagement:

Conduct regular visits and digital engagements with HCPs to meet cyclical and annual sales plans.
Identify and engage non-HCP target groups according to established classification criteria.
Share detailed information on Sanofi products as per approved marketing strategies during interactions, ensuring ethical and accurate communication.




Promotional Compliance:

Utilize only approved and ethical promotional materials, ensuring alignment with company strategy and standards.
Organize meetings with HCPs, including face-to-face and online formats, and accurately record activities in electronic systems (ETMS).




Analytical Tools Utilization:

Employ OneCI and other analytical platforms to enhance sales outcomes through data-driven decision-making and personalized customer experiences.




Product Knowledge:

Maintain up-to-date medical knowledge of responsible products and apply this information in compliance with legislation and internal regulations.




Regulatory Compliance:

Adhere to pharmacovigilance regulations and Sanofi’s quality standards for reporting defects.
Prepare and submit timely and accurate activity reports, leveraging ETMS as needed.




Regional Management:

Monitor and report regional activities to the Manager
Execute tasks assigned by the employer in accordance with the employment contract and job description.




Agile Work Approach:

Work within an Agile sub-organization group (HUB), assuming the role of a developer in the “Development Team.”
Deliver incremental value in each sprint, aligning with overall business goals.




Omnichannel Strategy:

In line with the CSE GenMed strategy, use the most suitable channels, formats, and timing for communication, integrating an omnichannel approach.




Event Participation:

Organize and participate in seminars and congresses related to assigned products, both in physical and virtual settings.




Representation and Confidentiality:

Represent Sanofi in accordance with its values, code of ethics, and strategy, maintaining confidentiality of non-public information and internal strategies.



About you
 
Experience: 

Experience in promoting pharmaceutical products

Soft and technical skills: 

Driving license
Proficiency in computer applications (Microsoft Office, internet, internal systems)
Result and customer orientation, dynamism, accuracy, diplomacy
Ability to work in matrix organization, team player
Adaptability to a rapidly changing environment
Ability to build relationships across departments and functions and to support a collaborative working environment
Play to Win behaviors

Languages: 

Fluent in Greek and advanced level of English (both verbal and written) would be a plus

Education: 

University degree in Life Science (Medicine, Pharmacy, Biology, Chemistry, Medical, Bioengineering, etc.) would be a plus",Mid-level,Full-time,"Athens, Greece",EL,2024-08-23,kariera.gr,164788,,"['http://data.europa.eu/esco/skill/055192dc-f16c-4855-835d-19cac6ff20aa', 'http://data.europa.eu/esco/skill/15d76317-c71a-4fa2-aadc-2ecc34e627b7', 'http://data.europa.eu/esco/skill/16b1f191-eafd-4821-a08a-9f0cc4e5a71a', 'http://data.europa.eu/esco/skill/450de541-797a-4da0-9fe4-a81471c8047d', 'http://data.europa.eu/esco/skill/4db59630-40d1-403d-b2f0-0cc81d95632d', 'http://data.europa.eu/esco/skill/54e60889-c5cc-435f-8d6d-7aefb67e993a', 'http://data.europa.eu/esco/skill/6b305973-8993-475f-bd8a-daf037c61401', 'http://data.europa.eu/esco/skill/7cf2762d-32e1-4b21-8ef8-574e40310c18', 'http://data.europa.eu/esco/skill/909a28ce-d4b6-4567-9b74-d111f1ed9633', 'http://data.europa.eu/esco/skill/9a42bdc6-8496-4874-b9f5-b48207a85282', 'http://data.europa.eu/esco/skill/b99aa3b8-0066-46b2-a027-30afae444ad8', 'http://data.europa.eu/esco/skill/ba2c6181-b036-40b4-8f6d-51499463ccbb', 'http://data.europa.eu/esco/skill/d6d3fee7-47e2-47f4-a0ec-6c75f28c6abd', 'http://data.europa.eu/esco/skill/f37d9f67-2e79-4958-8307-1ce9d6dcc8bd', 'http://data.europa.eu/esco/skill/f683ae1d-cb7c-4aa1-b9fe-205e1bd23535']","['http://data.europa.eu/esco/occupation/0d93706d-32fd-4de3-aa08-be1003e325da', 'http://data.europa.eu/esco/occupation/1738173e-ef9c-4222-88c8-b6aa9bad3cf7', 'http://data.europa.eu/esco/occupation/1b38a27d-ef98-4d9f-b1b2-8c109bf47e79', 'http://data.europa.eu/esco/occupation/3a4c4e33-ee34-4abe-ba5c-26f9037d292f', 'http://data.europa.eu/esco/occupation/6cd08cbe-7611-4d70-8886-6c59c0385442', 'http://data.europa.eu/esco/occupation/7c132147-428b-4ea3-87e1-70f7abb691ce', 'http://data.europa.eu/esco/occupation/8cb59bc4-1f39-477e-beea-effed12d186c', 'http://data.europa.eu/esco/occupation/f9433fdb-dde1-46cf-9e91-b49d243946a7', 'http://data.europa.eu/esco/isco/C251']"
3960,WEB DEVELOPER,"FactSet Digital Solutions is a provider and operator of customized financial market information systems. The group provides solutions for reporting and analysis of financial market data to approximately 250 banks, financial service providers and media companies in Europe and the US, both for their employees and end customers. The services include conception, design, development and operation of solutions over the Internet as well as intranets. Professional Consulting (based in Athens, Greece) is one of FactSet’s development partners for web based solutions.
We are looking for motivated web-developers for applications who will make financial data obvious.
Is web-development your passion? Are you keen on creating websites even in your spare time? Do you find advanced technology and new methods attractive? Can you deal with JavaScript, PHP and keep up with all the fast-paced improvements and innovations in modern Web Development? Does the continuous improvement of existing functions appeal to you? Then you are exactly what we are seeking!
Must-haves:
* JavaScript
* Vue.js (or prior experience with any other major frontend JS framework like Angular,React)
* PHP
* Symfony (or prior experience with any other major PHP MVC framework like Laravel)
* Object-Oriented Programming (OOP)
* MySQL
* HTML
* CSS
* Git
* English language skills
Nice-to-haves:
* Node.js
* Webpack
* Vuex
* REST
* Additional language skills in the following languages: Italian, German, Spanish, French
We offer:
* Create and innovate by using State-of-the-Art technologies
* Start-up atmosphere combined with a secured job position
* Flexible working times
* Flexible work model
* Home office
* Trainings, workshops
* Flat hierarchies
* Excellent career prospects
* Young, dynamic and independent development team
Salary:

Competitive salary",Mid-level,Full-time,"Athens, Greece",EL,2024-08-23,kariera.gr,164697,,"['http://data.europa.eu/esco/skill/14ee9f76-3524-43d5-8a1a-5ba8283f8bd7', 'http://data.europa.eu/esco/skill/4350c38d-0fe9-4ca7-bab9-40ed7f72b04f', 'http://data.europa.eu/esco/skill/5be3d306-6cf1-4b49-aa1d-01651dd4ba4c', 'http://data.europa.eu/esco/skill/8327754d-3990-4056-b07e-4faa49cfcd26', 'http://data.europa.eu/esco/skill/87219dfe-a21c-4160-8cc8-1eabf9b16b44', 'http://data.europa.eu/esco/skill/88af9294-b697-4687-ae19-aefbb6234dfa', 'http://data.europa.eu/esco/skill/e3c7bd87-edc1-4d9a-a3d5-36415de1aac6', 'http://data.europa.eu/esco/skill/e92f4673-1dec-41ec-b6ec-36fef226359c']",['http://data.europa.eu/esco/occupation/c40a2919-48a9-40ea-b506-1f34f693496d']
4086,IT Consultant (Cobol Developer),"Company DescriptionWe are Netcompany-Intrasoft, a member of Netcompany Group A/S, and a leading European IT Solutions and Services company with strong international presence and expertise, dedicated to responsible digitalisation. We offer innovative and added-value solutions of the highest quality to a wide range of public and private organizations, while being a key-player in the EU Institutions for the past 30 years. We hold an outstanding record of 500+ organizations in 70+ countries, that have chosen our solutions and services, to fulfil their business needs. Our team of 3500+ professionals is our driving force and our most valuable asset.Job DescriptionAre you ready to discover the role of a Cobol Developer Netcompany-Intrasoft?As a Cobol Developer you will:Design, develop and maintain applications using the above-mentioned stack. Work closely with the card products team to understand business requirements and implement solutions. Write efficient and scalable code to support the client's card management system. Debug and resolve any technical issues that arise in the production environment. Ensure all code is thoroughly tested and meets quality standards. Collaborate with cross-functional teams to deliver high-quality solutions.QualificationsWhat would make you a fit for the role:If you have Working experience in Mainframe Development with COBOL. Hands-on experience with card products (credit, prepaid or debit card issuing, authorization, billing, collection and clearing). Strong problem-solving skills and ability to debug complex systems. Excellent written and verbal communication skills. Ability to work independently and in a team environment. Bachelor's degree in Computer Science, Information Technology, or related field will be considered as a plus. Knowledge of CICS, DB2 and JCL. Additional InformationBeing a part of the Netcompany-Ιntrasoft team, you will be provided with: The opportunity to work in a modern environment & in a hybrid working modelA seamless onboarding experience and a buddy to support you on your first stepsA competitive compensation & benefits packageHealth and life insurance programMeal and commuting allowanceWell-being activities (on premises)Continuous learning opportunities using the most modern methods (unlimited access to Udemy for Business, ad-hoc trainings)A personalized development plan for targeted career growthIf you are looking forward to be part of a diverse environment, and have the opportunity to work alongside well-experienced professionals, on challenging, large-scale projects that directly impact millions of citizens around the globe, then this is the place to be!By joining Netcompany-Intrasoft Athens, you will be part of a vivid team of 2000+ tech enthusiasts. When at the office you will have the chance to work at our brand-new, state-of-the-art, sustainable offices, located in 3 different spots in Athens!#LI-LF1*Please submit your CV in English.Our cultureOur people are the most important element of our success. Our work life is well defined by our set of fundamental Values: https://netcompany.com/careers/greece/our-values/ #BePartOfSomethingGreat!Please submit your CV in English. All applications will be treated as strictly confidential.We ensure equal opportunities, treatment, and consideration to all candidates. Discrimination based on sex, racial or ethnic origin, religion or belief, disability, age, sexual orientation or marital status, physical or mental disability, or any other factor protected by applicable laws and regulations is prohibited. As part of the Netcompany-Intrasoft culture, we respect human rights and focus on creating a positive workplace, where all employees are valued, and where diversity and inclusion are a vital part of our our everyday working experience.",,Full-time,"Athens, Greece",EL,2024-08-22,kariera.gr,164542,,"['http://data.europa.eu/esco/skill/0ee94c0a-3716-494a-95a2-dcbab9e58be2', 'http://data.europa.eu/esco/skill/23ac233d-84ad-4517-b0f5-8ca19ba2614e', 'http://data.europa.eu/esco/skill/3cee858e-79e8-4a4b-b99f-93c7f735d58b', 'http://data.europa.eu/esco/skill/8f6ed69b-29d0-4c01-81ba-f05920a185f3', 'http://data.europa.eu/esco/skill/db27065e-3c06-4f89-aa55-48fd87dabf82']",['http://data.europa.eu/esco/occupation/719f101d-1866-49d3-8d5c-2256f606a8b9']
4205,Business Developer FT Patra,"The role of Business Developer is at the heart of Coca-Cola Tria Epsilon and is a position where you directly see the impact of your work every day. As a Business Developer, you will be responsible for managing a broad portfolio of some of the most iconic global and local soft drink, juice and beverage brands. You will meet our customers every day, and you will be the face of Coca-Cola Tria Epsilon in the market. As a member of our team, you will have constant support to achieve high performance and develop daily in a fast-paced and dynamic environment.
 
Supplies & Experience

I have similar previous experience in a similar external sales position in the same or similar industry
Driving License
Desirable degree from HEI/TEI/IEK
Excellent knowledge of the Greek language
I am result oriented and able to build trusting relationships
I am characterized by customer-centricity & I focus on the customer's needs
I can plan and schedule my work effectively, setting priorities and proposing solutions
I work collaboratively and responsibly
I am interested in my personal & professional development

Responsibilities as a Business Developer

Your daily mission: drive sales and market activation with a broad portfolio of iconic global and local brands
You will achieve goals by applying leading sales and market activation tools
You will build relationships of trust by finding the best solutions for our customers to achieve the highest level of customer satisfaction
You will collaborate and share best practices with your team to support each other in developing your skills
You will gather information about market and customer developments to adapt to them to evolve and win with our customers every day
You will have a planned itinerary for visiting clients so that you can focus on the essence of your work
I carry out store activation activities focusing on merchandising standards to expand customer transactions
I promote team spirit through close collaboration with team members as well as with members of other departments, always aiming for my growth
I am open to providing and receiving frequent feedback

Allowances

Company car & travel expenses
Mobile & iPad
Daily support
Product disposition
Bonus based on achieving goals


At Coca-Cola HBC, diversity thrives and we strive to eliminate all forms of stereotyping. This means we provide equal opportunities for everyone, regardless of race, color, religion, age, special needs, sexual orientation or gender identity. Come and join our team, so that we can continue to create an environment of inclusion, where everyone belongs and contributes collectively to success.",Entry / Junior,Full-time,"Patra, Greece",EL,2024-08-21,kariera.gr,164394,,"['http://data.europa.eu/esco/skill/08e2ff26-88ff-47b5-9d37-d19ace01b075', 'http://data.europa.eu/esco/skill/2b2d7c6a-229a-40ba-80f3-b5b5766161a0', 'http://data.europa.eu/esco/skill/68698869-c13c-4563-adc7-118b7644f45d', 'http://data.europa.eu/esco/skill/a15dab55-f1da-4f85-ae3e-2b5c5b5333ca', 'http://data.europa.eu/esco/skill/c09bf6d4-f8a7-40f3-aead-ef01643f2352', 'http://data.europa.eu/esco/skill/cb668e89-6ef5-4ff3-ab4a-506010e7e70b', 'http://data.europa.eu/esco/skill/e24377fb-020b-4430-8bed-86dd539bbf3a', 'http://data.europa.eu/esco/skill/ea4ebfa1-e17a-4416-ac54-955f33e6ade7']","['http://data.europa.eu/esco/occupation/9a26d76b-b9e3-46ae-ab4b-057a1262138b', 'http://data.europa.eu/esco/occupation/b76178c0-a03a-4793-b079-1e61e636c521']"
4206,Business Developer Beer Ioannina,"The role of the Business   Developer - Beer is at the heart of the Coca-Cola 3E beer category and is a position where you see daily and directly the impact of your work. As a Business Developer - Beer, you will be responsible for managing a portfolio with some of the world's most iconic beer brands such as Corona, Stella Artois and Bud. You will meet our customers on a daily basis, and you will be the representative of Coca-Cola 3E in the beer market. As a member of our team, you will have the constant support to achieve high performance and grow in a fast and dynamic environment.
 
Qualifiers & Experience:

Experience in a relevant sales position in the same or similar industry with emphasis on beer
Permanent residence in the area of interest
Driver's License
Higher education degree would be considered as a plus
Excellent knowledge of the Greek language
Result orientated and able to build trustworthy relationships
Ability to use a customer-centric approach and focus on customer needs
Effective planning and organizing of tasks, with a focus on providing effective solutions
Collaborative spirit and high sense of responsibility
Interest in personal & professional development

 
Key Responsibilities:

Increases sales and enriches the market with a broad portfolio of iconic global and local brands
Achieves goals by implementing top class sales and market activation tools
Builds trusting relationships by finding the best solutions for our customers to achieve a higher level of customer satisfaction
Collaborates and shares best practices with the team to support each other in developing capabilities
Knowledge of the mechanics of the Draught barrel system and its characteristics so that you can provide effective solutions to customers
Gathers information about market and customer development so you can adapt to them and be able to grow and win with our customers every day
A scheduled itinerary for customer visits is provided in order to be able to focus on the essence of your work
Participates in store activation activities focusing on merchandising standards in order to expand customer transactions
Promotes team spirit through close collaboration with team members as well as members of other departments, always aiming at your development
Provides and receives frequent and constructive feedback

Our goal is to create the right environment in which all our employees will feel that they belong to a big family and will have the opportunity to be inspired and develop continuously. At Coca-Cola HBC, we are an inclusive employer that thrives on diversity. This means our environment provides equal opportunities for all, regardless of race, color, religion, age, disability, sexual orientation, or gender identity. Join us in nurturing a culture where everyone belongs and contributes to our collective success.",Entry / Junior,Full-time,"Ioannina, Greece",EL,2024-08-21,kariera.gr,164393,,"['http://data.europa.eu/esco/skill/199f7919-5114-41b6-b6a5-41e0e4896ec1', 'http://data.europa.eu/esco/skill/68698869-c13c-4563-adc7-118b7644f45d', 'http://data.europa.eu/esco/skill/9f10e94b-a43d-4772-9f60-24e9bbbdedb7', 'http://data.europa.eu/esco/skill/a15dab55-f1da-4f85-ae3e-2b5c5b5333ca', 'http://data.europa.eu/esco/skill/a8d24a95-47b3-4f88-92e7-06600bcd3612', 'http://data.europa.eu/esco/skill/cb668e89-6ef5-4ff3-ab4a-506010e7e70b', 'http://data.europa.eu/esco/skill/dbc538a0-7d1d-4394-b2f6-8fae44a55d86', 'http://data.europa.eu/esco/skill/e24377fb-020b-4430-8bed-86dd539bbf3a', 'http://data.europa.eu/esco/skill/ea4ebfa1-e17a-4416-ac54-955f33e6ade7']",[]
4207,"Business Developer FT Agrinio, Astakos","The role of Business Developer is at the heart of Coca-Cola Tria Epsilon and is a position where you directly see the impact of your work every day. As a Business Developer, you will be responsible for managing a broad portfolio of some of the most iconic global and local soft drink, juice and beverage brands. You will meet our customers every day, and you will be the face of Coca-Cola Tria Epsilon in the market. As a member of our team, you will have the constant support to achieve high performance and develop daily in a fast-paced and dynamic environment. Resources & Experience* I have similar previous experience in a similar outside sales position in the same or similar industry* Driving License* Desirable degree AEI/TEI/IEK* Excellent knowledge of the Greek language* I am result-oriented and able to create trusting relationships* I am characterized by customer-centricity & I focus on the customer's needs* I can plan and schedule my work effectively, setting priorities and proposing solutions* I work collaboratively and responsibly* I am interested in my personal & professional development Responsibilities as a Business Developer* Your daily mission: drive sales and market activation with a broad portfolio of iconic global and local brands* You will achieve goals by implementing leading sales and market activation tools * You will build trusting relationships by finding the best solutions for our clients to achieve the highest level of customer satisfaction* You will collaborate and share best practices with your team to support each other in developing your skills* You will gather information about with market and customer developments to adapt to them to evolve and win with our customers every day* You will have a planned itinerary for customer visits so you can focus on the core of your work* I carry out store activation activities focusing on merchandising standards to expand customer transactions* I promote team spirit by working closely with team members as well as with members of other departments, always aiming for my own growth* I am open to providing and receiving frequent feedbackBenefits* Company car & travel expenses * Mobile & iPad* Daily support* Product availability* Bonus based on achievement of goalsAt Coca-Cola HBC, diversity thrives and we strive to eliminate all forms of stereotyping. This means we provide equal opportunities for everyone, regardless of race, color, religion, age, special needs, sexual orientation or gender identity. Come and join our team, so that we can continue to create an environment of inclusion, where everyone belongs and contributes collectively to success.",Entry / Junior,Full-time,"Agrinio, Greece",EL,2024-08-21,kariera.gr,164392,,"['http://data.europa.eu/esco/skill/2b2d7c6a-229a-40ba-80f3-b5b5766161a0', 'http://data.europa.eu/esco/skill/c09bf6d4-f8a7-40f3-aead-ef01643f2352', 'http://data.europa.eu/esco/skill/e24377fb-020b-4430-8bed-86dd539bbf3a']","['http://data.europa.eu/esco/occupation/9a26d76b-b9e3-46ae-ab4b-057a1262138b', 'http://data.europa.eu/esco/occupation/b76178c0-a03a-4793-b079-1e61e636c521']"
4278,PL/SQL Developer,"Executive Level Team on behalf of its client, the leading company in wholesale consumer goods operating also one of the largest retail networks in Greece, is looking for a PL/SQL Developer. 






 
PL/SQL Developer
The PL/SQL Developer will analyze, design, implement and support all services performed for the distribution centers of the company.
 
Responsibilities:

Collaborate with Business analysts and Business Stakeholders to develop new procedures and improvements to the aforementioned applications
Participate in the design, implementation, updating and maintenance of all applications
Analyze and record the needs in each developing business process
Support application users
Work with team members to complete new projects on time

Requirements:

Minimum 2 years of experience as a PL/SQL Developer
Good understanding of relational databases
Bachelor’s degree or Technical Qualification in Computer science
Familiarity in C#, .Net Framework and experience in Retail Sector
Willingness to understand internal business processes",Mid-level,Full-time,"Athens, Greece",EL,2024-08-20,kariera.gr,164280,,"['http://data.europa.eu/esco/skill/0ee94c0a-3716-494a-95a2-dcbab9e58be2', 'http://data.europa.eu/esco/skill/477173ca-5fc2-406b-9122-95d92811f284', 'http://data.europa.eu/esco/skill/9e84a506-df06-4be3-874a-fa01293e3dd5', 'http://data.europa.eu/esco/skill/fcc0a1c8-d36e-4f8e-b928-00d5bca10a47']","['http://data.europa.eu/esco/occupation/6a29d804-f775-446c-bec7-35fc4e28ac97', 'http://data.europa.eu/esco/occupation/823db06f-25e1-4658-b063-d6ef956b41f5', 'http://data.europa.eu/esco/occupation/b11e1742-5e28-4270-b081-b0193d85ee7d', 'http://data.europa.eu/esco/occupation/d1b1dfdf-7d60-430a-b569-7dd71b2ebeaa', 'http://data.europa.eu/esco/isco/C142']"
4279,.Net Developer,"Executive Level Team on behalf of its client, the leading company in wholesale consumer goods operating also one of the largest retail networks in Greece, is looking for a .Net Developer for its growing team.
.Net Developer
The .Net Developer will be a part of the company’s Software Development team and will get involved in the company’s internal applications, working in a dynamic environment.
Responsibilities:

Write code for in-house applications systems, being responsible for the entire software lifecycle
Participate actively in the research, analysis and design of innovative applications in order to achieve functional and technological innovation and progress
Participate in updating, maintaining and improving existing products
Stay constantly updated on new technologies and propose ideas, contributing to the upgrade of the company’’s programming tools and technological infrastructure

Requirements:

Bachelor’s degree or Technical Qualification in Computer science
2+ years of experience in similar positions
Knowledge of C#, Visual Basic .NET, ASP.NET MVC, .NET Core
Experience with relational databases SQL Server, Sybase, MySQL etc
Excellent use of Greek and English language
Analytical thinking, flexibility and teamwork

Nice to have:

Experience with Visual Studio 2015-2022 ; use of Javascript, Jquery, REST APIs, JSON/XML   
Experience in developing apps with Android studio ; (Java/Kotlin)",Mid-level,Full-time,"Athens, Greece",EL,2024-08-20,kariera.gr,164279,,"['http://data.europa.eu/esco/skill/13bdd41a-2a18-441f-96db-41252c519413', 'http://data.europa.eu/esco/skill/2fb8480e-de3c-462b-b169-e8bbb344da68', 'http://data.europa.eu/esco/skill/4707da90-9cfc-46ca-8de0-38a0b7bfb137', 'http://data.europa.eu/esco/skill/4c016b68-4116-468c-9dc6-42710c239e4a', 'http://data.europa.eu/esco/skill/7dfbe0f3-076f-4a19-9eaa-db4d6db704b6', 'http://data.europa.eu/esco/skill/d0c6d77e-cb25-4770-bf77-2073fc5f7523', 'http://data.europa.eu/esco/skill/fa642fc3-5cc5-41cf-8926-6617a8b976a7']","['http://data.europa.eu/esco/occupation/24135b84-cbdd-4d42-9ed2-02fd982d15b2', 'http://data.europa.eu/esco/occupation/a7c1d23d-aeca-4bee-9a08-5993ed98b135', 'http://data.europa.eu/esco/isco/C142']"
4280,Senior .NET Developer Athens,"Executive Level Team on behalf of its client, a global IT professional services leader, is looking for a Senior .NET Developer.
 
Senior .NET Developer Athens
The Senior .NET Developer will assist in the development, implementation and management of technology-based business solutions to improve the clients’ delivery approach. He will contribute to the interdisciplinary team in an international environment, in close cooperation with product owners, project managers, testers and architects.
 
Responsibilities:

Develop cloud native solution with modern, domain and event driven methodologies
Develop of Restful Web APIs in Microservices Architecture
Assist in design of cloud ready applications
Support the technical design process by participating in the analysis of technical and business application requirements
Assist in analysis and design of standard development life-cycle process (CI/CD, Test Automation, Code Quality etc.)
Assist in implementing analysis that will identify requirements related to people, processes and technology
Participate in execution and documentation of tests

 
Requirements:

Knowledge and experience on DevOps Tools: GIT, Azure DevOps etc.
Very good programming skills: C# .NET, .NET Core, SQL, LINQ
Bachelor’s degree in Computer Science, Information Systems or other relevant degree
Understanding of agile methodology principles
Ability to work creatively and analytically in a problem-solving environment
Solid troubleshooting skills",Mid-level,Full-time,"Athens, Greece",EL,2024-08-20,kariera.gr,164278,,"['http://data.europa.eu/esco/skill/07e51c60-763a-4335-b4ec-70a15f66d328', 'http://data.europa.eu/esco/skill/0ee94c0a-3716-494a-95a2-dcbab9e58be2', 'http://data.europa.eu/esco/skill/4c016b68-4116-468c-9dc6-42710c239e4a', 'http://data.europa.eu/esco/skill/54660948-b811-49a9-874c-bf2be5f280a2', 'http://data.europa.eu/esco/skill/598de5b0-5b58-4ea7-8058-a4bc4d18c742', 'http://data.europa.eu/esco/skill/7557f0f4-b8bc-4ac0-b91e-222ab1ba744f', 'http://data.europa.eu/esco/skill/78a74fd1-efc6-49dc-adb1-1b0fbe35c22c', 'http://data.europa.eu/esco/skill/a8797f21-1af0-4c5e-98ca-bf1442929363', 'http://data.europa.eu/esco/skill/c7d24594-0c11-4b27-9039-fe0bb903da8e', 'http://data.europa.eu/esco/skill/cd5efa8c-e44d-4cbc-91c6-796018dbed68', 'http://data.europa.eu/esco/skill/dba46f87-0831-49cd-a1c7-340a653c0221', 'http://data.europa.eu/esco/skill/f0de4973-0a70-4644-8fd4-3a97080476f4']","['http://data.europa.eu/esco/occupation/00030d09-2b3a-4efd-87cc-c4ea39d27c34', 'http://data.europa.eu/esco/occupation/24135b84-cbdd-4d42-9ed2-02fd982d15b2', 'http://data.europa.eu/esco/occupation/2fb96c6c-8d0b-4ef0-b1ee-3e493305e4eb', 'http://data.europa.eu/esco/occupation/8c3f536e-ba66-4321-ba40-363dc39f129b', 'http://data.europa.eu/esco/occupation/a7c1d23d-aeca-4bee-9a08-5993ed98b135', 'http://data.europa.eu/esco/occupation/bea99fea-0383-4c63-b944-70d4799de2c5', 'http://data.europa.eu/esco/occupation/cc867bee-ab5c-427f-9244-f7a204d9574b']"
4281,Senior .NET Developer Thessaloniki,"Executive Level Team on behalf of its client, a global IT professional services leader, is looking for a Senior .NET Developer.
 
Senior .NET Developer Thessaloniki
The Senior .NET Developer will assist in the development, implementation and management of technology-based business solutions to improve the clients’ delivery approach. He will contribute to the interdisciplinary team in an international environment, in close cooperation with product owners, project managers, testers and architects.
 
Responsibilities:

Develop cloud native solution with modern, domain and event driven methodologies
Develop of Restful Web APIs in Microservices Architecture
Assist in design of cloud ready applications
Support the technical design process by participating in the analysis of technical and business application requirements
Assist in analysis and design of standard development life-cycle process (CI/CD, Test Automation, Code Quality etc.)
Assist in implementing analysis that will identify requirements related to people, processes and technology
Participate in execution and documentation of tests

 
Requirements:

Knowledge and experience on DevOps Tools: GIT, Azure DevOps etc.
Very good programming skills: C# .NET, .NET Core, SQL, LINQ
Bachelor’s degree in Computer Science, Information Systems or other relevant degree
Understanding of agile methodology principles
Ability to work creatively and analytically in a problem-solving environment
Solid troubleshooting skills",Mid-level,Full-time,"Thessaloniki, Greece",EL,2024-08-20,kariera.gr,164276,,"['http://data.europa.eu/esco/skill/07e51c60-763a-4335-b4ec-70a15f66d328', 'http://data.europa.eu/esco/skill/0ee94c0a-3716-494a-95a2-dcbab9e58be2', 'http://data.europa.eu/esco/skill/4c016b68-4116-468c-9dc6-42710c239e4a', 'http://data.europa.eu/esco/skill/54660948-b811-49a9-874c-bf2be5f280a2', 'http://data.europa.eu/esco/skill/598de5b0-5b58-4ea7-8058-a4bc4d18c742', 'http://data.europa.eu/esco/skill/7557f0f4-b8bc-4ac0-b91e-222ab1ba744f', 'http://data.europa.eu/esco/skill/78a74fd1-efc6-49dc-adb1-1b0fbe35c22c', 'http://data.europa.eu/esco/skill/a8797f21-1af0-4c5e-98ca-bf1442929363', 'http://data.europa.eu/esco/skill/c7d24594-0c11-4b27-9039-fe0bb903da8e', 'http://data.europa.eu/esco/skill/cd5efa8c-e44d-4cbc-91c6-796018dbed68', 'http://data.europa.eu/esco/skill/dba46f87-0831-49cd-a1c7-340a653c0221', 'http://data.europa.eu/esco/skill/f0de4973-0a70-4644-8fd4-3a97080476f4']","['http://data.europa.eu/esco/occupation/00030d09-2b3a-4efd-87cc-c4ea39d27c34', 'http://data.europa.eu/esco/occupation/24135b84-cbdd-4d42-9ed2-02fd982d15b2', 'http://data.europa.eu/esco/occupation/2fb96c6c-8d0b-4ef0-b1ee-3e493305e4eb', 'http://data.europa.eu/esco/occupation/8c3f536e-ba66-4321-ba40-363dc39f129b', 'http://data.europa.eu/esco/occupation/a7c1d23d-aeca-4bee-9a08-5993ed98b135', 'http://data.europa.eu/esco/occupation/bea99fea-0383-4c63-b944-70d4799de2c5', 'http://data.europa.eu/esco/occupation/cc867bee-ab5c-427f-9244-f7a204d9574b']"
4283,Senior Java Developer Athens,"Executive Level Team on behalf of its client, a global IT professional services leader, is looking for a Senior Java Developer.
 
Senior Java Developer Athens
The Senior Java Developer will play a key role in the development, implementation and management of technology-based business solutions to improve the clients’ delivery approach. He will be coding, testing and implementing configuration changes for cloud native solutions.
 
Responsibilities:

Supporting the architecture solution outline and addressing both technical and business needs
Supporting the technical design process by participating in the analysis of technical application requirements
Development of cloud native solution with modern, domain and event driven methodologies
Develop Microservices Architecture
Assisting in design of cloud ready applications
Assisting in analysis and design of standard development life-cycle process (CI/CD, Test Automation, Code Quality etc.)
Assisting in implementing analyses that will identify requirements related to people, processes and technology
Coding and testing program modules; assisting in design
Participating in execution and documentation of tests

 
Requirements:

Java SOA or Microservices implementation
Ability to work as a team member
Ability to work creatively and analytically in a problem-solving environment
Degree of AEI / TEI in Computer Science or other relevant field",Mid-level,Full-time,"Athens, Greece",EL,2024-08-20,kariera.gr,164275,,"['http://data.europa.eu/esco/skill/07e51c60-763a-4335-b4ec-70a15f66d328', 'http://data.europa.eu/esco/skill/0ee94c0a-3716-494a-95a2-dcbab9e58be2', 'http://data.europa.eu/esco/skill/19a8293b-8e95-4de3-983f-77484079c389', 'http://data.europa.eu/esco/skill/54660948-b811-49a9-874c-bf2be5f280a2', 'http://data.europa.eu/esco/skill/7557f0f4-b8bc-4ac0-b91e-222ab1ba744f', 'http://data.europa.eu/esco/skill/78a74fd1-efc6-49dc-adb1-1b0fbe35c22c', 'http://data.europa.eu/esco/skill/a8797f21-1af0-4c5e-98ca-bf1442929363']","['http://data.europa.eu/esco/occupation/2fb96c6c-8d0b-4ef0-b1ee-3e493305e4eb', 'http://data.europa.eu/esco/occupation/349ee6f6-c295-4c38-9b98-48765b55280e', 'http://data.europa.eu/esco/occupation/ab7bccb2-6f81-4a3d-a0c0-fca5d47d2775', 'http://data.europa.eu/esco/occupation/fde4372d-8293-42de-afbb-8b5a9b274fe7']"
4284,Senior Java Developer Thessaloniki,"Executive Level Team on behalf of its client, a global IT professional services leader, is looking for a Senior Java Developer.
 
Senior Java Developer Thessaloniki
The Senior Java Developer will play a key role in the development, implementation and management of technology-based business solutions to improve the clients’ delivery approach. He will be coding, testing and implementing configuration changes for cloud native solutions.
 
Responsibilities:

Supporting the architecture solution outline and addressing both technical and business needs
Supporting the technical design process by participating in the analysis of technical application requirements
Development of cloud native solution with modern, domain and event driven methodologies
Develop Microservices Architecture
Assisting in design of cloud ready applications
Assisting in analysis and design of standard development life-cycle process (CI/CD, Test Automation, Code Quality etc.)
Assisting in implementing analyses that will identify requirements related to people, processes and technology
Coding and testing program modules; assisting in design
Participating in execution and documentation of tests

 
Requirements:

Java SOA or Microservices implementation
Ability to work as a team member
Ability to work creatively and analytically in a problem-solving environment
Degree of AEI / TEI in Computer Science or other relevant field",Mid-level,Full-time,"Thessaloniki, Greece",EL,2024-08-20,kariera.gr,164274,,"['http://data.europa.eu/esco/skill/07e51c60-763a-4335-b4ec-70a15f66d328', 'http://data.europa.eu/esco/skill/0ee94c0a-3716-494a-95a2-dcbab9e58be2', 'http://data.europa.eu/esco/skill/19a8293b-8e95-4de3-983f-77484079c389', 'http://data.europa.eu/esco/skill/54660948-b811-49a9-874c-bf2be5f280a2', 'http://data.europa.eu/esco/skill/7557f0f4-b8bc-4ac0-b91e-222ab1ba744f', 'http://data.europa.eu/esco/skill/78a74fd1-efc6-49dc-adb1-1b0fbe35c22c', 'http://data.europa.eu/esco/skill/a8797f21-1af0-4c5e-98ca-bf1442929363']","['http://data.europa.eu/esco/occupation/2fb96c6c-8d0b-4ef0-b1ee-3e493305e4eb', 'http://data.europa.eu/esco/occupation/349ee6f6-c295-4c38-9b98-48765b55280e', 'http://data.europa.eu/esco/occupation/ab7bccb2-6f81-4a3d-a0c0-fca5d47d2775', 'http://data.europa.eu/esco/occupation/fde4372d-8293-42de-afbb-8b5a9b274fe7']"
4325,Full Stack Developer / Front End,"We are looking for a talented Laravel Developer, preferably with a front end orientation (Vue/Angular) and passion for software development and technology. You will be responsible for improving our platforms' functionality and implementing new features.
Responsibilities

Develop and deploy new features to facilitate related procedures and tools if necessary
Implement front-end components with a progressive framework
Troubleshoot, test and maintain the core product software and databases to ensure strong optimization and functionality
Write ""clean"", well-designed, tested, PHP code
Documenting key architectural decisions
Contributing in Sprint Retros, Sprint Planning, & technical speccing

 
Core competencies of the ideal candidate 

Experience in Angular JavaScript framework or Vue.js frameworks (with willingness to learn Angular).
Experience in Laravel PHP framework and MVC architecture
Degree in Computer Science
At least 3 years of JavaScript development experience
At least 3 years of Proven software development experience in PHP on complex high traffic websites
Proficient in HTML5, CSS3, JavaScript
Experience with responsive and adaptive design.
Experience with version control tools in a team environment (Git, Github, Bitbucket)

 
Personal Characteristics

Comfortable in a small, fast-paced start-up environment
Able and willing to follow guidelines as far as workflow and code style are concerned
Passion for improving the codebase, team, and processes as we go
Asynchronous communication experience
Excellent time management skills

 
What do you get (remuneration & benefits)?

Competitive Salary
Daily exposure on top-notch technologies, practices and methodologies
A central Athens office and meeting space to use when you need it
A secure job position in an exponentially growing IT company",Senior,Full-time,"Athens, Greece",EL,2024-08-20,kariera.gr,164219,,"['http://data.europa.eu/esco/skill/378caeec-10a0-4162-b75c-ab374a42e93d', 'http://data.europa.eu/esco/skill/6ad40ca3-dc34-4442-b23f-0b1b28936f56', 'http://data.europa.eu/esco/skill/9d2e926f-53d9-41f5-98f3-19dfaa687f3f']","['http://data.europa.eu/esco/occupation/57af9090-55b4-4911-b2d0-86db01c00b02', 'http://data.europa.eu/esco/occupation/8cb59bc4-1f39-477e-beea-effed12d186c']"
4373,Web Developer,"Epsilon Net S.A., the largest IT groups of companies in Greece and No.1 Best Workplace in Tech 2023, is seeking for the department of R&D, a Web Developer.
Responsibilities:


Collaborate with cross-functional teams to define, design, and ship new features.


Work on new feature development, as well as maintenance of existing features and bug fixes


Design, build, and maintain highly reusable C#, JavaScript, HTML and CSS code


Ensure the best possible performance, quality, and responsiveness of the application


Unit-test code for robustness, including edge cases, usability, and general reliability


Requirements:


BS/MS degree in Computer Science, Engineering or a related subject


1 - 3 years of overall software development experience


Experience with .NET 4.5+, .NET Core principles and best practices


Good knowledge of HTML5 and JavaScript, TypeScript, jQuery and its best practices


Experience working with remote data via REST and JSON


Experience with SQL Server


Experience with Git will be considered as an asset


Solid understanding of the full development life cycle and scrum process framework.


Native greek speaker


We Offer:


Multi-awarded working environment (10 Best Workplaces Hellas, 4 Best Workplaces Europe, 2 Best Workplaces™ for Women, 1 Best Workplace in Technology Awards).


Competitive remuneration package.


Ongoing training, opportunities & career development.


Private medical insurance.


Psychological support line.


Online personal- training programs.


Free participation in Epsilon Training & Epsilon College educational programs.


Remote working model.",Mid-level,Full-time,"Pylaia, Greece",EL,2024-08-20,kariera.gr,164171,,"['http://data.europa.eu/esco/skill/0af062de-eb43-41e9-9b96-249e2cd22d26', 'http://data.europa.eu/esco/skill/0d7f2cce-245a-4d02-9b8d-2e9946cc4c5d', 'http://data.europa.eu/esco/skill/49dd67a9-d0a6-4375-b856-85e09032fdac', 'http://data.europa.eu/esco/skill/867137fb-ff1b-4ca3-99f3-cb6969aa2c68', 'http://data.europa.eu/esco/skill/c062bab3-3ea0-4291-9220-a2d8fef4bead', 'http://data.europa.eu/esco/skill/c4b626c1-e71c-44ec-9f88-042766f37fcc']","['http://data.europa.eu/esco/occupation/c40a2919-48a9-40ea-b506-1f34f693496d', 'http://data.europa.eu/esco/isco/C214']"
4385,Python Backend Developer,"Executive Level team, on behalf of its client, a world leader in lidar systems, is looking for a Python Backend Developer for its growing team. 
 
Python Backend Developer 
 
Responsibilities

Design and maintain software that:- Orchestrates the control of multiple diverse custom hardware components- Schedules and controls lidar measurements- Interfaces with a database for getting configuration and storing status- Serves a RESTful API which allows a user to interface with
Perform and automate the deployment of our software
Design CI/CD processes
Draft and maintain software documentation
Turn requirements into simple (but not simplified) software designs
Design new functionality and refactor existing one
Write well-structured, reusable and testable code following best practices 

 
Requirements

3+ years of Python development experience in a production environment 
Knowledge of threading
1+ years of Django experience
API design experience (Django Rest Framework)
Knowledge of git version control system
Web application deployment experience (Docker, Cloud platforms)
Experience with Linux and scripting

 
Nice to have

Communication protocols experience (RS232, TCP/IP)
Relational database design experience
Experience on IoT projects
Bachelor or Master’’s degree in Computer Science or related field",Mid-level,Full-time,"Athens, Greece",EL,2024-08-20,kariera.gr,164156,,"['http://data.europa.eu/esco/skill/1d86f05e-e9cc-40ce-99d8-2b21cc71b16b', 'http://data.europa.eu/esco/skill/385479b7-5da5-4367-9763-0d15b41bb65b', 'http://data.europa.eu/esco/skill/3bddfd7c-ab6d-40c2-883d-5e97fb7640ba', 'http://data.europa.eu/esco/skill/5ef0c719-5bcb-49f8-b8eb-824388225333', 'http://data.europa.eu/esco/skill/9d2e926f-53d9-41f5-98f3-19dfaa687f3f', 'http://data.europa.eu/esco/skill/a8797f21-1af0-4c5e-98ca-bf1442929363']",[]
4406,Business Developer Kefalonia,"The role of Business Developer is at the heart of Coca-Cola Tria Epsilon and is a position where you directly see the impact of your work every day. As a Business Developer, you will be responsible for managing a broad portfolio of some of the most iconic global and local soft drink, juice and beverage brands. You will meet our customers every day, and you will be the face of Coca-Cola Tria Epsilon in the market. As a member of our team, you will have constant support to achieve high performance and develop daily in a fast-paced and dynamic environment.
 
Supplies & Experience

I have similar previous experience in a similar external sales position in the same or similar industry
Driving License
Desirable degree from HEI/TEI/IEK
Excellent knowledge of the Greek language
I am result oriented and able to build trusting relationships
I am characterized by customer-centricity & I focus on the customer's needs
I can plan and schedule my work effectively, setting priorities and proposing solutions
I work collaboratively and responsibly
I am interested in my personal & professional development

Responsibilities as a Business Developer

Your daily mission: drive sales and market activation with a broad portfolio of iconic global and local brands
You will achieve goals by applying leading sales and market activation tools
You will build relationships of trust by finding the best solutions for our customers to achieve the highest level of customer satisfaction
You will collaborate and share best practices with your team to support each other in developing your skills
You will gather information about market and customer developments to adapt to them to evolve and win with our customers every day
You will have a planned itinerary for visiting clients so that you can focus on the essence of your work
I carry out store activation activities focusing on merchandising standards to expand customer transactions
I promote team spirit through close collaboration with team members as well as with members of other departments, always aiming for my growth
I am open to providing and receiving frequent feedback

Allowances

Company car & travel expenses
Mobile & iPad
Daily support
Product disposition
Bonus based on achieving goals

Coca-Cola Tria Epsilon offers equal career opportunities to all. We will handle your application with complete confidentiality, in accordance with the personal data protection legislation. In the event that recommendations are required, they will only be requested once we receive your approval.",Entry / Junior,Full-time,"Omala, Greece",EL,2024-08-20,kariera.gr,164124,,"['http://data.europa.eu/esco/skill/08e2ff26-88ff-47b5-9d37-d19ace01b075', 'http://data.europa.eu/esco/skill/68698869-c13c-4563-adc7-118b7644f45d', 'http://data.europa.eu/esco/skill/a15dab55-f1da-4f85-ae3e-2b5c5b5333ca', 'http://data.europa.eu/esco/skill/c09bf6d4-f8a7-40f3-aead-ef01643f2352', 'http://data.europa.eu/esco/skill/cb668e89-6ef5-4ff3-ab4a-506010e7e70b', 'http://data.europa.eu/esco/skill/ea4ebfa1-e17a-4416-ac54-955f33e6ade7']","['http://data.europa.eu/esco/occupation/1619d7f3-7d95-407c-a20e-47745bfcde73', 'http://data.europa.eu/esco/occupation/b76178c0-a03a-4793-b079-1e61e636c521']"
4645,"PHP Microservices Engineer (x/f/m), Remote","PHP Microservices Engineer (x/f/m), PHP 8+, Docker, SQL
Greece




About Us
Education is the future! And yet schools could be so much better for teachers and students alike. At eduki, we strongly believe in the power of good teaching and we made it our mission to empower teachers to deliver the best school education. eduki is an online platform that allows them to create, share and find self-made, class-tested educational resources. Teachers can help each other save time by offering printable as well as digital materials for all types of schools, subjects, and grade levels.
eduki is used by more than 2 million teachers internationally. Started in 2016 as a German-speaking platform, it is now available also in Spanish, French, Greek, and Italian.
If you share our mission and want to make a difference in the world of education, join our team!


Back-End Developer (x/f/m) | Backend Developer (x/f/m) | PHP Developer (x/f/m) | Intermediate | Greece (remote) | #PHP #Microservices #Web_Development
Your Impact
As a PHP Microservices Engineer (x/f/m) at eduki, you provide additional power to our development team and help us to reach our goal of empowering teachers to deliver the best school education. Here are the key tasks and responsibilities that you will be taking on in this particular role:

Microservices Development: You develop microservices using PHP to fulfill specific functionalities.
Integration and Configuration: You configure and seamlessly integrate microservices into our existing infrastructure. 
Architecture: You engage in discussions and decision-making processes for significant architectural matters.

Your Skills and Expertise
We are searching for an experienced PHP Microservices Engineer (x/f/m) who would like to create something big together in an internationally operating team. Furthermore, you should check the following boxes: 

You are experienced in developing microservices.
You are proficient in using PHP 8+, Docker, SQL and Kubernetes.
You demonstrate high reliability and can work independently.
You feel comfortable communicating in English and working in an international team.

Please note: Due to legal restrictions, we can only hire candidates living in and owning a valid work permit for Greece. eduki is a registered employer in Greece, and you will receive a direct work contract with us according to Greek work law. 
Our Commitment to You

Growth Opportunities: At eduki, you will find an exciting job opportunity within a profitable and fast-growing company. We prioritize action over perfection and view mistakes as opportunities for growth. Regular performance feedback sessions ensure that you receive constructive insights into your work and progress.Additionally, you will receive a 1,000 EUR development budget per year to invest in your professional development goals.
Remote Work: We fully embrace a home office culture and want you to enjoy the flexibility of remote work, allowing you to set your own work schedule and location.In addition to providing the necessary software and hardware, we offer a 500 EUR budget that you can freely use to equip your home office.Furthermore, you can work from abroad for up to 90 days per year with us!
Employee Health: At eduki, we are committed to supporting our team members in every aspect of their well-being. This is why we provide comprehensive physical and mental health support, including online yoga lessons, access to various mental health resources, and psychological help provided by our partner OpenUp.
Attractive Compensation Package: The total compensation for this role is up to 40.000 EUR per year and consists of a fixed salary and a VSOP (Virtual Stock Options Program) package. Depending on experience and performance, the gross annual salary will range between 24.000 EUR and 30.000 EUR.
Team Building Events: At eduki, we foster a strong sense of community. Whether virtual or on-site, you'll have opportunities to bond with your colleagues. Once a year, the entire team enjoys a company-wide team event, visiting new places and creating lasting memories together.

Your Contact
JulianeTalent Acquisition Manager
jobs@eduki.com


At eduki, we value diversity and the unique contributions each person brings to our team. We foster an inclusive culture where respect and appreciation are essential. Don't worry if you don't tick every box, we're not looking for a perfect match on paper. We're excited about the unique qualities you bring to the table. Talents are considered regardless of age, gender, sexual identity, ethnicity, nationality, religion, or disability.",Mid-level,Full-time,"Athens, Greece",EL,2024-08-11,kariera.gr,163848,,"['http://data.europa.eu/esco/skill/23ac233d-84ad-4517-b0f5-8ca19ba2614e', 'http://data.europa.eu/esco/skill/598de5b0-5b58-4ea7-8058-a4bc4d18c742', 'http://data.europa.eu/esco/skill/5ca953f7-541d-4f67-bc55-7721348366cf', 'http://data.europa.eu/esco/skill/e043aeeb-78f5-4049-afbf-12bba52225bc', 'http://data.europa.eu/esco/skill/e24377fb-020b-4430-8bed-86dd539bbf3a', 'http://data.europa.eu/esco/skill/ea4ebfa1-e17a-4416-ac54-955f33e6ade7']","['http://data.europa.eu/esco/isco/C5312', 'http://data.europa.eu/esco/occupation/1ad4012e-30e3-492c-b42c-09cff3047574']"
40737,Business Developer (Arta-Preveza-Igoumenitsa),"The role of Business Developer is at the heart of Coca-Cola Tria Epsilon and is a position where you directly see the impact of your work every day. As a Business Developer, you will be responsible for managing a broad portfolio of some of the most iconic global and local soft drink, juice and beverage brands. You will meet our customers every day, and you will be the face of Coca-Cola Tria Epsilon in the market. As a member of our team, you will have constant support to achieve high performance and develop daily in a fast-paced and dynamic environment.
Supplies & Experience

I have similar previous experience in a similar external sales position in the same or similar industry
Driving License
Desirable degree from HEI/TEI/IEK
Excellent knowledge of the Greek language
I am result oriented and able to build trusting relationships
I am characterized by customer-centricity & I focus on the customer's needs
I can plan and schedule my work effectively, setting priorities and proposing solutions
I work collaboratively and responsibly
I am interested in my personal & professional development

Responsibilities as a Business Developer

Your daily mission: drive sales and market activation with a broad portfolio of iconic global and local brands
You will achieve goals by applying leading sales and market enablement tools
You will build relationships of trust by finding the best solutions for our customers to achieve the highest level of customer satisfaction
You will collaborate and share best practices with your team to support each other in developing your skills
You will gather information about market and customer developments to adapt to them to evolve and win with our customers every day
You will have a planned itinerary for visiting clients so that you can focus on the essence of your work
I carry out store activation activities focusing on merchandising standards to expand customer transactions
I promote team spirit through close collaboration with team members as well as with members of other departments, always aiming for my growth
I am open to providing and receiving frequent feedback

Allowances

Company car & travel expenses
Mobile & iPad
Daily support
Product disposition
Bonus based on achieving goals

Coca-Cola Tria Epsilon offers equal career opportunities to all. We will handle your application with complete confidentiality, in accordance with the personal data protection legislation. In the event that recommendations are required, they will only be requested once we receive your approval.",No experience / No degree,Full-time,"Arta, Greece",EL,2024-09-10,kariera.gr,169010,,"['http://data.europa.eu/esco/skill/08e2ff26-88ff-47b5-9d37-d19ace01b075', 'http://data.europa.eu/esco/skill/68698869-c13c-4563-adc7-118b7644f45d', 'http://data.europa.eu/esco/skill/a15dab55-f1da-4f85-ae3e-2b5c5b5333ca', 'http://data.europa.eu/esco/skill/c09bf6d4-f8a7-40f3-aead-ef01643f2352', 'http://data.europa.eu/esco/skill/cb668e89-6ef5-4ff3-ab4a-506010e7e70b', 'http://data.europa.eu/esco/skill/ea4ebfa1-e17a-4416-ac54-955f33e6ade7']","['http://data.europa.eu/esco/occupation/1619d7f3-7d95-407c-a20e-47745bfcde73', 'http://data.europa.eu/esco/occupation/b76178c0-a03a-4793-b079-1e61e636c521']"
41733,Business Developer FT Sifnos,"The role of Business Developer is at the heart of Coca-Cola Tria Epsilon and is a position where you directly see the impact of your work every day. As a Business Developer, you will be responsible for managing a broad portfolio of some of the most iconic global and local soft drink, juice and beverage brands. You will meet our customers every day, and you will be the face of Coca-Cola Tria Epsilon in the market. As a member of our team, you will have constant support to achieve high performance and develop daily in a fast-paced and dynamic environment. Resources & Experience * I have similar previous experience in a corresponding external sales position in the same or similar industry * Driving license * Desirable degree from AEI/TEI/IEK * Excellent knowledge of the Greek language * I am result-oriented and able to create trusting relationships * I am characterized by customer-centricity & I focus on the client's needs * I can plan and plan my work effectively, setting priorities and proposing solutions * I work collaboratively and responsibly * I am interested in my personal & professional development Responsibilities as Business Develope * Your daily mission: strengthening sales and market activation with a broad portfolio of iconic global and local brands * You will achieve goals by implementing leading sales and market activation tools * You will build trusting relationships by finding the best solutions for our customers to achieve the highest level of customer satisfaction * You will collaborate and you share best practices with your team to support each other in developing your skills * You will gather information about market and customer developments to adapt to them to evolve and win with our customers every day * You will have a planned itinerary for customer visits so you can focus on the essence of your work * I carry out store activation activities focusing on merchandising standards to expand customer transactions * I promote team spirit by working closely with team members as well as with members of others departments, always aiming for my growth * I am open to providing and receiving frequent feedback Benefits * Company car & travel expenses * Mobile & iPad * Daily support * Product availability * Bonus based on achievement of goals Coca-Cola Tria Epsilon offers equal opportunity career for everyone. We will handle your application with complete confidentiality, in accordance with the personal data protection legislation. In the event that recommendations are required, they will only be requested once we receive your approval.",Entry / Junior,Full-time,"Sifnos, Greece",EL,2024-09-11,kariera.gr,169266,,"['http://data.europa.eu/esco/skill/a15dab55-f1da-4f85-ae3e-2b5c5b5333ca', 'http://data.europa.eu/esco/skill/c09bf6d4-f8a7-40f3-aead-ef01643f2352']","['http://data.europa.eu/esco/occupation/1619d7f3-7d95-407c-a20e-47745bfcde73', 'http://data.europa.eu/esco/occupation/b76178c0-a03a-4793-b079-1e61e636c521']"
41766,"Front-End UI Web Developers – Cyprus, Greece or Remote","The Role: 
As a Front - End Developer, you will be responsible for creating company email templates by coding, building, and testing them. You will have the opportunity to expand and share your knowledge with the team while learning best practices related to HTML/CSS.
 
The main responsibilities of the position include:

Utilize HTML/CSS and email marketing best practices to create and code interactive email experiences.
Apply best practices in email development, compliance regulations, and accessibility.
Ensure consistent rendering across browsers, ESPs, and devices.
Troubleshoot HTML, CSS, and other performance issues.
Develop and test fully responsive email templates.
Ensure the technical feasibility of new email designs.
Work closely with various teams, such as Marketing, Product Designers, stakeholders, and business owners.
Collaborate closely with Client Communication Team and the marketing team to implement visual and interactive email templates.
Contribute to team efforts by achieving targeted results.

 
Main requirements:

Degree in multimedia and web development, computer science or any other related field.
Understanding of HTML5 and CSS3.
Familiar with versioning tools such as GIT.
Good understanding of the fundamental principles of design, creative thinker & problem solver.
Ability to work with minimal supervision.
Proficiency in both written and spoken English.

 
The following will be considered an advantage: 

 Working experience with email templates.
Knowledge of email compliance regulations.
Familiarity with working on email templates in Outlook.
Familiarity with email marketing and marketing automation technology.
Experience with JavaScript, Stripo, or any email template builder.
Previous experience with Litmus (or similar) testing software.
A work portfolio of personal or previous projects.
Experience with project management, collaboration, or issue tracking tools, such as JIRA and Confluence.

 
Benefit from:

Attractive remuneration package


Food allowance


Intellectually stimulating work environment
Continuous personal development and international training opportunities

 
Type of employment: Full time
Location: Cyprus or remote
Please visit our website www.xm.com/careers to submit your online application for this position.
All applications will be treated with strict confidentiality!",Entry / Junior,Full-time,"Athens, Greece",EL,2024-09-10,kariera.gr,169220,,"['http://data.europa.eu/esco/skill/1c79db45-e4be-4b6e-af3b-a0ba61353aee', 'http://data.europa.eu/esco/skill/3cd569a2-4f88-4c1e-9995-8dce8c5e51a7', 'http://data.europa.eu/esco/skill/3d957fb2-b8f4-4b4c-b955-23299c761ad5', 'http://data.europa.eu/esco/skill/477173ca-5fc2-406b-9122-95d92811f284', 'http://data.europa.eu/esco/skill/4cb51222-3e2e-417c-9a5c-e9ccf262721d', 'http://data.europa.eu/esco/skill/519e801b-3cc4-44d4-bcf1-32fdb9a77e51', 'http://data.europa.eu/esco/skill/5b26f08b-88bc-45f0-b901-530d7786466b', 'http://data.europa.eu/esco/skill/7253d98c-4a6d-4e37-8b6c-accca9f4b639', 'http://data.europa.eu/esco/skill/9d2e926f-53d9-41f5-98f3-19dfaa687f3f', 'http://data.europa.eu/esco/skill/be64bb4c-84ac-4c83-8cc7-fc8593e15136', 'http://data.europa.eu/esco/skill/cd5efa8c-e44d-4cbc-91c6-796018dbed68', 'http://data.europa.eu/esco/skill/df64a7cc-2e96-4304-95d3-56fe0ac2dd39']","['http://data.europa.eu/esco/occupation/50af07f0-7a75-424e-a66d-5a9deea10f4c', 'http://data.europa.eu/esco/occupation/866c7813-2c03-47d7-9bdc-192cfbace57c', 'http://data.europa.eu/esco/occupation/8b828b9f-e41a-48d1-9d35-2c4378279a79', 'http://data.europa.eu/esco/occupation/ab7bccb2-6f81-4a3d-a0c0-fca5d47d2775', 'http://data.europa.eu/esco/occupation/bea99fea-0383-4c63-b944-70d4799de2c5', 'http://data.europa.eu/esco/occupation/c40a2919-48a9-40ea-b506-1f34f693496d', 'http://data.europa.eu/esco/occupation/dc97adbe-f807-4ad8-8f3c-c24b3416cdef']"
41803,Junior Java Developer,"FIRST THINGS FIRST
You have gained knowledge, experience, and expertise in significant projects. Now, how will you use these achievements to make some real impact on the world? At T-Digital by Deutsche Telekom our shared vision - to stay connected - drives all that we do. It is key to our becoming one of the world's leading telco groups, impacting millions of people.
 
REASONS TO KEEP READING THIS POST:
WHAT WE OFFER:

Hybrid work in Thessaloniki
Competitive salary
Extra days off
… many more

 
About This Job
Are you a budding Java developer ready to kickstart your career with a leading telecom company? We're thrilled to announce that we're looking to welcome Junior Java developers to our dynamic team on a short-term contract, with the potential for a permanent position!
 
What We're Looking For:

Programming Skills: Basic understanding of object-oriented software design, Basic knowledge of Java, sufficient to complete a coding exercise during the interview
Currently pursuing or recently completed a degree in Computer Science, Software Engineering, or a related field that includes software development principles and programming languages. Equivalent practical experience is also acceptable
Some experience in solving coding challenges through coursework, personal projects, or similar practical activities
English B2+ level

 
Why Join Us?

Gain hands-on experience in the telecom industry
Work with a supportive and experienced team
Opportunity for a permanent role based on performance
Be part of innovative projects that make a difference

 
THIS IS NOT A TEST
…but just to be sure, check on whether you see yourself within our company values and culture. And if you DO, click on the APPLY button.
At T-Digital we have a flat, dynamic, international organization where creativity and freedom are valued the most. We look for people who will present their whole self because we value diversity and inclusion, as well as people who love having fun and staying curious.
 
What We Stand For

We create life-changing experiences
We promote work-life balance
We attract good fellas
We believe sharing is caring

You know the job. We know what you need to do it well. Let´s talk!",Entry / Junior,Full-time,"Thessaloniki, Greece",EL,2024-09-10,kariera.gr,169028,,"['http://data.europa.eu/esco/skill/19a8293b-8e95-4de3-983f-77484079c389', 'http://data.europa.eu/esco/skill/21d2f96d-35f7-4e3f-9745-c533d2dd6e97', 'http://data.europa.eu/esco/skill/23ac233d-84ad-4517-b0f5-8ca19ba2614e', 'http://data.europa.eu/esco/skill/3bddfd7c-ab6d-40c2-883d-5e97fb7640ba', 'http://data.europa.eu/esco/skill/bf4d884f-c848-402a-b130-69c266b04164', 'http://data.europa.eu/esco/skill/c624c6a3-b0ba-4a31-a296-0d433fe47e41']",['http://data.europa.eu/esco/occupation/57af9090-55b4-4911-b2d0-86db01c00b02']
43082,Senior Backend Engineer,"- Develop and maintain the backend infrastructure for Quizdom's web and mobile applications
- Collaborate with the frontend development team to ensure seamless integration of the user interface
- Maintain AWS Cloud infrastructure and handle code base deployments
- Optimize the performance and scalability of the backend systems to handle increasing user traffic
- Implement and integrate APIs, authentication systems, and other external services
- Troubleshoot and debug issues to ensure system stability and reliability
- Conduct code reviews and provide constructive feedback to team members
- Stay up-to-date with industry trends and technologies, and propose innovative solutions for continuous improvement



Requirements

- 5+ years experience in a similar role
- Proven experience as a Backend Developer or similar role
- Strong programming skills in Node.js
- Solid knowledge of database systems, SQL, and NoSQL
- Experience with AWS Cloud
- Understanding of cloud computing and virtualization technologies
- Excellent problem-solving and communication skills
- Ability to work effectively in a fast-paced startup environment
- Strong ability to learn new technologies and adapt to changing requirements
- Experience with agile methodologies (Scrum, Kanban) is a plus
- Knowledge of quiz or game development is a plus



Benefits


Training & Development
Performance Bonus
Laptop",Senior,Full-time,"Athens, Greece",EL,2024-09-11,kariera.gr,169341,,"['http://data.europa.eu/esco/skill/0550431f-9c8b-4204-9c45-59bc5feacf06', 'http://data.europa.eu/esco/skill/517f678e-001b-4985-acb4-9edc3500d74c', 'http://data.europa.eu/esco/skill/598de5b0-5b58-4ea7-8058-a4bc4d18c742', 'http://data.europa.eu/esco/skill/76ef6ed3-1658-4a1a-9593-204d799c6d0c', 'http://data.europa.eu/esco/skill/8ff015a0-98ea-4d80-a23e-1f68110a919e', 'http://data.europa.eu/esco/skill/a8797f21-1af0-4c5e-98ca-bf1442929363', 'http://data.europa.eu/esco/skill/ac802765-4098-4466-ac1e-4791f192c667', 'http://data.europa.eu/esco/skill/ae4f0cc6-e0b9-47f5-bdca-2fc2e6316dce', 'http://data.europa.eu/esco/skill/b8c01891-e3df-4a4b-948d-95b45e1788f5', 'http://data.europa.eu/esco/skill/bd14968e-e409-45af-b362-3495ed7b10e0', 'http://data.europa.eu/esco/skill/dbc538a0-7d1d-4394-b2f6-8fae44a55d86']","['http://data.europa.eu/esco/occupation/2ed56c3f-61d6-4f7e-9ef8-8849eb102e4c', 'http://data.europa.eu/esco/occupation/2fb96c6c-8d0b-4ef0-b1ee-3e493305e4eb', 'http://data.europa.eu/esco/occupation/6cd08cbe-7611-4d70-8886-6c59c0385442', 'http://data.europa.eu/esco/occupation/866c7813-2c03-47d7-9bdc-192cfbace57c', 'http://data.europa.eu/esco/isco/C2424']"
43087,"Business Developer Ierapetra, Sitia","The role of Business Developer is at the heart of Coca-Cola Tria Epsilon and is a position where you directly see the impact of your work every day. As a Business Developer, you will be responsible for managing a broad portfolio of some of the most iconic global and local soft drink, juice and beverage brands. You will meet our customers every day, and you will be the face of Coca-Cola Tria Epsilon in the market. As a member of our team, you will have constant support to achieve high performance and develop daily in a fast-paced and dynamic environment. Resources & Experience * I have similar previous experience in a corresponding external sales position in the same or similar industry * Driving license * Desirable degree from AEI/TEI/IEK * Excellent knowledge of the Greek language * I am result-oriented and able to create trusting relationships * I am characterized by customer-centricity & I focus on the needs of the client * I can plan and schedule my work effectively, setting priorities and proposing solutions * I work cooperatively and responsibly * I am interested in my personal & professional development Responsibilities as a Business Developer * Your daily mission: strengthening sales and market activation with a broad portfolio of iconic global and local brands * You will achieve goals by implementing leading sales and market activation tools * You will build trusting relationships by finding the best solutions for our customers to achieve the highest level of customer satisfaction * You will collaborate and you share best practices with your team to support each other in developing your skills * You will gather information about market and customer developments to adapt to them to evolve and win with our customers every day * You will have a planned itinerary for visiting customers so that you can focus on the essence of your work * I carry out store activation activities focusing on merchandising standards to expand customer transactions * I promote team spirit by working closely with team members as well as with members of others departments, always aiming for my growth * I am open to providing and receiving frequent feedback Benefits * Company car & travel expenses * Mobile & iPad * Daily support * Product availability * Bonus based on achievement of targets At Coca-Cola HBC, diversity thrives and we seek to eliminate all forms of stereotypes. This means we provide equal opportunities for everyone, regardless of race, color, religion, age, special needs, sexual orientation or gender identity. Come and join our team, so that we can continue to create an environment of inclusion, where everyone belongs and contributes collectively to success.",Entry / Junior,Full-time,"Ierapetra, Greece",EL,2024-09-11,kariera.gr,169352,,"['http://data.europa.eu/esco/skill/2b2d7c6a-229a-40ba-80f3-b5b5766161a0', 'http://data.europa.eu/esco/skill/a15dab55-f1da-4f85-ae3e-2b5c5b5333ca', 'http://data.europa.eu/esco/skill/c09bf6d4-f8a7-40f3-aead-ef01643f2352', 'http://data.europa.eu/esco/skill/e24377fb-020b-4430-8bed-86dd539bbf3a']","['http://data.europa.eu/esco/occupation/9a26d76b-b9e3-46ae-ab4b-057a1262138b', 'http://data.europa.eu/esco/occupation/b76178c0-a03a-4793-b079-1e61e636c521']"
