id,title,description,experience_level,type,location,location_code,upload_date,source,source_id,organization,skills,occupations
46,Sales Engineer,"SABO FILIERE S.A. is a Greek exportation company that was founded in 1997 and is a member of SABO GROUP, located in Vassiliko of Evia in Greece and exports in more than 20 countries. The company specializes in the production of extrusion dies for Heavy Clay Industry, augers, and spare parts for soil treatment machines. Having a fully equipped and contemporary Machine Shop, it provides personalized machine services in a wide range of applications. In addition, having implemented targeted investments, it is constantly expanding its scope of applications, providing specialized construction and retreading services to Heavy Industry units, such as Cement Industry, Power Generation Industries, Mining & Mineral Processing Industries, Waste Recycling Units. Finally, it provides after sales services around the world, with on-site repair – retreading of augers and related components at customers’ facilities, with fully specialized staff and equipment.
Our successful operation is based on the technical know-how, innovative mindset and collaboration spirit of our team who is committed to making a global impact. This highly motivated team needs to be strengthened by a Sales Engineer who will oversee the successful elaboration of our projects worldwide.
 Responsibilities:

Visit customers to update market information
Handle technical sales deals and negotiations
Present and promote products to the existing and potential customers
Contribute to the development and performance of sales activities to expand the customer base and attain sales goals and profitability
Proceed to the assessment of the market competition
Monitor and optimize the inventory and product availability by reviewing and adjusting inventory levels and production plans
Maintain and develop professional and technical knowledge by attending workshops, reviewing professional publications, establishing personal networks, participating in industry sector events etc.

Requirements:

Bachelor’s degree in Mechanical Engineering
At least 2 years of experience in B2B sales in an industrial environment
Excellent knowledge of English language (written and spoken)
Knowledge of Spanish language will be a plus
Good Knowledge of analytical, communication and presentation skills
Experience working in a matrix and multicultural organization
Availability to travel (40-50% of the total working time)
Flexibility – Adaptability

 Benefits:

Competitive salary
Private Health & Medical Insurance
Opportunities for training and career development
A workplace with a strong focus on respect and work-life balance

 
With DEI in mind!!!
Diversity, equity, and inclusion are a priority for us! SABO ensures a safe and balanced working environment, based on respect by providing an equal number of opportunities to every employee who meets the necessary requirements.
 

Here @SABO, we care for your privacy. The security of your data is one of our greatest concerns. All information is strictly confidential and in accordance with GDPR rules.

 
 
Meet our hiring team…and APPLY NOW!!!!",Mid-level,Full-time,"Lilantioi, Greece",EL,2024-09-09,kariera.gr,168854,,"['http://data.europa.eu/esco/skill/15d76317-c71a-4fa2-aadc-2ecc34e627b7', 'http://data.europa.eu/esco/skill/234aeb8d-56c3-4531-9193-1c5e6a8d16cb', 'http://data.europa.eu/esco/skill/2a778aeb-f246-4f03-9a96-c60183001037', 'http://data.europa.eu/esco/skill/35f1dcdc-577f-46c6-96d9-6c7a64501de9', 'http://data.europa.eu/esco/skill/450de541-797a-4da0-9fe4-a81471c8047d', 'http://data.europa.eu/esco/skill/49de9958-2aa4-4eef-a89d-fe5d5bcd28c4', 'http://data.europa.eu/esco/skill/56c59e98-f133-48ad-9d01-f357a8e2c218', 'http://data.europa.eu/esco/skill/62381a22-cc11-434a-b140-fb706d2ff2fa', 'http://data.europa.eu/esco/skill/63f224ea-d889-42ea-b3ef-730ef78c7176', 'http://data.europa.eu/esco/skill/6d97bf55-6fb6-4795-8282-3ef915ae0bb8', 'http://data.europa.eu/esco/skill/7ee9fb56-91b1-4363-b51f-ea54ae1b5761', 'http://data.europa.eu/esco/skill/89f5fa96-ae45-4906-902c-d50ca51009c6', 'http://data.europa.eu/esco/skill/a8d24a95-47b3-4f88-92e7-06600bcd3612', 'http://data.europa.eu/esco/skill/c09bf6d4-f8a7-40f3-aead-ef01643f2352', 'http://data.europa.eu/esco/skill/c2a0c52c-0b4b-4180-a918-92650ea3b458']","['http://data.europa.eu/esco/occupation/58db3ac6-5217-4d46-8a4c-126598be1d13', 'http://data.europa.eu/esco/occupation/5d0cc30d-068a-424c-8463-f42872a7149e', 'http://data.europa.eu/esco/occupation/650c4c7b-8cd8-4671-a38e-6e37e45e0c8e', 'http://data.europa.eu/esco/occupation/6cd08cbe-7611-4d70-8886-6c59c0385442', 'http://data.europa.eu/esco/occupation/7a523273-9fff-4f11-beb6-110eeaec1436', 'http://data.europa.eu/esco/isco/C1321', 'http://data.europa.eu/esco/isco/C2', 'http://data.europa.eu/esco/isco/C2433', 'http://data.europa.eu/esco/isco/C811']"
105,QA/QC Engineer,"SABO is a Greek industrial company, based in Vassiliko Chalkida, in Evia. It has subsidiaries in Brazil, Romania and Italy and its field of activity is more than 50 countries. For 40 years we have supported the development of our customers by providing integrated solutions in the fields of ceramics, heavy industry, solid waste management, energy and automation, as well as shipping.
Our successful operation is based on the expertise, innovation and collaborative spirit of our team, which is committed to making a global impact. This highly motivated team is looking for a QA/QC Engineer.
The role in detail:

Control of spare parts and Primitive Materials upon their receipt
Control of processed machine shop products (dimensional, hardness measurements, etc.)
Inspection of metal constructions of external partners upon their receipt
Performing Quality Control tests according to company procedures
Recording test results and archiving them
Participation in final machinery testing
Update of Quality Management systems
Issuance of defect reports
Update of reports of donated consumables
Contribution to the continuous improvement of the company's Quality Management System

 Required Qualifications:

Degree in Mechanical Engineering or equivalent specialization
Excellent knowledge of the English language in written and spoken language
Excellent computer skills, MS Office
Methodology, observation, attention to detail, organizational skills
Ability to manage time and work under pressure
Team spirit, hard work and responsibility
Ability to take initiative and solve problems
Any knowledge of ISO 9001, ISO 14001 and ISO 45001 management systems would be an added advantage

 The company offers:

Ability to work with a highly motivated team
Attractive work environment
Opportunities for continuous learning and professional development
Competitive remuneration package
Private Life & Health insurance

 Diversity, equality and inclusion are a priority for us! SABO ensures a safe and balanced work environment, based on respect, providing an equal number of opportunities to every employee who meets the necessary conditions.
 
   Here at @SABO, we care about your privacy. The security of your data is one of our priorities. All information is strictly confidential and compliant with GDPR rules.
 
Meet our team... and APPLY NOW 😊",Entry / Junior,Full-time,"Lilantioi, Greece",EL,2024-09-09,kariera.gr,168785,,"['http://data.europa.eu/esco/skill/001115fb-569f-4ee6-8381-c6807ef2527f', 'http://data.europa.eu/esco/skill/0550431f-9c8b-4204-9c45-59bc5feacf06', 'http://data.europa.eu/esco/skill/114a79ef-1e62-475b-a862-954f5b4cca20', 'http://data.europa.eu/esco/skill/199f7919-5114-41b6-b6a5-41e0e4896ec1', 'http://data.europa.eu/esco/skill/23ac233d-84ad-4517-b0f5-8ca19ba2614e', 'http://data.europa.eu/esco/skill/2fb8480e-de3c-462b-b169-e8bbb344da68', 'http://data.europa.eu/esco/skill/5119a6dd-64ca-48e5-a906-85b9ab84aefd', 'http://data.europa.eu/esco/skill/95bff246-c3ce-4181-a11b-e4363453c2f8', 'http://data.europa.eu/esco/skill/a8d24a95-47b3-4f88-92e7-06600bcd3612', 'http://data.europa.eu/esco/skill/adc6dc11-3376-467b-96c5-9b0a21edc869', 'http://data.europa.eu/esco/skill/ccbd0898-e225-4abc-8992-57a23b0e2eec', 'http://data.europa.eu/esco/skill/cf310cff-0d28-4dbc-9dbb-cc500a3196c2', 'http://data.europa.eu/esco/skill/d3e9b00a-0891-4fa8-836d-8240ec3d2758', 'http://data.europa.eu/esco/skill/ed3f3dba-3a35-4ed5-b113-67f4d10ef4c8', 'http://data.europa.eu/esco/skill/f4a6e9f7-5cff-46c0-894c-59c20bb78694']","['http://data.europa.eu/esco/occupation/139fba7b-6c1f-40ee-8acf-78f97e57c905', 'http://data.europa.eu/esco/occupation/1f8967ce-9faa-4d56-a656-50e041f7d07e', 'http://data.europa.eu/esco/occupation/2082e125-d06b-43e6-957f-b7aa3c48dc2f', 'http://data.europa.eu/esco/occupation/2296fa07-98ae-4875-b18d-96ed86134ffb', 'http://data.europa.eu/esco/occupation/652b847f-837a-4a08-bd5e-36397fe56455', 'http://data.europa.eu/esco/occupation/b343dd0c-8a83-4e13-a79c-0ac52f526c64', 'http://data.europa.eu/esco/occupation/ec0e64c9-6d9b-4a9f-a022-a418f3b381fe', 'http://data.europa.eu/esco/isco/C2']"
244,Junior Data Engineer,"What if we didn't focus on who you are now, but who you could become? 
Here at EY, you'll have the chance to build a truly exceptional experience. We'll empower you with the latest technology, surround you with high-performing teams, and provide the global scale and diverse and inclusive culture you need to discover your full potential. Through our coaching and training programs, you'll develop the skillsets you need to stay relevant today and in the future - all while building a network of colleagues, mentors, and leaders who will be on the journey with you at EY and beyond. 
The exceptional EY experience. It's yours to build.Join our continuously growing team, which employs over 2.200 professionals in Greece, and is listed in Greece's Top Employers for 2023! Experience great flexibility, under our hybrid operating model across our offices in Athens, Patras, and Thessaloniki, while benefiting from personalized learning and career development opportunities. We prioritize diversity, equity, and inclusion, fostering an environment where everyone's unique perspectives are valued, that supports you in building an exceptional experience for yourself, and a better working world for all.The opportunity: your next adventure awaits 
Modern technology produces more data than ever before, but also provides the tools to store, organize, analyze and share this data, resulting in new opportunities and substantiated business insights in support of new and deeper insights and more informed decision making. EY delivers leading services and solutions in the area of big data, business intelligence and data engineering built on a blend of tools and custom-developed methods.
As part of our AI & Data team of the Technology Consulting practice, you will work with multi-disciplinary teams to support clients in a wide range of data initiatives aiming to generate and present new, useful and actionable insights. You will have the opportunity to work and take responsibilities in challenging engagements, gaining exposure to clients in various sectors both in Greece and abroad.Your Key Responsibilities

	Participation in large-scale client engagements.
	Contribution in the delivery of innovative and engaging data engineering solutions.
	Understanding of business and technical requirements, provision of subject matter expertise and implementation of data engineering techniques.
	Conducting of data discovery activities, performing root cause analysis, and making recommendations for the remediation of data quality issues.
	Putting into practice good organizational and time management skills, with the ability to prioritize and complete multiple complex projects under tight deadlines.

To qualify for the role you must have:

	A BSc or MSc degree in Computer Science, Engineering or other equivalent subject
	Knowledge in SQL querying and development (Joins, Store procedures/functions, Aggregations/Window Functions, CTEs, Indexes, optimization)
	Basic experience in Visualization tools (PowerBI, Tableau etc. )
	Knowledge of Data Management, Data Warehousing concepts & methodologies (familiarity with at least one of the following databases & design principles: DWH, DataLake, Lakehouse, Delta etc.) will be considered an asset 
	Excellent command of English both oral and written

What we look for 

	You have an agile, growth-oriented mindset. What you know matters. But the right mindset is just as important in determining success. We're looking for people who are innovative, can work in an agile way and keep pace with a rapidly changing world.
	You are curious and purpose driven. We're looking for people who see opportunities instead of challenges, who ask better questions to seek better answers that build a better working world. 
	You are inclusive. We're looking for people who seek out and embrace diverse perspectives, who value differences, and team inclusively to build safety and trust. 
	Qualifications: What's most important is that you're dedicated to working with your colleagues as part of a high-performing team. You'll need to demonstrate enthusiasm, high motivation and passion to develop fast in a multinational working environment. You'll need to thrive in picking up new skills and talents as you go, so natural curiosity, a lot of questions and the confidence to speak up when you see something that could be improved are essential. If you've got the right combination of technical knowledge and communication skills, this role is for you.

What's in it for you 

	Competitive remuneration package: You'll be rewarded for your individual and team performance. Depending on your experience, our comprehensive rewards package includes benefits that suit your needs including cutting-edge technological equipment, ticket restaurant vouchers, a private health insurance scheme, life insurance, income protection and an exclusive EY benefits club that provides a wide range of discounts, offers and promotions. 
	Flexible working arrangements: We operate under a hybrid working model, which is defined based on both your own preferences and team's needs, and we enjoy our summers with short Fridays. 
	Personalized learning experience and career development: Accelerate your technical capabilities and transformative leadership skills with future-focused courses and development programs. We provide free and unlimited access to educational platforms and EY Badges, support certifications, and provide coaching and feedback, as a part of our Leadership & Development process, all of which can lead to a meaningful impact and success as defined by you. 
	Diverse and inclusive culture: You'll be embraced for who you are and empowered to use your voice to help others find theirs.
	International Experience: Broaden your horizons by working on highly integrated teams across the globe and collaborate with people of diverse backgrounds - both professionally and culturally.
	Above all, you will be working in one of the Top Employers in Greece for 2023, awarded by the Top Employers Institute.

The exceptional EY experience. It's yours to build. EY | Building a better working world EY exists to build a better working world, helping to create long-term value for clients, people and society and build trust in the capital markets. Enabled by data and technology, diverse EY teams in over 150 countries provide trust through assurance and help clients grow, transform and operate. Working across assurance, consulting, law, strategy, tax and transactions, EY teams ask better questions to find new answers for the complex issues facing our world today. #betterworkingworld
#li-remote",,Full-time,"Marousi, Greece",EL,2024-09-09,kariera.gr,109271,,"['http://data.europa.eu/esco/skill/08e2ff26-88ff-47b5-9d37-d19ace01b075', 'http://data.europa.eu/esco/skill/143769cb-b61e-47d8-a61e-eedfbec1016c', 'http://data.europa.eu/esco/skill/1d7fd6c8-10e3-43cc-b0af-6172eaedf087', 'http://data.europa.eu/esco/skill/3ec2e4d6-7000-4905-bf1a-c5b1679416de', 'http://data.europa.eu/esco/skill/429062f1-a958-43ea-83dd-4e1af078c156', 'http://data.europa.eu/esco/skill/48db96bf-3314-45c6-bad8-fdb6e20e5639', 'http://data.europa.eu/esco/skill/4f6e68b2-85c8-446e-a96d-b306ec7e0091', 'http://data.europa.eu/esco/skill/54660948-b811-49a9-874c-bf2be5f280a2', 'http://data.europa.eu/esco/skill/65e58886-bd1e-4c5b-8ca5-8d9b353c8aa1', 'http://data.europa.eu/esco/skill/9531fe02-1e1f-4a36-95f7-a76a77cd4b8d', 'http://data.europa.eu/esco/skill/a80fb090-63f4-4b05-83a5-2f090deb7757', 'http://data.europa.eu/esco/skill/c6c1af60-9594-460c-a328-00f9ad292be0', 'http://data.europa.eu/esco/skill/cc7370dd-69fa-4c67-a96f-d4d135d38700', 'http://data.europa.eu/esco/skill/eade4171-3d57-4fb2-9518-44d5a1da4ff5', 'http://data.europa.eu/esco/skill/f7e7ccb6-fadc-4c35-935d-e1040be40dfe', 'http://data.europa.eu/esco/skill/fef5a450-6230-4a34-b3e3-764252dbdcec']","['http://data.europa.eu/esco/occupation/056f1849-7ff8-4d6f-9b8a-176a610bba44', 'http://data.europa.eu/esco/occupation/2079755f-d809-49e6-8037-4de6180e54c0', 'http://data.europa.eu/esco/occupation/207d7b18-6540-432e-8aa6-785ed434572f', 'http://data.europa.eu/esco/occupation/3b43dafb-8c6b-4906-9fe5-bc218aacad55', 'http://data.europa.eu/esco/occupation/6cd08cbe-7611-4d70-8886-6c59c0385442', 'http://data.europa.eu/esco/occupation/6e92d4b5-3167-4166-802f-da7753951a31', 'http://data.europa.eu/esco/occupation/810e5e67-acd5-499a-b307-cf5bea330859', 'http://data.europa.eu/esco/occupation/9e285322-2cfa-430f-9b66-41be57d698e2', 'http://data.europa.eu/esco/isco/C214', 'http://data.europa.eu/esco/isco/C251']"
259,Financial Project Analyst,"Job Summary:
AMCO SA, is looking for a dynamic and skilled Sales Engineer to join our team. The ideal candidate will have the opportunity to work in a dynamic environment, contribute to the development and promotion of innovative IT and technology products and services, and support sales with technical expertise.
Responsibilities:

Collecting and analyzing financial data related to the company's projects.
Monitoring the cost, timelines, and resources allocated to each project.
Generating financial reports and analyzing results.
Contributing to the identification of problems and proposing improvements in project financial management.
Collaborating with other departments of the company to resolve financial issues related to projects.

 
Required Qualifications:

Bachelor's degree in Economics, Business Administration, Finance, or a related field.


Minimum of 4 years of experience in a similar position.


Knowledge of accounting principles and data analysis techniques.


Excellent knowledge of accounting and use of accounting tools.
Familiarity with the creation and monitoring of project budgets.


Communication and teamwork skills.


Excellent knowledge of the English language.

 
Personal Characteristics:

Analytical and organized.
Ability to manage multiple tasks and deadlines.
Ability to work effectively both independently and in a team environment.
Professional demeanor and discretion in handling sensitive information.

 
We Offer:

Competitive compensation package.
Professional development and advancement opportunities.
Pleasant working environment.
Private Health Insurance",Mid-level,Full-time,"Moschato, Greece",EL,2024-09-09,kariera.gr,168605,,"['http://data.europa.eu/esco/skill/0b144726-21c2-46ed-8d13-c03d27f61604', 'http://data.europa.eu/esco/skill/15d76317-c71a-4fa2-aadc-2ecc34e627b7', 'http://data.europa.eu/esco/skill/382c11ed-20d5-4ae7-b60e-15fec527fa6c', 'http://data.europa.eu/esco/skill/7d092d81-d1e2-4c34-b3cb-c1c9f2e68b7d', 'http://data.europa.eu/esco/skill/91abe492-18be-4cce-93c7-0dca07072363', 'http://data.europa.eu/esco/skill/a8d24a95-47b3-4f88-92e7-06600bcd3612', 'http://data.europa.eu/esco/skill/d0c425c6-e3de-465e-923d-d4d30ec4be9b', 'http://data.europa.eu/esco/skill/da1398ac-6955-4cf3-9225-67f16e41dbdc', 'http://data.europa.eu/esco/skill/ecc18804-a466-40d9-98b4-fba5cd67dd4b']","['http://data.europa.eu/esco/occupation/0959cd1d-f6c8-4362-939a-ad7d5f75d659', 'http://data.europa.eu/esco/occupation/6cd08cbe-7611-4d70-8886-6c59c0385442', 'http://data.europa.eu/esco/isco/C2', 'http://data.europa.eu/esco/isco/C241', 'http://data.europa.eu/esco/isco/C4311', 'http://data.europa.eu/esco/occupation/8d586ee9-0ab1-4155-a3b0-2ca786c8e48c', 'http://data.europa.eu/esco/occupation/c956be07-53a3-4b01-b8f8-f0c5a428eaa8', 'http://data.europa.eu/esco/isco/C2433']"
539,"Senior Associate, Software Engineering","Role Summary
Pfizer's purpose is to deliver breakthroughs that change patients' lives.In Pfizer Digital Core Solutions, we partner closely with our Pfizer business operations colleagues to efficiently deliver robust supporting technology solutions that enhance their work to achieve the Pfizer purpose. We value our team members' technical skills, but also their passion, teamwork, and growth. Our culture is focused on delivering value through courage, excellence, equity, and joy. Our collective skillset supports all aspects of technology planning, project execution and application development excellence.We are looking for Software Engineer (SE) candidates who are aligned with our culture and values, and with academic and/or work experience in software development projects that include both backend and frontend development using Java and Javascript-based technologies for multi-tiered, RDBMS-based web applications.The Software Engineer plays a key role in meeting our mission. The SE analyzes specifications, designs logic, writes code, customizes products, unit tests, debugs, and documents software applications. The SE participates in agile team events and works within the agile team framework.The SE will work closely with their manager to ensure growth over time, including the selection of project work among hundreds of applications that will expand their skillset to meet personal and organizational goals, to provide fulfilling work, and to advance their careers.
Role Responsibilities

Works within project teams as a contributor to design, prototype, implement and unit test software solutions in support of the project objectives.
Works as a senior developer on small-to-medium size software development projects, which may include accountability for the work of a small number of other junior and/or contract Software Engineers, as well as responsibility for dictating and managing coding standards, coding best practices, source code control approaches, versioning, etc.
Translates logical designs of user/system interfaces into physical designs, considering the target environment, performance requirements and existing systems.
Helps produce detailed design specifications where applicable, and documents all work using required standards, methods, and tools, including prototyping tools, where appropriate.
Conducts reviews of supplied specifications as appropriate.
Defines the integration build and produces a build definition for generation of the software.
Work in a matrix, team environment with Pfizer colleagues as well as vendor partners.
Dedicated to meeting the expectations and requirements of internal and external customers.

Qualifications
Education:

Undergraduate degree in Software Engineering, Information Management, Computer Science, Mathematics, or other scientific or engineering discipline.

Prior Experience:

Minimum of 3 years of experience as a software developer/engineer.

Required Capabilities and Experience:

Facilitation, negotiating and presentation skills.
Experience working in ambiguous situations.
Demonstrated experience and skills in analysis and problem solving.
Demonstrated ability to developing multi-tiered solutions using multiple programming languages and web technologies including Java, TypeScript (Angular), HTML, CSS, SQL, etc.
Demonstrated experience using standard requirements business analysis techniques, including brainstorming, interviewing, requirements sessions, activity diagrams and use cases desired.
Demonstrated experience and/or competencies either informally or formally contributing on various-size teams of technologists, IT professionals or project managers using Agile, Scrum, DevOps, and other approaches for iterative development.
Demonstrated ability to collaborate and work effectively in team settings, frequently in virtual teams with client partner and customer engagement responsibilities.
Demonstrated ability to understand data and integration architectures to manage, transform, and exploit data across the enterprise.
Demonstrated capability to understand security requirements, and using the frameworks and tools the organization has put in place to meet those requirements.
Excellent oral and written communication skills.

Required Aptitude:

Quick to establish trust and respect
Action oriented and energetic
Resourceful and creative
Persistent and determined
Mature and cool under pressure
Easily makes connections
Reads situations quickly
Commitment and follow through

Pfizer is an equal opportunity employer and complies with all applicable equal employment opportunity legislation in each jurisdiction in which it operates.
To apply please visit our website www.pfizercareers.com and search job Senior Associate, Software Engineer with id 4919474.",Mid-level,Full-time,"Thessaloniki, Greece",EL,2024-09-06,kariera.gr,168300,,"['http://data.europa.eu/esco/skill/0a9acb6b-1139-4be9-b431-3a80a959f2f4', 'http://data.europa.eu/esco/skill/0af062de-eb43-41e9-9b96-249e2cd22d26', 'http://data.europa.eu/esco/skill/0ee94c0a-3716-494a-95a2-dcbab9e58be2', 'http://data.europa.eu/esco/skill/113b4428-0a31-4199-8496-070af7854b91', 'http://data.europa.eu/esco/skill/19a8293b-8e95-4de3-983f-77484079c389', 'http://data.europa.eu/esco/skill/1b957e3d-0017-42b0-9bfe-49a1cdd31de7', 'http://data.europa.eu/esco/skill/1fcce318-3212-487a-ac07-4941bc85060d', 'http://data.europa.eu/esco/skill/234aeb8d-56c3-4531-9193-1c5e6a8d16cb', 'http://data.europa.eu/esco/skill/2522a6ce-3202-4ac8-9f5b-b9cb5a3a83a1', 'http://data.europa.eu/esco/skill/33d49d4f-31ec-473f-9b8a-b555aa5116bb', 'http://data.europa.eu/esco/skill/385479b7-5da5-4367-9763-0d15b41bb65b', 'http://data.europa.eu/esco/skill/4339176e-3acd-4f7f-a5d9-445bee3d23f2', 'http://data.europa.eu/esco/skill/598de5b0-5b58-4ea7-8058-a4bc4d18c742', 'http://data.europa.eu/esco/skill/5b26f08b-88bc-45f0-b901-530d7786466b', 'http://data.europa.eu/esco/skill/5dd96c59-5955-474b-8cf5-e986a5b50f1a', 'http://data.europa.eu/esco/skill/7954861c-86d4-4529-afbb-2c23dab9ac74', 'http://data.europa.eu/esco/skill/867137fb-ff1b-4ca3-99f3-cb6969aa2c68', 'http://data.europa.eu/esco/skill/a8797f21-1af0-4c5e-98ca-bf1442929363', 'http://data.europa.eu/esco/skill/d433c82e-fa7a-492e-a8fd-eee7b39e4c48', 'http://data.europa.eu/esco/skill/e76dd90d-91c4-49c0-bfd0-dfa2c4c90c81', 'http://data.europa.eu/esco/skill/ed1d8bd4-cd2a-4c64-b665-56d70651026c', 'http://data.europa.eu/esco/skill/f0de4973-0a70-4644-8fd4-3a97080476f4', 'http://data.europa.eu/esco/skill/f37d9f67-2e79-4958-8307-1ce9d6dcc8bd', 'http://data.europa.eu/esco/skill/f5308e60-d763-4ead-be95-88c96fb3e02b', 'http://data.europa.eu/esco/skill/f9b52e2d-56a7-48ca-b04d-2fc6436fcd4f', 'http://data.europa.eu/esco/skill/fd33c66c-70c4-40e6-b87c-5495bd3bf26e']","['http://data.europa.eu/esco/occupation/196a4c75-9591-436f-9677-67252df34c22', 'http://data.europa.eu/esco/occupation/72628f3a-fd49-499a-9741-870b0a1fcef2', 'http://data.europa.eu/esco/occupation/7843a4c6-a9f6-4095-94b9-45b384d4bd57', 'http://data.europa.eu/esco/occupation/836f0a96-7546-4003-9fc8-714fc79199d4', 'http://data.europa.eu/esco/occupation/8b6388a4-4904-471b-9331-d3b1211f5525', 'http://data.europa.eu/esco/occupation/cc867bee-ab5c-427f-9244-f7a204d9574b', 'http://data.europa.eu/esco/occupation/d515e82a-ca9f-4be4-9823-33694dff7304', 'http://data.europa.eu/esco/isco/C1330', 'http://data.europa.eu/esco/isco/C2519']"
541,"Senior Director, Smart Mfg. Foundations & Sustainment","Pfizer careers are like no other. In our culture of individual ownership, we believe in our ability to improve future healthcare, and potential to transform millions of lives. We’re looking for new talent to join our global community, to unearth new innovative therapies that make the world a healthier place.

Work with Principal Engineer of Global Supply to identify the latest technologies in AI Engineering.
Design, pilot, incubate, and work with product and solution teams to implement scalable AI solutions to improve manufacturing operations, processes, and product quality.
Ensure collaboration with IT and solution teams to effectively integrate AI technologies.
Work closely with AIDA (internal Digital team) to design and implement a robust data strategy that supports and enhances cross-functional efforts across Digital Manufacturing. Ensure all data management practices adhere to legal standards and organizational policies, maintaining data integrity and confidentiality.
Work closely with AIDA to oversee the management and integration of Master Data Management (MDM) systems to ensure data accuracy and usability and define the structures and strategies for data processing, quality control, and storage.
Work closely with AIDA to establish and maintain a framework that supports data accessibility and accountability across the organization and aligns with standards across the broader Digital organization.
Adopt the PGS scaled agile framework (SAFe) for manufacturing to streamline the application of agile practices throughout PGS, enhancing our ability to deliver PGS business value more efficiently and effectively.
Adhere to GMP guidelines and processes to reduce production risks and ensure our outputs align with PGS business requirements.
Work with stakeholders in broader Digital to develop and maintain an analytics framework to enhance decision-making and operational efficiency.
Work with stakeholders in broader Digital to establish and maintain governance frameworks to ensure data accuracy, consistency, and security, supporting the organization's strategic objectives and compliance requirements.
Work with solution teams to ensure seamless integration of analytics with existing manufacturing systems for real-time data processing
Manage the operational aspects of AI solutions in manufacturing to ensure reliability, efficiency, and sustainability.
Work with product and business teams to ensure implementation of best practices for AI operations to optimize performance and minimize downtime.


Bachelor’s degree in computer science, Engineering, or a related field.
Minimum of 15 years of experience in manufacturing operations, with at least 5 years in a leadership role.
Demonstrated expertise in AI/ML, analytics, cloud, and AR/VR technologies in a manufacturing context.
Proven leadership in sustainability and operational efficiency.
Proven experience with ML Ops, cloud computing, technical operations, and data integration.
Demonstrated ability to develop and execute strategic digital initiatives that integrate with and enhance core manufacturing processes.
Certifications in Project Management (e.g., PMP), Cloud Technologies (e.g., AWS Certified Solutions Architect), or related fields.
Expertise in implementing scalable machine learning solutions.
Strong analytical skills and the ability to solve complex technical problems.
Excellent communication and people skills.

The annual base salary for this position ranges from $191,300.00 to $318,800.00. In addition, this position is eligible for participation in Pfizer’s Global Performance Plan with a bonus target of 22.5% of the base salary and eligibility to participate in our share based long term incentive program. We offer comprehensive and generous benefits and programs to help our colleagues lead healthy lives and to support each of life’s moments.  Benefits offered include a 401(k) plan with Pfizer Matching Contributions and an additional Pfizer Retirement Savings Contribution, paid vacation, holiday and personal days, paid caregiver/parental and medical leave, and health benefits to include medical, prescription drug, dental and vision coverage. Learn more at Pfizer Candidate Site – U.S. Benefits | (uscandidates.mypfizerbenefits.com). Pfizer compensation structures and benefit packages are aligned based on the location of hire. The United States salary range provided does not apply to Tampa, FL or any location outside of the United States.
This role may require occasional travel to sites for team collaboration, stakeholder meetings, and on-site assessments.",Senior,Full-time,"Thessaloniki, Greece",EL,2024-09-06,kariera.gr,168298,,"['http://data.europa.eu/esco/skill/13f22eb5-e3a8-405a-9d89-c8124d4a239a', 'http://data.europa.eu/esco/skill/14832d87-2f2f-4895-b290-e4760ebae42a', 'http://data.europa.eu/esco/skill/1605025e-a179-421f-8f35-5b07d182a6b2', 'http://data.europa.eu/esco/skill/1dae8445-12e5-423a-bb26-824010e299b9', 'http://data.europa.eu/esco/skill/378caeec-10a0-4162-b75c-ab374a42e93d', 'http://data.europa.eu/esco/skill/538f8bc6-a5bf-422b-8112-5ad3fe9de9a0', 'http://data.europa.eu/esco/skill/726abd5a-d23c-44b9-abb0-f22bbe95f1d3', 'http://data.europa.eu/esco/skill/72731261-d7b0-4e6d-bbde-5c76c85934d0', 'http://data.europa.eu/esco/skill/852d758c-f222-4edc-99ad-31c9e3bd8079', 'http://data.europa.eu/esco/skill/99c4c69a-025c-464f-adda-874c7f107a31', 'http://data.europa.eu/esco/skill/9d0d89be-bffa-4393-b6f6-8d05bea49051', 'http://data.europa.eu/esco/skill/a6354281-5578-46ac-a9db-d179d9962b98', 'http://data.europa.eu/esco/skill/a89a94fb-c417-49b4-a9a9-9a22e0f12697', 'http://data.europa.eu/esco/skill/abdc7ac8-151f-40c6-bc1a-1e9b4b073290', 'http://data.europa.eu/esco/skill/bd14968e-e409-45af-b362-3495ed7b10e0', 'http://data.europa.eu/esco/skill/bf6c5ed4-84af-440f-abcc-7fa5ba19c738', 'http://data.europa.eu/esco/skill/c4b626c1-e71c-44ec-9f88-042766f37fcc', 'http://data.europa.eu/esco/skill/e2fea4d5-f1f4-4dea-89bb-43b1d07658af', 'http://data.europa.eu/esco/skill/e37d64dc-0f05-4ee8-b065-bf76f70d8f5c', 'http://data.europa.eu/esco/skill/f90d4810-8bac-4e5e-b870-3e35a4138ff7', 'http://data.europa.eu/esco/skill/f9670490-8aa4-4540-b121-d440a8294aab', 'http://data.europa.eu/esco/skill/f9738fc9-4d67-43e8-bfda-954123e34d42']","['http://data.europa.eu/esco/occupation/00030d09-2b3a-4efd-87cc-c4ea39d27c34', 'http://data.europa.eu/esco/occupation/0a5356bc-7f81-4e40-971d-c1dc789c5fb4', 'http://data.europa.eu/esco/occupation/2b48a4cd-2333-4abf-ac3e-6f63d6ed3663', 'http://data.europa.eu/esco/occupation/2cf2b905-3308-4b5d-8e8d-633fc7a3f3ce', 'http://data.europa.eu/esco/occupation/2fb96c6c-8d0b-4ef0-b1ee-3e493305e4eb', 'http://data.europa.eu/esco/occupation/3d190639-90f8-4402-b1b3-a104a17e0d67', 'http://data.europa.eu/esco/occupation/523ab5a0-5e72-418d-9d61-a6126a446123', 'http://data.europa.eu/esco/occupation/719f101d-1866-49d3-8d5c-2256f606a8b9', 'http://data.europa.eu/esco/occupation/bea99fea-0383-4c63-b944-70d4799de2c5', 'http://data.europa.eu/esco/occupation/e52b5707-7097-4dbc-ac61-054e917da241', 'http://data.europa.eu/esco/occupation/e9507d34-c70f-474f-a4a3-d2cbfe50f6e9', 'http://data.europa.eu/esco/isco/C214', 'http://data.europa.eu/esco/isco/C2262']"
546,Project Controls Engineer,"Company DescriptionArchirodon, having earned its reputation as a reliable and respected international contractor for more than a half century in the Engineering, Procurement and Construction (EPC) market, continues to create value to its stakeholders by executing complex EPC projects worldwide, in recognition of its superior standards of performance.  We have an outstanding record in completing major Energy, Marine, Infrastructure and Defense & Security projects around the globe and we pride ourselves on delivering over the years the kind of reliability and trust that the client has the right to expect from a major EPC contractor.Job DescriptionWe are constantly growing and are currently looking for a resourceful Project Controls Engineer to join a top qualified and knowledgeable Engineering Team in our Athens Office. Are you an adventurer? Do you wish to build a career within a leading contracting organization, working with different cultures and travelling around the world? We want to meet you!We have just moved to our new Office in Koropi! Archirodon keeps growing.Role summary:In this role, you will be contributing to the operational efficiency of the Project Controls department. You will assist in updating and reporting the project status and contribute to the team effort to meet the project's objectives in terms of scope, cost and time. What you will need to do: Drafts project-specific Project Controls Procedures as per contract requirementsInitiates, coordinates, and maintains Project List(s) of Deliverables including those for project procedures and plans, engineering, procurement, material submittals, method statements etc.Puts together procurement packages including quantities take-off, contract specifications and technical requirements, delivery schedule etc.Initiates and maintains Procurement Status RegisterPrepares and maintains Subcontractors RegisterAssists in drafting subcontract agreements and negotiating subcontract pricesAssists in subcontractors administration and related correspondences, measurements, payment certification, closing final account etc.Coordinates and maintains Engineering Deliverables Status RegisterPrepares a List of Project Materials along with the required quantities and maintains a continuous project materials reconciliationEnsures that project records and diaries are maintained including photos, list of daily activities, climate conditions, utilized and idle resources, productivities important events, verbal site instructions, etc.Monitors the Contract Scope of Work and any Variations theretoPrepares and maintains Variations and Claims RegistersCollects, maintains, and groups contemporary records necessary for assessment and substation of Variations and ClaimsPrepares Variation and Claim submissionsCollaborates with quantity surveyors in preparing and submitting monthly payment requestsAssists in preparing budget and current estimates and monitors any variancesParticipates in establishing project cost centers and allocates costs accordinglyParticipates in preparing Project internal-external reports and Close-Out Report and Lessons LearntWhat you will need to have: BSc degree in Electrical, Civil or any other related Engineering fieldMinimum one (1) year of working experience in project controls or cost controlsKnowledge of Microsoft Office, Primavera and/or Autocad are highly welcomedExcellent English command (Written and Oral)You are someone who:Holds strong analytical skills having a keen eye on details; you love numbers, and you see yourself mastering data across a wide range of analysis' requirements with accuracyCan be counted on to achieve goals; you demonstrate a fighting spirit and preservice in making things happenDisplays excellent interpersonal and communication skills and build rapport easilyIs keen to learn and professionally growIs proactive thinker; you think ahead and act before an issue becomes an actual problem to get things doneDisplays a team spirit; particularly in a multicultural environment collaborating smoothly and effectively What's in it for you: Competitive salary and benefits are part of the offering, yet the real joy comes from being a member of smart and passionate teams, within an international leading EPC Group on a mission that matters. We create mega construction projects - literally around the globe - with meaningful impact on the local communities for the years to come. At Archirodon, you will find a proud, productive and human-centric culture, caring for and building on our people and their development! Please note that you will be contacted only in case you are shortlisted for an interview. In the meantime, do not hesitate to stay in touch and keep monitoring our  open vacancies  and our  LinkedIn  page! Rest assured that your application will be treated with strict confidentiality and under all applicable data privacy regulations.",,Full-time,"Kropia, Greece",EL,2024-09-06,kariera.gr,157899,,"['http://data.europa.eu/esco/skill/21fecc8a-392e-49ce-ac26-fb0696ccfead', 'http://data.europa.eu/esco/skill/31b67516-af16-4b97-8430-a8a8e0f84190', 'http://data.europa.eu/esco/skill/3bc08c26-2f98-4730-bbb6-ec4a8566e3cf', 'http://data.europa.eu/esco/skill/54660948-b811-49a9-874c-bf2be5f280a2', 'http://data.europa.eu/esco/skill/576b305e-8c25-4546-8a69-87f975783114', 'http://data.europa.eu/esco/skill/a1f2e26f-b2ba-47dc-a0e8-8c53424a508d', 'http://data.europa.eu/esco/skill/a4346013-a967-4a58-a533-6b32ad1364c5', 'http://data.europa.eu/esco/skill/f17f94f1-88cb-4815-873a-2a9639f10729']","['http://data.europa.eu/esco/occupation/3dbd758c-6dc0-41fe-8248-2250c9bfa4ab', 'http://data.europa.eu/esco/occupation/6cd08cbe-7611-4d70-8886-6c59c0385442', 'http://data.europa.eu/esco/occupation/7843a4c6-a9f6-4095-94b9-45b384d4bd57', 'http://data.europa.eu/esco/occupation/cb4f98c8-6b8d-41d8-87eb-a2a2033a3a25', 'http://data.europa.eu/esco/isco/C214', 'http://data.europa.eu/esco/isco/C2151']"
547,Methods Engineer,"Company DescriptionArchirodon, having earned its reputation as a reliable and respected international contractor for more than a half century in the Engineering, Procurement and Construction (EPC) market, continues to create value to its stakeholders by executing complex EPC projects worldwide, in recognition of its superior standards of performance.  We have an outstanding record in completing major Energy, Marine, Infrastructure and Defense & Security projects around the globe and we pride ourselves on delivering over the years the kind of reliability and trust that the client has the right to expect from a major EPC contractor. We are constantly growing and are currently looking for an experienced Methods Engineer to join a top qualified and knowledgeable Technical Office Team for Marine and Infrastructure Projects in our Athens Office. Are you an adventurer? Do you wish to build a career within a leading contracting organization, working with different cultures and travelling around the world? We want to meet you!Job DescriptionYou will be involved in impactful mega international EPC projects, and you will have the opportunity to add value to our mission, learn from multidisciplinary teams and grow within a world class team.You will be part of the Marine & Infrastructure Division (MID) and support the Technical Offices and Construction teams across countries. We will count you on you for the design of temporary works, construction engineering, and technical documentation.What you will need to do:Assist in preparation of special materials/equipment RFQs and liaise with suppliers and subcontractors to ensure that comprehensive and consistent quotations are received (during tender and project phase).Technical Bid Evaluations through Archirodon's procurement control system (and optional Commercial) of MEP materials quotations and subcontractsSupport the Division Technical Manager, such as preparation of sequencing and Time Schedule using Primavera or other software (tender and project phase)Follow up of MEP progress for specific assigned projects, ensuring integration of Engineering, Procurement and ConstructionSupport Division Technical Office and Projects' Technical Offices in special MEP tasksPresence at site, as required but not exceeding the 30% of the working days, annually. Undertake the role of MEP manager for a short period (max 3 months) until the assignment of the project MEP managerAssist in production of cost estimates and assist estimators providing his/her technical expertise in order a comprehensive and techno commercially competitive proposal to be submitted (tender phase)Contribute in the preparation of MEP execution plan, mainly indicating the method, the procurement strategy and the logistics to be followed in a tender and projectliaise with the project MEP and TO manager for the preparation of the MEP constructability reviewsReviewing budgets prepared by the project teamsReview consultants' specifications and subcontractors' submittals for ER complianceParticipate in meetings and negotiations with Partners/Clients in the complete spectrum of a Proposal (technical, commercial, and contractual)-tender phase.Participate, as required in meetings with Partners/Clients during project executionParticipate in construction meetings with the MEP Manager, follow the project's progress, contribute to the solution of technical and construction issues and propose mitigation plans during the project executionQualificationsMinimum 5 years of experience within a construction contractor/industryBEng or equivalent in Electrical or Mechanical EngineeringMaster's degree would be considered a plusExcellent English command (written and verbal)Computer literacy, including use of MS Office (Word, Excel, PowerPoint), Primavera or Microsoft Project softwareKnowledge of any Project Management tool would be highly welcomedStrong interpersonal and communication skills (written and verbal)A team spirit and possesses international mindset, particularly in a multicultural environmentA ""can-do"" attitude, flexibility and hands on mentalityEagerness to learn and professionally developedYou are someone who:Holds strong analytical skills having a keen eye on details; you love numbers, and you see yourself mastering data across a wide range of analysis' requirements with accuracyDemonstrates a fighting spirit and preservice in making things happenDisplays excellent interpersonal and communication skills and build rapport easilyIs keen to learn and professionally growIs proactive thinker; you think ahead and act before an issue becomes an actual problem to get things doneDisplays a team spirit; particularly in a multicultural environment collaborating smoothly and effectivelyAdditional InformationWhat's in it for you:Competitive salary and benefits are part of the offering, yet the real joy comes from being a member of smart and passionate teams, within an international leading EPC Group on a mission that matters. We create mega construction projects - literally around the globe - with meaningful impact on the local communities for the years to come. At Archirodon, you will find a proud, productive and human-centric culture, caring for and building on our people and their development!",,Full-time,"Kropia, Greece",EL,2024-09-06,kariera.gr,157897,,"['http://data.europa.eu/esco/skill/2636b3d3-843e-46a9-8b4c-a9d6ca3f5a2d', 'http://data.europa.eu/esco/skill/29cd7e7b-215c-483a-b67a-6bdad0647de9', 'http://data.europa.eu/esco/skill/2c4b6914-4b97-4e35-85cb-e6602a8bb04a', 'http://data.europa.eu/esco/skill/3bc08c26-2f98-4730-bbb6-ec4a8566e3cf', 'http://data.europa.eu/esco/skill/71152876-b629-4a99-b9ea-0f25a0d07e4e', 'http://data.europa.eu/esco/skill/d15ce60f-ddab-41ce-ba56-398451b77b60', 'http://data.europa.eu/esco/skill/f14ff4b7-be1e-4b55-b39b-520005f8a97e', 'http://data.europa.eu/esco/skill/f683ae1d-cb7c-4aa1-b9fe-205e1bd23535']","['http://data.europa.eu/esco/occupation/07e60525-1aad-4099-aaf3-2c7014c92212', 'http://data.europa.eu/esco/occupation/2a914d26-42aa-46b5-acf3-097d51ba4617', 'http://data.europa.eu/esco/occupation/4588cd69-e6a5-4668-94c7-f02a3d86a649', 'http://data.europa.eu/esco/occupation/5fd2980e-22c4-4ace-a394-190c76f4f539', 'http://data.europa.eu/esco/occupation/6cd08cbe-7611-4d70-8886-6c59c0385442', 'http://data.europa.eu/esco/occupation/8cb59bc4-1f39-477e-beea-effed12d186c', 'http://data.europa.eu/esco/occupation/91f93dc4-1b71-4053-b6fb-c579ec19303a', 'http://data.europa.eu/esco/occupation/ba3bacd4-73e9-4861-a9c0-f89f1f28055a', 'http://data.europa.eu/esco/occupation/cb4f98c8-6b8d-41d8-87eb-a2a2033a3a25', 'http://data.europa.eu/esco/occupation/d5eb6150-bbff-4a9c-9d0c-21eab4dbe2b6']"
548,Senior Piping Engineer,"Company DescriptionArchirodon, having earned its reputation as a reliable and respected international contractor for more than a half century in the Engineering, Procurement and Construction (EPC) market, continues to create value to its stakeholders by executing complex EPC projects worldwide, in recognition of its superior standards of performance.  We have an outstanding record in completing major Energy, Marine, Infrastructure and Defense & Security projects around the globe and we pride ourselves on delivering over the years the kind of reliability and trust that the client has the right to expect from a major EPC contractor.Job DescriptionJob DescriptionWe are constantly growing and are currently looking for an experienced Senior Piping Engineer to join our Mechanical Engineering Discipline of our Engineering Department in Athens. Build towards excellence and join our worldwide journey!Role Summary: You will be working with a team of highly knowledgeable professionals, and you will undertake and perform accurately and confidently engineering, coordination and project team supporting tasks throughout the stages of international Oil and Gas, Power Plants, Energy, and Infrastructure Projects from tendering to startup and operation, leading effectively other team members under responsibility.What you will need to do:Ensures availability of drawings and information.Ensures availability of materials.Review Mechanical documents received by 3rd parties (Engineering Subcontractors / Vendors) and identify any problems/design issues.Participate in meetings with CLIENT/SUBCONTRACTOR/VENDOR related to Mechanical Discipline issuesPrepare key project documents (like Specifications, Mechanical Data Sheets, Material Requisitions, Technical Bid Evaluations, Mechanical Studies etc.)Provide input data and contribution to other disciplines to develop their own deliverables such as Piping Drawings, Plot Plans/Layouts etc.Perform technical bid evaluations for vendor offers and technical review of vendor drawings and documents.Work in accordance with the requirements of company IMS proceduresQualificationsWhat you will need to have:BE or equivalent in Mechanical Engineering, and MSc (preferably in an international English-speaking University).Minimum 5 years of relevant experience related to Oil & Gas, Power Plants, Industrial Projects, and detailed engineering experience in the field of expertise (Mechanical / Piping engineering).Technical competence in Mechanical engineering with strong technical background in static, rotating equipment and mechanical packages, pipe stress analysis and HVAC installations. Advanced analytical skills in basic and detailed engineering design from project feasibility stage to plant commissioning and start up is considered as an asset of the candidate.Previous exposure to international environment will be considered an advantage.Experience using relevant CAD and Mechanical commercial software applicable to Oil & Gas and Power Plants projects (like AUTOCAD, CAESAR II, PVElite, AMETank, HAP, THERMOFLOW etc.).In depth knowledge of international codes & standards, international design guidelines & recommendations (like ASME, API, NFPA, ASHRAE, etc.).Experience in Machinery Safety Regulations (local, international).Mobility is desirable to participate in working teams at Archirodon's project home offices throughout the countries that Archirodon executes its EPC projects.Excellent command (written and oral) of the English language.Additional InformationWhat's in it for you:Competitive salary and benefits are part of the offering, yet the real joy comes from being a member of smart and passionate teams, within an international leading EPC Group on a mission that matters. We create mega construction projects - literally around the globe - with meaningful impact on the local communities for the years to come. At Archirodon, you will find a proud, productive and human-centric culture, caring for and building on our people and their development!",,Full-time,"Kropia, Greece",EL,2024-09-06,kariera.gr,157896,,"['http://data.europa.eu/esco/skill/1f1d2ff8-c4c1-45cc-9812-6a7ee84a73cb', 'http://data.europa.eu/esco/skill/3bc08c26-2f98-4730-bbb6-ec4a8566e3cf', 'http://data.europa.eu/esco/skill/3d427a49-4f85-42cd-8a92-62d4a34f41a1', 'http://data.europa.eu/esco/skill/7c7d8588-5224-473c-bfe8-1fda049eeaaf', 'http://data.europa.eu/esco/skill/86065a19-7537-4bd5-b41c-7e0638d67b58', 'http://data.europa.eu/esco/skill/a2b5dcf3-5b6a-453d-876c-cff540c0faf1', 'http://data.europa.eu/esco/skill/fc4fcb4b-993f-4f2c-b158-c2171ec18ed8']","['http://data.europa.eu/esco/occupation/24677ef2-512c-4f4a-bc1c-14bf374e9f22', 'http://data.europa.eu/esco/occupation/42ff9e52-1f56-427d-b772-b9328c39b98a', 'http://data.europa.eu/esco/occupation/53a362a4-4c83-4ce2-837f-d1faba4cd247', 'http://data.europa.eu/esco/occupation/57ac359a-ae52-4aea-bc9c-93af7efa502e', 'http://data.europa.eu/esco/occupation/76abbb82-c103-4d7a-a4c0-14dba4d6199a', 'http://data.europa.eu/esco/occupation/79f435d0-9bc6-4d25-a26a-acbe16569ebb', 'http://data.europa.eu/esco/occupation/bea99fea-0383-4c63-b944-70d4799de2c5', 'http://data.europa.eu/esco/occupation/cb4f98c8-6b8d-41d8-87eb-a2a2033a3a25', 'http://data.europa.eu/esco/isco/C3118']"
550,Engineering Project Control,"Company DescriptionArchirodon, having earned its reputation as a reliable and respected international contractor for more than a half century in the Engineering, Procurement and Construction (EPC) market, continues to create value to its stakeholders by executing complex EPC projects worldwide, in recognition of its superior standards of performance. We have an outstanding record in completing major Energy, Marine, Infrastructure and Defense & Security projects around the globe and we pride ourselves on delivering over the years the kind of reliability and trust that the client has the right to expect from a major EPC contractor. We are constantly growing and are currently looking for an experienced Project Controls Engineer to join our top qualified and knowledgeable Engineering team, based in Athens Office.Are you ready to travel, be part of and learn from an international dynamic team? Are you a self-motivated Project Controls professional, looking for a new role to get passionate about? Would you like to be part of a dynamic EPC leader with global presence? We'd like to meet you!Job DescriptionRole summary:In this role, you will enhance the power and strength of the Engineering team, assisting in better organization and optimization of Engineering Department (ENG) operations by applying more efficient engineering controls (department and project wise) assuring better utilization on ENG resources and improving internal coordination and management of interfaces with other Company departments/Divisions as well as 3rd parties (engineering subcontractors, vendors etc.). What you will need to do: • Handle engineering support requests of Company departments and Divisions to ENG and liaise with ENG disciplines for budgeting and internal scheduling of relevant works • Follow-up the timely and proper submission of ENG timesheets and update the relevant list of open ENG projects/tenders and other tasks • Apply ENG internal procedures for reporting to ENG management of spent manhours, progress and indirect/direct cost, calculate and report KPIs.  • Collect discipline commitments and manhours estimation, including direct and indirect costs for the preparation of the ENG budget including those of engineering subcontractors/consultants • Coordinate with Company departments, 3rd parties (engineering subcontractors/consultants) and internally with ENG disciplines, as applicable, for the preparation of the engineering schedule and plans in accordance with Employer requirements and Project schedule • Perform cost (spent manhours, direct/indirect cots etc.) and change Request controls, identify cost/schedule overruns and proposing proper remedial actions • Collect data, apply progress measurement methods and compile engineering progress reports (weekly, monthly etc.), in accordance with Project requirements and Company's Integrated Management System (IMS) • Apply progress, schedule, cost control of engineering subcontractors/consultants and assist in the resolution of claims • Ensure that all activities are performed on time; determine the causes of any deviation so that any potential problems or delays are mitigated promptlyQualificationsWhat you will need to have: BSc degree in EngineeringMin. five (5) years of working experience in Engineering firms or EPC contractors; out of which three (3) years as a minimum in project/engineering controlsStrong skills in Microsoft Office, knowledge of Primavera and MS Project; knowledge of MS Access would be considered an asset.Knowledge of key Cost control, Budgeting, Pricing & Estimation concepts Experience in the oil and gas and overseas projects would be considered a major advantageFluency in English language; knowledge of French language will be considered an assetYou are someone who:Display good interpersonal and communication skills (written and oral) and build rapport easilyCan be counted on to achieve goals, demonstrating a fighting spirit and perseveranceAre keen to learn and grow professionallyAre flexible and eager to take initiativesDemonstrate sound Project Management SkillsDisplay a team spirit, particularly in a multicultural environmentAdditional InformationWhat's in it for you:Competitive salary and benefits are part of the offering, yet the real joy comes from being a member of smart and passionate teams, within an international leading EPC Group on a mission that matters. We create mega construction projects - literally around the globe - with meaningful impact on the local communities for the years to come. At Archirodon, you will find a proud, productive and human-centric culture, caring for and building on our people and their development!",,Full-time,"Kropia, Greece",EL,2024-09-06,kariera.gr,157894,,"['http://data.europa.eu/esco/skill/113b4428-0a31-4199-8496-070af7854b91', 'http://data.europa.eu/esco/skill/267b9417-9d05-4731-a877-bfb978fb50eb', 'http://data.europa.eu/esco/skill/3bc08c26-2f98-4730-bbb6-ec4a8566e3cf', 'http://data.europa.eu/esco/skill/7d092d81-d1e2-4c34-b3cb-c1c9f2e68b7d', 'http://data.europa.eu/esco/skill/abfdff24-e825-4ab5-9260-12b92363be83', 'http://data.europa.eu/esco/skill/d1317634-ccea-44d0-9cdc-c863f9bf856b', 'http://data.europa.eu/esco/skill/e747e77e-0ea1-4001-8b07-1d11946b5f1b']","['http://data.europa.eu/esco/occupation/1eb56b85-af25-43d4-9e35-73d8ee78e228', 'http://data.europa.eu/esco/occupation/6cd08cbe-7611-4d70-8886-6c59c0385442', 'http://data.europa.eu/esco/occupation/812c217d-32b7-4f6a-9faf-993d3577ac7f', 'http://data.europa.eu/esco/occupation/8bc48c43-d976-458a-9e3c-ee784572351d', 'http://data.europa.eu/esco/occupation/9e285322-2cfa-430f-9b66-41be57d698e2', 'http://data.europa.eu/esco/occupation/cb4f98c8-6b8d-41d8-87eb-a2a2033a3a25', 'http://data.europa.eu/esco/isco/C214']"
553,Junior Tendering Engineer,"Company DescriptionArchirodon, having earned its reputation as a reliable and respected international contractor for more than a half century in the Engineering, Procurement and Construction (EPC) market, continues to create value to its stakeholders by executing complex EPC projects worldwide, in recognition of its superior standards of performance.  We have an outstanding record in completing major Energy, Marine, Infrastructure and Defense & Security projects around the globe and we pride ourselves on delivering over the years the kind of reliability and trust that the client has the right to expect from a major EPC contractor.Job DescriptionWe are constantly growing and are currently looking for a resourceful Junior Tendering Engineer (Electrical) to join a top qualified and knowledgeable Tendering Team in our Athens Office. Are you ready to travel, be part of and learn from an international dynamic team? Are you a self-motivated Junior Tendering Engineer, looking for a new role to get passionate about? Would you like to be part of a dynamic EPC leader with global presence? We'd like to meet you!Build on something that matters!Role summary:As a member of the Tendering team, you will support the development of proposals and tenders for international projects. You will have the opportunity to accelerate knowledge and experience through exposure, and collaboration with high performing multidisciplinary teams.What you will need to do: Prepare material and subcontract enquiries and liaise with suppliers and subcontractors to ensure that comprehensive and consistent quotations are received.Produce cost estimates and assist estimators in timely completion of cost estimates as required.Coordinate with other departments in obtaining input for the discipline related sections of the estimate as required.Participate in meetings and negotiations with Partners/Clients in the complete spectrum of a Proposal (technical, commercial, and contractual)What you will need to have: BSc in Electrical Engineering; MSc in relevant areas will be highly welcomed.One (1) to three (3) years of work experience within a construction contractorStrong interpersonal and communication skills (written and oral)Commercial/ business thinkingExcellent English command (written and oral) of the English languageKnowledge of any project management tool is desirable.Computer literacy, including use of MS Office (Word, Excel, PowerPoint, Access)You are someone who:Has strong drive for results and solution-focused thinkingDisplays a team spirit and has effective communication skillsPossesses international mindsetDisplays a ""can-do"" attitude, is flexible and hands onIs keen to learn and professionally growWhat's in it for you: Competitive salary and benefits are part of the offering, yet the real joy comes from being a member of smart and passionate teams, within an international leading EPC Group on a mission that matters. We create mega construction projects - literally around the globe - with meaningful impact on the local communities for the years to come. At Archirodon, you will find a proud, productive and human-centric culture, caring for and building on our people and their development! Please note that you will be contacted only in case you are shortlisted for an interview. In the meantime, do not hesitate to stay in touch and keep monitoring our  open vacancies  and our  LinkedIn  page! Rest assured that your application will be treated with strict confidentiality and under all applicable data privacy regulations.",,Full-time,"Kropia, Greece",EL,2024-09-06,kariera.gr,157890,,"['http://data.europa.eu/esco/skill/0ee7b0d6-db98-4785-9948-f2ef415d155a', 'http://data.europa.eu/esco/skill/3bc08c26-2f98-4730-bbb6-ec4a8566e3cf', 'http://data.europa.eu/esco/skill/5df8434d-0b7f-4627-8b13-5fd4ad296a76', 'http://data.europa.eu/esco/skill/71152876-b629-4a99-b9ea-0f25a0d07e4e', 'http://data.europa.eu/esco/skill/a4346013-a967-4a58-a533-6b32ad1364c5', 'http://data.europa.eu/esco/skill/d15ce60f-ddab-41ce-ba56-398451b77b60', 'http://data.europa.eu/esco/skill/f14ff4b7-be1e-4b55-b39b-520005f8a97e', 'http://data.europa.eu/esco/skill/f683ae1d-cb7c-4aa1-b9fe-205e1bd23535', 'http://data.europa.eu/esco/skill/fc3cdc2c-7b79-4b5c-a4b0-f3b996fef849']","['http://data.europa.eu/esco/occupation/219d1c30-3849-4de3-b0d6-07da187b6521', 'http://data.europa.eu/esco/occupation/4588cd69-e6a5-4668-94c7-f02a3d86a649', 'http://data.europa.eu/esco/occupation/6cd08cbe-7611-4d70-8886-6c59c0385442', 'http://data.europa.eu/esco/occupation/7843a4c6-a9f6-4095-94b9-45b384d4bd57', 'http://data.europa.eu/esco/occupation/cb4f98c8-6b8d-41d8-87eb-a2a2033a3a25', 'http://data.europa.eu/esco/isco/C2151']"
555,Project Controls Engineer,"Company DescriptionArchirodon, having earned its reputation as a reliable and respected international contractor for more than a half century in the Engineering, Procurement and Construction (EPC) market, continues to create value to its stakeholders by executing complex EPC projects worldwide, in recognition of its superior standards of performance. We have an outstanding record in completing major Energy, Marine, Infrastructure and Defense & Security projects around the globe and we pride ourselves on delivering over the years the kind of reliability and trust that the client has the right to expect from a major EPC contractor.Job DescriptionWe are constantly growing and are currently looking for an experienced Project Controls Engineer to join our top qualified and knowledgeable Engineering team, based in Athens Office.Are you ready to travel, be part of and learn from an international dynamic team? Are you a self-motivated Project Controls professional, looking for a new role to get passionate about? Would you like to be part of a dynamic EPC leader with global presence? We'd like to meet you!Role summary:In this role, you will enhance the power and strength of the Engineering team, assisting in better organization and optimization of Engineering Department (ENG) operations by applying more efficient engineering controls (department and project wise) assuring better utilization on ENG resources and improving internal coordination and management of interfaces with other Company departments/Divisions as well as 3rd parties (engineering subcontractors, vendors etc.). Sounds exciting? Read on.What you will need to do: Handle engineering support requests of Company departments and Divisions to ENG and liaise with ENG disciplines for budgeting and internal scheduling of relevant worksFollow-up the timely and proper submission of ENG timesheets and update the relevant list of open ENG projects/tenders and other tasksApply ENG internal procedures for reporting to ENG management of spent manhours, progress and indirect/direct cost, calculate and report KPIs. Collect discipline commitments and manhours estimation, including direct and indirect costs for the preparation of the ENG budget including those of engineering subcontractors/consultantsCoordinate with Company departments, 3rd parties (engineering subcontractors/consultants) and internally with ENG disciplines, as applicable, for the preparation of the engineering schedule and plans in accordance with Employer requirements and Project schedulePerform cost (spent manhours, direct/indirect cots etc.) and change Request controls, identify cost/schedule overruns and proposing proper remedial actionsCollect data, apply progress measurement methods and compile engineering progress reports (weekly, monthly etc.), in accordance with Project requirements and Company's Integrated Management System (IMS)Apply progress, schedule, cost control of engineering subcontractors/consultants and assist in the resolution of claimsEnsure that all activities are performed on time; determine the causes of any deviation so that any potential problems or delays are mitigated promptlyQualificationsWhat you will need to have:BSc degree in EngineeringMin. seven (7) years of working experience in Engineering (or related); out of which two (2) years in project controlsStrong skills in Microsoft Office, knowledge of Primavera and MS Project; knowledge of MS Access would be considered an asset.Knowledge of key Cost control, Budgeting, Pricing & Estimation concepts Experience in the oil and gas and overseas projects would be considered a major advantageFluency in English language; knowledge of French language will be considered an assetYou are someone who:Display good interpersonal and communication skills (written and oral) and build rapport easilyCan be counted on to achieve goals, demonstrating a fighting spirit and perseveranceAre keen to learn and grow professionally Are flexible and eager to take initiativesDemonstrate sound Project Management SkillsDisplay a team spirit, particularly in a multicultural environmentAdditional InformationWhat's in it for you:Competitive salary and benefits are part of the offering, yet the real joy comes from being a member of smart and passionate teams, within an international leading EPC Group on a mission that matters. We create mega construction projects - literally around the globe - with meaningful impact on the local communities for the years to come. At Archirodon, you will find a proud, productive, and human-centric culture, caring for and building on our people and their development! Please note that you will be contacted only in case you are shortlisted for an interview. In the meantime, do not hesitate to stay in touch and keep monitoring our  open vacancies  and our  LinkedIn  page! Rest assured that your application will be treated with strict confidentiality and under all applicable data privacy regulations.",,Full-time,"Kropia, Greece",EL,2024-09-06,kariera.gr,157888,,"['http://data.europa.eu/esco/skill/113b4428-0a31-4199-8496-070af7854b91', 'http://data.europa.eu/esco/skill/267b9417-9d05-4731-a877-bfb978fb50eb', 'http://data.europa.eu/esco/skill/3bc08c26-2f98-4730-bbb6-ec4a8566e3cf', 'http://data.europa.eu/esco/skill/7d092d81-d1e2-4c34-b3cb-c1c9f2e68b7d', 'http://data.europa.eu/esco/skill/a4346013-a967-4a58-a533-6b32ad1364c5', 'http://data.europa.eu/esco/skill/abfdff24-e825-4ab5-9260-12b92363be83', 'http://data.europa.eu/esco/skill/d1317634-ccea-44d0-9cdc-c863f9bf856b', 'http://data.europa.eu/esco/skill/e747e77e-0ea1-4001-8b07-1d11946b5f1b']","['http://data.europa.eu/esco/occupation/1eb56b85-af25-43d4-9e35-73d8ee78e228', 'http://data.europa.eu/esco/occupation/6cd08cbe-7611-4d70-8886-6c59c0385442', 'http://data.europa.eu/esco/occupation/7843a4c6-a9f6-4095-94b9-45b384d4bd57', 'http://data.europa.eu/esco/occupation/812c217d-32b7-4f6a-9faf-993d3577ac7f', 'http://data.europa.eu/esco/occupation/8bc48c43-d976-458a-9e3c-ee784572351d', 'http://data.europa.eu/esco/occupation/9e285322-2cfa-430f-9b66-41be57d698e2', 'http://data.europa.eu/esco/occupation/cb4f98c8-6b8d-41d8-87eb-a2a2033a3a25', 'http://data.europa.eu/esco/isco/C214']"
560,Procurement Engineer - Electrical,"Company DescriptionArchirodon, having earned its reputation as a reliable and respected international contractor for more than a half century in the Engineering, Procurement and Construction (EPC) market, continues to create value to its stakeholders by executing complex EPC projects worldwide, in recognition of its superior standards of performance.We have an outstanding record in completing major Energy, Marine, Infrastructure and Defense & Security projects around the globe and we pride ourselves on delivering over the years the kind of reliability and trust that the client has the right to expect from a major EPC contractor.Job DescriptionWe are currently looking for a Procurement Engineer who will be based Athens corporate office and will be working under the direction of a Procurement Manager.For assigned packages, source and propose the Bidders from registered Client and Company approved vendor list and based on approved Procurement strategyEnsure that all Supplier Pre-Assessment is done in compliance with the procedure to improve the performance of company/project in Supplier selection.Coordinate with all relevant in-house departments to ensure all requirements are included in the bidding documents and prepare/issue the Invitation to Bid (ITB) to the suppliers of the Bidders lists.Coordinate closely with Project or Tendering department to provide regular updates for the progress of the packages assigned (ITB, Quotation receipt, etc)Maintain the Project or Tender Procurement Plan up to date.Have a close interface with the technical responsible and lead all technical / commercial / contractual clarifications with the suppliers.Perform commercial and contractual analysis, schedule evaluation of bids and incorporate technical evaluation from Engineering/Tendering.Finalize the Comparison Statement (CS) of the quotations and make recommendations only for technically acceptable solutions.QualificationsBSc Engineering University degree in one of the relevant fields (Electrical / Instrumentation) Motivation to learn and grow in Archirodon in the Procurement DeptGood communication, co-operation and analytical skills3-4 years working experience and one experience as Procurement Engineer/Site Engineer/Tender Engineer.Adequate knowledge of commercial aspects and instruments.Able to handle multiple tasks with minimum supervision and very short deadlineFluency in the English language (oral and written).Enjoys challenge, working with different cultures and travelling.Additional InformationCompetitive salary and benefits are part of the offering, yet the real joy comes from being a member of smart and passionate teams, within an international leading EPC Group on a mission that matters. We create mega construction projects - literally around the globe - with meaningful impact on the local communities for the years to come. At Archirodon, you will find a proud, productive and human-centric culture, caring for and building on our people and their development!Please note that you will be contacted only in case you are shortlisted for an interview. In the meantime, do not hesitate to stay in touch and keep monitoring our open vacancies and our LinkedIn page! Rest assured that your application will be treated with strict confidentiality and under all applicable data privacy regulations.",,Full-time,"Kropia, Greece",EL,2024-09-06,kariera.gr,157882,,"['http://data.europa.eu/esco/skill/11747665-0e98-4f27-bd0d-536862cd5746', 'http://data.europa.eu/esco/skill/29d4aaba-99f9-4733-bd74-ad558f2ae3a7', 'http://data.europa.eu/esco/skill/31599ac3-e03c-42f8-8f08-b549af8234f2', 'http://data.europa.eu/esco/skill/3bc08c26-2f98-4730-bbb6-ec4a8566e3cf', 'http://data.europa.eu/esco/skill/a4346013-a967-4a58-a533-6b32ad1364c5']","['http://data.europa.eu/esco/occupation/7843a4c6-a9f6-4095-94b9-45b384d4bd57', 'http://data.europa.eu/esco/occupation/91f93dc4-1b71-4053-b6fb-c579ec19303a', 'http://data.europa.eu/esco/occupation/b558a934-9308-48fc-b03b-bea8e23ab085', 'http://data.europa.eu/esco/occupation/cb4f98c8-6b8d-41d8-87eb-a2a2033a3a25']"
561,Procurement Engineer - Category,"Company DescriptionArchirodon, having earned its reputation as a reliable and respected international contractor for more than a half century in the Engineering, Procurement and Construction (EPC) market, continues to create value to its stakeholders by executing complex EPC projects worldwide, in recognition of its superior standards of performance.We have an outstanding record in completing major Energy, Marine, Infrastructure and Defense & Security projects around the globe and we pride ourselves on delivering over the years the kind of reliability and trust that the client has the right to expect from a major EPC contractor.Job DescriptionThe Procurement Engineer (Category) will be responsible for developing and implementing strategies for Categories assigned in cooperation with the Category Manager.The Procurement Engineer is assigned at corporate level and is working under the direction of the Procurement Category Manager.Responsible for collecting and analysing data to determine trends and report results within a specific Category or Categories.Coordinate closely with the Category Manager and Technical Expert and other internal stakeholders.Periodically re-assess the action plan set to achieve the objectives planned for the specific Categories.Support PRC Department at site or corporate level when required after PRC management approvalAdhere to procurement guidelines and work in full compliance with approved procedures, using available APICS Procurement tools and in accordance with Archirodon IMS System.Perform rigorous analysis of internal company data and external market researched data, while working with the Procurement Category Manager and the Technical Experts to jointly develop strategies containing objectives, savings hypotheses and other specific targets.Harmoniously cooperate with other internal stakeholders for collection of data and exchange of information.For an assigned Category/Categories, source and propose appropriate bidders from the company's vendor list and source and propose appropriate bidders from external research as per the planned strategy. Perform bidder assessments in compliance with the company procedures.Execute the full procurement cycle for market engagement of the shortlisted category bidders: produce forecasts of potential future spends, prepare Invitations to Bid and float them to the selected bidders, perform bid reviews and carry out clarifications to minimize risks, perform comparison statements, apply appropriate criteria for scoring of bid packages.Prepare the proposed Category Strategy Recommendations for Management approval including the internal Change Management Plans and Work Instructions for implementation of the Category within the existing company environment and other relevant documentation. Carry out negotiations with awarded suppliers and work on the Frame Agreements in cooperation with the relevant internal departments.Roll out the frame agreement within the company environment, perform troubleshooting and apply the planned monitoring schemes.Produce Key Performance Indicators to allow continuous monitoring and assessment of the procurement strategy defined. Apply adjustments.Coordinate with the Regional / Divisions Procurement teams and Projects/Sites Teams to ensure proper communication and implementation of plans.Perform regular meetings with the supplier(s), maintain an objective stance between the supplier and the company while facilitating the implementation of the frame agreement to the advantage of the company.Report on a bi-weekly basis or as agreed with the Category Manager.Keep written records as agreed with the Category Manager.QualificationsBSC Engineering University Degree in a relevant field (Civil / Mechanical)Excellent knowledge of MS Office (Word, PowerPoint, Excel including pivot tables)Good analytical skills: data analysis, identification and presentation of trends and results, and preparation of strategiesFluency in the English language (oral and written)Very good communication and cooperation skillsGood knowledge of ERP softwareMinimum 4 years' experience as Procurement Engineer / Project Controls Engineer / Tender Engineer / Site EngineerPrevious experience in the Construction Industry. Previous experience in the Oil & Gas sector is an asset.Proven experience in a relevant field (Civil/Mechanical)Additional InformationWhat's in it for you:Competitive salary and benefits are part of the offering, yet the real joy comes from being a member of smart and passionate teams, within an international leading EPC Group on a mission that matters. We create mega construction projects - literally around the globe - with meaningful impact on the local communities for the years to come. At Archirodon, you will find a proud, productive and human-centric culture, caring for and building on our people and their development! Please note that you will be contacted only in case you are shortlisted for an interview. In the meantime, do not hesitate to stay in touch and keep monitoring our  open vacancies  and our  LinkedIn  page! Rest assured that your application will be treated with strict confidentiality and under all applicable data privacy regulations.",,Full-time,"Kropia, Greece",EL,2024-09-06,kariera.gr,157881,,"['http://data.europa.eu/esco/skill/1af2db15-2af9-44dd-9639-bf1fc69d4c34', 'http://data.europa.eu/esco/skill/29cd7e7b-215c-483a-b67a-6bdad0647de9', 'http://data.europa.eu/esco/skill/3bc08c26-2f98-4730-bbb6-ec4a8566e3cf', 'http://data.europa.eu/esco/skill/3cd35f5d-ce6d-4f14-9a09-53d7a28d834c', 'http://data.europa.eu/esco/skill/5f2efbdf-08a2-49cd-9c06-bd284e4f0fbf', 'http://data.europa.eu/esco/skill/a4346013-a967-4a58-a533-6b32ad1364c5', 'http://data.europa.eu/esco/skill/a80fb090-63f4-4b05-83a5-2f090deb7757', 'http://data.europa.eu/esco/skill/c69587b4-05d3-45bb-b79b-9b85e6603fc2', 'http://data.europa.eu/esco/skill/f414dc08-35bd-4bc7-846d-88a3844d057c']","['http://data.europa.eu/esco/occupation/0561328b-875b-4ae2-9ba1-9af9049aef01', 'http://data.europa.eu/esco/occupation/7843a4c6-a9f6-4095-94b9-45b384d4bd57', 'http://data.europa.eu/esco/occupation/8cb59bc4-1f39-477e-beea-effed12d186c', 'http://data.europa.eu/esco/occupation/91f93dc4-1b71-4053-b6fb-c579ec19303a', 'http://data.europa.eu/esco/occupation/cb4f98c8-6b8d-41d8-87eb-a2a2033a3a25']"
571,Cloud Security Engineer,"Company DescriptionWe are Netcompany-Intrasoft, a member of Netcompany Group A/S, and a leading European IT Solutions and Services company with strong international presence and expertise, dedicated to responsible digitalisation. We offer innovative and added-value solutions of the highest quality to a wide range of public and private organizations, while being a key-player in the EU Institutions for the past 30 years. We hold an outstanding record of 500+ organizations in 70+ countries, that have chosen our solutions and services, to fulfil their business needs. Our team of 3500+ professionals is our driving force and our most valuable asset.Job DescriptionEver wondered what it feels like to be a Cloud Security Engineer in Netcompany-Intrasoft?Joining us as a Cloud Security Engineer, you will be a part of the vibrant team of our highly skilled Cybersecurity Technology Department of the Information Security organization. Your everyday life will mainly consist of designing and implementing Cloud Security Solutions:As a Cloud Security Engineer you will:Design, implement, and maintain cloud security solutions to protect against unauthorized access, data breaches, and other security threats.Collaborate with development and operations teams to integrate security measures into the development and deployment processes.Conduct threat modeling exercises to identify potential security risks and vulnerabilities in cloud architectures, applications, and services, and work with stakeholders to develop mitigation strategies.Develop and maintain documentation, policies, and procedures related to cloud security controls, configurations, and incident response protocols.Stay current on emerging threats, vulnerabilities, and security technologies relevant to cloud computing, and make recommendations for enhancements to security posture.Stay updated with industry trends and emerging technologies relevant to Cloud Security.The option to be engaged in mid-term missions abroad at EU institutes, mainly in the Benelux region.QualificationsWhat would make you a fit for the role:University degree in Computer Engineering or another relevant fieldAt least 2 years of relevant experience in delivering Cloud services with focus on securing Azure environments.Solid understanding of diverse cloud computing technologies, encompassing Infrastructure as a Service (IaaS), Platform as a Service (PaaS), and Software as a Service (SaaS)Experience with cloud security in Microsoft Azure, showcasing proficiency in safeguarding cloud-based environments.Strong methodical mindset and problem-solving acumen, facilitating the identification and resolution of cloud security challenges.Comprehensive knowledge of fortifying cloud-hosted data and applications against a spectrum of threats.Excellent communication skills, with the ability to effectively communicate complex technical concepts to both technical and non-technical stakeholders.Excellent command of the English language (verbal and written) It would also be a plus if you match some of the following:Master's degree in information securityRelevant Microsoft Azure credentials and Microsoft Security credentials will be considered a plus.Additional InformationBeing a part of the Netcompany-Ιntrasoft team, you will be provided with: The opportunity to work in a modern environment & in a hybrid working modelA seamless onboarding experience and a buddy to support you on your first stepsA competitive compensation & benefits packageHealth and life insurance programMeal and commuting allowanceWell-being activities (on premises)Continuous learning opportunities using the most modern methods (unlimited access to Udemy for Business, ad-hoc trainings)A personalized development plan for targeted career growthIf you are looking forward to be part of a diverse environment, and have the opportunity to work alongside well-experienced professionals, on challenging, large-scale projects that directly impact millions of citizens around the globe, then this is the place to be!#LI-TM1Our cultureOur people are the most important element of our success. Our work life is well defined by our set of fundamental Values: https://bit.ly/3SSbBzU  #BePartOfSomethingGreat!*Please submit your CV in EnglishAll applications will be treated as strictly confidential.",,Full-time,"Athens, Greece",EL,2024-09-06,kariera.gr,150751,,"['http://data.europa.eu/esco/skill/1d86f05e-e9cc-40ce-99d8-2b21cc71b16b', 'http://data.europa.eu/esco/skill/23ac233d-84ad-4517-b0f5-8ca19ba2614e', 'http://data.europa.eu/esco/skill/385479b7-5da5-4367-9763-0d15b41bb65b', 'http://data.europa.eu/esco/skill/7f27f1ff-2e17-4b69-990e-c23334478313', 'http://data.europa.eu/esco/skill/8f6ed69b-29d0-4c01-81ba-f05920a185f3', 'http://data.europa.eu/esco/skill/ac802765-4098-4466-ac1e-4791f192c667', 'http://data.europa.eu/esco/skill/bd14968e-e409-45af-b362-3495ed7b10e0', 'http://data.europa.eu/esco/skill/c13fb093-5ffb-491a-b8b7-fa2d42a57e2e', 'http://data.europa.eu/esco/skill/f75b740c-b36c-495e-bc67-efe347bbc6b5', 'http://data.europa.eu/esco/skill/f9738fc9-4d67-43e8-bfda-954123e34d42']","['http://data.europa.eu/esco/occupation/2fb96c6c-8d0b-4ef0-b1ee-3e493305e4eb', 'http://data.europa.eu/esco/occupation/349ee6f6-c295-4c38-9b98-48765b55280e', 'http://data.europa.eu/esco/occupation/719f101d-1866-49d3-8d5c-2256f606a8b9', 'http://data.europa.eu/esco/occupation/7754d570-9519-48c2-b1c9-8e165f8bca0f', 'http://data.europa.eu/esco/occupation/8cb59bc4-1f39-477e-beea-effed12d186c', 'http://data.europa.eu/esco/occupation/caf7b8fb-b2d6-46b7-bffa-bea7f8e4aed8', 'http://data.europa.eu/esco/occupation/e9507d34-c70f-474f-a4a3-d2cbfe50f6e9']"
618,Maintenance Engineer,"The only factory with vertically integrated production in Greece, 3i S.A. (ISOPIPE S.A.), specializing in synthetic rubber, insulation, in state-of-the-art facilities, with a total area of ​​60,000 m² and building facilities of 30,000 m², in Ritsona, with a workforce of 150 people.
In the context of dynamic development and to support its needs, the Company wishes to staff
Maintenance Engineer
Responsibilities: 

It immediately repairs technical faults if they occur during the production process
Maintains and schedules repairs of machines/production lines, with the goal of optimal operation of the equipment during the production process
Undertakes the preventive and corrective maintenance of the machines, in order to ensure the quality of the produced product and proposes solutions
Participates in installation and connection of new production machines
Implements the maintenance program, following safety procedures
Compiles and reviews maintenance/machinery process reports

We are looking for candidates who have:

Previous experience in an industrial unit is required
Professional experience of at least 2 years or more
A.E.I. degree or T.E.I. Engineer
Good knowledge of the English language
Administrative and organizational skills
Team spirit
Commitment to achieving goals and efficiency
Consistency, accountability, confidentiality and integrity
Ability to work under pressure
Ability to identify and solve problems
Ability to work in shifts

We offer:

Meal, feeding program by an expert, certified catering company
Transportation to and from the factory
Private security
Attractive salary package
Training and development prospects in a modern, pleasant and dynamic work environment
Ongoing support and development

Interested parties are requested to send a CV by selecting ""Apply now"" or send it to the email hr@tzanos.gr with Maintenance Engineer in the Subject or contact us at 2262089800. 
Your application will be treated in strict confidence and confidentiality, in accordance with all applicable regulations regarding personal data.",Mid-level,Full-time,"Schimatari, Greece",EL,2024-09-06,kariera.gr,168236,,"['http://data.europa.eu/esco/skill/113b4428-0a31-4199-8496-070af7854b91', 'http://data.europa.eu/esco/skill/68aefa78-9a8c-4d5f-879a-abcfe1cd464f', 'http://data.europa.eu/esco/skill/798d427e-51b3-4cd4-8b24-1357015e9ae7', 'http://data.europa.eu/esco/skill/80e7418e-7434-456c-85e1-e8aef626a8c0', 'http://data.europa.eu/esco/skill/9aabb257-530a-4a38-83c8-35ca52caa954', 'http://data.europa.eu/esco/skill/adc6dc11-3376-467b-96c5-9b0a21edc869', 'http://data.europa.eu/esco/skill/c5bc42be-4970-4dce-80e2-af78bae42e84', 'http://data.europa.eu/esco/skill/ca8c5849-2655-44b3-b2fa-c4c0e2a04aeb', 'http://data.europa.eu/esco/skill/e37d64dc-0f05-4ee8-b065-bf76f70d8f5c']","['http://data.europa.eu/esco/occupation/11e6d39e-1295-40e7-8eea-3eb042bc7e34', 'http://data.europa.eu/esco/occupation/1b4e795d-6e49-4b7b-bb34-585edfd6eb18', 'http://data.europa.eu/esco/occupation/35fbb8cd-c044-49a1-850c-010481c99b4a', 'http://data.europa.eu/esco/occupation/615920c5-4f63-4eb3-8b60-afaaed3ab1ff', 'http://data.europa.eu/esco/occupation/869e3a85-6e4c-4e3c-b14f-a8399c1abd2d', 'http://data.europa.eu/esco/occupation/ab360abd-32e2-4e03-967d-a10758efffa7', 'http://data.europa.eu/esco/occupation/b4e26d7f-475e-4ada-b287-d669de03fb21', 'http://data.europa.eu/esco/isco/C1321']"
638,Associate Technical Support Engineer (DBA),"We are seeking an enthusiastic Associate Technical Support Engineer (DBA) to help maintain smooth database operations for our clients. In this role, you will assist with troubleshooting, installations, upgrades, and providing essential database services, ensuring seamless data flow and accessibility for end-users.
 
Responsibilities:

Assist in troubleshooting basic database issues.
Communicate with customers to understand the technical problem they are facing.
Use remote access to connect to customer systems and help resolve issues.
Support the installation, implementation, and upgrades of DBMS systems.
Help ensure databases are protected against data loss by following procedures and policies.
Contribute to reporting on database usage and performance.

 
Skills & Knowledge:

Bachelor's Degree in Computer Science, Information Technology, or a related field.
Basic understanding of the ITIL framework.
0-3 years of technical support experience.
Familiarity with SQL.
Basic knowledge of databases, particularly SQL Server or SAP Sybase ASE (certification is a plus).
Awareness of middleware technologies (e.g., IIS, Tomcat).
Ability to work effectively under pressure.
Fluency in both Greek and English languages.

 
Benefits:
As an equal opportunity employer, we celebrate diversity and are committed to creating an inclusive environment for all employees.
Our company is people - centric and offers personalized benefits to each employee:

We want you to be well compensated for what you bring in, so we offer an attractive salary package
Your health matters to us, so all colleagues have a private health insurance plan from day one
DBA's fuel is coffee, and the supply source is in our kitchen!
We are excited for challenges, so you are invited to take part in exciting projects
We never stop learning and evolving! You will have your own mentor and training program to help you develop in a company with unlimited possibilities and you will join our training sessions and online courses that we provide
We love the Relational vibes so we gather on smaller and bigger occasions to celebrate good times together!

Relational Financial Solutions adheres to the General Data Protection Regulation principles by applying its Privacy Policy as published in https://www.relationalfs.com/legal-information/pri.... By submitting an application to this position and by sharing your personal data with Relational Financial Solutions you acknowledge and accept its Policy and authorise Relational Financial Solutions to process your personal data for the purposes of the company's recruitment opportunities, in line to the Policy.",Entry / Junior,Full-time,"Athens, Greece",EL,2024-09-06,kariera.gr,168198,,"['http://data.europa.eu/esco/skill/14832d87-2f2f-4895-b290-e4760ebae42a', 'http://data.europa.eu/esco/skill/3d957fb2-b8f4-4b4c-b955-23299c761ad5', 'http://data.europa.eu/esco/skill/43ae58b9-5e56-4524-b45a-b422777a0576', 'http://data.europa.eu/esco/skill/46e93774-7c6a-4dc5-bae9-be97cc461093', 'http://data.europa.eu/esco/skill/7935deb6-0bed-4e38-985e-1f83b8e16940', 'http://data.europa.eu/esco/skill/a4346013-a967-4a58-a533-6b32ad1364c5', 'http://data.europa.eu/esco/skill/ab1e97ed-2319-4293-a8b7-072d2648822f', 'http://data.europa.eu/esco/skill/ab67fbfb-0ca7-4345-8bf6-af8f59480212', 'http://data.europa.eu/esco/skill/c062bab3-3ea0-4291-9220-a2d8fef4bead', 'http://data.europa.eu/esco/skill/ebff1a39-7261-49cd-9cb2-88f565e8dc26', 'http://data.europa.eu/esco/skill/f75b740c-b36c-495e-bc67-efe347bbc6b5']","['http://data.europa.eu/esco/occupation/0ba06640-e0ac-4911-9e43-289a8e41651e', 'http://data.europa.eu/esco/occupation/a6517365-211c-456d-aca4-1a0115c7b1e1', 'http://data.europa.eu/esco/occupation/caf7b8fb-b2d6-46b7-bffa-bea7f8e4aed8', 'http://data.europa.eu/esco/isco/C3']"
716,Junior Java Developer / DevOps Engineer (Remote/Thessaloniki),"Description
Are you a Junior Java Developer or DevOps Engineer looking for a dynamic role in a growing development team? Join us in Thessaloniki or work fully remotely, and become part of our innovative team implementing cutting-edge IT software projects for major international public organizations.
Main Responsibilities and Tasks:

Participate in the design and development of large scale web-based and mobile applications using state-of-the-art techniques and technologies;
Maintain and develop DevOps tools and services such as CI/CD pipelines and automated processes;
Participate and contribute in the process of defining the software architecture;
Work in a multi-national environment.

Requirements

Bachelor’s degree in Electrical Engineering, Computer Science, or Software Engineering.
Enthusiasm for programming and knowledge of Java;
Strong analytical capabilities, team- and quality-oriented, keen to learn and excel;
Fluency in verbal and written English.

Additional qualification

Experience in any of the following technologies will be highly appreciated: Java, Javascript, Frontend JS frameworks (e.g. Angular), Databases and SQL, REST, Linux, microservices, SpringBoot or Quarkus, Jenkins, Docker.

Benefits
We offer a competitive remuneration based on qualifications and experience, including:

Competitive full-time salary;
Private Health Coverage on the Company’s group program;
Flexible working hours, top - of - the Line tools, language courses, specialized trainings;
A great opportunity to grow and work with innovative and exciting specialists in the industry;
Being part of an environment that offers challenging goals, autonomy and mentoring, which creates development opportunities, both for you and the company.

If you are seeking a career in an exciting, dynamic and multicultural international environment with exciting opportunities that will boost your career, please send us your detailed CV in English, quoting reference: (JJD_D/09/24).
You may also consider all our other open vacancies by visiting the career section of our website (www.eurodyn.com) and follow us on Twitter (@EURODYN_Careers) and LinkedIn.
EUROPEAN DYNAMICS (ED) (www.eurodyn.com) is a leading European Software, Information and Communication Technologies company, operating internationally (Athens, Brussels, Luxembourg, Copenhagen, Berlin, Stockholm, London, Nicosia, Valetta, Vienna, Den Haag, Hong Kong, etc.) The company employs over 1000 engineers, IT experts and consultants (around 3% PhD, 36% MSc and 53% BSc). We design and develop software applications using integrated, state-of-the-art technology. Our current IT projects have a value exceeding 300 million EURO. EUROPEAN DYNAMICS is a renowned supplier of IT services to European Union Institutions, international organizations, European Agencies and national government Administrations in 40 countries and 4 continents.
As part of our dedication to the diversity of our workforce, we are committed to Equal Employment Opportunity without regard for race, colour, national origin, ethnicity, gender, disability, sexual orientation, gender identity, or religion.
EUROPEAN DYNAMICS (ED) adheres to the General Data Protection Regulation principles by applying its Privacy Policy as published in www.eurodyn.com/privacy. By submitting an application to this position and by sharing your personal data with ED, you acknowledge and accept its Policy and authorise ED to process your personal data for the purposes of the company's recruitment opportunities, in line to the Policy.",Entry / Junior,Full-time,"Thessaloniki, Greece",EL,2024-09-06,kariera.gr,168131,,"['http://data.europa.eu/esco/skill/19a8293b-8e95-4de3-983f-77484079c389', 'http://data.europa.eu/esco/skill/21d2f96d-35f7-4e3f-9745-c533d2dd6e97', 'http://data.europa.eu/esco/skill/2b1ce548-4e16-45fb-bfb2-f3141c8efe8d', 'http://data.europa.eu/esco/skill/3993c87c-7719-4186-811b-8ddfb40e76be', 'http://data.europa.eu/esco/skill/43ae58b9-5e56-4524-b45a-b422777a0576', 'http://data.europa.eu/esco/skill/598de5b0-5b58-4ea7-8058-a4bc4d18c742', 'http://data.europa.eu/esco/skill/5b26f08b-88bc-45f0-b901-530d7786466b', 'http://data.europa.eu/esco/skill/96eb286a-58b7-45ff-a916-5578d0b79b8c', 'http://data.europa.eu/esco/skill/a8797f21-1af0-4c5e-98ca-bf1442929363', 'http://data.europa.eu/esco/skill/d3e9b00a-0891-4fa8-836d-8240ec3d2758', 'http://data.europa.eu/esco/skill/e24377fb-020b-4430-8bed-86dd539bbf3a', 'http://data.europa.eu/esco/skill/f0de4973-0a70-4644-8fd4-3a97080476f4', 'http://data.europa.eu/esco/skill/f47a1998-0beb-43be-9f46-380aa4d183da', 'http://data.europa.eu/esco/skill/f7e2eb04-3e50-4561-bce1-7e51a1fec308', 'http://data.europa.eu/esco/skill/fcc0a1c8-d36e-4f8e-b928-00d5bca10a47']","['http://data.europa.eu/esco/occupation/3d190639-90f8-4402-b1b3-a104a17e0d67', 'http://data.europa.eu/esco/occupation/57af9090-55b4-4911-b2d0-86db01c00b02', 'http://data.europa.eu/esco/occupation/86ca306c-ab99-420a-9e2a-aa73c5c4de22', 'http://data.europa.eu/esco/occupation/cc867bee-ab5c-427f-9244-f7a204d9574b', 'http://data.europa.eu/esco/occupation/d0aa0792-4345-474b-9365-686cf4869d2e', 'http://data.europa.eu/esco/occupation/d1b1dfdf-7d60-430a-b569-7dd71b2ebeaa']"
774,Process Engineer,"GR. SARANTIS S.A. is one of the leading Companies in the Fast-Moving Consumer Goods sectors with leading brands such as SANITAS, NOXZEMA, BIOTEN, CARROTEN, LANES, AVA, STR8, ORZENE, TUBOFLO, WASH&GO, BIO-OIL, CLINEA, etc.,
Our Production Operations Cosmetics Department is growing, and we are looking for a Process Engineer. You will participate in projects related to new product introduction, ensure process and product compliance, lead and propose corrective and preventive actions in process related issues.
 
Process Engineer 
The role reports to Production Manager
 
Key Accountabilities

Develops routines and best practices to ensure product quality and standardized operating instructions for the upgraded process
Supervises the implementation of the relevant IPC and review any changes
Evaluates and integrates new technologies or systems to enhance process efficiency
Is responsible for issuing the relevant SOP for both pilot, engineering, and full-scale batches
Evaluates critical issues related to raw materials during process and adjust relevant SOP, and the necessity for new equipment or modification of existing one and adjust the batch sizes accordingly
Participates during initial production batches collecting and analyzing data
Trains staff and team members on new process changes, tools, or methodologies
Collaborate with cross-functional teams like R&D, Production, and Quality Control

 
Candidate Profile

Bachelors’ Degree in Mechanical, Chemical Engineering, or any other equivalent
Master’s degree will be considered an asset
Proven experience as a process engineer, preferably within FMCG sector
Knowledge of cosmetics processes, standards and regulations
Very good command of English language, both written and spoken
Very good knowledge of MS Office and SAP

 
Critical Competencies 

Achievement drive and results orientation, with problem solving skills
Planning and organization skills, with emphasis on detail and accuracy
Flexibility and adaptability to changing circumstances
Teamwork and collaboration
Good communication and interpersonal skills

 
The Company Offers

Competitive remuneration package
Opportunities for career development in a multinational environment
Pleasant and modern working environment in a challenging organization
Continuous learning opportunities

 
If you would like to use your skills and experience in a dynamic and growing multinational company, please send us your CV.
All CV’s will be treated with strict confidentiality.
The company will contact only with candidates that meet the required qualifications and criteria.",Mid-level,Full-time,"Oinofyta, Greece",EL,2024-09-05,kariera.gr,168053,,"['http://data.europa.eu/esco/skill/4309a39d-af97-4e56-8d0e-5351b7b8dd01', 'http://data.europa.eu/esco/skill/5cd6e8d2-2234-4f18-951d-628269527f75', 'http://data.europa.eu/esco/skill/8327754d-3990-4056-b07e-4faa49cfcd26', 'http://data.europa.eu/esco/skill/8d1dc94c-d8e1-4ce6-92d5-a17ec0543dc9', 'http://data.europa.eu/esco/skill/8d4271ca-c9fd-40b3-875f-15f78332a49e', 'http://data.europa.eu/esco/skill/97bd1c21-66b2-4b7e-ad0f-e3cda590e378', 'http://data.europa.eu/esco/skill/adc6dc11-3376-467b-96c5-9b0a21edc869', 'http://data.europa.eu/esco/skill/c0733631-0c5e-4b5c-a291-aad52ca493ce', 'http://data.europa.eu/esco/skill/dd3518ef-691b-4f98-8fe1-52b79edd4b25', 'http://data.europa.eu/esco/skill/e2fea4d5-f1f4-4dea-89bb-43b1d07658af', 'http://data.europa.eu/esco/skill/f683ae1d-cb7c-4aa1-b9fe-205e1bd23535', 'http://data.europa.eu/esco/skill/f8e3425c-fe44-4ffb-bafe-0e20d91dadf4']","['http://data.europa.eu/esco/occupation/11b6390b-1e48-4903-a5df-d3e04b451a19', 'http://data.europa.eu/esco/occupation/2b48a4cd-2333-4abf-ac3e-6f63d6ed3663', 'http://data.europa.eu/esco/occupation/523ab5a0-5e72-418d-9d61-a6126a446123', 'http://data.europa.eu/esco/occupation/68ad860f-c5cd-420f-840f-993e3e813508', 'http://data.europa.eu/esco/occupation/b5eaf231-77ad-4a86-8e54-15cc4398aad2', 'http://data.europa.eu/esco/occupation/eb9479c6-5fdf-4f45-ace4-28b547b8c7e5', 'http://data.europa.eu/esco/occupation/ec21ce88-ce14-49b6-be0a-cc53cf5a3a67', 'http://data.europa.eu/esco/occupation/fa1aef45-49a4-4446-94b4-e2b563d9d025', 'http://data.europa.eu/esco/occupation/ff5210a5-2ea9-43b4-bebc-8d565f928eaa', 'http://data.europa.eu/esco/isco/C214']"
804,"Network & System Admin Engineer - Heraklion, Crete","Necessary qualifications:

BSc degree in Computer Science, Telecommunications, Electronic Engineering, or other relevant disciplines.
Graduate or with up to 2 years of relevant experience.
Familiar with routing protocols and router configuration.
Microsoft Windows Server architecture, VM, Hyper-V and Linux knowledge.
Exposure to Network Architecture and Web protocols.
Open-source network monitoring, Wireshark knowledge.
Knowledge of security principles and related network technologies.
Problem solving, troubleshooting, analytical and conceptual skills.
Good communication skills.
Excellent command of the English and Greek language (spoken & written).

Desired qualifications:

MSc Degree in Information Technology, Networking & Communication, or other relevant field.
Experience in design/implementation/support of data networking, routing and switching, subnetting and network segmenting with large scale enterprise network.
Network or Security Certifications.
Scripting and Python or Java will be considered a plus.
Knowledge of hospitality & tourism business related processes and systems.
Experience working collaboratively within an IT department and 3rd parties.
Root cause analysis and troubleshooting for network and system issues/bottlenecks.

We offer:

Career development in a fast-paced, growing work environment.
Training opportunities.
Full year job
Friendly work environment

Please submit your CV along with recent ID or passport photo.",Mid-level,Full-time,"Irakleio, Greece",EL,2024-09-05,kariera.gr,168013,,"['http://data.europa.eu/esco/skill/19a8293b-8e95-4de3-983f-77484079c389', 'http://data.europa.eu/esco/skill/55514865-3066-4abd-86a9-dbe45a440882', 'http://data.europa.eu/esco/skill/5ef0c719-5bcb-49f8-b8eb-824388225333', 'http://data.europa.eu/esco/skill/60b44dab-03f1-46de-be08-0e5ba8662b3d', 'http://data.europa.eu/esco/skill/8fa510d0-a8a6-4932-a361-00f8442cfe23', 'http://data.europa.eu/esco/skill/adcca622-b933-4ba3-bc43-bf371879edc3', 'http://data.europa.eu/esco/skill/ccd0a1d9-afda-43d9-b901-96344886e14d', 'http://data.europa.eu/esco/skill/ea4ebfa1-e17a-4416-ac54-955f33e6ade7']","['http://data.europa.eu/esco/occupation/4d34a9ee-2653-4da0-bef7-f59294577224', 'http://data.europa.eu/esco/occupation/969f8af0-3c0d-403a-9c16-a6fb76c6b443', 'http://data.europa.eu/esco/occupation/c66b4569-09aa-4d8d-93d9-ac9b9176655d', 'http://data.europa.eu/esco/isco/C2153']"
916,Mechanical Engineer Technical Office (Integrated Resort Complex Elliniko),"TERNA SA a company of the GEK TERNA Group, is looking for:
Technical Office Mechanical Engineer (Integrated Resort Complex Elliniko)
Responsibilities:

Prepares pre-measurements and measurements of the mechanical works of the Project
Supports the costing procedures and ensures that the costing data base of each project is maintained
Conducts market research in collaboration with the Project Management and compiles comparative tables of suppliers and subcontractors of the Project
Controls and coordinates the project studies, detects any errors or omissions and takes care of their modifications
Gathers input for the preparation of Project progress reports and schedule reviews

Required Qualifications:

Degree in Mechanical Engineering HEI/TEI
5 years minimum experience in complex & demanding technical projects
Very good working knowledge of MS Office & AutoCAD applications
Very good knowledge of English (oral & written)

Skills:

Developed communication skills
Ability to organize, coordinate and manage parallel tasks
Information analysis and evaluation skills
Prioritization and immediate response
Diligence, consistency and adherence to procedures

Company Benefits:

Development and growth prospects in a strong Group of companies
Participation in a Group Insurance Contract",Mid-level,Full-time,"Elliniko, Greece",EL,2024-09-05,kariera.gr,167889,,"['http://data.europa.eu/esco/skill/7111b95d-0ce3-441a-9d92-4c75d05c4388', 'http://data.europa.eu/esco/skill/728ad40d-4a79-4b4d-b77b-a48d094d73fa', 'http://data.europa.eu/esco/skill/f5122357-c3f7-4f3e-b0cc-25173199d554', 'http://data.europa.eu/esco/skill/fe39d4db-4cb5-4299-bb9f-896c8fd6ab13']","['http://data.europa.eu/esco/occupation/219d1c30-3849-4de3-b0d6-07da187b6521', 'http://data.europa.eu/esco/occupation/66fb9704-0d56-4673-8e69-7823816b73e1', 'http://data.europa.eu/esco/occupation/6cd08cbe-7611-4d70-8886-6c59c0385442', 'http://data.europa.eu/esco/occupation/bea99fea-0383-4c63-b944-70d4799de2c5']"
936,SALES ENGINEER VOLVO TRUCKS,"About us
With a leading presence in the Greek business ecosystem for over a century, we are the exclusive distributors of a very broad range of automotive and machinery products of world-renowned brands. Acting always with integrity and respecting our Group’s heritage, we only make promises that can be kept and we deliver them. We turn our visions into reality setting as our main priority the betterment of our customers’ daily lives. We pledge to create solutions by offering personalized experiences whilst we are committed to operating in a sustainable way.
 
𝐀𝐛𝐨𝐮𝐭 𝐭𝐡𝐞 𝐑𝐨𝐥𝐞
Having a leadership presence in the automotive sector for over a century, at Saracakis Group of Companies, we are always looking for passionate people to join our team. You’ll be part of the Commercial Machinery Sales team.
SALES ENGINEER VOLVO TRUCKS
#YourRole in more detail
✅ Prepare, negotiate, and present product technical portfolio details and financial offers.
✅ Answer general and detailed questions about commercial vehicles and the financial aspects of their purchase.
✅ Help customers familiarize themselves with the trucks/vehicles they are interested in by demonstrating and explaining technical details and specific legal or financial requirements.
✅ Help customers arrange, and process financing and purchase options based on their specific situation.
✅ Communicate with new and existing customers to discuss their needs.
✅ Maintain and develop the company’s customer base.
✅ Present, promote, and sell products/services using strong arguments to existing and prospective customers.
What will you bring:
✅ Bachelor’s degree in Mechanical Engineering.
✅ Previous working experience of a minimum of 3 years in a similar position.
✅ Customer service oriented.
✅ Availability for frequent travel.
✅ Excellent knowledge of MS Office suite and particularly Excel.
✅ Fluency in Greek and English, both oral and written.
✅ Driving license for commercial vehicles (C/D/E) will be considered a plus.
✅ Military obligations fulfilled (for male applicants).
✅ Excellent communication, sales, and negotiation skills
✅ Self-motivated, decision-making, and problem-solving attitude.
✅ Analytical thinking, attention to detail, and strong organization and prioritization skills.
✅ Strong business acumen, and proactive thinking.
✅ Positive aptitude and desire for continued personal development & growth.
 
Saracakis Group of Companies Benefits
On top of the challenging work environment, we are offering:
💸Competitive salary package and bonus scheme.
👩‍⚕️ Health and life insurance for you and your family.
🏢 Modern facilities, onsite occupational doctor, and indoor parking
💻 Cutting-edge IT equipment, mobile and data plan
📚 We want you to grow with us! We provide you access to our online training platform where you can study topics for your personal and professional growth!
⭐Clear career paths & a developmental 360° feedback framework.
🌱 Employee or Group product & services referral bonuses, regular well-being, ESG, and volunteering activities.
🎉Financially supporting employees’ post-graduation studies, marriages, and newborns.
💰 Discounts on our company’s products.
🏃‍♀️ A variety of company activities and family perks.
 
 
𝐓𝐡𝐢𝐧𝐤 𝐰𝐞 𝐦𝐚𝐭𝐜𝐡? 𝐉𝐨𝐢𝐧 𝐮𝐬!
 
𝐀𝐥𝐥 𝐚𝐩𝐩𝐥𝐢𝐜𝐚𝐭𝐢𝐨𝐧𝐬 𝐚𝐫𝐞 𝐜𝐨𝐧𝐬𝐢𝐝𝐞𝐫𝐞𝐝 𝐬𝐭𝐫𝐢𝐜𝐭𝐥𝐲 𝐜𝐨𝐧𝐟𝐢𝐝𝐞𝐧𝐭𝐢𝐚𝐥",Mid-level,Full-time,"Athens, Greece",EL,2024-09-05,kariera.gr,167861,,"['http://data.europa.eu/esco/skill/1973c966-f236-40c9-b2d4-5d71a89019be', 'http://data.europa.eu/esco/skill/450de541-797a-4da0-9fe4-a81471c8047d', 'http://data.europa.eu/esco/skill/4707da90-9cfc-46ca-8de0-38a0b7bfb137', 'http://data.europa.eu/esco/skill/54f78038-58a8-46cb-9633-41ade03c07b7', 'http://data.europa.eu/esco/skill/68698869-c13c-4563-adc7-118b7644f45d', 'http://data.europa.eu/esco/skill/6d97bf55-6fb6-4795-8282-3ef915ae0bb8', 'http://data.europa.eu/esco/skill/7954861c-86d4-4529-afbb-2c23dab9ac74', 'http://data.europa.eu/esco/skill/7ee9fb56-91b1-4363-b51f-ea54ae1b5761', 'http://data.europa.eu/esco/skill/85c11255-469f-41bd-a6d1-382bc4a87783', 'http://data.europa.eu/esco/skill/b514f861-985b-4aeb-bcba-9a7f8bee0e8d', 'http://data.europa.eu/esco/skill/d62d2b4c-a6f8-439e-8a1b-4f29ab5f2c47', 'http://data.europa.eu/esco/skill/df5e3d02-9f0f-44ee-91c2-85c62f161868', 'http://data.europa.eu/esco/skill/e186976a-64f0-4052-a25b-297d19e1d0ec', 'http://data.europa.eu/esco/skill/f683ae1d-cb7c-4aa1-b9fe-205e1bd23535']","['http://data.europa.eu/esco/occupation/7843a4c6-a9f6-4095-94b9-45b384d4bd57', 'http://data.europa.eu/esco/occupation/96e88e86-f2c7-42e6-a2b2-17e4f08d4ee0', 'http://data.europa.eu/esco/occupation/e6c298a4-62de-4b62-b48e-c5fdca8f6071']"
981,Electrical Engineer Technical Office (Integrated Resort Complex Elliniko),"TERNA SA a company of the GEK TERNA Group, is looking for:
Electrical Engineer Technical Office (Integrated Resort Complex Elliniko)
Responsibilities:

Prepares pre-measurements and measurements of the electrical works of the Project
Supports the costing procedures and ensures that the costing data base of each project is maintained
Conducts market research in collaboration with the Project Management and compiles comparative tables of suppliers and subcontractors of the Project
Controls and coordinates the project studies, detects any errors or omissions and takes care of their modifications
Gathers input for the preparation of Project progress reports and schedule reviews

Required Qualifications:

Degree in Electrical Engineering HEI/TEI
5 years minimum experience in complex & demanding technical projects
Very good working knowledge of MS Office & AutoCAD applications
Very good knowledge of English (oral & written)

Skills:

Developed communication skills
Ability to organize, coordinate and manage parallel tasks
Information analysis and evaluation skills
Prioritization and immediate response
Diligence, consistency and adherence to procedures

Company Benefits:

Development and growth prospects in a strong Group of companies
Participation in a Group Insurance Contract",Mid-level,Full-time,"Elliniko, Greece",EL,2024-09-05,kariera.gr,167817,,"['http://data.europa.eu/esco/skill/7111b95d-0ce3-441a-9d92-4c75d05c4388', 'http://data.europa.eu/esco/skill/728ad40d-4a79-4b4d-b77b-a48d094d73fa', 'http://data.europa.eu/esco/skill/f5122357-c3f7-4f3e-b0cc-25173199d554', 'http://data.europa.eu/esco/skill/fe39d4db-4cb5-4299-bb9f-896c8fd6ab13']","['http://data.europa.eu/esco/occupation/219d1c30-3849-4de3-b0d6-07da187b6521', 'http://data.europa.eu/esco/occupation/66fb9704-0d56-4673-8e69-7823816b73e1', 'http://data.europa.eu/esco/occupation/6cd08cbe-7611-4d70-8886-6c59c0385442', 'http://data.europa.eu/esco/occupation/bea99fea-0383-4c63-b944-70d4799de2c5']"
1046,PRODUCTION MACHINE OPERATOR,"The company Gr. Sarantis SA, one of the largest companies in Greece and abroad with leading products in the FMCG field, such as SANITAS, NOXZEMA, BIOTEN, CARROTEN, LANES, AVA, STR8, ORZENE, TUBOFLO, WASH&GO, BIO- OIL, etc. wishes to hire for the factory based in Oinophyta, Viotia:
 
PRODUCTION MACHINE OPERATOR
(ADVERTISEMENT CODE: ЧМП_09.2024)  
The position reports to the Production Manager
 
Main tasks:

Handling / Operation / Adjustments of machines and molds
Carrying out the change over of the production machines and molds according to the instructions and safety rules
Cleaning and maintenance of mechanical equipment
Quality control of manufactured products & recording of production/machine data
Implementation of production processes in accordance with the principles of good industrial practice (GMPs)

 
Desired qualifications:

Technical high school or technical school (IEK engineer)
Experience 1-3 years in machine operation
Basic knowledge of the English language
Basic computer skills (MS Office)

 
Required Skills:

Result orientation with an emphasis on detail
Adaptability and flexibility
Teamwork and cooperation
Technical Concept

 
The company offers:

Development prospects in a dynamic Group
Continuous education
Modern and pleasant working environment

 
If you are interested in using your talents and developing your skills in our Group, you can send your CV.
All resumes will be kept strictly confidential.
The company will contact only those candidates who meet the above criteria.",Entry / Junior,Full-time,"Oinofyta, Greece",EL,2024-09-04,kariera.gr,167734,,"['http://data.europa.eu/esco/skill/082967d4-b94c-4305-aa13-35a6aa8c5c7c', 'http://data.europa.eu/esco/skill/12c7b323-d870-4f5b-9d7d-d9f525206d77', 'http://data.europa.eu/esco/skill/13f22eb5-e3a8-405a-9d89-c8124d4a239a', 'http://data.europa.eu/esco/skill/49de9958-2aa4-4eef-a89d-fe5d5bcd28c4', 'http://data.europa.eu/esco/skill/8efb6150-2c43-4109-b3cd-41c3451698ea', 'http://data.europa.eu/esco/skill/c5efe5ad-c5e3-4bd1-9c8b-4a514940f4d6', 'http://data.europa.eu/esco/skill/f683ae1d-cb7c-4aa1-b9fe-205e1bd23535']","['http://data.europa.eu/esco/occupation/03632d98-0ae3-4dd2-941c-3b48de9a0219', 'http://data.europa.eu/esco/occupation/1b4e795d-6e49-4b7b-bb34-585edfd6eb18', 'http://data.europa.eu/esco/occupation/b0ad8659-0410-4b5b-9466-a90f8b3cdac9', 'http://data.europa.eu/esco/occupation/f31e25d0-8794-4f88-ac07-a229199c6f0f', 'http://data.europa.eu/esco/occupation/ff5210a5-2ea9-43b4-bebc-8d565f928eaa']"
1070,Surveying Engineer (Building Sector - Milos Island),"TERNA S.A., member of GEK TERNA GROUP, is currently seeking for a:
Surveying Engineer (Building Sector – Milos Island)
Responsibilities:

Oversees all surveying measurements, sketches, plots, notes and data, according to given project plan
Oversees implementation of project plans according to Construction Site Manager’s and Project Manager’s instructions
Monitors implementation of surveying data by subcontractors according to construction specifications
Locates possible surveying errors or omissions and proceeds to necessary corrections if needed
Cooperates with project’s engineers, technicians and field staff
Contacts evaluations of land features at the area of coverage
Oversees functionality of surveying equipment
Contacts monthly reports for work progress

Requirements:

Bachelor’s degree in surveying engineering
8+ years of related experience in building constructions
Knowledge of Earth W, Diolkos, Fast Terrain or LGO applications is a plus
Very good knowledge of MS Office applications and AutoCAD
Good knowledge of English language (written and oral)

Skills:

Accuracy, responsibility and attention to detail
Capability to work under tight timelines
Communication skills

The Company Offers:

Opportunities for further development within Group
Health & life Insurance plan",Senior,Full-time,"Milos, Greece",EL,2024-09-04,kariera.gr,167707,,"['http://data.europa.eu/esco/skill/048f04c9-83b1-48cd-9ac9-16a433695a61', 'http://data.europa.eu/esco/skill/199f7919-5114-41b6-b6a5-41e0e4896ec1', 'http://data.europa.eu/esco/skill/321f42d0-5ba9-46a8-8d20-8cbdccc3c8c6', 'http://data.europa.eu/esco/skill/4df7a57a-9405-4995-8e02-4ca404832247', 'http://data.europa.eu/esco/skill/50373f03-3e81-4d2e-99c6-d0f2ff42b138', 'http://data.europa.eu/esco/skill/bb0069d2-0953-43d4-923b-18ad370bc2f3', 'http://data.europa.eu/esco/skill/c5c51528-ccfc-4c53-b409-c200aaa44222', 'http://data.europa.eu/esco/skill/cb58bfc2-696d-4b45-8f01-283b612a6c9a', 'http://data.europa.eu/esco/skill/ccb2e5f2-4279-48fd-9d85-a1db42ff1e13', 'http://data.europa.eu/esco/skill/f683ae1d-cb7c-4aa1-b9fe-205e1bd23535']","['http://data.europa.eu/esco/occupation/06351e17-67c4-44bc-adf7-64b73f92c3b5', 'http://data.europa.eu/esco/occupation/42ff9e52-1f56-427d-b772-b9328c39b98a', 'http://data.europa.eu/esco/occupation/624986f9-21ef-4cdf-8cf6-8407a337ec2f', 'http://data.europa.eu/esco/occupation/6cd08cbe-7611-4d70-8886-6c59c0385442', 'http://data.europa.eu/esco/occupation/ba3bacd4-73e9-4861-a9c0-f89f1f28055a', 'http://data.europa.eu/esco/occupation/bea99fea-0383-4c63-b944-70d4799de2c5', 'http://data.europa.eu/esco/occupation/d8e502b4-1be6-4d10-a224-151688f8f0c8', 'http://data.europa.eu/esco/isco/C214']"
1193,Electrical Engineer (Archipetrol S.A.),"We are seeking for an Electrical Engineer, who besides to have strong motivation for technical development and evolvement, will be able to:

Perform design calculations in the Electrical Department (such as cable sizing etc.)
Prepare material take-offs (MTOs).
Review and evaluate vendor documentation.
Perform 2D and 3D design work.
Prepare electrical equipment Material Requisitions.
Prepare updates and checks calculations for detailed engineering.
Contributes to optimization of material quantities by proposing valued engineering solutions.
Ensures contractual technical specifications are met by the suppliers.
Adheres to the maintenance of the project schedule, company quality standards, all contractual requirements and execution plan.
Executes electrical engineering activities and meets quality objectives of the project.
Ensures that the discipline engineering deliverables are compliant with project QHSE plan and discipline engineering processes & standards.
Works towards development and training.
Provides assistance to Electrical Department Head in various departmental activities.

Qualifications

Diploma in Electrical Engineering
Relevant experience in a similar role related to Oil & Gas Projects and detailed engineering in the field of expertise (Electrical engineering - preferably within a major engineering company) will be considered an advantage.
Knowledge of international codes & standards, international design guidelines & recommendations (like IEC, NEC, etc).
Knowledge of performing basic calculations and preparation of data sheets for electrical equipment.
Knowledge of developing and follow-up of Single Line Diagrams (SLDs), Load Lists, Electrical Cable Layouts as well as cable lists.

You are someone with:

Ability to liaise with the other engineering disciplines, assisting them during detail engineering.
Experience using relevant electrical commercial software applicable to electrical engineering (like ETAP etc) will be considered an advantage.
Be able to work in a team environment and handle multiple Project responsibilities.
Willing to work on a national and international environment.
Previous exposure to international environment will be considered an advantage.
Mobility is desirable to participate in working teams at project home offices throughout the countries where EPC projects are executed.
Excellent command in English (written and spoken)

The Electrical Engineer will report to the Electrical Department Discipline Head.",Mid-level,Full-time,"Paiania, Greece",EL,2024-09-04,kariera.gr,167600,,"['http://data.europa.eu/esco/skill/27f461a7-3bf9-47e5-9e46-a2aa13cf4064', 'http://data.europa.eu/esco/skill/385479b7-5da5-4367-9763-0d15b41bb65b', 'http://data.europa.eu/esco/skill/52797dce-911c-4e6d-b0cb-491f6469014f', 'http://data.europa.eu/esco/skill/8c6feedd-339f-4dba-b28a-dae84c759853', 'http://data.europa.eu/esco/skill/97965983-0da4-4902-9daf-d5cd2693ef73', 'http://data.europa.eu/esco/skill/a8081afe-46ff-425d-9d9f-f4033b3f84f6', 'http://data.europa.eu/esco/skill/c5c51528-ccfc-4c53-b409-c200aaa44222']","['http://data.europa.eu/esco/occupation/7569f423-2c37-49aa-947e-41acb66ec909', 'http://data.europa.eu/esco/occupation/86ca306c-ab99-420a-9e2a-aa73c5c4de22', 'http://data.europa.eu/esco/occupation/8862c29b-3810-4fbc-85c7-c9ee87535f73', 'http://data.europa.eu/esco/occupation/8cb59bc4-1f39-477e-beea-effed12d186c', 'http://data.europa.eu/esco/isco/C214', 'http://data.europa.eu/esco/isco/C2151', 'http://data.europa.eu/esco/isco/C7411']"
1194,Instrumentation & Automation Engineer (Archipetrol S.A.),"We are seeking for an an experienced engineer capable of understanding and executing specific Project Instrumentation and Control system tasks. He will be capable of assisting in the manhour estimation and scheduling of specific deliverables and allocating specific tasks to lesser experienced engineers, providing guidance and assistance to ensure the correctness and timely execution of each task.
Responsibilities:

Prepare field instruments and control systems (DCS/ESD/SCADA) Material Requisitions.
Prepares updates and checks calculations for detailed engineering.
Perform design calculations in the Instrumentation Department
Prepare material take-offs (MTOs).
Review and evaluate vendor documentation.
Perform 2D and 3D design work.
Contributes to optimization of material quantities by proposing valued engineering solutions.
Ensures contractual technical specifications are met by the suppliers.
Adheres to the maintenance of the project schedule, company quality standards, all contractual requirements and execution plan.
Executes instrumentation engineering activities and meets quality objectives of the project.
Ensures that the discipline engineering deliverables are compliant with project QHSE plan and discipline engineering processes & standards.
Works towards development and training.
Provides assistance to Instrumentation Department Head in various departmental activities.
Interfaces with other discipline specialist engineers and possibly project support functions such as procurement and planning.
Provides guidance and mentoring to more junior engineering employees.

Qualifications

Diploma in Electrical or Chemical Engineering.
Relevant experience in a similar role related to Oil & Gas Projects and detailed engineering in the field of Instrumentation engineering of at five (5) (preferably within a major engineering company) will be considered an advantage.
Knowledge of international codes & standards, international design guidelines & recommendations (like ISO, ISA, API, ASTM, ATEX etc).
Knowledge of performing basic calculations and preparation of data sheets for field instruments.
Knowledge of developing and follow-up of Control System (DCS/ESD/SCADA) Architectural Drawings, Instrument Cable Lists & Layouts as well as Instrument Index, Material Requisition for Control Systems (DCS/ESD/SCADA) and field instrumentation.

You are someone with:

Ability to liaise with the other engineering disciplines, assisting them during detail engineering.
Experience using relevant instrumentation commercial software applicable to instrumentation engineering (like InstruCalc, SPI etc) will be considered an advantage.
Be able to work in a team environment and handle multiple project responsibilities.
Willing to work in a national and international environment.
Previous exposure to international environment will be considered an advantage.
Mobility is desirable to participate in working teams at project home offices throughout the countries where EPC projects are executed.
Excellent command in English (written and spoken)

The Instrumentation & Automation Engineer will report to the Instrumentation & Automation Discipline Head.",Mid-level,Full-time,"Paiania, Greece",EL,2024-09-04,kariera.gr,167597,,"['http://data.europa.eu/esco/skill/2b69525c-731c-4813-99a7-673fa5679d32', 'http://data.europa.eu/esco/skill/385479b7-5da5-4367-9763-0d15b41bb65b', 'http://data.europa.eu/esco/skill/4309a39d-af97-4e56-8d0e-5351b7b8dd01', 'http://data.europa.eu/esco/skill/5d71a91f-cc72-4b66-b6e3-d75ecc05e235', 'http://data.europa.eu/esco/skill/75d2ac62-700a-41d1-b920-5cd7aaa78553', 'http://data.europa.eu/esco/skill/8c6feedd-339f-4dba-b28a-dae84c759853', 'http://data.europa.eu/esco/skill/97965983-0da4-4902-9daf-d5cd2693ef73', 'http://data.europa.eu/esco/skill/a8081afe-46ff-425d-9d9f-f4033b3f84f6', 'http://data.europa.eu/esco/skill/c5c51528-ccfc-4c53-b409-c200aaa44222']","['http://data.europa.eu/esco/occupation/2bb8adee-2b84-4d7b-84f9-0620bc09ada8', 'http://data.europa.eu/esco/occupation/7569f423-2c37-49aa-947e-41acb66ec909', 'http://data.europa.eu/esco/occupation/e6800524-eec2-4c33-af0e-6f36d1d679bc', 'http://data.europa.eu/esco/occupation/ec21ce88-ce14-49b6-be0a-cc53cf5a3a67', 'http://data.europa.eu/esco/isco/C214', 'http://data.europa.eu/esco/isco/C7312']"
1198,Process Engineer (Archipetrol S.A.),"Responsibilities:
We are seeking for a Process Engineer, who besides to have strong and long technical experience, will be able to:

Perform perform process design for process and safety systems
Perform process simulations and develop Process Flow Diagrams and H&MBs
Prepare operation control and ESD philosophies as well as process studies reports.
Perform design process calculations in the Process Discipline
Prepare equipment and instrumentation process data sheets as well as duty specifications for packaged units.
Assist other disciplines in detailed design
Review and evaluate vendor documentation.
Is responsible for maintaining project schedule, company quality standards, all contractual requirements and execution plan.
Is responsible for preparation of feasibility study reports or preliminary projectreports.
Supervises process engineering activities.
Manages and controls man/hours.
Is responsible for proposing cost effective solutions.
Coordinates with Lead Engineers of other departments and project support functions such as procurement and planning.
Ensures that the discipline engineering deliverables are compliant with project QHSE plan and discipline engineering processes & standards.
Works towards development and training of subordinates.
Provides assistance to Process Department Head in various departmental activities.
Contributes to project close out and lessons learned.

Qualifications

BE or equivalent in Chemical Engineering, and MSc.
Minimum of five (5) years’ experience, relevant experience in a similar role related to Oil & Gas Projects in the field of expertise (Process engineering - preferably within a major engineering company).
In depth knowledge of international codes & standards, international design guidelines & recommendations (like NFPA, API, etc).
Knowledge of performing basic process calculations and preparation of process data sheets for equipment and instruments.
Knowledge of developing and follow-up of Process Flow Diagrams (PFDs), H&MBs and Piping & Instrumentation Diagrams (P&IDs), as well as mechanical line & equipment lists.
Experience in safety assessment studies (HAZOP,etc.).
Experience in Environmental regulatory requirements (local, international), review and understanding of local Environmental Laws would be a definite advantage.

You are someone with:

Ability to liaise with the other engineering disciplines, assisting them during detail engineering.
Experience using relevant Process commercial software applicable to Oil & Gas projects (like PIPENET, AspenTech HYSYS, SIMSCI PROII, FLARENET, PIPESIM, etc).
Technical competence in Process engineering with strong technical background, and advanced analytical skills in basic and detailed engineering design from project feasibility stage to plant commissioning and startup
Be able to work in a team environment and handle multiple Project responsibilities.
Willing to work on a national and international environment.
Previous exposure to international environment will be considered an advantage.
Mobility is desirable to participate in working teams at project home offices throughout the countries where EPC projects are executed.
Excellent command in English (written and spoken)

The Process Engineer will report to the Process Department Discipline Head.",Mid-level,Full-time,"Paiania, Greece",EL,2024-09-04,kariera.gr,167594,,"['http://data.europa.eu/esco/skill/29d4aaba-99f9-4733-bd74-ad558f2ae3a7', 'http://data.europa.eu/esco/skill/2c28fc20-8a60-4311-8899-5ef8729c05b3', 'http://data.europa.eu/esco/skill/35f1dcdc-577f-46c6-96d9-6c7a64501de9', 'http://data.europa.eu/esco/skill/385479b7-5da5-4367-9763-0d15b41bb65b', 'http://data.europa.eu/esco/skill/47d491a9-f7c0-4b13-a10f-983d3aa0113e', 'http://data.europa.eu/esco/skill/63f73b81-8a9c-4331-a713-c9beb57dfbcf', 'http://data.europa.eu/esco/skill/8b9d609a-6d62-4d5c-9133-01d41979cfac', 'http://data.europa.eu/esco/skill/8c6feedd-339f-4dba-b28a-dae84c759853', 'http://data.europa.eu/esco/skill/901105f8-3a08-453e-b1dc-23619e317fd3', 'http://data.europa.eu/esco/skill/92721092-fe7c-4689-96bd-4f02385bc0e7', 'http://data.europa.eu/esco/skill/c5c51528-ccfc-4c53-b409-c200aaa44222', 'http://data.europa.eu/esco/skill/d74df140-eb69-43e2-bac9-1cafc824d702']","['http://data.europa.eu/esco/occupation/1b422c31-f242-46b5-bbdc-aa63885e4b5c', 'http://data.europa.eu/esco/occupation/53be4843-8f31-4645-b25c-9a5bbb04f6b6', 'http://data.europa.eu/esco/occupation/7569f423-2c37-49aa-947e-41acb66ec909', 'http://data.europa.eu/esco/occupation/76abbb82-c103-4d7a-a4c0-14dba4d6199a', 'http://data.europa.eu/esco/occupation/b558a934-9308-48fc-b03b-bea8e23ab085', 'http://data.europa.eu/esco/occupation/b5eaf231-77ad-4a86-8e54-15cc4398aad2', 'http://data.europa.eu/esco/occupation/d37cc820-15f5-4a81-88db-af48b0ee6a32', 'http://data.europa.eu/esco/isco/C1120', 'http://data.europa.eu/esco/isco/C214']"
1205,Mechanical Engineer (Arcipetrol S.A.),"Responsibilities
We are seeking for a Mechanical Engineer, who besides to have strong motivation for technical development and evolvement, will be able to:

Perform design calculations in the Mechanical Department
Prepare Material Requisitions for mechanical equipment (Pressure Equipment, Machinery, Packages).
Prepare material take-offs (MTOs).
Prepare technical bid evaluations of Vendor offers
Review and evaluate vendor drawings and documents.
Prepares technical specifications for pressure vessels, tanks, machinery and packages.
Performs engineering calculations for dimensioning and design of pressure vessels and atmospheric storage tanks.
Prepares equipment mechanical data sheets.
Coordinates work with other engineering disciplines.
Performs technical evaluation, bid conditioning and technical alignment of bids.
Prepares material requisitions for inquiry & purchase.
Performs vendor’s documents and drawings review.
Ensures contractual technical specifications are met.
Ensures timely internal and external reporting on engineering / requisitioning activities to the group leader/Mechanical Discipline Coordinator.
Ensures that the discipline engineering deliverables are compliant with project QHSE plan and discipline engineering processes & standards.
Ensures contractual technical specifications are met by the suppliers.
Adheres to the maintenance of the project schedule, company quality standards, all contractual requirements and execution plan.
Works towards development and training.
Provides assistance to Mechanical Discipline Head in various discipline activities.
Interfaces with other discipline specialist engineers and possibly provides project support function.

Qualifications

Diploma in Mechanical Engineering (five years studies).
Relevant experience in a similar role related to Oil & Gas Projects and detailed engineering in the field of Instrumentation engineering of at five (5) (preferably within a major engineering company) will be considered an advantage.
Knowledge of international codes & standards, international design guidelines & recommendations (like ASME, ISO, PED, API, ASTM, NACE, DIN, EN etc).
Knowledge of performing basic calculations and preparation of mechanical data sheets for mechanical equipment.
Knowledge of developing and follow-up of Material Requisitions for static (pressure vessels, atmospheric tanks etc.) and/or rotating equipment (pumps, compressors etc.) as well as packages.

You are someone with:

Ability to liaise with the other engineering disciplines, assisting them during detail engineering.
Experience using relevant mechanical design commercial software applicable to mechanical engineering (like AutoCAD, PV Elite, AutoPipe Vessel, Tank etc) will be considered an advantage.
Be able to work in a team environment and handle multiple project responsibilities.
Willingnes to work in a national and international environment.
Previous exposure to international environment will be considered an advantage.
Mobility is desirable to participate in working teams at project home offices throughout the countries where EPC projects are executed.
Excellent command in English (written and spoken)

The Mechanical Engineer will report to the Mechanical Head.",Mid-level,Full-time,"Paiania, Greece",EL,2024-09-04,kariera.gr,167553,,"['http://data.europa.eu/esco/skill/3d427a49-4f85-42cd-8a92-62d4a34f41a1', 'http://data.europa.eu/esco/skill/576b305e-8c25-4546-8a69-87f975783114', 'http://data.europa.eu/esco/skill/7c632656-361e-4db1-8d69-b9f85d6be0d0', 'http://data.europa.eu/esco/skill/8c6feedd-339f-4dba-b28a-dae84c759853', 'http://data.europa.eu/esco/skill/a2b5dcf3-5b6a-453d-876c-cff540c0faf1', 'http://data.europa.eu/esco/skill/c5c51528-ccfc-4c53-b409-c200aaa44222', 'http://data.europa.eu/esco/skill/d9e5349e-8791-49c2-8ba4-839fdd1606c2', 'http://data.europa.eu/esco/skill/fc4fcb4b-993f-4f2c-b158-c2171ec18ed8']","['http://data.europa.eu/esco/occupation/24119471-6ca1-465b-8f48-b2aec5c60869', 'http://data.europa.eu/esco/occupation/42ff9e52-1f56-427d-b772-b9328c39b98a', 'http://data.europa.eu/esco/occupation/579254cf-6d69-4889-9000-9c79dc568644', 'http://data.europa.eu/esco/occupation/7569f423-2c37-49aa-947e-41acb66ec909', 'http://data.europa.eu/esco/occupation/8cb59bc4-1f39-477e-beea-effed12d186c', 'http://data.europa.eu/esco/isco/C214']"
1216,Lead Data Warehouse Engineer,"Company DescriptionWe are Netcompany-Intrasoft, a member of Netcompany Group A/S, and a leading European IT Solutions and Services company with strong international presence and expertise, dedicated to responsible digitalisation. We offer innovative and added-value solutions of the highest quality to a wide range of public and private organizations, while being a key-player in the EU Institutions for the past 30 years. We hold an outstanding record of 500+ organizations in 70+ countries, that have chosen our solutions and services, to fulfil their business needs. Our team of 3500+ professionals is our driving force and our most valuable asset.Job DescriptionEver wondered what it feels like to be a Lead Data Warehouse Engineer in Netcompany-Intrasoft?Joining us as a Lead Data Warehouse Engineer, you will be a highly skilled and motivated professional with extensive experience in data integration, ETL processes, and SQL development. The ideal candidate will excel at leading teams and managing complex data integration projects while ensuring data accuracy, consistency, and reliability across various systems. You will have a strong understanding of data warehousing concepts and be adept at working with on-premises data warehouse systems.As a Lead Data Warehouse Engineer you will:Lead the integration of various data sources into the “on-premises” data warehouse system.Develop and maintain ETL (Extract, Transform, Load) processes to ensure data accuracy and integrity.Monitor data flows and troubleshoot any issues to ensure seamless data operations.Design, develop, and maintain complex SQL queries and stored procedures.Lead and mentor a team of ETL developers and data engineers and provide technical guidance.Ensure data consistency and reliability across different systems.Manage multiple data integration projects concurrently, ensuring they are delivered on time and within scope.Maintain comprehensive technical documentation of ETL processes, data flows, ER models of new and existing projectsPrepare and present project status reports to senior managementCommunication and collaboration with the business stakeholders for the validation of the functional and non-functional requirements QualificationsWhat would make you a fit for the role:Bachelor's or Master's degree in Computer Science, Information Systems, or a related field.7+ years of experience in data engineering, data operations, or a similar role.Proficient in working with IBM DB2 for iSeries and other relational database management systems (Oracle, MS SQL Server, PostgreSQL etc.).Strong experience with SQL and stored procedures.Expertise in data modeling and designing data warehouse solutions.Solid understanding of ETL processes and tools.Experience with data analysis and performance tuning.Excellent problem-solving skills and attention to detail.Strong communication and collaboration skills.Understanding of MS Azure basics and willingness to be involved in related implementations (e.g. Databricks, Azure Data Factory etc.) It would also be a plus if you had :Any relevant experience on the Banking Sector will be considered as a plusAdditional InformationBeing a part of the Netcompany-Ιntrasoft team, you will be provided with: The opportunity to work in a modern environment & in a hybrid working modelA seamless onboarding experience and a buddy to support you on your first stepsA competitive compensation & benefits packageHealth and life insurance programMeal and commuting allowanceWell-being activities (on premises)Continuous learning opportunities using the most modern methods (unlimited access to Udemy for Business, ad-hoc trainings)A personalized development plan for targeted career growthIf you are looking forward to be part of a diverse environment, and have the opportunity to work alongside well-experienced professionals, on challenging, large-scale projects that directly impact millions of citizens around the globe, then this is the place to be!Our cultureOur people are the most important element of our success. Our work life is well defined by our set of fundamental Values: https://netcompany.com/careers/greece/our-values/ #BePartOfSomethingGreat!Please submit your CV in English. All applications will be treated as strictly confidential.We ensure equal opportunities, treatment, and consideration to all candidates. Discrimination based on sex, racial or ethnic origin, religion or belief, disability, age, sexual orientation or marital status, physical or mental disability, or any other factor protected by applicable laws and regulations is prohibited. As part of the Netcompany-Intrasoft culture, we respect human rights and focus on creating a positive workplace, where all employees are valued, and where diversity and inclusion are a vital part of our our everyday working experience.",,Full-time,"Athens, Greece",EL,2024-09-04,kariera.gr,167578,,"['http://data.europa.eu/esco/skill/23ac233d-84ad-4517-b0f5-8ca19ba2614e', 'http://data.europa.eu/esco/skill/3ec2e4d6-7000-4905-bf1a-c5b1679416de', 'http://data.europa.eu/esco/skill/477173ca-5fc2-406b-9122-95d92811f284', 'http://data.europa.eu/esco/skill/48db96bf-3314-45c6-bad8-fdb6e20e5639', 'http://data.europa.eu/esco/skill/7369f779-4b71-4aab-8836-48b69c676eec', 'http://data.europa.eu/esco/skill/8f6ed69b-29d0-4c01-81ba-f05920a185f3', 'http://data.europa.eu/esco/skill/a8d07b5a-c1a1-42c6-9d53-db9c7a2ca996', 'http://data.europa.eu/esco/skill/c062bab3-3ea0-4291-9220-a2d8fef4bead']","['http://data.europa.eu/esco/occupation/1562c7a3-c7d9-419d-b9b6-db26610bcf84', 'http://data.europa.eu/esco/occupation/2079755f-d809-49e6-8037-4de6180e54c0', 'http://data.europa.eu/esco/occupation/258e46f9-0075-4a2e-adae-1ff0477e0f30', 'http://data.europa.eu/esco/occupation/719f101d-1866-49d3-8d5c-2256f606a8b9', 'http://data.europa.eu/esco/occupation/8cb59bc4-1f39-477e-beea-effed12d186c', 'http://data.europa.eu/esco/occupation/b11e1742-5e28-4270-b081-b0193d85ee7d', 'http://data.europa.eu/esco/occupation/bd9d395a-d587-45c6-8d72-ceef226df9e1', 'http://data.europa.eu/esco/occupation/cd7b838c-51f6-41ec-9067-bb974c0f991b', 'http://data.europa.eu/esco/occupation/d3edb8f8-3a06-47a0-8fb9-9b212c006aa2', 'http://data.europa.eu/esco/isco/C4132']"
1366,Department Manager - Strategic Planning  - Saudi Arabia,"Are you ready to elevate your career with a global leader in construction consulting? Hill International is seeking talented and motivated professionals to join our team! With projects spanning various sectors and locations, Hill International offers a dynamic and stimulating work environment where innovation, collaboration, and excellence are our core values.
Hill International provides comprehensive program, project, and construction management services for clients across diverse sectors undertaking major construction projects worldwide. Our expertise includes cost engineering and estimating, quality assurance, inspection, scheduling, risk management, and claims avoidance. To learn more about Hill International, please visit our website at www.hillintl.com.
We are committed to delivering exceptional project management services and solutions globally. Whether you are an experienced project manager, engineer, or a recent graduate eager to launch your career in the construction industry, we have opportunities that will both challenge and inspire you
We are currently looking for a Department Manager - Strategic Planning to join our mega NWC project in Saudi Arabia. Submit your application in English today at apply@hillintl.com.
Join us and be part of a team that's shaping the future of the construction industry!
General Description of Role and Responsibilities:

Adopting and implementing Client’s PMM and EXPROs Five-Year Projects.
Portfolio Planning (5 YPPP) processes and methodologies.
Project registration and managing initial stages of the Stage-Gate process.
Review and update the National Guideline for the Master Planning.
Manage the development of the National Master Plan.
Review Clusters Master Plan.
Review and approve the Capital Investment Plan (CIP) that the Local Master Plan identifies.
Ensure that all projects identified within the CIP contribute toward achieving the KPIs.
Review and approve the project's business cases.
Ensure all projects are aligned with the requirements of the Master Plan.
Supporting the cluster to prepare/update the 5YPPP periodically.
Prioritize projects within the 5 YPPP based on the approved criteria.
Update and finalize the 5YPPP based on the comment from the EXPRO team.
Work with other client departments to develop the capital expenditure for their specialized program.
Supporting the Client in coordinating with external governmental departments such as municipalities to ensure the alignment of their projects with their expansion plans.
Working with the supply and demand committee to update their plan regularly.
Monitor the implementation of the regional Master Plans and their identified CIPs.
Assessing the capability of the Client’s existing department staff and recommending appropriate roles and responsibilities.
Integrate client’s assets GIS data in one database platform.
Preparing the Strategic Planning department knowledge transfer program, which includes comprehensive on-the-job learning.
Working with the Client to coordinate the water and wastewater service with the main developers.
Draft agreements and MOUs to provide services for the developers.
Coordinate with the regional clusters to ensure the timely execution of agreements and relevant projects.
Attend coordination meetings with the main developers.
Review mega project requirements for water and wastewater service and ensure these requirements are included within the master plans.


Informs themselves of the relevant Quality, Environmental, Safety and Occupational Health Policies, Manuals and Procedures within Hill International and ensures continued compliance with these requirements while employed by Hill.
Perform other duties as assigned by the line manager/supervisor.

Qualifications, Experience, Knowledge, and Skills:

Bachelor / Master of Engineering or Urban Planning from an accredited Western university.
Minimum 20 years experience in the related field on national/international major initiatives and developments. A record of close engagement with utility providers and wider commercial and public cluster stakeholders.
Expert in major development master and urban planning – preferably at national levels. Thorough knowledge of urban and infrastructure planning disciplines.
Expert in the development of water and wastewater master plans.
Extensive experience of working internationally (preference for Middle East / KSA). Preferred cultural understanding of the project.",Senior,Full-time,"Marousi, Greece",EL,2024-09-04,kariera.gr,167409,,"['http://data.europa.eu/esco/skill/0daaf096-1639-461c-bf1a-bbeea77e6b67', 'http://data.europa.eu/esco/skill/1177c6f5-09c5-4c35-873c-afd22d170ad3', 'http://data.europa.eu/esco/skill/70159320-b7f9-4d3e-9f00-99e0adf3f77e', 'http://data.europa.eu/esco/skill/7f18039d-dfae-471b-9daa-507f6b2d2842', 'http://data.europa.eu/esco/skill/93a68dcb-3dc6-4dbe-b196-f6d212228a50', 'http://data.europa.eu/esco/skill/c3687b34-fe53-4db2-ad1b-5055a6c5b6fd', 'http://data.europa.eu/esco/skill/cbd9cd0f-6c22-4bbc-8af2-dc9c7f5efcb5', 'http://data.europa.eu/esco/skill/d5e39a53-4f54-4d5f-9df3-b49664c9559d']","['http://data.europa.eu/esco/occupation/2808c7ec-cdb1-4b48-8429-e160a418ed0c', 'http://data.europa.eu/esco/occupation/2b48a4cd-2333-4abf-ac3e-6f63d6ed3663', 'http://data.europa.eu/esco/occupation/55167849-82cf-484e-b818-fa702a4e69e9', 'http://data.europa.eu/esco/occupation/68ad860f-c5cd-420f-840f-993e3e813508', 'http://data.europa.eu/esco/occupation/9740933e-e04a-41f6-af1f-a6d58c7eb0ec', 'http://data.europa.eu/esco/occupation/ab360abd-32e2-4e03-967d-a10758efffa7', 'http://data.europa.eu/esco/occupation/b09acdda-6680-49d1-a411-129610ee3bc0', 'http://data.europa.eu/esco/occupation/bea99fea-0383-4c63-b944-70d4799de2c5', 'http://data.europa.eu/esco/occupation/d43e9693-7087-412c-b54c-e9068012630a', 'http://data.europa.eu/esco/occupation/e14548c8-c2b9-4ef8-8670-d5967d7ad804', 'http://data.europa.eu/esco/isco/C1323', 'http://data.europa.eu/esco/isco/C3257']"
1382,Department Manager - Operational Excellence Manager (PMO) - Saudi Arabia,"Are you ready to elevate your career with a global leader in construction consulting? Hill International is seeking talented and motivated professionals to join our team! With projects spanning various sectors and locations, Hill International offers a dynamic and stimulating work environment where innovation, collaboration, and excellence are our core values.
 
Hill International provides comprehensive program, project, and construction management services for clients across diverse sectors undertaking major construction projects worldwide. Our expertise includes cost engineering and estimating, quality assurance, inspection, scheduling, risk management, and claims avoidance. To learn more about Hill International, please visit our website at www.hillintl.com.
 
We are committed to delivering exceptional project management services and solutions globally. Whether you are an experienced project manager, engineer, or a recent graduate eager to launch your career in the construction industry, we have opportunities that will both challenge and inspire you.
 
We are currently looking for a Department Manager - Operational Excellence Manager (PMO) to join our mega NWC project in Saudi Arabia. Submit your application in English today at apply@hillintl.com.
 
Join us and be part of a team that's shaping the future of the construction industry!
 
General Description of Role and Responsibilities:
 

Review and update policies, processes and procedures , quality assurance, continuous improvement, risk management, training and projects monitoring & reporting.
Developing and getting ratified department operating structure and department operating processes and procedures based on the PMM processes and procedures.
Assessing the capability of the existing PMO Department staff and recommend appropriate roles and responsibilities
Preparing the department knowledge transfer program which includes comprehensive on-the-job learning
Motivating employees to improve performance by fostering a culture of continuous improvement and innovation
Ensuring the Stage Gate Process is applied consistently to projects.
Establishing and maintaining a quality management system for the PMO that is aligned with the PMM.
Ensuring that the quality assurance management is implemented for each project
Analyzing data to identify operational trends and opportunities for improvement
Coordinating with other departments within the organization to ensure successful implementation of initiatives
Reviewing bidder’s quality submittals
Implementing a Risk Management procedure and system that is in alignment with the PMM template. This will include establishing a typical risk register to facilitate identification of risks, likelihood of occurrence, mitigation measures and assignment of responsibilities.
Enforcing the establishment of Risk Registers for each project by the Construction Management contractor.
Review the Risk Registers of all projects on a monthly basis.
Analyze project performance data to identify risks and issues.
Preparing reports on operational performance, including benchmarks against industry standards or best practices
Reviewing, validating and consolidating project monthly dashboards and reports highlighting any concerns
Developing consolidated NWC dashboard in accordance with the available PMIS requirements
Developing and issuing periodical project dashboards, presentations, and reports to concerned internal and external stakeholders.
Provide the support in completing all the requested tasks in PMIS.
Develop set of KPIs to measure the performance of the projects and clusters
Ensure the timely and accuracy of project data input to the PMIS (i.e Primavera P6, Oracle Project Module, Oracle Unifier, etc.).
Coordinate performance evaluation of contractors and consultants by clusters management and classify (on the basis of capability and performance).
Informs themselves of the relevant Quality, Environmental, Safety and Occupational Health Policies, Manuals and Procedures in place within Hill International, and ensures continued compliance with these requirements while employed by Hill.
Perform other duties as assigned by the line manager/supervisor.

 
Qualifications, Experience, Knowledge and Skills:
 

Bachelor degree in engineering from an accredited university.
Minimum 20 years’ experience in project management environment on large projects include overall responsibility for setting up and running a PMO.
Thorough knowledge and demonstrated experience of professional project management processes and procedures.
Working knowledge of engineering, procurement, contracts, construction, and start-up / set up work processes.
Involvement in continuous improvement and capacity building / talent development.
Demonstrated skill in management, supervisory and personnel administrative functions.
Excellent verbal and written communication skills.
Experience of working internationally (preference KSA experience).",Senior,Full-time,"Marousi, Greece",EL,2024-09-03,kariera.gr,167384,,"['http://data.europa.eu/esco/skill/0550431f-9c8b-4204-9c45-59bc5feacf06', 'http://data.europa.eu/esco/skill/0daaf096-1639-461c-bf1a-bbeea77e6b67', 'http://data.europa.eu/esco/skill/1177c6f5-09c5-4c35-873c-afd22d170ad3', 'http://data.europa.eu/esco/skill/1af2db15-2af9-44dd-9639-bf1fc69d4c34', 'http://data.europa.eu/esco/skill/1b957e3d-0017-42b0-9bfe-49a1cdd31de7', 'http://data.europa.eu/esco/skill/234aeb8d-56c3-4531-9193-1c5e6a8d16cb', 'http://data.europa.eu/esco/skill/2fb8480e-de3c-462b-b169-e8bbb344da68', 'http://data.europa.eu/esco/skill/3bc08c26-2f98-4730-bbb6-ec4a8566e3cf', 'http://data.europa.eu/esco/skill/4df04290-0084-499a-b52c-a43ff074e198', 'http://data.europa.eu/esco/skill/677d5144-4c77-4f8d-afc7-116f4bc0e660', 'http://data.europa.eu/esco/skill/6bee2e0f-4f12-4a82-a395-370cf0567c12', 'http://data.europa.eu/esco/skill/70159320-b7f9-4d3e-9f00-99e0adf3f77e', 'http://data.europa.eu/esco/skill/873f205a-05f8-45f8-b544-fe963a3edc1e', 'http://data.europa.eu/esco/skill/93a68dcb-3dc6-4dbe-b196-f6d212228a50', 'http://data.europa.eu/esco/skill/ab986bc4-df92-4351-9ac1-aa75af943cf7', 'http://data.europa.eu/esco/skill/cbd9cd0f-6c22-4bbc-8af2-dc9c7f5efcb5', 'http://data.europa.eu/esco/skill/ccbd0898-e225-4abc-8992-57a23b0e2eec', 'http://data.europa.eu/esco/skill/d5e39a53-4f54-4d5f-9df3-b49664c9559d', 'http://data.europa.eu/esco/skill/f206e732-110c-47ce-a53f-f00c9d97c90d']","['http://data.europa.eu/esco/occupation/1f8967ce-9faa-4d56-a656-50e041f7d07e', 'http://data.europa.eu/esco/occupation/2b48a4cd-2333-4abf-ac3e-6f63d6ed3663', 'http://data.europa.eu/esco/occupation/326027fc-5408-47cd-9b32-fbe770dbbe80', 'http://data.europa.eu/esco/occupation/3ae4fd99-814a-4d06-a7db-5ee680c22e26', 'http://data.europa.eu/esco/occupation/5ccb2c34-e860-43a5-9869-342487518115', 'http://data.europa.eu/esco/occupation/68ad860f-c5cd-420f-840f-993e3e813508', 'http://data.europa.eu/esco/occupation/ab360abd-32e2-4e03-967d-a10758efffa7', 'http://data.europa.eu/esco/occupation/b09acdda-6680-49d1-a411-129610ee3bc0', 'http://data.europa.eu/esco/occupation/bea99fea-0383-4c63-b944-70d4799de2c5', 'http://data.europa.eu/esco/occupation/cb4f98c8-6b8d-41d8-87eb-a2a2033a3a25', 'http://data.europa.eu/esco/occupation/faed05c0-c1d1-4e34-b575-0dea96459e56', 'http://data.europa.eu/esco/isco/C1323', 'http://data.europa.eu/esco/isco/C3257', 'http://data.europa.eu/esco/isco/C334', 'http://data.europa.eu/esco/isco/C3343']"
1385,CBU Project Manager - Saudi Arabia,"Are you ready to elevate your career with a global leader in construction consulting? Hill International is seeking talented and motivated professionals to join our team! With projects spanning various sectors and locations, Hill International offers a dynamic and stimulating work environment where innovation, collaboration, and excellence are our core values.
 
Hill International provides comprehensive program, project, and construction management services for clients across diverse sectors undertaking major construction projects worldwide. Our expertise includes cost engineering and estimating, quality assurance, inspection, scheduling, risk management, and claims avoidance. To learn more about Hill International, please visit our website at www.hillintl.com.
 
We are committed to delivering exceptional project management services and solutions globally. Whether you are an experienced project manager, engineer, or a recent graduate eager to launch your career in the construction industry, we have opportunities that will both challenge and inspire you.
 
We are currently looking for a CBU Project Manager to join our mega NWC project in Saudi Arabia. Submit your application in English today at apply@hillintl.com.
 
Join us and be part of a team that's shaping the future of the construction industry!
 
General Description of Role and Responsibilities:

Plan, organize, and manage CBU projects from start to finish, ensuring that all project goals and objectives are met.
Coordinate with clients to define project requirements and develop project plans.
Manage project teams, including assigning tasks, monitoring progress, and providing guidance and support.
Monitor projects’ budgets and resources and make adjustments as necessary to ensure project success.
Track projects milestones and deliverables and communicate progress to clients and stakeholders.
Identify and manage project risks and issues and develop contingency plans as needed.
Ensure compliance with all relevant regulations and standards.
Provide leadership and mentorship to project team members.
Monitor and track project progress, identifying and resolving any issues or delays that may arise.
Provide regular updates and reports to senior management on project status, risks, and opportunities.
Implementing the project EDMS, ensuring that all project documentation complies with the Client’s document management system.
Ensuring the timely and accuracy of data input to the PMIS at the project level.
Continuously improve project management processes and practices.
Informs themselves of the relevant Quality, Environmental, Safety and Occupational Health Policies, Manuals and Procedures within Hill International and ensures continued compliance with these requirements while employed by Hill.
Perform other duties as assigned by the line manager/supervisor.

Qualifications, Experience, Knowledge and Skills:
 

Bachelor's degree in engineering from an accredited university.
Minimum 20 years experience in large-scale infrastructure or city development projects, leading to the construction manager position on large-scale projects.
Experience in major government and/or semi-government international construction sites with direct professional knowledge and management of the following: site engineering, project controls, environment, health and safety, contracts management and quality.
Extensive Experience in the construction management of water and wastewater works.
Experience in implementing a zero-accident philosophy.
A record of engagement with government entities/utility providers.
Record of implementing continuous improvement on site and supporting capacity building/talent development in a construction environment.
Excellent verbal and written communication skills.
Experience working internationally (preference KSA experience).",Senior,Full-time,"Marousi, Greece",EL,2024-09-03,kariera.gr,167374,,"['http://data.europa.eu/esco/skill/0550431f-9c8b-4204-9c45-59bc5feacf06', 'http://data.europa.eu/esco/skill/0daaf096-1639-461c-bf1a-bbeea77e6b67', 'http://data.europa.eu/esco/skill/1177c6f5-09c5-4c35-873c-afd22d170ad3', 'http://data.europa.eu/esco/skill/128f0b4c-8da7-467b-9196-7c691e067a1e', 'http://data.europa.eu/esco/skill/1b957e3d-0017-42b0-9bfe-49a1cdd31de7', 'http://data.europa.eu/esco/skill/1dae8445-12e5-423a-bb26-824010e299b9', 'http://data.europa.eu/esco/skill/21fecc8a-392e-49ce-ac26-fb0696ccfead', 'http://data.europa.eu/esco/skill/2b69525c-731c-4813-99a7-673fa5679d32', 'http://data.europa.eu/esco/skill/477173ca-5fc2-406b-9122-95d92811f284', 'http://data.europa.eu/esco/skill/4d38b095-6730-4157-9807-8049dd7b43b8', 'http://data.europa.eu/esco/skill/651d7458-ff97-4bee-9290-af375c7ff25f', 'http://data.europa.eu/esco/skill/70159320-b7f9-4d3e-9f00-99e0adf3f77e', 'http://data.europa.eu/esco/skill/75d8e5d9-bef3-418b-9011-01bff9f27207', 'http://data.europa.eu/esco/skill/8157b8e0-433b-4fe6-b520-3fc7377c8d2e', 'http://data.europa.eu/esco/skill/92721092-fe7c-4689-96bd-4f02385bc0e7', 'http://data.europa.eu/esco/skill/93a68dcb-3dc6-4dbe-b196-f6d212228a50', 'http://data.europa.eu/esco/skill/c3687b34-fe53-4db2-ad1b-5055a6c5b6fd', 'http://data.europa.eu/esco/skill/cbd9cd0f-6c22-4bbc-8af2-dc9c7f5efcb5', 'http://data.europa.eu/esco/skill/ccb2e5f2-4279-48fd-9d85-a1db42ff1e13', 'http://data.europa.eu/esco/skill/cd5efa8c-e44d-4cbc-91c6-796018dbed68', 'http://data.europa.eu/esco/skill/d5e39a53-4f54-4d5f-9df3-b49664c9559d', 'http://data.europa.eu/esco/skill/fa3567c8-a7c1-40de-bac0-a4f5a85b9f1a']","['http://data.europa.eu/esco/occupation/2b48a4cd-2333-4abf-ac3e-6f63d6ed3663', 'http://data.europa.eu/esco/occupation/2c9939ef-ebab-4111-8f27-605ae8782791', 'http://data.europa.eu/esco/occupation/68ad860f-c5cd-420f-840f-993e3e813508', 'http://data.europa.eu/esco/occupation/ab360abd-32e2-4e03-967d-a10758efffa7', 'http://data.europa.eu/esco/occupation/b09acdda-6680-49d1-a411-129610ee3bc0', 'http://data.europa.eu/esco/occupation/bea99fea-0383-4c63-b944-70d4799de2c5', 'http://data.europa.eu/esco/occupation/e14548c8-c2b9-4ef8-8670-d5967d7ad804', 'http://data.europa.eu/esco/occupation/faed05c0-c1d1-4e34-b575-0dea96459e56', 'http://data.europa.eu/esco/occupation/fcf9024e-277c-43c7-8ec8-8903e5c9c576', 'http://data.europa.eu/esco/isco/C1323', 'http://data.europa.eu/esco/isco/C3257']"
1681,.Net C# Software Engineer,"At Relational FS we know that companies with a strong positive culture perform so much better. That is why every day we strive to create a collaborative and inclusive working environment where our people can feel empowered to succeed.
Are you a skilled and experienced .NET developer looking for an opportunity to grow while working on exciting and challenging projects in a collaborative and dynamic environment?
Relational FS has an opportunity available, to work on complex and challenging new products, to drive transformative change for our top-tier Financial Services clients. Operating in an Agile environment, applications are built with latest modern technologies like C#, microservices and front-end web frameworks.
Responsibilities

Design, code, debug, document, and test software according development fundamentals, processes, and specifications
Estimate development project tasks and timelines
Contribute to product design reviews with creative and practical solutions
Mentor junior team members

Essential Qualifications

Excellent English communication (both verbal and written)
Familiarity with Agile methodologies
Bachelor’s degree in computer science or other relevant field
2+ years of relevant working experience
Strong understanding of Computer Science fundamentals such as OOP, Design Patterns, Data Structures, Algorithms
Good understanding of C# .NET & Asp.Net WebAPI,
Good understanding of RDBMS (SQL Server) and ORMs
Good understanding of microservice architecture
Experience with Front-end technologies, especially angular, will be considered a plus
Experience with REST microservices and Service oriented architecture will be considered a plus

Desired Qualifications: What we might consider an advantage

Unit testing (Test Driven Development)
Azure DevOps Pipelines (CI/CD)
Cloud native containerized application Docker

What Does our tech stack look like?
At Relational FS, we pride ourselves on adaptability and keeping up with the latest technologies. Our current tech stack looks like this

.NET C#
Azure DevOps CI/CD, Git
Kubernetes, Docker, Harbor
MSSQL, PostgreSQL, Redis, Spark.NET
Prometheus, Grafana, Loci, Jaeger, OpenTelemetry

Why work with us?
Relational FS is one of Greece's leading technology software companies, with a mission to provide our clients with innovative, scalable, and secure software solutions that enhance their business performance and customer satisfaction. Through matrix organizational structure we achieve cross-functional collaboration which helps to increase efficiency, innovation, and responsiveness to changing markets. Along with that we introduced a software coaching/mentoring scheme which provides guidance, feedback, and support to software engineers or learners who want to improve their skills, knowledge, and performance.
You will collaborate with experienced and talented people, who will inspire you, mentor you, and help you grow. You will also have access to numerous resources, tools, and facilities that will enable you to do your best work.
As an equal opportunity employer, we celebrate diversity and are committed to creating an inclusive environment for all employees.
Our company is people - centric and offers personalized benefits to each employee:

We want you to be well compensated for what you bring in, so we offer an attractive salary package
Your health matters to us, so all colleagues have a private health insurance plan from day one
Developer’s fuel is coffee, and the supply source is in our kitchen!
We are excited for challenges, so you are invited to take part in exciting projects
We love the Relational vibes so we gather on smaller and bigger occasions to celebrate good times together!

Relational Financial Solutions adheres to the General Data Protection Regulation principles by applying its Privacy Policy as published in https://www.relationalfs.com/legal-information/pri.... By submitting an application to this position and by sharing your personal data with Relational Financial Solutions you acknowledge and accept its Policy and authorise Relational Financial Solutions to process your personal data for the purposes of the company's recruitment opportunities, in line to the Policy.",Mid-level,Full-time,"Athens, Greece",EL,2024-09-03,kariera.gr,167045,,"['http://data.europa.eu/esco/skill/08e2ff26-88ff-47b5-9d37-d19ace01b075', 'http://data.europa.eu/esco/skill/2b7a79e5-84d8-4880-be66-3d9bb05bea17', 'http://data.europa.eu/esco/skill/2fb8480e-de3c-462b-b169-e8bbb344da68', 'http://data.europa.eu/esco/skill/4c016b68-4116-468c-9dc6-42710c239e4a', 'http://data.europa.eu/esco/skill/63f224ea-d889-42ea-b3ef-730ef78c7176', 'http://data.europa.eu/esco/skill/7dfbe0f3-076f-4a19-9eaa-db4d6db704b6', 'http://data.europa.eu/esco/skill/8330c86e-63cf-4be6-849f-4f77628cc5c5', 'http://data.europa.eu/esco/skill/8c4b7305-4b83-4586-9d42-2817f96c60ea', 'http://data.europa.eu/esco/skill/913e7e83-b8f8-4574-b1ca-1b38f3fd974a', 'http://data.europa.eu/esco/skill/a4346013-a967-4a58-a533-6b32ad1364c5', 'http://data.europa.eu/esco/skill/a8d07b5a-c1a1-42c6-9d53-db9c7a2ca996', 'http://data.europa.eu/esco/skill/c062bab3-3ea0-4291-9220-a2d8fef4bead', 'http://data.europa.eu/esco/skill/dba46f87-0831-49cd-a1c7-340a653c0221', 'http://data.europa.eu/esco/skill/f5dd06b8-5d17-4932-9d03-957d0c4f5051', 'http://data.europa.eu/esco/skill/fecf8a0d-62c4-4e71-9b03-0f4fc2ad7bf5']","['http://data.europa.eu/esco/occupation/3fa9a480-ceb3-4c2a-8a91-0508e1bb6ba5', 'http://data.europa.eu/esco/isco/C2519']"
1682,Senior .Net C# Software Engineer,"At Relational FS we know that companies with a strong positive culture perform so much better. That is why every day we strive to create a collaborative and inclusive working environment where our people can feel empowered to succeed.
Are you a skilled and experienced .NET developer looking for an opportunity to grow professionally while working on exciting and challenging projects in a collaborative and dynamic environment?
Relational FS has an opportunity available, to work on complex and challenging new products, to drive transformative change for our top-tier Financial Services clients. Operating in an Agile environment, applications are built with latest modern technologies like C#, microservices and front-end web frameworks.
Responsibilities

Lead features from architecture to implementation alone or as part of a cross-functional team
Work closely with a business analyst team and stakeholders to design the best solutions
Mentor and guide fellow colleagues on industry’s best practices and standards
Test and deliver high-quality software
Mitigate technical risks, issues and proactively address any challenges

Essential Qualifications

Excellent English communication (both verbal and written)
Familiarity with Agile methodologies
Bachelor’s degree in computer science or other relevant field
Firm understanding of Computer Science fundamentals such as OOP, Design Patterns, Data Structures, Algorithms
Firm understanding of C# .NET, Asp.Net WebAPI,
Firm understanding of RDBMS (SQL Server) and ORMs
Firm understanding of microservice architecture
Experience with Front-end technologies, especially angular, will be considered a plus
Experience with REST microservices and Service oriented architecture

Desired Qualifications

Unit testing (Test Driven Development)
Azure DevOps Pipelines (CI/CD)
Cloud native containerized application Docker

What Does our tech stack look like?
At Relational FS, we pride ourselves on adaptability and keeping up with the latest technologies. Our current tech stack looks like this

.NET C#
Azure DevOps CI/CD, Git
Kubernetes, Docker, Harbor
MSSQL, PostgreSQL, Redis, Spark.NET
Prometheus, Grafana, Loci, Jaeger, OpenTelemetry

Why work with us?
Relational FS is one of Greece's leading technology software companies, with a mission to provide our clients with innovative, scalable, and secure software solutions that enhance their business performance and customer satisfaction. Through matrix organizational structure we achieve cross-functional collaboration which helps to increase efficiency, innovation, and responsiveness to changing markets. Along with that we introduced a software coaching/mentoring scheme which provides guidance, feedback, and support to software engineers or learners who want to improve their skills, knowledge, and performance.
You will collaborate with experienced and talented people, who will inspire you, mentor you, and help you grow. You will also have access to numerous resources, tools, and facilities that will enable you to do your best work.
As an equal opportunity employer, we celebrate diversity and are committed to creating an inclusive environment for all employees.
Our company is people - centric and offers personalized benefits to each employee:

We want you to be well compensated for what you bring in, so we offer an attractive salary package
Your health matters to us, so all colleagues have a private health insurance plan from day one
Developer’s fuel is coffee, and the supply source is in our kitchen!
We are excited for challenges, so you are invited to take part in exciting projects
We love the Relational vibes so we gather on smaller and bigger occasions to celebrate good times together!

Relational Financial Solutions adheres to the General Data Protection Regulation principles by applying its Privacy Policy as published in https://www.relationalfs.com/legal-information/pri.... By submitting an application to this position and by sharing your personal data with Relational Financial Solutions you acknowledge and accept its Policy and authorise Relational Financial Solutions to process your personal data for the purposes of the company's recruitment opportunities, in line to the Policy.",Senior,Full-time,"Athens, Greece",EL,2024-09-03,kariera.gr,167043,,"['http://data.europa.eu/esco/skill/08e2ff26-88ff-47b5-9d37-d19ace01b075', 'http://data.europa.eu/esco/skill/2b7a79e5-84d8-4880-be66-3d9bb05bea17', 'http://data.europa.eu/esco/skill/2fb8480e-de3c-462b-b169-e8bbb344da68', 'http://data.europa.eu/esco/skill/4c016b68-4116-468c-9dc6-42710c239e4a', 'http://data.europa.eu/esco/skill/63f224ea-d889-42ea-b3ef-730ef78c7176', 'http://data.europa.eu/esco/skill/7dfbe0f3-076f-4a19-9eaa-db4d6db704b6', 'http://data.europa.eu/esco/skill/8330c86e-63cf-4be6-849f-4f77628cc5c5', 'http://data.europa.eu/esco/skill/a4346013-a967-4a58-a533-6b32ad1364c5', 'http://data.europa.eu/esco/skill/a8d07b5a-c1a1-42c6-9d53-db9c7a2ca996', 'http://data.europa.eu/esco/skill/c062bab3-3ea0-4291-9220-a2d8fef4bead', 'http://data.europa.eu/esco/skill/dba46f87-0831-49cd-a1c7-340a653c0221', 'http://data.europa.eu/esco/skill/fecf8a0d-62c4-4e71-9b03-0f4fc2ad7bf5']",['http://data.europa.eu/esco/occupation/3fa9a480-ceb3-4c2a-8a91-0508e1bb6ba5']
1731,"Manager, Software Engineer","Why Patients Need You
Technology impacts everything we do. Pfizer's digital and 'data first' strategy focuses on implementing impactful and innovative technology solutions across all functions from research to manufacturing. Whether you are digitizing drug discovery and development, identifying solutions, or making our work easier and faster, you will be making a difference to countless lives.ROLE SUMMARYPfizer's purpose is to deliver breakthroughs that change patients' lives.In Pfizer Digital Core Solutions, we partner closely with our Pfizer business operations colleagues to efficiently deliver robust supporting technology solutions that enhance their work to achieve the Pfizer purpose. We value our team members' technical skills, but also their passion, teamwork, and growth. Our culture is focused on delivering value through courage, excellence, equity, and joy. Our collective skillset supports all aspects of technology planning, project execution and application development excellence.We are looking for Software Engineer (SE) candidates who are aligned with our culture and values, and with experience in software development projects that include both backend and frontend development using Java and Javascript-based technologies for multi-tiered, RDBMS-based web applications. Top candidates will also have experience working on regulated projects that have used an agile approach.The Software Engineer plays a key role in meeting our mission. In addition to standard software development and agile team responsibilities, SEs act as mentors as well as technical subject matter experts on in-house, outsourced, and co-sourced developed global applications. SEs may additionally lead technical teams and work independently or lead others on initiatives. SEs will collaborate closely with stakeholders of all levels across both the Digital Core Solutions organization as well as our partner business operations organizations, leading to opportunities to learn from and advise senior Pfizer leadership.The SE will work closely with their manager to ensure growth over time, including the selection of project work among hundreds of applications that will expand their skillset to meet personal and organizational goals, to provide fulfilling work, and to advance their careers.




ROLE RESPONSIBILITIES

Works independently and within teams to advance organizational and project objectives.
Works with project teams across R&D Solutions, providing technical leadership across business domains, including support for short and long-term strategies in alignment with Pfizer Digital colleagues: Client Partners, Architects, Solution Delivery Leads, among others.
Participates in Agile practices in alignment with team processes and objectives.
Designs application areas to meet project objectives and alignment with Digital standards and best practices.
Works in team environment with Pfizer colleagues as well as vendor partners.
Ensures the expectations and requirements of internal and external stakeholders are met.
Provides technical management of colleagues and contract resources for software development projects.
Provides technical expertise and oversight to ensure the quality and maintenance of existing production systems.
Suggests and assists in the development of Engineering Best Practices for the group.
Designs, prototypes, implements and unit tests software solutions in supported business areas.
Specifies user/system interfaces and translates logical designs into physical designs taking account of target environment, performance requirements and existing systems.
Produces detailed designs and documents all work using required standards, methods and tools, including prototyping tools, where appropriate.
Conducts reviews of supplied specifications as appropriate.
Creates, improves, and maintains DevOps and other build and code management configurations to support efficient, high quality, and secure software development and delivery.





QUALIFICATIONS ​

Undergraduate degree in Software Engineering, Information Management, Computer Science, Mathematics, or other scientific or engineering discipline.
5+ years of relevant experience within the Software Engineering discipline.
Experience working within teams of technologists, IT professionals or project managers using Agile, DevOps, and other approaches for iterative development.
Demonstrated capabilities and experience collaborating and working effectively in team settings, frequently in virtual teams with client partner and customer engagement responsibilities.
Experience in supporting the selection or implementation of technical direction on large projects and/or complex, program-level initiatives requiring technical and business-domain expertise.
Experience and demonstrated competencies either informally or formally managing and/or mentoring others with an emphasis on communicating software engineering and project development best practices.
Demonstrated focus on the high quality of outputs through various methods, such as through code quality initiatives, implementation of automated testing or a unit testing program, process improvement, or leading team engagement with quality initiatives.

Required Capabilities and Experience:

Strong capabilities in developing multi-tiered solutions using Java/J2EE, JBoss Application Server, SQL, REST and JMS, as well as web technologies and frameworks such as Angular, Typescript, HTML, CSS.
Experience using Agile and DevOps tools such as Jira, GitHub and Sonar.
Demonstrated capabilities in understanding data and integration architectures to manage, transform, and exploit data across the enterprise.
Capable of understanding security requirements and using the frameworks and tools the organization has put in place to meet those requirements.
Excellent oral and written communication skills including technical writing / documentation.

Required Aptitude:

Quick to establish trust and respect
Action oriented and energetic
Resourceful and creative
Persistent and determined
Mature and cool under pressure
Easily makes connections
Reads situations quickly
Commitment and follow through

Pfizer is an equal opportunity employer and complies with all applicable equal employment opportunity legislation in each jurisdiction in which it operates.
To apply please visit our website www.pfizercareers.com and search job Manager, Software Engineer id 4910159.",Senior,Full-time,"Thessaloniki, Greece",EL,2024-09-03,kariera.gr,166989,,"['http://data.europa.eu/esco/skill/0a9acb6b-1139-4be9-b431-3a80a959f2f4', 'http://data.europa.eu/esco/skill/0af062de-eb43-41e9-9b96-249e2cd22d26', 'http://data.europa.eu/esco/skill/113b4428-0a31-4199-8496-070af7854b91', 'http://data.europa.eu/esco/skill/1af2db15-2af9-44dd-9639-bf1fc69d4c34', 'http://data.europa.eu/esco/skill/1fcce318-3212-487a-ac07-4941bc85060d', 'http://data.europa.eu/esco/skill/21fecc8a-392e-49ce-ac26-fb0696ccfead', 'http://data.europa.eu/esco/skill/2624158e-4a53-4667-8921-96ee7aaea7b3', 'http://data.europa.eu/esco/skill/33d49d4f-31ec-473f-9b8a-b555aa5116bb', 'http://data.europa.eu/esco/skill/4339176e-3acd-4f7f-a5d9-445bee3d23f2', 'http://data.europa.eu/esco/skill/598de5b0-5b58-4ea7-8058-a4bc4d18c742', 'http://data.europa.eu/esco/skill/5b26f08b-88bc-45f0-b901-530d7786466b', 'http://data.europa.eu/esco/skill/5dd96c59-5955-474b-8cf5-e986a5b50f1a', 'http://data.europa.eu/esco/skill/6a322874-e32f-4cd8-9683-badce67a7f73', 'http://data.europa.eu/esco/skill/75b30aeb-34c0-40f4-b77d-271d75a98b14', 'http://data.europa.eu/esco/skill/867137fb-ff1b-4ca3-99f3-cb6969aa2c68', 'http://data.europa.eu/esco/skill/b16bcbcb-1d3f-42b3-a6a5-b91348a72b70', 'http://data.europa.eu/esco/skill/b87f6102-5bab-4e99-a5d8-11b6be1b99c2', 'http://data.europa.eu/esco/skill/bacbfc27-4b5d-47de-8bfd-af5fa27562a2', 'http://data.europa.eu/esco/skill/c69587b4-05d3-45bb-b79b-9b85e6603fc2', 'http://data.europa.eu/esco/skill/d83cba15-8511-4d07-b89a-9fde0d1d8241', 'http://data.europa.eu/esco/skill/dba46f87-0831-49cd-a1c7-340a653c0221', 'http://data.europa.eu/esco/skill/dd009c14-f702-4d16-a919-8d2098205cf4', 'http://data.europa.eu/esco/skill/ed1d8bd4-cd2a-4c64-b665-56d70651026c', 'http://data.europa.eu/esco/skill/f0de4973-0a70-4644-8fd4-3a97080476f4', 'http://data.europa.eu/esco/skill/f37d9f67-2e79-4958-8307-1ce9d6dcc8bd', 'http://data.europa.eu/esco/skill/f5308e60-d763-4ead-be95-88c96fb3e02b']","['http://data.europa.eu/esco/occupation/00030d09-2b3a-4efd-87cc-c4ea39d27c34', 'http://data.europa.eu/esco/occupation/070e94a8-a933-4557-9b95-fefe7f4f1763', 'http://data.europa.eu/esco/occupation/53cdd34e-22f2-41bd-b3c7-de22bf9bbcae', 'http://data.europa.eu/esco/occupation/72628f3a-fd49-499a-9741-870b0a1fcef2', 'http://data.europa.eu/esco/occupation/874a2080-a9b6-46a9-8662-c9b7d4208f73', 'http://data.europa.eu/esco/occupation/8b6388a4-4904-471b-9331-d3b1211f5525', 'http://data.europa.eu/esco/occupation/8c3f536e-ba66-4321-ba40-363dc39f129b', 'http://data.europa.eu/esco/occupation/8cb59bc4-1f39-477e-beea-effed12d186c', 'http://data.europa.eu/esco/occupation/cc867bee-ab5c-427f-9244-f7a204d9574b', 'http://data.europa.eu/esco/occupation/d515e82a-ca9f-4be4-9823-33694dff7304', 'http://data.europa.eu/esco/isco/C1330', 'http://data.europa.eu/esco/isco/C2519']"
1834,"Sr. Associate, Network Automation Engineer","ROLE SUMMARYEnterprise Platforms & Security (EP&S), integrates and oversee Pfizer's global infrastructure, information technology operations, risk management, data privacy, and cybersecurity capabilities Our business application platforms support Pfizer's enterprise application and critical business processes. A robust infrastructure allows business traffic to travel where it needs to go, internally and externally, along with the appropriate access controls. EP&S secures Pfizer's most important information assets through world class controls and protections and enables Pfizer's business results by making security an enabler and not a roadblock to achieving business results.The Digital Command Operations (DCO) team delivers excellence in the pursuit of those breakthroughs through industry-leading infrastructure operations reliability. This is achieved through transparency in business and service health, predictive detection of service interruptions, the elimination of repetitive operational tasks (toil) through automation, and improved diagnostics to drive better decisions and interventions.The ​Sr. Associate, Network Automation Engineer​ will work collaboratively with other members of the Network Infrastructure, peer organizations and the broader Pfizer Digital Organization, to provide technical expertise in building Pfizer's network automation capabilities and identifying & successfully implementing advanced IT automation solutions for Pfizer Digital and our clients.




ROLE RESPONSIBILITIES

Identify potential opportunities to automate Network Operational processes, including elimination of toil and risk.
Programmatically analyze network incidents and develop automated solutions for close loop remediation.
Utilize software engineering practices, and programming or scripting languages like Java, Python, or JavaScript, to develop code, automate tasks, and integrate monitoring and alerting in the process.
Stay updated on emerging trends and technologies in network engineering, software engineering, and cloud computing.
Utilize logging and monitoring solutions like Grafana, Splunk or similar, to track, troubleshoot, and remediate issues.
Use and customize industry-leading Network Performance Monitoring, Planning, and Configuration Management capabilities.
Maintain design and support documentation.
Collaborate with cross-functional teams to identify opportunities for improving data collection, analysis processes, and data-driven decision-making.
Document analysis methodologies, findings, and insights to facilitate knowledge sharing and maintain data quality standards.





QUALIFICATIONSMinimum Qualifications:

Bachelor's degree in Computer Science, Information Technology, Engineering, or STEM related field, or equivalent practical experience.
3+ years of professional experience in network engineering or a related field.
Experience in any of the following Cisco/Meraki/SDWAN, Catalyst, Nexus, AireOS.
Experience with Network Performance Monitoring, Planning, and Configuration Management tools.
Experience in at least one programming or scripting language (e.g., Java, JavaScript, Python).
Experience in programmatically analyzing network incidents and developing automated remediation solutions.
Demonstrated experience with network automation tools and technologies.
Excellent communication and collaboration skills, with the ability to work effectively in a team environment.
Strong attention to detail and commitment to delivering high-quality work.
Demonstrated ability to work in an agile work environment possessing qualities such as a collaborative mindset, adaptability to change, and a proactive problem-solving approach.

Preferred Qualifications:

Associate level Industry certifications (CCNA, DEVASC, CCSA, or equivalent expertise).
Familiarity with F5 Load Balancers.
Experience with data visualization tools such as Grafana, Tableau.
Familiarity with software engineering best practices, version control, testing, deployment in maintenance will be considered plus.
Experience working in Agile environments, preferably with Scrum methodology with a focus on continuous improvement and delivery.
Professional certifications in network engineering, automation, or cloud services (e.g. AWS Certified Solutions Architect).

Pfizer is an equal opportunity employer and complies with all applicable equal employment opportunity legislation in each jurisdiction in which it operates.
To apply please visit our website www.pfizercareers.com and search job Sr. Associate, Network Automation Engineer id 4913533.",Senior,Full-time,"Thessaloniki, Greece",EL,2024-09-02,kariera.gr,166865,,"['http://data.europa.eu/esco/skill/0c15aa34-6977-4da7-b1f0-2ba6a582ef1b', 'http://data.europa.eu/esco/skill/0daaf096-1639-461c-bf1a-bbeea77e6b67', 'http://data.europa.eu/esco/skill/19a8293b-8e95-4de3-983f-77484079c389', 'http://data.europa.eu/esco/skill/21d2f96d-35f7-4e3f-9745-c533d2dd6e97', 'http://data.europa.eu/esco/skill/49de9958-2aa4-4eef-a89d-fe5d5bcd28c4', 'http://data.europa.eu/esco/skill/5ef0c719-5bcb-49f8-b8eb-824388225333', 'http://data.europa.eu/esco/skill/65e58886-bd1e-4c5b-8ca5-8d9b353c8aa1', 'http://data.europa.eu/esco/skill/9d2e926f-53d9-41f5-98f3-19dfaa687f3f', 'http://data.europa.eu/esco/skill/9e84a506-df06-4be3-874a-fa01293e3dd5', 'http://data.europa.eu/esco/skill/a4346013-a967-4a58-a533-6b32ad1364c5', 'http://data.europa.eu/esco/skill/a80fb090-63f4-4b05-83a5-2f090deb7757', 'http://data.europa.eu/esco/skill/bd14968e-e409-45af-b362-3495ed7b10e0', 'http://data.europa.eu/esco/skill/be20d05c-f6b4-4580-9fcf-f00f4baab562', 'http://data.europa.eu/esco/skill/cc7370dd-69fa-4c67-a96f-d4d135d38700', 'http://data.europa.eu/esco/skill/ccb2e5f2-4279-48fd-9d85-a1db42ff1e13', 'http://data.europa.eu/esco/skill/ccd0a1d9-afda-43d9-b901-96344886e14d', 'http://data.europa.eu/esco/skill/f4a6e9f7-5cff-46c0-894c-59c20bb78694']","['http://data.europa.eu/esco/occupation/2082e125-d06b-43e6-957f-b7aa3c48dc2f', 'http://data.europa.eu/esco/occupation/2fb96c6c-8d0b-4ef0-b1ee-3e493305e4eb', 'http://data.europa.eu/esco/occupation/3b1ea27c-781c-41eb-821f-214285260dd2', 'http://data.europa.eu/esco/occupation/57af9090-55b4-4911-b2d0-86db01c00b02', 'http://data.europa.eu/esco/occupation/7086d0ca-1e77-4690-89c9-7ed1a0478fa3', 'http://data.europa.eu/esco/occupation/b09acdda-6680-49d1-a411-129610ee3bc0', 'http://data.europa.eu/esco/occupation/bb609566-3ab6-44dd-8f48-cf0b15b96827', 'http://data.europa.eu/esco/isco/C214']"
1842,Environmental Engineer,"Position Description:

Participation in the daily collection of data and documents on environmental issues
Support tasks in the daily operation of the company (Back Office)
Checking and completing the IMA and communication of other information to SED
Control, renewal and active participation in the process of control and renewal of the Company's Licenses in collaboration with a specialized external office
Cooperation with the company's departments for efficient handling of waste imports and exports.
Elaboration of basic analyzes in the company's chemistry as well as environmental measurements
Participation in the company's waste/environmental management projects
Design, implementation and control of programs for the protection and management of the environment
Continuous information on legislative issues of the sector at Local-National-Community and global level
Study of activities in accordance with environmental legislation and improvement proposals based on sustainable development, technological progress and circular economy
Formation of the company's policy on environmental issues, information and awareness of executives on environmental issues
Regular briefing of the company's Employees on environmental issues

Required Qualifications:

Engineer, Chemical Engineer, Environmental Engineer or related specialty


At least 3 years of professional experience in waste management, recycling and the environment
Awareness of environmental management principles and contact with the legal framework of environmental licensing
Excellent knowledge of English Language
Fluency in oral and written language with the ability to write reports, reports, studies and other written texts
Excellent use of PC and MS Office applications
Team spirit, responsibility and communication/organizational skills
Emphasis on the result with a logical and methodical approach
Consistency and adherence to procedures and schedules
Ability to respond under time pressure conditions

Desired Qualifications:

Postgraduate degree
Member of the TEE Technical Chamber
Knowledge of specialized computer programs such as AutoCAD 2D, GIS tools, etc.
Experience in waste management, recycling and the environment
Vehicle license

The company offers:

Attractive and competitive remuneration package
Full-time employment with an open-ended contract
Five-day morning shift (Mon-Fri)
Career development opportunities
Pleasant and creative work environment
Company laptop and mobile phone",Mid-level,Full-time,"Keratea, Greece",EL,2024-09-02,kariera.gr,166854,,"['http://data.europa.eu/esco/skill/0562cd60-cd92-47c3-bc63-30a55c5ca4fe', 'http://data.europa.eu/esco/skill/114a79ef-1e62-475b-a862-954f5b4cca20', 'http://data.europa.eu/esco/skill/15d76317-c71a-4fa2-aadc-2ecc34e627b7', 'http://data.europa.eu/esco/skill/199f7919-5114-41b6-b6a5-41e0e4896ec1', 'http://data.europa.eu/esco/skill/22c45bf7-e52b-475f-847b-c32a87f65a5d', 'http://data.europa.eu/esco/skill/507e2b21-1285-47e9-bf09-0db794df1bf0', 'http://data.europa.eu/esco/skill/89f5fa96-ae45-4906-902c-d50ca51009c6', 'http://data.europa.eu/esco/skill/8abdc43c-2bfd-417c-97c2-27fcdaf53171', 'http://data.europa.eu/esco/skill/b216d9a2-7d4e-4312-8d05-e375f4ab44d8', 'http://data.europa.eu/esco/skill/bd70f004-e1d6-43f0-96f1-59c014a4ea01', 'http://data.europa.eu/esco/skill/cf310cff-0d28-4dbc-9dbb-cc500a3196c2', 'http://data.europa.eu/esco/skill/d86babea-bf8b-4552-81a8-daf706066ad6', 'http://data.europa.eu/esco/skill/f3cc52e3-a96c-4549-b841-6e41a846fa99', 'http://data.europa.eu/esco/skill/f5b33464-4df9-4cf3-b468-b0a2d6b3ee85']","['http://data.europa.eu/esco/occupation/139fba7b-6c1f-40ee-8acf-78f97e57c905', 'http://data.europa.eu/esco/occupation/4b214899-ed00-4156-b269-a23df0fb1093', 'http://data.europa.eu/esco/occupation/4ed9ce62-75d4-4b05-80d4-e86528fecdcd', 'http://data.europa.eu/esco/occupation/574f3232-1d07-4034-8cac-c57ddbfff192', 'http://data.europa.eu/esco/occupation/a7358961-46d4-4715-ac1e-6148fd042510', 'http://data.europa.eu/esco/occupation/ab360abd-32e2-4e03-967d-a10758efffa7', 'http://data.europa.eu/esco/occupation/ac1fc6a9-70d2-475c-8fa0-82ef83830968', 'http://data.europa.eu/esco/occupation/ec21ce88-ce14-49b6-be0a-cc53cf5a3a67', 'http://data.europa.eu/esco/isco/C2133']"
1928,Technical Support Engineer,"Emphasis DigiWorld (www.emphasisdw.com) offers industry solutions that capture, process and analyze real-time sensor data in the cloud.
For the technical support department of the company, we are looking for a dynamic executive who will work in the team and pleasant working environment that we have taken care to create.
Responsibilities of the Position

Technical support of customers and partners
Remote technical control and support of telematic equipment installations
Training of users and electrical installations
Process Management System (CRM) Update

 Necessary Qualifications

Degree in Automation Engineering or Electronic Engineering (TEI/HEI)
Fluency in oral and written communication in Greek and English
Organizational and team spirit and a positive attitude
Completed military obligations

Desired Qualifications

Professional experience in customer support
Experience solving technical problems or repairing electronic equipment
Knowledge of IT systems and SQL Database management

Allowances

Full time employment
Hours Monday - Friday 9-17:00
Competitive remuneration package
Excellent working environment
Education and development perspective

Are you interested? Send your resume to: hr@emphasisdw.com",Mid-level,Full-time,"Athens, Greece",EL,2024-08-31,kariera.gr,166774,,"['http://data.europa.eu/esco/skill/14832d87-2f2f-4895-b290-e4760ebae42a', 'http://data.europa.eu/esco/skill/52797dce-911c-4e6d-b0cb-491f6469014f', 'http://data.europa.eu/esco/skill/5edaf4c4-6747-4eb8-b898-72dd2351dca8', 'http://data.europa.eu/esco/skill/7369f779-4b71-4aab-8836-48b69c676eec', 'http://data.europa.eu/esco/skill/7629db63-5922-42fa-8c80-9575526f7326', 'http://data.europa.eu/esco/skill/e487f6f8-854d-4210-9658-4196f07cc209']","['http://data.europa.eu/esco/occupation/33960bab-4423-4808-af6c-ec2b485dba41', 'http://data.europa.eu/esco/occupation/8c57af09-719c-42b3-be40-6ed4946236cc', 'http://data.europa.eu/esco/occupation/b21aac17-8237-4264-bc2c-0e315346fd8f', 'http://data.europa.eu/esco/occupation/bb609566-3ab6-44dd-8f48-cf0b15b96827', 'http://data.europa.eu/esco/isco/C352']"
2042,Web Developers,"Duties
As a Senior software engineer, you will join an autonomous team of software engineers, and your primary duties will be the following:
● Design, build, and maintain efficient, reusable, and reliable code● Develop data processing solutions per specifications● Support bug fixes and existing feature enhancement● Utilize, communicate and follow coding standards
Tech stack: Most sites and services are written in C# / ASP.NET, and new services are written in .NET Core. New applications use vue.js in the front end, while older ones use jQuery. MS SQL Server is used for most storage needs, but Redis is used when applicable. In addition, the company uses TFS and Git for code versioning and CI.
Prerequisites
● Minimum 2 years experience● Good knowledge of C# .NET Core, EF Core, jQuery, Vue.js or similar frameworks, MS SQL● Good knowledge of CSS3, HTML (HTML5), Responsive web design● English speaking
Desired
● Experience with complex applications, APIs and BackOffice systems● Basic knowledge of Varnish, Redis, and other supplementary technologies used in the modern development process● Experience with Git/TFS-based development workflows and agile software processes● Continuous Integration/ Delivery (CI/CD) Methods● Azure Pipelines
Incentives
● Flexible working hours● Possibility of working remotely● Competitive remuneration package",Mid-level,Full-time,"Nea Makri, Greece",EL,2024-08-31,kariera.gr,166461,,"['http://data.europa.eu/esco/skill/15d76317-c71a-4fa2-aadc-2ecc34e627b7', 'http://data.europa.eu/esco/skill/634865e0-2ec2-4b7f-bb7f-c196637f0f7b', 'http://data.europa.eu/esco/skill/6ad40ca3-dc34-4442-b23f-0b1b28936f56', 'http://data.europa.eu/esco/skill/c062bab3-3ea0-4291-9220-a2d8fef4bead']","['http://data.europa.eu/esco/occupation/6cd08cbe-7611-4d70-8886-6c59c0385442', 'http://data.europa.eu/esco/occupation/c40a2919-48a9-40ea-b506-1f34f693496d', 'http://data.europa.eu/esco/occupation/e8fca903-6590-48a8-8902-094bb41ee90c', 'http://data.europa.eu/esco/occupation/f2b15a0e-e65a-438a-affb-29b9d50b77d1']"
2080,GCS Sr. Associate Analytics Solution Engineer,"ROLE DETAILSAll over the world, Pfizer colleagues are working together to positively impact health for everyone, everywhere. Each position at Pfizer touches and contributes to the success of our business and our world. That's why, as one of the global leaders in the biopharmaceutical industry, Pfizer is committed to seeking out inspired new talent who share our core values and mission of making the world a healthier place.R&D within AIDA (AI, Data and Analytics), a Pfizer Digital organization, is responsible for the development and management of all data and analytics tools and platforms across the enterprise - from global research and development, to manufacturing, to commercial, to patient care across over 100+ countries. One of the team's top priorities is the advancement of AI/ML enabled analytics and the creation of data solutions that can be leveraged across the enterprise.R&D in AIDA holds responsibility for the development and operations of the aggregate data solutions (data lakes and associated application portfolios) supporting Pfizer's scientific and clinical functions.The Sr. Associate Solution Engineer will develop scientific data solutions with a team of peer developers, digital client partners, architects, platform leads and contract support personnel under the direction of a senior software developer.




ROLE RESPONSIBILITIES

Develop, maintain, and improve new and existing data solutions with a strong sense of accountability and attention to quality.
Collaborate closely with other engineers and team leaders to become a valued member of an autonomous, cross-functional team.
Translate high-level business problems into solutions using data-driven modeling and analysis.
Perform stringent testing of code written, including designing and writing automated tests to allow for continuous delivery.
Define and maintain related artifacts that support data integration.
Clearly and regularly communicate with line management and colleagues.
Mentor your more junior developer colleagues and perform tasks such as peer code reviews, provide feedback and corrections as necessary.
Help the team embrace agile core values, adopt, and apply those principles, and implementation practices.

QUALIFICATIONSProfessional Experience and Educational Requirements

BS/MS in Computer Science, Engineering, or related field.
3+ years' experience in data solutions and analytics development.
Fundamental knowledge in programming using Python and Pyspark.
Demonstrated knowledge of Structured query language (SQL).
Back-end experience with databases such as Oracle, RedShift, and Snowflake.
Knowledge of Big Data technologies.
Ability to work independently, in a team environment and multi-task effectively.
Flexible and willing to accept a change in priorities as necessary.
Strong attention to detail with high standards of quality and customer value.
Self-motivated and proactive with the ability to take ownership of issues.
Excellent oral and written communication skills.

PREFERRED QUALIFICATIONS

Experience with developing identity management solutions desirable.
Experience in developing solutions aimed at medical professionals desirable.
Experience in the Pharma industry desirable.
Experience in modern software development practices including distributed versioning systems, continuous integration/deployment, automated testing (DevOps).
Working knowledge of Jira, GitHub, and Docker.
Experience with AWS and demonstrated understanding of cloud application architectures (We heavily leverage AWS and experience of its services and how to use them is a definite bonus).

Pfizer is an equal opportunity employer and complies with all applicable equal employment opportunity legislation in each jurisdiction in which it operates.
To apply please visit our website www.pfizercareers.com and search job GCS Sr. Associate Analytics Solution Engineer with id 4918714.",Senior,Full-time,"Thessaloniki, Greece",EL,2024-08-30,kariera.gr,166592,,"['http://data.europa.eu/esco/skill/082967d4-b94c-4305-aa13-35a6aa8c5c7c', 'http://data.europa.eu/esco/skill/08e2ff26-88ff-47b5-9d37-d19ace01b075', 'http://data.europa.eu/esco/skill/0b144726-21c2-46ed-8d13-c03d27f61604', 'http://data.europa.eu/esco/skill/0d6714c6-720e-4985-9791-5ab85d28da79', 'http://data.europa.eu/esco/skill/11430d93-c835-48ed-8e70-285fa69c9ae6', 'http://data.europa.eu/esco/skill/1605025e-a179-421f-8f35-5b07d182a6b2', 'http://data.europa.eu/esco/skill/1b957e3d-0017-42b0-9bfe-49a1cdd31de7', 'http://data.europa.eu/esco/skill/97bd1c21-66b2-4b7e-ad0f-e3cda590e378', 'http://data.europa.eu/esco/skill/9cf681c7-89ec-470c-b651-7fe03786f586', 'http://data.europa.eu/esco/skill/ab1e97ed-2319-4293-a8b7-072d2648822f', 'http://data.europa.eu/esco/skill/bc0b0b5d-f6be-405a-b224-b6902a4dbe97', 'http://data.europa.eu/esco/skill/ccd0a1d9-afda-43d9-b901-96344886e14d', 'http://data.europa.eu/esco/skill/f0de4973-0a70-4644-8fd4-3a97080476f4', 'http://data.europa.eu/esco/skill/f8e3425c-fe44-4ffb-bafe-0e20d91dadf4']","['http://data.europa.eu/esco/occupation/2fb96c6c-8d0b-4ef0-b1ee-3e493305e4eb', 'http://data.europa.eu/esco/occupation/53cdcc84-e5ee-488c-aa09-88084e06d6d7', 'http://data.europa.eu/esco/occupation/8c3f536e-ba66-4321-ba40-363dc39f129b', 'http://data.europa.eu/esco/occupation/bd9d395a-d587-45c6-8d72-ceef226df9e1', 'http://data.europa.eu/esco/occupation/cc325a8f-702e-4bf0-893f-5b5d456475ad', 'http://data.europa.eu/esco/occupation/cc867bee-ab5c-427f-9244-f7a204d9574b', 'http://data.europa.eu/esco/occupation/f2b15a0e-e65a-438a-affb-29b9d50b77d1', 'http://data.europa.eu/esco/isco/C214']"
2106,NATURAL GAS NETWORK ENGINEERS,"Enaon EDA is looking to recruit gas network engineers based in the following cities?
-       Patras 
- Ioannina
-       Catherine
-       Lamia 
Job Description:
1. Commercial Activities:
 
·       Management of new consumer applications,
·       Technical autopsies,
·       Management of new consumer contracts,
·       Internal facility audits (and related studies).
·       Managing customer complaints and departments.
 
2. Operation & Maintenance Activities:
·       Participation in the alert and immediate intervention program,
·       Technical interventions for activations / deactivations of network sections, drain connections & meters,
·       Regular & extraordinary maintenance of medium - low pressure network and equipment.
Required special knowledge/skills/experience:

Graduated Engineers from HEI & TEI (Mechanical or Electrical Engineer, or Oil & Gas Technology Engineer)


Excellent computer knowledge (Ms Office) & use of smart devices (tablets, mobiles)
Experience in relevant activities
Driver's license.

Personal Characteristics:

Ability to work under pressure
Willingness to cooperate & teamwork
Flexibility & adaptability.

Residence: in the aforementioned cities.



 







Interested parties are requested to submit their CV to hr@ena-on.gr (Greek & English) only if they consider that it meets the requirements of the position. 
Resumes are managed with confidentiality, respect for the candidate and protection of personal data.",Mid-level,Full-time,"Athens, Greece",EL,2024-08-30,kariera.gr,166554,,"['http://data.europa.eu/esco/skill/28d715e3-3e5b-4fb6-8dd2-4be4919c8587', 'http://data.europa.eu/esco/skill/35f1dcdc-577f-46c6-96d9-6c7a64501de9', 'http://data.europa.eu/esco/skill/49de9958-2aa4-4eef-a89d-fe5d5bcd28c4', 'http://data.europa.eu/esco/skill/649b00ec-a70d-4b3a-ae2e-5662964b0fb8', 'http://data.europa.eu/esco/skill/8804d963-5a31-4609-b5df-f741b7199fb7', 'http://data.europa.eu/esco/skill/a4346013-a967-4a58-a533-6b32ad1364c5']","['http://data.europa.eu/esco/occupation/13d1b2b4-99dd-44da-9734-c9f74bae18f7', 'http://data.europa.eu/esco/occupation/7569f423-2c37-49aa-947e-41acb66ec909', 'http://data.europa.eu/esco/occupation/86ca306c-ab99-420a-9e2a-aa73c5c4de22', 'http://data.europa.eu/esco/occupation/a9b20949-897b-481f-8642-d1f69263baff']"
2123,Senior Business Intelligence Engineer (Hybrid),"Who we are We are a leader in mobile technology, providing innovative solutions to 1.2 billion consumers. In an ever-increasing digital world, we help businesses grow their digital reach & toolkits to optimize user experience, increase engagement, attract new customers, and boost their revenues.Think of performance marketing but on steroids as our top-notch marketers and engineers build digital journeys through an omnichannel marketing approach like no other. Currently, we work with the biggest names in Telco, Insurance, Education, FMCGs, and Retail in over 45 countries in Latin America, Africa, the Middle East, and South-East Asia.The roleOur BI team is growing and we are looking for an experienced Senior Business Intelligence Engineer to join us in Athens, Greece. She/he will be responsible for delivering solutions that are crucial for the day-to-day and strategic decision-making of other internal teams.As a Senior BI Engineer at Upstream, you’ll have the chance to work on a broad range of BI areas and technologies, from analyzing business requirements to data management and ETL, to report building and data visualization. You’ll also have the opportunity to work on different products and interact with internal stakeholders from several regions across the world. You’ll also have the flexibility to make design decisions and propose solutions; innovation and fresh ideas are more than welcome.Main Responsibilities  Design, build and maintain efficient data pipelines and ETLs on big volumes of data. Design, build and maintain online reports and dashboards. Deliver on-demand data and reports Work closely with the business users to capture requirements. Monitor the health and performance of the BI infrastructure and take the required corrective actions. Continuously try to improve our tools and processes, following high quality and efficiency standards. Requirements Degree in Computer Science, Engineering, Natural Sciences or other quantitative field. 4+ years of experience in a similar role. SQL expertise is a must. A suitable candidate should be comfortable with using complex joins, aggregations and window/analytics functions and follow best practices in terms of query optimization. Experience in Python or similar scripting language, along with basic concepts of version control (Git). Experience in at least one BI reporting tool (e.g. Tableau, Power BI, Cognos, etc.) and spreadsheets (Excel, Google Sheets). Any experience with ETL tools (e.g. SSIS, Informatica, Pentaho DI, etc.) is a plus. Any experience in handling semi-structured data and data APIs is a plus. Ability to handle and prioritize tasks with minimum supervision, ensuring smooth delivery. BenefitsWe offer a competitive base salary and benefits, directly dependent on the candidate’s qualifications and skills. The real excitement comes from working closely with a dynamic, smart, agile, and highly motivated team in a competitive and fast-paced environment. Follow us on LinkedIn and stay updated on our latest news. Upstream is an equal-opportunity employer. The Company does not discriminate on the basis of race, color, creed, pregnancy, religion, gender, national origin, age, disability, marital, or any other legally protected status. The Company also makes reasonable accommodations for disabled employees. Finally, the Company prohibits the harassment of any individual based on their protected status. This policy applies to all areas of personnel actions including recruitment, hiring, training, promotion, compensation, benefits, transfer,and social and recreational programs",Senior,Full-time,"Gerakas, Greece",EL,2024-08-30,kariera.gr,166543,,"['http://data.europa.eu/esco/skill/0ee94c0a-3716-494a-95a2-dcbab9e58be2', 'http://data.europa.eu/esco/skill/1973c966-f236-40c9-b2d4-5d71a89019be', 'http://data.europa.eu/esco/skill/2fb8480e-de3c-462b-b169-e8bbb344da68', 'http://data.europa.eu/esco/skill/5ef0c719-5bcb-49f8-b8eb-824388225333', 'http://data.europa.eu/esco/skill/6d97bf55-6fb6-4795-8282-3ef915ae0bb8', 'http://data.europa.eu/esco/skill/6f7512ab-d46d-402a-8c30-a8878d7c1f88', 'http://data.europa.eu/esco/skill/9d2e926f-53d9-41f5-98f3-19dfaa687f3f', 'http://data.europa.eu/esco/skill/c3e36d05-8ae8-447f-bb2b-6f9409f85389', 'http://data.europa.eu/esco/skill/dba46f87-0831-49cd-a1c7-340a653c0221', 'http://data.europa.eu/esco/skill/e24377fb-020b-4430-8bed-86dd539bbf3a', 'http://data.europa.eu/esco/skill/e517f098-dce4-4ecd-9371-499936c0f947', 'http://data.europa.eu/esco/skill/f3c5fae0-c0e3-4410-bc09-62bd82d4cecc']","['http://data.europa.eu/esco/occupation/1738173e-ef9c-4222-88c8-b6aa9bad3cf7', 'http://data.europa.eu/esco/occupation/207d7b18-6540-432e-8aa6-785ed434572f', 'http://data.europa.eu/esco/isco/C214']"
2284,"Manager, Software Engineer front-end","Why Patients Need You
Technology impacts everything we do. Pfizer's digital and 'data first' strategy focuses on implementing impactful and innovative technology solutions across all functions from research to manufacturing. Whether you are digitizing drug discovery and development, identifying solutions, or making our work easier and faster, you will be making a difference to countless lives.
What You Will Achieve
You will help Pfizer build its information technology solutions. You will leverage your technical skills to design, develop and implement IT solutions which satisfy the short term or long terms needs of Pfizer. You will work on front-end UI architecture design, wireframes and application infrastructure to deliver results.As a Manager, Software Developer front-end you will play a critical role in designing and implementing high-quality user interfaces. You will collaborate with cross-functional teams to deliver seamless and engaging experiences for our users. Your expertise will guide the team towards best practices, ensuring high code quality and continuous improvement in our front-end development processes.It is your hard work and dedication that will help in making Pfizer ready to achieve new milestones and help patients across the globe.




Key Responsibilities

Design, develop, and maintain responsive, high-performance web applications using modern front-end technologies.
Lead the technical design and architecture discussions for front-end development, ensuring scalable and maintainable solutions.
Mentor and guide junior developers, fostering a culture of continuous learning and improvement.
Collaborate with product managers, UX/UI designers, and other stakeholders to gather requirements and translate them into technical specifications.
Conduct code reviews to ensure adherence to coding standards, best practices, and overall code quality.
Troubleshoot and resolve complex technical issues, ensuring optimal performance and user experience.
Stay current with emerging technologies and industry trends, incorporating them into the development process as appropriate.
Participate in agile development processes, including sprint planning, stand-ups, and retrospectives.





Qualifications
Must-Have

Bachelor's or Master's degree in Computer Science, Engineering, or a related field.
5+ years of experience in front-end development, with a strong focus and knowledge of at least one modern JavaScript framework or library (e.g., React, Angular, Vue.js).
Proficiency in HTML, CSS, and JavaScript (ES6+).
Strong understanding of responsive design principles and mobile-first development.
Familiarity with RESTful APIs and asynchronous request handling.
Excellent problem-solving skills and the ability to think critically and creatively.
Strong communication skills, with the ability to effectively convey technical concepts to both technical and non-technical stakeholders.
Demonstrated ability to lead and mentor a team of developers.
Experience with version control systems, such as Git.
Knowledge of browser compatibility issues and ways to work around them.

Nice-to-Have

Experience with TypeScript.
Familiarity with DevOps practices and CI/CD pipelines.
Contribution to open-source projects or active participation in the developer community.
Knowledge of web performance optimization techniques.
Understanding of GraphQL.





Pfizer is an equal opportunity employer and complies with all applicable equal employment opportunity legislation in each jurisdiction in which it operates.
To apply please visit our website www.pfizercareers.com and search job Manager, Software Engineer front-end id 4915427.",Senior,Full-time,"Thessaloniki, Greece",EL,2024-08-30,kariera.gr,166346,,"['http://data.europa.eu/esco/skill/14832d87-2f2f-4895-b290-e4760ebae42a', 'http://data.europa.eu/esco/skill/1ffac4ac-fda7-407d-8ed1-ca8f4a8dc146', 'http://data.europa.eu/esco/skill/6ad40ca3-dc34-4442-b23f-0b1b28936f56', 'http://data.europa.eu/esco/skill/867137fb-ff1b-4ca3-99f3-cb6969aa2c68', 'http://data.europa.eu/esco/skill/9d2e926f-53d9-41f5-98f3-19dfaa687f3f', 'http://data.europa.eu/esco/skill/a8797f21-1af0-4c5e-98ca-bf1442929363', 'http://data.europa.eu/esco/skill/c4b1f326-224a-420a-b8b3-814a8f13b6cb', 'http://data.europa.eu/esco/skill/d52382fe-f236-421f-95fe-34fe69d48dbd', 'http://data.europa.eu/esco/skill/d9e5349e-8791-49c2-8ba4-839fdd1606c2', 'http://data.europa.eu/esco/skill/dba46f87-0831-49cd-a1c7-340a653c0221', 'http://data.europa.eu/esco/skill/f0de4973-0a70-4644-8fd4-3a97080476f4', 'http://data.europa.eu/esco/skill/f0f5bb34-71df-4715-9c9e-03567b76ec8f']","['http://data.europa.eu/esco/occupation/070e94a8-a933-4557-9b95-fefe7f4f1763', 'http://data.europa.eu/esco/occupation/2ed56c3f-61d6-4f7e-9ef8-8849eb102e4c', 'http://data.europa.eu/esco/occupation/53cdd34e-22f2-41bd-b3c7-de22bf9bbcae', 'http://data.europa.eu/esco/occupation/866c7813-2c03-47d7-9bdc-192cfbace57c', 'http://data.europa.eu/esco/occupation/8cb59bc4-1f39-477e-beea-effed12d186c', 'http://data.europa.eu/esco/occupation/96e20037-0a25-4bf6-a25e-808d1605d890', 'http://data.europa.eu/esco/occupation/cc867bee-ab5c-427f-9244-f7a204d9574b', 'http://data.europa.eu/esco/occupation/f2b15a0e-e65a-438a-affb-29b9d50b77d1', 'http://data.europa.eu/esco/occupation/faed411a-f920-4100-86a8-b877928b429c', 'http://data.europa.eu/esco/isco/C214']"
2287,"Manager, Software Engineer back-end","Why Patients Need You
Technology impacts everything we do. Pfizer's digital and 'data first' strategy focuses on implementing impactful and innovative technology solutions across all functions from research to manufacturing. Whether you are digitizing drug discovery and development, identifying solutions, or making our work easier and faster, you will be making a difference to countless lives.
What You Will Achieve
You will help Pfizer build its information technology solutions. You will leverage your technical skills to design, develop and implement IT solutions which satisfy the short term or long terms needs of Pfizer. You will work on systems architecture, network systems and application infrastructure to deliver results.As a Manager, Software Developer you will play a pivotal role in designing, developing, and maintaining complex software applications. You will collaborate with cross-functional teams to deliver innovative solutions that meet business requirements and exceed user expectations. Your expertise and leadership will help guide the team towards best practices, high code quality, and continuous improvement. Your planning skills will help in preparing forecasts for resource requirements, as well as providing areas of improvement for products, processes or services. You will be able to take a leadership role to facilitate agreements between different teams.It is your hard work and dedication that will help in making Pfizer ready to achieve new milestones and help patients across the globe.




How You Will Achieve It

Design, develop, and maintain high-quality back-end software applications using modern technologies and frameworks. Iimprove existing software solutions with a strong sense of accountability and attention to quality.
Provide guidance to team members, lead/co-lead projects, manage own time to meet objectives and plan resource requirements for projects across the division.
Lead the technical design and architecture discussions, ensuring scalable and maintainable solutions.
Collaborate with product managers, designers, and other stakeholders to gather requirements and translate them into technical specifications.
Ensure proper Systems Development Lifecycle Management Regulatory Compliance.
Deliver fully automation regression testing of major solutions for reduced testing time.
Conduct code reviews to ensure adherence to coding standards, best practices, and overall code quality.
Stay current with emerging technologies and industry trends, incorporating them into the development process as appropriate.
Participate in agile development processes, including sprint planning, stand-ups, and retrospectives.
Strong experience in development in two or more back-end technologies and frameworks (Java - spring, Python, JavaScript - node.js)
Troubleshoot and resolve complex technical issues, ensuring optimal performance and user experience.
Flexibility to learn new technologies and adapt to changing project requirements.
Experience with version control systems like Git.
Mentor and guide junior developers, fostering a culture of continuous learning and improvement.





Qualifications

Bachelor's Degree is required.
5+ years of experience in software development, with a strong focus on back-end technologies like Java, Python, JavaScript, etc).
Strong understanding of software development principles, design patterns, and best practices.
Experience with cloud platforms such as AWS, Azure, or Google Cloud.
Excellent problem-solving skills and the ability to think critically and creatively.
Strong communication skills, with the ability to effectively convey technical concepts to both technical and non-technical stakeholders.
Demonstrated ability to lead and mentor a team of developers.
Experience with version control systems, such as Git.
Familiarity with DevOps practices and CI/CD pipelines is a plus.
Excellent communication skills
Front-end technologies & frameworks exposure (Javascript, Angular, React etc).
Database skills.
Performance tuning and scalability.
API design & development.

Pfizer is an equal opportunity employer and complies with all applicable equal employment opportunity legislation in each jurisdiction in which it operates.
To apply please visit our website www.pfizercareers.com and search job Manager, Software Engineer back-end id 4915357.",Senior,Full-time,"Thessaloniki, Greece",EL,2024-08-30,kariera.gr,166344,,"['http://data.europa.eu/esco/skill/0550431f-9c8b-4204-9c45-59bc5feacf06', 'http://data.europa.eu/esco/skill/09f2f811-a3fb-4de3-a70f-6420a6935575', 'http://data.europa.eu/esco/skill/14832d87-2f2f-4895-b290-e4760ebae42a', 'http://data.europa.eu/esco/skill/1ffac4ac-fda7-407d-8ed1-ca8f4a8dc146', 'http://data.europa.eu/esco/skill/2b7a79e5-84d8-4880-be66-3d9bb05bea17', 'http://data.europa.eu/esco/skill/5fd64399-aff4-459e-8d78-510acf1abba1', 'http://data.europa.eu/esco/skill/75d8e5d9-bef3-418b-9011-01bff9f27207', 'http://data.europa.eu/esco/skill/7c05199f-7b03-4a4a-afee-7c9dfcf9066a', 'http://data.europa.eu/esco/skill/7fc4c18a-68f3-425a-aadf-f83633be47a1', 'http://data.europa.eu/esco/skill/9d2e926f-53d9-41f5-98f3-19dfaa687f3f', 'http://data.europa.eu/esco/skill/a8797f21-1af0-4c5e-98ca-bf1442929363', 'http://data.europa.eu/esco/skill/b0096dc5-2e2d-4bc1-8172-05bf486c3968', 'http://data.europa.eu/esco/skill/ccd0a1d9-afda-43d9-b901-96344886e14d', 'http://data.europa.eu/esco/skill/d52382fe-f236-421f-95fe-34fe69d48dbd', 'http://data.europa.eu/esco/skill/d9e5349e-8791-49c2-8ba4-839fdd1606c2', 'http://data.europa.eu/esco/skill/dba46f87-0831-49cd-a1c7-340a653c0221', 'http://data.europa.eu/esco/skill/f0de4973-0a70-4644-8fd4-3a97080476f4']","['http://data.europa.eu/esco/occupation/070e94a8-a933-4557-9b95-fefe7f4f1763', 'http://data.europa.eu/esco/occupation/3fa9a480-ceb3-4c2a-8a91-0508e1bb6ba5', 'http://data.europa.eu/esco/occupation/53cdd34e-22f2-41bd-b3c7-de22bf9bbcae', 'http://data.europa.eu/esco/occupation/8cb59bc4-1f39-477e-beea-effed12d186c', 'http://data.europa.eu/esco/occupation/ab7bccb2-6f81-4a3d-a0c0-fca5d47d2775', 'http://data.europa.eu/esco/occupation/cc867bee-ab5c-427f-9244-f7a204d9574b', 'http://data.europa.eu/esco/occupation/f2b15a0e-e65a-438a-affb-29b9d50b77d1', 'http://data.europa.eu/esco/occupation/faed411a-f920-4100-86a8-b877928b429c']"
2303,ASSISTANT ACCOUNTANT - OFFICE CLERK,"Technical Company is looking for a Private Office Clerk (Assistant Accountant or Sub-Engineer) for a construction site in Pallini, Attica
Position Responsibilities:
Registration of documents and other accounting documents
Data entries in excel tables
Manage shipping slips Support other members of the Accounting team
Mail management
Monitoring and work at the AEKK unit. Completing AEKK triplicates
Required Qualifications:
* Experience in a similar position (at least 1 year)
* Very good knowledge of MS Office * Diligence, Responsibility, Consistency
* Ability to communicate Priority will be given to residents of the wider area.
Priority will be given to residents of the wider area.",Mid-level,Full-time,"Gerakas, Greece",EL,2024-08-30,kariera.gr,165859,,"['http://data.europa.eu/esco/skill/199f7919-5114-41b6-b6a5-41e0e4896ec1', 'http://data.europa.eu/esco/skill/3d427a49-4f85-42cd-8a92-62d4a34f41a1', 'http://data.europa.eu/esco/skill/ecc18804-a466-40d9-98b4-fba5cd67dd4b', 'http://data.europa.eu/esco/skill/f8f1f725-0105-41fa-9887-4df9e7a7af1e']","['http://data.europa.eu/esco/occupation/bafbc672-0ad9-41af-9de8-db0c91a24f9b', 'http://data.europa.eu/esco/isco/C334', 'http://data.europa.eu/esco/isco/C4311', 'http://data.europa.eu/esco/isco/C4412']"
2316,FTTH Design Engineer,"We are looking for a highly motivated FTTH Design Engineer to join our growing team and contribute to the expansion and enhancement of our fiber optic networks!
Job Description
As an FTTH Design Engineer, you will be responsible for the planning, design, and implementation of fiber optic networks to deliver high-speed internet and telecommunications services directly to homes. You will work closely with project managers, field engineers, and other stakeholders to ensure the successful deployment of FTTH infrastructure.
Key Responsibilities
- Network Design: Develop detailed FTTH network designs, including fiber routes, splice plans, and equipment placement.- GIS Mapping: Utilize GIS software to create accurate network maps and documentation.- Capacity Planning: Perform network capacity analysis and ensure designs meet current and future demand.- Regulatory Compliance: Ensure all designs comply with local, state, and federal regulations, as well as industry standards.- Project Coordination: Collaborate with cross-functional teams to align design plans with construction schedules and project goals.- Site Surveys: Conduct site surveys to gather data and assess the feasibility of network deployments.- Documentation: Maintain comprehensive design documentation, including technical drawings, schematics, and project reports.- Quality Assurance: Conduct quality checks and validate network designs to ensure reliability and performance.
Qualifications
- Education: Bachelor’s degree in engineering, or a related field.- Experience: Minimum of 2 years of experience in fiber optic network design, specifically FTTH projects.- Tecnical Skills: Proficiency in CAD software (AutoCad) and GIS tools. Familiarity with fiber optic design software.- Regulatory Compliance: Stay informed about relevant codes, standards, and regulations, and ensure all designs and projects adhere to them.- Knowledge: Strong understanding of FTTH network architecture, fiber optic technology, industry standards as well as Strong understanding of local, state, and federal regulations related to construction and environmental permitting. 
- Communication: Excellent written and verbal communication skills, with the ability to effectively collaborate with technical and non-technical stakeholders. Clearly articulate technical information to diverse audiences.- Problem-Solving: Strong analytical and problem-solving abilities, with attention to detail and accuracy.
What We Offer
- Competitive Salary: Reflective of your skills and experience.- Benefits Package: Comprehensive health insurance plan- Professional Development: Opportunities for continued learning, training, and career advancement.- Innovative Environment: Work on cutting-edge projects with a team of dedicated professionals.- Work-Life Balance: Flexible work arrangements to support your personal and professional life.
Join us at Circet Hellas and be a part of shaping the future of telecommunications!
If you are a results-oriented professional with a passion for innovation, we encourage you to apply!",Mid-level,Full-time,"Gerakas, Greece",EL,2024-08-30,kariera.gr,166285,,"['http://data.europa.eu/esco/skill/21fecc8a-392e-49ce-ac26-fb0696ccfead', 'http://data.europa.eu/esco/skill/2fb8480e-de3c-462b-b169-e8bbb344da68', 'http://data.europa.eu/esco/skill/385479b7-5da5-4367-9763-0d15b41bb65b', 'http://data.europa.eu/esco/skill/59ea80e1-463a-4dba-82c6-d0b6d577d532', 'http://data.europa.eu/esco/skill/5f00bf83-f776-4488-b312-6725f8b6783a', 'http://data.europa.eu/esco/skill/8d1dc94c-d8e1-4ce6-92d5-a17ec0543dc9', 'http://data.europa.eu/esco/skill/a2b5dcf3-5b6a-453d-876c-cff540c0faf1', 'http://data.europa.eu/esco/skill/adc6dc11-3376-467b-96c5-9b0a21edc869', 'http://data.europa.eu/esco/skill/d83cba15-8511-4d07-b89a-9fde0d1d8241', 'http://data.europa.eu/esco/skill/fdfa3dcb-b8f0-454f-a659-64c66dc6b6a2']","['http://data.europa.eu/esco/occupation/02eb0ae6-ecdd-4602-9c8e-60ffe6dbe1e2', 'http://data.europa.eu/esco/occupation/57ac359a-ae52-4aea-bc9c-93af7efa502e', 'http://data.europa.eu/esco/occupation/61d9270c-491d-438d-8d41-77ba2e0ef023', 'http://data.europa.eu/esco/occupation/62979364-6fac-41f2-87ca-202bca19a6ab', 'http://data.europa.eu/esco/occupation/bea99fea-0383-4c63-b944-70d4799de2c5', 'http://data.europa.eu/esco/isco/C3118', 'http://data.europa.eu/esco/isco/C4227']"
2396,Software Engineer / Data Scientist (SD2024A),"Company Profile
 AIMS INTL. based in Athens, is a leading software house, serving successfully the airline industry worldwide during the past 41 years.
Career Opportunities within AIMS
AIMS is committed to investing in its employees and the technologies to maintain its leadership while continuing its steady growth.
Currently, opportunities exist for Web and Desktop Application Developers. We are always keen to speak with talented, enthusiastic, ambitious and charismatic candidates, so if you believe your skill set covers the key accountabilities listed below, we would also like to hear from you!
We are currently seeking:
Software Engineer / Data Scientist (Code :  SD2024A)
 Required Skills

Experience in Microsoft’s .NET/C# backend technologies: ASP.NET Core, ASP.NET MVC, EF6,for Seniors: PLINQ and TPL.
Experience in Web applications development: Knowledge in HTML5, CSS3,  JavaScript/Ajax and JQuery.
Experience in the developing and consumption of SOAP and REST APIs.
Experience in the application of Machine Learning - Artificial Intelligence techniques for the treatment of real-world data problems
1+ years for Juniors and 5+ years for Seniors professional experience.
Excellent verbal and written communication skills in English.

 Desired Skills

Experience in DevExpress Components mainly for reporting.
Experience in Delphi will be considered a plus.
Experience in developing mobile applications (Xamarin) will be considered an asset.
Familiarity with MS SQL, Oracle and NoSQL Database Management Systems.
Familiarity with MapReduce programming.
Working knowledge with JIRA,  preferably having experience working in an agile team (Scrum/Kanban).
Excellent academic background demonstrated by an undergraduate degree from an accredited university in a strongly quantitative field such as Data Science, Business Analytics, Mathematics, Engineering, Operations Research, Computer Science, or other related. A graduate degree in any of the above fields will be considered a plus.
Experience with specialized optimization software and especially with IBM's CPLEX Mixed Integer programming tools
Internet security, Endpoint security, AWS Cloud security, Application security.
Administering Information Security Software and Controls.
Analyzing Security System Logs, Security Tools, and Data.
Threat Modeling, Continuous Monitoring and Response. 

 Main Responsibilities

Be able to develop new projects for Web, Desktop.
Maintain and support existing projects.

 
Personal Characteristics  

Problem-Solving Skills: Proactive and resourceful in identifying and resolving technical challenges.
Attention to Detail: Meticulous in configuring and managing IT systems to uphold quality standards.
Adaptability: Thrives in a fast-paced environment and quickly adapts to new technologies and challenges.
Team Player: Collaborates effectively with colleagues, shares knowledge, and contributes to collective goals.
Communication Skills: Articulates technical concepts clearly and listens actively to ensure effective collaboration.
Problem Ownership: Takes ownership of issues, ensuring timely resolution and satisfactory outcomes.
Continuous Learner: Passionate about learning and self-improvement to remain at the forefront of IT innovation.
Customer-Focused: Prioritizes the needs of stakeholders and end-users, delivering exceptional service and support.
Ethical Conduct: Upholds integrity, honesty, and ethical standards in all interactions and decision-making processes.
Resilience: Maintains a positive attitude and perseveres through challenges to achieve goals and objectives.

 
Company Offers 

Opportunity to work with a talented team of professionals in a dynamic and collaborative environment.
Competitive salary and opportunities for professional development.
Exciting projects and the chance to make a real impact on the aviation industry through innovative software solutions.
Career growth and advancement opportunities within a growing company at the forefront of technology.

  
Contact Information
 AIMS INTL, 340 Syggrou Ave.,
176 73, site: www.aims.aero
or e-mail: jobs@aims.aero",Mid-level,Full-time,"Kallithea, Greece",EL,2024-08-29,kariera.gr,91690,,"['http://data.europa.eu/esco/skill/14832d87-2f2f-4895-b290-e4760ebae42a', 'http://data.europa.eu/esco/skill/3993c87c-7719-4186-811b-8ddfb40e76be', 'http://data.europa.eu/esco/skill/4339176e-3acd-4f7f-a5d9-445bee3d23f2', 'http://data.europa.eu/esco/skill/56a7f561-1d55-43c9-9cd7-36a0a9bc6c50', 'http://data.europa.eu/esco/skill/5b26f08b-88bc-45f0-b901-530d7786466b', 'http://data.europa.eu/esco/skill/726abd5a-d23c-44b9-abb0-f22bbe95f1d3', 'http://data.europa.eu/esco/skill/76ef6ed3-1658-4a1a-9593-204d799c6d0c', 'http://data.europa.eu/esco/skill/7cf2762d-32e1-4b21-8ef8-574e40310c18', 'http://data.europa.eu/esco/skill/7e5786f8-1174-4f75-97e3-cfecfd95d797', 'http://data.europa.eu/esco/skill/8181aa4c-42bc-4036-a3d2-5cb6bbb34239', 'http://data.europa.eu/esco/skill/98a1dec3-8138-4f46-a596-5e2a83b884b9', 'http://data.europa.eu/esco/skill/a8d24a95-47b3-4f88-92e7-06600bcd3612', 'http://data.europa.eu/esco/skill/b4dc6e4f-dc7d-445f-8ce2-d7b9d225e282', 'http://data.europa.eu/esco/skill/c13fb093-5ffb-491a-b8b7-fa2d42a57e2e', 'http://data.europa.eu/esco/skill/c32ad607-0c4d-4e34-b73f-668298f7bf13', 'http://data.europa.eu/esco/skill/d62d2b4c-a6f8-439e-8a1b-4f29ab5f2c47', 'http://data.europa.eu/esco/skill/de586dcf-d7e5-4340-bf5b-d59026f1b436', 'http://data.europa.eu/esco/skill/de9f85ba-e77f-48fd-8c66-f5ebaf32d655', 'http://data.europa.eu/esco/skill/e46291c7-52b9-4174-bd59-178884861038']","['http://data.europa.eu/esco/occupation/207d7b18-6540-432e-8aa6-785ed434572f', 'http://data.europa.eu/esco/occupation/2ed56c3f-61d6-4f7e-9ef8-8849eb102e4c', 'http://data.europa.eu/esco/occupation/72628f3a-fd49-499a-9741-870b0a1fcef2', 'http://data.europa.eu/esco/occupation/b11e1742-5e28-4270-b081-b0193d85ee7d', 'http://data.europa.eu/esco/isco/C2', 'http://data.europa.eu/esco/isco/C214', 'http://data.europa.eu/esco/isco/C2519']"
2397,IT Systems Administrator / DevOPS (IT2024B),"Company Profile
AIMS INTL. based in Athens, is a leading software house, serving successfully the airline industry worldwide during the past 41 years.
Career Opportunities within AIMS
AIMS is committed to investing in its employees and the technologies to maintain its leadership while continuing its steady growth.
Currently, opportunities exist for Senior IT System Administrator. We are always keen to speak with talented, enthusiastic, ambitious and charismatic candidates, so if you believe your skill set covers the key accountabilities listed below, we would also like to hear from you!
We are currently seeking:
IT System Administrator / DevOPS (IT2024B)
Required Skills

Bachelor's degree in Computer Science, Information Technology, or a related field.
5+ years of experience as a DevOps Engineer or IT system administration,
Strong knowledge of networking concepts, protocols, and security best practices.
Strong expertise in AWS services such as EC2, S3, FSX, Lambda, and Cloudformation.
Experience with cybersecurity tools and techniques, including intrusion detection/prevention systems, antivirus software, and vulnerability scanning.
Excellent problem-solving skills and the ability to troubleshoot complex technical issues independently.
Strong communication and interpersonal skills, with the ability to collaborate effectively with cross-functional teams and communicate technical concepts to non-technical stakeholders.

Desired Skills

Relevant certifications (e.g., Microsoft Certified Systems Administrator, CompTIA Network+, CCNA) are a plus.
AWS certifications (e.g., AWS Certified DevOps Engineer) are a plus.
Proven experience with Windows server administration, virtualization technologies (VMware, Hyper-V).
Familiarization with Citrix, NetScaler, Fortigate, Fortiweb, Office 365 is beneficial
Experience with containerization and orchestration technologies (Docker, Kubernetes).
Familiarization with JIRA Software.
Knowledge of networking, IP, subnetting, VLANS.

 Main Responsibilities 

System Administration: Manage and maintain the company's IT and AWS cloud infrastructure, including servers, storage systems, virtualization platforms, and network devices. Collaborate with development teams to optimize application architecture for cloud deployment
Server Configuration and Maintenance: Install, configure, and maintain Windows and Linux servers, ensuring high availability and performance.
Network Management: Configure, monitor, and troubleshoot network devices such as switches, routers, firewalls, and VPNs to ensure smooth and secure data transmission.
Security Management: Implement and maintain security measures to protect the company's IT systems from unauthorized access, malware, and other cybersecurity threats.
Backup and Disaster Recovery: Develop and implement backup and disaster recovery strategies to safeguard critical data and ensure business continuity in the event of system failures or disasters.
Monitoring and Performance Tuning: Monitor system performance, identify bottlenecks, and implement optimizations to improve overall system efficiency and reliability.
Documentation and Reporting: Maintain accurate documentation of IT systems, configurations, and procedures. Generate reports on system performance, security incidents, and compliance status as needed.
Collaboration and Support: Collaborate with other IT teams, developers, and stakeholders to support software development, testing, and deployment activities. Provide technical support and troubleshooting assistance to internal users as needed.

 Personal Characteristics  

Problem-Solving Skills: Proactive and resourceful in identifying and resolving technical challenges.
Attention to Detail: Meticulous in configuring and managing IT systems to uphold quality standards.
Adaptability: Thrives in a fast-paced environment and quickly adapts to new technologies and challenges.
Team Player: Collaborates effectively with colleagues, shares knowledge, and contributes to collective goals.
Communication Skills: Articulates technical concepts clearly and listens actively to ensure effective collaboration.
Problem Ownership: Takes ownership of issues, ensuring timely resolution and satisfactory outcomes.
Continuous Learner: Passionate about learning and self-improvement to remain at the forefront of IT innovation.
Customer-Focused: Prioritizes the needs of stakeholders and end-users, delivering exceptional service and support.
Ethical Conduct: Upholds integrity, honesty, and ethical standards in all interactions and decision-making processes.
Resilience: Maintains a positive attitude and perseveres through challenges to achieve goals and objectives.

Company Offers 

Opportunity to work with a talented team of professionals in a dynamic and collaborative environment.
Competitive salary and opportunities for professional development.
Exciting projects and the chance to make a real impact on the aviation industry through innovative software solutions.
Career growth and advancement opportunities within a growing company at the forefront of technology.

 
Contact Information
AIMS INTL, 340 Syngrou Ave.,
176 73, site: www.aims.aero
or e-mail: jobs@aims.aero",Mid-level,Full-time,"Kallithea, Greece",EL,2024-08-29,kariera.gr,25751,,"['http://data.europa.eu/esco/skill/054f26ab-cfdc-4077-883c-1c4c9e9b310a', 'http://data.europa.eu/esco/skill/0868eef3-2213-4572-9343-74931345a7d3', 'http://data.europa.eu/esco/skill/11430d93-c835-48ed-8e70-285fa69c9ae6', 'http://data.europa.eu/esco/skill/14832d87-2f2f-4895-b290-e4760ebae42a', 'http://data.europa.eu/esco/skill/18ab25a5-ce2d-4cd5-b7b0-3890f595f77d', 'http://data.europa.eu/esco/skill/2624158e-4a53-4667-8921-96ee7aaea7b3', 'http://data.europa.eu/esco/skill/2a3a96a3-709e-4d60-81f6-d247d6933f13', 'http://data.europa.eu/esco/skill/385479b7-5da5-4367-9763-0d15b41bb65b', 'http://data.europa.eu/esco/skill/477173ca-5fc2-406b-9122-95d92811f284', 'http://data.europa.eu/esco/skill/47ca0da1-cae5-4395-ae6b-fd97b9ff48d3', 'http://data.europa.eu/esco/skill/5acf6408-e084-4202-9442-ffcf0119811c', 'http://data.europa.eu/esco/skill/6195c5f7-a4fb-425d-a3dd-c4467c4471a3', 'http://data.europa.eu/esco/skill/64852ade-6ae1-4760-ba4a-976bf07ca255', 'http://data.europa.eu/esco/skill/6e4f75b4-c60f-4623-a9ba-760c8245753b', 'http://data.europa.eu/esco/skill/77e7cb08-2c6f-42ab-881b-b34b2318acbe', 'http://data.europa.eu/esco/skill/7cf2762d-32e1-4b21-8ef8-574e40310c18', 'http://data.europa.eu/esco/skill/7e5786f8-1174-4f75-97e3-cfecfd95d797', 'http://data.europa.eu/esco/skill/92e4064a-a93c-4e22-a63b-8da91757b90c', 'http://data.europa.eu/esco/skill/a8d24a95-47b3-4f88-92e7-06600bcd3612', 'http://data.europa.eu/esco/skill/ab67fbfb-0ca7-4345-8bf6-af8f59480212', 'http://data.europa.eu/esco/skill/ae4f0cc6-e0b9-47f5-bdca-2fc2e6316dce', 'http://data.europa.eu/esco/skill/c32ad607-0c4d-4e34-b73f-668298f7bf13', 'http://data.europa.eu/esco/skill/c82efd52-7d49-4692-bde7-3dc39311cc31', 'http://data.europa.eu/esco/skill/d5d8e3e0-15a8-4cea-b877-7100363e36c7', 'http://data.europa.eu/esco/skill/d62d2b4c-a6f8-439e-8a1b-4f29ab5f2c47', 'http://data.europa.eu/esco/skill/de586dcf-d7e5-4340-bf5b-d59026f1b436', 'http://data.europa.eu/esco/skill/f0de4973-0a70-4644-8fd4-3a97080476f4']","['http://data.europa.eu/esco/occupation/0ce5a9f4-e00a-4bbe-b255-3c63407167a4', 'http://data.europa.eu/esco/occupation/102e75c8-3b47-4964-9b47-30a980aed25c', 'http://data.europa.eu/esco/occupation/2fb96c6c-8d0b-4ef0-b1ee-3e493305e4eb', 'http://data.europa.eu/esco/occupation/76ef0a87-6afe-4560-b5d0-9a086abe45c5', 'http://data.europa.eu/esco/occupation/8cb59bc4-1f39-477e-beea-effed12d186c', 'http://data.europa.eu/esco/occupation/9e2e6e1e-363b-4e1b-a673-7bc0f7343300', 'http://data.europa.eu/esco/occupation/cc867bee-ab5c-427f-9244-f7a204d9574b', 'http://data.europa.eu/esco/occupation/e9507d34-c70f-474f-a4a3-d2cbfe50f6e9', 'http://data.europa.eu/esco/occupation/f2b15a0e-e65a-438a-affb-29b9d50b77d1', 'http://data.europa.eu/esco/isco/C2']"
2411,Senior Project Manager  (Civil/Mechanical Engineer),"Revotech is a technology powerhouse devoted to innovatively combining groundbreaking technologies to catalyze the development of next-generation solutions. Our ultimate goal is to shape a better future through transformative innovations that have the potential to significantly enhance human life. We first envision the future – then create it
“Engineering is a mindset we need in all aspects of our business”
We are seeking a skilled and determined Sr. Project Manager (Civil or Mechanical Engineer) to join our team! 
Your responsibilities will include:

Develop and maintain project plans, schedules, and budgets 
Collaborate with architects, structural engineers, and other stakeholders to develop comprehensive project plans and designs
Develop studies in your domain of expertise
Manage project finances, including monitoring expenses and negotiating contracts
Identify and mitigate project risks, ensuring compliance with safety regulations
Serve as the primary point of contact, addressing concerns and managing expectations
Prepare technical and financial proposals
Assess the feasibility of proposed projects based on financial data and market conditions
Conduct quality control inspections and resolving any issues or discrepancies that may arise during the construction phase
Resolve or coordinate the solution of issues that arise during the project lifecycle
Track project progress diligently, compiling comprehensive reports to inform stakeholders
Supervise and manage construction projects from start to finish, ensuring adherence to project plans and specifications.
Support the timely completion of the various projects
Other tasks as assigned

What you will need:

Proven experience of at least 5 years
BS/MA in Civil Engineering, Mechanical Engineering or similar field
Strong leadership and communication skills, with the ability to effectively manage teams and stakeholders
Familiarity with rules, regulations, best practices, and performance standards
Excellent problem-solving abilities and attention to detail
Proficiency in project management software and Microsoft Office suite
Κnowledge of business and management principles (i.e., budgeting)
Excellent Software skills on AutoCad 2D/3D 

Revotech perks:

Competitive compensation package
An exciting high-growth career path
Private health insurance plan
Part of a youthful talented team striving for innovation

Reports to: CEO",Senior,Full-time,"Gerakas, Greece",EL,2024-08-29,kariera.gr,166189,,"['http://data.europa.eu/esco/skill/05cd9341-0d92-4bcc-983c-bf47132ac3f8', 'http://data.europa.eu/esco/skill/18a5e674-550e-4fdf-98e9-df4584e2869c', 'http://data.europa.eu/esco/skill/1de548e0-9535-4d2e-9d20-d4474c1ea813', 'http://data.europa.eu/esco/skill/233be639-bdb5-4099-ab40-96d537d6c1f3', 'http://data.europa.eu/esco/skill/2db0f332-1307-4fd5-bb4d-6f36cff15757', 'http://data.europa.eu/esco/skill/2fb8480e-de3c-462b-b169-e8bbb344da68', 'http://data.europa.eu/esco/skill/4134622c-c3fb-4a41-beb6-6d58ba5107db', 'http://data.europa.eu/esco/skill/41a3240f-58ba-44e2-a688-edeb21ea5c16', 'http://data.europa.eu/esco/skill/477173ca-5fc2-406b-9122-95d92811f284', 'http://data.europa.eu/esco/skill/71152876-b629-4a99-b9ea-0f25a0d07e4e', 'http://data.europa.eu/esco/skill/9c071f1d-eac3-449d-b004-c14775b5a3b9', 'http://data.europa.eu/esco/skill/b87f6102-5bab-4e99-a5d8-11b6be1b99c2', 'http://data.europa.eu/esco/skill/cb668e89-6ef5-4ff3-ab4a-506010e7e70b', 'http://data.europa.eu/esco/skill/cf310cff-0d28-4dbc-9dbb-cc500a3196c2', 'http://data.europa.eu/esco/skill/d5145a9a-602e-40bf-b3e1-f04cf9c3ef86', 'http://data.europa.eu/esco/skill/dd7c9dfd-6e2c-46fd-aefc-369402d0200c', 'http://data.europa.eu/esco/skill/e95058a6-e139-42e7-a470-72038a606649', 'http://data.europa.eu/esco/skill/f5b33464-4df9-4cf3-b468-b0a2d6b3ee85']","['http://data.europa.eu/esco/occupation/1b422c31-f242-46b5-bbdc-aa63885e4b5c', 'http://data.europa.eu/esco/occupation/381b9a17-521c-4702-b7d9-2059bbd8ce76', 'http://data.europa.eu/esco/occupation/3ae4fd99-814a-4d06-a7db-5ee680c22e26', 'http://data.europa.eu/esco/occupation/40517ed4-2769-4283-a15b-4b0d939bd2d3', 'http://data.europa.eu/esco/occupation/579254cf-6d69-4889-9000-9c79dc568644', 'http://data.europa.eu/esco/occupation/58c30193-d29f-4d22-8bf0-fd87346b91dd', 'http://data.europa.eu/esco/occupation/6cd08cbe-7611-4d70-8886-6c59c0385442', 'http://data.europa.eu/esco/occupation/874a2080-a9b6-46a9-8662-c9b7d4208f73', 'http://data.europa.eu/esco/occupation/8cb59bc4-1f39-477e-beea-effed12d186c', 'http://data.europa.eu/esco/occupation/bea99fea-0383-4c63-b944-70d4799de2c5', 'http://data.europa.eu/esco/occupation/faed05c0-c1d1-4e34-b575-0dea96459e56']"
2480,Reliability Engineer (Mobile Equipment & Fixed Plant),"Hellas Gold Single Member S.A. is a gold, silver, lead and zinc mining company headquartered in Athens, Greece.  Since 2004, Hellas Gold operates the Kassandra Mines at N.E. Chalkidiki, under the strictest EU safety and environmental standards and regulations. The Kassandra Mines consist of the operating mine at Olympias the state-of-the-art Kokkinolakkas Tailings Managements Facility and the Skouries project. Evolving a mining history of 25 centuries, Hellas Gold invests in the development of sustainable mining in the region, contributing to the local economic growth and prosperity with investments of more than $1 billion, the employment of 1,600 people, the active support to the local suppliers, and important investments to local community initiatives and projects. Since 2012, Hellas Gold operates as a subsidiary of the Canadian-based Eldorado Gold Corporation, which has over 25 years of experience in exploration, construction and operation of mines around the world.We live our values in pursuit of our purpose: to find a better way to do things. We aim to break new ground in all that we do. We do this by creating a positive impact today, and for future generations, through our commitment to operating safely, sustainably, and profitably.The company offers the opportunity to those who wish to express interest in the position of ‘Reliability Engineer (Mobile Equipment & Fixed Plant)’, for its premises in Chalkidiki. The position will be reported to the Asset Management Manager in Skouries.Main Responsibilities: ·      Carry out reliability and maintenance engineering functions in accordance with the Eldorado Asset Management System.·      Be a site leader in the promotion of reliability throughout the organization.·      Contribute to the review, development and implementation of systems, processes and procedures that identify improvements to equipment performance and overall sustainability of equipment life cycle.·      Review and update maintenance strategies and tactics using RCM and FMECA methodologies including PM optimization.·      Ownership of the asset performance reporting system and processes, including data review and management.·      Key stakeholder in the asset condition monitoring program, including input into the asset health program.·      Assist maintenance technicians with condition monitoring expertise.·      Coordinate external condition monitoring and/or NDT resources as required.·      Utilize root cause analysis, asset management system, BI and Microsoft suite software for analysis and reporting.·      Utilize downtime capture software systems to support defect elimination processes.·      Lead defect elimination investigations and effectively manage the assigned failure's/defects. Including defect assessment/prioritization, RCA facilitation, action assignment and change management.·      Provide the mine department with engineering troubleshooting & mentoring either directly or by coordinating the input of engineering specialists.·      Be a change agent, in identifying and promoting operational changes and improvements.·      Identify and manage improvement projects to deliver value to the operations.·      Work closely with maintenance planners to identify and develop standard maintenance activities.·      Assist in development of long-range asset management schedules and budgets.·      Communicate key asset management performance indicators as well as the companies’ KPIs.·      Prepare periodic and activity-based reports for reliability activities and programs.Requirements:·      Bachelor’s degree in an engineering discipline, preferably mechanical, electrical or mining.·      Post graduate experience in reliability and/or maintenance engineering will be considered a plus.·      5+ years in an engineering role in mining or similar heavy industry, working with heavy mobile equipment.·      2+ years’ experience as a reliability or maintenance engineer.·      Experience using Asset management/maintenance modules of an ERP, ideally SAP.·      Demonstrated ability to perform root cause analysis and implement corrective actions.·      Experience executing reliability improvement projects.·      Strong understanding and experience of reliability engineering principles, tools and techniques applied to mobile equipment.·      Equipment management strategy development skills using FMECA and defect elimination processes.·      Committed to safety and continuous improvement.·      English proficiency level B2 or greater.·      Driving License.Our company offers a competitive remuneration package that includes an attractive combination of basic salary and benefits, as well as opportunities for development in a challenging work environment.Inclusion and DiversityHellas Gold is an equal opportunities employer. We are committed to promoting an inclusive and diverse workplace where we value and respect every colleague for who they are and provide equality of opportunity so that everyone can fulfill their potential.If you are looking for a global and dynamic environment, please send us your CV.",Mid-level,Full-time,"Polygyros, Greece",EL,2024-08-29,kariera.gr,166107,,"['http://data.europa.eu/esco/skill/0550431f-9c8b-4204-9c45-59bc5feacf06', 'http://data.europa.eu/esco/skill/3c03ee71-4a23-448f-b79e-81fd75d27dca', 'http://data.europa.eu/esco/skill/55514865-3066-4abd-86a9-dbe45a440882', 'http://data.europa.eu/esco/skill/909a28ce-d4b6-4567-9b74-d111f1ed9633', 'http://data.europa.eu/esco/skill/9b3a7918-c4f0-4f3f-9eaf-72c952d17374', 'http://data.europa.eu/esco/skill/b02b38c4-d46d-44da-9479-1310060bd74d', 'http://data.europa.eu/esco/skill/c5bc42be-4970-4dce-80e2-af78bae42e84', 'http://data.europa.eu/esco/skill/d3a8ef9c-8572-438c-91dc-010537070be3', 'http://data.europa.eu/esco/skill/d4cc5022-7801-4885-bcff-166552788d35', 'http://data.europa.eu/esco/skill/d5e9b47e-580f-41e7-bc6c-e7345566fcb4', 'http://data.europa.eu/esco/skill/f8e3425c-fe44-4ffb-bafe-0e20d91dadf4']","['http://data.europa.eu/esco/occupation/07dfff6d-a0d0-4202-a697-fe9176c15999', 'http://data.europa.eu/esco/occupation/3b1ea27c-781c-41eb-821f-214285260dd2', 'http://data.europa.eu/esco/occupation/53cdd34e-22f2-41bd-b3c7-de22bf9bbcae', 'http://data.europa.eu/esco/occupation/5fd69ee2-2042-4280-85e1-8f1462886987', 'http://data.europa.eu/esco/occupation/615920c5-4f63-4eb3-8b60-afaaed3ab1ff', 'http://data.europa.eu/esco/occupation/822bbc2d-bc6a-4fb5-afb8-89170120c6d8', 'http://data.europa.eu/esco/occupation/86ca306c-ab99-420a-9e2a-aa73c5c4de22', 'http://data.europa.eu/esco/occupation/8edd8bff-cb59-4c9c-ab0f-59e77d18be48', 'http://data.europa.eu/esco/occupation/955ae83a-4d91-4db8-a5d6-bd489e5058df', 'http://data.europa.eu/esco/occupation/e20eee17-4876-4f21-a0cb-5d7f40c63cd8', 'http://data.europa.eu/esco/occupation/fcbb66f5-843b-4152-9ce4-e7b19c2a88d9', 'http://data.europa.eu/esco/isco/C214']"
2497,NATURAL GAS NETWORK TECHNICIANS,"Enaon EDA is looking to hire natural gas network technicians based in the following cities:

Patras
Karpenisi
Meadow
Janina
Catherine
Orestiada
Amfissa

Job Description:
1.     Participation in the alert and immediate intervention program
2. Regular & extraordinary maintenance of medium - low pressure network and equipment
3.     Technical interventions for activations / deactivations of network sections, conduit connections & meters.
4. Work based on instructions/regulations/procedures 
Required special knowledge/skills/experience:
The network technician will be:

Graduated IEK Fuel Gas Technician / Thermal Installations Technician

or

TEI Engineer Graduate (Mechanical or Electrical Engineer, or Oil & Gas Technology Engineer)

The network technician will have:

License to practice a profession (e.g. natural gas technician, thermohydraulic, etc.)
Excellent computer knowledge (Ms Office) & use of smart devices (tablets, mobiles)
Experience in relevant activities
Driver's license.

Personal Characteristics:

Ability to work under pressure
Willingness to cooperate & teamwork
Flexibility & adaptability.

Residence: in the aforementioned cities.
 




Interested parties are requested to submit their CV to hr@ena-on.gr (Greek & English) only if they consider that it meets the requirements of the position.
Resumes are managed with confidentiality, respect for the candidate and protection of personal data.",Mid-level,Full-time,"Athens, Greece",EL,2024-08-29,kariera.gr,166082,,"['http://data.europa.eu/esco/skill/35f1dcdc-577f-46c6-96d9-6c7a64501de9', 'http://data.europa.eu/esco/skill/49de9958-2aa4-4eef-a89d-fe5d5bcd28c4', 'http://data.europa.eu/esco/skill/9fd17276-f2c1-47a3-8a42-808134136630', 'http://data.europa.eu/esco/skill/a4346013-a967-4a58-a533-6b32ad1364c5']","['http://data.europa.eu/esco/occupation/6eb85dd0-1188-4081-bf54-1345fb5de3ca', 'http://data.europa.eu/esco/occupation/7569f423-2c37-49aa-947e-41acb66ec909', 'http://data.europa.eu/esco/occupation/86ca306c-ab99-420a-9e2a-aa73c5c4de22']"
2508,Support Engineer & Systems Coordinator,"FAMAR, a multinational company active in Europe, with a leading position in the field of pharmaceutical and cosmetic production, is looking to recruit for the Anthousa Factory
                             Support Engineer & Systems Coordinator (SESC_ANT_08.2024)
The post holder reports to the plant's Facilities, Utilities & Projects Manager and contributes to defining the scope and objectives of projects, involving all relevant stakeholders and ensuring technical feasibility. Plans, studies and participates in the supervision of projects at all stages and ensures they are completed within budget and on schedule.
Basic competencies

Support the Anthousa plant in the development and full implementation of the CMMS and train the colleagues of the other sites in the respective implementation
Prepares documents (technical specifications, studies, drawings, presentations, schedules and cost estimates) as part of project planning
Participates in the evaluation of technical bids and specifications from suppliers and/or subcontractors, to support the procurement process
Participates in the supervision and coordination of the installation of Electromechanical equipment and during project testing by contractors/suppliers
Manages problems during project execution
Conducts regular meetings with all project stakeholders to ensure specific requirements are clarified and met in a timely manner
Documents and reports project progress to stakeholders and suppliers
Ensures contractors perform all work in accordance with agreed work methods
Ensures all projects are delivered on time, within scope and within budget
Creates and maintains project database including technical information (layouts, plans, bids, studies, etc.)
Follows and complies with good practices (GxP), Quality Management System, regulatory requirements, internal procedures, corporate directions, corporate governance code, Environmental Health and Safety (EHS) procedures and good practices and any rules and policies of the company and actively participates in proposals for their improvement
It ensures and protects data integrity in every action
Undertakes any other task or responsibility assigned by the company, within the scope of the wider duties of the position

Necessary Qualifications

Graduated in Mechanical or Electrical Engineering
3-5 years of experience in managing / executing technical projects
Excellent knowledge of the English language
Excellent computer use of MS Office, MS Project, Autocad 2D
Familiarity with quality, health and safety standards
Communication skills, collaboration, flexibility, organizational and problem solving skills, effective time management",Mid-level,Full-time,"Anthousa, Greece",EL,2024-08-29,kariera.gr,166073,,"['http://data.europa.eu/esco/skill/21fecc8a-392e-49ce-ac26-fb0696ccfead', 'http://data.europa.eu/esco/skill/234aeb8d-56c3-4531-9193-1c5e6a8d16cb', 'http://data.europa.eu/esco/skill/2636b3d3-843e-46a9-8b4c-a9d6ca3f5a2d', 'http://data.europa.eu/esco/skill/2bbdea06-a265-42b5-bb4f-7241b661f069', 'http://data.europa.eu/esco/skill/3d427a49-4f85-42cd-8a92-62d4a34f41a1', 'http://data.europa.eu/esco/skill/3e40c7d0-0e36-4b33-bc33-0aa87eda0561', 'http://data.europa.eu/esco/skill/477173ca-5fc2-406b-9122-95d92811f284', 'http://data.europa.eu/esco/skill/47ac9325-b072-4e37-8e40-e6ffed03e851', 'http://data.europa.eu/esco/skill/5cd6e8d2-2234-4f18-951d-628269527f75', 'http://data.europa.eu/esco/skill/7d092d81-d1e2-4c34-b3cb-c1c9f2e68b7d', 'http://data.europa.eu/esco/skill/9e9a4209-c7cf-4f6e-973e-dc2ffadccc74', 'http://data.europa.eu/esco/skill/a1c72d66-3671-4a8e-840d-e8b28e237b6f', 'http://data.europa.eu/esco/skill/adc6dc11-3376-467b-96c5-9b0a21edc869', 'http://data.europa.eu/esco/skill/c3687b34-fe53-4db2-ad1b-5055a6c5b6fd', 'http://data.europa.eu/esco/skill/c79a6989-a73c-496b-997f-c706e1c5c52b', 'http://data.europa.eu/esco/skill/ccbd0898-e225-4abc-8992-57a23b0e2eec', 'http://data.europa.eu/esco/skill/cf310cff-0d28-4dbc-9dbb-cc500a3196c2', 'http://data.europa.eu/esco/skill/ddc8da70-b94f-43ef-88dc-aebc7bef4f7d', 'http://data.europa.eu/esco/skill/ed1fbdc3-1071-423c-9bb4-e3288ca6d1fe', 'http://data.europa.eu/esco/skill/f5dd06b8-5d17-4932-9d03-957d0c4f5051', 'http://data.europa.eu/esco/skill/f75b740c-b36c-495e-bc67-efe347bbc6b5', 'http://data.europa.eu/esco/skill/fc4fcb4b-993f-4f2c-b158-c2171ec18ed8']","['http://data.europa.eu/esco/occupation/1f8967ce-9faa-4d56-a656-50e041f7d07e', 'http://data.europa.eu/esco/occupation/42ff9e52-1f56-427d-b772-b9328c39b98a', 'http://data.europa.eu/esco/occupation/53a362a4-4c83-4ce2-837f-d1faba4cd247', 'http://data.europa.eu/esco/occupation/6cd08cbe-7611-4d70-8886-6c59c0385442', 'http://data.europa.eu/esco/occupation/86ca306c-ab99-420a-9e2a-aa73c5c4de22', 'http://data.europa.eu/esco/occupation/8cb59bc4-1f39-477e-beea-effed12d186c', 'http://data.europa.eu/esco/occupation/bb95ef58-9139-4967-bfc1-da8386a4e672', 'http://data.europa.eu/esco/occupation/bea99fea-0383-4c63-b944-70d4799de2c5', 'http://data.europa.eu/esco/occupation/d44c5eb0-fc6c-4f4a-9850-f2f29aaac505', 'http://data.europa.eu/esco/occupation/e2a495fb-68a3-46f9-8753-6ce566a7a085', 'http://data.europa.eu/esco/occupation/f1ecc3c4-8212-4386-871a-6fda1b5b4d91', 'http://data.europa.eu/esco/occupation/faed05c0-c1d1-4e34-b575-0dea96459e56', 'http://data.europa.eu/esco/occupation/ff5210a5-2ea9-43b4-bebc-8d565f928eaa']"
2559,"Executive for the Scientific Instruments Applications Support Department in Southern Greece, based in Athens","Responsibilities:

Support of the company's customers in matters of calibration (IQ/OQ/PQ) of scientific instruments

(chemical analysis instruments, chemistry laboratory instruments).

Training of analysts in Analytical Chemistry instruments.

 Knowledge and skills:

A young, active, ambitious executive who is interested in his professional growth and development in the field of analytical and laboratory instrument support.
Ability to troubleshoot calibration issues.
Emphasis on the result with a logical and methodical approach.
Ability to respond under pressure and tight deadlines.
Excellent communication skills (written and verbal), cooperative spirit, responsibility, methodical and organizational skills.

 Necessary qualifications:

Completed military service (for men).
University degree preferably ""Chemist"" or ""Chemical Engineer"". Previous experience would be appreciated but not essential.
Excellent computer skills.
Very good knowledge of Greek and English language.
Car license.

 Offered:

Full time employment.
Pleasant and modern work environment.
Continuous training and development prospects.

GIVING CONSENT TO THE PROCESSING OF PERSONAL DATA 
 The company declares that the personal data contained in the sent application and the CVs of the candidates are subject to processing in accordance with EU Regulation 2016/679 and the relevant national legislative framework on the protection of personal data with the sole purpose of evaluating professional qualifications and their abilities for the position for which they are applying. Recipients of this personal data are only the employees of the company who are specifically in charge of this processing and/or other external partners of the company who have been specifically authorized by it specifically for this purpose, i.e. for the collection and evaluation of submitted applications and resumes notes regarding the jobs to which they are addressed. 
Interested parties are requested to send a complete CV to e-mail: elo@asteriadis.gr - Attention: Ms. Logara.
All resumes will be strictly confidential.",Mid-level,Full-time,"Metamorfosi, Greece",EL,2024-08-29,kariera.gr,166004,,"['http://data.europa.eu/esco/skill/199f7919-5114-41b6-b6a5-41e0e4896ec1', 'http://data.europa.eu/esco/skill/1b61166d-0495-4f16-aff0-f564d3a8afb3', 'http://data.europa.eu/esco/skill/31c69100-b612-4a61-8db5-fd314318854c', 'http://data.europa.eu/esco/skill/db27065e-3c06-4f89-aa55-48fd87dabf82', 'http://data.europa.eu/esco/skill/ea4ebfa1-e17a-4416-ac54-955f33e6ade7']","['http://data.europa.eu/esco/occupation/0d93706d-32fd-4de3-aa08-be1003e325da', 'http://data.europa.eu/esco/occupation/1619d7f3-7d95-407c-a20e-47745bfcde73', 'http://data.europa.eu/esco/occupation/574f3232-1d07-4034-8cac-c57ddbfff192', 'http://data.europa.eu/esco/occupation/ec21ce88-ce14-49b6-be0a-cc53cf5a3a67', 'http://data.europa.eu/esco/isco/C2113']"
2605,BMC Consultant,"Join Our Team as a BMC Consultant!
Are you passionate about configuring and maintaining cutting-edge software tools? As a BMC Consultant at Relational Financial Solutions, you will be an essential member of our dynamic ITSM team. Your role will involve collaborating with our talented team to configure, maintain, and customize BMC software products and similar tools, ensuring our solutions align with user needs and business requirements.
 
Your Role:
As a BMC Consultant, your responsibilities will include:

Software Configuration & Support: Configure, maintain, enhance, and support BMC software products and similar tools.
Customization & Development: Customize and add new features to software solutions based on business requirements using low-code and no-code platforms.
Customer Support: Provide technical support to resolve application-related issues promptly and support customer operations related to software packages and developed solutions.
Quality Assurance: Conduct tests for applications, troubleshoot problems, and assist with product launches.
Software Management: Perform software upgrades and manage software licensing.

 
What We’re Looking For:
We’re seeking candidates with the following skills and experience:

Experience: 1 to 3 years as a Software Engineer or Software Developer.
BMC Expertise: Administrator or Developer experience on BMC ITSM or similar tools preferred.
Development Skills: Proficiency in test-driven development methodologies and experience with relational database management systems (RDBMS).
Technical Proficiency: Familiarity with reporting tools such as Grafana and YellowFin is advantageous. Knowledge of Operations Management and Service Management tools is beneficial.
Problem-Solving: Strong problem-solving skills to address technical challenges effectively.
Team Collaboration: Excellent teamwork skills to collaborate with internal teams and customers.
Eagerness to Learn: Eagerness to take on new responsibilities and challenges. ITIL v4 certification is a plus.
Educational Background: Bachelor’s degree in Computer Science, Software Engineering, Informatics, or a related field.

 
Why Join Us?
At Relational Financial Solutions, we value our employees and strive to create an inclusive and rewarding environment. Here’s what you can expect:

Competitive Salary: We offer an attractive salary package to compensate you for your skills and contributions.
Health Benefits: Your health matters to us. All colleagues receive private health insurance from day one.
Exciting Projects: We thrive on challenges and invite you to take part in exciting projects.
Continuous Learning: We never stop learning and evolving! You will have your own mentor and training program, along with access to our training sessions and online courses.
Team Spirit: We love the relational vibes and regularly gather for smaller and bigger occasions to celebrate good times together!

 
Ready to Apply?
Join us in shaping the future of IT Service Management at Relational Financial Solutions. Apply now to be a part of a team where your skills and passion for technology will thrive.
 
By submitting an application to this position and sharing your personal data with Relational Financial Solutions, you acknowledge and accept our Privacy Policy and authorize us to process your personal data for recruitment purposes in line with this policy.",Entry / Junior,Full-time,"Athens, Greece",EL,2024-08-29,kariera.gr,165964,,"['http://data.europa.eu/esco/skill/0da516ee-e70e-4384-be13-f5ff80be8127', 'http://data.europa.eu/esco/skill/0ee94c0a-3716-494a-95a2-dcbab9e58be2', 'http://data.europa.eu/esco/skill/2d140a3a-45a6-4248-80dd-b3760ebc9cc6', 'http://data.europa.eu/esco/skill/3d957fb2-b8f4-4b4c-b955-23299c761ad5', 'http://data.europa.eu/esco/skill/41a3240f-58ba-44e2-a688-edeb21ea5c16', 'http://data.europa.eu/esco/skill/5bac4bcc-1846-4688-ba02-ad2b51544282', 'http://data.europa.eu/esco/skill/7369f779-4b71-4aab-8836-48b69c676eec', 'http://data.europa.eu/esco/skill/8b8ed44b-5d29-4a42-a87f-a77739b5bfcd', 'http://data.europa.eu/esco/skill/adc6dc11-3376-467b-96c5-9b0a21edc869']","['http://data.europa.eu/esco/occupation/456ed487-02f2-45c9-9213-d0fd8e9a069d', 'http://data.europa.eu/esco/occupation/57af9090-55b4-4911-b2d0-86db01c00b02', 'http://data.europa.eu/esco/occupation/7a031723-2b2c-4fdd-8ed5-30d67088b8b8', 'http://data.europa.eu/esco/occupation/a6517365-211c-456d-aca4-1a0115c7b1e1', 'http://data.europa.eu/esco/occupation/c6bd511a-d966-4df9-a48e-4f800354f268', 'http://data.europa.eu/esco/occupation/ed976196-3d5d-4121-9367-e1022af603fa', 'http://data.europa.eu/esco/occupation/f2b15a0e-e65a-438a-affb-29b9d50b77d1', 'http://data.europa.eu/esco/isco/C2424']"
2651,"Senior Associate, Solution Engineer","ROLE SUMMARYTechnology impacts everything we do. Pfizer's digital and 'data first' strategy focuses on implementing impactful and innovative technology solutions across all functions from research to manufacturing. Whether you are digitizing drug discovery and development, identifying solutions, or making our work easier and faster, you will be making a difference to countless lives.The Digital Revenue Management (RM) Creation Center team manages technology strategy and delivery for the US Market Access (USMA) Operations Business within the Global Access & Value (GAV) organization. Pharmaceutical pricing is at the forefront of the U.S. national discussion for healthcare costs. The RM Creation team plays a critical role in ensuring patients have access to breakthrough medicines through efficient channels at affordable pricing.




ROLE RESPONSIBILITIES

Work as developer for developing and delivering reports that inform business decision making.
Work as developer for developing and delivering system enhancements according to business requirements.
Responsible for requirements documentation, business analysis and process optimization.
Responsible for coordinating the deployment process with various Pfizer Digital teams.
Responsible for work efforts across functional areas within RM.
Must be able to multi-task and perform a wide variety of tasks simultaneously such as organize presentations for upper management, perform system testing, and organize meetings.
Work with peers in Pfizer Digital to project financial estimates for small projects.
Manage business request prioritization with peers in Pfizer Digital.
Organize project deliverables for the Digital RM team.
Help promote the Purpose Blueprint for all projects.
Work with peers to manage project delivery through the system development lifecycle (SDLC) and through Agile Delivery.

BASIC QUALIFICATIONS

Bachelor's degree required, preferably in a Computer Science or Business Management field.
3+ years of experience in a large corporate setting with an emphasis on solutions and application development.
Ambition to learn and utilize emerging technologies while working in a stimulating team environment.
Development skills in Oracle, PL/SQL, SQL, Snowflake, Informatica IICS, Business Objects, Tableau, AWS, Unix Scripting.
Willingness to take risks without fear of making mistakes.
Understanding of solutions delivery and delivery methodologies including Waterfall and Agile.
Strong organization and critical thinking skills.
Strong written, visual, and verbal communication skills.

PREFERRED QUALIFICATIONS

Technology solutions delivery in a pharmaceutical or regulated environment.
Competency in understanding organizational behaviors in a large corporate environment.
Understanding of Software Development Life Cycle management including requirements definition, design, testing and implementation.
Experience with external Contract Management vendor solutions such as the ModelN FLEX application.
Some knowledge of Java or a Microsoft platform such as .NET.
Knowledge of database, storage, hosting, cloud, application, analytics and services technologies.
Experience building relationships with both business partners and Digital technical teams.

Pfizer is an equal opportunity employer and complies with all applicable equal employment opportunity legislation in each jurisdiction in which it operates.
To apply please visit our website www.pfizercareers.com and search job Senior Associate, Solution Engineer with id 4918518.",Senior,Full-time,"Thessaloniki, Greece",EL,2024-08-28,kariera.gr,165893,,"['http://data.europa.eu/esco/skill/09f2f811-a3fb-4de3-a70f-6420a6935575', 'http://data.europa.eu/esco/skill/0b144726-21c2-46ed-8d13-c03d27f61604', 'http://data.europa.eu/esco/skill/0ee94c0a-3716-494a-95a2-dcbab9e58be2', 'http://data.europa.eu/esco/skill/1605025e-a179-421f-8f35-5b07d182a6b2', 'http://data.europa.eu/esco/skill/19a8293b-8e95-4de3-983f-77484079c389', 'http://data.europa.eu/esco/skill/4cdbc76c-75d8-4e12-8653-4820c2d5446f', 'http://data.europa.eu/esco/skill/598de5b0-5b58-4ea7-8058-a4bc4d18c742', 'http://data.europa.eu/esco/skill/5ef0c719-5bcb-49f8-b8eb-824388225333', 'http://data.europa.eu/esco/skill/633a3637-2c6b-40ae-ac38-289eb2a62aa6', 'http://data.europa.eu/esco/skill/6a876489-7ad8-4a13-b09c-c9b8e97a302e', 'http://data.europa.eu/esco/skill/7369f779-4b71-4aab-8836-48b69c676eec', 'http://data.europa.eu/esco/skill/7b1ab171-caed-4561-89e4-b214396b1ae8', 'http://data.europa.eu/esco/skill/7dd94ad3-13d6-43fe-8b94-51fcbf67ced9', 'http://data.europa.eu/esco/skill/96eb286a-58b7-45ff-a916-5578d0b79b8c', 'http://data.europa.eu/esco/skill/a8797f21-1af0-4c5e-98ca-bf1442929363', 'http://data.europa.eu/esco/skill/dba46f87-0831-49cd-a1c7-340a653c0221', 'http://data.europa.eu/esco/skill/dc72ad0a-c5dc-4abd-bc0d-ca43e82162e1']","['http://data.europa.eu/esco/occupation/2ed56c3f-61d6-4f7e-9ef8-8849eb102e4c', 'http://data.europa.eu/esco/occupation/4b3201cb-ffc5-4f61-9fc3-5c0f0038fa5f', 'http://data.europa.eu/esco/occupation/544cd9cf-e2ee-4ac0-8a02-7147af6b97d7']"
2715,"Manager, AI and Data Science Frontend Engineer","Role Summary
Do you want to make an impact on patient health around the world? Do you thrive in a fast-paced environment that brings together scientific, clinical, and commercial domains through engineering, data science, and AI? Then join Pfizer Digital's Artificial Intelligence, Data, and Advanced Analytics organization (AIDA) where you can leverage cutting-edge technology to inform critical business decisions and improve customer experiences for our colleagues, patients and physicians. Our collection of engineering, data science, and AI professionals are at the forefront of Pfizer's transformation into a digitally driven organization that leverages data science and AI to change patients' lives. The Data Science Industrialization team within Data Science Solutions and Initiatives is a critical driver and enabler of Pfizer's digital transformation, leading the process and engineering innovation to rapidly progress early AI and data science applications from prototypes and MVPs to full production.As a Manager, AI and Data Science Frontend Engineer, you will be part of the Data Science Industrialization team charged with designing and using UI/UX principles, developing and continuously improving web application frontends, particularly those focused on AI use cases. You will contribute to the best practices and maintain standards for frontend application development.
Role Responsibilities

Architecting Solutions: You will contribute in the design and architecture of frontend applications, ensuring they align with business goals and technical requirements.
Web Development: Create responsive and visually appealing web interfaces using HTML, CSS, and Bootstrap.
JavaScript Webapp Frameworks: Proficiency in both React and Vue or AngularJS is essential. You'll leverage these frameworks to build dynamic and interactive user interfaces.
API Integration: Work closely with backend teams to integrate APIs and ensure seamless data flow between frontend and backend components.
Testing and Optimization: Implement unit tests, end-to-end tests, and performance optimizations to enhance application reliability and speed.
User-Centric Approach: Understand user needs and translate them into intuitive, accessible, and aesthetically pleasing designs.
Mentoring and Guidance: Provide guidance to junior frontend developers, fostering a culture of continuous learning and improvement.
Technical Excellence: Enforce coding standards, best practices, and thorough testing (unit, integration, etc.) to ensure reliability and maintainability.

Qualifications
Must-Have

Bachelor's degree in computer science, Software Engineering, or engineering related area.
5+ years of work experience as a frontend developer, with a track record of leading successful projects and software that is deployed as building and deploying Web Applications.
Experience developing dynamic and interactive web applications; familiar with React, AngularJS, Vue.
Experience in creating responsive user interfaces; familiar with technologies such as HTML, Tailwind CSS, Bootstrap, Material, Vuetify ​.
Good understanding of Software Development Life Cycle (SDLC)
Understanding of digital accessibility and disability inclusion. Experience developing digital products that comply with accessibility standards.
Hands on experience working in Agile teams, processes, and practices.
Highly self-motivated to deliver both independently and with strong team collaboration
Ability to creatively take on new challenges and work outside comfort zone
Strong English communication skills (written & verbal)

Nice-to-Have

Advanced degree in Computer Engineering, Computer Science, Information Systems or related discipline
Experience in UI/UX design
Experience working in a cloud-based ecosystems (AWS, Snowflake, etc)
Pharma & Life Science commercial functional knowledge
Pharma & Life Science commercial data literacy

Pfizer is an equal opportunity employer and complies with all applicable equal employment opportunity legislation in each jurisdiction in which it operates.
To apply please visit our website www.pfizercareers.com and search job Manager, AI and Data Science Frontend Engineer id 4918159.",Senior,Full-time,"Thessaloniki, Greece",EL,2024-08-28,kariera.gr,165815,,"['http://data.europa.eu/esco/skill/09f2f811-a3fb-4de3-a70f-6420a6935575', 'http://data.europa.eu/esco/skill/0af062de-eb43-41e9-9b96-249e2cd22d26', 'http://data.europa.eu/esco/skill/1d86f05e-e9cc-40ce-99d8-2b21cc71b16b', 'http://data.europa.eu/esco/skill/3e23db60-0c3d-498a-a6ac-ffbed0ecb033', 'http://data.europa.eu/esco/skill/54660948-b811-49a9-874c-bf2be5f280a2', 'http://data.europa.eu/esco/skill/5b26f08b-88bc-45f0-b901-530d7786466b', 'http://data.europa.eu/esco/skill/6ad40ca3-dc34-4442-b23f-0b1b28936f56', 'http://data.europa.eu/esco/skill/7bb5d9af-0a7e-48a7-a860-0e1ded0f6e75', 'http://data.europa.eu/esco/skill/ad05c2bf-3905-4e4c-bd56-6fcfdebc994c', 'http://data.europa.eu/esco/skill/be64bb4c-84ac-4c83-8cc7-fc8593e15136', 'http://data.europa.eu/esco/skill/edebd83d-35f6-4ed5-a940-6c203d178c01', 'http://data.europa.eu/esco/skill/f3c5fae0-c0e3-4410-bc09-62bd82d4cecc', 'http://data.europa.eu/esco/skill/fc54bd7f-0c03-4fdd-af8c-5eb4021e716d', 'http://data.europa.eu/esco/skill/fd33c66c-70c4-40e6-b87c-5495bd3bf26e']","['http://data.europa.eu/esco/occupation/070e94a8-a933-4557-9b95-fefe7f4f1763', 'http://data.europa.eu/esco/occupation/2079755f-d809-49e6-8037-4de6180e54c0', 'http://data.europa.eu/esco/occupation/258e46f9-0075-4a2e-adae-1ff0477e0f30', 'http://data.europa.eu/esco/occupation/2fb96c6c-8d0b-4ef0-b1ee-3e493305e4eb', 'http://data.europa.eu/esco/occupation/50af07f0-7a75-424e-a66d-5a9deea10f4c', 'http://data.europa.eu/esco/occupation/53cdd34e-22f2-41bd-b3c7-de22bf9bbcae', 'http://data.europa.eu/esco/occupation/57af9090-55b4-4911-b2d0-86db01c00b02', 'http://data.europa.eu/esco/occupation/866c7813-2c03-47d7-9bdc-192cfbace57c', 'http://data.europa.eu/esco/occupation/8c3f536e-ba66-4321-ba40-363dc39f129b', 'http://data.europa.eu/esco/occupation/8d9ec84d-cf2d-4179-87bc-335cda54a427', 'http://data.europa.eu/esco/occupation/faed411a-f920-4100-86a8-b877928b429c', 'http://data.europa.eu/esco/isco/C214', 'http://data.europa.eu/esco/isco/C221']"
2739,Network Engineer,"ICAP Executive Search & Selection is one of the premium consultancies and part of ICAP People & Employment Solutions, the largest HR Services Provider in Greece and Cyprus. With more than 50 years of experience, we specialize in assessing and recruiting Senior to Middle Level Executives across all sectors.ICAP Executive Search on behalf of its client, a leading European IT solutions provider, is seeking for a Network Engineer to join their IT infrastructure team.Network Engineer (5683/NE/ESS/GR)Responsibilities:

Monitor and maintain all network related equipment in all sites and respond to alerts and outages.
Design and implementation of new solutions and improving resilience of the current environment.
Establish network environments by getting involved in: designing system configuration, directing system installation, defining, documenting and enforcing system standards
Maximize network performance by monitoring performance, troubleshooting network problems and outages, scheduling upgrades and collaborating with network architects on network optimization.
Upgrade data and voice network equipment to the latest stable firmware releases.
The configuration of routing, switching and load balancing devices.
The configuration of hosted IP voice services.
Implementing and coordinating housekeeping
Updating network documents & network designs

Requirements:

University or College Degree in Network Engineering, Computer Science, Information Technology, Digital Systems or relevant technology-related field
3+ years of prior experience in Network Engineering
CCNA or CCNP certification
Hands-on experience with monitoring, network diagnostic and network analytics tools and understanding of VMWare
Experience with VoIP technologies, Linux and Windows OS, Server systems (IBM, HP, DELL, Cisco) and Networking (Cisco, Checkpoint, F5, Citrix)
Hands-on experience with monitoring, network diagnostic and network analytics tools
Fluency in English language (both oral and written skills)",Mid-level,Full-time,"Paiania, Greece",EL,2024-08-28,kariera.gr,165786,,"['http://data.europa.eu/esco/skill/385479b7-5da5-4367-9763-0d15b41bb65b', 'http://data.europa.eu/esco/skill/397da142-ab35-48fe-b154-7c38f447adfb', 'http://data.europa.eu/esco/skill/5b26f08b-88bc-45f0-b901-530d7786466b', 'http://data.europa.eu/esco/skill/79f24a62-7718-46e1-9b41-37be0560a5ca', 'http://data.europa.eu/esco/skill/81b082fb-9a00-4660-976a-10c985979100', 'http://data.europa.eu/esco/skill/c330db31-7fa9-4a8c-8ad6-baa957bcfed1']","['http://data.europa.eu/esco/occupation/5fd2980e-22c4-4ace-a394-190c76f4f539', 'http://data.europa.eu/esco/isco/C214']"
2757,"Senior Associate, Solution Engineer","All over the world, Pfizer colleagues are working together to positively impact health for everyone, everywhere. Each position at Pfizer touches and contributes to the success of our business and our world. That's why, as one of the global leaders in the biopharmaceutical industry, Pfizer is committed to seeking out inspired new talent who share our core values and mission of making the world a healthier place.R&D within AIDA (AI, Data and Analytics), is a Pfizer Digital organization responsible for the development and management of all data, analytics tools and platforms across the enterprise - from global research and development, to manufacturing, to commercial, to patient care across over 100+ countries. One of the team's top priorities is the advancement of AI/ML enabled analytics and the creation of data solutions that can be leveraged across the enterprise.R&D in AIDA holds responsibility for the development and operations of the aggregate data solutions (data lakes and associated application portfolios) supporting Pfizer's scientific and clinical functions.The Sr. Associate Solution Engineer will develop scientific information software with a team of peer developers, digital client partners, architects, platform leads and contract support personnel under the direction of a senior software developer.




How You Will Achieve It

Work within project teams as a contributor to design, prototype, implement and unit test software solutions in support of the project objectives.
Translate logical designs of user/system interfaces into physical designs, considering the target environment, performance requirements and existing systems.
​Work in a matrix, team environment with Pfizer colleagues as well as vendor partners.
Dedicated to meeting the expectations and requirements of internal and external customers.
Focus on growing as an engineer, learning existing tools, resources and DevOps processes.
Develop productivity skills by learning source control, editors (IDE), build systems (CI/CD), Cloud platforms (Atlassian, GitHub, AWS), and other tools as well as unit testing best practices.
Accept feedback graciously and learn from everything they do .
Exhibit Pfizer's core values of Courage, Excellence, Equity, Joy and focuses on understanding and living these values.
Work under general supervision using own judgement where needed.
Proactively reporting issues and enhancements.
Documenting processes.
Debugging and fixing simple to moderately complex technical issues.





Qualifications
Must-Have

Bachelors degree in relevant field.
At least 3 years of experience as a software developer/engineer .
Demonstrated skills in analysis and problem solving .
Fundamental knowledge of Kubernetes.
Programming using Python and Java.
Knowledge using GitHub for source control and Git Actions for CICD workflows.
Understand modern software engineering, including coding standard, code reviews, source control management, build processes, testing, and releasing.
Knowledge of database interaction languages such as SQL (PySpark is an advantage). 
Comfortable using collaboration tools such as Jira, Confluence and MS Teams.
Ability to challenge, improve and develop existing practices & processes.
Self-motivated with the ability to drive work forward and work well in a geographically dispersed, virtual team environment.
Excellent oral and written communication skills.

Nice-to-Have

Knowledge in operating and managing AWS infrastructure.
Knowledge of Agile development methodologies (ie Scrum) .
Knowledge of ELK or OpenSearch is an advantage.





Pfizer is an equal opportunity employer and complies with all applicable equal employment opportunity legislation in each jurisdiction in which it operates.
To apply please visit our website www.pfizercareers.com and search job Senior Associate, Solution Engineer with id 4916417.",Senior,Full-time,"Thessaloniki, Greece",EL,2024-08-28,kariera.gr,165768,,"['http://data.europa.eu/esco/skill/03b9b491-fc9b-4868-914a-bf7cd47b5041', 'http://data.europa.eu/esco/skill/05aa7c09-46e7-433f-a81b-92841f4551e7', 'http://data.europa.eu/esco/skill/0d6714c6-720e-4985-9791-5ab85d28da79', 'http://data.europa.eu/esco/skill/1605025e-a179-421f-8f35-5b07d182a6b2', 'http://data.europa.eu/esco/skill/19a8293b-8e95-4de3-983f-77484079c389', 'http://data.europa.eu/esco/skill/1b957e3d-0017-42b0-9bfe-49a1cdd31de7', 'http://data.europa.eu/esco/skill/2522a6ce-3202-4ac8-9f5b-b9cb5a3a83a1', 'http://data.europa.eu/esco/skill/ccd0a1d9-afda-43d9-b901-96344886e14d', 'http://data.europa.eu/esco/skill/dba46f87-0831-49cd-a1c7-340a653c0221', 'http://data.europa.eu/esco/skill/f0de4973-0a70-4644-8fd4-3a97080476f4', 'http://data.europa.eu/esco/skill/f8e3425c-fe44-4ffb-bafe-0e20d91dadf4', 'http://data.europa.eu/esco/skill/f9b52e2d-56a7-48ca-b04d-2fc6436fcd4f', 'http://data.europa.eu/esco/skill/fd33c66c-70c4-40e6-b87c-5495bd3bf26e']","['http://data.europa.eu/esco/occupation/196a4c75-9591-436f-9677-67252df34c22', 'http://data.europa.eu/esco/occupation/2fb96c6c-8d0b-4ef0-b1ee-3e493305e4eb', 'http://data.europa.eu/esco/occupation/8c3f536e-ba66-4321-ba40-363dc39f129b', 'http://data.europa.eu/esco/occupation/bd9d395a-d587-45c6-8d72-ceef226df9e1', 'http://data.europa.eu/esco/occupation/cc867bee-ab5c-427f-9244-f7a204d9574b', 'http://data.europa.eu/esco/occupation/f2b15a0e-e65a-438a-affb-29b9d50b77d1']"
2772,"Manager, Solution Engineering","Why Patients Need You
Technology impacts everything we do. Pfizer's digital and 'data first' strategy focuses on implementing impactful and innovative technology solutions across all functions from research to manufacturing. Whether you are digitizing drug discovery and development, identifying solutions, or making our work easier and faster, you will be making a difference to countless lives.The Digital Revenue Management (RM) Creation Center team manages technology strategy and delivery for the US Market Access (USMA) Operations Business within the Global Access & Value (GAV) organization. Pharmaceutical pricing is at the forefront of the U.S. national discussion for healthcare costs. The RM Creation team plays a critical role in ensuring patients have access to breakthrough medicines through efficient channels at affordable pricing.




How You Will Achieve It

Lead Solutions Delivery for the entire Contract Insights platform.
Provide guidance, lead/co-lead projects, manage own time to meet objectives and plan resource requirements for projects across the division.
Act as a thought leader on emerging digital technologies.
Work within a team of product managers responsible for the vision, strategy, design, and roadmap of digital products for patients and the internal stakeholders.
Use technical acumen and knowledge of technologies to provide detailed advice regarding applications and executes specialized tasks.
Analyze trends, identify and lead implementation of process improvements.
Evaluate historical data and build appropriate models to understand user behavior, business trends, and performance.
Ensure the delivery of project management deliverables as defined for the size, scale, complexity and regulatory compliance of the assigned program or project.
Ensure proper Systems Development Lifecycle Management Regulatory Compliance.
Deliver fully automation regression testing of major solutions for reduced testing time.
Ensure application changes and fixes are aligned with Software Development Life Cycle (SDLC) and Change Management processes.
Develop and maintain strong partnerships with Pfizer teams through a high performing engagement model, including vibrant Communities of Practice.
Mentor colleagues on the solutions delivery team providing guidance on development best practices.
Manage projects through the entire SDLC process using the Agile development methodology.
Lead the solution delivery team COE for innovative technologies including Machine Learning, AI, Cognitive Computing.
Responsible for cross functional leadership on a wide variety of in-flight projects within RM.
Responsible for requirements documentation, business analysis and process optimization.
Manage external system implementation vendors to deliver on projects according to project timelines.





Qualifications
Must-Have

Bachelor's Degree, preferably in a Computer Science or Information Management
5+ years' experience in a large corporate setting with an emphasis on solutions and application development.
Demonstrated experience of various Information Technology practices
Experience with coding on Snowflake and Oracle databases leveraging associated tools.
Experience with Informatica IICS ETL
Experience with cloud hosted solutions including AWS
Ambition to learn and utilize emerging AI technologies.
Willingness to take risks without fear of making mistakes.
Understanding of solutions delivery and delivery methodologies including Waterfall and Agile.
Strong organization and critical thinking skills
Strong written, visual, and verbal communication skills
Understanding of Financial concepts and key success factors for business performance
Knowledge of management reporting requirements and functional design

Nice-to-Have

Master's degree
Relevant pharmaceutical industry experience
Management consulting experience
Experience with Agile Software Delivery and/or Scrum Master Certification
Competency in understanding organizational behaviors in a large corporate environment.
Experience with Contract Management vendor solutions such as the ModelN FLEX application.
Experience building relationships with both business partners and Digital technical teams.
Understanding of system auditing principles and guidelines.

Pfizer is an equal opportunity employer and complies with all applicable equal employment opportunity legislation in each jurisdiction in which it operates.
To apply please visit our website www.pfizercareers.com and search job Manager, Solution Engineer id 4918158.",Senior,Full-time,"Thessaloniki, Greece",EL,2024-08-28,kariera.gr,165739,,"['http://data.europa.eu/esco/skill/09f2f811-a3fb-4de3-a70f-6420a6935575', 'http://data.europa.eu/esco/skill/0a9acb6b-1139-4be9-b431-3a80a959f2f4', 'http://data.europa.eu/esco/skill/10026df1-670d-4c75-b3d5-ee0037f9d59b', 'http://data.europa.eu/esco/skill/1af2db15-2af9-44dd-9639-bf1fc69d4c34', 'http://data.europa.eu/esco/skill/3c03ee71-4a23-448f-b79e-81fd75d27dca', 'http://data.europa.eu/esco/skill/42cb7669-c371-4903-9c0b-13db67b2e4bb', 'http://data.europa.eu/esco/skill/46990b9b-746e-481d-a66a-0cac3f07dfac', 'http://data.europa.eu/esco/skill/633a3637-2c6b-40ae-ac38-289eb2a62aa6', 'http://data.europa.eu/esco/skill/6a536b36-c5c7-4d10-bf67-a4fb0f8549b2', 'http://data.europa.eu/esco/skill/6a876489-7ad8-4a13-b09c-c9b8e97a302e', 'http://data.europa.eu/esco/skill/7c05199f-7b03-4a4a-afee-7c9dfcf9066a', 'http://data.europa.eu/esco/skill/7dd94ad3-13d6-43fe-8b94-51fcbf67ced9', 'http://data.europa.eu/esco/skill/8369c2d6-c100-4cf6-bd83-9668d8678433', 'http://data.europa.eu/esco/skill/96eb286a-58b7-45ff-a916-5578d0b79b8c', 'http://data.europa.eu/esco/skill/a8797f21-1af0-4c5e-98ca-bf1442929363', 'http://data.europa.eu/esco/skill/c2617b44-886a-485e-8393-bc0fc6339539', 'http://data.europa.eu/esco/skill/ca71c597-51c2-4ead-a7b0-b108bce89caf', 'http://data.europa.eu/esco/skill/dba46f87-0831-49cd-a1c7-340a653c0221', 'http://data.europa.eu/esco/skill/dc72ad0a-c5dc-4abd-bc0d-ca43e82162e1', 'http://data.europa.eu/esco/skill/de9f85ba-e77f-48fd-8c66-f5ebaf32d655']","['http://data.europa.eu/esco/occupation/070e94a8-a933-4557-9b95-fefe7f4f1763', 'http://data.europa.eu/esco/occupation/2ed56c3f-61d6-4f7e-9ef8-8849eb102e4c', 'http://data.europa.eu/esco/occupation/2fb96c6c-8d0b-4ef0-b1ee-3e493305e4eb', 'http://data.europa.eu/esco/occupation/3b1ea27c-781c-41eb-821f-214285260dd2', 'http://data.europa.eu/esco/occupation/4b3201cb-ffc5-4f61-9fc3-5c0f0038fa5f', 'http://data.europa.eu/esco/occupation/53cdd34e-22f2-41bd-b3c7-de22bf9bbcae', 'http://data.europa.eu/esco/occupation/6a29d804-f775-446c-bec7-35fc4e28ac97', 'http://data.europa.eu/esco/occupation/8cb59bc4-1f39-477e-beea-effed12d186c', 'http://data.europa.eu/esco/occupation/cdd3d773-75a4-4f35-bd1d-1ac720afcf9d', 'http://data.europa.eu/esco/occupation/e2a495fb-68a3-46f9-8753-6ce566a7a085']"
2828,Process Engineer,"Melissa Kikizas was founded in 1947 by the vision of Alexandros Kikizas to create a food industry that highlights the raw materials of our country, producing high quality products. Today, 7 decades later, it is the No. 1 producer of pasta and extra virgin olive oil in Greece. The main brands of the company are: Melissa, Terra Creta, Primo Gusto, Stella, Avez, Deveta and Vlacha. In addition, the company has the exclusive representation of the multinationals KRAFT HEINZ and Del Monte in Greece.
Melissa Kikizas employs 300 staff and has been awarded 6 years as a Great Place to Work. From the first moment of its establishment until today, it invests in the growth and development of its people, with respect, care and dedication. Guided by her values ​​and people, Melissa Kikizas remains true to her vision ""to share the wisdom of Greek food and culture with the whole world"". 
In the context of the continuous development of the Larissa factory, we are looking to hire a Process Engineer who will report to the Operations Manager. 
Main Duties & Responsibilities:

Captures and analyzes production and packaging department performance data, prioritizes and quantifies areas for improvement, and provides input to the maintenance department to determine maintenance priorities
Trains production and packaging department operators to correctly enter information into the performance recording system
Coordinates and trains production & maintenance team members in problem solving processes, using the respective tools with the participation of all parties involved
Creates and updates standards and work instructions as a result of daily operations and problem analysis
Coordinates the creation of an action plan to improve the performance of the production and packaging departments in the logic of continuous improvement and manufacturing excellence
Identifies cases and opportunities to re-implement good practices throughout the plant
Prepares package and carton engineering drawings for new codes or any changes to old ones and designs them based on optimal palletizations
He undertakes the opening of the new codes in the system (bom) and is responsible to answer requests and questions of the sales departments regarding specifications of boxes, materials, pallets or anything else that may concern the packaging department.

Abilities- Skills:

Degree in Mechanical or Electrical Engineering or Chemical Engineering or Production and Management Engineering 
1-2 years of experience
Communication skills
Solving problems
Managing pressing schedules
Analytical thinking
Ambition and constant search for improvement, progress and development
Passion for work  
SAP user experience 
Excellent knowledge of English, knowledge of Italian is desirable 
Good knowledge of MS Office (excellent knowledge of Excel)",Entry / Junior,Full-time,"Larisa, Greece",EL,2024-08-28,kariera.gr,165683,,"['http://data.europa.eu/esco/skill/0b4d52be-fb79-4a6c-8177-799f1214aae5', 'http://data.europa.eu/esco/skill/12c7b323-d870-4f5b-9d7d-d9f525206d77', 'http://data.europa.eu/esco/skill/3e40c7d0-0e36-4b33-bc33-0aa87eda0561', 'http://data.europa.eu/esco/skill/4309a39d-af97-4e56-8d0e-5351b7b8dd01', 'http://data.europa.eu/esco/skill/4707da90-9cfc-46ca-8de0-38a0b7bfb137', 'http://data.europa.eu/esco/skill/82fea746-853f-4f1b-8ab7-55de8619cccd', 'http://data.europa.eu/esco/skill/87219dfe-a21c-4160-8cc8-1eabf9b16b44', 'http://data.europa.eu/esco/skill/8c3ac8d1-5349-45bb-9006-e073ee3b5d16', 'http://data.europa.eu/esco/skill/99c4c69a-025c-464f-adda-874c7f107a31', 'http://data.europa.eu/esco/skill/adc6dc11-3376-467b-96c5-9b0a21edc869', 'http://data.europa.eu/esco/skill/b1ef509e-f191-405a-8419-51663b08922e', 'http://data.europa.eu/esco/skill/f683ae1d-cb7c-4aa1-b9fe-205e1bd23535', 'http://data.europa.eu/esco/skill/f8e3425c-fe44-4ffb-bafe-0e20d91dadf4']","['http://data.europa.eu/esco/occupation/69c24e54-567c-4415-b59b-cda97fdbc50c', 'http://data.europa.eu/esco/occupation/6cd08cbe-7611-4d70-8886-6c59c0385442', 'http://data.europa.eu/esco/occupation/86ca306c-ab99-420a-9e2a-aa73c5c4de22', 'http://data.europa.eu/esco/occupation/8de99659-5b10-4825-ac67-0c50189bcc3c', 'http://data.europa.eu/esco/occupation/eb9479c6-5fdf-4f45-ace4-28b547b8c7e5', 'http://data.europa.eu/esco/occupation/ec21ce88-ce14-49b6-be0a-cc53cf5a3a67', 'http://data.europa.eu/esco/isco/C13', 'http://data.europa.eu/esco/occupation/26852256-d423-41bb-8178-4d37ff2528b9', 'http://data.europa.eu/esco/occupation/d7380260-1386-4e36-98b5-8115ca4a3536']"
2850,Senior SW QA Engineer,"In Thessaloniki, GWF has established a modern Development Center whose mission is to create fresh smart-metering and IoT solutions that reshape traditional utilities toward smart city paradigms. We want to contribute to the local tech ecosystem and at the same time drive the company’s international growth. The team offers a vibrant environment, passionate bright colleagues, and a clear goal to transform IoT data into modern applications.Responsibilities

You will lead testing and quality assurance projects for the digital products of GWF. This includes writing and execution of the test plans, and test automation for software products and features.
You will be mentoring and coaching colleagues in your domains of expertise. This will contribute to growing a healthy SW QA culture in the organization.
You will contribute towards program goals, ensuring schedules are met and deliverables are signed-off in time, scope, and budget.
To excel in this role, you will further need to think beyond your area of expertise and recognize dependencies across the technology stack, i.e., across hardware, and all layers of the software. For this you will research new and existing technologies to determine how they could be applied in new ways to solve problems.

 Qualifications and experience

Experience as a Software QA Engineer, with at least 4 years in a lead role.
Understanding of frontend stack fundamentals (e.g. JavaScript, CSS preprocessors and bundling tools, React Remix run, Next.js).
Experience in web frameworks (e.g. Python/Django) and relational databases (preferably PostgreSQL).

 

Knowledge of CI/CD, DevOps, automated testing principles is required. Experience with Cloud Services, especially Azure
Experience with static and dynamic code analysis tools is required.
Experience with automated testing tools and frameworks (e.g., Selenium, Playwright, Appium).
Relevant testing certifications (e.g., ISTQB, CSTE) are a plus.

 

Ability to fluently interface with internal and external stakeholders on a technical level.
Excellent English communication skills is a must, German is a strong plus.
Good communication and presentation skills are a must.
MSc in Computer Science, Electrical Engineering, or similar rounds up your profile.

We offer

Competitive compensation
Medical Care program
Partial remote work flexibility
Learning and growth opportunities in an international company setup
A pleasant, fun, and achievement-oriented environment
Modern, bright offices, located close to the airport.

 Interested?We look forward to receiving your complete application documents.",Mid-level,Full-time,"Thermi, Greece",EL,2024-08-28,kariera.gr,165660,,"['http://data.europa.eu/esco/skill/14832d87-2f2f-4895-b290-e4760ebae42a', 'http://data.europa.eu/esco/skill/1af2db15-2af9-44dd-9639-bf1fc69d4c34', 'http://data.europa.eu/esco/skill/2d3552aa-08da-4aad-9942-675be826a212', 'http://data.europa.eu/esco/skill/3e40c7d0-0e36-4b33-bc33-0aa87eda0561', 'http://data.europa.eu/esco/skill/5c8aa481-9e7c-4f32-8197-a8b0fd7ca186', 'http://data.europa.eu/esco/skill/5d74614d-32c8-4ca4-9818-6980e52424b1', 'http://data.europa.eu/esco/skill/7557f0f4-b8bc-4ac0-b91e-222ab1ba744f', 'http://data.europa.eu/esco/skill/a8d07b5a-c1a1-42c6-9d53-db9c7a2ca996', 'http://data.europa.eu/esco/skill/c6c1af60-9594-460c-a328-00f9ad292be0', 'http://data.europa.eu/esco/skill/da56feea-941c-4ff6-b573-bb16ccbde670', 'http://data.europa.eu/esco/skill/e043aeeb-78f5-4049-afbf-12bba52225bc', 'http://data.europa.eu/esco/skill/f0de4973-0a70-4644-8fd4-3a97080476f4']","['http://data.europa.eu/esco/occupation/2fb96c6c-8d0b-4ef0-b1ee-3e493305e4eb', 'http://data.europa.eu/esco/occupation/572c51ef-531b-4331-8e66-b1641173e54e', 'http://data.europa.eu/esco/occupation/86ca306c-ab99-420a-9e2a-aa73c5c4de22', 'http://data.europa.eu/esco/occupation/cc867bee-ab5c-427f-9244-f7a204d9574b', 'http://data.europa.eu/esco/occupation/e8bbc7fd-cfa2-406f-a664-57e5024cfbc5']"
2909,BI Data Engineer,"Volton Hellenic Energy SA is a Greek company that is dynamically active and is increasing its capacity rapidly in the field of Electricity Supply and Trading, in the Gas Energy Sector and soon enough in the field of Telecommunications.
 
By offering reliable services that meet the ever-growing energy needs of businesses and households, Volton aims to build solid and trustful relationships with its customers. The company's ambition is to become one of the most important companies in the industry and remain at the forefront of developments in electricity and gas supply. The company will soon enter the Telecommunication sector aiming to expand more the portfolio of services. As part of its development, Volton strengthens its human resources in Athens and seeks:
 
BI Data Engineer
 
We are looking for a Data Engineer to join our growing Data Warehouse team. This position will assist in most functions regarding Data Warehousing, Business Intelligence & Reporting, with the primary focus revolving around Data Engineering tasks. The position reports to the Data Warehouse Architect.
 
Position responsibilities:

Data Discovery and Extraction from multiple sources (transactional systems, files etc.)
Development of Data Pipelines
Data Transformation and Cleansing
Data Model Design in collaboration with data architects
Requirements Analysis in collaboration with business analysts
Data Analysis, Visualization, and Reporting

 
Requirements

Bachelor's degree in Computer Science, Engineering, or equivalent field
At least 2 years of related working experience
Solid knowledge of SQL and data modeling techniques, preferably experience with T-SQL
Good knowledge of ETL process design and experience with an ETL tool, ideally SSIS
Experience in Reporting and Data Visualization tools, ideally Power BI
Knowledge of OLTP, Data Warehouse relational and multi-dimensional databases design and implementation (Normal Forms, Star Schemas, etc.)
Good command of at least one programming language like Python, Java, C# or any other modern language
Understanding of fundamental computer science knowledge (data structures, algorithms, etc.)
Strong problem-solving skills and analytical thinking

 
The Company offers:

Competitive remuneration package
Private insurance
Corporate benefits & perks
Continuous training and professional development
Excellent professional environment
Modern and productive working facilities

 
Don’t miss the chance to join a Great Place to Work-Certified Company that promotes a positive work environment.
 
 
All applications will be treated with confidentiality.
If your CV meets the requirements of the job, we will contact you by phone to schedule an appointment.
Information about the Group on our site volton.gr",Mid-level,Full-time,"Metamorfosi, Greece",EL,2024-08-28,kariera.gr,165591,,"['http://data.europa.eu/esco/skill/143769cb-b61e-47d8-a61e-eedfbec1016c', 'http://data.europa.eu/esco/skill/19a8293b-8e95-4de3-983f-77484079c389', 'http://data.europa.eu/esco/skill/2239694b-771a-4586-8b54-2794e361a9ae', 'http://data.europa.eu/esco/skill/25f0ea33-b4a2-4f31-b7b4-7d20e827b180', 'http://data.europa.eu/esco/skill/310da5da-517c-4496-a673-92001098a2b7', 'http://data.europa.eu/esco/skill/348b74cd-49ce-4844-8bdf-ec188b497213', 'http://data.europa.eu/esco/skill/3ec2e4d6-7000-4905-bf1a-c5b1679416de', 'http://data.europa.eu/esco/skill/4707da90-9cfc-46ca-8de0-38a0b7bfb137', 'http://data.europa.eu/esco/skill/484d048c-a5d1-46a5-b57f-45b69c0ac552', 'http://data.europa.eu/esco/skill/48db96bf-3314-45c6-bad8-fdb6e20e5639', 'http://data.europa.eu/esco/skill/4c016b68-4116-468c-9dc6-42710c239e4a', 'http://data.europa.eu/esco/skill/598de5b0-5b58-4ea7-8058-a4bc4d18c742', 'http://data.europa.eu/esco/skill/60b44dab-03f1-46de-be08-0e5ba8662b3d', 'http://data.europa.eu/esco/skill/65e58886-bd1e-4c5b-8ca5-8d9b353c8aa1', 'http://data.europa.eu/esco/skill/6f7512ab-d46d-402a-8c30-a8878d7c1f88', 'http://data.europa.eu/esco/skill/7b5cce4d-c7fe-4119-b48f-70aa05391787', 'http://data.europa.eu/esco/skill/94e7a22f-16b8-4eee-98ba-a5b09e9cdf96', 'http://data.europa.eu/esco/skill/a8797f21-1af0-4c5e-98ca-bf1442929363', 'http://data.europa.eu/esco/skill/a8d24a95-47b3-4f88-92e7-06600bcd3612', 'http://data.europa.eu/esco/skill/ccd0a1d9-afda-43d9-b901-96344886e14d', 'http://data.europa.eu/esco/skill/fd6d2981-3d4a-4ce2-9741-cfc98c5b74bd', 'http://data.europa.eu/esco/skill/fecf8a0d-62c4-4e71-9b03-0f4fc2ad7bf5']","['http://data.europa.eu/esco/occupation/1562c7a3-c7d9-419d-b9b6-db26610bcf84', 'http://data.europa.eu/esco/occupation/2079755f-d809-49e6-8037-4de6180e54c0', 'http://data.europa.eu/esco/occupation/207d7b18-6540-432e-8aa6-785ed434572f', 'http://data.europa.eu/esco/occupation/812c217d-32b7-4f6a-9faf-993d3577ac7f', 'http://data.europa.eu/esco/occupation/8d586ee9-0ab1-4155-a3b0-2ca786c8e48c', 'http://data.europa.eu/esco/occupation/8d9ec84d-cf2d-4179-87bc-335cda54a427', 'http://data.europa.eu/esco/isco/C2', 'http://data.europa.eu/esco/isco/C214', 'http://data.europa.eu/esco/isco/C334']"
2932,"Product Manager (Engineer), Construction chemicals","At FOURNARAKIS SA we develop, trade and distribute the strongest brands in the tools industry. For the past 40 years not only are we the leader in the Greek market, but also one of the 17 most dynamic companies in Greece (Growth Awards 2021). At the same time, we are experiencing big growth across Europe, where we aim to become one of the key players in the tools and power tools industry. We continuously invest in growing our people's skills and developing them according to their own competencies. Our company’s future depends on our people, this is why recruiting and hiring new talent is of paramount importance to us. The need to have the right people, with the right skills and attitude at the right moment is essential more than ever. This is why we have increased our workforce by 20% in the past few years and are investing in hiring new ones. We are currently looking to expand our marketing team with an eager, cooperative, goal-focused
 
Product Manager (Engineer), Construction chemicals
 
Reporting to: Director of Commercial Strategy, Product & Business Development
 
The right candidate will:
 
Be responsible for the development of the construction materials product range (sealants, adhesives, silicones) and their go-to market strategy and execution. He/she will work cross-functional with marketing, sales, creative and trade marketing to build strong brand presence in the local and international market for assigned product range. We are looking for an individual who will bring expertise and new ideas to the table, to grow and evolve the business as part of a high performing team.
 
Key Accountabilities:
 
Product Management:

Responsible and accountable to create the roadmap to establish the product range including managing complete product Lifecycle of construction chemicals product range, including range expansion, new product development in coordination with R&D as well as pricing strategy.
Responsible of product data (specs, features, USPs etc) development and maintenance
Suggesting promo plans with sales forecast and stock planning.
Closely monitors product range’s performance of all the promotional activities evaluates the outcomes and proposes accordingly.

 
Product training and customer engagement:

Conducts market visits, both domestically and internationally as needed
Product training and demonstration to sales team and key clients including creation of any relevant training material (presentations, manuals, videos, and interactive modules)
Provide technical support to clients and facilitate the sales

 
Competition and Market monitoring:

Monitors market demand of assigned product range
Monitors competition’s digital and trade activities (e-commerce, offers, social media & newsletter content etc)

 
Additional Accountabilities (supporting Marketing Team efforts)
Go to market strategy planning:
 

Leads go to market plan and execution of assigned product range – coordination of all related activities.
Supports design and excellent implementation of BTL campaigns within budget in direct cooperation with Marketing, Trade and Sales Departments, ensuring the appropriate POSM per store allocation, based on both customer segmentation as well as brands’ A&P budget and strategy.
Collaborates with sales department to develop new sales channels / networks, based on brand and product range strategy to develop / improve the product mix in the existing network.

 
Requirements:

Bachelor’s degree in engineering, or a related field from a well reputable University with excellent academic record Master's degree preferred.
4-6 years of experience in a similar positionProven experience in technical and instructional design, particularly in the industrial or construction equipment sector
Outstanding written and verbal communication skills in Greek & English
Deep knowledge of safety protocols.

 
Qualifications:

Strong presentation and communication skills, with the ability to convey complex technical concepts clearly and effectively.
Demonstrated ability to collaborate cross-functionally and lead projects from conception to completion.
Commercial understanding: Ability to put company’s strategy into practice, transfer commercial and marketing needs into concrete projects and clearly convey the right message.Decisiveness and strong problem-solving skills.
A willingness to travel domestically and internationally as needed.
DIY enthusiasts will be preferred.

 
What we offer:

Excellent working environment
Competitive remuneration package & extra benefits
Commuting expenses
Potential for expansion of role and opportunity for professional development due to company growth
The chance to be part of a team that will contribute to our company and brands stand out in the European tools market.

 
Tool and Machinery Product Compliance Manager
 
The right candidate will:
The ideal candidate will be responsible for ensuring the compliance of hand tools, power tools, and machinery with applicable laws and regulations.
 
Key Accountabilities:

Ensure product compliance with local and international laws and regulations.
Conduct tests and quality checks to ensure product safety and effectiveness.
Collaborate with production, R&D, and marketing departments to develop new products that meet compliance requirements.
Monitor changes in legislation and update the company on their impacts.
Create and manage technical files and other related compliance documentation.
Address and resolve compliance issues arising from markets and customers.

 
Requirements:

Degree in Mechanical Engineering, Electrical Engineering, or a related field.
At least 5 years of experience in a similar role.
Knowledge of international regulations and standards (e.g., CE, RoHS, REACH).
Strong analytical and problem-solving skills.
Excellent communication and organizational skills.
Proficiency in English.

 
Qualifications:

Strong presentation and communication skills, with the ability to convey complex technical concepts clearly and effectively.
Demonstrated ability to collaborate cross-functionally and lead projects from conception to completion.
Commercial understanding: Ability to put company’s strategy into practice, transfer commercial and marketing needs into concrete projects and clearly convey the right message.Decisiveness and strong problem-solving skills.
A willingness to travel domestically and internationally as needed.
DIY enthusiasts will be preferred.

 
What we offer:

Excellent working environment 
Competitive remuneration package & extra benefits
Commuting expenses
Potential for expansion of role and opportunity for professional development due to company growth
The chance to be part of a team that will contribute to our company and brands stand out in the European tools market",Mid-level,Full-time,"Athens, Greece",EL,2024-08-28,kariera.gr,165573,,"['http://data.europa.eu/esco/skill/082967d4-b94c-4305-aa13-35a6aa8c5c7c', 'http://data.europa.eu/esco/skill/0da516ee-e70e-4384-be13-f5ff80be8127', 'http://data.europa.eu/esco/skill/136e0cab-0b19-48f7-9086-745d615f416b', 'http://data.europa.eu/esco/skill/1a3660c2-011c-4e96-9b1d-529afc305428', 'http://data.europa.eu/esco/skill/2624158e-4a53-4667-8921-96ee7aaea7b3', 'http://data.europa.eu/esco/skill/29a50780-f81b-429c-b410-7f23a492e19d', 'http://data.europa.eu/esco/skill/29fb886c-6be0-4e93-9ea1-232881f2092a', 'http://data.europa.eu/esco/skill/3e40c7d0-0e36-4b33-bc33-0aa87eda0561', 'http://data.europa.eu/esco/skill/450de541-797a-4da0-9fe4-a81471c8047d', 'http://data.europa.eu/esco/skill/63f224ea-d889-42ea-b3ef-730ef78c7176', 'http://data.europa.eu/esco/skill/695c3249-18e7-4435-bdb8-54a16011159d', 'http://data.europa.eu/esco/skill/6d3edede-8951-4621-a835-e04323300fa0', 'http://data.europa.eu/esco/skill/9a42bdc6-8496-4874-b9f5-b48207a85282', 'http://data.europa.eu/esco/skill/a3aa300b-6636-40fc-abe7-4ab3808dd742', 'http://data.europa.eu/esco/skill/adc6dc11-3376-467b-96c5-9b0a21edc869', 'http://data.europa.eu/esco/skill/c4118654-695f-44bc-b9d3-1b26f3a955f8', 'http://data.europa.eu/esco/skill/c5bc42be-4970-4dce-80e2-af78bae42e84', 'http://data.europa.eu/esco/skill/cbd9cd0f-6c22-4bbc-8af2-dc9c7f5efcb5', 'http://data.europa.eu/esco/skill/e2d0daae-2aa1-40cc-99e2-b340b02f97d3', 'http://data.europa.eu/esco/skill/e3145bd7-7f35-44ec-a5dc-4417c5c9ab9a', 'http://data.europa.eu/esco/skill/efe9be37-2433-4b58-95f4-283f2c048104', 'http://data.europa.eu/esco/skill/f130eab9-64a5-47f8-a63e-e4788aa935ce', 'http://data.europa.eu/esco/skill/f37d9f67-2e79-4958-8307-1ce9d6dcc8bd', 'http://data.europa.eu/esco/skill/fef5a450-6230-4a34-b3e3-764252dbdcec']","['http://data.europa.eu/esco/occupation/21af40bb-2ae3-4fc7-9b28-d2cdd8308912', 'http://data.europa.eu/esco/occupation/4791e217-d607-40d5-9f84-df1d0a071cbc', 'http://data.europa.eu/esco/occupation/68ad860f-c5cd-420f-840f-993e3e813508', 'http://data.europa.eu/esco/occupation/6cd08cbe-7611-4d70-8886-6c59c0385442', 'http://data.europa.eu/esco/occupation/86ca306c-ab99-420a-9e2a-aa73c5c4de22', 'http://data.europa.eu/esco/occupation/8a0afc76-4a09-449a-9e7b-a33495889f95', 'http://data.europa.eu/esco/occupation/8b8ae0a5-342c-43ae-b856-e1fea6fd6d1c', 'http://data.europa.eu/esco/occupation/8cb59bc4-1f39-477e-beea-effed12d186c', 'http://data.europa.eu/esco/occupation/9f508305-80ce-4111-8722-f2c9b4a44890', 'http://data.europa.eu/esco/occupation/a79d9e58-36be-4e67-a4db-ea6c8ff445fc', 'http://data.europa.eu/esco/occupation/a9c30651-ccbc-4a80-900c-7880615cdf6e', 'http://data.europa.eu/esco/occupation/b76178c0-a03a-4793-b079-1e61e636c521', 'http://data.europa.eu/esco/occupation/d954fd71-0e2f-4cf9-85f0-c040fa6cbda9', 'http://data.europa.eu/esco/occupation/fdb16700-109e-4d02-949e-3213f278df93', 'http://data.europa.eu/esco/isco/C2433', 'http://data.europa.eu/esco/isco/C5242']"
3133,"Sr. Associate, Cybersecurity Network Protection Engineer","ROLE SUMMARYThe Global Information Security (GIS) organization delivers proactive cyber defense for the global Pfizer enterprise. Our mission is to secure all of Pfizer's information assets ranging from the manufacturing floor to the core data centers and out to the patient facing solutions. We achieve this mission through a team of world-class talent, utilizing top-tier technologies, advanced analytics and the promotion of a cybersecurity ownership culture across the company.In this role, we are looking for emerging cybersecurity talent driven to proactively design and implement cybersecurity network protection solutions with agility, quality and speed, make data driven decisions, automate routine tasks, continuously improve and maximize the value and effectiveness of security solution defenses.For Pfizer, we look for candidates that are motivated, self-learning, and team-oriented individuals. From a technical perspective, an ideal candidate would have the skills shown below, but candidates that possess a strong subset and an attitude towards self-development & growth will be considered.
ROLE RESPONSIBILITIESThis role will have the following primary responsibilities, but will often act under the support and direction of the Senior Manager, Cybersecurity Network Protection Lead:

Analyze business requirements and provide recommendations for building scalable solutions to meet security functional and non-functional requirements


Build and operationalize solutions to deploy and protect the network. Define and configure security policies throughout the various network boundaries


Create and maintain documentation related to network solutions; this may include conceptual, logical, and physical diagrams; new environment design documents; write ups on technical capabilities and solution configurations; etc.
Perform continuous security policy analysis to ensure effectiveness of security defenses.
Develop analytics/Analyze data to improve situational awareness and make informed decisions.
Assist with the development and operation of both infrastructure-as-code as well as manual change tracking processes
Manage small to medium security enhancement and remediation projects.


Demonstrate commitment to training, self-study and maintaining proficiency in the technical cyber security domain.
Demonstrate effective oral, written, and interpersonal communications skills as well as organizational and planning abilities.

BASIC QUALIFICATIONS

BS in Computer Sciences, Information Security, Information Systems, Engineering, Sciences, or related field.
Technical experience with network solutions; either infrastructure or security related.
Understanding of network traffic with security controls in mind.
Understanding of network technology.
Ability to onboard, learn and adapt to new technologies
Foundational knowledge of malware operation and indicators or threat, current threat landscape (threat actors, APT, cyber-crime, etc)
Demonstrated ability to work in ambiguous situations and initiate technical aptitude to understand/design solutions.
Strong critical thinking and problem-solving abilities.
Ability to prioritize and execute with minimal direction or oversight.
Concise, accurate communication skills (both verbal and written).
Ability to work both independently and in a team-oriented, collaborative environment.
Demonstrated commitment to training, self-study and maintaining proficiency in the technical cyber security domain.
Demonstrated experience in an agile work environment possessing qualities such as a collaborative mindset, adaptability to change, and a proactive problem-solving approach.

PREFERRED QUALIFICATIONS

3+ years of experience with network security, cyber network defense, or cyber incident response
Experience performing raw data analysis using a log repository or SIEM.
Experience managing policy and configuration via Infrastructure-As-Code
Experience and resolving network connectivity issues where multiple layers of host and network-based firewall and/or IPS solutions may be involved
Experience engineering preventative solutions to address specific vulnerabilities or adversary techniques
Experience designing policy within a modern next-generation firewall

Pfizer is an equal opportunity employer and complies with all applicable equal employment opportunity legislation in each jurisdiction in which it operates.
 
To apply please visit our website www.pfizercareers.com and search job Sr. Associate, Cybersecurity Network Protection Engineer id 4909621.",Senior,Full-time,"Thessaloniki, Greece",EL,2024-08-27,kariera.gr,165336,,"['http://data.europa.eu/esco/skill/054f26ab-cfdc-4077-883c-1c4c9e9b310a', 'http://data.europa.eu/esco/skill/055192dc-f16c-4855-835d-19cac6ff20aa', 'http://data.europa.eu/esco/skill/0ee94c0a-3716-494a-95a2-dcbab9e58be2', 'http://data.europa.eu/esco/skill/1d86f05e-e9cc-40ce-99d8-2b21cc71b16b', 'http://data.europa.eu/esco/skill/1fce1197-3a5b-45b7-8797-575cd3b57a01', 'http://data.europa.eu/esco/skill/49de9958-2aa4-4eef-a89d-fe5d5bcd28c4', 'http://data.europa.eu/esco/skill/7dd94ad3-13d6-43fe-8b94-51fcbf67ced9', 'http://data.europa.eu/esco/skill/8327754d-3990-4056-b07e-4faa49cfcd26', 'http://data.europa.eu/esco/skill/adc6dc11-3376-467b-96c5-9b0a21edc869', 'http://data.europa.eu/esco/skill/be20d05c-f6b4-4580-9fcf-f00f4baab562', 'http://data.europa.eu/esco/skill/df64a7cc-2e96-4304-95d3-56fe0ac2dd39', 'http://data.europa.eu/esco/skill/f9738fc9-4d67-43e8-bfda-954123e34d42']","['http://data.europa.eu/esco/occupation/0ce5a9f4-e00a-4bbe-b255-3c63407167a4', 'http://data.europa.eu/esco/occupation/53cdd34e-22f2-41bd-b3c7-de22bf9bbcae', 'http://data.europa.eu/esco/occupation/6cd08cbe-7611-4d70-8886-6c59c0385442', 'http://data.europa.eu/esco/occupation/7f2761eb-4edc-48ad-9fbf-eed0a0db9a21', 'http://data.europa.eu/esco/occupation/9729c0f3-c9bc-482e-ac59-a82ec3b67ba3', 'http://data.europa.eu/esco/occupation/a44a1dc5-be08-4840-8bd5-770c4ac1ca6d', 'http://data.europa.eu/esco/occupation/bf802371-4758-4268-a780-58e3d269831b', 'http://data.europa.eu/esco/occupation/c66b4569-09aa-4d8d-93d9-ac9b9176655d', 'http://data.europa.eu/esco/occupation/caf7b8fb-b2d6-46b7-bffa-bea7f8e4aed8', 'http://data.europa.eu/esco/occupation/fe0fa514-b48d-4a53-9757-a283c0baacf0', 'http://data.europa.eu/esco/isco/C214']"
3195,Project Development Engineer,"PADEV MEPE, which is active in the development of RES projects, is looking for an Electrical Engineer with experience in the design and licensing of wind and photovoltaic plants.
Responsibilities:
· Study, Dimensioning and Planning of RES projects
· Development, Licensing and Evaluation of projects based on RES legal framework
· Communication with public bodies regarding the development of the licensing process of the projects
· Project management and coordination
· Preparation and Compilation of Files for the licensing of RES projects
· Analyzing wind measurements and keeping a database of wind data
· Compilation of Files for Development Programs
Required Qualifications:
· Diploma in Electrical/Mechanical Engineering
· Previous experience in the development of RES projects
· Good knowledge of institutional framework
· Use of simulation software for wind and photovoltaic plants
· Excellent knowledge of MS Office AutoCAD, PVSYST
· Excellent knowledge of English
· Driving License
Allowances
· Competitive package of benefits and Services
· Development prospects
· Support and training
· Excellent working environment",Mid-level,Full-time,"Athens, Greece",EL,2024-08-27,kariera.gr,151930,,"['http://data.europa.eu/esco/skill/0823ccef-813f-4f22-afef-ac0d68615e8f', 'http://data.europa.eu/esco/skill/7111b95d-0ce3-441a-9d92-4c75d05c4388', 'http://data.europa.eu/esco/skill/e45507ff-c1e2-4e0c-92fb-b6c0e6cb6245']","['http://data.europa.eu/esco/occupation/86ca306c-ab99-420a-9e2a-aa73c5c4de22', 'http://data.europa.eu/esco/occupation/bea99fea-0383-4c63-b944-70d4799de2c5', 'http://data.europa.eu/esco/isco/C2151']"
3272,Project Supervising Engineer,"The company TELCOSERV A.E., a company active in the telecommunications market, wishes to hire for permanent employment in the implementation of technical projects a Project Supervision Engineer: O/H candidate with the corresponding training from the company will be able to supervise optical fiber projects. The supervision will concern both the construction and the visual part of the projects.
POSITION DESCRIPTION
•    Autopsy in the field.•    Human resources management.•    Organizing and prioritizing tasks.•    Creating short and long-term planning.•    Using data to optimally design and capture studies.•    Recording all external parameters and costing the necessary materials.•    Use equipment and applications for the measurement of the implemented projects. •    Organization and configuration of the file for the delivery of the project. •    Daily and weekly reporting of the project.
DESIRABLE QUALIFICATIONS
•    University/Tei Degree in Telecommunications Engineering or other related specialties (Electrical, Mechanical Engineer preferably)•    Very good knowledge of design programs (CAD, GIS)•    Good knowledge of the English language•    Very good knowledge of MS Project•    Experience working in computer science is desirable but not necessary ERP environment•    The use of surveying machines is desirable",Mid-level,Full-time / Part-time,"Agios Stefanos, Greece",EL,2024-08-26,kariera.gr,165159,,"['http://data.europa.eu/esco/skill/00c51318-4ea9-4d37-9cd8-74680583d203', 'http://data.europa.eu/esco/skill/14764a75-3104-4875-ba1d-57c059b9b013', 'http://data.europa.eu/esco/skill/279a4b1d-21df-4d78-9f4d-324c73fd7536', 'http://data.europa.eu/esco/skill/60b44dab-03f1-46de-be08-0e5ba8662b3d', 'http://data.europa.eu/esco/skill/e5e48620-8476-42e9-bfa9-ffe0282a8ab0']","['http://data.europa.eu/esco/occupation/0dd7e6cd-2e5a-4fae-9ce0-6a3622d4019f', 'http://data.europa.eu/esco/occupation/432cd69f-6323-4147-94f2-342de3cb0a65', 'http://data.europa.eu/esco/occupation/c6c48286-2037-47e3-a132-b745dce858e2', 'http://data.europa.eu/esco/occupation/f605bcd2-90b6-45a0-a558-d05016d68a77', 'http://data.europa.eu/esco/isco/C2153']"
3413,DevOps Engineer,"\n Join INTRALOT as a DevOps Engineer!\n\nEmpower Innovation. Drive Impact. Shape the Future.\nAre you a passionate DevOps professional ready to take the next step in your career? At INTRALOT, we're not just building infrastructure - we're transforming the gaming industry with scalable, reliable, and cutting-edge systems.\nHere's your chance to make a difference and grow with a dynamic team that thrives on innovation and collaboration.\n\nWhat You'll Do\nAs a DevOps Engineer, you'll play a vital role in enhancing operations and contributing to the delivery of high-quality software. Your contributions will make a difference as you:\n Support Scalable Systems - Contribute to the design and maintenance of secure, robust, and high-performance infrastructure for our global gaming platforms.\n⚙️ Drive Automation - Help implement and refine CI/CD pipelines using tools like Jenkins, GitHub Actions, or CircleCI.\n Manage the Cloud - Assist in maintaining cloud environments (AWS or Azure) to ensure efficiency and scalability.\n Leverage Containers - Optimize and manage containerized applications using Docker and Kubernetes.\n Support Infrastructure as Code (IaC) - Collaborate on infrastructure provisioning and configuration with tools like Terraform and Ansible.\n Monitor Effectively - Develop and maintain monitoring, logging, and alerting systems with Prometheus, Grafana, and ELK.\n Work with Data Streams - Help optimize real-time data flows and messaging systems with Kafka.\n Collaborate Across Teams - Work closely with software teams to promote a DevOps-first culture.\n\n\nWhat You'll Bring\nWe're looking for an enthusiastic and driven individual with:\n Experience: 2+ years in a DevOps or related role.\n☁️ Cloud Knowledge: Hands-on experience with AWS or Azure.\n Scripting Skills: Proficiency in scripting/programming languages like Python, Bash, or Go.\n Containerization: Familiarity with Docker and Kubernetes.\n⚡ IaC Basics: Experience with tools like Terraform and Ansible.\n CI/CD Enthusiasm: Exposure to CI/CD tools such as Jenkins, GitHub Actions, or Bamboo.\n️ Monitoring Skills: Experience with monitoring and logging tools like Prometheus and Grafana.\n Communication: Strong collaboration and communication skills in both Greek and English.\n\nAbout Us: INTRALOT, a publicly listed company established in 1992, is a leading gaming solutions supplier and operator active in 39 regulated jurisdictions worldwide. With a global workforce of approximately 1,700 employees, INTRALOT is committed to redefine innovation and quality of services in the lottery and gaming sector, while supporting operators in raising funds for good causes. In 2023, INTRALOT was distinguished as a top ten most attractive employer brands in Greece.\nINTRALOT has been awarded the prestigious WLA Responsible Gaming Framework Certification by the World Lottery Association. We always act with integrity and enjoy what we do.\n\nWhy Join Us:\n A competitive compensation package combined with additional benefits.\n Hybrid working model.\n Private Insurance for you and your family.\n Modern facilities, parking inside, enticing restaurant and corporate bus.\n An extensive training program upon induction and throughout employment.\n Exceptional opportunities to learn and develop in a multinational environment.\n Prospects for professional growth both locally and globally.\n\nEqual Opportunity Employer:\n We celebrate diversity and are proud to be an Equal Opportunity Employer. We welcome applicants from all backgrounds and do not discriminate based on race, color, religion, gender, sexual orientation, national origin, age, marital status, medical condition, disability, or any other protected status. Our premises in Paiania, Attica, are accessible to individuals with disabilities. Join us in shaping the future of gaming and lottery solutions!",N/A,Full-time,"Paiania, Greece",EL,2025-03-01,kariera.gr,148123,,"['http://data.europa.eu/esco/skill/19a8293b-8e95-4de3-983f-77484079c389', 'http://data.europa.eu/esco/skill/43ae58b9-5e56-4524-b45a-b422777a0576', 'http://data.europa.eu/esco/skill/598de5b0-5b58-4ea7-8058-a4bc4d18c742', 'http://data.europa.eu/esco/skill/5bac4bcc-1846-4688-ba02-ad2b51544282', 'http://data.europa.eu/esco/skill/7557f0f4-b8bc-4ac0-b91e-222ab1ba744f', 'http://data.europa.eu/esco/skill/9a42bdc6-8496-4874-b9f5-b48207a85282', 'http://data.europa.eu/esco/skill/c3404999-faaa-4779-9cbf-e594b9c4d3b6', 'http://data.europa.eu/esco/skill/ccd0a1d9-afda-43d9-b901-96344886e14d', 'http://data.europa.eu/esco/skill/e24377fb-020b-4430-8bed-86dd539bbf3a', 'http://data.europa.eu/esco/skill/f0de4973-0a70-4644-8fd4-3a97080476f4', 'http://data.europa.eu/esco/skill/f206e732-110c-47ce-a53f-f00c9d97c90d', 'http://data.europa.eu/esco/skill/f9a6f35b-01a7-40c9-8b61-b6ee46f97272', 'http://data.europa.eu/esco/skill/0c15aa34-6977-4da7-b1f0-2ba6a582ef1b', 'http://data.europa.eu/esco/skill/6f8a40d6-f9ce-43ec-a72f-d4213a53f3ed', 'http://data.europa.eu/esco/skill/c13fb093-5ffb-491a-b8b7-fa2d42a57e2e']","['http://data.europa.eu/esco/occupation/2082e125-d06b-43e6-957f-b7aa3c48dc2f', 'http://data.europa.eu/esco/occupation/3d190639-90f8-4402-b1b3-a104a17e0d67', 'http://data.europa.eu/esco/occupation/50af07f0-7a75-424e-a66d-5a9deea10f4c', 'http://data.europa.eu/esco/occupation/8cb59bc4-1f39-477e-beea-effed12d186c', 'http://data.europa.eu/esco/occupation/cc867bee-ab5c-427f-9244-f7a204d9574b', 'http://data.europa.eu/esco/occupation/d18a8976-a283-42ad-9541-75c49396dbd7', 'http://data.europa.eu/esco/isco/C214', 'http://data.europa.eu/esco/isco/C7317', 'http://data.europa.eu/esco/occupation/781a6350-e686-45b9-b075-e4c8d5a05ff7']"
3489,Network Engineer,"Volton Hellenic Energy SA is a Greek company that is dynamically active and is increasing its capacity rapidly in the field of Electricity Supply and Trading, in the Gas Energy Sector and soon enough in the field of Telecommunications.
By offering reliable services that meet the ever-growing energy needs of businesses and households, Volton aims to build solid and trustful relationships with its customers. The company's ambition is to become one of the most important companies in the industry and remain at the forefront of developments as the first Multiservice provider combining Electricity, Natural gas and Telecommunications. As part of its development, Volton strengthens its human resources in Athens and seeks:
 
Network Engineer
 
This is an engineering role in a network operator and Telecommunications Service Provider (mobile and fixed), covering many segments of IP networks, such as core, transport, access and Data Center, and many aspects of the surrounding technology: IPv4/IPv6, interconnections, network security and VPN, L2 aggregation, Data Center networking, FTTH, NFV, etc.
This role is an opportunity for a passionate Network Engineer who wants to be part of an exciting project, an ISP/MSP in the making.
 
Responsibilities:

Design, operation and support of networking infrastructure (switching, routing and firewalling) that support the needs of telecommunications systems, platforms and applications
Development, operation and support of the IP network needed for the interconnection of the company with other service and Internet upstream providers
Evaluation and selection of solutions and architectures for the network and the required infrastructure that will support the telecommunications services
Management of virtual/physical assets (ASNs, IP addresses, equipment inventory etc.)
IP traffic management and monitoring
Testing of new equipment for introduction into the network
Documentation and implementation of standard operating procedures for all network technologies deployed

 
Necessary Skills:

Excellent knowledge of Ethernet & IP technologies and more specifically

IPv4/IPv6
Interconnection, IP traffic routing & switching and aggregation technologies

Routing: OSPF, BGP, MPLS
Security: L3VPN, IPSec/SSL VPN
L2: VLAN, STP, vPC, LAG
Service provisioning: PPPoE, IPoE, BRAS/BNG, FTTH, OLT, ONT/ONU


Very good knowledge in the installation, configuration, operation and maintenance of IP network equipment



 
Preferred Skills:

DNS, DHCP , AAA (RADIUS, LDAP)
IPv6 transition technologies (IPv4aaS)
Familiarity with security and hardening principles and technologies for telecommunications networks

 
Necessary Qualifications:

University Degree or equivalent, in Engineering, Computer Science or similar
At least 3 years of experience in Ethernet & IP technologies, ideally in a Telecommunication Service Provider environment or related technology Vendor/Integrator
Experience with network monitoring (e.g. TICK stack) and automation (e.g. Ansible, Python) will be strongly considered
Fluency in English
Related certifications will be considered an asset, especially from Cisco
Soft skills: problem-solving abilities, effective communication and teamwork are all considered as a must

 
The Company Offers:

Competitive remuneration package
Hybrid working model
Mobile phone
Private insurance, corporate benefits and perks
Continuous training and professional development
Excellent professional environment
Modern and productive working facilities

 
Don’t miss the chance to join a Great Place to Work-Certified Company that promotes a positive work environment.
 
 
All applications will be treated with confidentiality.
If your CV meets the requirements of the job, we will contact you by phone to schedule an appointment.
Information about the Group on our site volton.gr",Mid-level,Full-time,"Metamorfosi, Greece",EL,2024-08-24,kariera.gr,164947,,"['http://data.europa.eu/esco/skill/071233c4-ad2b-4f50-b79f-768d2231163e', 'http://data.europa.eu/esco/skill/15d76317-c71a-4fa2-aadc-2ecc34e627b7', 'http://data.europa.eu/esco/skill/2239694b-771a-4586-8b54-2794e361a9ae', 'http://data.europa.eu/esco/skill/385479b7-5da5-4367-9763-0d15b41bb65b', 'http://data.europa.eu/esco/skill/457c2e47-07e6-4073-827e-e1c21f3e5869', 'http://data.europa.eu/esco/skill/5b26f08b-88bc-45f0-b901-530d7786466b', 'http://data.europa.eu/esco/skill/60b44dab-03f1-46de-be08-0e5ba8662b3d', 'http://data.europa.eu/esco/skill/6f8a40d6-f9ce-43ec-a72f-d4213a53f3ed', 'http://data.europa.eu/esco/skill/a57a54b6-2f2e-43e4-9621-b52f4a63cb08', 'http://data.europa.eu/esco/skill/a8d24a95-47b3-4f88-92e7-06600bcd3612', 'http://data.europa.eu/esco/skill/ccd0a1d9-afda-43d9-b901-96344886e14d', 'http://data.europa.eu/esco/skill/f1a56786-e6d7-4b2e-a39c-23e09024d473']","['http://data.europa.eu/esco/occupation/9729c0f3-c9bc-482e-ac59-a82ec3b67ba3', 'http://data.europa.eu/esco/occupation/d07e6a57-a339-4cfd-bf22-a951713148a3', 'http://data.europa.eu/esco/occupation/f4b4fb1d-0224-4e6b-b7c9-84bcf133be00', 'http://data.europa.eu/esco/isco/C2', 'http://data.europa.eu/esco/isco/C2153', 'http://data.europa.eu/esco/isco/C352']"
3545,Energy Management Portfolio Engineer,"On behalf of our client, ELPEDISON, we are looking to recruit an Energy Management Portfolio Engineer.ELPEDISON, the 1st independent Energy Producer in Greece and one of the biggest, most reliable, and friendly Alternative Electricity and Natural Gas Suppliers, has emerged from the collaboration between two Energy Groups: - Hellenic Petroleum, one of the largest commercial and industrial energy Groups in Greece and South-Eastern Europe, and - Edison, the longest-running energy company in Europe and the largest private energy company in Italy. Thanks to the knowledge and the experience that we have inherited from our parent companies, we aspire to always be a leading company in our sector, playing a significant role in power generation while offering high-quality and innovative energy products and services with stability and consistency.ELPEDISON, with its two privately-owned power plants in Thisvi (Voiotia )and Thessaloniki, with a total installed capacity of 820 MW, uses natural gas as fuel and ensures a clean and continuous electricity flow, based on a highly environmentally-friendly power generation process.The positionWe are currently looking for an Energy Management Portfolio Engineer to secure the participation of the company’s portfolio in the spot markets (Natural Gas & Power) in an efficient, transparent, and compliant to the current legislation manner.Main Duties / Responsibilities Execute Short-term Forecasting by analyzing market data and running simulations Execute the company’s sales Strategy of the wholesale Day Ahead/Intraday/Balancing Power Markets Monitor the real time marketplace for optimal reaction, according to operational business constraints Be responsible for all aspects within the real-time trading environment by conducting hourly purchase and sales transactions in an optimal and economical manner Monitor results of dispatch operations and suggests/implements improvement opportunities Monitor the contractual arrangements associated with power plants operation, Natural Gas and electricity market conditions relevant to the short-term wholesale Market Develop scenarios to better understand how key drivers will affect, Day Ahead / Intraday/ Balancing markets outcomes Produce daily/weekly/monthly reports on market results, trends and statistics Communicate all necessary information to appropriate internal and external parties/personnel Investigate and make improvements to market models and algorithms Work rotating shifts of 8 hours, including night shifts, weekends and holidays and be on-call Requirements BSc in Electrical or Mechanical Engineering or Applied Economics Master’s degree will be a plus 2-3 years relevant working experience within Electric Power sector In-depth working knowledge of Statistics & Technical Analysis MS Office (preferably excel), Modelling skills with a focus on VBA Excellent knowledge of the English language Strong analytical skills, ability to understand business situations and provide data analysis Self-motivation, ability to exercise initiative and quick on the uptake Adhere to strict deadlines Benefits Competitive salary Performance-based variable pay 💰 Ticket restaurant card 💳 Transportation reimbursement ⛽ Private Health Insurance coverage 🩺 Pension Scheme Home electricity and natural gas discount ⚡ Continuous learning & upskilling opportunities and access to our premium online training platform 📚 Hybrid Working One extra day of paid time off Reimbursement for your athletic activities 🥈 Unlimited fruits and snacks at the office 🥜",Mid-level,Full-time,"Athens, Greece",EL,2024-08-24,kariera.gr,164868,,"['http://data.europa.eu/esco/skill/3e5fe3b1-185f-4aad-b673-6a95fa4b19ca', 'http://data.europa.eu/esco/skill/4334037f-c1d8-4241-b82e-8db7e469327b', 'http://data.europa.eu/esco/skill/9c071f1d-eac3-449d-b004-c14775b5a3b9', 'http://data.europa.eu/esco/skill/b618584f-6bdf-4d8f-89a7-f28c2c95afc2', 'http://data.europa.eu/esco/skill/c564a8dc-e6b3-48a1-bb6c-674f6ce37215']","['http://data.europa.eu/esco/occupation/579254cf-6d69-4889-9000-9c79dc568644', 'http://data.europa.eu/esco/occupation/a005f8a2-2d8a-433e-8d89-13575f822fd4', 'http://data.europa.eu/esco/occupation/e4f33b45-ee95-48b5-b2f8-e397aa14ed41']"
4084,Civil Tendering Engineer,"Company DescriptionArchirodon, having earned its reputation as a reliable and respected international contractor for more than a half century in the Engineering, Procurement and Construction (EPC) market, continues to create value to its stakeholders by executing complex EPC projects worldwide, in recognition of its superior standards of performance.  We have an outstanding record in completing major Energy, Marine, Infrastructure and Defense & Security projects around the globe and we pride ourselves on delivering over the years the kind of reliability and trust that the client has the right to expect from a major EPC contractor.Job DescriptionWe are constantly growing and are currently looking for a resourceful Tendering Engineer (Civil) to join a top qualified and knowledgeable Tendering Team in our Athens Office. Are you ready to travel, be part of and learn from an international dynamic team? Are you a resourceful Tendering Engineer, looking for a new role to get passionate about? Would you like to be part of a dynamic EPC leader with global presence? We'd like to meet you!Build on something that matters!Role summary:As a member of the Tendering team, you will support the development of proposals and tenders for international projects. You will have the opportunity to accelerate knowledge and experience through exposure, and collaboration with high performing multidisciplinary teams.What you will need to do: Analyses tender specifications, drawings, and other documentation to prepare comprehensive cost estimates.Prepares the Bills of Quantities and other quantitative reports as required.Prepares materials and subcontract enquiries.Liaises with suppliers and subcontractors to ensure that comprehensive and consistent quotations are received.Evaluates materials and subcontracts quotations.Develops detailed cost estimates including both direct and general costs.Assists in the preparation of the tender schedule.Creates level 2 schedules.Assists in the compilation of the technical submittals.Maintains comprehensive records of cost estimation data, ensuring data integrity and accessibility for future reference.Prepares risk and opportunity analysis.Commercial engineering: prepares selling price analyses and price estimatesPrepares basic cash flow scenarios.Co-ordinates with other departments in obtaining specialist advice and input into the estimate as required.Prepares and presents presentations for internal (within company) and external (partners /clients) purposes.Prepares interfacing plans, DORs, BOQ splits, and other documents related to JVs and Consortia.Liaises with partners to ensures comprehensive and consistent joint tender preparation.What you will need to have: MSc in Civil EngineeringFour (4) to six (6) years of work experience within a construction contractorStrong interpersonal and communication skills (written and oral)Commercial/ business thinkingExcellent English command (written and oral) of the English languageKnowledge of any project management tool is desirable.Computer literacy, including use of MS Office (Word, Excel, PowerPoint, Access)You are someone who:Has strong drive for results and solution-focused thinkingDisplays a team spirit and has effective communication skillsPossesses international mindsetDisplays a ""can-do"" attitude, is flexible and hands onIs keen to learn and professionally growWhat's in it for you: Competitive salary and benefits are part of the offering, yet the real joy comes from being a member of smart and passionate teams, within an international leading EPC Group on a mission that matters. We create mega construction projects - literally around the globe - with meaningful impact on the local communities for the years to come. At Archirodon, you will find a proud, productive and human-centric culture, caring for and building on our people and their development! Please note that you will be contacted only in case you are shortlisted for an interview. In the meantime, do not hesitate to stay in touch and keep monitoring our  open vacancies  and our  LinkedIn  page! Rest assured that your application will be treated with strict confidentiality and under all applicable data privacy regulations.",,Full-time,"Kropia, Greece",EL,2024-08-22,kariera.gr,164544,,"['http://data.europa.eu/esco/skill/0ee7b0d6-db98-4785-9948-f2ef415d155a', 'http://data.europa.eu/esco/skill/34dc9e73-c35e-46a4-a35d-4417b721437c', 'http://data.europa.eu/esco/skill/3bc08c26-2f98-4730-bbb6-ec4a8566e3cf', 'http://data.europa.eu/esco/skill/6c2857b2-4d78-4ddf-97b3-4f79cad891af', 'http://data.europa.eu/esco/skill/713fb616-118e-40bc-9366-4a69879a49d5', 'http://data.europa.eu/esco/skill/8faefbc1-4745-4b3f-9889-81cd1d40b67c', 'http://data.europa.eu/esco/skill/9d5521f9-44d7-4db4-b7ac-0ba7d389f44d', 'http://data.europa.eu/esco/skill/a4346013-a967-4a58-a533-6b32ad1364c5', 'http://data.europa.eu/esco/skill/c55caed2-de9e-4a25-819e-a0b0e83fba1b', 'http://data.europa.eu/esco/skill/d15ce60f-ddab-41ce-ba56-398451b77b60', 'http://data.europa.eu/esco/skill/f14ff4b7-be1e-4b55-b39b-520005f8a97e', 'http://data.europa.eu/esco/skill/f683ae1d-cb7c-4aa1-b9fe-205e1bd23535', 'http://data.europa.eu/esco/skill/fc4fcb4b-993f-4f2c-b158-c2171ec18ed8']","['http://data.europa.eu/esco/occupation/219d1c30-3849-4de3-b0d6-07da187b6521', 'http://data.europa.eu/esco/occupation/42ff9e52-1f56-427d-b772-b9328c39b98a', 'http://data.europa.eu/esco/occupation/4588cd69-e6a5-4668-94c7-f02a3d86a649', 'http://data.europa.eu/esco/occupation/4a375b68-88a0-4e5f-99ce-9b01341dfb81', 'http://data.europa.eu/esco/occupation/654ce97c-9ed1-4614-bc76-36f4a1f67557', 'http://data.europa.eu/esco/occupation/6cd08cbe-7611-4d70-8886-6c59c0385442', 'http://data.europa.eu/esco/occupation/7086d0ca-1e77-4690-89c9-7ed1a0478fa3', 'http://data.europa.eu/esco/occupation/7843a4c6-a9f6-4095-94b9-45b384d4bd57', 'http://data.europa.eu/esco/occupation/84871c2a-abd1-45eb-b03a-65e51a26fd84', 'http://data.europa.eu/esco/occupation/b09acdda-6680-49d1-a411-129610ee3bc0', 'http://data.europa.eu/esco/occupation/be235deb-6181-43ca-8127-7010a689643a', 'http://data.europa.eu/esco/occupation/cb4f98c8-6b8d-41d8-87eb-a2a2033a3a25', 'http://data.europa.eu/esco/isco/C2142']"
4197,ELECTRICAL-MECHANIC ENGINEER,"The rapidly growing company S. MENTEKIDIS SA, manufacturer of ""DIOS"" and ""SELI"" Natural Mineral Waters, wishes to hire an Electrician-Mechanist for its production lines. The position concerns the ""DIOS"" bottling plant, which is based in Karitsa, Pieria prefecture.
Position description - main responsibilities:

Member of the Natural Mineral Water production line in accordance with the operating rules, as well as the requirements of the company's quality specifications.
Solving technical problems and faults 
Participation in the maintenance of production lines
Full time shift position

Necessary qualifications:

 Degree in Electrical or Mechanical Engineering
 Good knowledge of English and computer skills
 Previous work experience in the food-beverage manufacturing industry will be an added advantage

Desired behaviors:  

Constant Willingness to Learn
Adaptability - Flexibility
Collaboration skills- Team spirit
Positive attitude
Focus on the result
Organization-Planning
Initiatives

    Provided:

Competitive salary package, depending on qualifications and experience
Development prospects in a dynamic and growing company
Modern and pleasant working environment
Private medical and hospital coverage program
Pension plan
Continuous education

Candidates residing in Pieria Prefecture will be preferred
Our company applies a merit-based recruitment process, which includes structured interviews and the use of psychometric tools.
Your application will be treated with the strictest confidentiality and privacy and your personal data will not be shared.",Mid-level,Full-time,"Katerini, Greece",EL,2024-08-21,kariera.gr,164401,,"['http://data.europa.eu/esco/skill/14832d87-2f2f-4895-b290-e4760ebae42a', 'http://data.europa.eu/esco/skill/2a2fa8e8-aaf3-4abf-a60b-af6415f1c6d4', 'http://data.europa.eu/esco/skill/49de9958-2aa4-4eef-a89d-fe5d5bcd28c4', 'http://data.europa.eu/esco/skill/8d4271ca-c9fd-40b3-875f-15f78332a49e', 'http://data.europa.eu/esco/skill/9c071f1d-eac3-449d-b004-c14775b5a3b9', 'http://data.europa.eu/esco/skill/a472a200-d895-40ca-95e7-5c5495e3dd7c', 'http://data.europa.eu/esco/skill/c4272323-cce6-4535-ac71-4f6841f4f89a']","['http://data.europa.eu/esco/occupation/579254cf-6d69-4889-9000-9c79dc568644', 'http://data.europa.eu/esco/occupation/5d009d45-3bb9-4e33-8760-294f59adec8c', 'http://data.europa.eu/esco/occupation/869e3a85-6e4c-4e3c-b14f-a8399c1abd2d', 'http://data.europa.eu/esco/occupation/ceda53cd-3f1f-425b-bd1b-c4fa17254680', 'http://data.europa.eu/esco/isco/C251']"
4282,Quarry Maintenance Technician (Mandra),"The HERACLIS Group, an organization with international recognition and a member of the Holcim Group, a world leader in construction materials, is looking for the position of Unit Maintenance Technician for the quarry in Mandra. 
Quarry Maintenance Technician (Code TSLM24)
Candidate Profiles
● Practical Engineer License● Graduate of Technical Education in the field of Mechanical Engineering will be appreciated● 3 – 5 years of previous service in a similar position will be appreciated.● Knowledge of maintenance and repair of mechanical fixed equipment, such as drive systems, conveyors, grinding machines, etc.● Experience in inspection – primary maintenance fixed mechanical equipment● Teamwork, responsibility and communication skills.● Computer skills will be appreciated.
Main Duties
● Carrying out regular inspections (visual inspection) of plant equipment during operation. ● Participation in preventive maintenance, repairs, improvements and modifications of the crushing and sorting complex (breakers, screens, conveyor belts, etc.). breaker assembly central panel● Diagnose / identify problems & effectively communicate with other colleagues and supervisors for the solving them.● Immediate restoration of emergency faults to limit production downtime.● Faithful observance & application of the Facility's Health and Safety rules.
Our Group offers opportunities for development and continuous training and development. Please note that absolute confidentiality will be observed for all data and applications that will be submitted.",Mid-level,Full-time,"Mandra, Greece",EL,2024-08-20,kariera.gr,164272,,"['http://data.europa.eu/esco/skill/05c1cd3e-ab52-4017-af59-7ce74cd23e82', 'http://data.europa.eu/esco/skill/199f7919-5114-41b6-b6a5-41e0e4896ec1', 'http://data.europa.eu/esco/skill/7b969ac9-f085-4afb-a480-c5210fb4da7d', 'http://data.europa.eu/esco/skill/7c7d8588-5224-473c-bfe8-1fda049eeaaf', 'http://data.europa.eu/esco/skill/c2241f73-9151-4817-96b2-b9a6aae4c9e9']","['http://data.europa.eu/esco/occupation/1d8545df-e3d8-4ece-9449-0f2940e97e7c', 'http://data.europa.eu/esco/occupation/579254cf-6d69-4889-9000-9c79dc568644', 'http://data.europa.eu/esco/occupation/6cd08cbe-7611-4d70-8886-6c59c0385442', 'http://data.europa.eu/esco/occupation/822bbc2d-bc6a-4fb5-afb8-89170120c6d8', 'http://data.europa.eu/esco/occupation/8edd8bff-cb59-4c9c-ab0f-59e77d18be48', 'http://data.europa.eu/esco/occupation/b0480558-269d-4903-9bc7-f390cd6a6964', 'http://data.europa.eu/esco/occupation/b156960c-8508-4067-908d-f167847c55b1', 'http://data.europa.eu/esco/isco/C251', 'http://data.europa.eu/esco/isco/C811', 'http://data.europa.eu/esco/isco/C8171']"
4343,Senior Project Engineer,"Company DescriptionArchirodon, having earned its reputation as a reliable and respected international contractor for more than a half century in the Engineering, Procurement and Construction (EPC) market, continues to create value to its stakeholders by executing complex EPC projects worldwide, in recognition of its superior standards of performance.  We have an outstanding record in completing major Energy, Marine, Infrastructure and Defense & Security projects around the globe and we pride ourselves on delivering over the years the kind of reliability and trust that the client has the right to expect from a major EPC contractor.Job DescriptionWe are constantly growing and are currently looking for experienced Project Engineers to join our Energy Project Engineering Discipline of our Engineering Department in Athens. Build towards excellence and join our worldwide journey!Role Summary: You will be working with a team of highly knowledgeable professionals, and you will undertake and perform accurately and confidently engineering, coordination and project team supporting tasks throughout the stages of international Oil and Gas Projects from tendering to startup and operation, leading effectively other team members under responsibility.What will you need to do:Undertake the role of Project Engineering Manager, as may be required for Energy projects, and supervise the Project Engineering Team, including external consultants and Engineering Subcontractors as applicableUndertake the role of Project Engineering Coordinator, as may be required for Energy or Marine and Infrastructure projects, and coordinate the engineering disciplines, including external consultants and Engineering Subcontractors as applicableSupport the Project Engineering Manager in managing the day-to-day engineering activities for the assigned projectCoordinate the relevant discipline's activities and support the Project Engineering Managerin monitoring and reviewing engineering progressand controlling/ forecasting activities and deliverables according to scheduleMonitor the receipt and review cycle of 3rd parties (Engineering Subcontractors) and identify any problem areasExpedite the engineering activities towards meeting the scheduleContribute and record meeting notes for multidisciplinary meetingsWork in coordination with procurement and tendering departmentsReview and/or prepare key project documents (P&ID's, line list, equipment list etc.)Prepare other deliverables such as Material Requisitions, Scope of Work for services and Erection requisition for works, etc.Perform technical bid evaluations for vendor offers and technical review of vendor drawings and documentsFollow up the receipt and review cycle for vendor documents and identify any problem areasReview Engineering documents received by 3rd parties (Engineering Subcontractors / Vendors) and identify any problems/design issues.Work in accordance with the requirements of company IMS proceduresQualificationsBE or equivalent in Mechanical or Chemical Engineering, and MScPhD in relevant field of expertise would be a definite advantageMinimum 7 years of relevant experience (for candidates with no post-graduate studies, minimum 3 years for candidates with PhD) related to Oil & Gas Projects and detailed engineering experience in the field of expertise (mechanical or chemical engineering) with focus in Project EngineeringTechnical competence in project engineering with strong technical background, and advanced analytical skills in basic and detailed engineering design from project feasibility stage to plant commissioning and startupPrevious exposure to international environment will be considered an advantageExperience using relevant commercial software applicable to Oil & Gas projectsIn depth knowledge of international codes & standards, international design guidelines & recommendationsExperience in Environmental regulatory requirements (local, international), review and understanding of local Environmental Laws would be a definite advantageMobility is highly desirable to participate in working teams at Archirodon's project home offices throughout the countries that Archirodon executes its EPC projectsExcellent command (written and oral) of the English languageYou are someone who:Displays excellent interpersonal and communication skillsCan be counted on to achieve goals within schedule, demonstrating a fighting spirit and perseveranceIs keen to learn and professionally growIs flexible and eager to take initiativesDemonstrates sound Project Management SkillsIs effective at solving problems, troubleshooting and making timely decisionsDisplays a team spirit, particularly in a multicultural environmentIs commercially astuteAdditional InformationWhat's in it for you:Competitive salary and benefits are part of the offering, yet the real joy comes from being a member of smart and passionate teams within an international leading EPC group that supports impactful for the local communities' mega infrastructure development projects - literally around the globe - and encompasses a productive and human-centric culture caring for its people and their development!Please note that you will be contacted only if you are shortlisted for an interview. In the meantime, do not hesitate to stay in touch and keep monitoring our open vacancies and our LinkedIn page! Rest assured that your application will be treated with strict confidentiality and under all applicable data privacy regulations.",,Full-time,"Kropia, Greece",EL,2024-08-20,kariera.gr,160587,,"['http://data.europa.eu/esco/skill/1f1d2ff8-c4c1-45cc-9812-6a7ee84a73cb', 'http://data.europa.eu/esco/skill/3bc08c26-2f98-4730-bbb6-ec4a8566e3cf', 'http://data.europa.eu/esco/skill/3d427a49-4f85-42cd-8a92-62d4a34f41a1', 'http://data.europa.eu/esco/skill/4309a39d-af97-4e56-8d0e-5351b7b8dd01', 'http://data.europa.eu/esco/skill/6a899482-8bcf-40ca-ae67-579a1cc467ab', 'http://data.europa.eu/esco/skill/7111b95d-0ce3-441a-9d92-4c75d05c4388', 'http://data.europa.eu/esco/skill/a4346013-a967-4a58-a533-6b32ad1364c5', 'http://data.europa.eu/esco/skill/c565e722-0e14-4f57-99ff-267dd9ea2510', 'http://data.europa.eu/esco/skill/fc4fcb4b-993f-4f2c-b158-c2171ec18ed8']","['http://data.europa.eu/esco/occupation/1ff61522-8947-4c95-b589-cb0e0539a62b', 'http://data.europa.eu/esco/occupation/3f3748a7-4bb3-40b4-9ae3-1c5040c70f52', 'http://data.europa.eu/esco/occupation/42ff9e52-1f56-427d-b772-b9328c39b98a', 'http://data.europa.eu/esco/occupation/579254cf-6d69-4889-9000-9c79dc568644', 'http://data.europa.eu/esco/occupation/7569f423-2c37-49aa-947e-41acb66ec909', 'http://data.europa.eu/esco/occupation/76abbb82-c103-4d7a-a4c0-14dba4d6199a', 'http://data.europa.eu/esco/occupation/7843a4c6-a9f6-4095-94b9-45b384d4bd57', 'http://data.europa.eu/esco/occupation/b2cede50-82bb-4684-9f11-1930e12ad672', 'http://data.europa.eu/esco/occupation/bea99fea-0383-4c63-b944-70d4799de2c5', 'http://data.europa.eu/esco/occupation/cb4f98c8-6b8d-41d8-87eb-a2a2033a3a25', 'http://data.europa.eu/esco/occupation/ec21ce88-ce14-49b6-be0a-cc53cf5a3a67', 'http://data.europa.eu/esco/isco/C214', 'http://data.europa.eu/esco/isco/C3116']"
4344,Senior Mechanical Engineer,"Company DescriptionArchirodon, having earned its reputation as a reliable and respected international contractor for more than a half century in the Engineering, Procurement and Construction (EPC) market, continues to create value to its stakeholders by executing complex EPC projects worldwide, in recognition of its superior standards of performance.  We have an outstanding record in completing major Energy, Marine, Infrastructure and Defense & Security projects around the globe and we pride ourselves on delivering over the years the kind of reliability and trust that the client has the right to expect from a major EPC contractor.Job DescriptionWe are constantly growing and are currently looking for experienced Mechanical Engineers to join our Mechanical Engineering Discipline of our Engineering Department in Athens. Build towards excellence and join our worldwide journey!Role Summary: You will be working with a team of highly knowledgeable professionals, and you will undertake and perform accurately and confidently engineering, coordination and project team supporting tasks throughout the stages of international Oil and Gas, Power Plants, Energy, and Infrastructure Projects from tendering to startup and operation, leading effectively other team members under responsibility.What will you need to do:Assist the Mechanical Discipline Head in the performance of everyday work especially regarding internal co-ordination, external interfaces handling and Discipline Technical advancement and development.Review Mechanical documents received by 3rd parties (Engineering Subcontractors / Vendors) and identify any problems/design issues.Participate in meetings with CLIENT/SUBCONTRACTOR/VENDOR related to Mechanical Discipline issuesPrepare key project documents (like Specifications, Mechanical Data Sheets, Material Requisitions, Technical Bid Evaluations, Mechanical Studies etc.)Provide input data and contribution to other disciplines to develop their own deliverables such as Piping Drawings, Plot Plans/Layouts etc.Participate in projects tender stage. This includes reviewing of TENDER documentation, identify any points of concern/mismatches among tender documents, and inconsistencies/deviations with applicable Codes/Standards that could have a cost impact, prepare tender clarification forms for Mechanical related issues, etc.Perform technical bid evaluations for vendor offers and technical review of vendor drawings and documents.Work in accordance with the requirements of company IMS procedures.QualificationsBE or equivalent in Mechanical, and MScPhD in relevant field of expertise would be a definite advantageMinimum 7 years of relevant experience (for candidates with no post-graduate studies, minimum 3 years for candidates with PhD) related to Oil & Gas, Power Plants, Industrial Projects, and detailed engineering experience in the field of expertise (Mechanical engineering).Technical competence in Mechanical engineering with strong technical background in static, rotating equipment and mechanical packages, pipe stress analysis and HVAC installations. Advanced analytical skills in basic and detailed engineering design from project feasibility stage to plant commissioning and start up is considered as an asset of the candidate.Previous exposure to international environment will be considered an advantage.Experience using relevant CAD and Mechanical commercial software applicable to Oil & Gas and Power Plants projects (like AUTOCAD, CAESAR II, PVElite, AMETank, HAP, THERMOFLOW etc.).In depth knowledge of international codes & standards, international design guidelines & recommendations (like ASME, API, NFPA, ASHRAE, etc.).Experience in Machinery Safety Regulations (local, international).Mobility is desirable to participate in working teams at Archirodon's project home offices throughout the countries that Archirodon executes its EPC projects.Excellent command (written and oral) of the English language.You are someone who:Displays excellent interpersonal and communication skillsCan be counted on to achieve goals within schedule, demonstrating a fighting spirit and perseveranceIs keen to learn and professionally growIs flexible and eager to take initiativesIs effective at solving problems, troubleshooting and making timely decisionsDisplays a team spirit, particularly in a multicultural environmentIs commercially astuteAdditional InformationWhat's in it for you:Competitive salary and benefits are part of the offering, yet the real joy comes from being a member of smart and passionate teams within an international leading EPC group that supports impactful for the local communities' mega infrastructure development projects - literally around the globe - and encompasses a productive and human-centric culture caring for its people and their development!Please note that you will be contacted only if you are shortlisted for an interview. In the meantime, do not hesitate to stay in touch and keep monitoring our open vacancies and our LinkedIn page! Rest assured that your application will be treated with strict confidentiality and under all applicable data privacy regulations.",,Full-time,"Kropia, Greece",EL,2024-08-20,kariera.gr,160585,,"['http://data.europa.eu/esco/skill/1f1d2ff8-c4c1-45cc-9812-6a7ee84a73cb', 'http://data.europa.eu/esco/skill/3bc08c26-2f98-4730-bbb6-ec4a8566e3cf', 'http://data.europa.eu/esco/skill/3d427a49-4f85-42cd-8a92-62d4a34f41a1', 'http://data.europa.eu/esco/skill/6789d5a3-34ca-4417-bb93-331319b01da3', 'http://data.europa.eu/esco/skill/7c7d8588-5224-473c-bfe8-1fda049eeaaf', 'http://data.europa.eu/esco/skill/86065a19-7537-4bd5-b41c-7e0638d67b58', 'http://data.europa.eu/esco/skill/a2b5dcf3-5b6a-453d-876c-cff540c0faf1', 'http://data.europa.eu/esco/skill/a4346013-a967-4a58-a533-6b32ad1364c5', 'http://data.europa.eu/esco/skill/fc4fcb4b-993f-4f2c-b158-c2171ec18ed8']","['http://data.europa.eu/esco/occupation/24677ef2-512c-4f4a-bc1c-14bf374e9f22', 'http://data.europa.eu/esco/occupation/42ff9e52-1f56-427d-b772-b9328c39b98a', 'http://data.europa.eu/esco/occupation/53a362a4-4c83-4ce2-837f-d1faba4cd247', 'http://data.europa.eu/esco/occupation/579254cf-6d69-4889-9000-9c79dc568644', 'http://data.europa.eu/esco/occupation/7569f423-2c37-49aa-947e-41acb66ec909', 'http://data.europa.eu/esco/occupation/76abbb82-c103-4d7a-a4c0-14dba4d6199a', 'http://data.europa.eu/esco/occupation/7843a4c6-a9f6-4095-94b9-45b384d4bd57', 'http://data.europa.eu/esco/occupation/79f435d0-9bc6-4d25-a26a-acbe16569ebb', 'http://data.europa.eu/esco/occupation/bea99fea-0383-4c63-b944-70d4799de2c5', 'http://data.europa.eu/esco/occupation/cb4f98c8-6b8d-41d8-87eb-a2a2033a3a25', 'http://data.europa.eu/esco/isco/C3118']"
4345,Senior Process Engineer,"Company DescriptionArchirodon, having earned its reputation as a reliable and respected international contractor for more than a half century in the Engineering, Procurement and Construction (EPC) market, continues to create value to its stakeholders by executing complex EPC projects worldwide, in recognition of its superior standards of performance.  We have an outstanding record in completing major Energy, Marine, Infrastructure and Defense & Security projects around the globe and we pride ourselves on delivering over the years the kind of reliability and trust that the client has the right to expect from a major EPC contractor.Job DescriptionWe are constantly growing and are currently looking for experienced Mechanical Engineers to join our Mechanical Engineering Discipline of our Engineering Department in Athens. Build towards excellence and join our worldwide journey!Role Summary: You will be working with a team of highly knowledgeable professionals, and you will undertake and perform accurately and confidently engineering, coordination and project team supporting tasks throughout the stages of international Oil and Gas, Power Plants, Energy, and Infrastructure Projects from tendering to startup and operation, leading effectively other team members under responsibility.What will you need to do:Assist the Mechanical Discipline Head in the performance of everyday work especially regarding internal co-ordination, external interfaces handling and Discipline Technical advancement and development.Review Mechanical documents received by 3rd parties (Engineering Subcontractors / Vendors) and identify any problems/design issues.Participate in meetings with CLIENT/SUBCONTRACTOR/VENDOR related to Mechanical Discipline issuesPrepare key project documents (like Specifications, Mechanical Data Sheets, Material Requisitions, Technical Bid Evaluations, Mechanical Studies etc.)Provide input data and contribution to other disciplines to develop their own deliverables such as Piping Drawings, Plot Plans/Layouts etc.Participate in projects tender stage. This includes reviewing of TENDER documentation, identify any points of concern/mismatches among tender documents, and inconsistencies/deviations with applicable Codes/Standards that could have a cost impact, prepare tender clarification forms for Mechanical related issues, etc.Perform technical bid evaluations for vendor offers and technical review of vendor drawings and documents.Work in accordance with the requirements of company IMS procedures.QualificationsBE or equivalent in Mechanical, and MScPhD in relevant field of expertise would be a definite advantageMinimum 7 years of relevant experience (for candidates with no post-graduate studies, minimum 3 years for candidates with PhD) related to Oil & Gas, Power Plants, Industrial Projects, and detailed engineering experience in the field of expertise (Mechanical engineering).Technical competence in Mechanical engineering with strong technical background in static, rotating equipment and mechanical packages, pipe stress analysis and HVAC installations. Advanced analytical skills in basic and detailed engineering design from project feasibility stage to plant commissioning and start up is considered as an asset of the candidate.Previous exposure to international environment will be considered an advantage.Experience using relevant CAD and Mechanical commercial software applicable to Oil & Gas and Power Plants projects (like AUTOCAD, CAESAR II, PVElite, AMETank, HAP, THERMOFLOW etc.).In depth knowledge of international codes & standards, international design guidelines & recommendations (like ASME, API, NFPA, ASHRAE, etc.).Experience in Machinery Safety Regulations (local, international).Mobility is desirable to participate in working teams at Archirodon's project home offices throughout the countries that Archirodon executes its EPC projects.Excellent command (written and oral) of the English language.You are someone who:Displays excellent interpersonal and communication skillsCan be counted on to achieve goals within schedule, demonstrating a fighting spirit and perseveranceIs keen to learn and professionally growIs flexible and eager to take initiativesIs effective at solving problems, troubleshooting and making timely decisionsDisplays a team spirit, particularly in a multicultural environmentIs commercially astuteAdditional InformationWhat's in it for you:Competitive salary and benefits are part of the offering, yet the real joy comes from being a member of smart and passionate teams within an international leading EPC group that supports impactful for the local communities' mega infrastructure development projects - literally around the globe - and encompasses a productive and human-centric culture caring for its people and their development!Please note that you will be contacted only if you are shortlisted for an interview. In the meantime, do not hesitate to stay in touch and keep monitoring our open vacancies and our LinkedIn page! Rest assured that your application will be treated with strict confidentiality and under all applicable data privacy regulations.",,Full-time,"Kropia, Greece",EL,2024-08-20,kariera.gr,160584,,"['http://data.europa.eu/esco/skill/1f1d2ff8-c4c1-45cc-9812-6a7ee84a73cb', 'http://data.europa.eu/esco/skill/3bc08c26-2f98-4730-bbb6-ec4a8566e3cf', 'http://data.europa.eu/esco/skill/3d427a49-4f85-42cd-8a92-62d4a34f41a1', 'http://data.europa.eu/esco/skill/6789d5a3-34ca-4417-bb93-331319b01da3', 'http://data.europa.eu/esco/skill/7c7d8588-5224-473c-bfe8-1fda049eeaaf', 'http://data.europa.eu/esco/skill/86065a19-7537-4bd5-b41c-7e0638d67b58', 'http://data.europa.eu/esco/skill/a2b5dcf3-5b6a-453d-876c-cff540c0faf1', 'http://data.europa.eu/esco/skill/a4346013-a967-4a58-a533-6b32ad1364c5', 'http://data.europa.eu/esco/skill/fc4fcb4b-993f-4f2c-b158-c2171ec18ed8']","['http://data.europa.eu/esco/occupation/24677ef2-512c-4f4a-bc1c-14bf374e9f22', 'http://data.europa.eu/esco/occupation/42ff9e52-1f56-427d-b772-b9328c39b98a', 'http://data.europa.eu/esco/occupation/53a362a4-4c83-4ce2-837f-d1faba4cd247', 'http://data.europa.eu/esco/occupation/579254cf-6d69-4889-9000-9c79dc568644', 'http://data.europa.eu/esco/occupation/7569f423-2c37-49aa-947e-41acb66ec909', 'http://data.europa.eu/esco/occupation/76abbb82-c103-4d7a-a4c0-14dba4d6199a', 'http://data.europa.eu/esco/occupation/7843a4c6-a9f6-4095-94b9-45b384d4bd57', 'http://data.europa.eu/esco/occupation/79f435d0-9bc6-4d25-a26a-acbe16569ebb', 'http://data.europa.eu/esco/occupation/bea99fea-0383-4c63-b944-70d4799de2c5', 'http://data.europa.eu/esco/occupation/cb4f98c8-6b8d-41d8-87eb-a2a2033a3a25', 'http://data.europa.eu/esco/isco/C3118']"
4350,Software Engineer (React),"Join INTRALOT as a Software Engineer (React)!\nYour Role:\n\nAs a Software Engineer (React) at INTRALOT, you'll play a pivotal role in our Digital iLottery Projects!\n\nMore specifically, some of your main tasks will be: \n\n Participating in all phases of the development life cycle, focusing on coding and unit testing.\n Developing and maintaining functional and stable applications to meet company's needs.\n Designing and implementing highly scalable solutions for unpredictable traffic patterns.\n Following standard code practices and building reusable code and libraries for future use.\n Implementing security and data protection mechanisms.\n Optimizing the application for speed and scalability.\n Contributing to application strategy and planning.\nStaying up to date with emerging technologies and formulating concepts and ideas for additional products, tools and services to be provided.\nTo get this role, you should match the following criteria:\n\n You hold a University or College Degree in Computer Science, Software Engineering or relevant technology-related field.\n At least three (3) years of experience in Software Development.\n\n\n Strong working experience in Javascript (ES6), HTML5, CSS3, SASS and React.JS/MobX\n Experience in using version control software such as Git.\n Excellent understanding of the entire web development process (Design, Development and Deployment).You have an excellent command of the Greek & English language, both written and spoken\n  We work better as a TEAM. So, you also have to be an excellent team player.\n\nNice to have, but not necessary:\nExperience in developing and maintaining high-quality React Native applications using clean code.\n\nAbout Us: INTRALOT, a publicly listed company established in 1992, is a leading gaming solutions supplier and operator active in 39 regulated jurisdictions worldwide. With a global workforce of approximately 1,700 employees, INTRALOT is committed to redefine innovation and quality of services in the lottery and gaming sector, while supporting operators in raising funds for good causes. In 2023, INTRALOT was distinguished as a top ten most attractive employer brands in Greece.\nINTRALOT has been awarded the prestigious WLA Responsible Gaming Framework Certification by the World Lottery Association. We always act with integrity and enjoy what we do.\n\nWhy Join Us:\n A competitive compensation package combined with additional benefits.\n Hybrid working model.\n Private Insurance for you and your family. \n Modern facilities, parking inside, enticing restaurant and corporate bus.\n An extensive training program upon induction and throughout employment.\n Exceptional opportunities to learn and develop in a multinational environment.\n Prospects for professional growth both locally and globally. \nEqual Opportunity Employer: We celebrate diversity and are proud to be an Equal Opportunity Employer. We welcome applicants from all backgrounds and do not discriminate based on race, color, religion, gender, sexual orientation, national origin, age, marital status, medical condition, disability, or any other protected status. Our premises in Paiania, Attica, are accessible to individuals with disabilities. Join us in shaping the future of gaming and lottery solutions!",,Full-time,"Athens, Greece",EL,2024-08-20,kariera.gr,154404,,"['http://data.europa.eu/esco/skill/1110c92f-3059-445a-9436-0f4200d365f5', 'http://data.europa.eu/esco/skill/5bac4bcc-1846-4688-ba02-ad2b51544282', 'http://data.europa.eu/esco/skill/a56dec32-05ef-45de-a256-ee6741f356db', 'http://data.europa.eu/esco/skill/baf501a8-f0fe-4ad7-9b69-8e920fa1a87b', 'http://data.europa.eu/esco/skill/e24377fb-020b-4430-8bed-86dd539bbf3a', 'http://data.europa.eu/esco/skill/ea4ebfa1-e17a-4416-ac54-955f33e6ade7']","['http://data.europa.eu/esco/occupation/1619d7f3-7d95-407c-a20e-47745bfcde73', 'http://data.europa.eu/esco/occupation/30ed83ba-cc89-4d9f-a59d-5c783c1da56e', 'http://data.europa.eu/esco/occupation/50af07f0-7a75-424e-a66d-5a9deea10f4c', 'http://data.europa.eu/esco/occupation/57af9090-55b4-4911-b2d0-86db01c00b02', 'http://data.europa.eu/esco/occupation/d18a8976-a283-42ad-9541-75c49396dbd7']"
4575,Solutions Architect (Java),"Company DescriptionWe are Netcompany-Intrasoft, a member of Netcompany Group A/S, and a leading European IT Solutions and Services company with strong international presence and expertise, dedicated to responsible digitalisation. We offer innovative and added-value solutions of the highest quality to a wide range of public and private organizations, while being a key-player in the EU Institutions for the past 30 years. We hold an outstanding record of 500+ organizations in 70+ countries, that have chosen our solutions and services, to fulfil their business needs. Our team of 3500+ professionals is our driving force and our most valuable asset.Job DescriptionAre you ready to discover the role of a Solutions Architect in Netcompany-Intrasoft?Joining us as a Solutions Architect, you will have the opportunity to be a part of our highly skilled agile teams working within large-scale transformation projects for global clients in exciting and challenging markets such as European Institutions, Telecoms, Sports Betting & Lotteries, Fintech, Healthtech Insurance, Public Domain (next-gen). As a Solutions Architect you will:Architect the software system, defining components, modules, and their interactions while aligning with project goals and requirements.Establish and manage the technology stack for Java-based enterprise applicationsEnforce coding standards and best practices within the development teamImplement security best practices to safeguard the software from vulnerabilities and threatsEnsure the software can handle increased loads and data volumes as the application expandsProduce documentation, architectural diagrams, and design documentsCollaborate with stakeholders, including clients, project managers, developers, and the quality assurance teamProvide mentorship to software engineersQualificationsWhat would make you a fit for the role:Bachelor's degree in Computer Science, Software Engineering, or a related fieldProven experience as a Software Engineer, preferably working with Java Enterprise or Spring BootSolid knowledge of building Docker images and creating Docker containers, ensuring application deployment consistency across different environmentsExpertise in deploying and managing containerized applications using K8sExperience with Kafka for event-driven communication and data streamingStrong understanding of object-oriented programming principles and software design patternsSolid understanding of Maven for project build and dependency managementFamiliarity with Agile development methodologiesExcellent problem-solving and analytical skillsStrong communication and collaboration abilitiesAbility to work effectively in a fast-paced, deadline-driven environmentFluency in EnglishAdditional InformationBeing a part of the Netcompany-Ιntrasoft team, you will be provided with: The opportunity to work in a modern environment & in a hybrid working modelA seamless onboarding experience and a buddy to support you on your first stepsA competitive compensation & benefits packageHealth and life insurance programMeal and commuting allowanceWell-being activities (on premises)Continuous learning opportunities using the most modern methods (unlimited access to Udemy for Business, ad-hoc trainings)A personalized development plan for targeted career growthIf you are looking forward to be part of a diverse environment, and have the opportunity to work alongside well-experienced professionals, on challenging, large-scale projects that directly impact millions of citizens around the globe, then this is the place to be!By joining Netcompany-Intrasoft Athens, you will be part of a vivid team of 2000+ tech enthusiasts. When at the office you will have the chance to work at our brand-new, state-of-the-art, sustainable offices, located in 3 different spots in Athens!#LI-Hybrid #LI-KA1 #LI-ZS1Our cultureOur people are the most important element of our success. Our work life is well defined by our set of fundamental Values: https://bit.ly/3SSbBzU  #BePartOfSomethingGreat!*Please submit your CV in EnglishAll applications will be treated as strictly confidential.",,Full-time,"Athens, Greece",EL,2024-08-17,kariera.gr,153723,,"['http://data.europa.eu/esco/skill/23ac233d-84ad-4517-b0f5-8ca19ba2614e', 'http://data.europa.eu/esco/skill/2b7a79e5-84d8-4880-be66-3d9bb05bea17', 'http://data.europa.eu/esco/skill/60b44dab-03f1-46de-be08-0e5ba8662b3d', 'http://data.europa.eu/esco/skill/8764d4b1-e069-44f2-8baa-fb1eee1850ec', 'http://data.europa.eu/esco/skill/8f6ed69b-29d0-4c01-81ba-f05920a185f3', 'http://data.europa.eu/esco/skill/a8797f21-1af0-4c5e-98ca-bf1442929363', 'http://data.europa.eu/esco/skill/cd5efa8c-e44d-4cbc-91c6-796018dbed68']","['http://data.europa.eu/esco/occupation/57af9090-55b4-4911-b2d0-86db01c00b02', 'http://data.europa.eu/esco/occupation/6cd08cbe-7611-4d70-8886-6c59c0385442', 'http://data.europa.eu/esco/occupation/719f101d-1866-49d3-8d5c-2256f606a8b9', 'http://data.europa.eu/esco/occupation/bea99fea-0383-4c63-b944-70d4799de2c5', 'http://data.europa.eu/esco/occupation/d07e6a57-a339-4cfd-bf22-a951713148a3', 'http://data.europa.eu/esco/occupation/d0aa0792-4345-474b-9365-686cf4869d2e', 'http://data.europa.eu/esco/occupation/ed976196-3d5d-4121-9367-e1022af603fa', 'http://data.europa.eu/esco/occupation/f2b15a0e-e65a-438a-affb-29b9d50b77d1']"
4576,Solutions Architect (Java),"Company DescriptionWe are Netcompany-Intrasoft, a member of Netcompany Group A/S, and a leading European IT Solutions and Services company with strong international presence and expertise, dedicated to responsible digitalisation. We offer innovative and added-value solutions of the highest quality to a wide range of public and private organizations, while being a key-player in the EU Institutions for the past 30 years. We hold an outstanding record of 500+ organizations in 70+ countries, that have chosen our solutions and services, to fulfil their business needs. Our team of 3500+ professionals is our driving force and our most valuable asset.Job DescriptionAre you ready to discover the role of a Solutions Architect in Netcompany-Intrasoft?Joining us as a Solutions Architect, you will have the opportunity to be a part of our highly skilled agile teams working within large-scale transformation projects for global clients in exciting and challenging markets such as European Institutions, Telecoms, Sports Betting & Lotteries, Fintech, Healthtech Insurance, Public Domain (next-gen). As a Solutions Architect you will:Architect the software system, defining components, modules, and their interactions while aligning with project goals and requirements.Establish and manage the technology stack for Java-based enterprise applicationsEnforce coding standards and best practices within the development teamImplement security best practices to safeguard the software from vulnerabilities and threatsEnsure the software can handle increased loads and data volumes as the application expandsProduce documentation, architectural diagrams, and design documentsCollaborate with stakeholders, including clients, project managers, developers, and the quality assurance teamProvide mentorship to software engineersQualificationsWhat would make you a fit for the role:Bachelor's degree in Computer Science, Software Engineering, or a related fieldProven experience as a Software Engineer, preferably working with Java Enterprise or Spring BootSolid knowledge of building Docker images and creating Docker containers, ensuring application deployment consistency across different environmentsExpertise in deploying and managing containerized applications using K8sExperience with Kafka for event-driven communication and data streamingStrong understanding of object-oriented programming principles and software design patternsSolid understanding of Maven for project build and dependency managementFamiliarity with Agile development methodologiesExcellent problem-solving and analytical skillsStrong communication and collaboration abilitiesAbility to work effectively in a fast-paced, deadline-driven environmentFluency in EnglishAdditional InformationBeing a part of the Netcompany-Ιntrasoft team, you will be provided with: The opportunity to work in a modern environment & in a hybrid working modelA seamless onboarding experience and a buddy to support you on your first stepsA competitive compensation & benefits packageHealth and life insurance programMeal and commuting allowanceWell-being activities (on premises)Continuous learning opportunities using the most modern methods (unlimited access to Udemy for Business, ad-hoc trainings)A personalized development plan for targeted career growthIf you are looking forward to be part of a diverse environment, and have the opportunity to work alongside well-experienced professionals, on challenging, large-scale projects that directly impact millions of citizens around the globe, then this is the place to be!Join Netcompany-Intrasoft Thessaloniki's branch, and be part of our 250+ tech enthusiasts team!#LI-Hybrid #LI-KA1 #LI-ZS1Our cultureOur people are the most important element of our success. Our work life is well defined by our set of fundamental Values: https://bit.ly/3SSbBzU  #BePartOfSomethingGreat!*Please submit your CV in EnglishAll applications will be treated as strictly confidential.",,Full-time,"Thessaloniki, Greece",EL,2024-08-17,kariera.gr,153722,,"['http://data.europa.eu/esco/skill/23ac233d-84ad-4517-b0f5-8ca19ba2614e', 'http://data.europa.eu/esco/skill/2b7a79e5-84d8-4880-be66-3d9bb05bea17', 'http://data.europa.eu/esco/skill/60b44dab-03f1-46de-be08-0e5ba8662b3d', 'http://data.europa.eu/esco/skill/8764d4b1-e069-44f2-8baa-fb1eee1850ec', 'http://data.europa.eu/esco/skill/8f6ed69b-29d0-4c01-81ba-f05920a185f3', 'http://data.europa.eu/esco/skill/a8797f21-1af0-4c5e-98ca-bf1442929363', 'http://data.europa.eu/esco/skill/cd5efa8c-e44d-4cbc-91c6-796018dbed68']","['http://data.europa.eu/esco/occupation/57af9090-55b4-4911-b2d0-86db01c00b02', 'http://data.europa.eu/esco/occupation/6cd08cbe-7611-4d70-8886-6c59c0385442', 'http://data.europa.eu/esco/occupation/719f101d-1866-49d3-8d5c-2256f606a8b9', 'http://data.europa.eu/esco/occupation/bea99fea-0383-4c63-b944-70d4799de2c5', 'http://data.europa.eu/esco/occupation/d07e6a57-a339-4cfd-bf22-a951713148a3', 'http://data.europa.eu/esco/occupation/d0aa0792-4345-474b-9365-686cf4869d2e', 'http://data.europa.eu/esco/occupation/ed976196-3d5d-4121-9367-e1022af603fa', 'http://data.europa.eu/esco/occupation/f2b15a0e-e65a-438a-affb-29b9d50b77d1']"
4577,Solutions Architect (Java),"Company DescriptionWe are Netcompany-Intrasoft, a member of Netcompany Group A/S, and a leading European IT Solutions and Services company with strong international presence and expertise, dedicated to responsible digitalisation. We offer innovative and added-value solutions of the highest quality to a wide range of public and private organizations, while being a key-player in the EU Institutions for the past 30 years. We hold an outstanding record of 500+ organizations in 70+ countries, that have chosen our solutions and services, to fulfil their business needs. Our team of 3500+ professionals is our driving force and our most valuable asset.Job DescriptionAre you ready to discover the role of a Solutions Architect in Netcompany-Intrasoft?Joining us as a Solutions Architect, you will have the opportunity to be a part of our highly skilled agile teams working within large-scale transformation projects for global clients in exciting and challenging markets such as European Institutions, Telecoms, Sports Betting & Lotteries, Fintech, Healthtech Insurance, Public Domain (next-gen). As a Solutions Architect you will:Architect the software system, defining components, modules, and their interactions while aligning with project goals and requirements.Establish and manage the technology stack for Java-based enterprise applicationsEnforce coding standards and best practices within the development teamImplement security best practices to safeguard the software from vulnerabilities and threatsEnsure the software can handle increased loads and data volumes as the application expandsProduce documentation, architectural diagrams, and design documentsCollaborate with stakeholders, including clients, project managers, developers, and the quality assurance teamProvide mentorship to software engineersQualificationsWhat would make you a fit for the role:Bachelor's degree in Computer Science, Software Engineering, or a related fieldProven experience as a Software Engineer, preferably working with Java Enterprise or Spring BootSolid knowledge of building Docker images and creating Docker containers, ensuring application deployment consistency across different environmentsExpertise in deploying and managing containerized applications using K8sExperience with Kafka for event-driven communication and data streamingStrong understanding of object-oriented programming principles and software design patternsSolid understanding of Maven for project build and dependency managementFamiliarity with Agile development methodologiesExcellent problem-solving and analytical skillsStrong communication and collaboration abilitiesAbility to work effectively in a fast-paced, deadline-driven environmentFluency in EnglishAdditional InformationBeing a part of the Netcompany-Ιntrasoft team, you will be provided with: The opportunity to work in a modern environment & in a hybrid working modelA seamless onboarding experience and a buddy to support you on your first stepsA competitive compensation & benefits packageHealth and life insurance programMeal allowanceWell-being activities (on premises)Continuous learning opportunities using the most modern methods (unlimited access to Udemy for Business, ad-hoc trainings)A personalized development plan for targeted career growthIf you are looking forward to be part of a diverse environment, and have the opportunity to work alongside well-experienced professionals, on challenging, large-scale projects that directly impact millions of citizens around the globe, then this is the place to be!Join Netcompany-Intrasoft Patras' branch, and be part of our 150+ tech enthusiasts team!#LI-Hybrid #LI-KA1 #LI-ZS1Our cultureOur people are the most important element of our success. Our work life is well defined by our set of fundamental Values: https://bit.ly/3SSbBzU  #BePartOfSomethingGreat!*Please submit your CV in EnglishAll applications will be treated as strictly confidential.",,Full-time,"Patra, Greece",EL,2024-08-17,kariera.gr,153721,,"['http://data.europa.eu/esco/skill/23ac233d-84ad-4517-b0f5-8ca19ba2614e', 'http://data.europa.eu/esco/skill/2b7a79e5-84d8-4880-be66-3d9bb05bea17', 'http://data.europa.eu/esco/skill/60b44dab-03f1-46de-be08-0e5ba8662b3d', 'http://data.europa.eu/esco/skill/8764d4b1-e069-44f2-8baa-fb1eee1850ec', 'http://data.europa.eu/esco/skill/8f6ed69b-29d0-4c01-81ba-f05920a185f3', 'http://data.europa.eu/esco/skill/a8797f21-1af0-4c5e-98ca-bf1442929363', 'http://data.europa.eu/esco/skill/cd5efa8c-e44d-4cbc-91c6-796018dbed68']","['http://data.europa.eu/esco/occupation/57af9090-55b4-4911-b2d0-86db01c00b02', 'http://data.europa.eu/esco/occupation/6cd08cbe-7611-4d70-8886-6c59c0385442', 'http://data.europa.eu/esco/occupation/719f101d-1866-49d3-8d5c-2256f606a8b9', 'http://data.europa.eu/esco/occupation/bea99fea-0383-4c63-b944-70d4799de2c5', 'http://data.europa.eu/esco/occupation/d07e6a57-a339-4cfd-bf22-a951713148a3', 'http://data.europa.eu/esco/occupation/d0aa0792-4345-474b-9365-686cf4869d2e', 'http://data.europa.eu/esco/occupation/ed976196-3d5d-4121-9367-e1022af603fa', 'http://data.europa.eu/esco/occupation/f2b15a0e-e65a-438a-affb-29b9d50b77d1']"
4584,"Solutions Architect (Spring, Spring Boot)","Company DescriptionWe are Netcompany-Intrasoft, a member of Netcompany Group A/S, and a leading European IT Solutions and Services company with strong international presence and expertise, dedicated to responsible digitalisation. We offer innovative and added-value solutions of the highest quality to a wide range of public and private organizations, while being a key-player in the EU Institutions for the past 30 years. We hold an outstanding record of 500+ organizations in 70+ countries, that have chosen our solutions and services, to fulfil their business needs. Our team of 3500+ professionals is our driving force and our most valuable asset.Job DescriptionAre you ready to discover the role of a Solutions Architect in Netcompany-Intrasoft?Joining us as a Solutions Architect, you will have the opportunity to be a part of our highly skilled agile teams working within large-scale transformation projects for global clients in exciting and challenging markets such as European Institutions, Telecoms, Sports Betting & Lotteries, Fintech, Healthtech Insurance, Public Domain (next-gen). As a Solutions Architect you will:Develop and maintain Java-based software applications using Spring Boot and Microservices architectureDesign and implement efficient and reliable software solutions that meet business objectivesWrite clean, well-designed, and testable code following best practices and coding standardsConduct thorough code reviews to ensure code quality, performance, and adherence to software architecture principlesDebug and resolve software defects and issues Contribute to process improvements, code optimization, and software development best practicesServe as the primary technical point of contact for clients, providing guidance on software architecture solutions to meet their specific needsLead and provide mentorship to software engineersQualificationsWhat would make you a fit for the role:Bachelor's degree in Computer Science, Software Engineering, or a related fieldProven experience as a Software Engineer, preferably working with Java, Spring Boot, MicroservicesSolid knowledge of building Docker images, ensuring application deployment consistency across different environmentsExpertise in deploying and managing containerized applications in K8s or OpenshiftExperience with Apache Kafka for event-driven communication and data streamingStrong understanding of object-oriented programming principles and software design patternsExperience with Microservices architecture and RESTful API developmentFamiliarity with Agile development methodologiesExcellent problem-solving and analytical skillsStrong communication and collaboration abilitiesAbility to work effectively in a fast-paced, deadline-driven environmentFluency in EnglishAdditional InformationBeing a part of the Netcompany-Ιntrasoft team, you will be provided with: The opportunity to work in a modern environment & in a hybrid working modelA seamless onboarding experience and a buddy to support you on your first stepsA competitive compensation & benefits packageHealth and life insurance programMeal and commuting allowanceWell-being activities (on premises)Continuous learning opportunities using the most modern methods (unlimited access to Udemy for Business, ad-hoc trainings)A personalized development plan for targeted career growthIf you are looking forward to be part of a diverse environment, and have the opportunity to work alongside well-experienced professionals, on challenging, large-scale projects that directly impact millions of citizens around the globe, then this is the place to be!By joining Netcompany-Intrasoft Athens, you will be part of a vivid team of 2000+ tech enthusiasts. When at the office you will have the chance to work at our brand-new, state-of-the-art, sustainable offices, located in 3 different spots in Athens!#LI-Hybrid #LI-KA1 #LI-ZS1Our cultureOur people are the most important element of our success. Our work life is well defined by our set of fundamental Values: https://bit.ly/3SSbBzU  #BePartOfSomethingGreat!*Please submit your CV in EnglishAll applications will be treated as strictly confidential.",,Full-time,"Athens, Greece",EL,2024-08-17,kariera.gr,153714,,"['http://data.europa.eu/esco/skill/23ac233d-84ad-4517-b0f5-8ca19ba2614e', 'http://data.europa.eu/esco/skill/2522a6ce-3202-4ac8-9f5b-b9cb5a3a83a1', 'http://data.europa.eu/esco/skill/2857540c-180b-4208-9127-e94a01871966', 'http://data.europa.eu/esco/skill/60b44dab-03f1-46de-be08-0e5ba8662b3d', 'http://data.europa.eu/esco/skill/8f6ed69b-29d0-4c01-81ba-f05920a185f3', 'http://data.europa.eu/esco/skill/9531fe02-1e1f-4a36-95f7-a76a77cd4b8d']","['http://data.europa.eu/esco/occupation/57af9090-55b4-4911-b2d0-86db01c00b02', 'http://data.europa.eu/esco/occupation/6cd08cbe-7611-4d70-8886-6c59c0385442', 'http://data.europa.eu/esco/occupation/719f101d-1866-49d3-8d5c-2256f606a8b9', 'http://data.europa.eu/esco/occupation/d07e6a57-a339-4cfd-bf22-a951713148a3']"
4585,"Solutions Architect (Spring, Spring Boot)","Company DescriptionWe are Netcompany-Intrasoft, a member of Netcompany Group A/S, and a leading European IT Solutions and Services company with strong international presence and expertise, dedicated to responsible digitalisation. We offer innovative and added-value solutions of the highest quality to a wide range of public and private organizations, while being a key-player in the EU Institutions for the past 30 years. We hold an outstanding record of 500+ organizations in 70+ countries, that have chosen our solutions and services, to fulfil their business needs. Our team of 3500+ professionals is our driving force and our most valuable asset.Job DescriptionAre you ready to discover the role of a Solutions Architect in Netcompany-Intrasoft?Joining us as a Solutions Architect, you will have the opportunity to be a part of our highly skilled agile teams working within large-scale transformation projects for global clients in exciting and challenging markets such as European Institutions, Telecoms, Sports Betting & Lotteries, Fintech, Healthtech Insurance, Public Domain (next-gen). As a Solutions Architect you will:Develop and maintain Java-based software applications using Spring Boot and Microservices architectureDesign and implement efficient and reliable software solutions that meet business objectivesWrite clean, well-designed, and testable code following best practices and coding standardsConduct thorough code reviews to ensure code quality, performance, and adherence to software architecture principlesDebug and resolve software defects and issues Contribute to process improvements, code optimization, and software development best practicesServe as the primary technical point of contact for clients, providing guidance on software architecture solutions to meet their specific needsLead and provide mentorship to software engineersQualificationsWhat would make you a fit for the role:Bachelor's degree in Computer Science, Software Engineering, or a related fieldProven experience as a Software Engineer, preferably working with Java, Spring Boot, MicroservicesSolid knowledge of building Docker images, ensuring application deployment consistency across different environmentsExpertise in deploying and managing containerized applications in K8s or OpenshiftExperience with Apache Kafka for event-driven communication and data streamingStrong understanding of object-oriented programming principles and software design patternsExperience with Microservices architecture and RESTful API developmentFamiliarity with Agile development methodologiesExcellent problem-solving and analytical skillsStrong communication and collaboration abilitiesAbility to work effectively in a fast-paced, deadline-driven environmentFluency in EnglishAdditional InformationBeing a part of the Netcompany-Ιntrasoft team, you will be provided with: The opportunity to work in a modern environment & in a hybrid working modelA seamless onboarding experience and a buddy to support you on your first stepsA competitive compensation & benefits packageHealth and life insurance programMeal and commuting allowanceWell-being activities (on premises)Continuous learning opportunities using the most modern methods (unlimited access to Udemy for Business, ad-hoc trainings)A personalized development plan for targeted career growthIf you are looking forward to be part of a diverse environment, and have the opportunity to work alongside well-experienced professionals, on challenging, large-scale projects that directly impact millions of citizens around the globe, then this is the place to be!Join Netcompany-Intrasoft Thessaloniki's branch, and be part of our 250+ tech enthusiasts team!#LI-Hybrid #LI-KA1 #LI-ZS1Our cultureOur people are the most important element of our success. Our work life is well defined by our set of fundamental Values: https://bit.ly/3SSbBzU  #BePartOfSomethingGreat!*Please submit your CV in EnglishAll applications will be treated as strictly confidential.",,Full-time,"Thessaloniki, Greece",EL,2024-08-17,kariera.gr,153713,,"['http://data.europa.eu/esco/skill/23ac233d-84ad-4517-b0f5-8ca19ba2614e', 'http://data.europa.eu/esco/skill/2522a6ce-3202-4ac8-9f5b-b9cb5a3a83a1', 'http://data.europa.eu/esco/skill/2857540c-180b-4208-9127-e94a01871966', 'http://data.europa.eu/esco/skill/60b44dab-03f1-46de-be08-0e5ba8662b3d', 'http://data.europa.eu/esco/skill/8f6ed69b-29d0-4c01-81ba-f05920a185f3', 'http://data.europa.eu/esco/skill/9531fe02-1e1f-4a36-95f7-a76a77cd4b8d']","['http://data.europa.eu/esco/occupation/57af9090-55b4-4911-b2d0-86db01c00b02', 'http://data.europa.eu/esco/occupation/6cd08cbe-7611-4d70-8886-6c59c0385442', 'http://data.europa.eu/esco/occupation/719f101d-1866-49d3-8d5c-2256f606a8b9', 'http://data.europa.eu/esco/occupation/d07e6a57-a339-4cfd-bf22-a951713148a3']"
4586,"Solutions Architect (Spring, Spring Boot)","Company DescriptionWe are Netcompany-Intrasoft, a member of Netcompany Group A/S, and a leading European IT Solutions and Services company with strong international presence and expertise, dedicated to responsible digitalisation. We offer innovative and added-value solutions of the highest quality to a wide range of public and private organizations, while being a key-player in the EU Institutions for the past 30 years. We hold an outstanding record of 500+ organizations in 70+ countries, that have chosen our solutions and services, to fulfil their business needs. Our team of 3500+ professionals is our driving force and our most valuable asset.Job DescriptionAre you ready to discover the role of a Solutions Architect in Netcompany-Intrasoft?Joining us as a Solutions Architect, you will have the opportunity to be a part of our highly skilled agile teams working within large-scale transformation projects for global clients in exciting and challenging markets such as European Institutions, Telecoms, Sports Betting & Lotteries, Fintech, Healthtech Insurance, Public Domain (next-gen). As a Solutions Architect you will:Develop and maintain Java-based software applications using Spring Boot and Microservices architectureDesign and implement efficient and reliable software solutions that meet business objectivesWrite clean, well-designed, and testable code following best practices and coding standardsConduct thorough code reviews to ensure code quality, performance, and adherence to software architecture principlesDebug and resolve software defects and issues Contribute to process improvements, code optimization, and software development best practicesServe as the primary technical point of contact for clients, providing guidance on software architecture solutions to meet their specific needsLead and provide mentorship to software engineersQualificationsWhat would make you a fit for the role:Bachelor's degree in Computer Science, Software Engineering, or a related fieldProven experience as a Software Engineer, preferably working with Java, Spring Boot, MicroservicesSolid knowledge of building Docker images, ensuring application deployment consistency across different environmentsExpertise in deploying and managing containerized applications in K8s or OpenshiftExperience with Apache Kafka for event-driven communication and data streamingStrong understanding of object-oriented programming principles and software design patternsExperience with Microservices architecture and RESTful API developmentFamiliarity with Agile development methodologiesExcellent problem-solving and analytical skillsStrong communication and collaboration abilitiesAbility to work effectively in a fast-paced, deadline-driven environmentFluency in EnglishAdditional InformationBeing a part of the Netcompany-Ιntrasoft team, you will be provided with: The opportunity to work in a modern environment & in a hybrid working modelA seamless onboarding experience and a buddy to support you on your first stepsA competitive compensation & benefits packageHealth and life insurance programMeal allowanceWell-being activities (on premises)Continuous learning opportunities using the most modern methods (unlimited access to Udemy for Business, ad-hoc trainings)A personalized development plan for targeted career growthIf you are looking forward to be part of a diverse environment, and have the opportunity to work alongside well-experienced professionals, on challenging, large-scale projects that directly impact millions of citizens around the globe, then this is the place to be!Join Netcompany-Intrasoft Patras' branch, and be part of our 150+ tech enthusiasts team!#LI-Hybrid #LI-KA1 #LI-ZS1Our cultureOur people are the most important element of our success. Our work life is well defined by our set of fundamental Values: https://bit.ly/3SSbBzU  #BePartOfSomethingGreat!*Please submit your CV in EnglishAll applications will be treated as strictly confidential.",,Full-time,"Patra, Greece",EL,2024-08-17,kariera.gr,153712,,"['http://data.europa.eu/esco/skill/23ac233d-84ad-4517-b0f5-8ca19ba2614e', 'http://data.europa.eu/esco/skill/2522a6ce-3202-4ac8-9f5b-b9cb5a3a83a1', 'http://data.europa.eu/esco/skill/2857540c-180b-4208-9127-e94a01871966', 'http://data.europa.eu/esco/skill/60b44dab-03f1-46de-be08-0e5ba8662b3d', 'http://data.europa.eu/esco/skill/8f6ed69b-29d0-4c01-81ba-f05920a185f3', 'http://data.europa.eu/esco/skill/9531fe02-1e1f-4a36-95f7-a76a77cd4b8d']","['http://data.europa.eu/esco/occupation/57af9090-55b4-4911-b2d0-86db01c00b02', 'http://data.europa.eu/esco/occupation/6cd08cbe-7611-4d70-8886-6c59c0385442', 'http://data.europa.eu/esco/occupation/719f101d-1866-49d3-8d5c-2256f606a8b9', 'http://data.europa.eu/esco/occupation/d07e6a57-a339-4cfd-bf22-a951713148a3']"
4590,Senior Blockchain R&D Engineer,"Company DescriptionWe are Netcompany-Intrasoft, a member of Netcompany Group A/S, and a leading European IT Solutions and Services company with strong international presence and expertise, dedicated to responsible digitalisation. We offer innovative and added-value solutions of the highest quality to a wide range of public and private organizations, while being a key-player in the EU Institutions for the past 30 years. We hold an outstanding record of 500+ organizations in 70+ countries, that have chosen our solutions and services, to fulfil their business needs. Our team of 3500+ professionals is our driving force and our most valuable asset.Job DescriptionEver wondered what it feels like to be a Senior Blockchain R&D Engineer  in Netcompany-Intrasoft?Joining us as a Senior Blockchain R&D Engineer , you will join the highly skilled Research & Innovation Development (RID) team, tackling technical design and implementation tasks in a demanding, fast-paced environment associated with EU-funded research and innovation projects. The ideal candidate will excel in problem-solving and abstract thinking, demonstrating the ability to learn and adapt swiftly to new technologies. You will work alongside a talented, multidisciplinary team of engineers specializing in AI/ML, Data, Software, and DevOps. Together, you will develop innovative blockchain solutions that address complex business requirements and push the boundaries of technological advancement.As a Senior Blockchain R&D Engineer you will:Lead and manage blockchain-focused R&D projects, ensuring the successful delivery of high-quality solutions.Contribute to critical technical decisions and evaluate solutions while maintaining a strong sense of responsibility and ownership. Understand concerns and ideas inherent to distributed systems and deployments, including performance and security.Adapt to new technologies and methodologies quickly, demonstrating a continuous learning mindset.Work with cross-functional teams to deliver technical R&D solutions, innovative prototypes, and proof of concepts, leading to the pre-commercialization of new products/services.Contribute to R&D projects with your creative ideas. Propose follow-up projects and activities within your technical area based on new ideas and by capitalizing upon the company's existing offerings.Implement technical and scientific deliverables (state-of-the-art, requirements, conceptual architecture, specifications, implementation/integration plans, prototypes, testing, etc.).Communicate complex technical concepts effectively to both technical and non-technical stakeholders.QualificationsWhat would make you a fit for the role:MSc or BSc degree in Information Technology (IT), computer science, software engineering, or related fields.Proven experience (5+ years) in EU Funded research projects.Proven experience (3+ years) in blockchain technology, specifically with Hyperledger Fabric and Hyperledger Besu.Experience with all aspects of the system implementation process: system design, configuration, customization, integration, testing, and support.Excellent problem-solving and abstract thinking skills, with the ability to break down complex problems into manageable parts.A growth mindset and the ability to learn and adapt quickly to new technologies and methodologies.Experience with communicating requirements in writing and using technical design means (such as architecture diagrams, use case and activity diagrams, data/information flows, sequence diagrams, and system component diagrams).Passion for innovation and staying up to date with industry trends and advancements.Excellent written and spoken communication skills in English, and the ability to effectively communicate and cooperate with international partners and clients. Technical writing, presentation, and organization skills are essential.Additional InformationBeing a part of the Netcompany-Ιntrasoft team, you will be provided with: The opportunity to work in a modern environment & in a hybrid working modelA seamless onboarding experience and a buddy to support you on your first stepsA competitive compensation & benefits packageHealth and life insurance programMeal and commuting allowanceWell-being activities (on premises)Continuous learning opportunities using the most modern methods (unlimited access to Udemy for Business, ad-hoc trainings)A personalized development plan for targeted career growthIf you are looking forward to be part of a diverse environment, and have the opportunity to work alongside well-experienced professionals, on challenging, large-scale projects that directly impact millions of citizens around the globe, then this is the place to be!Our cultureOur people are the most important element of our success. Our work life is well defined by our set of fundamental Values: https://bit.ly/3SSbBzU  #BePartOfSomethingGreat!*Please submit your CV in EnglishAll applications will be treated as strictly confidential.",,Full-time,"Athens, Greece",EL,2024-08-17,kariera.gr,160049,,"['http://data.europa.eu/esco/skill/1d86f05e-e9cc-40ce-99d8-2b21cc71b16b', 'http://data.europa.eu/esco/skill/1f0fbd17-56b7-45cd-b841-e7d9e2a5a14e', 'http://data.europa.eu/esco/skill/23ac233d-84ad-4517-b0f5-8ca19ba2614e', 'http://data.europa.eu/esco/skill/2fb8480e-de3c-462b-b169-e8bbb344da68', 'http://data.europa.eu/esco/skill/4fc1d2b4-9645-4fda-be99-abdf8e66c88d', 'http://data.europa.eu/esco/skill/5b26f08b-88bc-45f0-b901-530d7786466b', 'http://data.europa.eu/esco/skill/5c1e686c-92cc-4bd7-9f23-51f9d8a58886', 'http://data.europa.eu/esco/skill/8327754d-3990-4056-b07e-4faa49cfcd26', 'http://data.europa.eu/esco/skill/897b393f-e7e0-4248-a40d-d77119694e83', 'http://data.europa.eu/esco/skill/8f6ed69b-29d0-4c01-81ba-f05920a185f3', 'http://data.europa.eu/esco/skill/941364b9-1375-4add-9889-d67bae99bc8c', 'http://data.europa.eu/esco/skill/9531fe02-1e1f-4a36-95f7-a76a77cd4b8d', 'http://data.europa.eu/esco/skill/9a58cd26-58eb-4a1c-b1b6-64037fe9cfa1', 'http://data.europa.eu/esco/skill/9bf266a6-188b-4d17-a22f-2f266d76832b', 'http://data.europa.eu/esco/skill/a8797f21-1af0-4c5e-98ca-bf1442929363', 'http://data.europa.eu/esco/skill/ac802765-4098-4466-ac1e-4791f192c667', 'http://data.europa.eu/esco/skill/bacbfc27-4b5d-47de-8bfd-af5fa27562a2', 'http://data.europa.eu/esco/skill/c55caed2-de9e-4a25-819e-a0b0e83fba1b', 'http://data.europa.eu/esco/skill/c624c6a3-b0ba-4a31-a296-0d433fe47e41', 'http://data.europa.eu/esco/skill/d4789070-2ff7-4bbb-94ca-8bb1739826a9', 'http://data.europa.eu/esco/skill/f0de4973-0a70-4644-8fd4-3a97080476f4', 'http://data.europa.eu/esco/skill/f9738fc9-4d67-43e8-bfda-954123e34d42', 'http://data.europa.eu/esco/skill/f9b52e2d-56a7-48ca-b04d-2fc6436fcd4f']","['http://data.europa.eu/esco/occupation/57af9090-55b4-4911-b2d0-86db01c00b02', 'http://data.europa.eu/esco/occupation/719f101d-1866-49d3-8d5c-2256f606a8b9', 'http://data.europa.eu/esco/occupation/8cb59bc4-1f39-477e-beea-effed12d186c', 'http://data.europa.eu/esco/occupation/969f8af0-3c0d-403a-9c16-a6fb76c6b443', 'http://data.europa.eu/esco/occupation/cc867bee-ab5c-427f-9244-f7a204d9574b', 'http://data.europa.eu/esco/occupation/d515e82a-ca9f-4be4-9823-33694dff7304', 'http://data.europa.eu/esco/occupation/e9507d34-c70f-474f-a4a3-d2cbfe50f6e9']"
4737,Quality Assurance Engineer,"Who We Are: Phoenix Engineering Group is a leader in broadband technologies and infrastructure, boasting a robust portfolio of projects across Germany, Greece, and the Netherlands. We cater to the diverse needs of telecom and infrastructure providers throughout Europe, offering comprehensive services for project implementation.
Our Culture: At Phoenix Engineering, we fuse the strength of a formidable group of companies with the energetic spirit of a dynamic and youthful team. We cultivate a culture grounded in teamwork, mutual support, and the relentless pursuit of excellence. We celebrate achievements, stand united during challenges, and are committed to fostering the growth and success of every team member.
Your Role: As a Quality Assurance Engineer you will be responsible for ensuring that the department's deliverables meet quality standards, and conducting audits and tests to identify and resolve quality issues.
How You Will Contribute to Our Success:

Conduct audits and tests;
Ensure proper planning and direction of the operational functions;
Document and analyze quality data;
Employ Python scripts to automate quality checks and streamline workflow processes;
Develop and implement quality control procedures;
Investigate root causes of quality issues;
Provide training to employees;
Collaborate with cross-functional teams.

To be a fit you will need:

Bachelor’s Degree in Engineering, Telecommunications, Computer Science or another related technical field;
2 years previous experience in telecommunication or operations field;
Excellent knowledge of QGIS/ArcGIS or other similar design and visualization software;
Advanced MS Office skills;
Excellent command of the English language;
Good communication skills;.
Excellent time management and organization skills with a strong problem-solving mindset.

Ideally you should also have:

Knowledge of programming languages (preferably python & SQL);
Previous working experience in FTTx projects;
German language knowledge (current level B2).

What we offer:

Competitive remuneration package.
Active participation in exciting and challenging projects that shape the infrastructure of the future.
Opportunities for skill development and career advancement through theoretical and on-the-job training.
Other corporate benefits.

Phoenix Engineering is an equal opportunity employer committed to diversity and inclusion. We welcome applications from candidates of all backgrounds and experiences, treating them with fairness and confidentiality. We do not discriminate based on age, sex, race, color, religion, national origin, disability, or any other characteristic. If you're ready to unlock your potential, we eagerly await your CV!",Mid-level,Full-time,"Kallithea, Greece",EL,2024-08-11,kariera.gr,163750,,"['http://data.europa.eu/esco/skill/1fcce318-3212-487a-ac07-4941bc85060d', 'http://data.europa.eu/esco/skill/4812a4ea-dc55-4dc6-b9b0-4a59bba2c647', 'http://data.europa.eu/esco/skill/5b26f08b-88bc-45f0-b901-530d7786466b', 'http://data.europa.eu/esco/skill/60b44dab-03f1-46de-be08-0e5ba8662b3d', 'http://data.europa.eu/esco/skill/65e58886-bd1e-4c5b-8ca5-8d9b353c8aa1', 'http://data.europa.eu/esco/skill/852d758c-f222-4edc-99ad-31c9e3bd8079', 'http://data.europa.eu/esco/skill/89ff28d6-342c-435d-83aa-83e71dbbbc96', 'http://data.europa.eu/esco/skill/8c4b7305-4b83-4586-9d42-2817f96c60ea', 'http://data.europa.eu/esco/skill/b251544f-7b92-46d5-8e14-97f59ce1c7dc', 'http://data.europa.eu/esco/skill/cc7370dd-69fa-4c67-a96f-d4d135d38700', 'http://data.europa.eu/esco/skill/d83cba15-8511-4d07-b89a-9fde0d1d8241', 'http://data.europa.eu/esco/skill/e37d64dc-0f05-4ee8-b065-bf76f70d8f5c', 'http://data.europa.eu/esco/skill/f683ae1d-cb7c-4aa1-b9fe-205e1bd23535']","['http://data.europa.eu/esco/occupation/0ba06640-e0ac-4911-9e43-289a8e41651e', 'http://data.europa.eu/esco/occupation/1ad59946-d13e-441e-9b36-56e1df055e21', 'http://data.europa.eu/esco/occupation/2b48a4cd-2333-4abf-ac3e-6f63d6ed3663', 'http://data.europa.eu/esco/occupation/30c0943c-caa1-411d-b273-26f475971273', 'http://data.europa.eu/esco/occupation/a2b81132-2147-4c8e-b250-e6290ed906ea', 'http://data.europa.eu/esco/isco/C2153']"
4764,Data Engineer,"At Metlen Energy & Metals, we are catalysts for a sustainable future, leading the green energy transition with innovative solutions while being a reference point for competitive green metallurgy. Our global presence covers two business Sectors: Energy and Metallurgy. With a consolidated yearly turnover of €6.3 billion and a workforce of over 5,500 dedicated individuals, we fuel success through cutting-edge technology and diverse talent.
We are committed to embracing new state-of-the-art technologies and advancements, propelling us towards a cleaner, brighter tomorrow. Our positive footprint extends across five continents, leaving a lasting impact. We foster a culture of resilience, challenge, respect, excellence, and change, empowering our diverse workforce to achieve remarkable outcomes.
 
We are currently looking for Data Engineer to join our M Energy Generation & Management Division in our Offices in Marousi
By joining this role, you will step into a crucial position where you will optimize data-driven processes for the energy management team and ensure seamless data flow across systems. You will develop and maintain ETL processes to facilitate and automate the team’s data extraction needs and implement processes to create business-level analyses.
 
Your role will encompass:


Creating and maintaining procedures to extract data from diverse origins and consolidating it within our centralized databases.


Ensuring that data meets rigorous validation criteria and is stored in an organized manner.


Carrying out exploratory data analysis (EDA) and executing the process of feature engineering.


Adopting state-of-the-art methods for choosing Machine Learning models and fine-tuning models’ parameters.


Deploying models into production environments.


Creating, developing, and maintaining Power BI reports.


Participating in the development of analytic tools to assist the daily operations of the department.


Monitoring the status, the performance, and the health of data pipelines and ensuring they do not fail.


Creating detailed documentation to facilitate team members’ comprehension of the completed tasks and pipelines.


 
What You Bring to the Role:


Bachelor’s in Statistics, Mathematics, Computer Science, or related field.


2+ years of experience in Data Engineering


Hands-on with Azure, including Azure Data Factory and Databricks.


Proficient in SQL for ETL.


Experience with Python, PySpark, and/or R.


Knowledge of Machine Learning and Deep Learning.


Strong Power BI skills.


Proficient in written and spoken English.


Strong data analysis and modeling skills.


Excellent critical thinking and problem-solving abilities.


Eager to learn new skills and technologies.


Strong teamwork and cross-functional collaboration.


Proactive, self-motivated, and able to work independently.


 
Your Benefits:


Competitive remuneration package


Ticket Restaurant Card


Group Health Insurance program


Protergia discount on electricity and natural gas bill


Pension Plan


Follow us on LinkedIn and stay updated on our latest news
 
We respect your personal data. All personal information in your application and CV will remain strictly confidential.  
At Metlen Energy & Metals we are proud to have Diversity and Inclusion at the centre of everything we do. We are committed to Equal Employment Opportunity regardless of race, colour, national origin, ethnicity, gender, age, disability, sexual orientation, gender identity or religion.",Mid-level,Full-time,"Marousi, Greece",EL,2024-08-11,kariera.gr,163708,,"['http://data.europa.eu/esco/skill/4339176e-3acd-4f7f-a5d9-445bee3d23f2', 'http://data.europa.eu/esco/skill/48db96bf-3314-45c6-bad8-fdb6e20e5639', 'http://data.europa.eu/esco/skill/4a193795-fa63-414e-9f2e-bfdb3924571e', 'http://data.europa.eu/esco/skill/5b26f08b-88bc-45f0-b901-530d7786466b', 'http://data.europa.eu/esco/skill/8327754d-3990-4056-b07e-4faa49cfcd26', 'http://data.europa.eu/esco/skill/9e84a506-df06-4be3-874a-fa01293e3dd5', 'http://data.europa.eu/esco/skill/a472a200-d895-40ca-95e7-5c5495e3dd7c', 'http://data.europa.eu/esco/skill/adc6dc11-3376-467b-96c5-9b0a21edc869', 'http://data.europa.eu/esco/skill/c3404999-faaa-4779-9cbf-e594b9c4d3b6', 'http://data.europa.eu/esco/skill/ccd0a1d9-afda-43d9-b901-96344886e14d', 'http://data.europa.eu/esco/skill/e24377fb-020b-4430-8bed-86dd539bbf3a']","['http://data.europa.eu/esco/occupation/2079755f-d809-49e6-8037-4de6180e54c0', 'http://data.europa.eu/esco/occupation/4efee3ed-de09-44c6-bd4a-d9eaafd04683', 'http://data.europa.eu/esco/occupation/562dd713-5745-4457-929e-5b909da084ca', 'http://data.europa.eu/esco/occupation/72628f3a-fd49-499a-9741-870b0a1fcef2', 'http://data.europa.eu/esco/occupation/a005f8a2-2d8a-433e-8d89-13575f822fd4', 'http://data.europa.eu/esco/occupation/ceda53cd-3f1f-425b-bd1b-c4fa17254680', 'http://data.europa.eu/esco/occupation/fe0fa514-b48d-4a53-9757-a283c0baacf0']"
4804,Senior Software Engineer in Test,"Company DescriptionWe are Netcompany-Intrasoft, a member of Netcompany Group A/S, and a leading European IT Solutions and Services company with strong international presence and expertise, dedicated to responsible digitalisation. We offer innovative and added-value solutions of the highest quality to a wide range of public and private organizations, while being a key-player in the EU Institutions for the past 30 years. We hold an outstanding record of 500+ organizations in 70+ countries, that have chosen our solutions and services, to fulfil their business needs. Our team of 3500+ professionals is our driving force and our most valuable asset.Job DescriptionOur fully inhouse Testing team consists of 180 professionals across our sites and is Gold ISTQB partner. This is a team led by Test Managers, that serves the entire Netcompany-Intrasoft organization, bringing value and benefit in all the technologies we use and offer. Our Testing team is engaged with a vast portfolio of services, technologies, solutions and methodologies.As a Senior Software Engineer in Test you will:Familiarize with the architecture of the system under testAnalyze the tests to be automated and identify the most appropriate test automation methodology/technologyImplement and maintain test automation scripts/frameworksParticipate in PoC for evaluation of various tools, frameworks, methodologiesParticipate in the building of a CI pipelineAutomate tests for any of the following test types (functional, performance, usability, compatibility, cross-browser, component)Analysis of test results for troubleshooting, qualitative and quantitative analysisTest Planning and StrategyDefine, engage, and commit to testing planning as part of the Release planning, providing accurate estimations and schedules of all testing activities, timelines, and milestones with appropriate toolsDevelop comprehensive test plans based on project requirements and specifications.Identify and manage dependencies on Test Plans for integrated systemsEnsure automated regression packs are maintained and updated based on new functionality and changesDefine and implement effective test strategies to ensure thorough test coverageEnsure that the several testing and validation processes are improved continuously Test Execution:Oversee the execution of manual and service test cases to identify software defects and ensure product qualityReview and approval of all test artifacts (scripts, test data) and testing deliverables Quality Assurance:Establish and enforce quality assurance processes and standardsCoaching, mentoring, junior QA team members influencing them to take positive action and accountability for their assigned workQualificationsWhat would make you a fit for the role:Degree in Information Technology or another relevant fieldAt least 4 years of experience in Software Testing including expertise in writing Test scripts for Functional, Regression and Performance testsExperience in various tools/frameworks such as Selenium, SoapUI, JMeterWork experience in the creation of Test Cases, Test Scripts, Test Reports and participation in Test CyclesComplete understanding of the Agile Software Development methodologiesExcellent command of the English language (both written & oral)It would also be a plus if you match some of the following:Knowledge in WebServices (SOAP & RESTful), Cucumber, Serenity, TestNG, JUnit, Mockito, REST Assured API and Jira, Jira XRay, Javascript, Typescript, Microservice Architectures, Kafka, Arquillian and Spring Boot are considered a plusWork experience in Java, .Net, Groovy, SQL, XML ISTQB Foundation certificate in Software Testing;Test Automation knowledge through QTP.Additional InformationBeing a part of the Netcompany-Ιntrasoft team, you will be provided with: The opportunity to work in a modern environment & in a hybrid working modelA seamless onboarding experience and a buddy to support you on your first stepsA competitive compensation & benefits packageHealth and life insurance programMeal and commuting allowanceWell-being activities (on premises)Continuous learning opportunities using the most modern methods (unlimited access to Udemy for Business, ad-hoc trainings)A personalized development plan for targeted career growthIf you are looking forward to be part of a diverse environment, and have the opportunity to work alongside well-experienced professionals, on challenging, large-scale projects that directly impact millions of citizens around the globe, then this is the place to be!By joining Netcompany-Intrasoft Athens, you will be part of a vivid team of 2000+ tech enthusiasts. When at the office you will have the chance to work at our brand-new, state-of-the-art, sustainable offices, located in 3 different spots in Athens!#LI-TM1Our cultureOur people are the most important element of our success. Our work life is well defined by our set of fundamental Values: https://bit.ly/3SSbBzU  #BePartOfSomethingGreat!*Please submit your CV in EnglishAll applications will be treated as strictly confidential.",,Full-time,"Athens, Greece",EL,2024-08-11,kariera.gr,152802,,"['http://data.europa.eu/esco/skill/23ac233d-84ad-4517-b0f5-8ca19ba2614e', 'http://data.europa.eu/esco/skill/2522a6ce-3202-4ac8-9f5b-b9cb5a3a83a1', 'http://data.europa.eu/esco/skill/3993c87c-7719-4186-811b-8ddfb40e76be', 'http://data.europa.eu/esco/skill/52cf3037-ab53-4806-85ed-7fd21ea7f6a1', 'http://data.europa.eu/esco/skill/598de5b0-5b58-4ea7-8058-a4bc4d18c742', 'http://data.europa.eu/esco/skill/5d74614d-32c8-4ca4-9818-6980e52424b1', 'http://data.europa.eu/esco/skill/6a0aab53-6246-41e8-a910-e7a13f314860', 'http://data.europa.eu/esco/skill/6a322874-e32f-4cd8-9683-badce67a7f73', 'http://data.europa.eu/esco/skill/7557f0f4-b8bc-4ac0-b91e-222ab1ba744f', 'http://data.europa.eu/esco/skill/867137fb-ff1b-4ca3-99f3-cb6969aa2c68', 'http://data.europa.eu/esco/skill/8f6ed69b-29d0-4c01-81ba-f05920a185f3', 'http://data.europa.eu/esco/skill/c4b626c1-e71c-44ec-9f88-042766f37fcc', 'http://data.europa.eu/esco/skill/c7cc6dc5-d56b-4323-8e5c-47c4022f615f', 'http://data.europa.eu/esco/skill/dba46f87-0831-49cd-a1c7-340a653c0221']","['http://data.europa.eu/esco/occupation/608edf30-fe37-4ae5-bdd1-2d3a8fd347bd', 'http://data.europa.eu/esco/occupation/719f101d-1866-49d3-8d5c-2256f606a8b9', 'http://data.europa.eu/esco/isco/C2519']"
4805,Senior Software Engineer in Test,"Company DescriptionWe are Netcompany-Intrasoft, a member of Netcompany Group A/S, and a leading European IT Solutions and Services company with strong international presence and expertise, dedicated to responsible digitalisation. We offer innovative and added-value solutions of the highest quality to a wide range of public and private organizations, while being a key-player in the EU Institutions for the past 30 years. We hold an outstanding record of 500+ organizations in 70+ countries, that have chosen our solutions and services, to fulfil their business needs. Our team of 3500+ professionals is our driving force and our most valuable asset.Job DescriptionOur fully inhouse Testing team consists of 180 professionals across our sites and is Gold ISTQB partner. This is a team led by Test Managers, that serves the entire Netcompany-Intrasoft organization, bringing value and benefit in all the technologies we use and offer. Our Testing team is engaged with a vast portfolio of services, technologies, solutions and methodologies.As a Senior Software Engineer in Test you will:Familiarize with the architecture of the system under testAnalyze the tests to be automated and identify the most appropriate test automation methodology/technologyImplement and maintain test automation scripts/frameworksParticipate in PoC for evaluation of various tools, frameworks, methodologiesParticipate in the building of a CI pipelineAutomate tests for any of the following test types (functional, performance, usability, compatibility, cross-browser, component)Analysis of test results for troubleshooting, qualitative and quantitative analysisTest Planning and StrategyDefine, engage, and commit to testing planning as part of the Release planning, providing accurate estimations and schedules of all testing activities, timelines, and milestones with appropriate toolsDevelop comprehensive test plans based on project requirements and specifications.Identify and manage dependencies on Test Plans for integrated systemsEnsure automated regression packs are maintained and updated based on new functionality and changesDefine and implement effective test strategies to ensure thorough test coverageEnsure that the several testing and validation processes are improved continuously Test Execution:Oversee the execution of manual and service test cases to identify software defects and ensure product qualityReview and approval of all test artifacts (scripts, test data) and testing deliverables Quality Assurance:Establish and enforce quality assurance processes and standardsCoaching, mentoring, junior QA team members influencing them to take positive action and accountability for their assigned workQualificationsWhat would make you a fit for the role:Degree in Information Technology or another relevant fieldAt least 4 years of experience in Software Testing including expertise in writing Test scripts for Functional, Regression and Performance testsExperience in various tools/frameworks such as Selenium, SoapUI, JMeterWork experience in the creation of Test Cases, Test Scripts, Test Reports and participation in Test CyclesComplete understanding of the Agile Software Development methodologiesExcellent command of the English language (both written & oral)It would also be a plus if you match some of the following:Knowledge in WebServices (SOAP & RESTful), Cucumber, Serenity, TestNG, JUnit, Mockito, REST Assured API and Jira, Jira XRay, Javascript, Typescript, Microservice Architectures, Kafka, Arquillian and Spring Boot are considered a plusWork experience in Java, .Net, Groovy, SQL, XML ISTQB Foundation certificate in Software Testing;Test Automation knowledge through QTP.Additional InformationBeing a part of the Netcompany-Ιntrasoft team, you will be provided with: The opportunity to work in a modern environment & in a hybrid working modelA seamless onboarding experience and a buddy to support you on your first stepsA competitive compensation & benefits packageHealth and life insurance programMeal and commuting allowanceWell-being activities (on premises)Continuous learning opportunities using the most modern methods (unlimited access to Udemy for Business, ad-hoc trainings)A personalized development plan for targeted career growthIf you are looking forward to be part of a diverse environment, and have the opportunity to work alongside well-experienced professionals, on challenging, large-scale projects that directly impact millions of citizens around the globe, then this is the place to be!Join Netcompany-Intrasoft Thessaloniki's branch, and be part of our 250+ tech enthusiasts team!#LI-TM1Our cultureOur people are the most important element of our success. Our work life is well defined by our set of fundamental Values: https://bit.ly/3SSbBzU  #BePartOfSomethingGreat!*Please submit your CV in EnglishAll applications will be treated as strictly confidential.",,Full-time,"Thessaloniki, Greece",EL,2024-08-11,kariera.gr,152801,,"['http://data.europa.eu/esco/skill/23ac233d-84ad-4517-b0f5-8ca19ba2614e', 'http://data.europa.eu/esco/skill/2522a6ce-3202-4ac8-9f5b-b9cb5a3a83a1', 'http://data.europa.eu/esco/skill/3993c87c-7719-4186-811b-8ddfb40e76be', 'http://data.europa.eu/esco/skill/52cf3037-ab53-4806-85ed-7fd21ea7f6a1', 'http://data.europa.eu/esco/skill/598de5b0-5b58-4ea7-8058-a4bc4d18c742', 'http://data.europa.eu/esco/skill/5d74614d-32c8-4ca4-9818-6980e52424b1', 'http://data.europa.eu/esco/skill/6a0aab53-6246-41e8-a910-e7a13f314860', 'http://data.europa.eu/esco/skill/6a322874-e32f-4cd8-9683-badce67a7f73', 'http://data.europa.eu/esco/skill/7557f0f4-b8bc-4ac0-b91e-222ab1ba744f', 'http://data.europa.eu/esco/skill/867137fb-ff1b-4ca3-99f3-cb6969aa2c68', 'http://data.europa.eu/esco/skill/8f6ed69b-29d0-4c01-81ba-f05920a185f3', 'http://data.europa.eu/esco/skill/c4b626c1-e71c-44ec-9f88-042766f37fcc', 'http://data.europa.eu/esco/skill/c7cc6dc5-d56b-4323-8e5c-47c4022f615f', 'http://data.europa.eu/esco/skill/dba46f87-0831-49cd-a1c7-340a653c0221']","['http://data.europa.eu/esco/occupation/608edf30-fe37-4ae5-bdd1-2d3a8fd347bd', 'http://data.europa.eu/esco/occupation/719f101d-1866-49d3-8d5c-2256f606a8b9', 'http://data.europa.eu/esco/isco/C2519']"
4806,Senior Software Engineer in Test,"Company DescriptionWe are Netcompany-Intrasoft, a member of Netcompany Group A/S, and a leading European IT Solutions and Services company with strong international presence and expertise, dedicated to responsible digitalisation. We offer innovative and added-value solutions of the highest quality to a wide range of public and private organizations, while being a key-player in the EU Institutions for the past 30 years. We hold an outstanding record of 500+ organizations in 70+ countries, that have chosen our solutions and services, to fulfil their business needs. Our team of 3500+ professionals is our driving force and our most valuable asset.Job DescriptionOur fully inhouse Testing team consists of 180 professionals across our sites and is Gold ISTQB partner. This is a team led by Test Managers, that serves the entire Netcompany-Intrasoft organization, bringing value and benefit in all the technologies we use and offer. Our Testing team is engaged with a vast portfolio of services, technologies, solutions and methodologies.As a Senior Software Engineer in Test you will:Familiarize with the architecture of the system under testAnalyze the tests to be automated and identify the most appropriate test automation methodology/technologyImplement and maintain test automation scripts/frameworksParticipate in PoC for evaluation of various tools, frameworks, methodologiesParticipate in the building of a CI pipelineAutomate tests for any of the following test types (functional, performance, usability, compatibility, cross-browser, component)Analysis of test results for troubleshooting, qualitative and quantitative analysisTest Planning and StrategyDefine, engage, and commit to testing planning as part of the Release planning, providing accurate estimations and schedules of all testing activities, timelines, and milestones with appropriate toolsDevelop comprehensive test plans based on project requirements and specifications.Identify and manage dependencies on Test Plans for integrated systemsEnsure automated regression packs are maintained and updated based on new functionality and changesDefine and implement effective test strategies to ensure thorough test coverageEnsure that the several testing and validation processes are improved continuously Test Execution:Oversee the execution of manual and service test cases to identify software defects and ensure product qualityReview and approval of all test artifacts (scripts, test data) and testing deliverables Quality Assurance:Establish and enforce quality assurance processes and standardsCoaching, mentoring, junior QA team members influencing them to take positive action and accountability for their assigned workQualificationsWhat would make you a fit for the role:Degree in Information Technology or another relevant fieldAt least 4 years of experience in Software Testing including expertise in writing Test scripts for Functional, Regression and Performance testsExperience in various tools/frameworks such as Selenium, SoapUI, JMeterWork experience in the creation of Test Cases, Test Scripts, Test Reports and participation in Test CyclesComplete understanding of the Agile Software Development methodologiesExcellent command of the English language (both written & oral)It would also be a plus if you match some of the following:Knowledge in WebServices (SOAP & RESTful), Cucumber, Serenity, TestNG, JUnit, Mockito, REST Assured API and Jira, Jira XRay, Javascript, Typescript, Microservice Architectures, Kafka, Arquillian and Spring Boot are considered a plusWork experience in Java, .Net, Groovy, SQL, XML ISTQB Foundation certificate in Software Testing;Test Automation knowledge through QTP.Additional InformationBeing a part of the Netcompany-Ιntrasoft team, you will be provided with: The opportunity to work in a modern environment & in a hybrid working modelA seamless onboarding experience and a buddy to support you on your first stepsA competitive compensation & benefits packageHealth and life insurance programMeal Continuous learning opportunities using the most modern methods (unlimited access to Udemy for Business, ad-hoc trainings)A personalized development plan for targeted career growthIf you are looking forward to be part of a diverse environment, and have the opportunity to work alongside well-experienced professionals, on challenging, large-scale projects that directly impact millions of citizens around the globe, then this is the place to be!Join Netcompany-Intrasoft Patras' branch, and be part of our 150+ tech enthusiasts team!#LI-TM1Our cultureOur people are the most important element of our success. Our work life is well defined by our set of fundamental Values: https://bit.ly/3SSbBzU  #BePartOfSomethingGreat!*Please submit your CV in EnglishAll applications will be treated as strictly confidential.",,Full-time,"Patra, Greece",EL,2024-08-11,kariera.gr,152800,,"['http://data.europa.eu/esco/skill/23ac233d-84ad-4517-b0f5-8ca19ba2614e', 'http://data.europa.eu/esco/skill/2522a6ce-3202-4ac8-9f5b-b9cb5a3a83a1', 'http://data.europa.eu/esco/skill/3993c87c-7719-4186-811b-8ddfb40e76be', 'http://data.europa.eu/esco/skill/52cf3037-ab53-4806-85ed-7fd21ea7f6a1', 'http://data.europa.eu/esco/skill/598de5b0-5b58-4ea7-8058-a4bc4d18c742', 'http://data.europa.eu/esco/skill/5d74614d-32c8-4ca4-9818-6980e52424b1', 'http://data.europa.eu/esco/skill/6a0aab53-6246-41e8-a910-e7a13f314860', 'http://data.europa.eu/esco/skill/6a322874-e32f-4cd8-9683-badce67a7f73', 'http://data.europa.eu/esco/skill/7557f0f4-b8bc-4ac0-b91e-222ab1ba744f', 'http://data.europa.eu/esco/skill/867137fb-ff1b-4ca3-99f3-cb6969aa2c68', 'http://data.europa.eu/esco/skill/8f6ed69b-29d0-4c01-81ba-f05920a185f3', 'http://data.europa.eu/esco/skill/c4b626c1-e71c-44ec-9f88-042766f37fcc', 'http://data.europa.eu/esco/skill/c7cc6dc5-d56b-4323-8e5c-47c4022f615f', 'http://data.europa.eu/esco/skill/dba46f87-0831-49cd-a1c7-340a653c0221']","['http://data.europa.eu/esco/occupation/608edf30-fe37-4ae5-bdd1-2d3a8fd347bd', 'http://data.europa.eu/esco/occupation/719f101d-1866-49d3-8d5c-2256f606a8b9', 'http://data.europa.eu/esco/isco/C2519']"
40692,Machine Learning and Data Processing Research Engineer,"INTRACOM TELECOM is a global telecommunication systems and solutions vendor operating for over 40 years in the market. The company innovates in the wireless access and transmission field, offers a competitive telco software solutions portfolio and combines its offerings with a complete range of professional services.Our mission is to shape the future through technology, recognizing that human capital is the key to achieving this in today's business environment. Our highly specialized and experienced personnel are pivotal in reaching ambitious objectives and advancing the company's capabilities to better serve its customers. In line with this, we are seeking an agile and highly motivated 'Machine Learning and Data Processing Research Engineer' to join our team of future shapers.Job roleThe successful candidate will be involved in the design, development and deployment of Artificial Intelligence (AI)-driven solutions focusing on ML and data analytics technologies for next-generation telecommunications and decision support systems. As a research engineer, the candidate will work on a small team, while being versatile and independent, will tackle interesting research problems and will gain expertise in beyond the state-of-the-art AI and networking technologiesResponsibilities Design and implement experimental systems and applications focusing on AI/ML and data analytics technologies for next-generation telecommunications and decision support systems Investigate new AI technologies and existing systems and make recommendations Configure, deploy, maintain, and use software engineering tools Lead or contribute to technical reports and deliver technical presentations Collaborate with data science and technical teams or individuals of various backgrounds across Europe Requirements MSc (PhD preferred) in Electronic/Computer Engineering or Computer Science or related technical field Experience with modern ML/DL frameworks (at least one of Keras, Tensorflow, PyTorch or similar)  Experience with building data processing pipelines (data ingestion from relational SQL & NoSQL data sources, data preparation, data transformation, data aggregation etc.) Programming experience in Python, Java, Scala or C++  Excellent use of English language Excellent communication, teamwork & problem solving skills Fulfilled military obligations, where applicable Desired Skills Experience in collaborative research projects, technical proposal/deliverable writing Familiarity with AutoML tools (e.g., Auto-Keras, H2OAutoML)  Knowledge of cloud-native technologies (e.g., Docker, Kubernetes, Helm) and workflow management tools (e.g., Kubeflow, Argo)  Experience with big data tools (Hadoop, Spark, Kafka, etc.)  Knowledge of the software development lifecycle and associated tools (version control, issue tracking, etc.). Record of technical reports and presentations in English BenefitsINTRACOM TELECOM provides an excellent working environment which encourages team spirit, cooperation and continuous learning, in which the career prospects depend on each employee’s performance. Remuneration is competitive and aligned with the company’s credo “our competitive advantage is our human capital”.Further, the facility of a company bus is convenient for every employee.Education and continuous personal improvement constitute major priorities for the company to keep abreast with the technology evolution and maintain the high growth rate and its strategic position.Our company applies policies for equal opportunities irrespective of caste, national origin, religion, disability, gender, sexual orientation, union membership, political affiliation, or age.",Mid-level,Full-time,"Paiania, Greece",EL,2024-09-10,kariera.gr,169064,,"['http://data.europa.eu/esco/skill/07889c08-7220-47c8-96f7-6068fbea00dc', 'http://data.europa.eu/esco/skill/082967d4-b94c-4305-aa13-35a6aa8c5c7c', 'http://data.europa.eu/esco/skill/09f2f811-a3fb-4de3-a70f-6420a6935575', 'http://data.europa.eu/esco/skill/0d6714c6-720e-4985-9791-5ab85d28da79', 'http://data.europa.eu/esco/skill/19a8293b-8e95-4de3-983f-77484079c389', 'http://data.europa.eu/esco/skill/24ff9b31-a497-4817-9e9b-c0ff3b3fa0ef', 'http://data.europa.eu/esco/skill/5b26f08b-88bc-45f0-b901-530d7786466b', 'http://data.europa.eu/esco/skill/9d2e926f-53d9-41f5-98f3-19dfaa687f3f', 'http://data.europa.eu/esco/skill/ccd0a1d9-afda-43d9-b901-96344886e14d', 'http://data.europa.eu/esco/skill/dba46f87-0831-49cd-a1c7-340a653c0221', 'http://data.europa.eu/esco/skill/e24377fb-020b-4430-8bed-86dd539bbf3a', 'http://data.europa.eu/esco/skill/e46291c7-52b9-4174-bd59-178884861038', 'http://data.europa.eu/esco/skill/f64fe2c2-d090-4e91-ba74-1355d96b9bca', 'http://data.europa.eu/esco/skill/f75b740c-b36c-495e-bc67-efe347bbc6b5', 'http://data.europa.eu/esco/skill/ffddfc7c-a9dd-449f-9e96-882dc447c8b6']","['http://data.europa.eu/esco/occupation/2079755f-d809-49e6-8037-4de6180e54c0', 'http://data.europa.eu/esco/occupation/3dab5c3f-84d0-4d52-901d-dd262eaea509']"
40755,Power BI Specialist,"We are seeking an SQL Server Data Engineer to join our dynamic IT team at a leading retail company. This role entails responsibility for ETL, analyzing, and visualizing data to provide valuable insights and drive informed business decisions.
Role's Responsibilities

Develop and maintain interactive dashboards, reports, and data visualizations using Power BI.
Write T-SQL queries to provide ad-hoc reports based on business user requirements.
Design, develop, and optimize data models and queries, employing SQL and SSIS to extract, transform, and load data from diverse sources.
Optimizing queries for performance and efficiency.
Collaborate closely with stakeholders to comprehend their data requirements and translate them into effective visual representations.
Implement data cleansing and data quality strategies to ensure the accuracy and reliability of reports and analyses.
Utilize the Soft1 ERP system to extract relevant data and integrate it into Power BI dashboards for comprehensive insights.
Create and maintain documentation for data models, processes, and report specifications.
Stay updated with the latest trends and best practices in data visualization and business intelligence.

Requirements

Proven experience as a Power BI Specialist or similar role, demonstrating a strong understanding of data analysis and visualization concepts.
Experience writing complex T-SQL queries, stored procedures, and functions to extract, transform, and load data.
Proficiency in using Power BI to create interactive reports and dashboards.
Hands-on experience with SSIS (SQL Server Integration Services) for ETL development, including package design, configuration, and deployment.
Familiarity with SSRS (SQL Server Reporting Services)
Exceptional analytical and problem-solving skills, showcasing the ability to translate complex data into actionable insights.
Familiarity with Python for data manipulation and analysis is considered a plus.
Outstanding communication and teamwork skills to effectively collaborate with stakeholders, cross-functional teams, and present findings.
Experience in the retail industry is desirable, but not required.",Mid-level,Full-time,"Athens, Greece",EL,2024-09-10,kariera.gr,168992,,"['http://data.europa.eu/esco/skill/0b16ebec-1fd8-41c8-a1b9-bbe91a1cc1b8', 'http://data.europa.eu/esco/skill/143769cb-b61e-47d8-a61e-eedfbec1016c', 'http://data.europa.eu/esco/skill/15d76317-c71a-4fa2-aadc-2ecc34e627b7', 'http://data.europa.eu/esco/skill/348b74cd-49ce-4844-8bdf-ec188b497213', 'http://data.europa.eu/esco/skill/4097f39b-8f09-409b-abff-5ceed9fd3efb', 'http://data.europa.eu/esco/skill/50b100ea-74fd-4706-99db-3e4ca55e51b8', 'http://data.europa.eu/esco/skill/54c9c155-9293-4329-8ed2-2e76e8b519d4', 'http://data.europa.eu/esco/skill/6f7512ab-d46d-402a-8c30-a8878d7c1f88', 'http://data.europa.eu/esco/skill/a8797f21-1af0-4c5e-98ca-bf1442929363', 'http://data.europa.eu/esco/skill/adc6dc11-3376-467b-96c5-9b0a21edc869', 'http://data.europa.eu/esco/skill/c3e36d05-8ae8-447f-bb2b-6f9409f85389', 'http://data.europa.eu/esco/skill/fecf8a0d-62c4-4e71-9b03-0f4fc2ad7bf5']","['http://data.europa.eu/esco/occupation/207d7b18-6540-432e-8aa6-785ed434572f', 'http://data.europa.eu/esco/occupation/7086d0ca-1e77-4690-89c9-7ed1a0478fa3', 'http://data.europa.eu/esco/occupation/d3edb8f8-3a06-47a0-8fb9-9b212c006aa2']"
41807,Environmental Engineer specializing in Life Cycle Assessment,"ift Rosenheim Hellas, a partner of the notified testing and certification body ift Rosenheim, is active in the field of testing and certification in frames, glass curtains and in general in building materials based in Thessaloniki and serves the markets of Greece, Cyprus, Turkey and Bulgaria. development, is seeking to hire an Environmental Engineer with expertise in life cycle assessment in the Certification department on a permanent, full-time contract basis.
Jobs / Fields of Activity

Preparation of Environmental Product Declarations (EPD) according to EN 15804
Preparation of life cycle assessments (LAC) for building products according to ISO 14040
Development and elaboration of questionnaires for data collection in life cycle assessments
Modeling corporate processes in a life cycle assessment program
Compilation of Carbon Footprints for companies

 


Necessary Qualifications


Successfully completed studies (specialization in Environmental Engineering, Environmental Technology, Materials Science, Sustainability and Sustainability or related disciplines)
Ideally experience in assessing the sustainability of building products and in the field of life cycle assessment
Experience in life cycle assessment programs is a plus
Very good knowledge of English
Knowledge of German is considered an advantage
High customer orientation and excellent communication skills
Ability to travel and high flexibility
Completion of Military Obligations is necessary

 



Allowances


Competitive Salary Package
Five days work
Possibility of providing a company car
Company phone
Structured training program
Ongoing support and training
Private group insurance
Friendly and pleasant working environment
Development prospects",Entry / Junior,Full-time,"Thessaloniki, Greece",EL,2024-09-10,kariera.gr,169137,,"['http://data.europa.eu/esco/skill/103f7814-d262-4df6-a1b6-759bc51f76cb', 'http://data.europa.eu/esco/skill/5def6d00-daed-4d21-af9e-47938cf1877f', 'http://data.europa.eu/esco/skill/614fdb7f-637f-4501-a80a-53c14a9804e5', 'http://data.europa.eu/esco/skill/538f8bc6-a5bf-422b-8112-5ad3fe9de9a0']","['http://data.europa.eu/esco/occupation/2cf2b905-3308-4b5d-8e8d-633fc7a3f3ce', 'http://data.europa.eu/esco/occupation/4a375b68-88a0-4e5f-99ce-9b01341dfb81', 'http://data.europa.eu/esco/occupation/59883630-45f9-40e7-9732-9e5ff9758d2b', 'http://data.europa.eu/esco/occupation/7f2761eb-4edc-48ad-9fbf-eed0a0db9a21', 'http://data.europa.eu/esco/occupation/a7358961-46d4-4715-ac1e-6148fd042510', 'http://data.europa.eu/esco/occupation/ac1fc6a9-70d2-475c-8fa0-82ef83830968', 'http://data.europa.eu/esco/occupation/11d72bd6-779a-4643-9962-313833740094']"
41808,ENGINEER OF ARCHITECTS,"SICAP Development is a Greek company founded in 2023 by Dimitris Koiliaris and is based in the center of Chalkida, in Evia. Its aim is to play a leading role in the field of real estate construction. The company is a member of the SABO Group with subsidiaries in Brazil, Romania and Italy. The SABO Group was founded in 1984 and until today employs over 300 people, with a turnover of €80m.
SICAP Development is staffed by a team of established and experienced professionals in the construction and sale of real estate that guarantees reliable and modern constructions, at competitive costs. Main responsibilities are the design and construction of building projects in the private and public sector. Based on the 40 years of experience of the Group company, SICAP S.A. Constructions in building projects, we offer integrated, innovative solutions, emphasizing both quality and speed of construction.
Our successful operation is based on the expertise, innovation and collaborative spirit of our team, which is looking for an Architect Engineer.
 The role in detail:

Participation in architectural design
Preparation of architectural plans for licensing – construction details
Production of photorealistic renderings
Collaboration with crews

Required Qualifications:

University of Architecture degree
Work experience of 2-3 years
Knowledge of N.O.K.
Experience in issuing building permits, will be considered an additional qualification
Excellent knowledge of 2D design program (AUTOCAD)
Knowledge of REVIT and other 3D programs would be appreciated
Team spirit, hard work and responsibility
Portfolio (maximum 5 pages) with work samples (to be sent together with the CV)

 The company offers:

Ability to work with a highly motivated team
Attractive work environment
Opportunities for continuous learning and professional development
Competitive remuneration package
Private Life & Health insurance

 
Diversity, equality and inclusion are a priority for us! SABO ensures a safe and balanced work environment, based on respect, providing an equal number of opportunities to every employee who meets the necessary conditions.
 
 
   Here at @SABO, we care about your privacy. The security of your data is one of our priorities. All information is strictly confidential and compliant with GDPR rules.
 
Meet our team... and APPLY NOW 😊",Mid-level,Full-time,"Chalkida, Greece",EL,2024-09-10,kariera.gr,169171,,"['http://data.europa.eu/esco/skill/199f7919-5114-41b6-b6a5-41e0e4896ec1', 'http://data.europa.eu/esco/skill/23ac233d-84ad-4517-b0f5-8ca19ba2614e', 'http://data.europa.eu/esco/skill/2fb8480e-de3c-462b-b169-e8bbb344da68', 'http://data.europa.eu/esco/skill/921f52c7-d977-4e84-8b62-adf64fed999f', 'http://data.europa.eu/esco/skill/a8d24a95-47b3-4f88-92e7-06600bcd3612', 'http://data.europa.eu/esco/skill/cc173f61-3386-44c5-a048-3889e1ec9114', 'http://data.europa.eu/esco/skill/d3e9b00a-0891-4fa8-836d-8240ec3d2758', 'http://data.europa.eu/esco/skill/aaffe2b8-60b7-468c-8b21-477ef753c390']","['http://data.europa.eu/esco/occupation/8c3f536e-ba66-4321-ba40-363dc39f129b', 'http://data.europa.eu/esco/isco/C2', 'http://data.europa.eu/esco/isco/C7111']"
43763,SQL Software Engineer,"As a SQL Software Engineer at Relational Financial Solutions, you will be an integral member of our Debt Collection & Recoveries software integration & reporting team, contributing to the development, maintenance, and support of SQL-based systems. You will work across various stages of the project lifecycle, focusing on SQL code development, ETL procedures, and reporting, helping ensure our software solutions run smoothly and efficiently. This role requires a proactive and collaborative approach, as you will interact with cross-functional teams to address UAT and production support issues.
 
Responsibilities:

Develop and maintain SQL code using MS SQL Server
Support, extend, and optimize ETL processes (MS SQL SSIS jobs and/or Stored Procedures)
Manage and enhance reporting solutions
Perform application parameterization to meet evolving requirements
Resolve UAT and production support tickets efficiently

 
Requirements:

Bachelor degree in Computer Science, Information Technology (IT), Engineering, Mathematics or Statistics field.
Fluency in English Language (both oral and written)

 
The following are considered as a plus:

Proficiency in Transact-SQL
Strong understanding of Database Design Concepts (e.g., MS SQL Stored Procedures)
Hands-on experience with ETL tools, specifically Microsoft SSIS
Familiarity with Reporting tools, such as Microsoft SSRS
Knowledge of banking and credit-related technologies, including Debt Collection & Recoveries software

 
Why Join Us?
At Relational Financial Solutions, we value our employees and strive to create an inclusive and rewarding environment. Here’s what you can expect:

Competitive Salary: We offer an attractive salary package to compensate you for your skills and contributions.
Health Benefits: Your health matters to us. All colleagues receive private health insurance from day one.
Exciting Projects: We thrive on challenges and invite you to take part in exciting projects.
Continuous Learning: We never stop learning and evolving! You will have your own mentor and training program, along with access to our training sessions and online courses.
Team Spirit: We love the relational vibes and regularly gather for smaller and bigger occasions to celebrate good times together!

 
Ready to apply?
Ready to be part of an innovative team at Relational Financial Solutions? Apply now and help drive the future of SQL development and financial software solutions!
 
By submitting an application to this position and sharing your personal data with Relational Financial Solutions, you acknowledge and accept our Privacy Policy and authorize us to process your personal data for recruitment purposes in line with this policy.",Entry / Junior,Full-time,"Athens, Greece",EL,2024-09-12,kariera.gr,169600,,"['http://data.europa.eu/esco/skill/2fd26ae6-bd98-46c7-b1ba-8a0b52734fac', 'http://data.europa.eu/esco/skill/3d957fb2-b8f4-4b4c-b955-23299c761ad5', 'http://data.europa.eu/esco/skill/4339176e-3acd-4f7f-a5d9-445bee3d23f2', 'http://data.europa.eu/esco/skill/5bac4bcc-1846-4688-ba02-ad2b51544282', 'http://data.europa.eu/esco/skill/66baba7d-178e-4c51-935f-03a9049ff2f6', 'http://data.europa.eu/esco/skill/6f7512ab-d46d-402a-8c30-a8878d7c1f88', 'http://data.europa.eu/esco/skill/8b8ed44b-5d29-4a42-a87f-a77739b5bfcd', 'http://data.europa.eu/esco/skill/ba1b0441-a6b8-4e57-8ccc-871012f63e42', 'http://data.europa.eu/esco/skill/c5bc42be-4970-4dce-80e2-af78bae42e84']","['http://data.europa.eu/esco/occupation/50a66df6-c141-4b4a-937a-d3bc55737ae3', 'http://data.europa.eu/esco/occupation/72628f3a-fd49-499a-9741-870b0a1fcef2', 'http://data.europa.eu/esco/occupation/a6517365-211c-456d-aca4-1a0115c7b1e1', 'http://data.europa.eu/esco/occupation/b11e1742-5e28-4270-b081-b0193d85ee7d', 'http://data.europa.eu/esco/isco/C214', 'http://data.europa.eu/esco/isco/C2424']"
43879,Junior Tendering Engineer,"Company DescriptionArchirodon, having earned its reputation as a reliable and respected international contractor for more than a half century in the Engineering, Procurement and Construction (EPC) market, continues to create value to its stakeholders by executing complex EPC projects worldwide, in recognition of its superior standards of performance.  We have an outstanding record in completing major Energy, Marine, Infrastructure and Defense & Security projects around the globe and we pride ourselves on delivering over the years the kind of reliability and trust that the client has the right to expect from a major EPC contractor.Job DescriptionWe are constantly growing and are currently looking for a resourceful Junior Tendering Engineer (Electrical) to join a top qualified and knowledgeable Tendering Team in our Athens Office. Role summary:The Tendering engineer will be Interfacing with major international customers and partners. He/She will support the development of proposals and tenders for international projects. Main responsibilities of the Tendering Engineer will be to:Participate and supports the analysis of tender specifications, drawings, and other documentation to prepare comprehensive cost estimatesIdentify potential risks and uncertainties in cost estimatesAssist in the preparation of material and subcontract enquiries and the evaluation of quotationsDevelop detailed direct cost estimates for specific parts of the scopePrepare presentations for internal (within company) and external (partners /clients) purposesAssist in preparation of interfacing plans, DORs, BOQ splits, and other documents related to JVs and Consortia.QualificationsBSc in Electrical EngineeringMSc in relevant areas will be highly welcomedExcellent knowledge of MS Office (Word, PowerPoint, Excel)Displays strong interpersonal and communication skills (written and oral)Displays a team spirit and possesses international mindset, particularly in a multicultural environmentDisplays a ""can-do"" attitude, is flexible and hands onIs keen to learn and professionally growAdditional InformationWhat's in it for you:Competitive salary and benefits are part of the offering, yet the real joy comes from being a member of smart and passionate teams within an international leading EPC group that supports impactful for the local communities' mega infrastructure development projects - literally around the globe - and encompasses a productive and human-centric culture caring for its people and their development!Please note that you will be contacted only if you are shortlisted for an interview. In the meantime, do not hesitate to stay in touch and keep monitoring our open vacancies and our LinkedIn page! Rest assured that your application will be treated with strict confidentiality and under all applicable data privacy regulations.",,Full-time,"Polydendri, Greece",EL,2024-09-11,kariera.gr,169463,,"['http://data.europa.eu/esco/skill/0ee7b0d6-db98-4785-9948-f2ef415d155a', 'http://data.europa.eu/esco/skill/31599ac3-e03c-42f8-8f08-b549af8234f2', 'http://data.europa.eu/esco/skill/3bc08c26-2f98-4730-bbb6-ec4a8566e3cf', 'http://data.europa.eu/esco/skill/a4346013-a967-4a58-a533-6b32ad1364c5', 'http://data.europa.eu/esco/skill/a9c205ef-365a-4ae4-b905-cb48ba761ff0', 'http://data.europa.eu/esco/skill/fc4fcb4b-993f-4f2c-b158-c2171ec18ed8']","['http://data.europa.eu/esco/occupation/219d1c30-3849-4de3-b0d6-07da187b6521', 'http://data.europa.eu/esco/occupation/42ff9e52-1f56-427d-b772-b9328c39b98a', 'http://data.europa.eu/esco/occupation/53a362a4-4c83-4ce2-837f-d1faba4cd247', 'http://data.europa.eu/esco/occupation/6cd08cbe-7611-4d70-8886-6c59c0385442', 'http://data.europa.eu/esco/occupation/7843a4c6-a9f6-4095-94b9-45b384d4bd57', 'http://data.europa.eu/esco/occupation/cb4f98c8-6b8d-41d8-87eb-a2a2033a3a25']"
43880,Civil Tendering Engineer,"Company DescriptionArchirodon, having earned its reputation as a reliable and respected international contractor for more than a half century in the Engineering, Procurement and Construction (EPC) market, continues to create value to its stakeholders by executing complex EPC projects worldwide, in recognition of its superior standards of performance.  We have an outstanding record in completing major Energy, Marine, Infrastructure and Defense & Security projects around the globe and we pride ourselves on delivering over the years the kind of reliability and trust that the client has the right to expect from a major EPC contractor.Job DescriptionWe are constantly growing and are currently looking for a resourceful Tendering Engineer (Civil) to join a top qualified and knowledgeable Tendering Team in our Athens Office. Role summary:As a member of the Tendering team, you will support the development of proposals and tenders for international projects. You will have the opportunity to accelerate knowledge and experience through exposure, and collaboration with high performing multidisciplinary teams.What you will need to do: Analyse tender specifications, drawings, and other documentation to prepare comprehensive cost estimates.Prepare materials and subcontract enquiries.Liaise with suppliers and subcontractors to ensure that comprehensive and consistent quotations are received.Evaluate materials and subcontracts quotations.Develop detailed cost estimates including both direct and general costs.Prepare risk and opportunity analysis.Commercial engineering: prepare selling price analyses and price estimatesPrepare basic cash flow scenarios.Prepare and present presentations for internal (within company) and external (partners /clients) purposes.Prepare interfacing plans, DORs, BOQ splits, and other documents related to JVs and Consortia.QualificationsBSc / MSc in Civil EngineeringFour (4) to six (6) years of work experience within a construction contractorStrong interpersonal and communication skills (written and oral)Commercial/ business thinkingExcellent English command (written and oral) of the English languageKnowledge of any project management tool is desirable.Computer literacy, including use of MS Office (Word, Excel, PowerPoint, Access)Additional InformationYou are someone who:Has strong drive for results and solution-focused thinkingDisplays a team spirit and has effective communication skillsPossesses international mindsetDisplays a ""can-do"" attitude, is flexible and hands onIs keen to learn and professionally growWhat's in it for you:Competitive salary and benefits are part of the offering, yet the real joy comes from being a member of smart and passionate teams, within an international leading EPC Group on a mission that matters. We create mega construction projects - literally around the globe - with meaningful impact on the local communities for the years to come. At Archirodon, you will find a proud, productive and human-centric culture, caring for and building on our people and their development! Please note that you will be contacted only in case you are shortlisted for an interview. In the meantime, do not hesitate to stay in touch and keep monitoring our  open vacancies  and our  LinkedIn  page! Rest assured that your application will be treated with strict confidentiality and under all applicable data privacy regulations.",,Full-time,"Kropia, Greece",EL,2024-09-11,kariera.gr,169462,,"['http://data.europa.eu/esco/skill/0415142d-6921-4f8d-832b-6271382b8193', 'http://data.europa.eu/esco/skill/0ee7b0d6-db98-4785-9948-f2ef415d155a', 'http://data.europa.eu/esco/skill/3bc08c26-2f98-4730-bbb6-ec4a8566e3cf', 'http://data.europa.eu/esco/skill/5df8434d-0b7f-4627-8b13-5fd4ad296a76', 'http://data.europa.eu/esco/skill/8faefbc1-4745-4b3f-9889-81cd1d40b67c', 'http://data.europa.eu/esco/skill/a4346013-a967-4a58-a533-6b32ad1364c5', 'http://data.europa.eu/esco/skill/c45848bc-33c6-45fa-b791-bc5b06c21b87', 'http://data.europa.eu/esco/skill/d15ce60f-ddab-41ce-ba56-398451b77b60', 'http://data.europa.eu/esco/skill/f14ff4b7-be1e-4b55-b39b-520005f8a97e', 'http://data.europa.eu/esco/skill/f683ae1d-cb7c-4aa1-b9fe-205e1bd23535', 'http://data.europa.eu/esco/skill/fc4fcb4b-993f-4f2c-b158-c2171ec18ed8']","['http://data.europa.eu/esco/occupation/219d1c30-3849-4de3-b0d6-07da187b6521', 'http://data.europa.eu/esco/occupation/42ff9e52-1f56-427d-b772-b9328c39b98a', 'http://data.europa.eu/esco/occupation/4588cd69-e6a5-4668-94c7-f02a3d86a649', 'http://data.europa.eu/esco/occupation/4a375b68-88a0-4e5f-99ce-9b01341dfb81', 'http://data.europa.eu/esco/occupation/6cd08cbe-7611-4d70-8886-6c59c0385442', 'http://data.europa.eu/esco/occupation/7843a4c6-a9f6-4095-94b9-45b384d4bd57', 'http://data.europa.eu/esco/occupation/84871c2a-abd1-45eb-b03a-65e51a26fd84', 'http://data.europa.eu/esco/occupation/b09acdda-6680-49d1-a411-129610ee3bc0', 'http://data.europa.eu/esco/occupation/cb4f98c8-6b8d-41d8-87eb-a2a2033a3a25']"
43929,"Sr Manager, Lead Site Reliability Engineer","ROLE SUMMARY
At Pfizer we make medicines and vaccines that change patients' lives with a global reach of over 780 million patients. Pfizer Digital is the organization charged with winning the digital race in the pharmaceutical industry. We apply our expertise in technology, innovation, and our business to support Pfizer in this mission.Our team, the Operations & Insights Team, is passionate about using software and data to improve manufacturing processes. We partner with other Pfizer teams focused on:

Manufacturing throughput efficiency and increased manufacturing yield
Reduction of end-to-end cycle time and increase of percent release attainment
Increased quality control lab throughput and more timely closure of quality assurance investigations
Increased manufacturing yield of vaccines
More cost-effective network planning decisions and lowered inventory costs

As the Senior Manager, Lead Site Reliability Engineer, you will work with a team of engineers, driving the overall reliability and performance of our systems and solutions. You will be a key leader in the architecture, strategy and execution of the Site Reliability Engineering (SRE) practice. You will collaborate closely with Product Owners, Software Engineers, Data Engineers and stakeholders across the organization to ensure our infrastructure and software deliverables are robust, scalable, and efficient.You will lead initiatives to automate processes, optimize costs and continuously improve the infrastructure that powers our solutions. Your leadership in fostering a culture of continuous improvement and innovation will help us achieve new heights in operational excellence.




ROLE RESPONSIBILITIES
As the Senior Manager, Lead Site Reliability Engineer, your responsibilities will include, but are not limited to:

Act as a Technical lead and mentor in a team of SREs to deliver high-quality software and infrastructure in a fast-paced, agile environment
Define and drive the overall SRE strategy, ensuring performance, scalability and reliability of systems
Architect cost-effective, performant and secure systems in alignment with business needs
Automate manual and repetitive processes to enhance operational efficiency
Champion cloud capabilities for the SDLC and oversee cloud infrastructure performance and cost management
Lead the design, implementation and optimization of our CI/CD pipelines
Architect and implement monitoring, alerting and automation solutions to ensure service health and reliability
Lead the release and deployment process, building a robust knowledge database and continuously optimizing procedures to reduce deployment time and improve reliability
Partner with cross-functional teams to design, develop and enhance new and existing applications
Drive continuous improvement initiatives, focusing on increasing operational efficiency and reliability





BASIC QUALIFICATIONS

Education: Bachelor's degree or Master's degree in Computer Science, Engineering, or related discipline
Minimum 7 years of experience in Technology Operations, Software Development, or similar field
Proven experience with the following platforms and tools:

Kubernetes / EKS
AWS EC2, EKS, EBS, S3, RDS, MSK or equivalents on other Cloud Providers
GitHub Actions or similar Cloud based CI tooling
Terraform
FluxCD/ArgoCD or Similar GitOps based Kubernetes CD tool
Docker
Prometheus / Grafana
ELK/ECK stack


Proficiency in Bash, plus at least one other modern programming language suchas Java, JavaScript, C#, Python
Operational experience with at least one SQL and one NoSQL Database platform such as PostgreSQL, SQL Server, MongoDB, DocumentDB, Neo4j
Deep understanding of microservices architecture and cloud computing
Demonstrated success in managing complex software products including the deployment of multiple versions / releases of a large product
Experience working in teams to address software defect analysis, troubleshooting and resolution
Excellent communication skills (verbal & written)
Proactive approach and goal-oriented mindset, research, problem solving and analytical skills

PREFERRED QUALIFICATIONS

Pharmaceutical Experience
Certified Kubernetes Administrator certification
AWS Certified Solutions Architect certification
Practical knowledge of Agile (Scrum), SAFe (Scalable Agile Framework)

PHYSICAL/MENTAL REQUIREMENTS
Ability to manage many parallel objectives and changing priorities.
NON-STANDARD WORK SCHEDULE, TRAVEL OR ENVIRONMENT REQUIREMENTS

Job will require working with global teams and applications. Flexible working schedule may be needed occasionally.
Must be able to support planned weekend or night cutover activities occasionally, depending on release schedule.





Pfizer is an equal opportunity employer and complies with all applicable equal employment opportunity legislation in each jurisdiction in which it operates.
To apply please visit our website www.pfizercareers.com and search job Sr Manager, Lead Site Reliability Engineer id 4919712.",Senior,Full-time,"Thessaloniki, Greece",EL,2024-09-11,kariera.gr,169403,,"['http://data.europa.eu/esco/skill/0550431f-9c8b-4204-9c45-59bc5feacf06', 'http://data.europa.eu/esco/skill/19a8293b-8e95-4de3-983f-77484079c389', 'http://data.europa.eu/esco/skill/1d86f05e-e9cc-40ce-99d8-2b21cc71b16b', 'http://data.europa.eu/esco/skill/2522a6ce-3202-4ac8-9f5b-b9cb5a3a83a1', 'http://data.europa.eu/esco/skill/2fb8480e-de3c-462b-b169-e8bbb344da68', 'http://data.europa.eu/esco/skill/477173ca-5fc2-406b-9122-95d92811f284', 'http://data.europa.eu/esco/skill/48db96bf-3314-45c6-bad8-fdb6e20e5639', 'http://data.europa.eu/esco/skill/4c016b68-4116-468c-9dc6-42710c239e4a', 'http://data.europa.eu/esco/skill/798d427e-51b3-4cd4-8b24-1357015e9ae7', 'http://data.europa.eu/esco/skill/7d35602d-bc94-4975-aa7c-f4e8e05ce8e0', 'http://data.europa.eu/esco/skill/978db6a1-7297-4c89-819a-47605f2c3ba8', 'http://data.europa.eu/esco/skill/a8d07b5a-c1a1-42c6-9d53-db9c7a2ca996', 'http://data.europa.eu/esco/skill/bd14968e-e409-45af-b362-3495ed7b10e0', 'http://data.europa.eu/esco/skill/c062bab3-3ea0-4291-9220-a2d8fef4bead', 'http://data.europa.eu/esco/skill/ccd0a1d9-afda-43d9-b901-96344886e14d', 'http://data.europa.eu/esco/skill/dba46f87-0831-49cd-a1c7-340a653c0221', 'http://data.europa.eu/esco/skill/e186976a-64f0-4052-a25b-297d19e1d0ec', 'http://data.europa.eu/esco/skill/fcc0a1c8-d36e-4f8e-b928-00d5bca10a47']","['http://data.europa.eu/esco/occupation/2079755f-d809-49e6-8037-4de6180e54c0', 'http://data.europa.eu/esco/occupation/2fb96c6c-8d0b-4ef0-b1ee-3e493305e4eb', 'http://data.europa.eu/esco/occupation/53cdd34e-22f2-41bd-b3c7-de22bf9bbcae', 'http://data.europa.eu/esco/occupation/57af9090-55b4-4911-b2d0-86db01c00b02', 'http://data.europa.eu/esco/occupation/8c3f536e-ba66-4321-ba40-363dc39f129b', 'http://data.europa.eu/esco/occupation/f2b15a0e-e65a-438a-affb-29b9d50b77d1', 'http://data.europa.eu/esco/isco/C214']"
45554,Process Maintenance Planning Engineer,"Hellas Gold Single Member S.A. is a gold, silver, lead and zinc mining company headquartered in Athens, Greece.  Since 2004, Hellas Gold operates the Kassandra Mines at N.E. Chalkidiki, under the strictest EU safety and environmental standards and regulations. The Kassandra Mines consist of the operating mine at Olympias the state-of-the-art Kokkinolakkas Tailings Managements Facility and the Skouries project. Evolving a mining history of 25 centuries, Hellas Gold invests in the development of sustainable mining in the region, contributing to the local economic growth and prosperity with investments of more than $1 billion, the employment of 1,600 people, the active support to the local suppliers, and important investments to local community initiatives and projects. Since 2012, Hellas Gold operates as a subsidiary of the Canadian-based Eldorado Gold Corporation, which has over 25 years of experience in exploration, construction and operation of mines around the world.We live our values in pursuit of our purpose: to find a better way to do things. We aim to break new ground in all that we do. We do this by creating a positive impact today, and for future generations, through our commitment to operating safely, sustainably, and profitably.The company offers the opportunity to those who wish to express interest in the position of ‘Process Maintenance Planning Engineer’, for its premises in Chalkidiki. The position will be reported to the Head of Processing in Skouries.Main Responsibilities: ·      Accountable to maintaining a culture where Safety emphasizes personal awareness and responsibility.·      Accountable to establishing safe maintenance practices and systems applicable to ensure compliance to Greek regulations and or Eldorado Gold standards.·      Management of a professional maintenance planning department, including skills development and performance management.·      Process Plant Specific development and Implementation of a Best Practice Management Operating System (MOS), the eighteen performance measures of which are currently being rolled out.·      Assist with the development of Maintenance Technical Standards and responsible for implementation across the maintenance and integrated maintenance functions. The plant operation consists of an integrated processing-maintenance function.·      Coordination with Asset Integrity Head for ensuring Technical Standards.·      Shutdown and downtime planning and scheduling.·      Actively manage growth and development of maintenance planning and scheduling personnel under your supervision, including succession planning.·      Assist Asset Manager and Maintenance Superintendent with Asset Management strategy and equipment lifecycle management.·      Participate in audits of maintenance management programmes or its related elements and KPI’s.·      Ensure optimal resourcing and prioritization of work orders in Computerized Maintenance Management System (CMMS). ·      Custodian of Equipment Downtime Register, liaise with Maintenance Engineer on relevant Analytics and data presentation.·      Maintain and assist in developing Job Standards. ·      Develop and maintain standard job Application Parts Lists (APL’s) for area equipment.·      Coordinate and integrate the PM/selected Asset Management programs.·      Maintain detailed equipment history in CMMS, rotable spares.·      Generate maintenance equipment performance reports.·      Facilitate Post-Mortem meetings following scheduled and major maintenance projects. – continuous improvement.·      Assist Maintenance Superintendent in preparation of the annual maintenance budget.·      Assist Maintenance Engineer with the monthly management of maintenance budget / forecast.·      Administrator of the Computer Maintenance Management System (CMMS) for the Process Plant.·      Verify and coordinate with real time update of all planned maintenance jobs by way of field observations.·      Assist with the updating of maintenance procedures and perform planning and scheduling of maintenance training.·      Conduct and assist with time motion studies of maintenance functions for the process plant.·      Review Notifications to the Maintenance department and open work orders in the CMMS.·      Act as a Supervisor during major shutdown operations of the Process Plant, focused on managing the shutdown schedule and coordination of additional jobs.Requirements:·      Bachelor’s Degree or Equivalent in Mechanical or Electrical Engineering or Equivalent Maintenance Qualification.·      Working Knowledge of Computer Maintenance Management Systems (CMMS), and Reliability Asset Management Systems.·      Working knowledge in the use and integration of predictive and preventive maintenance principles.·      10+ years’ experience as an Engineer in Oil and Gas, Mining or Heavy Industry, ideally with process plant or production engineering experience.·      Plant Maintenance background considered essential.·      Plant Commissioning and Ramp-up experience, considered an asset·      Demonstrated strategic, conceptual and analytical skills.·      Well Developed Business and Financial acumen.·      Demonstrated organizational and team leadership skills.·      Strong interpersonal and communications skills.·      Strong work ethic and self-motivated.·      Very good verbal and written communication skills in both Greek and English languages.·      Very good computer knowledge of MS Office.·      Driving License.Our company offers a competitive remuneration package that includes an attractive combination of basic salary and benefits, as well as opportunities for development in a challenging work environment.Inclusion and DiversityHellas Gold is an equal opportunities employer. We are committed to promoting an inclusive and diverse workplace where we value and respect every colleague for who they are and provide equality of opportunity so that everyone can fulfill their potential.If you are looking for a global and dynamic environment, please send us your CV.",Senior,Full-time,"Apodotia, Greece",EL,2024-09-14,kariera.gr,170097,,"['http://data.europa.eu/esco/skill/0550431f-9c8b-4204-9c45-59bc5feacf06', 'http://data.europa.eu/esco/skill/07ebc888-0f3f-46e7-99d2-a7c7ebd7ffe3', 'http://data.europa.eu/esco/skill/199f7919-5114-41b6-b6a5-41e0e4896ec1', 'http://data.europa.eu/esco/skill/3e40c7d0-0e36-4b33-bc33-0aa87eda0561', 'http://data.europa.eu/esco/skill/3e4cdaee-740c-4754-9135-466362bbd22e', 'http://data.europa.eu/esco/skill/6078e099-7696-44a5-b3c1-452b9abe886a', 'http://data.europa.eu/esco/skill/649b00ec-a70d-4b3a-ae2e-5662964b0fb8', 'http://data.europa.eu/esco/skill/75d8e5d9-bef3-418b-9011-01bff9f27207', 'http://data.europa.eu/esco/skill/7629db63-5922-42fa-8c80-9575526f7326', 'http://data.europa.eu/esco/skill/a28df07f-976c-4eb4-b29a-06161af39756', 'http://data.europa.eu/esco/skill/c3e36d05-8ae8-447f-bb2b-6f9409f85389', 'http://data.europa.eu/esco/skill/c5bc42be-4970-4dce-80e2-af78bae42e84', 'http://data.europa.eu/esco/skill/cb86ea85-0776-4720-984c-e16f228c9bc3', 'http://data.europa.eu/esco/skill/d3a8ef9c-8572-438c-91dc-010537070be3', 'http://data.europa.eu/esco/skill/f683ae1d-cb7c-4aa1-b9fe-205e1bd23535']","['http://data.europa.eu/esco/occupation/6cd08cbe-7611-4d70-8886-6c59c0385442', 'http://data.europa.eu/esco/occupation/7569f423-2c37-49aa-947e-41acb66ec909', 'http://data.europa.eu/esco/occupation/86ca306c-ab99-420a-9e2a-aa73c5c4de22', 'http://data.europa.eu/esco/occupation/955ae83a-4d91-4db8-a5d6-bd489e5058df', 'http://data.europa.eu/esco/occupation/969f8af0-3c0d-403a-9c16-a6fb76c6b443', 'http://data.europa.eu/esco/occupation/a4c5fb46-1d72-47de-b349-f579a0f1edfb', 'http://data.europa.eu/esco/occupation/b42c5ed4-c6e4-4694-934f-96127719cc43', 'http://data.europa.eu/esco/occupation/b5eaf231-77ad-4a86-8e54-15cc4398aad2', 'http://data.europa.eu/esco/occupation/b9836ed2-1ca7-49b4-9f0e-bb5d2ca14443', 'http://data.europa.eu/esco/occupation/d7380260-1386-4e36-98b5-8115ca4a3536', 'http://data.europa.eu/esco/occupation/e20eee17-4876-4f21-a0cb-5d7f40c63cd8', 'http://data.europa.eu/esco/occupation/f4a25243-b06a-42a9-9c69-246853df63ad']"
45668,Production Engineer (PRD015),"Thrace Plastics Group is a Greek multinational Group, which is active in the production and distribution of polypropylene and polyethylene products, having production facilities in 6 countries (Greece, Great Britain, Bulgaria, Romania, Ireland and the USA), distribution and marketing companies in 4 countries (Norway, Sweden, Serbia, Australia) and a sales network spanning more than 80 countries.
Plastics Thrace Group is looking to recruit
Production Engineers
for its production units in Xanthi.
Main Responsibilities: 

Develops, shapes and optimizes the production process
Evaluates existing processes, performs measurements and audits, and interprets data
Plans, tests and executes the upgrade of systems and processes
Enters production orders into ERP and ensures inventory reconciliation
Produces monitoring reports of the production process
Stays abreast of developments and new trends in the industry, investigates and proposes innovative solutions to improve the production process
Manages time and financial constraints
Records procedures Promotes a health & safety culture in the workplace

Required Qualifications:

Degree in Engineering (Chemical/Electrical/Mechanical)
2-3 years of experience in industrial areas
Excellent knowledge of the English Language
Knowledge of ERP systems
Very good computer knowledge
Excellent communication and interpersonal skills, team spirit
Organizational, time management skills, sets priorities and adheres to strict deadlines
Strong analytical and problem solving skills, focus on achieving goals
Completed Military obligations (applies to male applicants).

The Group offers: 

Competitive remuneration package
Private life and health insurance
Excellent working conditions
Opportunities for training & development in a dynamically evolving environment

Interested parties are requested to send their CV to e-mail: career@thraceplastics.gr, with code PRD015.
 At Plastic Thrace we handle your resume with absolute confidentiality, we respect your privacy and we use your personal data exclusively for the purpose you have provided us with. To learn about your rights, read the privacy policy at: https://www.thracegroup.com/gr/el/privacy-policy/",Mid-level,Full-time,"Xanthi, Greece",EL,2024-09-13,kariera.gr,169959,,"['http://data.europa.eu/esco/skill/12c7b323-d870-4f5b-9d7d-d9f525206d77', 'http://data.europa.eu/esco/skill/6078e099-7696-44a5-b3c1-452b9abe886a', 'http://data.europa.eu/esco/skill/798d427e-51b3-4cd4-8b24-1357015e9ae7', 'http://data.europa.eu/esco/skill/91abe492-18be-4cce-93c7-0dca07072363', 'http://data.europa.eu/esco/skill/adc6dc11-3376-467b-96c5-9b0a21edc869', 'http://data.europa.eu/esco/skill/f0393af3-bcd9-41af-a36e-0cfb83b60081', 'http://data.europa.eu/esco/skill/89ff28d6-342c-435d-83aa-83e71dbbbc96']","['http://data.europa.eu/esco/occupation/d7380260-1386-4e36-98b5-8115ca4a3536', 'http://data.europa.eu/esco/isco/C1321', 'http://data.europa.eu/esco/occupation/1f665529-96e9-46c1-99f4-9ffbf9ffa036']"
45671,Shift Maintenance Engineer (PRD052),"Thrace Plastics Group is a Greek multinational Group, which is active in the production and distribution of polypropylene and polyethylene products, having production facilities in 6 countries (Greece, Great Britain, Bulgaria, Romania, Ireland and the USA), distribution and marketing companies in 5 countries (Norway, Sweden, Serbia, Australia, China) and a sales network spanning more than 80 countries.
Plastics Thrace Group is looking to hire
Shift Maintenance Engineers
for its production units in Xanthi.
Main Responsibilities:

Restoration of malfunctions-damages
Carrying out preventive maintenance-improvements
Direct cooperation with shift foremen to ensure smooth and delay-free operation of production
Continuous improvements to existing equipment

Required Qualifications:

Degree in T.E.I. Engineering or technical school related to the subject (EPAL technician of mechanical installations & constructions) or holder of a Practical Engineer license
Holder of professional engineer's license
Previous experience in a similar position, at least 2 years
Experience in maintenance and installation of mechanical equipment
Knowledge of English language
Familiarity with using a PC
Ability to work in rotating shifts
Ability to follow procedures and solve problems
Good communication skills, team spirit and cooperation
Responsibility and consistency
Completed Military Obligations (applies to male applicants)

The Group offers:

Competitive remuneration package
Private life and health insurance
Excellent working conditions
Opportunities for training and development in a dynamically evolving environment

Interested parties are requested to send their CV to e-mail: career@thraceplastics.gr, with code PRD052
At Plastics Thrace Group we handle your resume with absolute confidentiality, we respect your privacy and we use your personal data exclusively for the purpose you have provided us with. To learn about your rights, read our privacy policy: at 
https://www.thracegroup.com/gr/el/privacy-policy/",Entry / Junior,Full-time,"Xanthi, Greece",EL,2024-09-13,kariera.gr,169957,,"['http://data.europa.eu/esco/skill/082967d4-b94c-4305-aa13-35a6aa8c5c7c', 'http://data.europa.eu/esco/skill/199f7919-5114-41b6-b6a5-41e0e4896ec1', 'http://data.europa.eu/esco/skill/6d3edede-8951-4621-a835-e04323300fa0', 'http://data.europa.eu/esco/skill/adc6dc11-3376-467b-96c5-9b0a21edc869', 'http://data.europa.eu/esco/skill/b6581960-e4b6-41e3-b87c-069372b88b6c']","['http://data.europa.eu/esco/occupation/0f5cc4eb-925d-4b99-be6d-b0964a253a9a', 'http://data.europa.eu/esco/occupation/81a1e1f5-cce3-444d-bfc3-9771236d57cd', 'http://data.europa.eu/esco/occupation/e047b8f5-9491-4da2-8816-7aa37ad2370d', 'http://data.europa.eu/esco/isco/C214', 'http://data.europa.eu/esco/isco/C3115']"
