id,title,detected_microskills,detected_categories,detected_microskills_count
100,Administrative Services Staff Member,"[""Οργάνωση ψηφιακού χώρου εργασίας"", ""Διαχείριση χρόνου""]","[""Διαχείριση Δεδομένων και Πληροφορίας"", ""Προσωπική Διαχείριση""]",2
231,PURCHASING ADMINISTRATOR,"[""Σύνταξη επαγγελματικών email"", ""Σαφής και συνοπτική επικοινωνία"", ""Διαχείριση χρόνου"", ""Διαχείριση προσοχής και συγκέντρωσης""]","[""Ψηφιακή Παραγωγικότητα και ΤΝ"", ""Επαγγελματική Επικοινωνία"", ""Προσωπική Διαχείριση""]",4
250,Database Administrator (Hybrid),"[""Αυτοματοποίηση επαναλαμβανόμενων εργασιών"", ""Οργάνωση ψηφιακού χώρου εργασίας"", ""Διαχείριση χρόνου"", ""Ανάλυση χρονοδιαγραμμάτων έργου"", ""Ανάλυση προτύπων εγγράφων"", ""Ανάλυση σφαλμάτων κώδικα"", ""Ανάλυση αναγκών stakeholders"", ""Ανάλυση αιτημάτων αλλαγής"", ""Οργάνωση χρονοδιαγραμμάτων έργου"", ""Οργάνωση προτύπων εγγράφων"", ""Οργάνωση σφαλμάτων κώδικα"", ""Οργάνωση αναγκών stakeholders"", ""Οργάνωση αιτημάτων αλλαγής"", ""Διαχείριση χρονοδιαγραμμάτων έργου"", ""Διαχείριση προτύπων εγγράφων"", ""Διαχείριση σφαλμάτων κώδικα"", ""Διαχείριση αναγκών stakeholders"", ""Διαχείριση αιτημάτων αλλαγής"", ""Παρακολούθηση χρονοδιαγραμμάτων έργου"", ""Παρακολούθηση προτύπων εγγράφων"", ""Παρακολούθηση σφαλμάτων κώδικα"", ""Παρακολούθηση αναγκών stakeholders"", ""Παρακολούθηση αιτημάτων αλλαγής"", ""Αξιολόγηση χρονοδιαγραμμάτων έργου"", ""Αξιολόγηση προτύπων εγγράφων"", ""Αξιολόγηση σφαλμάτων κώδικα"", ""Αξιολόγηση αναγκών stakeholders"", ""Αξιολόγηση αιτημάτων αλλαγής"", ""Τεκμηρίωση χρονοδιαγραμμάτων έργου"", ""Τεκμηρίωση προτύπων εγγράφων"", ""Τεκμηρίωση σφαλμάτων κώδικα"", ""Τεκμηρίωση αναγκών stakeholders"", ""Τεκμηρίωση αιτημάτων αλλαγής"", ""Βελτίωση χρονοδιαγραμμάτων έργου"", ""Βελτίωση προτύπων εγγράφων"", ""Βελτίωση σφαλμάτων κώδικα"", ""Βελτίωση αναγκών stakeholders"", ""Βελτίωση αιτημάτων αλλαγής"", ""Συντονισμός χρονοδιαγραμμάτων έργου"", ""Συντονισμός προτύπων εγγράφων"", ""Συντονισμός σφαλμάτων κώδικα"", ""Συντονισμός αναγκών stakeholders"", ""Συντονισμός αιτημάτων αλλαγής"", ""Έλεγχος χρονοδιαγραμμάτων έργου"", ""Έλεγχος προτύπων εγγράφων"", ""Έλεγχος σφαλμάτων κώδικα"", ""Έλεγχος αναγκών stakeholders"", ""Έλεγχος αιτημάτων αλλαγής"", ""Προτεραιοποίηση χρονοδιαγραμμάτων έργου"", ""Προτεραιοποίηση προτύπων εγγράφων"", ""Προτεραιοποίηση σφαλμάτων κώδικα"", ""Προτεραιοποίηση αναγκών stakeholders"", ""Προτεραιοποίηση αιτημάτων αλλαγής""]","[""Ψηφιακή Παραγωγικότητα και ΤΝ"", ""Διαχείριση Δεδομένων και Πληροφορίας"", ""Προσωπική Διαχείριση"", ""Διοικητική Υποστήριξη"", ""Ομαδική Συνεργασία"", ""Επαγγελματική Επικοινωνία"", ""Ποιότητα και Συμμόρφωση"", ""Τεχνικές και Ψηφιακές Δεξιότητες""]",53
271,Database Administrator (DBA),"[""Οργάνωση ψηφιακού χώρου εργασίας"", ""Διαχείριση χρόνου"", ""Ανάλυση χρονοδιαγραμμάτων έργου"", ""Ανάλυση προτύπων εγγράφων"", ""Ανάλυση σφαλμάτων κώδικα"", ""Ανάλυση αναγκών stakeholders"", ""Ανάλυση αιτημάτων αλλαγής"", ""Οργάνωση χρονοδιαγραμμάτων έργου"", ""Οργάνωση προτύπων εγγράφων"", ""Οργάνωση σφαλμάτων κώδικα"", ""Οργάνωση αναγκών stakeholders"", ""Οργάνωση αιτημάτων αλλαγής"", ""Διαχείριση χρονοδιαγραμμάτων έργου"", ""Διαχείριση προτύπων εγγράφων"", ""Διαχείριση σφαλμάτων κώδικα"", ""Διαχείριση αναγκών stakeholders"", ""Διαχείριση αιτημάτων αλλαγής"", ""Παρακολούθηση χρονοδιαγραμμάτων έργου"", ""Παρακολούθηση προτύπων εγγράφων"", ""Παρακολούθηση σφαλμάτων κώδικα"", ""Παρακολούθηση αναγκών stakeholders"", ""Παρακολούθηση αιτημάτων αλλαγής"", ""Αξιολόγηση χρονοδιαγραμμάτων έργου"", ""Αξιολόγηση προτύπων εγγράφων"", ""Αξιολόγηση σφαλμάτων κώδικα"", ""Αξιολόγηση αναγκών stakeholders"", ""Αξιολόγηση αιτημάτων αλλαγής"", ""Τεκμηρίωση χρονοδιαγραμμάτων έργου"", ""Τεκμηρίωση προτύπων εγγράφων"", ""Τεκμηρίωση σφαλμάτων κώδικα"", ""Τεκμηρίωση αναγκών stakeholders"", ""Τεκμηρίωση αιτημάτων αλλαγής"", ""Βελτίωση χρονοδιαγραμμάτων έργου"", ""Βελτίωση προτύπων εγγράφων"", ""Βελτίωση σφαλμάτων κώδικα"", ""Βελτίωση αναγκών stakeholders"", ""Βελτίωση αιτημάτων αλλαγής"", ""Συντονισμός χρονοδιαγραμμάτων έργου"", ""Συντονισμός προτύπων εγγράφων"", ""Συντονισμός σφαλμάτων κώδικα"", ""Συντονισμός αναγκών stakeholders"", ""Συντονισμός αιτημάτων αλλαγής"", ""Έλεγχος χρονοδιαγραμμάτων έργου"", ""Έλεγχος προτύπων εγγράφων"", ""Έλεγχος σφαλμάτων κώδικα"", ""Έλεγχος αναγκών stakeholders"", ""Έλεγχος αιτημάτων αλλαγής"", ""Προτεραιοποίηση χρονοδιαγραμμάτων έργου"", ""Προτεραιοποίηση προτύπων εγγράφων"", ""Προτεραιοποίηση σφαλμάτων κώδικα"", ""Προτεραιοποίηση αναγκών stakeholders"", ""Προτεραιοποίηση αιτημάτων αλλαγής""]","[""Διαχείριση Δεδομένων και Πληροφορίας"", ""Προσωπική Διαχείριση"", ""Διοικητική Υποστήριξη"", ""Ομαδική Συνεργασία"", ""Επαγγελματική Επικοινωνία"", ""Ποιότητα και Συμμόρφωση"", ""Τεχνικές και Ψηφιακές Δεξιότητες""]",52
756,ERP Administrator - ERP Software Support,"[""Οργάνωση ψηφιακού χώρου εργασίας""]","[""Διαχείριση Δεδομένων και Πληροφορίας""]",1
859,Junior IT Administrator,"[""Διαχείριση προσοχής και συγκέντρωσης"", ""Ανάλυση χρονοδιαγραμμάτων έργου"", ""Ανάλυση προτύπων εγγράφων"", ""Ανάλυση σφαλμάτων κώδικα"", ""Ανάλυση αναγκών stakeholders"", ""Ανάλυση αιτημάτων αλλαγής"", ""Οργάνωση χρονοδιαγραμμάτων έργου"", ""Οργάνωση προτύπων εγγράφων"", ""Οργάνωση σφαλμάτων κώδικα"", ""Οργάνωση αναγκών stakeholders"", ""Οργάνωση αιτημάτων αλλαγής"", ""Διαχείριση χρονοδιαγραμμάτων έργου"", ""Διαχείριση προτύπων εγγράφων"", ""Διαχείριση σφαλμάτων κώδικα"", ""Διαχείριση αναγκών stakeholders"", ""Διαχείριση αιτημάτων αλλαγής"", ""Παρακολούθηση χρονοδιαγραμμάτων έργου"", ""Παρακολούθηση προτύπων εγγράφων"", ""Παρακολούθηση σφαλμάτων κώδικα"", ""Παρακολούθηση αναγκών stakeholders"", ""Παρακολούθηση αιτημάτων αλλαγής"", ""Αξιολόγηση χρονοδιαγραμμάτων έργου"", ""Αξιολόγηση προτύπων εγγράφων"", ""Αξιολόγηση σφαλμάτων κώδικα"", ""Αξιολόγηση αναγκών stakeholders"", ""Αξιολόγηση αιτημάτων αλλαγής"", ""Τεκμηρίωση χρονοδιαγραμμάτων έργου"", ""Τεκμηρίωση προτύπων εγγράφων"", ""Τεκμηρίωση σφαλμάτων κώδικα"", ""Τεκμηρίωση αναγκών stakeholders"", ""Τεκμηρίωση αιτημάτων αλλαγής"", ""Βελτίωση χρονοδιαγραμμάτων έργου"", ""Βελτίωση προτύπων εγγράφων"", ""Βελτίωση σφαλμάτων κώδικα"", ""Βελτίωση αναγκών stakeholders"", ""Βελτίωση αιτημάτων αλλαγής"", ""Συντονισμός χρονοδιαγραμμάτων έργου"", ""Συντονισμός προτύπων εγγράφων"", ""Συντονισμός σφαλμάτων κώδικα"", ""Συντονισμός αναγκών stakeholders"", ""Συντονισμός αιτημάτων αλλαγής"", ""Έλεγχος χρονοδιαγραμμάτων έργου"", ""Έλεγχος προτύπων εγγράφων"", ""Έλεγχος σφαλμάτων κώδικα"", ""Έλεγχος αναγκών stakeholders"", ""Έλεγχος αιτημάτων αλλαγής"", ""Προτεραιοποίηση χρονοδιαγραμμάτων έργου"", ""Προτεραιοποίηση προτύπων εγγράφων"", ""Προτεραιοποίηση σφαλμάτων κώδικα"", ""Προτεραιοποίηση αναγκών stakeholders"", ""Προτεραιοποίηση αιτημάτων αλλαγής""]","[""Προσωπική Διαχείριση"", ""Διοικητική Υποστήριξη"", ""Ομαδική Συνεργασία"", ""Διαχείριση Δεδομένων και Πληροφορίας"", ""Επαγγελματική Επικοινωνία"", ""Ποιότητα και Συμμόρφωση"", ""Τεχνικές και Ψηφιακές Δεξιότητες""]",51
915,eCommerce Administrator - Marketing Assistant,"[""Σύνταξη επαγγελματικών email"", ""Σαφής και συνοπτική επικοινωνία"", ""Διαχείριση χρόνου""]","[""Ψηφιακή Παραγωγικότητα και ΤΝ"", ""Επαγγελματική Επικοινωνία"", ""Προσωπική Διαχείριση""]",3
1021,TRANSPORT ADMINISTRATOR,"[""Σαφής και συνοπτική επικοινωνία"", ""Διαχείριση χρόνου""]","[""Επαγγελματική Επικοινωνία"", ""Προσωπική Διαχείριση""]",2
1128,Junior System Administrator,[],[],0
1140,Senior Database Administrator,"[""Αυτοματοποίηση επαναλαμβανόμενων εργασιών"", ""Διαχείριση προσοχής και συγκέντρωσης""]","[""Ψηφιακή Παραγωγικότητα και ΤΝ"", ""Προσωπική Διαχείριση""]",2
1142,IT Specialist,[],[],0
1188,SOC–Security Incidents Administrator,"[""Σαφής και συνοπτική επικοινωνία"", ""Αυτοματοποίηση επαναλαμβανόμενων εργασιών""]","[""Επαγγελματική Επικοινωνία"", ""Ψηφιακή Παραγωγικότητα και ΤΝ""]",2
1464,FTTH Back Office Administrator,"[""Σαφής και συνοπτική επικοινωνία"", ""Διαχείριση χρόνου"", ""Ανάλυση χρονοδιαγραμμάτων έργου"", ""Ανάλυση προτύπων εγγράφων"", ""Ανάλυση σφαλμάτων κώδικα"", ""Ανάλυση αναγκών stakeholders"", ""Ανάλυση αιτημάτων αλλαγής"", ""Οργάνωση χρονοδιαγραμμάτων έργου"", ""Οργάνωση προτύπων εγγράφων"", ""Οργάνωση σφαλμάτων κώδικα"", ""Οργάνωση αναγκών stakeholders"", ""Οργάνωση αιτημάτων αλλαγής"", ""Διαχείριση χρονοδιαγραμμάτων έργου"", ""Διαχείριση προτύπων εγγράφων"", ""Διαχείριση σφαλμάτων κώδικα"", ""Διαχείριση αναγκών stakeholders"", ""Διαχείριση αιτημάτων αλλαγής"", ""Παρακολούθηση χρονοδιαγραμμάτων έργου"", ""Παρακολούθηση προτύπων εγγράφων"", ""Παρακολούθηση σφαλμάτων κώδικα"", ""Παρακολούθηση αναγκών stakeholders"", ""Παρακολούθηση αιτημάτων αλλαγής"", ""Αξιολόγηση χρονοδιαγραμμάτων έργου"", ""Αξιολόγηση προτύπων εγγράφων"", ""Αξιολόγηση σφαλμάτων κώδικα"", ""Αξιολόγηση αναγκών stakeholders"", ""Αξιολόγηση αιτημάτων αλλαγής"", ""Τεκμηρίωση χρονοδιαγραμμάτων έργου"", ""Τεκμηρίωση προτύπων εγγράφων"", ""Τεκμηρίωση σφαλμάτων κώδικα"", ""Τεκμηρίωση αναγκών stakeholders"", ""Τεκμηρίωση αιτημάτων αλλαγής"", ""Βελτίωση χρονοδιαγραμμάτων έργου"", ""Βελτίωση προτύπων εγγράφων"", ""Βελτίωση σφαλμάτων κώδικα"", ""Βελτίωση αναγκών stakeholders"", ""Βελτίωση αιτημάτων αλλαγής"", ""Συντονισμός χρονοδιαγραμμάτων έργου"", ""Συντονισμός προτύπων εγγράφων"", ""Συντονισμός σφαλμάτων κώδικα"", ""Συντονισμός αναγκών stakeholders"", ""Συντονισμός αιτημάτων αλλαγής"", ""Έλεγχος χρονοδιαγραμμάτων έργου"", ""Έλεγχος προτύπων εγγράφων"", ""Έλεγχος σφαλμάτων κώδικα"", ""Έλεγχος αναγκών stakeholders"", ""Έλεγχος αιτημάτων αλλαγής"", ""Προτεραιοποίηση χρονοδιαγραμμάτων έργου"", ""Προτεραιοποίηση προτύπων εγγράφων"", ""Προτεραιοποίηση σφαλμάτων κώδικα"", ""Προτεραιοποίηση αναγκών stakeholders"", ""Προτεραιοποίηση αιτημάτων αλλαγής""]","[""Επαγγελματική Επικοινωνία"", ""Προσωπική Διαχείριση"", ""Διοικητική Υποστήριξη"", ""Ομαδική Συνεργασία"", ""Διαχείριση Δεδομένων και Πληροφορίας"", ""Ποιότητα και Συμμόρφωση"", ""Τεχνικές και Ψηφιακές Δεξιότητες""]",52
1641,Operations Administrator,"[""Οργάνωση ψηφιακού χώρου εργασίας"", ""Διαχείριση χρόνου"", ""Διαχείριση προσοχής και συγκέντρωσης""]","[""Διαχείριση Δεδομένων και Πληροφορίας"", ""Προσωπική Διαχείριση""]",3
1857,Senior Salesforce Consultant,"[""Σαφής και συνοπτική επικοινωνία"", ""Αυτοματοποίηση επαναλαμβανόμενων εργασιών"", ""Διαχείριση προσοχής και συγκέντρωσης""]","[""Επαγγελματική Επικοινωνία"", ""Ψηφιακή Παραγωγικότητα και ΤΝ"", ""Προσωπική Διαχείριση""]",3
2075,E-Shop Picker/Packer,"[""Σαφής και συνοπτική επικοινωνία""]","[""Επαγγελματική Επικοινωνία""]",1
2086,HEAD OFFICE ADMINISTRATOR,"[""Σύνταξη επαγγελματικών email"", ""Οργάνωση ψηφιακού χώρου εργασίας"", ""Διαχείριση χρόνου"", ""Ανάλυση χρονοδιαγραμμάτων έργου"", ""Ανάλυση προτύπων εγγράφων"", ""Ανάλυση σφαλμάτων κώδικα"", ""Ανάλυση αναγκών stakeholders"", ""Ανάλυση αιτημάτων αλλαγής"", ""Οργάνωση χρονοδιαγραμμάτων έργου"", ""Οργάνωση προτύπων εγγράφων"", ""Οργάνωση σφαλμάτων κώδικα"", ""Οργάνωση αναγκών stakeholders"", ""Οργάνωση αιτημάτων αλλαγής"", ""Διαχείριση χρονοδιαγραμμάτων έργου"", ""Διαχείριση προτύπων εγγράφων"", ""Διαχείριση σφαλμάτων κώδικα"", ""Διαχείριση αναγκών stakeholders"", ""Διαχείριση αιτημάτων αλλαγής"", ""Παρακολούθηση χρονοδιαγραμμάτων έργου"", ""Παρακολούθηση προτύπων εγγράφων"", ""Παρακολούθηση σφαλμάτων κώδικα"", ""Παρακολούθηση αναγκών stakeholders"", ""Παρακολούθηση αιτημάτων αλλαγής"", ""Αξιολόγηση χρονοδιαγραμμάτων έργου"", ""Αξιολόγηση προτύπων εγγράφων"", ""Αξιολόγηση σφαλμάτων κώδικα"", ""Αξιολόγηση αναγκών stakeholders"", ""Αξιολόγηση αιτημάτων αλλαγής"", ""Τεκμηρίωση χρονοδιαγραμμάτων έργου"", ""Τεκμηρίωση προτύπων εγγράφων"", ""Τεκμηρίωση σφαλμάτων κώδικα"", ""Τεκμηρίωση αναγκών stakeholders"", ""Τεκμηρίωση αιτημάτων αλλαγής"", ""Βελτίωση χρονοδιαγραμμάτων έργου"", ""Βελτίωση προτύπων εγγράφων"", ""Βελτίωση σφαλμάτων κώδικα"", ""Βελτίωση αναγκών stakeholders"", ""Βελτίωση αιτημάτων αλλαγής"", ""Συντονισμός χρονοδιαγραμμάτων έργου"", ""Συντονισμός προτύπων εγγράφων"", ""Συντονισμός σφαλμάτων κώδικα"", ""Συντονισμός αναγκών stakeholders"", ""Συντονισμός αιτημάτων αλλαγής"", ""Έλεγχος χρονοδιαγραμμάτων έργου"", ""Έλεγχος προτύπων εγγράφων"", ""Έλεγχος σφαλμάτων κώδικα"", ""Έλεγχος αναγκών stakeholders"", ""Έλεγχος αιτημάτων αλλαγής"", ""Προτεραιοποίηση χρονοδιαγραμμάτων έργου"", ""Προτεραιοποίηση προτύπων εγγράφων"", ""Προτεραιοποίηση σφαλμάτων κώδικα"", ""Προτεραιοποίηση αναγκών stakeholders"", ""Προτεραιοποίηση αιτημάτων αλλαγής""]","[""Ψηφιακή Παραγωγικότητα και ΤΝ"", ""Διαχείριση Δεδομένων και Πληροφορίας"", ""Προσωπική Διαχείριση"", ""Διοικητική Υποστήριξη"", ""Ομαδική Συνεργασία"", ""Επαγγελματική Επικοινωνία"", ""Ποιότητα και Συμμόρφωση"", ""Τεχνικές και Ψηφιακές Δεξιότητες""]",53
2101,"Senior Associate, Web & Social Channel Management","[""Σύνταξη επαγγελματικών email"", ""Σαφής και συνοπτική επικοινωνία"", ""Διαχείριση χρόνου"", ""Διαχείριση προσοχής και συγκέντρωσης""]","[""Ψηφιακή Παραγωγικότητα και ΤΝ"", ""Επαγγελματική Επικοινωνία"", ""Προσωπική Διαχείριση""]",4
2128,Clinical Trials Administrator,"[""Σαφής και συνοπτική επικοινωνία"", ""Διαχείριση χρόνου"", ""Διαχείριση προσοχής και συγκέντρωσης""]","[""Επαγγελματική Επικοινωνία"", ""Προσωπική Διαχείριση""]",3
2222,Competitions Administrator,[],[],0
2300,Internal Sales Administrator,"[""Οργάνωση ψηφιακού χώρου εργασίας""]","[""Διαχείριση Δεδομένων και Πληροφορίας""]",1
2397,IT Systems Administrator / DevOPS (IT2024B),"[""Σύνταξη επαγγελματικών email"", ""Σαφής και συνοπτική επικοινωνία"", ""Οργάνωση ψηφιακού χώρου εργασίας"", ""Διαχείριση χρόνου"", ""Διαχείριση προσοχής και συγκέντρωσης"", ""Ανάλυση επαγγελματικής αλληλογραφίας"", ""Ανάλυση ερωτημάτων υποστήριξης"", ""Ανάλυση δεδομένων αγοράς"", ""Ανάλυση γραφημάτων δεδομένων"", ""Ανάλυση ελέγχων συμμόρφωσης"", ""Οργάνωση επαγγελματικής αλληλογραφίας"", ""Οργάνωση ερωτημάτων υποστήριξης"", ""Οργάνωση δεδομένων αγοράς"", ""Οργάνωση γραφημάτων δεδομένων"", ""Οργάνωση ελέγχων συμμόρφωσης"", ""Διαχείριση επαγγελματικής αλληλογραφίας"", ""Διαχείριση ερωτημάτων υποστήριξης"", ""Διαχείριση δεδομένων αγοράς"", ""Διαχείριση γραφημάτων δεδομένων"", ""Διαχείριση ελέγχων συμμόρφωσης"", ""Παρακολούθηση επαγγελματικής αλληλογραφίας"", ""Παρακολούθηση ερωτημάτων υποστήριξης"", ""Παρακολούθηση δεδομένων αγοράς"", ""Παρακολούθηση γραφημάτων δεδομένων"", ""Παρακολούθηση ελέγχων συμμόρφωσης"", ""Αξιολόγηση επαγγελματικής αλληλογραφίας"", ""Αξιολόγηση ερωτημάτων υποστήριξης"", ""Αξιολόγηση δεδομένων αγοράς"", ""Αξιολόγηση γραφημάτων δεδομένων"", ""Αξιολόγηση ελέγχων συμμόρφωσης"", ""Τεκμηρίωση επαγγελματικής αλληλογραφίας"", ""Τεκμηρίωση ερωτημάτων υποστήριξης"", ""Τεκμηρίωση δεδομένων αγοράς"", ""Τεκμηρίωση γραφημάτων δεδομένων"", ""Τεκμηρίωση ελέγχων συμμόρφωσης"", ""Βελτίωση επαγγελματικής αλληλογραφίας"", ""Βελτίωση ερωτημάτων υποστήριξης"", ""Βελτίωση δεδομένων αγοράς"", ""Βελτίωση γραφημάτων δεδομένων"", ""Βελτίωση ελέγχων συμμόρφωσης"", ""Συντονισμός επαγγελματικής αλληλογραφίας"", ""Συντονισμός ερωτημάτων υποστήριξης"", ""Συντονισμός δεδομένων αγοράς"", ""Συντονισμός γραφημάτων δεδομένων"", ""Συντονισμός ελέγχων συμμόρφωσης"", ""Έλεγχος επαγγελματικής αλληλογραφίας"", ""Έλεγχος ερωτημάτων υποστήριξης"", ""Έλεγχος δεδομένων αγοράς"", ""Έλεγχος γραφημάτων δεδομένων"", ""Έλεγχος ελέγχων συμμόρφωσης"", ""Προτεραιοποίηση επαγγελματικής αλληλογραφίας"", ""Προτεραιοποίηση ερωτημάτων υποστήριξης"", ""Προτεραιοποίηση δεδομένων αγοράς"", ""Προτεραιοποίηση γραφημάτων δεδομένων"", ""Προτεραιοποίηση ελέγχων συμμόρφωσης""]","[""Ψηφιακή Παραγωγικότητα και ΤΝ"", ""Επαγγελματική Επικοινωνία"", ""Διαχείριση Δεδομένων και Πληροφορίας"", ""Προσωπική Διαχείριση"", ""Ποιότητα και Συμμόρφωση"", ""Τεχνικές και Ψηφιακές Δεξιότητες"", ""Διοικητική Υποστήριξη"", ""Ομαδική Συνεργασία""]",55
2476,Junior Supply Chain Administrator,"[""Σαφής και συνοπτική επικοινωνία"", ""Διαχείριση χρόνου""]","[""Επαγγελματική Επικοινωνία"", ""Προσωπική Διαχείριση""]",2
2499,IT Systems Administrator - Technician,"[""Σαφής και συνοπτική επικοινωνία""]","[""Επαγγελματική Επικοινωνία""]",1
2523,CRM & Loyalty Administrator,"[""Σαφής και συνοπτική επικοινωνία"", ""Διαχείριση χρόνου""]","[""Επαγγελματική Επικοινωνία"", ""Προσωπική Διαχείριση""]",2
2605,BMC Consultant,"[""Επιβεβαίωση οδηγιών και απαιτήσεων""]","[""Επαγγελματική Επικοινωνία""]",1
2623,Customer Service Administrator - INSCREEN S.A,"[""Σύνταξη επαγγελματικών email"", ""Σαφής και συνοπτική επικοινωνία""]","[""Ψηφιακή Παραγωγικότητα και ΤΝ"", ""Επαγγελματική Επικοινωνία""]",2
2815,E-commerce specialist - Bόλος - On site,[],[],0
2871,Technical Support Administrator,"[""Σαφής και συνοπτική επικοινωνία"", ""Διαχείριση χρόνου""]","[""Επαγγελματική Επικοινωνία"", ""Προσωπική Διαχείριση""]",2
3058,Sales Operations Administrator,"[""Σαφής και συνοπτική επικοινωνία""]","[""Επαγγελματική Επικοινωνία""]",1
32,FINANCIAL AND COMMERCIAL DEPARTMENT EXECUTIVE - FINANCIAL PROJECT ANALYST,"[""Διαχείριση χρόνου"", ""Διαχείριση προσοχής και συγκέντρωσης""]","[""Προσωπική Διαχείριση""]",2
66,Payments Risk Operations Specialist,"[""Σύνταξη επαγγελματικών email"", ""Σαφής και συνοπτική επικοινωνία"", ""Διαχείριση χρόνου"", ""Ανάλυση αιτημάτων πελατών"", ""Ανάλυση λειτουργικών οδηγιών"", ""Ανάλυση λιστών επαφών"", ""Ανάλυση παρουσιάσεων"", ""Ανάλυση σχολίων αξιολόγησης"", ""Οργάνωση αιτημάτων πελατών"", ""Οργάνωση λειτουργικών οδηγιών"", ""Οργάνωση λιστών επαφών"", ""Οργάνωση παρουσιάσεων"", ""Οργάνωση σχολίων αξιολόγησης"", ""Διαχείριση αιτημάτων πελατών"", ""Διαχείριση λειτουργικών οδηγιών"", ""Διαχείριση λιστών επαφών"", ""Διαχείριση παρουσιάσεων"", ""Διαχείριση σχολίων αξιολόγησης"", ""Παρακολούθηση αιτημάτων πελατών"", ""Παρακολούθηση λειτουργικών οδηγιών"", ""Παρακολούθηση λιστών επαφών"", ""Παρακολούθηση παρουσιάσεων"", ""Παρακολούθηση σχολίων αξιολόγησης"", ""Αξιολόγηση αιτημάτων πελατών"", ""Αξιολόγηση λειτουργικών οδηγιών"", ""Αξιολόγηση λιστών επαφών"", ""Αξιολόγηση παρουσιάσεων"", ""Αξιολόγηση σχολίων αξιολόγησης"", ""Τεκμηρίωση αιτημάτων πελατών"", ""Τεκμηρίωση λειτουργικών οδηγιών"", ""Τεκμηρίωση λιστών επαφών"", ""Τεκμηρίωση παρουσιάσεων"", ""Τεκμηρίωση σχολίων αξιολόγησης"", ""Βελτίωση αιτημάτων πελατών"", ""Βελτίωση λειτουργικών οδηγιών"", ""Βελτίωση λιστών επαφών"", ""Βελτίωση παρουσιάσεων"", ""Βελτίωση σχολίων αξιολόγησης"", ""Συντονισμός αιτημάτων πελατών"", ""Συντονισμός λειτουργικών οδηγιών"", ""Συντονισμός λιστών επαφών"", ""Συντονισμός παρουσιάσεων"", ""Συντονισμός σχολίων αξιολόγησης"", ""Έλεγχος αιτημάτων πελατών"", ""Έλεγχος λειτουργικών οδηγιών"", ""Έλεγχος λιστών επαφών"", ""Έλεγχος παρουσιάσεων"", ""Έλεγχος σχολίων αξιολόγησης"", ""Προτεραιοποίηση αιτημάτων πελατών"", ""Προτεραιοποίηση λειτουργικών οδηγιών"", ""Προτεραιοποίηση λιστών επαφών"", ""Προτεραιοποίηση παρουσιάσεων"", ""Προτεραιοποίηση σχολίων αξιολόγησης""]","[""Ψηφιακή Παραγωγικότητα και ΤΝ"", ""Επαγγελματική Επικοινωνία"", ""Προσωπική Διαχείριση"", ""Μάθηση και Προσαρμοστικότητα"", ""Διαχείριση Έργων"", ""Ανάλυση και Επίλυση Προβλημάτων"", ""Εξυπηρέτηση Πελατών""]",53
119,PRODUCT MANAGER DATA ANALYST,"[""Σαφής και συνοπτική επικοινωνία"", ""Αποτελεσματική αναζήτηση στο διαδίκτυο"", ""Διαχείριση χρόνου"", ""Ανάλυση χρονοδιαγραμμάτων έργου"", ""Ανάλυση προτύπων εγγράφων"", ""Ανάλυση σφαλμάτων κώδικα"", ""Ανάλυση αναγκών stakeholders"", ""Ανάλυση αιτημάτων αλλαγής"", ""Οργάνωση χρονοδιαγραμμάτων έργου"", ""Οργάνωση προτύπων εγγράφων"", ""Οργάνωση σφαλμάτων κώδικα"", ""Οργάνωση αναγκών stakeholders"", ""Οργάνωση αιτημάτων αλλαγής"", ""Διαχείριση χρονοδιαγραμμάτων έργου"", ""Διαχείριση προτύπων εγγράφων"", ""Διαχείριση σφαλμάτων κώδικα"", ""Διαχείριση αναγκών stakeholders"", ""Διαχείριση αιτημάτων αλλαγής"", ""Παρακολούθηση χρονοδιαγραμμάτων έργου"", ""Παρακολούθηση προτύπων εγγράφων"", ""Παρακολούθηση σφαλμάτων κώδικα"", ""Παρακολούθηση αναγκών stakeholders"", ""Παρακολούθηση αιτημάτων αλλαγής"", ""Αξιολόγηση χρονοδιαγραμμάτων έργου"", ""Αξιολόγηση προτύπων εγγράφων"", ""Αξιολόγηση σφαλμάτων κώδικα"", ""Αξιολόγηση αναγκών stakeholders"", ""Αξιολόγηση αιτημάτων αλλαγής"", ""Τεκμηρίωση χρονοδιαγραμμάτων έργου"", ""Τεκμηρίωση προτύπων εγγράφων"", ""Τεκμηρίωση σφαλμάτων κώδικα"", ""Τεκμηρίωση αναγκών stakeholders"", ""Τεκμηρίωση αιτημάτων αλλαγής"", ""Βελτίωση χρονοδιαγραμμάτων έργου"", ""Βελτίωση προτύπων εγγράφων"", ""Βελτίωση σφαλμάτων κώδικα"", ""Βελτίωση αναγκών stakeholders"", ""Βελτίωση αιτημάτων αλλαγής"", ""Συντονισμός χρονοδιαγραμμάτων έργου"", ""Συντονισμός προτύπων εγγράφων"", ""Συντονισμός σφαλμάτων κώδικα"", ""Συντονισμός αναγκών stakeholders"", ""Συντονισμός αιτημάτων αλλαγής"", ""Έλεγχος χρονοδιαγραμμάτων έργου"", ""Έλεγχος προτύπων εγγράφων"", ""Έλεγχος σφαλμάτων κώδικα"", ""Έλεγχος αναγκών stakeholders"", ""Έλεγχος αιτημάτων αλλαγής"", ""Προτεραιοποίηση χρονοδιαγραμμάτων έργου"", ""Προτεραιοποίηση προτύπων εγγράφων"", ""Προτεραιοποίηση σφαλμάτων κώδικα"", ""Προτεραιοποίηση αναγκών stakeholders"", ""Προτεραιοποίηση αιτημάτων αλλαγής""]","[""Επαγγελματική Επικοινωνία"", ""Διαχείριση Δεδομένων και Πληροφορίας"", ""Προσωπική Διαχείριση"", ""Διοικητική Υποστήριξη"", ""Ομαδική Συνεργασία"", ""Ποιότητα και Συμμόρφωση"", ""Τεχνικές και Ψηφιακές Δεξιότητες""]",53
234,Junior Revenue Analyst - Oia Santorini,"[""Διαχείριση χρόνου"", ""Διαχείριση προσοχής και συγκέντρωσης""]","[""Προσωπική Διαχείριση""]",2
259,Financial Project Analyst,"[""Διαχείριση χρόνου""]","[""Προσωπική Διαχείριση""]",1
285,Senior Business Analyst,"[""Σαφής και συνοπτική επικοινωνία"", ""Διαχείριση χρόνου"", ""Επιβεβαίωση οδηγιών και απαιτήσεων""]","[""Επαγγελματική Επικοινωνία"", ""Προσωπική Διαχείριση""]",3
360,"Central Monitor Data Analyst, Senior Associate- Risk Based Monitoring","[""Σύνταξη επαγγελματικών email"", ""Σαφής και συνοπτική επικοινωνία""]","[""Ψηφιακή Παραγωγικότητα και ΤΝ"", ""Επαγγελματική Επικοινωνία""]",2
367,Software Development Business Analyst (e-Health &  e-Government Sector) Athens,"[""Σαφής και συνοπτική επικοινωνία"", ""Διαχείριση χρόνου"", ""Διαχείριση προσοχής και συγκέντρωσης""]","[""Επαγγελματική Επικοινωνία"", ""Προσωπική Διαχείριση""]",3
369,Software Development Business Analyst (e-Health &  e-Government Sector) Thessaloniki,"[""Σαφής και συνοπτική επικοινωνία"", ""Διαχείριση χρόνου"", ""Διαχείριση προσοχής και συγκέντρωσης""]","[""Επαγγελματική Επικοινωνία"", ""Προσωπική Διαχείριση""]",3
372,"Central Monitor Data Analyst, Senior Associate- Risk Based Monitoring","[""Σύνταξη επαγγελματικών email"", ""Σαφής και συνοπτική επικοινωνία""]","[""Ψηφιακή Παραγωγικότητα και ΤΝ"", ""Επαγγελματική Επικοινωνία""]",2
387,Application Support & QA Analyst (e-Health & e-Government Sector) Thessaloniki,"[""Σύνταξη επαγγελματικών email"", ""Σαφής και συνοπτική επικοινωνία"", ""Οργάνωση ψηφιακού χώρου εργασίας"", ""Διαχείριση χρόνου"", ""Διαχείριση προσοχής και συγκέντρωσης""]","[""Ψηφιακή Παραγωγικότητα και ΤΝ"", ""Επαγγελματική Επικοινωνία"", ""Διαχείριση Δεδομένων και Πληροφορίας"", ""Προσωπική Διαχείριση""]",5
464,Accountant – Industrial Cost Analyst,"[""Διαχείριση χρόνου""]","[""Προσωπική Διαχείριση""]",1
552,HR Systems Analyst,"[""Σαφής και συνοπτική επικοινωνία"", ""Διαχείριση χρόνου"", ""Διαχείριση προσοχής και συγκέντρωσης""]","[""Επαγγελματική Επικοινωνία"", ""Προσωπική Διαχείριση""]",3
701,Vessel Performance Analyst,"[""Σαφής και συνοπτική επικοινωνία""]","[""Επαγγελματική Επικοινωνία""]",1
741,Business Intelligence and Data Analyst (Atrium Platinum)-Rhodes,"[""Σαφής και συνοπτική επικοινωνία"", ""Διαχείριση χρόνου"", ""Διαχείριση προσοχής και συγκέντρωσης""]","[""Επαγγελματική Επικοινωνία"", ""Προσωπική Διαχείριση""]",3
964,Senior Business Process Management (BPM) Analyst,"[""Διαχείριση χρόνου"", ""Διαχείριση προσοχής και συγκέντρωσης"", ""Ανάλυση επαγγελματικής αλληλογραφίας"", ""Ανάλυση ερωτημάτων υποστήριξης"", ""Ανάλυση δεδομένων αγοράς"", ""Ανάλυση γραφημάτων δεδομένων"", ""Ανάλυση ελέγχων συμμόρφωσης"", ""Οργάνωση επαγγελματικής αλληλογραφίας"", ""Οργάνωση ερωτημάτων υποστήριξης"", ""Οργάνωση δεδομένων αγοράς"", ""Οργάνωση γραφημάτων δεδομένων"", ""Οργάνωση ελέγχων συμμόρφωσης"", ""Διαχείριση επαγγελματικής αλληλογραφίας"", ""Διαχείριση ερωτημάτων υποστήριξης"", ""Διαχείριση δεδομένων αγοράς"", ""Διαχείριση γραφημάτων δεδομένων"", ""Διαχείριση ελέγχων συμμόρφωσης"", ""Παρακολούθηση επαγγελματικής αλληλογραφίας"", ""Παρακολούθηση ερωτημάτων υποστήριξης"", ""Παρακολούθηση δεδομένων αγοράς"", ""Παρακολούθηση γραφημάτων δεδομένων"", ""Παρακολούθηση ελέγχων συμμόρφωσης"", ""Αξιολόγηση επαγγελματικής αλληλογραφίας"", ""Αξιολόγηση ερωτημάτων υποστήριξης"", ""Αξιολόγηση δεδομένων αγοράς"", ""Αξιολόγηση γραφημάτων δεδομένων"", ""Αξιολόγηση ελέγχων συμμόρφωσης"", ""Τεκμηρίωση επαγγελματικής αλληλογραφίας"", ""Τεκμηρίωση ερωτημάτων υποστήριξης"", ""Τεκμηρίωση δεδομένων αγοράς"", ""Τεκμηρίωση γραφημάτων δεδομένων"", ""Τεκμηρίωση ελέγχων συμμόρφωσης"", ""Βελτίωση επαγγελματικής αλληλογραφίας"", ""Βελτίωση ερωτημάτων υποστήριξης"", ""Βελτίωση δεδομένων αγοράς"", ""Βελτίωση γραφημάτων δεδομένων"", ""Βελτίωση ελέγχων συμμόρφωσης"", ""Συντονισμός επαγγελματικής αλληλογραφίας"", ""Συντονισμός ερωτημάτων υποστήριξης"", ""Συντονισμός δεδομένων αγοράς"", ""Συντονισμός γραφημάτων δεδομένων"", ""Συντονισμός ελέγχων συμμόρφωσης"", ""Έλεγχος επαγγελματικής αλληλογραφίας"", ""Έλεγχος ερωτημάτων υποστήριξης"", ""Έλεγχος δεδομένων αγοράς"", ""Έλεγχος γραφημάτων δεδομένων"", ""Έλεγχος ελέγχων συμμόρφωσης"", ""Προτεραιοποίηση επαγγελματικής αλληλογραφίας"", ""Προτεραιοποίηση ερωτημάτων υποστήριξης"", ""Προτεραιοποίηση δεδομένων αγοράς"", ""Προτεραιοποίηση γραφημάτων δεδομένων"", ""Προτεραιοποίηση ελέγχων συμμόρφωσης""]","[""Προσωπική Διαχείριση"", ""Επαγγελματική Επικοινωνία"", ""Ποιότητα και Συμμόρφωση"", ""Τεχνικές και Ψηφιακές Δεξιότητες"", ""Διοικητική Υποστήριξη"", ""Ομαδική Συνεργασία"", ""Διαχείριση Δεδομένων και Πληροφορίας""]",52
1030,Construction Manager,"[""Διαχείριση χρόνου"", ""Διαχείριση προσοχής και συγκέντρωσης""]","[""Προσωπική Διαχείριση""]",2
1075,Workforce Management Analyst,"[""Σαφής και συνοπτική επικοινωνία"", ""Διαχείριση χρόνου"", ""Διαχείριση προσοχής και συγκέντρωσης""]","[""Επαγγελματική Επικοινωνία"", ""Προσωπική Διαχείριση""]",3
1130,IT Operations Business Analyst (Senior),"[""Σαφής και συνοπτική επικοινωνία"", ""Ενεργητική ακρόαση"", ""Διαχείριση χρόνου""]","[""Επαγγελματική Επικοινωνία"", ""Προσωπική Διαχείριση""]",3
1131,IT Operations Business Analyst (Senior),"[""Σαφής και συνοπτική επικοινωνία"", ""Ενεργητική ακρόαση"", ""Διαχείριση χρόνου""]","[""Επαγγελματική Επικοινωνία"", ""Προσωπική Διαχείριση""]",3
1132,IT Business Analyst,"[""Αυτοματοποίηση επαναλαμβανόμενων εργασιών"", ""Επιβεβαίωση οδηγιών και απαιτήσεων""]","[""Ψηφιακή Παραγωγικότητα και ΤΝ"", ""Επαγγελματική Επικοινωνία""]",2
1133,IT Business Analyst,"[""Αυτοματοποίηση επαναλαμβανόμενων εργασιών"", ""Επιβεβαίωση οδηγιών και απαιτήσεων""]","[""Ψηφιακή Παραγωγικότητα και ΤΝ"", ""Επαγγελματική Επικοινωνία""]",2
1134,Career Change to IT Business Analysis,"[""Αυτοματοποίηση επαναλαμβανόμενων εργασιών"", ""Επιβεβαίωση οδηγιών και απαιτήσεων""]","[""Ψηφιακή Παραγωγικότητα και ΤΝ"", ""Επαγγελματική Επικοινωνία""]",2
1135,Career Change to IT Business Analysis,"[""Αυτοματοποίηση επαναλαμβανόμενων εργασιών"", ""Επιβεβαίωση οδηγιών και απαιτήσεων""]","[""Ψηφιακή Παραγωγικότητα και ΤΝ"", ""Επαγγελματική Επικοινωνία""]",2
1179,Financial Business Analyst,"[""Σαφής και συνοπτική επικοινωνία""]","[""Επαγγελματική Επικοινωνία""]",1
1189,Transfer Pricing Analyst,"[""Διαχείριση χρόνου""]","[""Προσωπική Διαχείριση""]",1
1242,Store Business Analyst (IKEA Airport),"[""Σαφής και συνοπτική επικοινωνία"", ""Διαχείριση χρόνου"", ""Διαχείριση προσοχής και συγκέντρωσης"", ""Ανάλυση χρονοδιαγραμμάτων έργου"", ""Ανάλυση προτύπων εγγράφων"", ""Ανάλυση σφαλμάτων κώδικα"", ""Ανάλυση αναγκών stakeholders"", ""Ανάλυση αιτημάτων αλλαγής"", ""Οργάνωση χρονοδιαγραμμάτων έργου"", ""Οργάνωση προτύπων εγγράφων"", ""Οργάνωση σφαλμάτων κώδικα"", ""Οργάνωση αναγκών stakeholders"", ""Οργάνωση αιτημάτων αλλαγής"", ""Διαχείριση χρονοδιαγραμμάτων έργου"", ""Διαχείριση προτύπων εγγράφων"", ""Διαχείριση σφαλμάτων κώδικα"", ""Διαχείριση αναγκών stakeholders"", ""Διαχείριση αιτημάτων αλλαγής"", ""Παρακολούθηση χρονοδιαγραμμάτων έργου"", ""Παρακολούθηση προτύπων εγγράφων"", ""Παρακολούθηση σφαλμάτων κώδικα"", ""Παρακολούθηση αναγκών stakeholders"", ""Παρακολούθηση αιτημάτων αλλαγής"", ""Αξιολόγηση χρονοδιαγραμμάτων έργου"", ""Αξιολόγηση προτύπων εγγράφων"", ""Αξιολόγηση σφαλμάτων κώδικα"", ""Αξιολόγηση αναγκών stakeholders"", ""Αξιολόγηση αιτημάτων αλλαγής"", ""Τεκμηρίωση χρονοδιαγραμμάτων έργου"", ""Τεκμηρίωση προτύπων εγγράφων"", ""Τεκμηρίωση σφαλμάτων κώδικα"", ""Τεκμηρίωση αναγκών stakeholders"", ""Τεκμηρίωση αιτημάτων αλλαγής"", ""Βελτίωση χρονοδιαγραμμάτων έργου"", ""Βελτίωση προτύπων εγγράφων"", ""Βελτίωση σφαλμάτων κώδικα"", ""Βελτίωση αναγκών stakeholders"", ""Βελτίωση αιτημάτων αλλαγής"", ""Συντονισμός χρονοδιαγραμμάτων έργου"", ""Συντονισμός προτύπων εγγράφων"", ""Συντονισμός σφαλμάτων κώδικα"", ""Συντονισμός αναγκών stakeholders"", ""Συντονισμός αιτημάτων αλλαγής"", ""Έλεγχος χρονοδιαγραμμάτων έργου"", ""Έλεγχος προτύπων εγγράφων"", ""Έλεγχος σφαλμάτων κώδικα"", ""Έλεγχος αναγκών stakeholders"", ""Έλεγχος αιτημάτων αλλαγής"", ""Προτεραιοποίηση χρονοδιαγραμμάτων έργου"", ""Προτεραιοποίηση προτύπων εγγράφων"", ""Προτεραιοποίηση σφαλμάτων κώδικα"", ""Προτεραιοποίηση αναγκών stakeholders"", ""Προτεραιοποίηση αιτημάτων αλλαγής""]","[""Επαγγελματική Επικοινωνία"", ""Προσωπική Διαχείριση"", ""Διοικητική Υποστήριξη"", ""Ομαδική Συνεργασία"", ""Διαχείριση Δεδομένων και Πληροφορίας"", ""Ποιότητα και Συμμόρφωση"", ""Τεχνικές και Ψηφιακές Δεξιότητες""]",53
1299,Global O2C Collections Analyst - Italian (12 months fixed term),"[""Σύνταξη επαγγελματικών email"", ""Σαφής και συνοπτική επικοινωνία"", ""Οργάνωση ψηφιακού χώρου εργασίας"", ""Διαχείριση χρόνου"", ""Διαχείριση προσοχής και συγκέντρωσης"", ""Ανάλυση επαγγελματικής αλληλογραφίας"", ""Ανάλυση ερωτημάτων υποστήριξης"", ""Ανάλυση δεδομένων αγοράς"", ""Ανάλυση γραφημάτων δεδομένων"", ""Ανάλυση ελέγχων συμμόρφωσης"", ""Οργάνωση επαγγελματικής αλληλογραφίας"", ""Οργάνωση ερωτημάτων υποστήριξης"", ""Οργάνωση δεδομένων αγοράς"", ""Οργάνωση γραφημάτων δεδομένων"", ""Οργάνωση ελέγχων συμμόρφωσης"", ""Διαχείριση επαγγελματικής αλληλογραφίας"", ""Διαχείριση ερωτημάτων υποστήριξης"", ""Διαχείριση δεδομένων αγοράς"", ""Διαχείριση γραφημάτων δεδομένων"", ""Διαχείριση ελέγχων συμμόρφωσης"", ""Παρακολούθηση επαγγελματικής αλληλογραφίας"", ""Παρακολούθηση ερωτημάτων υποστήριξης"", ""Παρακολούθηση δεδομένων αγοράς"", ""Παρακολούθηση γραφημάτων δεδομένων"", ""Παρακολούθηση ελέγχων συμμόρφωσης"", ""Αξιολόγηση επαγγελματικής αλληλογραφίας"", ""Αξιολόγηση ερωτημάτων υποστήριξης"", ""Αξιολόγηση δεδομένων αγοράς"", ""Αξιολόγηση γραφημάτων δεδομένων"", ""Αξιολόγηση ελέγχων συμμόρφωσης"", ""Τεκμηρίωση επαγγελματικής αλληλογραφίας"", ""Τεκμηρίωση ερωτημάτων υποστήριξης"", ""Τεκμηρίωση δεδομένων αγοράς"", ""Τεκμηρίωση γραφημάτων δεδομένων"", ""Τεκμηρίωση ελέγχων συμμόρφωσης"", ""Βελτίωση επαγγελματικής αλληλογραφίας"", ""Βελτίωση ερωτημάτων υποστήριξης"", ""Βελτίωση δεδομένων αγοράς"", ""Βελτίωση γραφημάτων δεδομένων"", ""Βελτίωση ελέγχων συμμόρφωσης"", ""Συντονισμός επαγγελματικής αλληλογραφίας"", ""Συντονισμός ερωτημάτων υποστήριξης"", ""Συντονισμός δεδομένων αγοράς"", ""Συντονισμός γραφημάτων δεδομένων"", ""Συντονισμός ελέγχων συμμόρφωσης"", ""Έλεγχος επαγγελματικής αλληλογραφίας"", ""Έλεγχος ερωτημάτων υποστήριξης"", ""Έλεγχος δεδομένων αγοράς"", ""Έλεγχος γραφημάτων δεδομένων"", ""Έλεγχος ελέγχων συμμόρφωσης"", ""Προτεραιοποίηση επαγγελματικής αλληλογραφίας"", ""Προτεραιοποίηση ερωτημάτων υποστήριξης"", ""Προτεραιοποίηση δεδομένων αγοράς"", ""Προτεραιοποίηση γραφημάτων δεδομένων"", ""Προτεραιοποίηση ελέγχων συμμόρφωσης""]","[""Ψηφιακή Παραγωγικότητα και ΤΝ"", ""Επαγγελματική Επικοινωνία"", ""Διαχείριση Δεδομένων και Πληροφορίας"", ""Προσωπική Διαχείριση"", ""Ποιότητα και Συμμόρφωση"", ""Τεχνικές και Ψηφιακές Δεξιότητες"", ""Διοικητική Υποστήριξη"", ""Ομαδική Συνεργασία""]",55
1359,English Audio Analyst - Athens,"[""Ανάλυση αιτημάτων πελατών"", ""Ανάλυση λειτουργικών οδηγιών"", ""Ανάλυση λιστών επαφών"", ""Ανάλυση παρουσιάσεων"", ""Ανάλυση σχολίων αξιολόγησης"", ""Οργάνωση αιτημάτων πελατών"", ""Οργάνωση λειτουργικών οδηγιών"", ""Οργάνωση λιστών επαφών"", ""Οργάνωση παρουσιάσεων"", ""Οργάνωση σχολίων αξιολόγησης"", ""Διαχείριση αιτημάτων πελατών"", ""Διαχείριση λειτουργικών οδηγιών"", ""Διαχείριση λιστών επαφών"", ""Διαχείριση παρουσιάσεων"", ""Διαχείριση σχολίων αξιολόγησης"", ""Παρακολούθηση αιτημάτων πελατών"", ""Παρακολούθηση λειτουργικών οδηγιών"", ""Παρακολούθηση λιστών επαφών"", ""Παρακολούθηση παρουσιάσεων"", ""Παρακολούθηση σχολίων αξιολόγησης"", ""Αξιολόγηση αιτημάτων πελατών"", ""Αξιολόγηση λειτουργικών οδηγιών"", ""Αξιολόγηση λιστών επαφών"", ""Αξιολόγηση παρουσιάσεων"", ""Αξιολόγηση σχολίων αξιολόγησης"", ""Τεκμηρίωση αιτημάτων πελατών"", ""Τεκμηρίωση λειτουργικών οδηγιών"", ""Τεκμηρίωση λιστών επαφών"", ""Τεκμηρίωση παρουσιάσεων"", ""Τεκμηρίωση σχολίων αξιολόγησης"", ""Βελτίωση αιτημάτων πελατών"", ""Βελτίωση λειτουργικών οδηγιών"", ""Βελτίωση λιστών επαφών"", ""Βελτίωση παρουσιάσεων"", ""Βελτίωση σχολίων αξιολόγησης"", ""Συντονισμός αιτημάτων πελατών"", ""Συντονισμός λειτουργικών οδηγιών"", ""Συντονισμός λιστών επαφών"", ""Συντονισμός παρουσιάσεων"", ""Συντονισμός σχολίων αξιολόγησης"", ""Έλεγχος αιτημάτων πελατών"", ""Έλεγχος λειτουργικών οδηγιών"", ""Έλεγχος λιστών επαφών"", ""Έλεγχος παρουσιάσεων"", ""Έλεγχος σχολίων αξιολόγησης"", ""Προτεραιοποίηση αιτημάτων πελατών"", ""Προτεραιοποίηση λειτουργικών οδηγιών"", ""Προτεραιοποίηση λιστών επαφών"", ""Προτεραιοποίηση παρουσιάσεων"", ""Προτεραιοποίηση σχολίων αξιολόγησης""]","[""Ψηφιακή Παραγωγικότητα και ΤΝ"", ""Μάθηση και Προσαρμοστικότητα"", ""Διαχείριση Έργων"", ""Ανάλυση και Επίλυση Προβλημάτων"", ""Εξυπηρέτηση Πελατών"", ""Προσωπική Διαχείριση""]",50
1414,Financial Analyst,"[""Διαχείριση χρόνου"", ""Διαχείριση προσοχής και συγκέντρωσης"", ""Ανάλυση επαγγελματικής αλληλογραφίας"", ""Ανάλυση τεχνικών ζητημάτων"", ""Ανάλυση ερωτημάτων υποστήριξης"", ""Ανάλυση προτεραιοτήτων εργασίας"", ""Ανάλυση δεδομένων αγοράς"", ""Ανάλυση ημερολογίων εργασίας"", ""Ανάλυση γραφημάτων δεδομένων"", ""Ανάλυση εσωτερικών ανακοινώσεων"", ""Ανάλυση ελέγχων συμμόρφωσης"", ""Ανάλυση σεναρίων δοκιμών"", ""Οργάνωση επαγγελματικής αλληλογραφίας"", ""Οργάνωση τεχνικών ζητημάτων"", ""Οργάνωση ερωτημάτων υποστήριξης"", ""Οργάνωση προτεραιοτήτων εργασίας"", ""Οργάνωση δεδομένων αγοράς"", ""Οργάνωση ημερολογίων εργασίας"", ""Οργάνωση γραφημάτων δεδομένων"", ""Οργάνωση εσωτερικών ανακοινώσεων"", ""Οργάνωση ελέγχων συμμόρφωσης"", ""Οργάνωση σεναρίων δοκιμών"", ""Διαχείριση επαγγελματικής αλληλογραφίας"", ""Διαχείριση τεχνικών ζητημάτων"", ""Διαχείριση ερωτημάτων υποστήριξης"", ""Διαχείριση προτεραιοτήτων εργασίας"", ""Διαχείριση δεδομένων αγοράς"", ""Διαχείριση ημερολογίων εργασίας"", ""Διαχείριση γραφημάτων δεδομένων"", ""Διαχείριση εσωτερικών ανακοινώσεων"", ""Διαχείριση ελέγχων συμμόρφωσης"", ""Διαχείριση σεναρίων δοκιμών"", ""Παρακολούθηση επαγγελματικής αλληλογραφίας"", ""Παρακολούθηση τεχνικών ζητημάτων"", ""Παρακολούθηση ερωτημάτων υποστήριξης"", ""Παρακολούθηση προτεραιοτήτων εργασίας"", ""Παρακολούθηση δεδομένων αγοράς"", ""Παρακολούθηση ημερολογίων εργασίας"", ""Παρακολούθηση γραφημάτων δεδομένων"", ""Παρακολούθηση εσωτερικών ανακοινώσεων"", ""Παρακολούθηση ελέγχων συμμόρφωσης"", ""Παρακολούθηση σεναρίων δοκιμών"", ""Αξιολόγηση επαγγελματικής αλληλογραφίας"", ""Αξιολόγηση τεχνικών ζητημάτων"", ""Αξιολόγηση ερωτημάτων υποστήριξης"", ""Αξιολόγηση προτεραιοτήτων εργασίας"", ""Αξιολόγηση δεδομένων αγοράς"", ""Αξιολόγηση ημερολογίων εργασίας"", ""Αξιολόγηση γραφημάτων δεδομένων"", ""Αξιολόγηση εσωτερικών ανακοινώσεων"", ""Αξιολόγηση ελέγχων συμμόρφωσης"", ""Αξιολόγηση σεναρίων δοκιμών"", ""Τεκμηρίωση επαγγελματικής αλληλογραφίας"", ""Τεκμηρίωση τεχνικών ζητημάτων"", ""Τεκμηρίωση ερωτημάτων υποστήριξης"", ""Τεκμηρίωση προτεραιοτήτων εργασίας"", ""Τεκμηρίωση δεδομένων αγοράς"", ""Τεκμηρίωση ημερολογίων εργασίας"", ""Τεκμηρίωση γραφημάτων δεδομένων"", ""Τεκμηρίωση εσωτερικών ανακοινώσεων"", ""Τεκμηρίωση ελέγχων συμμόρφωσης"", ""Τεκμηρίωση σεναρίων δοκιμών"", ""Βελτίωση επαγγελματικής αλληλογραφίας"", ""Βελτίωση τεχνικών ζητημάτων"", ""Βελτίωση ερωτημάτων υποστήριξης"", ""Βελτίωση προτεραιοτήτων εργασίας"", ""Βελτίωση δεδομένων αγοράς"", ""Βελτίωση ημερολογίων εργασίας"", ""Βελτίωση γραφημάτων δεδομένων"", ""Βελτίωση εσωτερικών ανακοινώσεων"", ""Βελτίωση ελέγχων συμμόρφωσης"", ""Βελτίωση σεναρίων δοκιμών"", ""Συντονισμός επαγγελματικής αλληλογραφίας"", ""Συντονισμός τεχνικών ζητημάτων"", ""Συντονισμός ερωτημάτων υποστήριξης"", ""Συντονισμός προτεραιοτήτων εργασίας"", ""Συντονισμός δεδομένων αγοράς"", ""Συντονισμός ημερολογίων εργασίας"", ""Συντονισμός γραφημάτων δεδομένων"", ""Συντονισμός εσωτερικών ανακοινώσεων"", ""Συντονισμός ελέγχων συμμόρφωσης"", ""Συντονισμός σεναρίων δοκιμών"", ""Έλεγχος επαγγελματικής αλληλογραφίας"", ""Έλεγχος τεχνικών ζητημάτων"", ""Έλεγχος ερωτημάτων υποστήριξης"", ""Έλεγχος προτεραιοτήτων εργασίας"", ""Έλεγχος δεδομένων αγοράς"", ""Έλεγχος ημερολογίων εργασίας"", ""Έλεγχος γραφημάτων δεδομένων"", ""Έλεγχος εσωτερικών ανακοινώσεων"", ""Έλεγχος ελέγχων συμμόρφωσης"", ""Έλεγχος σεναρίων δοκιμών"", ""Προτεραιοποίηση επαγγελματικής αλληλογραφίας"", ""Προτεραιοποίηση τεχνικών ζητημάτων"", ""Προτεραιοποίηση ερωτημάτων υποστήριξης"", ""Προτεραιοποίηση προτεραιοτήτων εργασίας"", ""Προτεραιοποίηση δεδομένων αγοράς"", ""Προτεραιοποίηση ημερολογίων εργασίας"", ""Προτεραιοποίηση γραφημάτων δεδομένων"", ""Προτεραιοποίηση εσωτερικών ανακοινώσεων"", ""Προτεραιοποίηση ελέγχων συμμόρφωσης"", ""Προτεραιοποίηση σεναρίων δοκιμών""]","[""Προσωπική Διαχείριση"", ""Επαγγελματική Επικοινωνία"", ""Διαχείριση Δεδομένων και Πληροφορίας"", ""Ποιότητα και Συμμόρφωση"", ""Τεχνικές και Ψηφιακές Δεξιότητες"", ""Διοικητική Υποστήριξη"", ""Ομαδική Συνεργασία""]",102
243,Angular Software Engineer,"[""Σαφής και συνοπτική επικοινωνία"", ""Διαχείριση χρόνου"", ""Ανάλυση δεδομένων σε υπολογιστικά φύλλα"", ""Ανάλυση κινδύνων έργου"", ""Ανάλυση tickets υποστήριξης"", ""Ανάλυση επαγγελματικών συνομιλιών"", ""Ανάλυση αποτελεσμάτων έρευνας"", ""Οργάνωση δεδομένων σε υπολογιστικά φύλλα"", ""Οργάνωση κινδύνων έργου"", ""Οργάνωση tickets υποστήριξης"", ""Οργάνωση επαγγελματικών συνομιλιών"", ""Οργάνωση αποτελεσμάτων έρευνας"", ""Διαχείριση δεδομένων σε υπολογιστικά φύλλα"", ""Διαχείριση κινδύνων έργου"", ""Διαχείριση tickets υποστήριξης"", ""Διαχείριση επαγγελματικών συνομιλιών"", ""Διαχείριση αποτελεσμάτων έρευνας"", ""Παρακολούθηση δεδομένων σε υπολογιστικά φύλλα"", ""Παρακολούθηση κινδύνων έργου"", ""Παρακολούθηση tickets υποστήριξης"", ""Παρακολούθηση επαγγελματικών συνομιλιών"", ""Παρακολούθηση αποτελεσμάτων έρευνας"", ""Αξιολόγηση δεδομένων σε υπολογιστικά φύλλα"", ""Αξιολόγηση κινδύνων έργου"", ""Αξιολόγηση tickets υποστήριξης"", ""Αξιολόγηση επαγγελματικών συνομιλιών"", ""Αξιολόγηση αποτελεσμάτων έρευνας"", ""Τεκμηρίωση δεδομένων σε υπολογιστικά φύλλα"", ""Τεκμηρίωση κινδύνων έργου"", ""Τεκμηρίωση tickets υποστήριξης"", ""Τεκμηρίωση επαγγελματικών συνομιλιών"", ""Τεκμηρίωση αποτελεσμάτων έρευνας"", ""Βελτίωση δεδομένων σε υπολογιστικά φύλλα"", ""Βελτίωση κινδύνων έργου"", ""Βελτίωση tickets υποστήριξης"", ""Βελτίωση επαγγελματικών συνομιλιών"", ""Βελτίωση αποτελεσμάτων έρευνας"", ""Συντονισμός δεδομένων σε υπολογιστικά φύλλα"", ""Συντονισμός κινδύνων έργου"", ""Συντονισμός tickets υποστήριξης"", ""Συντονισμός επαγγελματικών συνομιλιών"", ""Συντονισμός αποτελεσμάτων έρευνας"", ""Έλεγχος δεδομένων σε υπολογιστικά φύλλα"", ""Έλεγχος κινδύνων έργου"", ""Έλεγχος tickets υποστήριξης"", ""Έλεγχος επαγγελματικών συνομιλιών"", ""Έλεγχος αποτελεσμάτων έρευνας"", ""Προτεραιοποίηση δεδομένων σε υπολογιστικά φύλλα"", ""Προτεραιοποίηση κινδύνων έργου"", ""Προτεραιοποίηση tickets υποστήριξης"", ""Προτεραιοποίηση επαγγελματικών συνομιλιών"", ""Προτεραιοποίηση αποτελεσμάτων έρευνας""]","[""Επαγγελματική Επικοινωνία"", ""Προσωπική Διαχείριση"", ""Ψηφιακή Παραγωγικότητα και ΤΝ"", ""Μάθηση και Προσαρμοστικότητα"", ""Διαχείριση Έργων"", ""Ανάλυση και Επίλυση Προβλημάτων"", ""Εξυπηρέτηση Πελατών""]",52
275,Frontend Engineer (Angular) Mid-Senior,"[""Διαχείριση προσοχής και συγκέντρωσης""]","[""Προσωπική Διαχείριση""]",1
320,Call for Talents - Junior Software Engineers,"[""Ενεργητική ακρόαση"", ""Αυτοματοποίηση επαναλαμβανόμενων εργασιών"", ""Διαχείριση προσοχής και συγκέντρωσης"", ""Επιβεβαίωση οδηγιών και απαιτήσεων""]","[""Επαγγελματική Επικοινωνία"", ""Ψηφιακή Παραγωγικότητα και ΤΝ"", ""Προσωπική Διαχείριση""]",4
361,Full Stack Developer - Angular & Java Spring Boot  (e-Health Sector) Thessaloniki,"[""Σαφής και συνοπτική επικοινωνία"", ""Διαχείριση χρόνου"", ""Διαχείριση προσοχής και συγκέντρωσης""]","[""Επαγγελματική Επικοινωνία"", ""Προσωπική Διαχείριση""]",3
363,Full Stack Developer - Angular & Java Spring Boot  (e-Health Sector) Athens,"[""Σαφής και συνοπτική επικοινωνία"", ""Διαχείριση χρόνου"", ""Διαχείριση προσοχής και συγκέντρωσης""]","[""Επαγγελματική Επικοινωνία"", ""Προσωπική Διαχείριση""]",3
394,Internship in Software Development,"[""Διαχείριση προσοχής και συγκέντρωσης""]","[""Προσωπική Διαχείριση""]",1
539,"Senior Associate, Software Engineering","[""Σύνταξη επαγγελματικών email"", ""Σαφής και συνοπτική επικοινωνία"", ""Ανάλυση χρονοδιαγραμμάτων έργου"", ""Ανάλυση προτύπων εγγράφων"", ""Ανάλυση σφαλμάτων κώδικα"", ""Ανάλυση αναγκών stakeholders"", ""Ανάλυση αιτημάτων αλλαγής"", ""Οργάνωση χρονοδιαγραμμάτων έργου"", ""Οργάνωση προτύπων εγγράφων"", ""Οργάνωση σφαλμάτων κώδικα"", ""Οργάνωση αναγκών stakeholders"", ""Οργάνωση αιτημάτων αλλαγής"", ""Διαχείριση χρονοδιαγραμμάτων έργου"", ""Διαχείριση προτύπων εγγράφων"", ""Διαχείριση σφαλμάτων κώδικα"", ""Διαχείριση αναγκών stakeholders"", ""Διαχείριση αιτημάτων αλλαγής"", ""Παρακολούθηση χρονοδιαγραμμάτων έργου"", ""Παρακολούθηση προτύπων εγγράφων"", ""Παρακολούθηση σφαλμάτων κώδικα"", ""Παρακολούθηση αναγκών stakeholders"", ""Παρακολούθηση αιτημάτων αλλαγής"", ""Αξιολόγηση χρονοδιαγραμμάτων έργου"", ""Αξιολόγηση προτύπων εγγράφων"", ""Αξιολόγηση σφαλμάτων κώδικα"", ""Αξιολόγηση αναγκών stakeholders"", ""Αξιολόγηση αιτημάτων αλλαγής"", ""Τεκμηρίωση χρονοδιαγραμμάτων έργου"", ""Τεκμηρίωση προτύπων εγγράφων"", ""Τεκμηρίωση σφαλμάτων κώδικα"", ""Τεκμηρίωση αναγκών stakeholders"", ""Τεκμηρίωση αιτημάτων αλλαγής"", ""Βελτίωση χρονοδιαγραμμάτων έργου"", ""Βελτίωση προτύπων εγγράφων"", ""Βελτίωση σφαλμάτων κώδικα"", ""Βελτίωση αναγκών stakeholders"", ""Βελτίωση αιτημάτων αλλαγής"", ""Συντονισμός χρονοδιαγραμμάτων έργου"", ""Συντονισμός προτύπων εγγράφων"", ""Συντονισμός σφαλμάτων κώδικα"", ""Συντονισμός αναγκών stakeholders"", ""Συντονισμός αιτημάτων αλλαγής"", ""Έλεγχος χρονοδιαγραμμάτων έργου"", ""Έλεγχος προτύπων εγγράφων"", ""Έλεγχος σφαλμάτων κώδικα"", ""Έλεγχος αναγκών stakeholders"", ""Έλεγχος αιτημάτων αλλαγής"", ""Προτεραιοποίηση χρονοδιαγραμμάτων έργου"", ""Προτεραιοποίηση προτύπων εγγράφων"", ""Προτεραιοποίηση σφαλμάτων κώδικα"", ""Προτεραιοποίηση αναγκών stakeholders"", ""Προτεραιοποίηση αιτημάτων αλλαγής""]","[""Ψηφιακή Παραγωγικότητα και ΤΝ"", ""Επαγγελματική Επικοινωνία"", ""Διοικητική Υποστήριξη"", ""Ομαδική Συνεργασία"", ""Διαχείριση Δεδομένων και Πληροφορίας"", ""Ποιότητα και Συμμόρφωση"", ""Τεχνικές και Ψηφιακές Δεξιότητες""]",52
716,Junior Java Developer / DevOps Engineer (Remote/Thessaloniki),"[""Αυτοματοποίηση επαναλαμβανόμενων εργασιών""]","[""Ψηφιακή Παραγωγικότητα και ΤΝ""]",1
1089,AI/ML Senior Associate Scientist,"[""Σαφής και συνοπτική επικοινωνία"", ""Αποτελεσματική χρήση GPT"", ""Αυτοματοποίηση επαναλαμβανόμενων εργασιών"", ""Οργάνωση ψηφιακού χώρου εργασίας""]","[""Επαγγελματική Επικοινωνία"", ""Ψηφιακή Παραγωγικότητα και ΤΝ"", ""Διαχείριση Δεδομένων και Πληροφορίας""]",4
1111,Internship in Software Development,"[""Αυτοματοποίηση επαναλαμβανόμενων εργασιών""]","[""Ψηφιακή Παραγωγικότητα και ΤΝ""]",1
1112,Internship in Software Development,"[""Αυτοματοποίηση επαναλαμβανόμενων εργασιών""]","[""Ψηφιακή Παραγωγικότητα και ΤΝ""]",1
1124,Call for Talents - Junior Software Engineers,"[""Ενεργητική ακρόαση"", ""Αυτοματοποίηση επαναλαμβανόμενων εργασιών"", ""Επιβεβαίωση οδηγιών και απαιτήσεων""]","[""Επαγγελματική Επικοινωνία"", ""Ψηφιακή Παραγωγικότητα και ΤΝ""]",3
1125,Call for Talents - Junior Software Engineers,"[""Ενεργητική ακρόαση"", ""Αυτοματοποίηση επαναλαμβανόμενων εργασιών"", ""Επιβεβαίωση οδηγιών και απαιτήσεων""]","[""Επαγγελματική Επικοινωνία"", ""Ψηφιακή Παραγωγικότητα και ΤΝ""]",3
1532,.NET Developer,"[""Ενεργητική ακρόαση"", ""Επιβεβαίωση οδηγιών και απαιτήσεων""]","[""Επαγγελματική Επικοινωνία""]",2
1533,.NET Developer,"[""Ενεργητική ακρόαση"", ""Επιβεβαίωση οδηγιών και απαιτήσεων""]","[""Επαγγελματική Επικοινωνία""]",2
1534,.NET Developer,"[""Ενεργητική ακρόαση"", ""Επιβεβαίωση οδηγιών και απαιτήσεων""]","[""Επαγγελματική Επικοινωνία""]",2
1681,.Net C# Software Engineer,[],[],0
1682,Senior .Net C# Software Engineer,"[""Ανάλυση δεδομένων σε υπολογιστικά φύλλα"", ""Ανάλυση κινδύνων έργου"", ""Ανάλυση tickets υποστήριξης"", ""Ανάλυση επαγγελματικών συνομιλιών"", ""Ανάλυση αποτελεσμάτων έρευνας"", ""Οργάνωση δεδομένων σε υπολογιστικά φύλλα"", ""Οργάνωση κινδύνων έργου"", ""Οργάνωση tickets υποστήριξης"", ""Οργάνωση επαγγελματικών συνομιλιών"", ""Οργάνωση αποτελεσμάτων έρευνας"", ""Διαχείριση δεδομένων σε υπολογιστικά φύλλα"", ""Διαχείριση κινδύνων έργου"", ""Διαχείριση tickets υποστήριξης"", ""Διαχείριση επαγγελματικών συνομιλιών"", ""Διαχείριση αποτελεσμάτων έρευνας"", ""Παρακολούθηση δεδομένων σε υπολογιστικά φύλλα"", ""Παρακολούθηση κινδύνων έργου"", ""Παρακολούθηση tickets υποστήριξης"", ""Παρακολούθηση επαγγελματικών συνομιλιών"", ""Παρακολούθηση αποτελεσμάτων έρευνας"", ""Αξιολόγηση δεδομένων σε υπολογιστικά φύλλα"", ""Αξιολόγηση κινδύνων έργου"", ""Αξιολόγηση tickets υποστήριξης"", ""Αξιολόγηση επαγγελματικών συνομιλιών"", ""Αξιολόγηση αποτελεσμάτων έρευνας"", ""Τεκμηρίωση δεδομένων σε υπολογιστικά φύλλα"", ""Τεκμηρίωση κινδύνων έργου"", ""Τεκμηρίωση tickets υποστήριξης"", ""Τεκμηρίωση επαγγελματικών συνομιλιών"", ""Τεκμηρίωση αποτελεσμάτων έρευνας"", ""Βελτίωση δεδομένων σε υπολογιστικά φύλλα"", ""Βελτίωση κινδύνων έργου"", ""Βελτίωση tickets υποστήριξης"", ""Βελτίωση επαγγελματικών συνομιλιών"", ""Βελτίωση αποτελεσμάτων έρευνας"", ""Συντονισμός δεδομένων σε υπολογιστικά φύλλα"", ""Συντονισμός κινδύνων έργου"", ""Συντονισμός tickets υποστήριξης"", ""Συντονισμός επαγγελματικών συνομιλιών"", ""Συντονισμός αποτελεσμάτων έρευνας"", ""Έλεγχος δεδομένων σε υπολογιστικά φύλλα"", ""Έλεγχος κινδύνων έργου"", ""Έλεγχος tickets υποστήριξης"", ""Έλεγχος επαγγελματικών συνομιλιών"", ""Έλεγχος αποτελεσμάτων έρευνας"", ""Προτεραιοποίηση δεδομένων σε υπολογιστικά φύλλα"", ""Προτεραιοποίηση κινδύνων έργου"", ""Προτεραιοποίηση tickets υποστήριξης"", ""Προτεραιοποίηση επαγγελματικών συνομιλιών"", ""Προτεραιοποίηση αποτελεσμάτων έρευνας""]","[""Προσωπική Διαχείριση"", ""Ψηφιακή Παραγωγικότητα και ΤΝ"", ""Μάθηση και Προσαρμοστικότητα"", ""Διαχείριση Έργων"", ""Ανάλυση και Επίλυση Προβλημάτων"", ""Εξυπηρέτηση Πελατών""]",50
1731,"Manager, Software Engineer","[""Σύνταξη επαγγελματικών email"", ""Σαφής και συνοπτική επικοινωνία"", ""Οργάνωση ψηφιακού χώρου εργασίας"", ""Διαχείριση προσοχής και συγκέντρωσης"", ""Ανάλυση χρονοδιαγραμμάτων έργου"", ""Ανάλυση προτύπων εγγράφων"", ""Ανάλυση σφαλμάτων κώδικα"", ""Ανάλυση αναγκών stakeholders"", ""Ανάλυση αιτημάτων αλλαγής"", ""Οργάνωση χρονοδιαγραμμάτων έργου"", ""Οργάνωση προτύπων εγγράφων"", ""Οργάνωση σφαλμάτων κώδικα"", ""Οργάνωση αναγκών stakeholders"", ""Οργάνωση αιτημάτων αλλαγής"", ""Διαχείριση χρονοδιαγραμμάτων έργου"", ""Διαχείριση προτύπων εγγράφων"", ""Διαχείριση σφαλμάτων κώδικα"", ""Διαχείριση αναγκών stakeholders"", ""Διαχείριση αιτημάτων αλλαγής"", ""Παρακολούθηση χρονοδιαγραμμάτων έργου"", ""Παρακολούθηση προτύπων εγγράφων"", ""Παρακολούθηση σφαλμάτων κώδικα"", ""Παρακολούθηση αναγκών stakeholders"", ""Παρακολούθηση αιτημάτων αλλαγής"", ""Αξιολόγηση χρονοδιαγραμμάτων έργου"", ""Αξιολόγηση προτύπων εγγράφων"", ""Αξιολόγηση σφαλμάτων κώδικα"", ""Αξιολόγηση αναγκών stakeholders"", ""Αξιολόγηση αιτημάτων αλλαγής"", ""Τεκμηρίωση χρονοδιαγραμμάτων έργου"", ""Τεκμηρίωση προτύπων εγγράφων"", ""Τεκμηρίωση σφαλμάτων κώδικα"", ""Τεκμηρίωση αναγκών stakeholders"", ""Τεκμηρίωση αιτημάτων αλλαγής"", ""Βελτίωση χρονοδιαγραμμάτων έργου"", ""Βελτίωση προτύπων εγγράφων"", ""Βελτίωση σφαλμάτων κώδικα"", ""Βελτίωση αναγκών stakeholders"", ""Βελτίωση αιτημάτων αλλαγής"", ""Συντονισμός χρονοδιαγραμμάτων έργου"", ""Συντονισμός προτύπων εγγράφων"", ""Συντονισμός σφαλμάτων κώδικα"", ""Συντονισμός αναγκών stakeholders"", ""Συντονισμός αιτημάτων αλλαγής"", ""Έλεγχος χρονοδιαγραμμάτων έργου"", ""Έλεγχος προτύπων εγγράφων"", ""Έλεγχος σφαλμάτων κώδικα"", ""Έλεγχος αναγκών stakeholders"", ""Έλεγχος αιτημάτων αλλαγής"", ""Προτεραιοποίηση χρονοδιαγραμμάτων έργου"", ""Προτεραιοποίηση προτύπων εγγράφων"", ""Προτεραιοποίηση σφαλμάτων κώδικα"", ""Προτεραιοποίηση αναγκών stakeholders"", ""Προτεραιοποίηση αιτημάτων αλλαγής""]","[""Ψηφιακή Παραγωγικότητα και ΤΝ"", ""Επαγγελματική Επικοινωνία"", ""Διαχείριση Δεδομένων και Πληροφορίας"", ""Προσωπική Διαχείριση"", ""Διοικητική Υποστήριξη"", ""Ομαδική Συνεργασία"", ""Ποιότητα και Συμμόρφωση"", ""Τεχνικές και Ψηφιακές Δεξιότητες""]",54
1848,AI and Data Science Frontend Engineering Lead,"[""Ενεργητική ακρόαση"", ""Διαχείριση χρόνου"", ""Ανάλυση επαγγελματικής αλληλογραφίας"", ""Ανάλυση ερωτημάτων υποστήριξης"", ""Ανάλυση δεδομένων αγοράς"", ""Ανάλυση γραφημάτων δεδομένων"", ""Ανάλυση ελέγχων συμμόρφωσης"", ""Οργάνωση επαγγελματικής αλληλογραφίας"", ""Οργάνωση ερωτημάτων υποστήριξης"", ""Οργάνωση δεδομένων αγοράς"", ""Οργάνωση γραφημάτων δεδομένων"", ""Οργάνωση ελέγχων συμμόρφωσης"", ""Διαχείριση επαγγελματικής αλληλογραφίας"", ""Διαχείριση ερωτημάτων υποστήριξης"", ""Διαχείριση δεδομένων αγοράς"", ""Διαχείριση γραφημάτων δεδομένων"", ""Διαχείριση ελέγχων συμμόρφωσης"", ""Παρακολούθηση επαγγελματικής αλληλογραφίας"", ""Παρακολούθηση ερωτημάτων υποστήριξης"", ""Παρακολούθηση δεδομένων αγοράς"", ""Παρακολούθηση γραφημάτων δεδομένων"", ""Παρακολούθηση ελέγχων συμμόρφωσης"", ""Αξιολόγηση επαγγελματικής αλληλογραφίας"", ""Αξιολόγηση ερωτημάτων υποστήριξης"", ""Αξιολόγηση δεδομένων αγοράς"", ""Αξιολόγηση γραφημάτων δεδομένων"", ""Αξιολόγηση ελέγχων συμμόρφωσης"", ""Τεκμηρίωση επαγγελματικής αλληλογραφίας"", ""Τεκμηρίωση ερωτημάτων υποστήριξης"", ""Τεκμηρίωση δεδομένων αγοράς"", ""Τεκμηρίωση γραφημάτων δεδομένων"", ""Τεκμηρίωση ελέγχων συμμόρφωσης"", ""Βελτίωση επαγγελματικής αλληλογραφίας"", ""Βελτίωση ερωτημάτων υποστήριξης"", ""Βελτίωση δεδομένων αγοράς"", ""Βελτίωση γραφημάτων δεδομένων"", ""Βελτίωση ελέγχων συμμόρφωσης"", ""Συντονισμός επαγγελματικής αλληλογραφίας"", ""Συντονισμός ερωτημάτων υποστήριξης"", ""Συντονισμός δεδομένων αγοράς"", ""Συντονισμός γραφημάτων δεδομένων"", ""Συντονισμός ελέγχων συμμόρφωσης"", ""Έλεγχος επαγγελματικής αλληλογραφίας"", ""Έλεγχος ερωτημάτων υποστήριξης"", ""Έλεγχος δεδομένων αγοράς"", ""Έλεγχος γραφημάτων δεδομένων"", ""Έλεγχος ελέγχων συμμόρφωσης"", ""Προτεραιοποίηση επαγγελματικής αλληλογραφίας"", ""Προτεραιοποίηση ερωτημάτων υποστήριξης"", ""Προτεραιοποίηση δεδομένων αγοράς"", ""Προτεραιοποίηση γραφημάτων δεδομένων"", ""Προτεραιοποίηση ελέγχων συμμόρφωσης""]","[""Επαγγελματική Επικοινωνία"", ""Προσωπική Διαχείριση"", ""Ποιότητα και Συμμόρφωση"", ""Τεχνικές και Ψηφιακές Δεξιότητες"", ""Διοικητική Υποστήριξη"", ""Ομαδική Συνεργασία"", ""Διαχείριση Δεδομένων και Πληροφορίας""]",52
2149,Senior UI Engineer,[],[],0
2190,Full Stack Developer,[],[],0
2284,"Manager, Software Engineer front-end","[""Σαφής και συνοπτική επικοινωνία"", ""Ενεργητική ακρόαση"", ""Διαχείριση προσοχής και συγκέντρωσης""]","[""Επαγγελματική Επικοινωνία"", ""Προσωπική Διαχείριση""]",3
2287,"Manager, Software Engineer back-end","[""Σαφής και συνοπτική επικοινωνία"", ""Ενεργητική ακρόαση"", ""Αυτοματοποίηση επαναλαμβανόμενων εργασιών"", ""Διαχείριση προσοχής και συγκέντρωσης"", ""Επιβεβαίωση οδηγιών και απαιτήσεων""]","[""Επαγγελματική Επικοινωνία"", ""Ψηφιακή Παραγωγικότητα και ΤΝ"", ""Προσωπική Διαχείριση""]",5
2481,Full Stack Web Developer (FSWDev-09.24),[],[],0
2606,"Manager, Front-End Application Development","[""Διαχείριση προσοχής και συγκέντρωσης""]","[""Προσωπική Διαχείριση""]",1
3014,"Senior Manager, Digital Solutions Engineer & Technical Team Lead","[""Αποτελεσματική χρήση GPT"", ""Διαχείριση προσοχής και συγκέντρωσης"", ""Επιβεβαίωση οδηγιών και απαιτήσεων""]","[""Ψηφιακή Παραγωγικότητα και ΤΝ"", ""Προσωπική Διαχείριση"", ""Επαγγελματική Επικοινωνία""]",3
3065,Full Remote Web Developer,[],[],0
3960,WEB DEVELOPER,"[""Διαχείριση χρόνου""]","[""Προσωπική Διαχείριση""]",1
4325,Full Stack Developer / Front End,"[""Διαχείριση χρόνου""]","[""Προσωπική Διαχείριση""]",1
4387,Software Engineer (.NET & Angular),"[""Επιβεβαίωση οδηγιών και απαιτήσεων""]","[""Επαγγελματική Επικοινωνία""]",1
43091,Frontend Developer,[],[],0
45614,Frontend Engineer (Angular) Mid-Senior,"[""Διαχείριση προσοχής και συγκέντρωσης""]","[""Προσωπική Διαχείριση""]",1
45615,Frontend Engineer (Angular) Mid-Senior,"[""Διαχείριση προσοχής και συγκέντρωσης""]","[""Προσωπική Διαχείριση""]",1
45763,"Associate, Software Engineer","[""Διαχείριση προσοχής και συγκέντρωσης""]","[""Προσωπική Διαχείριση""]",1
50894,Java / JEE Software Engineer with German,"[""Οργάνωση ψηφιακού χώρου εργασίας""]","[""Διαχείριση Δεδομένων και Πληροφορίας""]",1
53624,Angular Frontend Software Developer,"[""Σαφής και συνοπτική επικοινωνία"", ""Οργάνωση ψηφιακού χώρου εργασίας"", ""Επιβεβαίωση οδηγιών και απαιτήσεων""]","[""Επαγγελματική Επικοινωνία"", ""Διαχείριση Δεδομένων και Πληροφορίας""]",3
53652,Frontend Developer,"[""Σαφής και συνοπτική επικοινωνία""]","[""Επαγγελματική Επικοινωνία""]",1
53961,Developers,[],[],0
54105,Angular Developer,[],[],0
54116,Java Developer,"[""Οργάνωση ψηφιακού χώρου εργασίας""]","[""Διαχείριση Δεδομένων και Πληροφορίας""]",1
59894,Software Engineer (.NET & Angular),"[""Επιβεβαίωση οδηγιών και απαιτήσεων""]","[""Επαγγελματική Επικοινωνία""]",1
61943,Call for Talents - Junior Software Engineers,"[""Ενεργητική ακρόαση"", ""Αυτοματοποίηση επαναλαμβανόμενων εργασιών"", ""Διαχείριση προσοχής και συγκέντρωσης"", ""Επιβεβαίωση οδηγιών και απαιτήσεων""]","[""Επαγγελματική Επικοινωνία"", ""Ψηφιακή Παραγωγικότητα και ΤΝ"", ""Προσωπική Διαχείριση""]",4
61944,Call for Talents - Junior Software Engineers,"[""Ενεργητική ακρόαση"", ""Αυτοματοποίηση επαναλαμβανόμενων εργασιών"", ""Διαχείριση προσοχής και συγκέντρωσης"", ""Επιβεβαίωση οδηγιών και απαιτήσεων""]","[""Επαγγελματική Επικοινωνία"", ""Ψηφιακή Παραγωγικότητα και ΤΝ"", ""Προσωπική Διαχείριση""]",4
61945,Call for Talents - Junior Software Engineers,"[""Ενεργητική ακρόαση"", ""Αυτοματοποίηση επαναλαμβανόμενων εργασιών"", ""Διαχείριση προσοχής και συγκέντρωσης"", ""Επιβεβαίωση οδηγιών και απαιτήσεων""]","[""Επαγγελματική Επικοινωνία"", ""Ψηφιακή Παραγωγικότητα και ΤΝ"", ""Προσωπική Διαχείριση""]",4
61947,Frontend Engineer (Angular) Mid-Senior,"[""Διαχείριση προσοχής και συγκέντρωσης""]","[""Προσωπική Διαχείριση""]",1
61949,Frontend Engineer (Angular) Mid-Senior,"[""Διαχείριση προσοχής και συγκέντρωσης""]","[""Προσωπική Διαχείριση""]",1
61951,Frontend Engineer (Angular) Mid-Senior,"[""Διαχείριση προσοχής και συγκέντρωσης""]","[""Προσωπική Διαχείριση""]",1
65308,"Manager, Software Engineer","[""Σύνταξη επαγγελματικών email"", ""Σαφής και συνοπτική επικοινωνία"", ""Οργάνωση ψηφιακού χώρου εργασίας"", ""Διαχείριση προσοχής και συγκέντρωσης"", ""Ανάλυση χρονοδιαγραμμάτων έργου"", ""Ανάλυση προτύπων εγγράφων"", ""Ανάλυση σφαλμάτων κώδικα"", ""Ανάλυση αναγκών stakeholders"", ""Ανάλυση αιτημάτων αλλαγής"", ""Οργάνωση χρονοδιαγραμμάτων έργου"", ""Οργάνωση προτύπων εγγράφων"", ""Οργάνωση σφαλμάτων κώδικα"", ""Οργάνωση αναγκών stakeholders"", ""Οργάνωση αιτημάτων αλλαγής"", ""Διαχείριση χρονοδιαγραμμάτων έργου"", ""Διαχείριση προτύπων εγγράφων"", ""Διαχείριση σφαλμάτων κώδικα"", ""Διαχείριση αναγκών stakeholders"", ""Διαχείριση αιτημάτων αλλαγής"", ""Παρακολούθηση χρονοδιαγραμμάτων έργου"", ""Παρακολούθηση προτύπων εγγράφων"", ""Παρακολούθηση σφαλμάτων κώδικα"", ""Παρακολούθηση αναγκών stakeholders"", ""Παρακολούθηση αιτημάτων αλλαγής"", ""Αξιολόγηση χρονοδιαγραμμάτων έργου"", ""Αξιολόγηση προτύπων εγγράφων"", ""Αξιολόγηση σφαλμάτων κώδικα"", ""Αξιολόγηση αναγκών stakeholders"", ""Αξιολόγηση αιτημάτων αλλαγής"", ""Τεκμηρίωση χρονοδιαγραμμάτων έργου"", ""Τεκμηρίωση προτύπων εγγράφων"", ""Τεκμηρίωση σφαλμάτων κώδικα"", ""Τεκμηρίωση αναγκών stakeholders"", ""Τεκμηρίωση αιτημάτων αλλαγής"", ""Βελτίωση χρονοδιαγραμμάτων έργου"", ""Βελτίωση προτύπων εγγράφων"", ""Βελτίωση σφαλμάτων κώδικα"", ""Βελτίωση αναγκών stakeholders"", ""Βελτίωση αιτημάτων αλλαγής"", ""Συντονισμός χρονοδιαγραμμάτων έργου"", ""Συντονισμός προτύπων εγγράφων"", ""Συντονισμός σφαλμάτων κώδικα"", ""Συντονισμός αναγκών stakeholders"", ""Συντονισμός αιτημάτων αλλαγής"", ""Έλεγχος χρονοδιαγραμμάτων έργου"", ""Έλεγχος προτύπων εγγράφων"", ""Έλεγχος σφαλμάτων κώδικα"", ""Έλεγχος αναγκών stakeholders"", ""Έλεγχος αιτημάτων αλλαγής"", ""Προτεραιοποίηση χρονοδιαγραμμάτων έργου"", ""Προτεραιοποίηση προτύπων εγγράφων"", ""Προτεραιοποίηση σφαλμάτων κώδικα"", ""Προτεραιοποίηση αναγκών stakeholders"", ""Προτεραιοποίηση αιτημάτων αλλαγής""]","[""Ψηφιακή Παραγωγικότητα και ΤΝ"", ""Επαγγελματική Επικοινωνία"", ""Διαχείριση Δεδομένων και Πληροφορίας"", ""Προσωπική Διαχείριση"", ""Διοικητική Υποστήριξη"", ""Ομαδική Συνεργασία"", ""Ποιότητα και Συμμόρφωση"", ""Τεχνικές και Ψηφιακές Δεξιότητες""]",54
75983,Web Developer,[],[],0
76034,"Angular Developers – Cyprus, Greece or Remote","[""Σαφής και συνοπτική επικοινωνία"", ""Αυτοματοποίηση επαναλαμβανόμενων εργασιών"", ""Διαχείριση προσοχής και συγκέντρωσης""]","[""Επαγγελματική Επικοινωνία"", ""Ψηφιακή Παραγωγικότητα και ΤΝ"", ""Προσωπική Διαχείριση""]",3
81097,"Full Stack Software Engineer, Angular",[],[],0
81185,"Director, AI and Data Science Frontend Engineering Lead","[""Ενεργητική ακρόαση"", ""Διαχείριση χρόνου"", ""Ανάλυση επαγγελματικής αλληλογραφίας"", ""Ανάλυση ερωτημάτων υποστήριξης"", ""Ανάλυση δεδομένων αγοράς"", ""Ανάλυση γραφημάτων δεδομένων"", ""Ανάλυση ελέγχων συμμόρφωσης"", ""Οργάνωση επαγγελματικής αλληλογραφίας"", ""Οργάνωση ερωτημάτων υποστήριξης"", ""Οργάνωση δεδομένων αγοράς"", ""Οργάνωση γραφημάτων δεδομένων"", ""Οργάνωση ελέγχων συμμόρφωσης"", ""Διαχείριση επαγγελματικής αλληλογραφίας"", ""Διαχείριση ερωτημάτων υποστήριξης"", ""Διαχείριση δεδομένων αγοράς"", ""Διαχείριση γραφημάτων δεδομένων"", ""Διαχείριση ελέγχων συμμόρφωσης"", ""Παρακολούθηση επαγγελματικής αλληλογραφίας"", ""Παρακολούθηση ερωτημάτων υποστήριξης"", ""Παρακολούθηση δεδομένων αγοράς"", ""Παρακολούθηση γραφημάτων δεδομένων"", ""Παρακολούθηση ελέγχων συμμόρφωσης"", ""Αξιολόγηση επαγγελματικής αλληλογραφίας"", ""Αξιολόγηση ερωτημάτων υποστήριξης"", ""Αξιολόγηση δεδομένων αγοράς"", ""Αξιολόγηση γραφημάτων δεδομένων"", ""Αξιολόγηση ελέγχων συμμόρφωσης"", ""Τεκμηρίωση επαγγελματικής αλληλογραφίας"", ""Τεκμηρίωση ερωτημάτων υποστήριξης"", ""Τεκμηρίωση δεδομένων αγοράς"", ""Τεκμηρίωση γραφημάτων δεδομένων"", ""Τεκμηρίωση ελέγχων συμμόρφωσης"", ""Βελτίωση επαγγελματικής αλληλογραφίας"", ""Βελτίωση ερωτημάτων υποστήριξης"", ""Βελτίωση δεδομένων αγοράς"", ""Βελτίωση γραφημάτων δεδομένων"", ""Βελτίωση ελέγχων συμμόρφωσης"", ""Συντονισμός επαγγελματικής αλληλογραφίας"", ""Συντονισμός ερωτημάτων υποστήριξης"", ""Συντονισμός δεδομένων αγοράς"", ""Συντονισμός γραφημάτων δεδομένων"", ""Συντονισμός ελέγχων συμμόρφωσης"", ""Έλεγχος επαγγελματικής αλληλογραφίας"", ""Έλεγχος ερωτημάτων υποστήριξης"", ""Έλεγχος δεδομένων αγοράς"", ""Έλεγχος γραφημάτων δεδομένων"", ""Έλεγχος ελέγχων συμμόρφωσης"", ""Προτεραιοποίηση επαγγελματικής αλληλογραφίας"", ""Προτεραιοποίηση ερωτημάτων υποστήριξης"", ""Προτεραιοποίηση δεδομένων αγοράς"", ""Προτεραιοποίηση γραφημάτων δεδομένων"", ""Προτεραιοποίηση ελέγχων συμμόρφωσης""]","[""Επαγγελματική Επικοινωνία"", ""Προσωπική Διαχείριση"", ""Ποιότητα και Συμμόρφωση"", ""Τεχνικές και Ψηφιακές Δεξιότητες"", ""Διοικητική Υποστήριξη"", ""Ομαδική Συνεργασία"", ""Διαχείριση Δεδομένων και Πληροφορίας""]",52
83823,Senior Front-End Software Engineer,[],[],0
84036,Full-Stack Developer,[],[],0
84037,Full-Stack Developer,[],[],0
86887,Full Stack Developer - Angular & Java Spring Boot  (e-Health Sector) Thessaloniki,"[""Σαφής και συνοπτική επικοινωνία"", ""Διαχείριση χρόνου"", ""Διαχείριση προσοχής και συγκέντρωσης""]","[""Επαγγελματική Επικοινωνία"", ""Προσωπική Διαχείριση""]",3
86893,Full Stack Developer - Angular & Java Spring Boot  (e-Health Sector) Athens,"[""Σαφής και συνοπτική επικοινωνία"", ""Διαχείριση χρόνου"", ""Διαχείριση προσοχής και συγκέντρωσης""]","[""Επαγγελματική Επικοινωνία"", ""Προσωπική Διαχείριση""]",3
86984,Full Stack Developer,[],[],0
87309,.Net C# Software Engineer,[],[],0
100445,Software Engineer (.NET & Angular),"[""Επιβεβαίωση οδηγιών και απαιτήσεων""]","[""Επαγγελματική Επικοινωνία""]",1
100733,Software Engineer,"[""Σαφής και συνοπτική επικοινωνία"", ""Οργάνωση ψηφιακού χώρου εργασίας"", ""Διαχείριση προσοχής και συγκέντρωσης""]","[""Επαγγελματική Επικοινωνία"", ""Διαχείριση Δεδομένων και Πληροφορίας"", ""Προσωπική Διαχείριση""]",3
100770,Senior .Net C# Software Engineer,"[""Ανάλυση δεδομένων σε υπολογιστικά φύλλα"", ""Ανάλυση κινδύνων έργου"", ""Ανάλυση tickets υποστήριξης"", ""Ανάλυση επαγγελματικών συνομιλιών"", ""Ανάλυση αποτελεσμάτων έρευνας"", ""Οργάνωση δεδομένων σε υπολογιστικά φύλλα"", ""Οργάνωση κινδύνων έργου"", ""Οργάνωση tickets υποστήριξης"", ""Οργάνωση επαγγελματικών συνομιλιών"", ""Οργάνωση αποτελεσμάτων έρευνας"", ""Διαχείριση δεδομένων σε υπολογιστικά φύλλα"", ""Διαχείριση κινδύνων έργου"", ""Διαχείριση tickets υποστήριξης"", ""Διαχείριση επαγγελματικών συνομιλιών"", ""Διαχείριση αποτελεσμάτων έρευνας"", ""Παρακολούθηση δεδομένων σε υπολογιστικά φύλλα"", ""Παρακολούθηση κινδύνων έργου"", ""Παρακολούθηση tickets υποστήριξης"", ""Παρακολούθηση επαγγελματικών συνομιλιών"", ""Παρακολούθηση αποτελεσμάτων έρευνας"", ""Αξιολόγηση δεδομένων σε υπολογιστικά φύλλα"", ""Αξιολόγηση κινδύνων έργου"", ""Αξιολόγηση tickets υποστήριξης"", ""Αξιολόγηση επαγγελματικών συνομιλιών"", ""Αξιολόγηση αποτελεσμάτων έρευνας"", ""Τεκμηρίωση δεδομένων σε υπολογιστικά φύλλα"", ""Τεκμηρίωση κινδύνων έργου"", ""Τεκμηρίωση tickets υποστήριξης"", ""Τεκμηρίωση επαγγελματικών συνομιλιών"", ""Τεκμηρίωση αποτελεσμάτων έρευνας"", ""Βελτίωση δεδομένων σε υπολογιστικά φύλλα"", ""Βελτίωση κινδύνων έργου"", ""Βελτίωση tickets υποστήριξης"", ""Βελτίωση επαγγελματικών συνομιλιών"", ""Βελτίωση αποτελεσμάτων έρευνας"", ""Συντονισμός δεδομένων σε υπολογιστικά φύλλα"", ""Συντονισμός κινδύνων έργου"", ""Συντονισμός tickets υποστήριξης"", ""Συντονισμός επαγγελματικών συνομιλιών"", ""Συντονισμός αποτελεσμάτων έρευνας"", ""Έλεγχος δεδομένων σε υπολογιστικά φύλλα"", ""Έλεγχος κινδύνων έργου"", ""Έλεγχος tickets υποστήριξης"", ""Έλεγχος επαγγελματικών συνομιλιών"", ""Έλεγχος αποτελεσμάτων έρευνας"", ""Προτεραιοποίηση δεδομένων σε υπολογιστικά φύλλα"", ""Προτεραιοποίηση κινδύνων έργου"", ""Προτεραιοποίηση tickets υποστήριξης"", ""Προτεραιοποίηση επαγγελματικών συνομιλιών"", ""Προτεραιοποίηση αποτελεσμάτων έρευνας""]","[""Προσωπική Διαχείριση"", ""Ψηφιακή Παραγωγικότητα και ΤΝ"", ""Μάθηση και Προσαρμοστικότητα"", ""Διαχείριση Έργων"", ""Ανάλυση και Επίλυση Προβλημάτων"", ""Εξυπηρέτηση Πελατών""]",50
100870,WEB DEVELOPER,"[""Διαχείριση χρόνου""]","[""Προσωπική Διαχείριση""]",1
100991,"Senior Associate, Software Engineering","[""Σύνταξη επαγγελματικών email"", ""Σαφής και συνοπτική επικοινωνία"", ""Ανάλυση χρονοδιαγραμμάτων έργου"", ""Ανάλυση προτύπων εγγράφων"", ""Ανάλυση σφαλμάτων κώδικα"", ""Ανάλυση αναγκών stakeholders"", ""Ανάλυση αιτημάτων αλλαγής"", ""Οργάνωση χρονοδιαγραμμάτων έργου"", ""Οργάνωση προτύπων εγγράφων"", ""Οργάνωση σφαλμάτων κώδικα"", ""Οργάνωση αναγκών stakeholders"", ""Οργάνωση αιτημάτων αλλαγής"", ""Διαχείριση χρονοδιαγραμμάτων έργου"", ""Διαχείριση προτύπων εγγράφων"", ""Διαχείριση σφαλμάτων κώδικα"", ""Διαχείριση αναγκών stakeholders"", ""Διαχείριση αιτημάτων αλλαγής"", ""Παρακολούθηση χρονοδιαγραμμάτων έργου"", ""Παρακολούθηση προτύπων εγγράφων"", ""Παρακολούθηση σφαλμάτων κώδικα"", ""Παρακολούθηση αναγκών stakeholders"", ""Παρακολούθηση αιτημάτων αλλαγής"", ""Αξιολόγηση χρονοδιαγραμμάτων έργου"", ""Αξιολόγηση προτύπων εγγράφων"", ""Αξιολόγηση σφαλμάτων κώδικα"", ""Αξιολόγηση αναγκών stakeholders"", ""Αξιολόγηση αιτημάτων αλλαγής"", ""Τεκμηρίωση χρονοδιαγραμμάτων έργου"", ""Τεκμηρίωση προτύπων εγγράφων"", ""Τεκμηρίωση σφαλμάτων κώδικα"", ""Τεκμηρίωση αναγκών stakeholders"", ""Τεκμηρίωση αιτημάτων αλλαγής"", ""Βελτίωση χρονοδιαγραμμάτων έργου"", ""Βελτίωση προτύπων εγγράφων"", ""Βελτίωση σφαλμάτων κώδικα"", ""Βελτίωση αναγκών stakeholders"", ""Βελτίωση αιτημάτων αλλαγής"", ""Συντονισμός χρονοδιαγραμμάτων έργου"", ""Συντονισμός προτύπων εγγράφων"", ""Συντονισμός σφαλμάτων κώδικα"", ""Συντονισμός αναγκών stakeholders"", ""Συντονισμός αιτημάτων αλλαγής"", ""Έλεγχος χρονοδιαγραμμάτων έργου"", ""Έλεγχος προτύπων εγγράφων"", ""Έλεγχος σφαλμάτων κώδικα"", ""Έλεγχος αναγκών stakeholders"", ""Έλεγχος αιτημάτων αλλαγής"", ""Προτεραιοποίηση χρονοδιαγραμμάτων έργου"", ""Προτεραιοποίηση προτύπων εγγράφων"", ""Προτεραιοποίηση σφαλμάτων κώδικα"", ""Προτεραιοποίηση αναγκών stakeholders"", ""Προτεραιοποίηση αιτημάτων αλλαγής""]","[""Ψηφιακή Παραγωγικότητα και ΤΝ"", ""Επαγγελματική Επικοινωνία"", ""Διοικητική Υποστήριξη"", ""Ομαδική Συνεργασία"", ""Διαχείριση Δεδομένων και Πληροφορίας"", ""Ποιότητα και Συμμόρφωση"", ""Τεχνικές και Ψηφιακές Δεξιότητες""]",52
101179,Senior .NET Developer,"[""Οργάνωση ψηφιακού χώρου εργασίας""]","[""Διαχείριση Δεδομένων και Πληροφορίας""]",1
1695199,Internship in Software Development,"[""Διαχείριση προσοχής και συγκέντρωσης""]","[""Προσωπική Διαχείριση""]",1
1695202,Internship in Software Development,"[""Διαχείριση προσοχής και συγκέντρωσης""]","[""Προσωπική Διαχείριση""]",1
1695206,Internship in Software Development,"[""Διαχείριση προσοχής και συγκέντρωσης""]","[""Προσωπική Διαχείριση""]",1
1695224,.NET Developer,"[""Ενεργητική ακρόαση"", ""Διαχείριση προσοχής και συγκέντρωσης"", ""Επιβεβαίωση οδηγιών και απαιτήσεων""]","[""Επαγγελματική Επικοινωνία"", ""Προσωπική Διαχείριση""]",3
1695557,"Full Stack Software Engineer, Angular",[],[],0
1696110,"Angular Developers – Cyprus, Greece or Remote","[""Σαφής και συνοπτική επικοινωνία"", ""Αυτοματοποίηση επαναλαμβανόμενων εργασιών"", ""Διαχείριση προσοχής και συγκέντρωσης""]","[""Επαγγελματική Επικοινωνία"", ""Ψηφιακή Παραγωγικότητα και ΤΝ"", ""Προσωπική Διαχείριση""]",3
1696119,WEB DEVELOPER,"[""Διαχείριση χρόνου""]","[""Προσωπική Διαχείριση""]",1
1696219,"Senior PHP Web Developers - Cyprus, Greece or Remote","[""Διαχείριση χρόνου""]","[""Προσωπική Διαχείριση""]",1
1696220,"Senior Laravel Backend Developer– Cyprus, Greece or Remote",[],[],0
1710056,Senior .Net Developer,[],[],0
1710192,Angular Front-End Software Engineer,[],[],0
1718350,.Net C# Software Engineer,[],[],0
1720165,Full Stack Developer - Angular & Java Spring Boot  (e-Health Sector) Thessaloniki,"[""Σαφής και συνοπτική επικοινωνία"", ""Διαχείριση χρόνου"", ""Διαχείριση προσοχής και συγκέντρωσης""]","[""Επαγγελματική Επικοινωνία"", ""Προσωπική Διαχείριση""]",3
1720166,Full Stack Developer - Angular & Java Spring Boot  (e-Health Sector) Athens,"[""Σαφής και συνοπτική επικοινωνία"", ""Διαχείριση χρόνου"", ""Διαχείριση προσοχής και συγκέντρωσης""]","[""Επαγγελματική Επικοινωνία"", ""Προσωπική Διαχείριση""]",3
1727118,Front-End Web Developer,"[""Σύνταξη επαγγελματικών email""]","[""Ψηφιακή Παραγωγικότητα και ΤΝ""]",1
1727125,Senior Back-End Web Developer,[],[],0
1727205,Senior C# .Net Developer,"[""Σαφής και συνοπτική επικοινωνία"", ""Διαχείριση προσοχής και συγκέντρωσης""]","[""Επαγγελματική Επικοινωνία"", ""Προσωπική Διαχείριση""]",2
1741414,Senior .Net C# Software Engineer,"[""Ανάλυση δεδομένων σε υπολογιστικά φύλλα"", ""Ανάλυση κινδύνων έργου"", ""Ανάλυση tickets υποστήριξης"", ""Ανάλυση επαγγελματικών συνομιλιών"", ""Ανάλυση αποτελεσμάτων έρευνας"", ""Οργάνωση δεδομένων σε υπολογιστικά φύλλα"", ""Οργάνωση κινδύνων έργου"", ""Οργάνωση tickets υποστήριξης"", ""Οργάνωση επαγγελματικών συνομιλιών"", ""Οργάνωση αποτελεσμάτων έρευνας"", ""Διαχείριση δεδομένων σε υπολογιστικά φύλλα"", ""Διαχείριση κινδύνων έργου"", ""Διαχείριση tickets υποστήριξης"", ""Διαχείριση επαγγελματικών συνομιλιών"", ""Διαχείριση αποτελεσμάτων έρευνας"", ""Παρακολούθηση δεδομένων σε υπολογιστικά φύλλα"", ""Παρακολούθηση κινδύνων έργου"", ""Παρακολούθηση tickets υποστήριξης"", ""Παρακολούθηση επαγγελματικών συνομιλιών"", ""Παρακολούθηση αποτελεσμάτων έρευνας"", ""Αξιολόγηση δεδομένων σε υπολογιστικά φύλλα"", ""Αξιολόγηση κινδύνων έργου"", ""Αξιολόγηση tickets υποστήριξης"", ""Αξιολόγηση επαγγελματικών συνομιλιών"", ""Αξιολόγηση αποτελεσμάτων έρευνας"", ""Τεκμηρίωση δεδομένων σε υπολογιστικά φύλλα"", ""Τεκμηρίωση κινδύνων έργου"", ""Τεκμηρίωση tickets υποστήριξης"", ""Τεκμηρίωση επαγγελματικών συνομιλιών"", ""Τεκμηρίωση αποτελεσμάτων έρευνας"", ""Βελτίωση δεδομένων σε υπολογιστικά φύλλα"", ""Βελτίωση κινδύνων έργου"", ""Βελτίωση tickets υποστήριξης"", ""Βελτίωση επαγγελματικών συνομιλιών"", ""Βελτίωση αποτελεσμάτων έρευνας"", ""Συντονισμός δεδομένων σε υπολογιστικά φύλλα"", ""Συντονισμός κινδύνων έργου"", ""Συντονισμός tickets υποστήριξης"", ""Συντονισμός επαγγελματικών συνομιλιών"", ""Συντονισμός αποτελεσμάτων έρευνας"", ""Έλεγχος δεδομένων σε υπολογιστικά φύλλα"", ""Έλεγχος κινδύνων έργου"", ""Έλεγχος tickets υποστήριξης"", ""Έλεγχος επαγγελματικών συνομιλιών"", ""Έλεγχος αποτελεσμάτων έρευνας"", ""Προτεραιοποίηση δεδομένων σε υπολογιστικά φύλλα"", ""Προτεραιοποίηση κινδύνων έργου"", ""Προτεραιοποίηση tickets υποστήριξης"", ""Προτεραιοποίηση επαγγελματικών συνομιλιών"", ""Προτεραιοποίηση αποτελεσμάτων έρευνας""]","[""Προσωπική Διαχείριση"", ""Ψηφιακή Παραγωγικότητα και ΤΝ"", ""Μάθηση και Προσαρμοστικότητα"", ""Διαχείριση Έργων"", ""Ανάλυση και Επίλυση Προβλημάτων"", ""Εξυπηρέτηση Πελατών""]",50
1741617,Internship in Software Development,"[""Διαχείριση προσοχής και συγκέντρωσης""]","[""Προσωπική Διαχείριση""]",1
1741619,Internship in Software Development,"[""Διαχείριση προσοχής και συγκέντρωσης""]","[""Προσωπική Διαχείριση""]",1
1741620,Internship in Software Development,"[""Διαχείριση προσοχής και συγκέντρωσης""]","[""Προσωπική Διαχείριση""]",1
1741812,Junior Java Developer / DevOps Engineer (Remote/Thessaloniki),"[""Αυτοματοποίηση επαναλαμβανόμενων εργασιών""]","[""Ψηφιακή Παραγωγικότητα και ΤΝ""]",1
1742105,Software Engineer - Network Management Systems,"[""Σαφής και συνοπτική επικοινωνία"", ""Διαχείριση χρόνου"", ""Διαχείριση προσοχής και συγκέντρωσης""]","[""Επαγγελματική Επικοινωνία"", ""Προσωπική Διαχείριση""]",3
1742323,Full Stack Developer,[],[],0
1742787,Software Engineer (.NET & Angular),"[""Επιβεβαίωση οδηγιών και απαιτήσεων""]","[""Επαγγελματική Επικοινωνία""]",1
1742855,"Senior Associate, Software Engineer","[""Σύνταξη επαγγελματικών email"", ""Σαφής και συνοπτική επικοινωνία"", ""Ανάλυση χρονοδιαγραμμάτων έργου"", ""Ανάλυση προτύπων εγγράφων"", ""Ανάλυση σφαλμάτων κώδικα"", ""Ανάλυση αναγκών stakeholders"", ""Ανάλυση αιτημάτων αλλαγής"", ""Οργάνωση χρονοδιαγραμμάτων έργου"", ""Οργάνωση προτύπων εγγράφων"", ""Οργάνωση σφαλμάτων κώδικα"", ""Οργάνωση αναγκών stakeholders"", ""Οργάνωση αιτημάτων αλλαγής"", ""Διαχείριση χρονοδιαγραμμάτων έργου"", ""Διαχείριση προτύπων εγγράφων"", ""Διαχείριση σφαλμάτων κώδικα"", ""Διαχείριση αναγκών stakeholders"", ""Διαχείριση αιτημάτων αλλαγής"", ""Παρακολούθηση χρονοδιαγραμμάτων έργου"", ""Παρακολούθηση προτύπων εγγράφων"", ""Παρακολούθηση σφαλμάτων κώδικα"", ""Παρακολούθηση αναγκών stakeholders"", ""Παρακολούθηση αιτημάτων αλλαγής"", ""Αξιολόγηση χρονοδιαγραμμάτων έργου"", ""Αξιολόγηση προτύπων εγγράφων"", ""Αξιολόγηση σφαλμάτων κώδικα"", ""Αξιολόγηση αναγκών stakeholders"", ""Αξιολόγηση αιτημάτων αλλαγής"", ""Τεκμηρίωση χρονοδιαγραμμάτων έργου"", ""Τεκμηρίωση προτύπων εγγράφων"", ""Τεκμηρίωση σφαλμάτων κώδικα"", ""Τεκμηρίωση αναγκών stakeholders"", ""Τεκμηρίωση αιτημάτων αλλαγής"", ""Βελτίωση χρονοδιαγραμμάτων έργου"", ""Βελτίωση προτύπων εγγράφων"", ""Βελτίωση σφαλμάτων κώδικα"", ""Βελτίωση αναγκών stakeholders"", ""Βελτίωση αιτημάτων αλλαγής"", ""Συντονισμός χρονοδιαγραμμάτων έργου"", ""Συντονισμός προτύπων εγγράφων"", ""Συντονισμός σφαλμάτων κώδικα"", ""Συντονισμός αναγκών stakeholders"", ""Συντονισμός αιτημάτων αλλαγής"", ""Έλεγχος χρονοδιαγραμμάτων έργου"", ""Έλεγχος προτύπων εγγράφων"", ""Έλεγχος σφαλμάτων κώδικα"", ""Έλεγχος αναγκών stakeholders"", ""Έλεγχος αιτημάτων αλλαγής"", ""Προτεραιοποίηση χρονοδιαγραμμάτων έργου"", ""Προτεραιοποίηση προτύπων εγγράφων"", ""Προτεραιοποίηση σφαλμάτων κώδικα"", ""Προτεραιοποίηση αναγκών stakeholders"", ""Προτεραιοποίηση αιτημάτων αλλαγής""]","[""Ψηφιακή Παραγωγικότητα και ΤΝ"", ""Επαγγελματική Επικοινωνία"", ""Διοικητική Υποστήριξη"", ""Ομαδική Συνεργασία"", ""Διαχείριση Δεδομένων και Πληροφορίας"", ""Ποιότητα και Συμμόρφωση"", ""Τεχνικές και Ψηφιακές Δεξιότητες""]",52
1765796,.NET Developer,"[""Ενεργητική ακρόαση"", ""Διαχείριση προσοχής και συγκέντρωσης"", ""Επιβεβαίωση οδηγιών και απαιτήσεων""]","[""Επαγγελματική Επικοινωνία"", ""Προσωπική Διαχείριση""]",3
1766232,Developer,"[""Διαχείριση χρόνου""]","[""Προσωπική Διαχείριση""]",1
1766909,"Senior Backend Software Developer (Contractor, 1-year term)",[],[],0
1766977,Java Spring - Full Time - Full REMOTE Developer,[],[],0
1783063,Principal Architect – Java & Cloud Migration,"[""Σαφής και συνοπτική επικοινωνία"", ""Αυτοματοποίηση επαναλαμβανόμενων εργασιών""]","[""Επαγγελματική Επικοινωνία"", ""Ψηφιακή Παραγωγικότητα και ΤΝ""]",2
1783242,Angular Front-End Software Engineer,[],[],0
1800033,Senior Back-End Web Developer,[],[],0
1800725,Senior C# .NET Developer,"[""Σαφής και συνοπτική επικοινωνία"", ""Διαχείριση προσοχής και συγκέντρωσης""]","[""Επαγγελματική Επικοινωνία"", ""Προσωπική Διαχείριση""]",2
11,Accounting Assistant,[],[],0
27,ASSISTANT ACCOUNTANT,"[""Διαχείριση χρόνου"", ""Διαχείριση προσοχής και συγκέντρωσης"", ""Ανάλυση χρονοδιαγραμμάτων έργου"", ""Ανάλυση προτύπων εγγράφων"", ""Ανάλυση σφαλμάτων κώδικα"", ""Ανάλυση αναγκών stakeholders"", ""Ανάλυση αιτημάτων αλλαγής"", ""Οργάνωση χρονοδιαγραμμάτων έργου"", ""Οργάνωση προτύπων εγγράφων"", ""Οργάνωση σφαλμάτων κώδικα"", ""Οργάνωση αναγκών stakeholders"", ""Οργάνωση αιτημάτων αλλαγής"", ""Διαχείριση χρονοδιαγραμμάτων έργου"", ""Διαχείριση προτύπων εγγράφων"", ""Διαχείριση σφαλμάτων κώδικα"", ""Διαχείριση αναγκών stakeholders"", ""Διαχείριση αιτημάτων αλλαγής"", ""Παρακολούθηση χρονοδιαγραμμάτων έργου"", ""Παρακολούθηση προτύπων εγγράφων"", ""Παρακολούθηση σφαλμάτων κώδικα"", ""Παρακολούθηση αναγκών stakeholders"", ""Παρακολούθηση αιτημάτων αλλαγής"", ""Αξιολόγηση χρονοδιαγραμμάτων έργου"", ""Αξιολόγηση προτύπων εγγράφων"", ""Αξιολόγηση σφαλμάτων κώδικα"", ""Αξιολόγηση αναγκών stakeholders"", ""Αξιολόγηση αιτημάτων αλλαγής"", ""Τεκμηρίωση χρονοδιαγραμμάτων έργου"", ""Τεκμηρίωση προτύπων εγγράφων"", ""Τεκμηρίωση σφαλμάτων κώδικα"", ""Τεκμηρίωση αναγκών stakeholders"", ""Τεκμηρίωση αιτημάτων αλλαγής"", ""Βελτίωση χρονοδιαγραμμάτων έργου"", ""Βελτίωση προτύπων εγγράφων"", ""Βελτίωση σφαλμάτων κώδικα"", ""Βελτίωση αναγκών stakeholders"", ""Βελτίωση αιτημάτων αλλαγής"", ""Συντονισμός χρονοδιαγραμμάτων έργου"", ""Συντονισμός προτύπων εγγράφων"", ""Συντονισμός σφαλμάτων κώδικα"", ""Συντονισμός αναγκών stakeholders"", ""Συντονισμός αιτημάτων αλλαγής"", ""Έλεγχος χρονοδιαγραμμάτων έργου"", ""Έλεγχος προτύπων εγγράφων"", ""Έλεγχος σφαλμάτων κώδικα"", ""Έλεγχος αναγκών stakeholders"", ""Έλεγχος αιτημάτων αλλαγής"", ""Προτεραιοποίηση χρονοδιαγραμμάτων έργου"", ""Προτεραιοποίηση προτύπων εγγράφων"", ""Προτεραιοποίηση σφαλμάτων κώδικα"", ""Προτεραιοποίηση αναγκών stakeholders"", ""Προτεραιοποίηση αιτημάτων αλλαγής""]","[""Προσωπική Διαχείριση"", ""Διοικητική Υποστήριξη"", ""Ομαδική Συνεργασία"", ""Διαχείριση Δεδομένων και Πληροφορίας"", ""Επαγγελματική Επικοινωνία"", ""Ποιότητα και Συμμόρφωση"", ""Τεχνικές και Ψηφιακές Δεξιότητες""]",52
38,E-Shop Assistant - PAIANIA,"[""Σύνταξη επαγγελματικών email"", ""Οργάνωση ψηφιακού χώρου εργασίας"", ""Διαχείριση χρόνου""]","[""Ψηφιακή Παραγωγικότητα και ΤΝ"", ""Διαχείριση Δεδομένων και Πληροφορίας"", ""Προσωπική Διαχείριση""]",3
55,Executive Assistant,"[""Σύνταξη επαγγελματικών email"", ""Αυτοματοποίηση επαναλαμβανόμενων εργασιών"", ""Διαχείριση χρόνου""]","[""Ψηφιακή Παραγωγικότητα και ΤΝ"", ""Προσωπική Διαχείριση""]",3
56,Assistant Accountant for a Paper Trading and Processing Company.,"[""Διαχείριση χρόνου""]","[""Προσωπική Διαχείριση""]",1
90,Office Clerk,"[""Διαχείριση χρόνου""]","[""Προσωπική Διαχείριση""]",1
93,ASSISTANT ACCOUNTANT,[],[],0
101,STORE ASSISTANT - Brooks Brothers,"[""Σαφής και συνοπτική επικοινωνία""]","[""Επαγγελματική Επικοινωνία""]",1
106,Accounting/Administrative Assistant,"[""Σαφής και συνοπτική επικοινωνία"", ""Διαχείριση χρόνου"", ""Διαχείριση προσοχής και συγκέντρωσης""]","[""Επαγγελματική Επικοινωνία"", ""Προσωπική Διαχείριση""]",3
136,Treasury Assistant,"[""Σαφής και συνοπτική επικοινωνία""]","[""Επαγγελματική Επικοινωνία""]",1
148,Administration and Front Office Assistant,"[""Σαφής και συνοπτική επικοινωνία"", ""Οργάνωση ψηφιακού χώρου εργασίας"", ""Διαχείριση χρόνου"", ""Διαχείριση προσοχής και συγκέντρωσης""]","[""Επαγγελματική Επικοινωνία"", ""Διαχείριση Δεδομένων και Πληροφορίας"", ""Προσωπική Διαχείριση""]",4
150,Accounting & Admin Assistant,[],[],0
153,HR ASSISTANT,"[""Σύνταξη επαγγελματικών email""]","[""Ψηφιακή Παραγωγικότητα και ΤΝ""]",1
155,PAYROLL ASSISTANT,"[""Σύνταξη επαγγελματικών email""]","[""Ψηφιακή Παραγωγικότητα και ΤΝ""]",1
176,Assistant Driver,[],[],0
190,INSTALLER-TECHNICIAN OF SECURITY SYSTEMS,[],[],0
191,ASSISTANT ACCOUNTANT,"[""Σαφής και συνοπτική επικοινωνία""]","[""Επαγγελματική Επικοινωνία""]",1
192,ASSISTANT ACCOUNTANT,[],[],0
237,Administrative Assistant,"[""Σύνταξη επαγγελματικών email"", ""Σαφής και συνοπτική επικοινωνία"", ""Διαχείριση χρόνου"", ""Ανάλυση δεδομένων σε υπολογιστικά φύλλα"", ""Ανάλυση κινδύνων έργου"", ""Ανάλυση tickets υποστήριξης"", ""Ανάλυση επαγγελματικών συνομιλιών"", ""Ανάλυση αποτελεσμάτων έρευνας"", ""Οργάνωση δεδομένων σε υπολογιστικά φύλλα"", ""Οργάνωση κινδύνων έργου"", ""Οργάνωση tickets υποστήριξης"", ""Οργάνωση επαγγελματικών συνομιλιών"", ""Οργάνωση αποτελεσμάτων έρευνας"", ""Διαχείριση δεδομένων σε υπολογιστικά φύλλα"", ""Διαχείριση κινδύνων έργου"", ""Διαχείριση tickets υποστήριξης"", ""Διαχείριση επαγγελματικών συνομιλιών"", ""Διαχείριση αποτελεσμάτων έρευνας"", ""Παρακολούθηση δεδομένων σε υπολογιστικά φύλλα"", ""Παρακολούθηση κινδύνων έργου"", ""Παρακολούθηση tickets υποστήριξης"", ""Παρακολούθηση επαγγελματικών συνομιλιών"", ""Παρακολούθηση αποτελεσμάτων έρευνας"", ""Αξιολόγηση δεδομένων σε υπολογιστικά φύλλα"", ""Αξιολόγηση κινδύνων έργου"", ""Αξιολόγηση tickets υποστήριξης"", ""Αξιολόγηση επαγγελματικών συνομιλιών"", ""Αξιολόγηση αποτελεσμάτων έρευνας"", ""Τεκμηρίωση δεδομένων σε υπολογιστικά φύλλα"", ""Τεκμηρίωση κινδύνων έργου"", ""Τεκμηρίωση tickets υποστήριξης"", ""Τεκμηρίωση επαγγελματικών συνομιλιών"", ""Τεκμηρίωση αποτελεσμάτων έρευνας"", ""Βελτίωση δεδομένων σε υπολογιστικά φύλλα"", ""Βελτίωση κινδύνων έργου"", ""Βελτίωση tickets υποστήριξης"", ""Βελτίωση επαγγελματικών συνομιλιών"", ""Βελτίωση αποτελεσμάτων έρευνας"", ""Συντονισμός δεδομένων σε υπολογιστικά φύλλα"", ""Συντονισμός κινδύνων έργου"", ""Συντονισμός tickets υποστήριξης"", ""Συντονισμός επαγγελματικών συνομιλιών"", ""Συντονισμός αποτελεσμάτων έρευνας"", ""Έλεγχος δεδομένων σε υπολογιστικά φύλλα"", ""Έλεγχος κινδύνων έργου"", ""Έλεγχος tickets υποστήριξης"", ""Έλεγχος επαγγελματικών συνομιλιών"", ""Έλεγχος αποτελεσμάτων έρευνας"", ""Προτεραιοποίηση δεδομένων σε υπολογιστικά φύλλα"", ""Προτεραιοποίηση κινδύνων έργου"", ""Προτεραιοποίηση tickets υποστήριξης"", ""Προτεραιοποίηση επαγγελματικών συνομιλιών"", ""Προτεραιοποίηση αποτελεσμάτων έρευνας""]","[""Ψηφιακή Παραγωγικότητα και ΤΝ"", ""Επαγγελματική Επικοινωνία"", ""Προσωπική Διαχείριση"", ""Μάθηση και Προσαρμοστικότητα"", ""Διαχείριση Έργων"", ""Ανάλυση και Επίλυση Προβλημάτων"", ""Εξυπηρέτηση Πελατών""]",53
254,COOK - ASSISTANT COOK,[],[],0
278,Assistant Waiter for Domes Zeen Chania.,[],[],0
280,Βοηθός-Τεχνικός Αντιμετώπισης Έκτακτης Ανάγκης,"[""Σύνταξη επαγγελματικών email"", ""Σαφής και συνοπτική επικοινωνία"", ""Διαχείριση χρόνου"", ""Διαχείριση προσοχής και συγκέντρωσης"", ""Ανάλυση χρονοδιαγραμμάτων έργου"", ""Ανάλυση προτύπων εγγράφων"", ""Ανάλυση σφαλμάτων κώδικα"", ""Ανάλυση αναγκών stakeholders"", ""Ανάλυση αιτημάτων αλλαγής"", ""Οργάνωση χρονοδιαγραμμάτων έργου"", ""Οργάνωση προτύπων εγγράφων"", ""Οργάνωση σφαλμάτων κώδικα"", ""Οργάνωση αναγκών stakeholders"", ""Οργάνωση αιτημάτων αλλαγής"", ""Διαχείριση χρονοδιαγραμμάτων έργου"", ""Διαχείριση προτύπων εγγράφων"", ""Διαχείριση σφαλμάτων κώδικα"", ""Διαχείριση αναγκών stakeholders"", ""Διαχείριση αιτημάτων αλλαγής"", ""Παρακολούθηση χρονοδιαγραμμάτων έργου"", ""Παρακολούθηση προτύπων εγγράφων"", ""Παρακολούθηση σφαλμάτων κώδικα"", ""Παρακολούθηση αναγκών stakeholders"", ""Παρακολούθηση αιτημάτων αλλαγής"", ""Αξιολόγηση χρονοδιαγραμμάτων έργου"", ""Αξιολόγηση προτύπων εγγράφων"", ""Αξιολόγηση σφαλμάτων κώδικα"", ""Αξιολόγηση αναγκών stakeholders"", ""Αξιολόγηση αιτημάτων αλλαγής"", ""Τεκμηρίωση χρονοδιαγραμμάτων έργου"", ""Τεκμηρίωση προτύπων εγγράφων"", ""Τεκμηρίωση σφαλμάτων κώδικα"", ""Τεκμηρίωση αναγκών stakeholders"", ""Τεκμηρίωση αιτημάτων αλλαγής"", ""Βελτίωση χρονοδιαγραμμάτων έργου"", ""Βελτίωση προτύπων εγγράφων"", ""Βελτίωση σφαλμάτων κώδικα"", ""Βελτίωση αναγκών stakeholders"", ""Βελτίωση αιτημάτων αλλαγής"", ""Συντονισμός χρονοδιαγραμμάτων έργου"", ""Συντονισμός προτύπων εγγράφων"", ""Συντονισμός σφαλμάτων κώδικα"", ""Συντονισμός αναγκών stakeholders"", ""Συντονισμός αιτημάτων αλλαγής"", ""Έλεγχος χρονοδιαγραμμάτων έργου"", ""Έλεγχος προτύπων εγγράφων"", ""Έλεγχος σφαλμάτων κώδικα"", ""Έλεγχος αναγκών stakeholders"", ""Έλεγχος αιτημάτων αλλαγής"", ""Προτεραιοποίηση χρονοδιαγραμμάτων έργου"", ""Προτεραιοποίηση προτύπων εγγράφων"", ""Προτεραιοποίηση σφαλμάτων κώδικα"", ""Προτεραιοποίηση αναγκών stakeholders"", ""Προτεραιοποίηση αιτημάτων αλλαγής""]","[""Ψηφιακή Παραγωγικότητα και ΤΝ"", ""Επαγγελματική Επικοινωνία"", ""Προσωπική Διαχείριση"", ""Διοικητική Υποστήριξη"", ""Ομαδική Συνεργασία"", ""Διαχείριση Δεδομένων και Πληροφορίας"", ""Ποιότητα και Συμμόρφωση"", ""Τεχνικές και Ψηφιακές Δεξιότητες""]",54
281,Baker - baker's assistant wanted,[],[],0
293,RESERVATION ASSISTANT,"[""Σύνταξη επαγγελματικών email"", ""Σαφής και συνοπτική επικοινωνία""]","[""Ψηφιακή Παραγωγικότητα και ΤΝ"", ""Επαγγελματική Επικοινωνία""]",2
314,Financial Accounting Advisory Assistant Manager/Manager,"[""Σαφής και συνοπτική επικοινωνία"", ""Διαχείριση χρόνου"", ""Διαχείριση προσοχής και συγκέντρωσης""]","[""Επαγγελματική Επικοινωνία"", ""Προσωπική Διαχείριση""]",3
337,Assistant Operator - Operator Clark,[],[],0
345,ASSISTANT ACCOUNTANT,"[""Σύνταξη επαγγελματικών email"", ""Σαφής και συνοπτική επικοινωνία"", ""Διαχείριση χρόνου"", ""Διαχείριση προσοχής και συγκέντρωσης""]","[""Ψηφιακή Παραγωγικότητα και ΤΝ"", ""Επαγγελματική Επικοινωνία"", ""Προσωπική Διαχείριση""]",4
357,LOOKING FOR PERSONNEL FOR ACCOUNTANT / OFFICE CLERK POSITION IN SUBSIDY PROGRAMS DEPARTMENT,[],[],0
358,Sales assistant Mango Flamingo Xanthi,"[""Σαφής και συνοπτική επικοινωνία"", ""Διαχείριση χρόνου"", ""Ανάλυση τεχνικών ζητημάτων"", ""Ανάλυση προτεραιοτήτων εργασίας"", ""Ανάλυση ημερολογίων εργασίας"", ""Ανάλυση εσωτερικών ανακοινώσεων"", ""Ανάλυση σεναρίων δοκιμών"", ""Οργάνωση τεχνικών ζητημάτων"", ""Οργάνωση προτεραιοτήτων εργασίας"", ""Οργάνωση ημερολογίων εργασίας"", ""Οργάνωση εσωτερικών ανακοινώσεων"", ""Οργάνωση σεναρίων δοκιμών"", ""Διαχείριση τεχνικών ζητημάτων"", ""Διαχείριση προτεραιοτήτων εργασίας"", ""Διαχείριση ημερολογίων εργασίας"", ""Διαχείριση εσωτερικών ανακοινώσεων"", ""Διαχείριση σεναρίων δοκιμών"", ""Παρακολούθηση τεχνικών ζητημάτων"", ""Παρακολούθηση προτεραιοτήτων εργασίας"", ""Παρακολούθηση ημερολογίων εργασίας"", ""Παρακολούθηση εσωτερικών ανακοινώσεων"", ""Παρακολούθηση σεναρίων δοκιμών"", ""Αξιολόγηση τεχνικών ζητημάτων"", ""Αξιολόγηση προτεραιοτήτων εργασίας"", ""Αξιολόγηση ημερολογίων εργασίας"", ""Αξιολόγηση εσωτερικών ανακοινώσεων"", ""Αξιολόγηση σεναρίων δοκιμών"", ""Τεκμηρίωση τεχνικών ζητημάτων"", ""Τεκμηρίωση προτεραιοτήτων εργασίας"", ""Τεκμηρίωση ημερολογίων εργασίας"", ""Τεκμηρίωση εσωτερικών ανακοινώσεων"", ""Τεκμηρίωση σεναρίων δοκιμών"", ""Βελτίωση τεχνικών ζητημάτων"", ""Βελτίωση προτεραιοτήτων εργασίας"", ""Βελτίωση ημερολογίων εργασίας"", ""Βελτίωση εσωτερικών ανακοινώσεων"", ""Βελτίωση σεναρίων δοκιμών"", ""Συντονισμός τεχνικών ζητημάτων"", ""Συντονισμός προτεραιοτήτων εργασίας"", ""Συντονισμός ημερολογίων εργασίας"", ""Συντονισμός εσωτερικών ανακοινώσεων"", ""Συντονισμός σεναρίων δοκιμών"", ""Έλεγχος τεχνικών ζητημάτων"", ""Έλεγχος προτεραιοτήτων εργασίας"", ""Έλεγχος ημερολογίων εργασίας"", ""Έλεγχος εσωτερικών ανακοινώσεων"", ""Έλεγχος σεναρίων δοκιμών"", ""Προτεραιοποίηση τεχνικών ζητημάτων"", ""Προτεραιοποίηση προτεραιοτήτων εργασίας"", ""Προτεραιοποίηση ημερολογίων εργασίας"", ""Προτεραιοποίηση εσωτερικών ανακοινώσεων"", ""Προτεραιοποίηση σεναρίων δοκιμών""]","[""Επαγγελματική Επικοινωνία"", ""Προσωπική Διαχείριση"", ""Διαχείριση Δεδομένων και Πληροφορίας"", ""Ποιότητα και Συμμόρφωση"", ""Τεχνικές και Ψηφιακές Δεξιότητες"", ""Διοικητική Υποστήριξη"", ""Ομαδική Συνεργασία""]",52
368,ACCOUNTING ASSISTANT,"[""Αυτοματοποίηση επαναλαμβανόμενων εργασιών"", ""Διαχείριση χρόνου""]","[""Ψηφιακή Παραγωγικότητα και ΤΝ"", ""Προσωπική Διαχείριση""]",2
1072,Backend Developer,"[""Σαφής και συνοπτική επικοινωνία""]","[""Επαγγελματική Επικοινωνία""]",1
1115,Senior Oracle ADF Developer,"[""Σαφής και συνοπτική επικοινωνία"", ""Διαχείριση χρόνου""]","[""Επαγγελματική Επικοινωνία"", ""Προσωπική Διαχείριση""]",2
1858,Software Engineer (Java),"[""Επιβεβαίωση οδηγιών και απαιτήσεων""]","[""Επαγγελματική Επικοινωνία""]",1
2154,Senior Node.js Developer,"[""Σαφής και συνοπτική επικοινωνία"", ""Διαχείριση χρόνου""]","[""Επαγγελματική Επικοινωνία"", ""Προσωπική Διαχείριση""]",2
2155,Senior PHP Developer,"[""Σαφής και συνοπτική επικοινωνία"", ""Διαχείριση χρόνου""]","[""Επαγγελματική Επικοινωνία"", ""Προσωπική Διαχείριση""]",2
2715,"Manager, AI and Data Science Frontend Engineer","[""Σαφής και συνοπτική επικοινωνία"", ""Διαχείριση χρόνου""]","[""Επαγγελματική Επικοινωνία"", ""Προσωπική Διαχείριση""]",2
4385,Python Backend Developer,"[""Αυτοματοποίηση επαναλαμβανόμενων εργασιών"", ""Οργάνωση ψηφιακού χώρου εργασίας""]","[""Ψηφιακή Παραγωγικότητα και ΤΝ"", ""Διαχείριση Δεδομένων και Πληροφορίας""]",2
4645,"PHP Microservices Engineer (x/f/m), Remote","[""Διαχείριση χρόνου""]","[""Προσωπική Διαχείριση""]",1
43082,Senior Backend Engineer,"[""Σαφής και συνοπτική επικοινωνία"", ""Διαχείριση χρόνου""]","[""Επαγγελματική Επικοινωνία"", ""Προσωπική Διαχείριση""]",2
54000,GIS Developer,"[""Σαφής και συνοπτική επικοινωνία"", ""Ενεργητική ακρόαση"", ""Διαχείριση χρόνου"", ""Διαχείριση προσοχής και συγκέντρωσης""]","[""Επαγγελματική Επικοινωνία"", ""Προσωπική Διαχείριση""]",4
61839,Senior Backend Developer (Node.js/NestJS),"[""Σύνταξη επαγγελματικών email"", ""Σαφής και συνοπτική επικοινωνία"", ""Αυτοματοποίηση επαναλαμβανόμενων εργασιών""]","[""Ψηφιακή Παραγωγικότητα και ΤΝ"", ""Επαγγελματική Επικοινωνία""]",3
65870,Full Stack Developer,[],[],0
100624,PHP Web Developer,"[""Διαχείριση προσοχής και συγκέντρωσης""]","[""Προσωπική Διαχείριση""]",1
1723215,Remote Senior Back-End Software Developer,"[""Διαχείριση χρόνου""]","[""Προσωπική Διαχείριση""]",1
1727035,Senior Python Developer,"[""Διαχείριση προσοχής και συγκέντρωσης""]","[""Προσωπική Διαχείριση""]",1
1727082,Web Developer (.NET),"[""Διαχείριση χρόνου"", ""Ανάλυση χρονοδιαγραμμάτων έργου"", ""Ανάλυση προτύπων εγγράφων"", ""Ανάλυση σφαλμάτων κώδικα"", ""Ανάλυση αναγκών stakeholders"", ""Ανάλυση αιτημάτων αλλαγής"", ""Οργάνωση χρονοδιαγραμμάτων έργου"", ""Οργάνωση προτύπων εγγράφων"", ""Οργάνωση σφαλμάτων κώδικα"", ""Οργάνωση αναγκών stakeholders"", ""Οργάνωση αιτημάτων αλλαγής"", ""Διαχείριση χρονοδιαγραμμάτων έργου"", ""Διαχείριση προτύπων εγγράφων"", ""Διαχείριση σφαλμάτων κώδικα"", ""Διαχείριση αναγκών stakeholders"", ""Διαχείριση αιτημάτων αλλαγής"", ""Παρακολούθηση χρονοδιαγραμμάτων έργου"", ""Παρακολούθηση προτύπων εγγράφων"", ""Παρακολούθηση σφαλμάτων κώδικα"", ""Παρακολούθηση αναγκών stakeholders"", ""Παρακολούθηση αιτημάτων αλλαγής"", ""Αξιολόγηση χρονοδιαγραμμάτων έργου"", ""Αξιολόγηση προτύπων εγγράφων"", ""Αξιολόγηση σφαλμάτων κώδικα"", ""Αξιολόγηση αναγκών stakeholders"", ""Αξιολόγηση αιτημάτων αλλαγής"", ""Τεκμηρίωση χρονοδιαγραμμάτων έργου"", ""Τεκμηρίωση προτύπων εγγράφων"", ""Τεκμηρίωση σφαλμάτων κώδικα"", ""Τεκμηρίωση αναγκών stakeholders"", ""Τεκμηρίωση αιτημάτων αλλαγής"", ""Βελτίωση χρονοδιαγραμμάτων έργου"", ""Βελτίωση προτύπων εγγράφων"", ""Βελτίωση σφαλμάτων κώδικα"", ""Βελτίωση αναγκών stakeholders"", ""Βελτίωση αιτημάτων αλλαγής"", ""Συντονισμός χρονοδιαγραμμάτων έργου"", ""Συντονισμός προτύπων εγγράφων"", ""Συντονισμός σφαλμάτων κώδικα"", ""Συντονισμός αναγκών stakeholders"", ""Συντονισμός αιτημάτων αλλαγής"", ""Έλεγχος χρονοδιαγραμμάτων έργου"", ""Έλεγχος προτύπων εγγράφων"", ""Έλεγχος σφαλμάτων κώδικα"", ""Έλεγχος αναγκών stakeholders"", ""Έλεγχος αιτημάτων αλλαγής"", ""Προτεραιοποίηση χρονοδιαγραμμάτων έργου"", ""Προτεραιοποίηση προτύπων εγγράφων"", ""Προτεραιοποίηση σφαλμάτων κώδικα"", ""Προτεραιοποίηση αναγκών stakeholders"", ""Προτεραιοποίηση αιτημάτων αλλαγής""]","[""Προσωπική Διαχείριση"", ""Διοικητική Υποστήριξη"", ""Ομαδική Συνεργασία"", ""Διαχείριση Δεδομένων και Πληροφορίας"", ""Επαγγελματική Επικοινωνία"", ""Ποιότητα και Συμμόρφωση"", ""Τεχνικές και Ψηφιακές Δεξιότητες""]",51
1727227,Python Developer,[],[],0
1766983,React Developer,"[""Σαφής και συνοπτική επικοινωνία"", ""Οργάνωση ψηφιακού χώρου εργασίας"", ""Διαχείριση χρόνου""]","[""Επαγγελματική Επικοινωνία"", ""Διαχείριση Δεδομένων και Πληροφορίας"", ""Προσωπική Διαχείριση""]",3
1842461,Frontend Engineer (Angular) Mid-Senior,"[""Διαχείριση προσοχής και συγκέντρωσης""]","[""Προσωπική Διαχείριση""]",1
1842464,Frontend Engineer (Angular) Mid-Senior,"[""Διαχείριση προσοχής και συγκέντρωσης""]","[""Προσωπική Διαχείριση""]",1
1842465,Frontend Engineer (Angular) Mid-Senior,"[""Διαχείριση προσοχής και συγκέντρωσης""]","[""Προσωπική Διαχείριση""]",1
1842944,Python Engineer | Strategy Risk & Transactions Advisory,"[""Διαχείριση προσοχής και συγκέντρωσης"", ""Επιβεβαίωση οδηγιών και απαιτήσεων""]","[""Προσωπική Διαχείριση"", ""Επαγγελματική Επικοινωνία""]",2
1843193,Backend Developer / Integration Specialist,"[""Αυτοματοποίηση επαναλαμβανόμενων εργασιών""]","[""Ψηφιακή Παραγωγικότητα και ΤΝ""]",1
1843195,Full Stack Web Developer,[],[],0
1844013,PHP Software Developer,"[""Σύνταξη επαγγελματικών email"", ""Σαφής και συνοπτική επικοινωνία"", ""Ενεργητική ακρόαση"", ""Αυτοματοποίηση επαναλαμβανόμενων εργασιών"", ""Διαχείριση χρόνου"", ""Διαχείριση προσοχής και συγκέντρωσης""]","[""Ψηφιακή Παραγωγικότητα και ΤΝ"", ""Επαγγελματική Επικοινωνία"", ""Προσωπική Διαχείριση""]",6
1861912,Experienced Full Stack Developer,"[""Διαχείριση χρόνου""]","[""Προσωπική Διαχείριση""]",1
1906680,Back-End Software Developer,"[""Σαφής και συνοπτική επικοινωνία"", ""Διαχείριση χρόνου"", ""Διαχείριση προσοχής και συγκέντρωσης"", ""Ανάλυση επαγγελματικής αλληλογραφίας"", ""Ανάλυση ερωτημάτων υποστήριξης"", ""Ανάλυση δεδομένων αγοράς"", ""Ανάλυση γραφημάτων δεδομένων"", ""Ανάλυση ελέγχων συμμόρφωσης"", ""Οργάνωση επαγγελματικής αλληλογραφίας"", ""Οργάνωση ερωτημάτων υποστήριξης"", ""Οργάνωση δεδομένων αγοράς"", ""Οργάνωση γραφημάτων δεδομένων"", ""Οργάνωση ελέγχων συμμόρφωσης"", ""Διαχείριση επαγγελματικής αλληλογραφίας"", ""Διαχείριση ερωτημάτων υποστήριξης"", ""Διαχείριση δεδομένων αγοράς"", ""Διαχείριση γραφημάτων δεδομένων"", ""Διαχείριση ελέγχων συμμόρφωσης"", ""Παρακολούθηση επαγγελματικής αλληλογραφίας"", ""Παρακολούθηση ερωτημάτων υποστήριξης"", ""Παρακολούθηση δεδομένων αγοράς"", ""Παρακολούθηση γραφημάτων δεδομένων"", ""Παρακολούθηση ελέγχων συμμόρφωσης"", ""Αξιολόγηση επαγγελματικής αλληλογραφίας"", ""Αξιολόγηση ερωτημάτων υποστήριξης"", ""Αξιολόγηση δεδομένων αγοράς"", ""Αξιολόγηση γραφημάτων δεδομένων"", ""Αξιολόγηση ελέγχων συμμόρφωσης"", ""Τεκμηρίωση επαγγελματικής αλληλογραφίας"", ""Τεκμηρίωση ερωτημάτων υποστήριξης"", ""Τεκμηρίωση δεδομένων αγοράς"", ""Τεκμηρίωση γραφημάτων δεδομένων"", ""Τεκμηρίωση ελέγχων συμμόρφωσης"", ""Βελτίωση επαγγελματικής αλληλογραφίας"", ""Βελτίωση ερωτημάτων υποστήριξης"", ""Βελτίωση δεδομένων αγοράς"", ""Βελτίωση γραφημάτων δεδομένων"", ""Βελτίωση ελέγχων συμμόρφωσης"", ""Συντονισμός επαγγελματικής αλληλογραφίας"", ""Συντονισμός ερωτημάτων υποστήριξης"", ""Συντονισμός δεδομένων αγοράς"", ""Συντονισμός γραφημάτων δεδομένων"", ""Συντονισμός ελέγχων συμμόρφωσης"", ""Έλεγχος επαγγελματικής αλληλογραφίας"", ""Έλεγχος ερωτημάτων υποστήριξης"", ""Έλεγχος δεδομένων αγοράς"", ""Έλεγχος γραφημάτων δεδομένων"", ""Έλεγχος ελέγχων συμμόρφωσης"", ""Προτεραιοποίηση επαγγελματικής αλληλογραφίας"", ""Προτεραιοποίηση ερωτημάτων υποστήριξης"", ""Προτεραιοποίηση δεδομένων αγοράς"", ""Προτεραιοποίηση γραφημάτων δεδομένων"", ""Προτεραιοποίηση ελέγχων συμμόρφωσης""]","[""Επαγγελματική Επικοινωνία"", ""Προσωπική Διαχείριση"", ""Ποιότητα και Συμμόρφωση"", ""Τεχνικές και Ψηφιακές Δεξιότητες"", ""Διοικητική Υποστήριξη"", ""Ομαδική Συνεργασία"", ""Διαχείριση Δεδομένων και Πληροφορίας""]",53
1908636,Frontend Developer,"[""Σαφής και συνοπτική επικοινωνία"", ""Ανάλυση αιτημάτων πελατών"", ""Ανάλυση λειτουργικών οδηγιών"", ""Ανάλυση λιστών επαφών"", ""Ανάλυση παρουσιάσεων"", ""Ανάλυση σχολίων αξιολόγησης"", ""Οργάνωση αιτημάτων πελατών"", ""Οργάνωση λειτουργικών οδηγιών"", ""Οργάνωση λιστών επαφών"", ""Οργάνωση παρουσιάσεων"", ""Οργάνωση σχολίων αξιολόγησης"", ""Διαχείριση αιτημάτων πελατών"", ""Διαχείριση λειτουργικών οδηγιών"", ""Διαχείριση λιστών επαφών"", ""Διαχείριση παρουσιάσεων"", ""Διαχείριση σχολίων αξιολόγησης"", ""Παρακολούθηση αιτημάτων πελατών"", ""Παρακολούθηση λειτουργικών οδηγιών"", ""Παρακολούθηση λιστών επαφών"", ""Παρακολούθηση παρουσιάσεων"", ""Παρακολούθηση σχολίων αξιολόγησης"", ""Αξιολόγηση αιτημάτων πελατών"", ""Αξιολόγηση λειτουργικών οδηγιών"", ""Αξιολόγηση λιστών επαφών"", ""Αξιολόγηση παρουσιάσεων"", ""Αξιολόγηση σχολίων αξιολόγησης"", ""Τεκμηρίωση αιτημάτων πελατών"", ""Τεκμηρίωση λειτουργικών οδηγιών"", ""Τεκμηρίωση λιστών επαφών"", ""Τεκμηρίωση παρουσιάσεων"", ""Τεκμηρίωση σχολίων αξιολόγησης"", ""Βελτίωση αιτημάτων πελατών"", ""Βελτίωση λειτουργικών οδηγιών"", ""Βελτίωση λιστών επαφών"", ""Βελτίωση παρουσιάσεων"", ""Βελτίωση σχολίων αξιολόγησης"", ""Συντονισμός αιτημάτων πελατών"", ""Συντονισμός λειτουργικών οδηγιών"", ""Συντονισμός λιστών επαφών"", ""Συντονισμός παρουσιάσεων"", ""Συντονισμός σχολίων αξιολόγησης"", ""Έλεγχος αιτημάτων πελατών"", ""Έλεγχος λειτουργικών οδηγιών"", ""Έλεγχος λιστών επαφών"", ""Έλεγχος παρουσιάσεων"", ""Έλεγχος σχολίων αξιολόγησης"", ""Προτεραιοποίηση αιτημάτων πελατών"", ""Προτεραιοποίηση λειτουργικών οδηγιών"", ""Προτεραιοποίηση λιστών επαφών"", ""Προτεραιοποίηση παρουσιάσεων"", ""Προτεραιοποίηση σχολίων αξιολόγησης""]","[""Επαγγελματική Επικοινωνία"", ""Ψηφιακή Παραγωγικότητα και ΤΝ"", ""Μάθηση και Προσαρμοστικότητα"", ""Διαχείριση Έργων"", ""Ανάλυση και Επίλυση Προβλημάτων"", ""Εξυπηρέτηση Πελατών"", ""Προσωπική Διαχείριση""]",51
1909313,Developer/Cloud Engineer,"[""Σαφής και συνοπτική επικοινωνία""]","[""Επαγγελματική Επικοινωνία""]",1
1940303,Frontend developer / software engineer (JavaScript),"[""Οργάνωση ψηφιακού χώρου εργασίας""]","[""Διαχείριση Δεδομένων και Πληροφορίας""]",1
1950671,Python Developer,"[""Σαφής και συνοπτική επικοινωνία"", ""Διαχείριση προσοχής και συγκέντρωσης""]","[""Επαγγελματική Επικοινωνία"", ""Προσωπική Διαχείριση""]",2
2082697,Python Developer,"[""Σαφής και συνοπτική επικοινωνία"", ""Διαχείριση προσοχής και συγκέντρωσης""]","[""Επαγγελματική Επικοινωνία"", ""Προσωπική Διαχείριση""]",2
2082698,Python Developer,"[""Σαφής και συνοπτική επικοινωνία"", ""Διαχείριση προσοχής και συγκέντρωσης""]","[""Επαγγελματική Επικοινωνία"", ""Προσωπική Διαχείριση""]",2
2082699,Python Developer,"[""Σαφής και συνοπτική επικοινωνία"", ""Διαχείριση προσοχής και συγκέντρωσης""]","[""Επαγγελματική Επικοινωνία"", ""Προσωπική Διαχείριση""]",2
2082742,React Developer,"[""Διαχείριση χρόνου"", ""Διαχείριση προσοχής και συγκέντρωσης""]","[""Προσωπική Διαχείριση""]",2
2082842,Android Developer,"[""Διαχείριση προσοχής και συγκέντρωσης""]","[""Προσωπική Διαχείριση""]",1
2082846,Cloud Backend Developer,"[""Σαφής και συνοπτική επικοινωνία"", ""Οργάνωση ψηφιακού χώρου εργασίας"", ""Διαχείριση προσοχής και συγκέντρωσης""]","[""Επαγγελματική Επικοινωνία"", ""Διαχείριση Δεδομένων και Πληροφορίας"", ""Προσωπική Διαχείριση""]",3
2773748,Python Developer - Automation (m/f/d),"[""Σύνταξη επαγγελματικών email"", ""Αυτοματοποίηση επαναλαμβανόμενων εργασιών""]","[""Ψηφιακή Παραγωγικότητα και ΤΝ""]",2
2773750,.NET Developer (m/f/d),"[""Σύνταξη επαγγελματικών email""]","[""Ψηφιακή Παραγωγικότητα και ΤΝ""]",1
2774412,Android Developer,"[""Διαχείριση προσοχής και συγκέντρωσης""]","[""Προσωπική Διαχείριση""]",1
2774415,Cloud Backend Developer,"[""Σαφής και συνοπτική επικοινωνία"", ""Οργάνωση ψηφιακού χώρου εργασίας"", ""Διαχείριση προσοχής και συγκέντρωσης""]","[""Επαγγελματική Επικοινωνία"", ""Διαχείριση Δεδομένων και Πληροφορίας"", ""Προσωπική Διαχείριση""]",3
2780970,Frontend Software Engineer,"[""Σαφής και συνοπτική επικοινωνία"", ""Διαχείριση προσοχής και συγκέντρωσης"", ""Ανάλυση επαγγελματικής αλληλογραφίας"", ""Ανάλυση ερωτημάτων υποστήριξης"", ""Ανάλυση δεδομένων αγοράς"", ""Ανάλυση γραφημάτων δεδομένων"", ""Ανάλυση ελέγχων συμμόρφωσης"", ""Οργάνωση επαγγελματικής αλληλογραφίας"", ""Οργάνωση ερωτημάτων υποστήριξης"", ""Οργάνωση δεδομένων αγοράς"", ""Οργάνωση γραφημάτων δεδομένων"", ""Οργάνωση ελέγχων συμμόρφωσης"", ""Διαχείριση επαγγελματικής αλληλογραφίας"", ""Διαχείριση ερωτημάτων υποστήριξης"", ""Διαχείριση δεδομένων αγοράς"", ""Διαχείριση γραφημάτων δεδομένων"", ""Διαχείριση ελέγχων συμμόρφωσης"", ""Παρακολούθηση επαγγελματικής αλληλογραφίας"", ""Παρακολούθηση ερωτημάτων υποστήριξης"", ""Παρακολούθηση δεδομένων αγοράς"", ""Παρακολούθηση γραφημάτων δεδομένων"", ""Παρακολούθηση ελέγχων συμμόρφωσης"", ""Αξιολόγηση επαγγελματικής αλληλογραφίας"", ""Αξιολόγηση ερωτημάτων υποστήριξης"", ""Αξιολόγηση δεδομένων αγοράς"", ""Αξιολόγηση γραφημάτων δεδομένων"", ""Αξιολόγηση ελέγχων συμμόρφωσης"", ""Τεκμηρίωση επαγγελματικής αλληλογραφίας"", ""Τεκμηρίωση ερωτημάτων υποστήριξης"", ""Τεκμηρίωση δεδομένων αγοράς"", ""Τεκμηρίωση γραφημάτων δεδομένων"", ""Τεκμηρίωση ελέγχων συμμόρφωσης"", ""Βελτίωση επαγγελματικής αλληλογραφίας"", ""Βελτίωση ερωτημάτων υποστήριξης"", ""Βελτίωση δεδομένων αγοράς"", ""Βελτίωση γραφημάτων δεδομένων"", ""Βελτίωση ελέγχων συμμόρφωσης"", ""Συντονισμός επαγγελματικής αλληλογραφίας"", ""Συντονισμός ερωτημάτων υποστήριξης"", ""Συντονισμός δεδομένων αγοράς"", ""Συντονισμός γραφημάτων δεδομένων"", ""Συντονισμός ελέγχων συμμόρφωσης"", ""Έλεγχος επαγγελματικής αλληλογραφίας"", ""Έλεγχος ερωτημάτων υποστήριξης"", ""Έλεγχος δεδομένων αγοράς"", ""Έλεγχος γραφημάτων δεδομένων"", ""Έλεγχος ελέγχων συμμόρφωσης"", ""Προτεραιοποίηση επαγγελματικής αλληλογραφίας"", ""Προτεραιοποίηση ερωτημάτων υποστήριξης"", ""Προτεραιοποίηση δεδομένων αγοράς"", ""Προτεραιοποίηση γραφημάτων δεδομένων"", ""Προτεραιοποίηση ελέγχων συμμόρφωσης""]","[""Επαγγελματική Επικοινωνία"", ""Προσωπική Διαχείριση"", ""Ποιότητα και Συμμόρφωση"", ""Τεχνικές και Ψηφιακές Δεξιότητες"", ""Διοικητική Υποστήριξη"", ""Ομαδική Συνεργασία"", ""Διαχείριση Δεδομένων και Πληροφορίας""]",52
2781126,Python Developer,"[""Σαφής και συνοπτική επικοινωνία"", ""Διαχείριση προσοχής και συγκέντρωσης""]","[""Επαγγελματική Επικοινωνία"", ""Προσωπική Διαχείριση""]",2
2783346,Developer/Cloud Engineer,"[""Σαφής και συνοπτική επικοινωνία""]","[""Επαγγελματική Επικοινωνία""]",1
2783611,Java Spring Boot Developer @ Thessaloniki,"[""Σαφής και συνοπτική επικοινωνία"", ""Ενεργητική ακρόαση"", ""Οργάνωση ψηφιακού χώρου εργασίας""]","[""Επαγγελματική Επικοινωνία"", ""Διαχείριση Δεδομένων και Πληροφορίας""]",3
2783627,Front-end Developer with Angular (Mid-Senior) @ Thessaloniki,"[""Σαφής και συνοπτική επικοινωνία"", ""Ενεργητική ακρόαση"", ""Οργάνωση ψηφιακού χώρου εργασίας"", ""Διαχείριση χρόνου"", ""Ανάλυση αναφορών προόδου"", ""Ανάλυση δεικτών απόδοσης"", ""Ανάλυση παραδοτέων έργου"", ""Ανάλυση μηνυμάτων follow-up"", ""Ανάλυση βιβλιογραφικών πηγών"", ""Οργάνωση αναφορών προόδου"", ""Οργάνωση δεικτών απόδοσης"", ""Οργάνωση παραδοτέων έργου"", ""Οργάνωση μηνυμάτων follow-up"", ""Οργάνωση βιβλιογραφικών πηγών"", ""Διαχείριση αναφορών προόδου"", ""Διαχείριση δεικτών απόδοσης"", ""Διαχείριση παραδοτέων έργου"", ""Διαχείριση μηνυμάτων follow-up"", ""Διαχείριση βιβλιογραφικών πηγών"", ""Παρακολούθηση αναφορών προόδου"", ""Παρακολούθηση δεικτών απόδοσης"", ""Παρακολούθηση παραδοτέων έργου"", ""Παρακολούθηση μηνυμάτων follow-up"", ""Παρακολούθηση βιβλιογραφικών πηγών"", ""Αξιολόγηση αναφορών προόδου"", ""Αξιολόγηση δεικτών απόδοσης"", ""Αξιολόγηση παραδοτέων έργου"", ""Αξιολόγηση μηνυμάτων follow-up"", ""Αξιολόγηση βιβλιογραφικών πηγών"", ""Τεκμηρίωση αναφορών προόδου"", ""Τεκμηρίωση δεικτών απόδοσης"", ""Τεκμηρίωση παραδοτέων έργου"", ""Τεκμηρίωση μηνυμάτων follow-up"", ""Τεκμηρίωση βιβλιογραφικών πηγών"", ""Βελτίωση αναφορών προόδου"", ""Βελτίωση δεικτών απόδοσης"", ""Βελτίωση παραδοτέων έργου"", ""Βελτίωση μηνυμάτων follow-up"", ""Βελτίωση βιβλιογραφικών πηγών"", ""Συντονισμός αναφορών προόδου"", ""Συντονισμός δεικτών απόδοσης"", ""Συντονισμός παραδοτέων έργου"", ""Συντονισμός μηνυμάτων follow-up"", ""Συντονισμός βιβλιογραφικών πηγών"", ""Έλεγχος αναφορών προόδου"", ""Έλεγχος δεικτών απόδοσης"", ""Έλεγχος παραδοτέων έργου"", ""Έλεγχος μηνυμάτων follow-up"", ""Έλεγχος βιβλιογραφικών πηγών"", ""Προτεραιοποίηση αναφορών προόδου"", ""Προτεραιοποίηση δεικτών απόδοσης"", ""Προτεραιοποίηση παραδοτέων έργου"", ""Προτεραιοποίηση μηνυμάτων follow-up"", ""Προτεραιοποίηση βιβλιογραφικών πηγών""]","[""Επαγγελματική Επικοινωνία"", ""Διαχείριση Δεδομένων και Πληροφορίας"", ""Προσωπική Διαχείριση"", ""Ομαδική Συνεργασία"", ""Ποιότητα και Συμμόρφωση"", ""Τεχνικές και Ψηφιακές Δεξιότητες"", ""Διοικητική Υποστήριξη""]",54
2792373,Senior Full Stack Developer,"[""Σύνταξη επαγγελματικών email"", ""Διαχείριση προσοχής και συγκέντρωσης""]","[""Ψηφιακή Παραγωγικότητα και ΤΝ"", ""Προσωπική Διαχείριση""]",2
2818916,Senior Full Stack Developer,[],[],0
2,Senior Manager (Corporate Communications & PR),"[""Σαφής και συνοπτική επικοινωνία"", ""Ενεργητική ακρόαση"", ""Διαχείριση προσοχής και συγκέντρωσης"", ""Ανάλυση δεδομένων σε υπολογιστικά φύλλα"", ""Ανάλυση κινδύνων έργου"", ""Ανάλυση tickets υποστήριξης"", ""Ανάλυση επαγγελματικών συνομιλιών"", ""Ανάλυση αποτελεσμάτων έρευνας"", ""Οργάνωση δεδομένων σε υπολογιστικά φύλλα"", ""Οργάνωση κινδύνων έργου"", ""Οργάνωση tickets υποστήριξης"", ""Οργάνωση επαγγελματικών συνομιλιών"", ""Οργάνωση αποτελεσμάτων έρευνας"", ""Διαχείριση δεδομένων σε υπολογιστικά φύλλα"", ""Διαχείριση κινδύνων έργου"", ""Διαχείριση tickets υποστήριξης"", ""Διαχείριση επαγγελματικών συνομιλιών"", ""Διαχείριση αποτελεσμάτων έρευνας"", ""Παρακολούθηση δεδομένων σε υπολογιστικά φύλλα"", ""Παρακολούθηση κινδύνων έργου"", ""Παρακολούθηση tickets υποστήριξης"", ""Παρακολούθηση επαγγελματικών συνομιλιών"", ""Παρακολούθηση αποτελεσμάτων έρευνας"", ""Αξιολόγηση δεδομένων σε υπολογιστικά φύλλα"", ""Αξιολόγηση κινδύνων έργου"", ""Αξιολόγηση tickets υποστήριξης"", ""Αξιολόγηση επαγγελματικών συνομιλιών"", ""Αξιολόγηση αποτελεσμάτων έρευνας"", ""Τεκμηρίωση δεδομένων σε υπολογιστικά φύλλα"", ""Τεκμηρίωση κινδύνων έργου"", ""Τεκμηρίωση tickets υποστήριξης"", ""Τεκμηρίωση επαγγελματικών συνομιλιών"", ""Τεκμηρίωση αποτελεσμάτων έρευνας"", ""Βελτίωση δεδομένων σε υπολογιστικά φύλλα"", ""Βελτίωση κινδύνων έργου"", ""Βελτίωση tickets υποστήριξης"", ""Βελτίωση επαγγελματικών συνομιλιών"", ""Βελτίωση αποτελεσμάτων έρευνας"", ""Συντονισμός δεδομένων σε υπολογιστικά φύλλα"", ""Συντονισμός κινδύνων έργου"", ""Συντονισμός tickets υποστήριξης"", ""Συντονισμός επαγγελματικών συνομιλιών"", ""Συντονισμός αποτελεσμάτων έρευνας"", ""Έλεγχος δεδομένων σε υπολογιστικά φύλλα"", ""Έλεγχος κινδύνων έργου"", ""Έλεγχος tickets υποστήριξης"", ""Έλεγχος επαγγελματικών συνομιλιών"", ""Έλεγχος αποτελεσμάτων έρευνας"", ""Προτεραιοποίηση δεδομένων σε υπολογιστικά φύλλα"", ""Προτεραιοποίηση κινδύνων έργου"", ""Προτεραιοποίηση tickets υποστήριξης"", ""Προτεραιοποίηση επαγγελματικών συνομιλιών"", ""Προτεραιοποίηση αποτελεσμάτων έρευνας""]","[""Επαγγελματική Επικοινωνία"", ""Προσωπική Διαχείριση"", ""Ψηφιακή Παραγωγικότητα και ΤΝ"", ""Μάθηση και Προσαρμοστικότητα"", ""Διαχείριση Έργων"", ""Ανάλυση και Επίλυση Προβλημάτων"", ""Εξυπηρέτηση Πελατών""]",53
4,PPC Energy Consultant new Franchise store in N. Eritrea,"[""Σαφής και συνοπτική επικοινωνία"", ""Ενεργητική ακρόαση""]","[""Επαγγελματική Επικοινωνία""]",2
5,KEY ACCOUNT MANAGER THESSALONIKI,"[""Σαφής και συνοπτική επικοινωνία""]","[""Επαγγελματική Επικοινωνία""]",1
6,Installer of security systems,[],[],0
7,PRODUCT MANAGER,"[""Αποτελεσματική αναζήτηση στο διαδίκτυο""]","[""Διαχείριση Δεδομένων και Πληροφορίας""]",1
8,BILLING / ACCOUNTING OFFICER,"[""Σύνταξη επαγγελματικών email""]","[""Ψηφιακή Παραγωγικότητα και ΤΝ""]",1
9,KEY ACCOUNT MANAGER ATHENS THESSALONIKI,"[""Σαφής και συνοπτική επικοινωνία""]","[""Επαγγελματική Επικοινωνία""]",1
13,Logistics Coordinator,"[""Σαφής και συνοπτική επικοινωνία""]","[""Επαγγελματική Επικοινωνία""]",1
15,Salesmen/Saleswomen (No previous experience necessary),"[""Σαφής και συνοπτική επικοινωνία""]","[""Επαγγελματική Επικοινωνία""]",1
16,HR Manager,"[""Σύνταξη επαγγελματικών email"", ""Σαφής και συνοπτική επικοινωνία"", ""Διαχείριση χρόνου"", ""Διαχείριση προσοχής και συγκέντρωσης""]","[""Ψηφιακή Παραγωγικότητα και ΤΝ"", ""Επαγγελματική Επικοινωνία"", ""Προσωπική Διαχείριση""]",4
18,VODAFONE Family Advisor,"[""Σαφής και συνοπτική επικοινωνία"", ""Ενεργητική ακρόαση"", ""Διαχείριση χρόνου""]","[""Επαγγελματική Επικοινωνία"", ""Προσωπική Διαχείριση""]",3
19,Retail CRM Team Leader (VLTs),"[""Σαφής και συνοπτική επικοινωνία"", ""Διαχείριση χρόνου"", ""Διαχείριση προσοχής και συγκέντρωσης"", ""Ανάλυση χρονοδιαγραμμάτων έργου"", ""Ανάλυση προτύπων εγγράφων"", ""Ανάλυση σφαλμάτων κώδικα"", ""Ανάλυση αναγκών stakeholders"", ""Ανάλυση αιτημάτων αλλαγής"", ""Οργάνωση χρονοδιαγραμμάτων έργου"", ""Οργάνωση προτύπων εγγράφων"", ""Οργάνωση σφαλμάτων κώδικα"", ""Οργάνωση αναγκών stakeholders"", ""Οργάνωση αιτημάτων αλλαγής"", ""Διαχείριση χρονοδιαγραμμάτων έργου"", ""Διαχείριση προτύπων εγγράφων"", ""Διαχείριση σφαλμάτων κώδικα"", ""Διαχείριση αναγκών stakeholders"", ""Διαχείριση αιτημάτων αλλαγής"", ""Παρακολούθηση χρονοδιαγραμμάτων έργου"", ""Παρακολούθηση προτύπων εγγράφων"", ""Παρακολούθηση σφαλμάτων κώδικα"", ""Παρακολούθηση αναγκών stakeholders"", ""Παρακολούθηση αιτημάτων αλλαγής"", ""Αξιολόγηση χρονοδιαγραμμάτων έργου"", ""Αξιολόγηση προτύπων εγγράφων"", ""Αξιολόγηση σφαλμάτων κώδικα"", ""Αξιολόγηση αναγκών stakeholders"", ""Αξιολόγηση αιτημάτων αλλαγής"", ""Τεκμηρίωση χρονοδιαγραμμάτων έργου"", ""Τεκμηρίωση προτύπων εγγράφων"", ""Τεκμηρίωση σφαλμάτων κώδικα"", ""Τεκμηρίωση αναγκών stakeholders"", ""Τεκμηρίωση αιτημάτων αλλαγής"", ""Βελτίωση χρονοδιαγραμμάτων έργου"", ""Βελτίωση προτύπων εγγράφων"", ""Βελτίωση σφαλμάτων κώδικα"", ""Βελτίωση αναγκών stakeholders"", ""Βελτίωση αιτημάτων αλλαγής"", ""Συντονισμός χρονοδιαγραμμάτων έργου"", ""Συντονισμός προτύπων εγγράφων"", ""Συντονισμός σφαλμάτων κώδικα"", ""Συντονισμός αναγκών stakeholders"", ""Συντονισμός αιτημάτων αλλαγής"", ""Έλεγχος χρονοδιαγραμμάτων έργου"", ""Έλεγχος προτύπων εγγράφων"", ""Έλεγχος σφαλμάτων κώδικα"", ""Έλεγχος αναγκών stakeholders"", ""Έλεγχος αιτημάτων αλλαγής"", ""Προτεραιοποίηση χρονοδιαγραμμάτων έργου"", ""Προτεραιοποίηση προτύπων εγγράφων"", ""Προτεραιοποίηση σφαλμάτων κώδικα"", ""Προτεραιοποίηση αναγκών stakeholders"", ""Προτεραιοποίηση αιτημάτων αλλαγής""]","[""Επαγγελματική Επικοινωνία"", ""Προσωπική Διαχείριση"", ""Διοικητική Υποστήριξη"", ""Ομαδική Συνεργασία"", ""Διαχείριση Δεδομένων και Πληροφορίας"", ""Ποιότητα και Συμμόρφωση"", ""Τεχνικές και Ψηφιακές Δεξιότητες""]",53
20,Junior Buyer (Fixed-Term),"[""Σαφής και συνοπτική επικοινωνία"", ""Οργάνωση ψηφιακού χώρου εργασίας"", ""Αποτελεσματική αναζήτηση στο διαδίκτυο"", ""Διαχείριση χρόνου""]","[""Επαγγελματική Επικοινωνία"", ""Διαχείριση Δεδομένων και Πληροφορίας"", ""Προσωπική Διαχείριση""]",4
22,Customer Contact Agent,"[""Σύνταξη επαγγελματικών email"", ""Διαχείριση χρόνου""]","[""Ψηφιακή Παραγωγικότητα και ΤΝ"", ""Προσωπική Διαχείριση""]",2
26,ACCOUNTING OFFICER/ASSISTANT ACCOUNTANT,"[""Σύνταξη επαγγελματικών email"", ""Οργάνωση ψηφιακού χώρου εργασίας"", ""Διαχείριση χρόνου""]","[""Ψηφιακή Παραγωγικότητα και ΤΝ"", ""Διαχείριση Δεδομένων και Πληροφορίας"", ""Προσωπική Διαχείριση""]",3
28,Contact Center Specialist | Part Time (Afternoon Hours - Fixed Term Contract),"[""Σαφής και συνοπτική επικοινωνία""]","[""Επαγγελματική Επικοινωνία""]",1
29,Network Development & Sales Manager,"[""Σαφής και συνοπτική επικοινωνία"", ""Διαχείριση χρόνου""]","[""Επαγγελματική Επικοινωνία"", ""Προσωπική Διαχείριση""]",2
30,Contact Center specialist – 6 hour employment,"[""Σαφής και συνοπτική επικοινωνία""]","[""Επαγγελματική Επικοινωνία""]",1
35,SECRETARIAL SUPPORT,"[""Σύνταξη επαγγελματικών email"", ""Σαφής και συνοπτική επικοινωνία""]","[""Ψηφιακή Παραγωγικότητα και ΤΝ"", ""Επαγγελματική Επικοινωνία""]",2
36,Customer Service and Sales Support Manager - CSR,"[""Σαφής και συνοπτική επικοινωνία"", ""Διαχείριση χρόνου"", ""Ανάλυση χρονοδιαγραμμάτων έργου"", ""Ανάλυση προτύπων εγγράφων"", ""Ανάλυση σφαλμάτων κώδικα"", ""Ανάλυση αναγκών stakeholders"", ""Ανάλυση αιτημάτων αλλαγής"", ""Οργάνωση χρονοδιαγραμμάτων έργου"", ""Οργάνωση προτύπων εγγράφων"", ""Οργάνωση σφαλμάτων κώδικα"", ""Οργάνωση αναγκών stakeholders"", ""Οργάνωση αιτημάτων αλλαγής"", ""Διαχείριση χρονοδιαγραμμάτων έργου"", ""Διαχείριση προτύπων εγγράφων"", ""Διαχείριση σφαλμάτων κώδικα"", ""Διαχείριση αναγκών stakeholders"", ""Διαχείριση αιτημάτων αλλαγής"", ""Παρακολούθηση χρονοδιαγραμμάτων έργου"", ""Παρακολούθηση προτύπων εγγράφων"", ""Παρακολούθηση σφαλμάτων κώδικα"", ""Παρακολούθηση αναγκών stakeholders"", ""Παρακολούθηση αιτημάτων αλλαγής"", ""Αξιολόγηση χρονοδιαγραμμάτων έργου"", ""Αξιολόγηση προτύπων εγγράφων"", ""Αξιολόγηση σφαλμάτων κώδικα"", ""Αξιολόγηση αναγκών stakeholders"", ""Αξιολόγηση αιτημάτων αλλαγής"", ""Τεκμηρίωση χρονοδιαγραμμάτων έργου"", ""Τεκμηρίωση προτύπων εγγράφων"", ""Τεκμηρίωση σφαλμάτων κώδικα"", ""Τεκμηρίωση αναγκών stakeholders"", ""Τεκμηρίωση αιτημάτων αλλαγής"", ""Βελτίωση χρονοδιαγραμμάτων έργου"", ""Βελτίωση προτύπων εγγράφων"", ""Βελτίωση σφαλμάτων κώδικα"", ""Βελτίωση αναγκών stakeholders"", ""Βελτίωση αιτημάτων αλλαγής"", ""Συντονισμός χρονοδιαγραμμάτων έργου"", ""Συντονισμός προτύπων εγγράφων"", ""Συντονισμός σφαλμάτων κώδικα"", ""Συντονισμός αναγκών stakeholders"", ""Συντονισμός αιτημάτων αλλαγής"", ""Έλεγχος χρονοδιαγραμμάτων έργου"", ""Έλεγχος προτύπων εγγράφων"", ""Έλεγχος σφαλμάτων κώδικα"", ""Έλεγχος αναγκών stakeholders"", ""Έλεγχος αιτημάτων αλλαγής"", ""Προτεραιοποίηση χρονοδιαγραμμάτων έργου"", ""Προτεραιοποίηση προτύπων εγγράφων"", ""Προτεραιοποίηση σφαλμάτων κώδικα"", ""Προτεραιοποίηση αναγκών stakeholders"", ""Προτεραιοποίηση αιτημάτων αλλαγής""]","[""Επαγγελματική Επικοινωνία"", ""Προσωπική Διαχείριση"", ""Διοικητική Υποστήριξη"", ""Ομαδική Συνεργασία"", ""Διαχείριση Δεδομένων και Πληροφορίας"", ""Ποιότητα και Συμμόρφωση"", ""Τεχνικές και Ψηφιακές Δεξιότητες""]",52
37,Sales Consultant in a franchise store GERMANOS - Attica,"[""Σαφής και συνοπτική επικοινωνία"", ""Διαχείριση προσοχής και συγκέντρωσης""]","[""Επαγγελματική Επικοινωνία"", ""Προσωπική Διαχείριση""]",2
39,Guest Service Manager,"[""Σαφής και συνοπτική επικοινωνία"", ""Διαχείριση χρόνου"", ""Ανάλυση δεδομένων σε υπολογιστικά φύλλα"", ""Ανάλυση χρονοδιαγραμμάτων έργου"", ""Ανάλυση κινδύνων έργου"", ""Ανάλυση προτύπων εγγράφων"", ""Ανάλυση tickets υποστήριξης"", ""Ανάλυση σφαλμάτων κώδικα"", ""Ανάλυση επαγγελματικών συνομιλιών"", ""Ανάλυση αναγκών stakeholders"", ""Ανάλυση αποτελεσμάτων έρευνας"", ""Ανάλυση αιτημάτων αλλαγής"", ""Οργάνωση δεδομένων σε υπολογιστικά φύλλα"", ""Οργάνωση χρονοδιαγραμμάτων έργου"", ""Οργάνωση κινδύνων έργου"", ""Οργάνωση προτύπων εγγράφων"", ""Οργάνωση tickets υποστήριξης"", ""Οργάνωση σφαλμάτων κώδικα"", ""Οργάνωση επαγγελματικών συνομιλιών"", ""Οργάνωση αναγκών stakeholders"", ""Οργάνωση αποτελεσμάτων έρευνας"", ""Οργάνωση αιτημάτων αλλαγής"", ""Διαχείριση δεδομένων σε υπολογιστικά φύλλα"", ""Διαχείριση χρονοδιαγραμμάτων έργου"", ""Διαχείριση κινδύνων έργου"", ""Διαχείριση προτύπων εγγράφων"", ""Διαχείριση tickets υποστήριξης"", ""Διαχείριση σφαλμάτων κώδικα"", ""Διαχείριση επαγγελματικών συνομιλιών"", ""Διαχείριση αναγκών stakeholders"", ""Διαχείριση αποτελεσμάτων έρευνας"", ""Διαχείριση αιτημάτων αλλαγής"", ""Παρακολούθηση δεδομένων σε υπολογιστικά φύλλα"", ""Παρακολούθηση χρονοδιαγραμμάτων έργου"", ""Παρακολούθηση κινδύνων έργου"", ""Παρακολούθηση προτύπων εγγράφων"", ""Παρακολούθηση tickets υποστήριξης"", ""Παρακολούθηση σφαλμάτων κώδικα"", ""Παρακολούθηση επαγγελματικών συνομιλιών"", ""Παρακολούθηση αναγκών stakeholders"", ""Παρακολούθηση αποτελεσμάτων έρευνας"", ""Παρακολούθηση αιτημάτων αλλαγής"", ""Αξιολόγηση δεδομένων σε υπολογιστικά φύλλα"", ""Αξιολόγηση χρονοδιαγραμμάτων έργου"", ""Αξιολόγηση κινδύνων έργου"", ""Αξιολόγηση προτύπων εγγράφων"", ""Αξιολόγηση tickets υποστήριξης"", ""Αξιολόγηση σφαλμάτων κώδικα"", ""Αξιολόγηση επαγγελματικών συνομιλιών"", ""Αξιολόγηση αναγκών stakeholders"", ""Αξιολόγηση αποτελεσμάτων έρευνας"", ""Αξιολόγηση αιτημάτων αλλαγής"", ""Τεκμηρίωση δεδομένων σε υπολογιστικά φύλλα"", ""Τεκμηρίωση χρονοδιαγραμμάτων έργου"", ""Τεκμηρίωση κινδύνων έργου"", ""Τεκμηρίωση προτύπων εγγράφων"", ""Τεκμηρίωση tickets υποστήριξης"", ""Τεκμηρίωση σφαλμάτων κώδικα"", ""Τεκμηρίωση επαγγελματικών συνομιλιών"", ""Τεκμηρίωση αναγκών stakeholders"", ""Τεκμηρίωση αποτελεσμάτων έρευνας"", ""Τεκμηρίωση αιτημάτων αλλαγής"", ""Βελτίωση δεδομένων σε υπολογιστικά φύλλα"", ""Βελτίωση χρονοδιαγραμμάτων έργου"", ""Βελτίωση κινδύνων έργου"", ""Βελτίωση προτύπων εγγράφων"", ""Βελτίωση tickets υποστήριξης"", ""Βελτίωση σφαλμάτων κώδικα"", ""Βελτίωση επαγγελματικών συνομιλιών"", ""Βελτίωση αναγκών stakeholders"", ""Βελτίωση αποτελεσμάτων έρευνας"", ""Βελτίωση αιτημάτων αλλαγής"", ""Συντονισμός δεδομένων σε υπολογιστικά φύλλα"", ""Συντονισμός χρονοδιαγραμμάτων έργου"", ""Συντονισμός κινδύνων έργου"", ""Συντονισμός προτύπων εγγράφων"", ""Συντονισμός tickets υποστήριξης"", ""Συντονισμός σφαλμάτων κώδικα"", ""Συντονισμός επαγγελματικών συνομιλιών"", ""Συντονισμός αναγκών stakeholders"", ""Συντονισμός αποτελεσμάτων έρευνας"", ""Συντονισμός αιτημάτων αλλαγής"", ""Έλεγχος δεδομένων σε υπολογιστικά φύλλα"", ""Έλεγχος χρονοδιαγραμμάτων έργου"", ""Έλεγχος κινδύνων έργου"", ""Έλεγχος προτύπων εγγράφων"", ""Έλεγχος tickets υποστήριξης"", ""Έλεγχος σφαλμάτων κώδικα"", ""Έλεγχος επαγγελματικών συνομιλιών"", ""Έλεγχος αναγκών stakeholders"", ""Έλεγχος αποτελεσμάτων έρευνας"", ""Έλεγχος αιτημάτων αλλαγής"", ""Προτεραιοποίηση δεδομένων σε υπολογιστικά φύλλα"", ""Προτεραιοποίηση χρονοδιαγραμμάτων έργου"", ""Προτεραιοποίηση κινδύνων έργου"", ""Προτεραιοποίηση προτύπων εγγράφων"", ""Προτεραιοποίηση tickets υποστήριξης"", ""Προτεραιοποίηση σφαλμάτων κώδικα"", ""Προτεραιοποίηση επαγγελματικών συνομιλιών"", ""Προτεραιοποίηση αναγκών stakeholders"", ""Προτεραιοποίηση αποτελεσμάτων έρευνας"", ""Προτεραιοποίηση αιτημάτων αλλαγής""]","[""Επαγγελματική Επικοινωνία"", ""Προσωπική Διαχείριση"", ""Διοικητική Υποστήριξη"", ""Ψηφιακή Παραγωγικότητα και ΤΝ"", ""Ομαδική Συνεργασία"", ""Μάθηση και Προσαρμοστικότητα"", ""Διαχείριση Δεδομένων και Πληροφορίας"", ""Διαχείριση Έργων"", ""Ανάλυση και Επίλυση Προβλημάτων"", ""Ποιότητα και Συμμόρφωση"", ""Εξυπηρέτηση Πελατών"", ""Τεχνικές και Ψηφιακές Δεξιότητες""]",102
40,Sales Consultant at a GERMANOS franchise store - Thessaloniki,"[""Σαφής και συνοπτική επικοινωνία"", ""Διαχείριση προσοχής και συγκέντρωσης""]","[""Επαγγελματική Επικοινωνία"", ""Προσωπική Διαχείριση""]",2
42,Salesmen / Saleswomen,"[""Σύνταξη επαγγελματικών email"", ""Σαφής και συνοπτική επικοινωνία"", ""Διαχείριση χρόνου""]","[""Ψηφιακή Παραγωγικότητα και ΤΝ"", ""Επαγγελματική Επικοινωνία"", ""Προσωπική Διαχείριση""]",3
43,Junior Field Sales Representative,"[""Σαφής και συνοπτική επικοινωνία""]","[""Επαγγελματική Επικοινωνία""]",1
45,OFFICE CLERK - Front office,"[""Σύνταξη επαγγελματικών email"", ""Σαφής και συνοπτική επικοινωνία"", ""Οργάνωση ψηφιακού χώρου εργασίας"", ""Διαχείριση χρόνου""]","[""Ψηφιακή Παραγωγικότητα και ΤΝ"", ""Επαγγελματική Επικοινωνία"", ""Διαχείριση Δεδομένων και Πληροφορίας"", ""Προσωπική Διαχείριση""]",4
46,Sales Engineer,"[""Σαφής και συνοπτική επικοινωνία"", ""Διαχείριση προσοχής και συγκέντρωσης""]","[""Επαγγελματική Επικοινωνία"", ""Προσωπική Διαχείριση""]",2
47,Storekeeper - Marousi,[],[],0
25,Office Coordinator – Code Position R2024,"[""Οργάνωση ψηφιακού χώρου εργασίας"", ""Διαχείριση προσοχής και συγκέντρωσης""]","[""Διαχείριση Δεδομένων και Πληροφορίας"", ""Προσωπική Διαχείριση""]",2
81,Logistics Coordinator - Traffic Office Clerk - Inofyta,"[""Σαφής και συνοπτική επικοινωνία"", ""Ανάλυση χρονοδιαγραμμάτων έργου"", ""Ανάλυση προτύπων εγγράφων"", ""Ανάλυση σφαλμάτων κώδικα"", ""Ανάλυση αναγκών stakeholders"", ""Ανάλυση αιτημάτων αλλαγής"", ""Οργάνωση χρονοδιαγραμμάτων έργου"", ""Οργάνωση προτύπων εγγράφων"", ""Οργάνωση σφαλμάτων κώδικα"", ""Οργάνωση αναγκών stakeholders"", ""Οργάνωση αιτημάτων αλλαγής"", ""Διαχείριση χρονοδιαγραμμάτων έργου"", ""Διαχείριση προτύπων εγγράφων"", ""Διαχείριση σφαλμάτων κώδικα"", ""Διαχείριση αναγκών stakeholders"", ""Διαχείριση αιτημάτων αλλαγής"", ""Παρακολούθηση χρονοδιαγραμμάτων έργου"", ""Παρακολούθηση προτύπων εγγράφων"", ""Παρακολούθηση σφαλμάτων κώδικα"", ""Παρακολούθηση αναγκών stakeholders"", ""Παρακολούθηση αιτημάτων αλλαγής"", ""Αξιολόγηση χρονοδιαγραμμάτων έργου"", ""Αξιολόγηση προτύπων εγγράφων"", ""Αξιολόγηση σφαλμάτων κώδικα"", ""Αξιολόγηση αναγκών stakeholders"", ""Αξιολόγηση αιτημάτων αλλαγής"", ""Τεκμηρίωση χρονοδιαγραμμάτων έργου"", ""Τεκμηρίωση προτύπων εγγράφων"", ""Τεκμηρίωση σφαλμάτων κώδικα"", ""Τεκμηρίωση αναγκών stakeholders"", ""Τεκμηρίωση αιτημάτων αλλαγής"", ""Βελτίωση χρονοδιαγραμμάτων έργου"", ""Βελτίωση προτύπων εγγράφων"", ""Βελτίωση σφαλμάτων κώδικα"", ""Βελτίωση αναγκών stakeholders"", ""Βελτίωση αιτημάτων αλλαγής"", ""Συντονισμός χρονοδιαγραμμάτων έργου"", ""Συντονισμός προτύπων εγγράφων"", ""Συντονισμός σφαλμάτων κώδικα"", ""Συντονισμός αναγκών stakeholders"", ""Συντονισμός αιτημάτων αλλαγής"", ""Έλεγχος χρονοδιαγραμμάτων έργου"", ""Έλεγχος προτύπων εγγράφων"", ""Έλεγχος σφαλμάτων κώδικα"", ""Έλεγχος αναγκών stakeholders"", ""Έλεγχος αιτημάτων αλλαγής"", ""Προτεραιοποίηση χρονοδιαγραμμάτων έργου"", ""Προτεραιοποίηση προτύπων εγγράφων"", ""Προτεραιοποίηση σφαλμάτων κώδικα"", ""Προτεραιοποίηση αναγκών stakeholders"", ""Προτεραιοποίηση αιτημάτων αλλαγής""]","[""Επαγγελματική Επικοινωνία"", ""Διοικητική Υποστήριξη"", ""Ομαδική Συνεργασία"", ""Διαχείριση Δεδομένων και Πληροφορίας"", ""Ποιότητα και Συμμόρφωση"", ""Τεχνικές και Ψηφιακές Δεξιότητες""]",51
107,Imports & Transportation Coordinator,"[""Σύνταξη επαγγελματικών email"", ""Σαφής και συνοπτική επικοινωνία""]","[""Ψηφιακή Παραγωγικότητα και ΤΝ"", ""Επαγγελματική Επικοινωνία""]",2
112,Procurement Coordinator,"[""Σαφής και συνοπτική επικοινωνία"", ""Οργάνωση ψηφιακού χώρου εργασίας""]","[""Επαγγελματική Επικοινωνία"", ""Διαχείριση Δεδομένων και Πληροφορίας""]",2
146,Rooms Division Manager,"[""Διαχείριση χρόνου""]","[""Προσωπική Διαχείριση""]",1
249,Information Security and  Privacy  Coordinator,"[""Διαχείριση προσοχής και συγκέντρωσης"", ""Επιβεβαίωση οδηγιών και απαιτήσεων""]","[""Προσωπική Διαχείριση"", ""Επαγγελματική Επικοινωνία""]",2
323,Office Coordinator,"[""Σαφής και συνοπτική επικοινωνία""]","[""Επαγγελματική Επικοινωνία""]",1
379,Facilities and Fleet coordinator,"[""Σαφής και συνοπτική επικοινωνία"", ""Διαχείριση προσοχής και συγκέντρωσης""]","[""Επαγγελματική Επικοινωνία"", ""Προσωπική Διαχείριση""]",2
644,Rooms Division Manager,"[""Διαχείριση χρόνου""]","[""Προσωπική Διαχείριση""]",1
873,Operations Coordinator  | Healthcare Sector,"[""Διαχείριση χρόνου"", ""Διαχείριση προσοχής και συγκέντρωσης""]","[""Προσωπική Διαχείριση""]",2
885,Social Media Manager and Media Coordinator,"[""Σαφής και συνοπτική επικοινωνία"", ""Διαχείριση χρόνου""]","[""Επαγγελματική Επικοινωνία"", ""Προσωπική Διαχείριση""]",2
983,Beauty Consultant (Athens),"[""Σύνταξη επαγγελματικών email"", ""Σαφής και συνοπτική επικοινωνία"", ""Ενεργητική ακρόαση"", ""Αποτελεσματική αναζήτηση στο διαδίκτυο"", ""Διαχείριση χρόνου"", ""Διαχείριση προσοχής και συγκέντρωσης"", ""Ανάλυση χρονοδιαγραμμάτων έργου"", ""Ανάλυση προτύπων εγγράφων"", ""Ανάλυση σφαλμάτων κώδικα"", ""Ανάλυση αναγκών stakeholders"", ""Ανάλυση αιτημάτων αλλαγής"", ""Οργάνωση χρονοδιαγραμμάτων έργου"", ""Οργάνωση προτύπων εγγράφων"", ""Οργάνωση σφαλμάτων κώδικα"", ""Οργάνωση αναγκών stakeholders"", ""Οργάνωση αιτημάτων αλλαγής"", ""Διαχείριση χρονοδιαγραμμάτων έργου"", ""Διαχείριση προτύπων εγγράφων"", ""Διαχείριση σφαλμάτων κώδικα"", ""Διαχείριση αναγκών stakeholders"", ""Διαχείριση αιτημάτων αλλαγής"", ""Παρακολούθηση χρονοδιαγραμμάτων έργου"", ""Παρακολούθηση προτύπων εγγράφων"", ""Παρακολούθηση σφαλμάτων κώδικα"", ""Παρακολούθηση αναγκών stakeholders"", ""Παρακολούθηση αιτημάτων αλλαγής"", ""Αξιολόγηση χρονοδιαγραμμάτων έργου"", ""Αξιολόγηση προτύπων εγγράφων"", ""Αξιολόγηση σφαλμάτων κώδικα"", ""Αξιολόγηση αναγκών stakeholders"", ""Αξιολόγηση αιτημάτων αλλαγής"", ""Τεκμηρίωση χρονοδιαγραμμάτων έργου"", ""Τεκμηρίωση προτύπων εγγράφων"", ""Τεκμηρίωση σφαλμάτων κώδικα"", ""Τεκμηρίωση αναγκών stakeholders"", ""Τεκμηρίωση αιτημάτων αλλαγής"", ""Βελτίωση χρονοδιαγραμμάτων έργου"", ""Βελτίωση προτύπων εγγράφων"", ""Βελτίωση σφαλμάτων κώδικα"", ""Βελτίωση αναγκών stakeholders"", ""Βελτίωση αιτημάτων αλλαγής"", ""Συντονισμός χρονοδιαγραμμάτων έργου"", ""Συντονισμός προτύπων εγγράφων"", ""Συντονισμός σφαλμάτων κώδικα"", ""Συντονισμός αναγκών stakeholders"", ""Συντονισμός αιτημάτων αλλαγής"", ""Έλεγχος χρονοδιαγραμμάτων έργου"", ""Έλεγχος προτύπων εγγράφων"", ""Έλεγχος σφαλμάτων κώδικα"", ""Έλεγχος αναγκών stakeholders"", ""Έλεγχος αιτημάτων αλλαγής"", ""Προτεραιοποίηση χρονοδιαγραμμάτων έργου"", ""Προτεραιοποίηση προτύπων εγγράφων"", ""Προτεραιοποίηση σφαλμάτων κώδικα"", ""Προτεραιοποίηση αναγκών stakeholders"", ""Προτεραιοποίηση αιτημάτων αλλαγής""]","[""Ψηφιακή Παραγωγικότητα και ΤΝ"", ""Επαγγελματική Επικοινωνία"", ""Διαχείριση Δεδομένων και Πληροφορίας"", ""Προσωπική Διαχείριση"", ""Διοικητική Υποστήριξη"", ""Ομαδική Συνεργασία"", ""Ποιότητα και Συμμόρφωση"", ""Τεχνικές και Ψηφιακές Δεξιότητες""]",56
1205,Mechanical Engineer (Arcipetrol S.A.),[],[],0
1212,Quotations Coordinator,"[""Σαφής και συνοπτική επικοινωνία""]","[""Επαγγελματική Επικοινωνία""]",1
1254,DEPARTMENTAL HEAD OF SALES – HFBs COORDINATOR (IKEA Airport),"[""Σαφής και συνοπτική επικοινωνία"", ""Διαχείριση χρόνου"", ""Διαχείριση προσοχής και συγκέντρωσης"", ""Ανάλυση χρονοδιαγραμμάτων έργου"", ""Ανάλυση προτύπων εγγράφων"", ""Ανάλυση σφαλμάτων κώδικα"", ""Ανάλυση αναγκών stakeholders"", ""Ανάλυση αιτημάτων αλλαγής"", ""Οργάνωση χρονοδιαγραμμάτων έργου"", ""Οργάνωση προτύπων εγγράφων"", ""Οργάνωση σφαλμάτων κώδικα"", ""Οργάνωση αναγκών stakeholders"", ""Οργάνωση αιτημάτων αλλαγής"", ""Διαχείριση χρονοδιαγραμμάτων έργου"", ""Διαχείριση προτύπων εγγράφων"", ""Διαχείριση σφαλμάτων κώδικα"", ""Διαχείριση αναγκών stakeholders"", ""Διαχείριση αιτημάτων αλλαγής"", ""Παρακολούθηση χρονοδιαγραμμάτων έργου"", ""Παρακολούθηση προτύπων εγγράφων"", ""Παρακολούθηση σφαλμάτων κώδικα"", ""Παρακολούθηση αναγκών stakeholders"", ""Παρακολούθηση αιτημάτων αλλαγής"", ""Αξιολόγηση χρονοδιαγραμμάτων έργου"", ""Αξιολόγηση προτύπων εγγράφων"", ""Αξιολόγηση σφαλμάτων κώδικα"", ""Αξιολόγηση αναγκών stakeholders"", ""Αξιολόγηση αιτημάτων αλλαγής"", ""Τεκμηρίωση χρονοδιαγραμμάτων έργου"", ""Τεκμηρίωση προτύπων εγγράφων"", ""Τεκμηρίωση σφαλμάτων κώδικα"", ""Τεκμηρίωση αναγκών stakeholders"", ""Τεκμηρίωση αιτημάτων αλλαγής"", ""Βελτίωση χρονοδιαγραμμάτων έργου"", ""Βελτίωση προτύπων εγγράφων"", ""Βελτίωση σφαλμάτων κώδικα"", ""Βελτίωση αναγκών stakeholders"", ""Βελτίωση αιτημάτων αλλαγής"", ""Συντονισμός χρονοδιαγραμμάτων έργου"", ""Συντονισμός προτύπων εγγράφων"", ""Συντονισμός σφαλμάτων κώδικα"", ""Συντονισμός αναγκών stakeholders"", ""Συντονισμός αιτημάτων αλλαγής"", ""Έλεγχος χρονοδιαγραμμάτων έργου"", ""Έλεγχος προτύπων εγγράφων"", ""Έλεγχος σφαλμάτων κώδικα"", ""Έλεγχος αναγκών stakeholders"", ""Έλεγχος αιτημάτων αλλαγής"", ""Προτεραιοποίηση χρονοδιαγραμμάτων έργου"", ""Προτεραιοποίηση προτύπων εγγράφων"", ""Προτεραιοποίηση σφαλμάτων κώδικα"", ""Προτεραιοποίηση αναγκών stakeholders"", ""Προτεραιοποίηση αιτημάτων αλλαγής""]","[""Επαγγελματική Επικοινωνία"", ""Προσωπική Διαχείριση"", ""Διοικητική Υποστήριξη"", ""Ομαδική Συνεργασία"", ""Διαχείριση Δεδομένων και Πληροφορίας"", ""Ποιότητα και Συμμόρφωση"", ""Τεχνικές και Ψηφιακές Δεξιότητες""]",53
1405,Logistics Coordinator,"[""Σαφής και συνοπτική επικοινωνία"", ""Διαχείριση χρόνου""]","[""Επαγγελματική Επικοινωνία"", ""Προσωπική Διαχείριση""]",2
1413,Operations & Safety Coordinator with experience as Master (A/B) or Engineer (A/B) on Tankers,[],[],0
1416,Operations & Safety Coordinator,[],[],0
1579,Production shift Supervisor (Thebes),"[""Σύνταξη επαγγελματικών email"", ""Διαχείριση χρόνου"", ""Ανάλυση χρονοδιαγραμμάτων έργου"", ""Ανάλυση προτύπων εγγράφων"", ""Ανάλυση σφαλμάτων κώδικα"", ""Ανάλυση αναγκών stakeholders"", ""Ανάλυση αιτημάτων αλλαγής"", ""Οργάνωση χρονοδιαγραμμάτων έργου"", ""Οργάνωση προτύπων εγγράφων"", ""Οργάνωση σφαλμάτων κώδικα"", ""Οργάνωση αναγκών stakeholders"", ""Οργάνωση αιτημάτων αλλαγής"", ""Διαχείριση χρονοδιαγραμμάτων έργου"", ""Διαχείριση προτύπων εγγράφων"", ""Διαχείριση σφαλμάτων κώδικα"", ""Διαχείριση αναγκών stakeholders"", ""Διαχείριση αιτημάτων αλλαγής"", ""Παρακολούθηση χρονοδιαγραμμάτων έργου"", ""Παρακολούθηση προτύπων εγγράφων"", ""Παρακολούθηση σφαλμάτων κώδικα"", ""Παρακολούθηση αναγκών stakeholders"", ""Παρακολούθηση αιτημάτων αλλαγής"", ""Αξιολόγηση χρονοδιαγραμμάτων έργου"", ""Αξιολόγηση προτύπων εγγράφων"", ""Αξιολόγηση σφαλμάτων κώδικα"", ""Αξιολόγηση αναγκών stakeholders"", ""Αξιολόγηση αιτημάτων αλλαγής"", ""Τεκμηρίωση χρονοδιαγραμμάτων έργου"", ""Τεκμηρίωση προτύπων εγγράφων"", ""Τεκμηρίωση σφαλμάτων κώδικα"", ""Τεκμηρίωση αναγκών stakeholders"", ""Τεκμηρίωση αιτημάτων αλλαγής"", ""Βελτίωση χρονοδιαγραμμάτων έργου"", ""Βελτίωση προτύπων εγγράφων"", ""Βελτίωση σφαλμάτων κώδικα"", ""Βελτίωση αναγκών stakeholders"", ""Βελτίωση αιτημάτων αλλαγής"", ""Συντονισμός χρονοδιαγραμμάτων έργου"", ""Συντονισμός προτύπων εγγράφων"", ""Συντονισμός σφαλμάτων κώδικα"", ""Συντονισμός αναγκών stakeholders"", ""Συντονισμός αιτημάτων αλλαγής"", ""Έλεγχος χρονοδιαγραμμάτων έργου"", ""Έλεγχος προτύπων εγγράφων"", ""Έλεγχος σφαλμάτων κώδικα"", ""Έλεγχος αναγκών stakeholders"", ""Έλεγχος αιτημάτων αλλαγής"", ""Προτεραιοποίηση χρονοδιαγραμμάτων έργου"", ""Προτεραιοποίηση προτύπων εγγράφων"", ""Προτεραιοποίηση σφαλμάτων κώδικα"", ""Προτεραιοποίηση αναγκών stakeholders"", ""Προτεραιοποίηση αιτημάτων αλλαγής""]","[""Ψηφιακή Παραγωγικότητα και ΤΝ"", ""Προσωπική Διαχείριση"", ""Διοικητική Υποστήριξη"", ""Ομαδική Συνεργασία"", ""Διαχείριση Δεδομένων και Πληροφορίας"", ""Επαγγελματική Επικοινωνία"", ""Ποιότητα και Συμμόρφωση"", ""Τεχνικές και Ψηφιακές Δεξιότητες""]",52
1666,Event Coordinator,"[""Σαφής και συνοπτική επικοινωνία"", ""Διαχείριση χρόνου""]","[""Επαγγελματική Επικοινωνία"", ""Προσωπική Διαχείριση""]",2
1744,ERP Coordinator,"[""Διαχείριση χρόνου"", ""Διαχείριση προσοχής και συγκέντρωσης""]","[""Προσωπική Διαχείριση""]",2
1798,Consumer Care Coordinator based in Athens,"[""Σαφής και συνοπτική επικοινωνία"", ""Διαχείριση προσοχής και συγκέντρωσης"", ""Ανάλυση τεχνικών ζητημάτων"", ""Ανάλυση προτεραιοτήτων εργασίας"", ""Ανάλυση ημερολογίων εργασίας"", ""Ανάλυση εσωτερικών ανακοινώσεων"", ""Ανάλυση σεναρίων δοκιμών"", ""Οργάνωση τεχνικών ζητημάτων"", ""Οργάνωση προτεραιοτήτων εργασίας"", ""Οργάνωση ημερολογίων εργασίας"", ""Οργάνωση εσωτερικών ανακοινώσεων"", ""Οργάνωση σεναρίων δοκιμών"", ""Διαχείριση τεχνικών ζητημάτων"", ""Διαχείριση προτεραιοτήτων εργασίας"", ""Διαχείριση ημερολογίων εργασίας"", ""Διαχείριση εσωτερικών ανακοινώσεων"", ""Διαχείριση σεναρίων δοκιμών"", ""Παρακολούθηση τεχνικών ζητημάτων"", ""Παρακολούθηση προτεραιοτήτων εργασίας"", ""Παρακολούθηση ημερολογίων εργασίας"", ""Παρακολούθηση εσωτερικών ανακοινώσεων"", ""Παρακολούθηση σεναρίων δοκιμών"", ""Αξιολόγηση τεχνικών ζητημάτων"", ""Αξιολόγηση προτεραιοτήτων εργασίας"", ""Αξιολόγηση ημερολογίων εργασίας"", ""Αξιολόγηση εσωτερικών ανακοινώσεων"", ""Αξιολόγηση σεναρίων δοκιμών"", ""Τεκμηρίωση τεχνικών ζητημάτων"", ""Τεκμηρίωση προτεραιοτήτων εργασίας"", ""Τεκμηρίωση ημερολογίων εργασίας"", ""Τεκμηρίωση εσωτερικών ανακοινώσεων"", ""Τεκμηρίωση σεναρίων δοκιμών"", ""Βελτίωση τεχνικών ζητημάτων"", ""Βελτίωση προτεραιοτήτων εργασίας"", ""Βελτίωση ημερολογίων εργασίας"", ""Βελτίωση εσωτερικών ανακοινώσεων"", ""Βελτίωση σεναρίων δοκιμών"", ""Συντονισμός τεχνικών ζητημάτων"", ""Συντονισμός προτεραιοτήτων εργασίας"", ""Συντονισμός ημερολογίων εργασίας"", ""Συντονισμός εσωτερικών ανακοινώσεων"", ""Συντονισμός σεναρίων δοκιμών"", ""Έλεγχος τεχνικών ζητημάτων"", ""Έλεγχος προτεραιοτήτων εργασίας"", ""Έλεγχος ημερολογίων εργασίας"", ""Έλεγχος εσωτερικών ανακοινώσεων"", ""Έλεγχος σεναρίων δοκιμών"", ""Προτεραιοποίηση τεχνικών ζητημάτων"", ""Προτεραιοποίηση προτεραιοτήτων εργασίας"", ""Προτεραιοποίηση ημερολογίων εργασίας"", ""Προτεραιοποίηση εσωτερικών ανακοινώσεων"", ""Προτεραιοποίηση σεναρίων δοκιμών""]","[""Επαγγελματική Επικοινωνία"", ""Προσωπική Διαχείριση"", ""Διαχείριση Δεδομένων και Πληροφορίας"", ""Ποιότητα και Συμμόρφωση"", ""Τεχνικές και Ψηφιακές Δεξιότητες"", ""Διοικητική Υποστήριξη"", ""Ομαδική Συνεργασία""]",52
1855,Contract Agreement Coordinator,"[""Διαχείριση προσοχής και συγκέντρωσης""]","[""Προσωπική Διαχείριση""]",1
1877,Medical Assistance Coordinator,"[""Σαφής και συνοπτική επικοινωνία""]","[""Επαγγελματική Επικοινωνία""]",1
2015,Internal Cleaning Supervisor (Pylaia-Thessaloniki),"[""Σαφής και συνοπτική επικοινωνία"", ""Διαχείριση χρόνου""]","[""Επαγγελματική Επικοινωνία"", ""Προσωπική Διαχείριση""]",2
2022,Facilities Management Supervisor (Athens),"[""Σαφής και συνοπτική επικοινωνία"", ""Διαχείριση χρόνου""]","[""Επαγγελματική Επικοινωνία"", ""Προσωπική Διαχείριση""]",2
2069,Patient Support Coordinator,"[""Οργάνωση ψηφιακού χώρου εργασίας"", ""Διαχείριση χρόνου""]","[""Διαχείριση Δεδομένων και Πληροφορίας"", ""Προσωπική Διαχείριση""]",2
2126,ERP Coordinator/ Inhouse Support,"[""Διαχείριση χρόνου""]","[""Προσωπική Διαχείριση""]",1
2133,Exports coordinator,"[""Διαχείριση χρόνου"", ""Διαχείριση προσοχής και συγκέντρωσης""]","[""Προσωπική Διαχείριση""]",2
58,HUMAN RESOURCES WANTED,[],[],0
69,Claims Executive,"[""Σαφής και συνοπτική επικοινωνία"", ""Οργάνωση ψηφιακού χώρου εργασίας"", ""Διαχείριση χρόνου"", ""Διαχείριση προσοχής και συγκέντρωσης""]","[""Επαγγελματική Επικοινωνία"", ""Διαχείριση Δεδομένων και Πληροφορίας"", ""Προσωπική Διαχείριση""]",4
70,SEPHORA: E-Store Warehouse Clerk,"[""Διαχείριση χρόνου"", ""Διαχείριση προσοχής και συγκέντρωσης"", ""Ανάλυση χρονοδιαγραμμάτων έργου"", ""Ανάλυση προτύπων εγγράφων"", ""Ανάλυση σφαλμάτων κώδικα"", ""Ανάλυση αναγκών stakeholders"", ""Ανάλυση αιτημάτων αλλαγής"", ""Οργάνωση χρονοδιαγραμμάτων έργου"", ""Οργάνωση προτύπων εγγράφων"", ""Οργάνωση σφαλμάτων κώδικα"", ""Οργάνωση αναγκών stakeholders"", ""Οργάνωση αιτημάτων αλλαγής"", ""Διαχείριση χρονοδιαγραμμάτων έργου"", ""Διαχείριση προτύπων εγγράφων"", ""Διαχείριση σφαλμάτων κώδικα"", ""Διαχείριση αναγκών stakeholders"", ""Διαχείριση αιτημάτων αλλαγής"", ""Παρακολούθηση χρονοδιαγραμμάτων έργου"", ""Παρακολούθηση προτύπων εγγράφων"", ""Παρακολούθηση σφαλμάτων κώδικα"", ""Παρακολούθηση αναγκών stakeholders"", ""Παρακολούθηση αιτημάτων αλλαγής"", ""Αξιολόγηση χρονοδιαγραμμάτων έργου"", ""Αξιολόγηση προτύπων εγγράφων"", ""Αξιολόγηση σφαλμάτων κώδικα"", ""Αξιολόγηση αναγκών stakeholders"", ""Αξιολόγηση αιτημάτων αλλαγής"", ""Τεκμηρίωση χρονοδιαγραμμάτων έργου"", ""Τεκμηρίωση προτύπων εγγράφων"", ""Τεκμηρίωση σφαλμάτων κώδικα"", ""Τεκμηρίωση αναγκών stakeholders"", ""Τεκμηρίωση αιτημάτων αλλαγής"", ""Βελτίωση χρονοδιαγραμμάτων έργου"", ""Βελτίωση προτύπων εγγράφων"", ""Βελτίωση σφαλμάτων κώδικα"", ""Βελτίωση αναγκών stakeholders"", ""Βελτίωση αιτημάτων αλλαγής"", ""Συντονισμός χρονοδιαγραμμάτων έργου"", ""Συντονισμός προτύπων εγγράφων"", ""Συντονισμός σφαλμάτων κώδικα"", ""Συντονισμός αναγκών stakeholders"", ""Συντονισμός αιτημάτων αλλαγής"", ""Έλεγχος χρονοδιαγραμμάτων έργου"", ""Έλεγχος προτύπων εγγράφων"", ""Έλεγχος σφαλμάτων κώδικα"", ""Έλεγχος αναγκών stakeholders"", ""Έλεγχος αιτημάτων αλλαγής"", ""Προτεραιοποίηση χρονοδιαγραμμάτων έργου"", ""Προτεραιοποίηση προτύπων εγγράφων"", ""Προτεραιοποίηση σφαλμάτων κώδικα"", ""Προτεραιοποίηση αναγκών stakeholders"", ""Προτεραιοποίηση αιτημάτων αλλαγής""]","[""Προσωπική Διαχείριση"", ""Διοικητική Υποστήριξη"", ""Ομαδική Συνεργασία"", ""Διαχείριση Δεδομένων και Πληροφορίας"", ""Επαγγελματική Επικοινωνία"", ""Ποιότητα και Συμμόρφωση"", ""Τεχνικές και Ψηφιακές Δεξιότητες""]",52
73,SELLER/TREE-CASHIER (PIGEON),[],[],0
91,Sales Advisor (Nea Erythraia) / Εκπρόσωπος Πωλήσεων (Νέα Ερυθραία),"[""Σαφής και συνοπτική επικοινωνία"", ""Ανάλυση δεδομένων σε υπολογιστικά φύλλα"", ""Ανάλυση κινδύνων έργου"", ""Ανάλυση tickets υποστήριξης"", ""Ανάλυση επαγγελματικών συνομιλιών"", ""Ανάλυση αποτελεσμάτων έρευνας"", ""Οργάνωση δεδομένων σε υπολογιστικά φύλλα"", ""Οργάνωση κινδύνων έργου"", ""Οργάνωση tickets υποστήριξης"", ""Οργάνωση επαγγελματικών συνομιλιών"", ""Οργάνωση αποτελεσμάτων έρευνας"", ""Διαχείριση δεδομένων σε υπολογιστικά φύλλα"", ""Διαχείριση κινδύνων έργου"", ""Διαχείριση tickets υποστήριξης"", ""Διαχείριση επαγγελματικών συνομιλιών"", ""Διαχείριση αποτελεσμάτων έρευνας"", ""Παρακολούθηση δεδομένων σε υπολογιστικά φύλλα"", ""Παρακολούθηση κινδύνων έργου"", ""Παρακολούθηση tickets υποστήριξης"", ""Παρακολούθηση επαγγελματικών συνομιλιών"", ""Παρακολούθηση αποτελεσμάτων έρευνας"", ""Αξιολόγηση δεδομένων σε υπολογιστικά φύλλα"", ""Αξιολόγηση κινδύνων έργου"", ""Αξιολόγηση tickets υποστήριξης"", ""Αξιολόγηση επαγγελματικών συνομιλιών"", ""Αξιολόγηση αποτελεσμάτων έρευνας"", ""Τεκμηρίωση δεδομένων σε υπολογιστικά φύλλα"", ""Τεκμηρίωση κινδύνων έργου"", ""Τεκμηρίωση tickets υποστήριξης"", ""Τεκμηρίωση επαγγελματικών συνομιλιών"", ""Τεκμηρίωση αποτελεσμάτων έρευνας"", ""Βελτίωση δεδομένων σε υπολογιστικά φύλλα"", ""Βελτίωση κινδύνων έργου"", ""Βελτίωση tickets υποστήριξης"", ""Βελτίωση επαγγελματικών συνομιλιών"", ""Βελτίωση αποτελεσμάτων έρευνας"", ""Συντονισμός δεδομένων σε υπολογιστικά φύλλα"", ""Συντονισμός κινδύνων έργου"", ""Συντονισμός tickets υποστήριξης"", ""Συντονισμός επαγγελματικών συνομιλιών"", ""Συντονισμός αποτελεσμάτων έρευνας"", ""Έλεγχος δεδομένων σε υπολογιστικά φύλλα"", ""Έλεγχος κινδύνων έργου"", ""Έλεγχος tickets υποστήριξης"", ""Έλεγχος επαγγελματικών συνομιλιών"", ""Έλεγχος αποτελεσμάτων έρευνας"", ""Προτεραιοποίηση δεδομένων σε υπολογιστικά φύλλα"", ""Προτεραιοποίηση κινδύνων έργου"", ""Προτεραιοποίηση tickets υποστήριξης"", ""Προτεραιοποίηση επαγγελματικών συνομιλιών"", ""Προτεραιοποίηση αποτελεσμάτων έρευνας""]","[""Επαγγελματική Επικοινωνία"", ""Προσωπική Διαχείριση"", ""Ψηφιακή Παραγωγικότητα και ΤΝ"", ""Μάθηση και Προσαρμοστικότητα"", ""Διαχείριση Έργων"", ""Ανάλυση και Επίλυση Προβλημάτων"", ""Εξυπηρέτηση Πελατών""]",51
94,Salesmen - Saleswomen Spring,[],[],0
96,Salesmen - Saleswomen Vari,[],[],0
97,Salesmen - Saleswomen Mega Store Glyfada,"[""Διαχείριση χρόνου""]","[""Προσωπική Διαχείριση""]",1
98,Salesmen - Saleswomen Voula,[],[],0
111,Store Clerk (Glyfada),[],[],0
115,Store Energy Consultant Ave. Composer,[],[],0
122,ΙΟΤ Technical Support (B2B Services Support),"[""Σύνταξη επαγγελματικών email"", ""Σαφής και συνοπτική επικοινωνία""]","[""Ψηφιακή Παραγωγικότητα και ΤΝ"", ""Επαγγελματική Επικοινωνία""]",2
124,Call Center Sales Agent (Outbound),"[""Ενεργητική ακρόαση""]","[""Επαγγελματική Επικοινωνία""]",1
133,First (1st) Level Technical Support,"[""Σαφής και συνοπτική επικοινωνία""]","[""Επαγγελματική Επικοινωνία""]",1
138,Customer retention and development manager (outbound),"[""Ενεργητική ακρόαση""]","[""Επαγγελματική Επικοινωνία""]",1
143,Customer service and inbound calls (PC and technology products),"[""Ενεργητική ακρόαση""]","[""Επαγγελματική Επικοινωνία""]",1
157,Quality Assurance Specialist,"[""Σύνταξη επαγγελματικών email"", ""Σαφής και συνοπτική επικοινωνία"", ""Αυτοματοποίηση επαναλαμβανόμενων εργασιών""]","[""Ψηφιακή Παραγωγικότητα και ΤΝ"", ""Επαγγελματική Επικοινωνία""]",3
1677,IT Business Analyst,"[""Ενεργητική ακρόαση"", ""Επιβεβαίωση οδηγιών και απαιτήσεων""]","[""Επαγγελματική Επικοινωνία""]",2
1707,Business Analyst / Product Owner fluent in German,"[""Οργάνωση ψηφιακού χώρου εργασίας""]","[""Διαχείριση Δεδομένων και Πληροφορίας""]",1
1752,QC Analyst,[],[],0
2066,"Central Monitor Data Analyst, Senior Associate- Risk Based Monitoring","[""Σύνταξη επαγγελματικών email"", ""Σαφής και συνοπτική επικοινωνία"", ""Διαχείριση προσοχής και συγκέντρωσης""]","[""Ψηφιακή Παραγωγικότητα και ΤΝ"", ""Επαγγελματική Επικοινωνία"", ""Προσωπική Διαχείριση""]",3
2191,Data Analyst (with Reporting skills),"[""Σαφής και συνοπτική επικοινωνία"", ""Διαχείριση χρόνου"", ""Διαχείριση προσοχής και συγκέντρωσης"", ""Ανάλυση επαγγελματικής αλληλογραφίας"", ""Ανάλυση ερωτημάτων υποστήριξης"", ""Ανάλυση δεδομένων αγοράς"", ""Ανάλυση γραφημάτων δεδομένων"", ""Ανάλυση ελέγχων συμμόρφωσης"", ""Οργάνωση επαγγελματικής αλληλογραφίας"", ""Οργάνωση ερωτημάτων υποστήριξης"", ""Οργάνωση δεδομένων αγοράς"", ""Οργάνωση γραφημάτων δεδομένων"", ""Οργάνωση ελέγχων συμμόρφωσης"", ""Διαχείριση επαγγελματικής αλληλογραφίας"", ""Διαχείριση ερωτημάτων υποστήριξης"", ""Διαχείριση δεδομένων αγοράς"", ""Διαχείριση γραφημάτων δεδομένων"", ""Διαχείριση ελέγχων συμμόρφωσης"", ""Παρακολούθηση επαγγελματικής αλληλογραφίας"", ""Παρακολούθηση ερωτημάτων υποστήριξης"", ""Παρακολούθηση δεδομένων αγοράς"", ""Παρακολούθηση γραφημάτων δεδομένων"", ""Παρακολούθηση ελέγχων συμμόρφωσης"", ""Αξιολόγηση επαγγελματικής αλληλογραφίας"", ""Αξιολόγηση ερωτημάτων υποστήριξης"", ""Αξιολόγηση δεδομένων αγοράς"", ""Αξιολόγηση γραφημάτων δεδομένων"", ""Αξιολόγηση ελέγχων συμμόρφωσης"", ""Τεκμηρίωση επαγγελματικής αλληλογραφίας"", ""Τεκμηρίωση ερωτημάτων υποστήριξης"", ""Τεκμηρίωση δεδομένων αγοράς"", ""Τεκμηρίωση γραφημάτων δεδομένων"", ""Τεκμηρίωση ελέγχων συμμόρφωσης"", ""Βελτίωση επαγγελματικής αλληλογραφίας"", ""Βελτίωση ερωτημάτων υποστήριξης"", ""Βελτίωση δεδομένων αγοράς"", ""Βελτίωση γραφημάτων δεδομένων"", ""Βελτίωση ελέγχων συμμόρφωσης"", ""Συντονισμός επαγγελματικής αλληλογραφίας"", ""Συντονισμός ερωτημάτων υποστήριξης"", ""Συντονισμός δεδομένων αγοράς"", ""Συντονισμός γραφημάτων δεδομένων"", ""Συντονισμός ελέγχων συμμόρφωσης"", ""Έλεγχος επαγγελματικής αλληλογραφίας"", ""Έλεγχος ερωτημάτων υποστήριξης"", ""Έλεγχος δεδομένων αγοράς"", ""Έλεγχος γραφημάτων δεδομένων"", ""Έλεγχος ελέγχων συμμόρφωσης"", ""Προτεραιοποίηση επαγγελματικής αλληλογραφίας"", ""Προτεραιοποίηση ερωτημάτων υποστήριξης"", ""Προτεραιοποίηση δεδομένων αγοράς"", ""Προτεραιοποίηση γραφημάτων δεδομένων"", ""Προτεραιοποίηση ελέγχων συμμόρφωσης""]","[""Επαγγελματική Επικοινωνία"", ""Προσωπική Διαχείριση"", ""Ποιότητα και Συμμόρφωση"", ""Τεχνικές και Ψηφιακές Δεξιότητες"", ""Διοικητική Υποστήριξη"", ""Ομαδική Συνεργασία"", ""Διαχείριση Δεδομένων και Πληροφορίας""]",53
2501,Data Analyst (no experience required),[],[],0
2670,Clinical Site Data Integrity Analyst,"[""Σαφής και συνοπτική επικοινωνία"", ""Οργάνωση ψηφιακού χώρου εργασίας"", ""Διαχείριση χρόνου"", ""Διαχείριση προσοχής και συγκέντρωσης"", ""Ανάλυση αιτημάτων πελατών"", ""Ανάλυση λειτουργικών οδηγιών"", ""Ανάλυση λιστών επαφών"", ""Ανάλυση παρουσιάσεων"", ""Ανάλυση σχολίων αξιολόγησης"", ""Οργάνωση αιτημάτων πελατών"", ""Οργάνωση λειτουργικών οδηγιών"", ""Οργάνωση λιστών επαφών"", ""Οργάνωση παρουσιάσεων"", ""Οργάνωση σχολίων αξιολόγησης"", ""Διαχείριση αιτημάτων πελατών"", ""Διαχείριση λειτουργικών οδηγιών"", ""Διαχείριση λιστών επαφών"", ""Διαχείριση παρουσιάσεων"", ""Διαχείριση σχολίων αξιολόγησης"", ""Παρακολούθηση αιτημάτων πελατών"", ""Παρακολούθηση λειτουργικών οδηγιών"", ""Παρακολούθηση λιστών επαφών"", ""Παρακολούθηση παρουσιάσεων"", ""Παρακολούθηση σχολίων αξιολόγησης"", ""Αξιολόγηση αιτημάτων πελατών"", ""Αξιολόγηση λειτουργικών οδηγιών"", ""Αξιολόγηση λιστών επαφών"", ""Αξιολόγηση παρουσιάσεων"", ""Αξιολόγηση σχολίων αξιολόγησης"", ""Τεκμηρίωση αιτημάτων πελατών"", ""Τεκμηρίωση λειτουργικών οδηγιών"", ""Τεκμηρίωση λιστών επαφών"", ""Τεκμηρίωση παρουσιάσεων"", ""Τεκμηρίωση σχολίων αξιολόγησης"", ""Βελτίωση αιτημάτων πελατών"", ""Βελτίωση λειτουργικών οδηγιών"", ""Βελτίωση λιστών επαφών"", ""Βελτίωση παρουσιάσεων"", ""Βελτίωση σχολίων αξιολόγησης"", ""Συντονισμός αιτημάτων πελατών"", ""Συντονισμός λειτουργικών οδηγιών"", ""Συντονισμός λιστών επαφών"", ""Συντονισμός παρουσιάσεων"", ""Συντονισμός σχολίων αξιολόγησης"", ""Έλεγχος αιτημάτων πελατών"", ""Έλεγχος λειτουργικών οδηγιών"", ""Έλεγχος λιστών επαφών"", ""Έλεγχος παρουσιάσεων"", ""Έλεγχος σχολίων αξιολόγησης"", ""Προτεραιοποίηση αιτημάτων πελατών"", ""Προτεραιοποίηση λειτουργικών οδηγιών"", ""Προτεραιοποίηση λιστών επαφών"", ""Προτεραιοποίηση παρουσιάσεων"", ""Προτεραιοποίηση σχολίων αξιολόγησης""]","[""Επαγγελματική Επικοινωνία"", ""Διαχείριση Δεδομένων και Πληροφορίας"", ""Προσωπική Διαχείριση"", ""Ψηφιακή Παραγωγικότητα και ΤΝ"", ""Μάθηση και Προσαρμοστικότητα"", ""Διαχείριση Έργων"", ""Ανάλυση και Επίλυση Προβλημάτων"", ""Εξυπηρέτηση Πελατών""]",54
2709,MEET EMEA Process / Quality Analyst (English and Greek),"[""Σαφής και συνοπτική επικοινωνία"", ""Διαχείριση χρόνου"", ""Διαχείριση προσοχής και συγκέντρωσης""]","[""Επαγγελματική Επικοινωνία"", ""Προσωπική Διαχείριση""]",3
2716,DATA ANALYST,"[""Σύνταξη επαγγελματικών email"", ""Σαφής και συνοπτική επικοινωνία"", ""Διαχείριση προσοχής και συγκέντρωσης""]","[""Ψηφιακή Παραγωγικότητα και ΤΝ"", ""Επαγγελματική Επικοινωνία"", ""Προσωπική Διαχείριση""]",3
2827,Associate Financial & Reporting Analyst,"[""Σαφής και συνοπτική επικοινωνία"", ""Διαχείριση χρόνου"", ""Διαχείριση προσοχής και συγκέντρωσης""]","[""Επαγγελματική Επικοινωνία"", ""Προσωπική Διαχείριση""]",3
2942,"Manager, Digital Product Analyst","[""Σαφής και συνοπτική επικοινωνία"", ""Διαχείριση προσοχής και συγκέντρωσης"", ""Επιβεβαίωση οδηγιών και απαιτήσεων""]","[""Επαγγελματική Επικοινωνία"", ""Προσωπική Διαχείριση""]",3
3225,"Pricing Analyst, Removal Services","[""Σαφής και συνοπτική επικοινωνία"", ""Αποτελεσματική αναζήτηση στο διαδίκτυο"", ""Διαχείριση προσοχής και συγκέντρωσης""]","[""Επαγγελματική Επικοινωνία"", ""Διαχείριση Δεδομένων και Πληροφορίας"", ""Προσωπική Διαχείριση""]",3
3252,Data Analyst,"[""Διαχείριση χρόνου"", ""Διαχείριση προσοχής και συγκέντρωσης"", ""Ανάλυση δεδομένων σε υπολογιστικά φύλλα"", ""Ανάλυση κινδύνων έργου"", ""Ανάλυση tickets υποστήριξης"", ""Ανάλυση επαγγελματικών συνομιλιών"", ""Ανάλυση αποτελεσμάτων έρευνας"", ""Οργάνωση δεδομένων σε υπολογιστικά φύλλα"", ""Οργάνωση κινδύνων έργου"", ""Οργάνωση tickets υποστήριξης"", ""Οργάνωση επαγγελματικών συνομιλιών"", ""Οργάνωση αποτελεσμάτων έρευνας"", ""Διαχείριση δεδομένων σε υπολογιστικά φύλλα"", ""Διαχείριση κινδύνων έργου"", ""Διαχείριση tickets υποστήριξης"", ""Διαχείριση επαγγελματικών συνομιλιών"", ""Διαχείριση αποτελεσμάτων έρευνας"", ""Παρακολούθηση δεδομένων σε υπολογιστικά φύλλα"", ""Παρακολούθηση κινδύνων έργου"", ""Παρακολούθηση tickets υποστήριξης"", ""Παρακολούθηση επαγγελματικών συνομιλιών"", ""Παρακολούθηση αποτελεσμάτων έρευνας"", ""Αξιολόγηση δεδομένων σε υπολογιστικά φύλλα"", ""Αξιολόγηση κινδύνων έργου"", ""Αξιολόγηση tickets υποστήριξης"", ""Αξιολόγηση επαγγελματικών συνομιλιών"", ""Αξιολόγηση αποτελεσμάτων έρευνας"", ""Τεκμηρίωση δεδομένων σε υπολογιστικά φύλλα"", ""Τεκμηρίωση κινδύνων έργου"", ""Τεκμηρίωση tickets υποστήριξης"", ""Τεκμηρίωση επαγγελματικών συνομιλιών"", ""Τεκμηρίωση αποτελεσμάτων έρευνας"", ""Βελτίωση δεδομένων σε υπολογιστικά φύλλα"", ""Βελτίωση κινδύνων έργου"", ""Βελτίωση tickets υποστήριξης"", ""Βελτίωση επαγγελματικών συνομιλιών"", ""Βελτίωση αποτελεσμάτων έρευνας"", ""Συντονισμός δεδομένων σε υπολογιστικά φύλλα"", ""Συντονισμός κινδύνων έργου"", ""Συντονισμός tickets υποστήριξης"", ""Συντονισμός επαγγελματικών συνομιλιών"", ""Συντονισμός αποτελεσμάτων έρευνας"", ""Έλεγχος δεδομένων σε υπολογιστικά φύλλα"", ""Έλεγχος κινδύνων έργου"", ""Έλεγχος tickets υποστήριξης"", ""Έλεγχος επαγγελματικών συνομιλιών"", ""Έλεγχος αποτελεσμάτων έρευνας"", ""Προτεραιοποίηση δεδομένων σε υπολογιστικά φύλλα"", ""Προτεραιοποίηση κινδύνων έργου"", ""Προτεραιοποίηση tickets υποστήριξης"", ""Προτεραιοποίηση επαγγελματικών συνομιλιών"", ""Προτεραιοποίηση αποτελεσμάτων έρευνας""]","[""Προσωπική Διαχείριση"", ""Ψηφιακή Παραγωγικότητα και ΤΝ"", ""Μάθηση και Προσαρμοστικότητα"", ""Διαχείριση Έργων"", ""Ανάλυση και Επίλυση Προβλημάτων"", ""Εξυπηρέτηση Πελατών""]",52
3916,Junior Sales Analyst based in Athens,"[""Διαχείριση χρόνου"", ""Διαχείριση προσοχής και συγκέντρωσης""]","[""Προσωπική Διαχείριση""]",2
4202,Senior Financial Analyst,"[""Σαφής και συνοπτική επικοινωνία"", ""Διαχείριση προσοχής και συγκέντρωσης""]","[""Επαγγελματική Επικοινωνία"", ""Προσωπική Διαχείριση""]",2
4488,Associate Financial Reporting Analyst,"[""Σαφής και συνοπτική επικοινωνία"", ""Οργάνωση ψηφιακού χώρου εργασίας"", ""Διαχείριση χρόνου"", ""Διαχείριση προσοχής και συγκέντρωσης"", ""Ανάλυση χρονοδιαγραμμάτων έργου"", ""Ανάλυση προτύπων εγγράφων"", ""Ανάλυση σφαλμάτων κώδικα"", ""Ανάλυση αναγκών stakeholders"", ""Ανάλυση αιτημάτων αλλαγής"", ""Οργάνωση χρονοδιαγραμμάτων έργου"", ""Οργάνωση προτύπων εγγράφων"", ""Οργάνωση σφαλμάτων κώδικα"", ""Οργάνωση αναγκών stakeholders"", ""Οργάνωση αιτημάτων αλλαγής"", ""Διαχείριση χρονοδιαγραμμάτων έργου"", ""Διαχείριση προτύπων εγγράφων"", ""Διαχείριση σφαλμάτων κώδικα"", ""Διαχείριση αναγκών stakeholders"", ""Διαχείριση αιτημάτων αλλαγής"", ""Παρακολούθηση χρονοδιαγραμμάτων έργου"", ""Παρακολούθηση προτύπων εγγράφων"", ""Παρακολούθηση σφαλμάτων κώδικα"", ""Παρακολούθηση αναγκών stakeholders"", ""Παρακολούθηση αιτημάτων αλλαγής"", ""Αξιολόγηση χρονοδιαγραμμάτων έργου"", ""Αξιολόγηση προτύπων εγγράφων"", ""Αξιολόγηση σφαλμάτων κώδικα"", ""Αξιολόγηση αναγκών stakeholders"", ""Αξιολόγηση αιτημάτων αλλαγής"", ""Τεκμηρίωση χρονοδιαγραμμάτων έργου"", ""Τεκμηρίωση προτύπων εγγράφων"", ""Τεκμηρίωση σφαλμάτων κώδικα"", ""Τεκμηρίωση αναγκών stakeholders"", ""Τεκμηρίωση αιτημάτων αλλαγής"", ""Βελτίωση χρονοδιαγραμμάτων έργου"", ""Βελτίωση προτύπων εγγράφων"", ""Βελτίωση σφαλμάτων κώδικα"", ""Βελτίωση αναγκών stakeholders"", ""Βελτίωση αιτημάτων αλλαγής"", ""Συντονισμός χρονοδιαγραμμάτων έργου"", ""Συντονισμός προτύπων εγγράφων"", ""Συντονισμός σφαλμάτων κώδικα"", ""Συντονισμός αναγκών stakeholders"", ""Συντονισμός αιτημάτων αλλαγής"", ""Έλεγχος χρονοδιαγραμμάτων έργου"", ""Έλεγχος προτύπων εγγράφων"", ""Έλεγχος σφαλμάτων κώδικα"", ""Έλεγχος αναγκών stakeholders"", ""Έλεγχος αιτημάτων αλλαγής"", ""Προτεραιοποίηση χρονοδιαγραμμάτων έργου"", ""Προτεραιοποίηση προτύπων εγγράφων"", ""Προτεραιοποίηση σφαλμάτων κώδικα"", ""Προτεραιοποίηση αναγκών stakeholders"", ""Προτεραιοποίηση αιτημάτων αλλαγής""]","[""Επαγγελματική Επικοινωνία"", ""Διαχείριση Δεδομένων και Πληροφορίας"", ""Προσωπική Διαχείριση"", ""Διοικητική Υποστήριξη"", ""Ομαδική Συνεργασία"", ""Ποιότητα και Συμμόρφωση"", ""Τεχνικές και Ψηφιακές Δεξιότητες""]",54
4765,Sales Intelligence Analyst,"[""Διαχείριση χρόνου"", ""Διαχείριση προσοχής και συγκέντρωσης""]","[""Προσωπική Διαχείριση""]",2
4766,Power Portfolio Analyst,"[""Σύνταξη επαγγελματικών email"", ""Σαφής και συνοπτική επικοινωνία"", ""Διαχείριση χρόνου""]","[""Ψηφιακή Παραγωγικότητα και ΤΝ"", ""Επαγγελματική Επικοινωνία"", ""Προσωπική Διαχείριση""]",3
41826,Business & Reporting Analyst,"[""Σαφής και συνοπτική επικοινωνία"", ""Διαχείριση χρόνου"", ""Διαχείριση προσοχής και συγκέντρωσης""]","[""Επαγγελματική Επικοινωνία"", ""Προσωπική Διαχείριση""]",3
43623,Junior Quality Control Analyst,"[""Οργάνωση ψηφιακού χώρου εργασίας"", ""Διαχείριση χρόνου"", ""Διαχείριση προσοχής και συγκέντρωσης"", ""Ανάλυση χρονοδιαγραμμάτων έργου"", ""Ανάλυση προτύπων εγγράφων"", ""Ανάλυση σφαλμάτων κώδικα"", ""Ανάλυση αναγκών stakeholders"", ""Ανάλυση αιτημάτων αλλαγής"", ""Οργάνωση χρονοδιαγραμμάτων έργου"", ""Οργάνωση προτύπων εγγράφων"", ""Οργάνωση σφαλμάτων κώδικα"", ""Οργάνωση αναγκών stakeholders"", ""Οργάνωση αιτημάτων αλλαγής"", ""Διαχείριση χρονοδιαγραμμάτων έργου"", ""Διαχείριση προτύπων εγγράφων"", ""Διαχείριση σφαλμάτων κώδικα"", ""Διαχείριση αναγκών stakeholders"", ""Διαχείριση αιτημάτων αλλαγής"", ""Παρακολούθηση χρονοδιαγραμμάτων έργου"", ""Παρακολούθηση προτύπων εγγράφων"", ""Παρακολούθηση σφαλμάτων κώδικα"", ""Παρακολούθηση αναγκών stakeholders"", ""Παρακολούθηση αιτημάτων αλλαγής"", ""Αξιολόγηση χρονοδιαγραμμάτων έργου"", ""Αξιολόγηση προτύπων εγγράφων"", ""Αξιολόγηση σφαλμάτων κώδικα"", ""Αξιολόγηση αναγκών stakeholders"", ""Αξιολόγηση αιτημάτων αλλαγής"", ""Τεκμηρίωση χρονοδιαγραμμάτων έργου"", ""Τεκμηρίωση προτύπων εγγράφων"", ""Τεκμηρίωση σφαλμάτων κώδικα"", ""Τεκμηρίωση αναγκών stakeholders"", ""Τεκμηρίωση αιτημάτων αλλαγής"", ""Βελτίωση χρονοδιαγραμμάτων έργου"", ""Βελτίωση προτύπων εγγράφων"", ""Βελτίωση σφαλμάτων κώδικα"", ""Βελτίωση αναγκών stakeholders"", ""Βελτίωση αιτημάτων αλλαγής"", ""Συντονισμός χρονοδιαγραμμάτων έργου"", ""Συντονισμός προτύπων εγγράφων"", ""Συντονισμός σφαλμάτων κώδικα"", ""Συντονισμός αναγκών stakeholders"", ""Συντονισμός αιτημάτων αλλαγής"", ""Έλεγχος χρονοδιαγραμμάτων έργου"", ""Έλεγχος προτύπων εγγράφων"", ""Έλεγχος σφαλμάτων κώδικα"", ""Έλεγχος αναγκών stakeholders"", ""Έλεγχος αιτημάτων αλλαγής"", ""Προτεραιοποίηση χρονοδιαγραμμάτων έργου"", ""Προτεραιοποίηση προτύπων εγγράφων"", ""Προτεραιοποίηση σφαλμάτων κώδικα"", ""Προτεραιοποίηση αναγκών stakeholders"", ""Προτεραιοποίηση αιτημάτων αλλαγής""]","[""Διαχείριση Δεδομένων και Πληροφορίας"", ""Προσωπική Διαχείριση"", ""Διοικητική Υποστήριξη"", ""Ομαδική Συνεργασία"", ""Επαγγελματική Επικοινωνία"", ""Ποιότητα και Συμμόρφωση"", ""Τεχνικές και Ψηφιακές Δεξιότητες""]",53
43638,QC Analyst,"[""Οργάνωση ψηφιακού χώρου εργασίας""]","[""Διαχείριση Δεδομένων και Πληροφορίας""]",1
43756,Sales Analyst Manager,"[""Διαχείριση χρόνου"", ""Διαχείριση προσοχής και συγκέντρωσης"", ""Ανάλυση δεικτών απόδοσης""]","[""Προσωπική Διαχείριση"", ""Διαχείριση Δεδομένων και Πληροφορίας""]",3
43814,QC Analyst,"[""Οργάνωση ψηφιακού χώρου εργασίας"", ""Διαχείριση χρόνου"", ""Διαχείριση προσοχής και συγκέντρωσης""]","[""Διαχείριση Δεδομένων και Πληροφορίας"", ""Προσωπική Διαχείριση""]",3
45607,Business Analyst,"[""Αυτοματοποίηση επαναλαμβανόμενων εργασιών"", ""Διαχείριση χρόνου"", ""Διαχείριση προσοχής και συγκέντρωσης""]","[""Ψηφιακή Παραγωγικότητα και ΤΝ"", ""Προσωπική Διαχείριση""]",3
50707,Commercial Data Analyst,[],[],0
50817,Senior Financial Analyst,"[""Διαχείριση χρόνου"", ""Διαχείριση προσοχής και συγκέντρωσης"", ""Ανάλυση αιτημάτων πελατών"", ""Ανάλυση λειτουργικών οδηγιών"", ""Ανάλυση λιστών επαφών"", ""Ανάλυση παρουσιάσεων"", ""Ανάλυση σχολίων αξιολόγησης"", ""Οργάνωση αιτημάτων πελατών"", ""Οργάνωση λειτουργικών οδηγιών"", ""Οργάνωση λιστών επαφών"", ""Οργάνωση παρουσιάσεων"", ""Οργάνωση σχολίων αξιολόγησης"", ""Διαχείριση αιτημάτων πελατών"", ""Διαχείριση λειτουργικών οδηγιών"", ""Διαχείριση λιστών επαφών"", ""Διαχείριση παρουσιάσεων"", ""Διαχείριση σχολίων αξιολόγησης"", ""Παρακολούθηση αιτημάτων πελατών"", ""Παρακολούθηση λειτουργικών οδηγιών"", ""Παρακολούθηση λιστών επαφών"", ""Παρακολούθηση παρουσιάσεων"", ""Παρακολούθηση σχολίων αξιολόγησης"", ""Αξιολόγηση αιτημάτων πελατών"", ""Αξιολόγηση λειτουργικών οδηγιών"", ""Αξιολόγηση λιστών επαφών"", ""Αξιολόγηση παρουσιάσεων"", ""Αξιολόγηση σχολίων αξιολόγησης"", ""Τεκμηρίωση αιτημάτων πελατών"", ""Τεκμηρίωση λειτουργικών οδηγιών"", ""Τεκμηρίωση λιστών επαφών"", ""Τεκμηρίωση παρουσιάσεων"", ""Τεκμηρίωση σχολίων αξιολόγησης"", ""Βελτίωση αιτημάτων πελατών"", ""Βελτίωση λειτουργικών οδηγιών"", ""Βελτίωση λιστών επαφών"", ""Βελτίωση παρουσιάσεων"", ""Βελτίωση σχολίων αξιολόγησης"", ""Συντονισμός αιτημάτων πελατών"", ""Συντονισμός λειτουργικών οδηγιών"", ""Συντονισμός λιστών επαφών"", ""Συντονισμός παρουσιάσεων"", ""Συντονισμός σχολίων αξιολόγησης"", ""Έλεγχος αιτημάτων πελατών"", ""Έλεγχος λειτουργικών οδηγιών"", ""Έλεγχος λιστών επαφών"", ""Έλεγχος παρουσιάσεων"", ""Έλεγχος σχολίων αξιολόγησης"", ""Προτεραιοποίηση αιτημάτων πελατών"", ""Προτεραιοποίηση λειτουργικών οδηγιών"", ""Προτεραιοποίηση λιστών επαφών"", ""Προτεραιοποίηση παρουσιάσεων"", ""Προτεραιοποίηση σχολίων αξιολόγησης""]","[""Προσωπική Διαχείριση"", ""Ψηφιακή Παραγωγικότητα και ΤΝ"", ""Μάθηση και Προσαρμοστικότητα"", ""Διαχείριση Έργων"", ""Ανάλυση και Επίλυση Προβλημάτων"", ""Εξυπηρέτηση Πελατών""]",52
50881,R2R Payroll Global Accounting Analyst,"[""Σύνταξη επαγγελματικών email"", ""Σαφής και συνοπτική επικοινωνία"", ""Οργάνωση ψηφιακού χώρου εργασίας"", ""Διαχείριση χρόνου"", ""Διαχείριση προσοχής και συγκέντρωσης"", ""Ανάλυση αιτημάτων πελατών"", ""Ανάλυση τεχνικών ζητημάτων"", ""Ανάλυση λειτουργικών οδηγιών"", ""Ανάλυση προτεραιοτήτων εργασίας"", ""Ανάλυση λιστών επαφών"", ""Ανάλυση ημερολογίων εργασίας"", ""Ανάλυση παρουσιάσεων"", ""Ανάλυση εσωτερικών ανακοινώσεων"", ""Ανάλυση σχολίων αξιολόγησης"", ""Ανάλυση σεναρίων δοκιμών"", ""Οργάνωση αιτημάτων πελατών"", ""Οργάνωση τεχνικών ζητημάτων"", ""Οργάνωση λειτουργικών οδηγιών"", ""Οργάνωση προτεραιοτήτων εργασίας"", ""Οργάνωση λιστών επαφών"", ""Οργάνωση ημερολογίων εργασίας"", ""Οργάνωση παρουσιάσεων"", ""Οργάνωση εσωτερικών ανακοινώσεων"", ""Οργάνωση σχολίων αξιολόγησης"", ""Οργάνωση σεναρίων δοκιμών"", ""Διαχείριση αιτημάτων πελατών"", ""Διαχείριση τεχνικών ζητημάτων"", ""Διαχείριση λειτουργικών οδηγιών"", ""Διαχείριση προτεραιοτήτων εργασίας"", ""Διαχείριση λιστών επαφών"", ""Διαχείριση ημερολογίων εργασίας"", ""Διαχείριση παρουσιάσεων"", ""Διαχείριση εσωτερικών ανακοινώσεων"", ""Διαχείριση σχολίων αξιολόγησης"", ""Διαχείριση σεναρίων δοκιμών"", ""Παρακολούθηση αιτημάτων πελατών"", ""Παρακολούθηση τεχνικών ζητημάτων"", ""Παρακολούθηση λειτουργικών οδηγιών"", ""Παρακολούθηση προτεραιοτήτων εργασίας"", ""Παρακολούθηση λιστών επαφών"", ""Παρακολούθηση ημερολογίων εργασίας"", ""Παρακολούθηση παρουσιάσεων"", ""Παρακολούθηση εσωτερικών ανακοινώσεων"", ""Παρακολούθηση σχολίων αξιολόγησης"", ""Παρακολούθηση σεναρίων δοκιμών"", ""Αξιολόγηση αιτημάτων πελατών"", ""Αξιολόγηση τεχνικών ζητημάτων"", ""Αξιολόγηση λειτουργικών οδηγιών"", ""Αξιολόγηση προτεραιοτήτων εργασίας"", ""Αξιολόγηση λιστών επαφών"", ""Αξιολόγηση ημερολογίων εργασίας"", ""Αξιολόγηση παρουσιάσεων"", ""Αξιολόγηση εσωτερικών ανακοινώσεων"", ""Αξιολόγηση σχολίων αξιολόγησης"", ""Αξιολόγηση σεναρίων δοκιμών"", ""Τεκμηρίωση αιτημάτων πελατών"", ""Τεκμηρίωση τεχνικών ζητημάτων"", ""Τεκμηρίωση λειτουργικών οδηγιών"", ""Τεκμηρίωση προτεραιοτήτων εργασίας"", ""Τεκμηρίωση λιστών επαφών"", ""Τεκμηρίωση ημερολογίων εργασίας"", ""Τεκμηρίωση παρουσιάσεων"", ""Τεκμηρίωση εσωτερικών ανακοινώσεων"", ""Τεκμηρίωση σχολίων αξιολόγησης"", ""Τεκμηρίωση σεναρίων δοκιμών"", ""Βελτίωση αιτημάτων πελατών"", ""Βελτίωση τεχνικών ζητημάτων"", ""Βελτίωση λειτουργικών οδηγιών"", ""Βελτίωση προτεραιοτήτων εργασίας"", ""Βελτίωση λιστών επαφών"", ""Βελτίωση ημερολογίων εργασίας"", ""Βελτίωση παρουσιάσεων"", ""Βελτίωση εσωτερικών ανακοινώσεων"", ""Βελτίωση σχολίων αξιολόγησης"", ""Βελτίωση σεναρίων δοκιμών"", ""Συντονισμός αιτημάτων πελατών"", ""Συντονισμός τεχνικών ζητημάτων"", ""Συντονισμός λειτουργικών οδηγιών"", ""Συντονισμός προτεραιοτήτων εργασίας"", ""Συντονισμός λιστών επαφών"", ""Συντονισμός ημερολογίων εργασίας"", ""Συντονισμός παρουσιάσεων"", ""Συντονισμός εσωτερικών ανακοινώσεων"", ""Συντονισμός σχολίων αξιολόγησης"", ""Συντονισμός σεναρίων δοκιμών"", ""Έλεγχος αιτημάτων πελατών"", ""Έλεγχος τεχνικών ζητημάτων"", ""Έλεγχος λειτουργικών οδηγιών"", ""Έλεγχος προτεραιοτήτων εργασίας"", ""Έλεγχος λιστών επαφών"", ""Έλεγχος ημερολογίων εργασίας"", ""Έλεγχος παρουσιάσεων"", ""Έλεγχος εσωτερικών ανακοινώσεων"", ""Έλεγχος σχολίων αξιολόγησης"", ""Έλεγχος σεναρίων δοκιμών"", ""Προτεραιοποίηση αιτημάτων πελατών"", ""Προτεραιοποίηση τεχνικών ζητημάτων"", ""Προτεραιοποίηση λειτουργικών οδηγιών"", ""Προτεραιοποίηση προτεραιοτήτων εργασίας"", ""Προτεραιοποίηση λιστών επαφών"", ""Προτεραιοποίηση ημερολογίων εργασίας"", ""Προτεραιοποίηση παρουσιάσεων"", ""Προτεραιοποίηση εσωτερικών ανακοινώσεων"", ""Προτεραιοποίηση σχολίων αξιολόγησης"", ""Προτεραιοποίηση σεναρίων δοκιμών""]","[""Ψηφιακή Παραγωγικότητα και ΤΝ"", ""Επαγγελματική Επικοινωνία"", ""Διαχείριση Δεδομένων και Πληροφορίας"", ""Προσωπική Διαχείριση"", ""Μάθηση και Προσαρμοστικότητα"", ""Διαχείριση Έργων"", ""Ποιότητα και Συμμόρφωση"", ""Ανάλυση και Επίλυση Προβλημάτων"", ""Τεχνικές και Ψηφιακές Δεξιότητες"", ""Εξυπηρέτηση Πελατών"", ""Διοικητική Υποστήριξη"", ""Ομαδική Συνεργασία""]",105
50916,Business Intelligence Specialist,"[""Σαφής και συνοπτική επικοινωνία"", ""Ανάλυση δεδομένων αγοράς""]","[""Επαγγελματική Επικοινωνία"", ""Τεχνικές και Ψηφιακές Δεξιότητες""]",2
51664,Insight Analyst based in Athens,"[""Σαφής και συνοπτική επικοινωνία"", ""Διαχείριση χρόνου"", ""Διαχείριση προσοχής και συγκέντρωσης""]","[""Επαγγελματική Επικοινωνία"", ""Προσωπική Διαχείριση""]",3
51688,Quality Control Microbiology Analyst,"[""Σαφής και συνοπτική επικοινωνία"", ""Ανάλυση αιτημάτων πελατών"", ""Ανάλυση λειτουργικών οδηγιών"", ""Ανάλυση λιστών επαφών"", ""Ανάλυση παρουσιάσεων"", ""Ανάλυση σχολίων αξιολόγησης"", ""Οργάνωση αιτημάτων πελατών"", ""Οργάνωση λειτουργικών οδηγιών"", ""Οργάνωση λιστών επαφών"", ""Οργάνωση παρουσιάσεων"", ""Οργάνωση σχολίων αξιολόγησης"", ""Διαχείριση αιτημάτων πελατών"", ""Διαχείριση λειτουργικών οδηγιών"", ""Διαχείριση λιστών επαφών"", ""Διαχείριση παρουσιάσεων"", ""Διαχείριση σχολίων αξιολόγησης"", ""Παρακολούθηση αιτημάτων πελατών"", ""Παρακολούθηση λειτουργικών οδηγιών"", ""Παρακολούθηση λιστών επαφών"", ""Παρακολούθηση παρουσιάσεων"", ""Παρακολούθηση σχολίων αξιολόγησης"", ""Αξιολόγηση αιτημάτων πελατών"", ""Αξιολόγηση λειτουργικών οδηγιών"", ""Αξιολόγηση λιστών επαφών"", ""Αξιολόγηση παρουσιάσεων"", ""Αξιολόγηση σχολίων αξιολόγησης"", ""Τεκμηρίωση αιτημάτων πελατών"", ""Τεκμηρίωση λειτουργικών οδηγιών"", ""Τεκμηρίωση λιστών επαφών"", ""Τεκμηρίωση παρουσιάσεων"", ""Τεκμηρίωση σχολίων αξιολόγησης"", ""Βελτίωση αιτημάτων πελατών"", ""Βελτίωση λειτουργικών οδηγιών"", ""Βελτίωση λιστών επαφών"", ""Βελτίωση παρουσιάσεων"", ""Βελτίωση σχολίων αξιολόγησης"", ""Συντονισμός αιτημάτων πελατών"", ""Συντονισμός λειτουργικών οδηγιών"", ""Συντονισμός λιστών επαφών"", ""Συντονισμός παρουσιάσεων"", ""Συντονισμός σχολίων αξιολόγησης"", ""Έλεγχος αιτημάτων πελατών"", ""Έλεγχος λειτουργικών οδηγιών"", ""Έλεγχος λιστών επαφών"", ""Έλεγχος παρουσιάσεων"", ""Έλεγχος σχολίων αξιολόγησης"", ""Προτεραιοποίηση αιτημάτων πελατών"", ""Προτεραιοποίηση λειτουργικών οδηγιών"", ""Προτεραιοποίηση λιστών επαφών"", ""Προτεραιοποίηση παρουσιάσεων"", ""Προτεραιοποίηση σχολίων αξιολόγησης""]","[""Επαγγελματική Επικοινωνία"", ""Ψηφιακή Παραγωγικότητα και ΤΝ"", ""Μάθηση και Προσαρμοστικότητα"", ""Διαχείριση Έργων"", ""Ανάλυση και Επίλυση Προβλημάτων"", ""Εξυπηρέτηση Πελατών"", ""Προσωπική Διαχείριση""]",51
51690,Statistical Analyst,"[""Σαφής και συνοπτική επικοινωνία"", ""Αυτοματοποίηση επαναλαμβανόμενων εργασιών"", ""Διαχείριση χρόνου"", ""Διαχείριση προσοχής και συγκέντρωσης"", ""Ανάλυση χρονοδιαγραμμάτων έργου"", ""Ανάλυση προτύπων εγγράφων"", ""Ανάλυση σφαλμάτων κώδικα"", ""Ανάλυση αναγκών stakeholders"", ""Ανάλυση αιτημάτων αλλαγής"", ""Οργάνωση χρονοδιαγραμμάτων έργου"", ""Οργάνωση προτύπων εγγράφων"", ""Οργάνωση σφαλμάτων κώδικα"", ""Οργάνωση αναγκών stakeholders"", ""Οργάνωση αιτημάτων αλλαγής"", ""Διαχείριση χρονοδιαγραμμάτων έργου"", ""Διαχείριση προτύπων εγγράφων"", ""Διαχείριση σφαλμάτων κώδικα"", ""Διαχείριση αναγκών stakeholders"", ""Διαχείριση αιτημάτων αλλαγής"", ""Παρακολούθηση χρονοδιαγραμμάτων έργου"", ""Παρακολούθηση προτύπων εγγράφων"", ""Παρακολούθηση σφαλμάτων κώδικα"", ""Παρακολούθηση αναγκών stakeholders"", ""Παρακολούθηση αιτημάτων αλλαγής"", ""Αξιολόγηση χρονοδιαγραμμάτων έργου"", ""Αξιολόγηση προτύπων εγγράφων"", ""Αξιολόγηση σφαλμάτων κώδικα"", ""Αξιολόγηση αναγκών stakeholders"", ""Αξιολόγηση αιτημάτων αλλαγής"", ""Τεκμηρίωση χρονοδιαγραμμάτων έργου"", ""Τεκμηρίωση προτύπων εγγράφων"", ""Τεκμηρίωση σφαλμάτων κώδικα"", ""Τεκμηρίωση αναγκών stakeholders"", ""Τεκμηρίωση αιτημάτων αλλαγής"", ""Βελτίωση χρονοδιαγραμμάτων έργου"", ""Βελτίωση προτύπων εγγράφων"", ""Βελτίωση σφαλμάτων κώδικα"", ""Βελτίωση αναγκών stakeholders"", ""Βελτίωση αιτημάτων αλλαγής"", ""Συντονισμός χρονοδιαγραμμάτων έργου"", ""Συντονισμός προτύπων εγγράφων"", ""Συντονισμός σφαλμάτων κώδικα"", ""Συντονισμός αναγκών stakeholders"", ""Συντονισμός αιτημάτων αλλαγής"", ""Έλεγχος χρονοδιαγραμμάτων έργου"", ""Έλεγχος προτύπων εγγράφων"", ""Έλεγχος σφαλμάτων κώδικα"", ""Έλεγχος αναγκών stakeholders"", ""Έλεγχος αιτημάτων αλλαγής"", ""Προτεραιοποίηση χρονοδιαγραμμάτων έργου"", ""Προτεραιοποίηση προτύπων εγγράφων"", ""Προτεραιοποίηση σφαλμάτων κώδικα"", ""Προτεραιοποίηση αναγκών stakeholders"", ""Προτεραιοποίηση αιτημάτων αλλαγής""]","[""Επαγγελματική Επικοινωνία"", ""Ψηφιακή Παραγωγικότητα και ΤΝ"", ""Προσωπική Διαχείριση"", ""Διοικητική Υποστήριξη"", ""Ομαδική Συνεργασία"", ""Διαχείριση Δεδομένων και Πληροφορίας"", ""Ποιότητα και Συμμόρφωση"", ""Τεχνικές και Ψηφιακές Δεξιότητες""]",54
51692,Retail Placement Operations Analyst,"[""Διαχείριση προσοχής και συγκέντρωσης""]","[""Προσωπική Διαχείριση""]",1
51696,Retail Placement Operations Analyst,"[""Διαχείριση χρόνου"", ""Διαχείριση προσοχής και συγκέντρωσης""]","[""Προσωπική Διαχείριση""]",2
51697,Business Intelligence Specialist,"[""Σαφής και συνοπτική επικοινωνία"", ""Ανάλυση δεδομένων αγοράς""]","[""Επαγγελματική Επικοινωνία"", ""Τεχνικές και Ψηφιακές Δεξιότητες""]",2
51855,Business Analyst,"[""Διαχείριση προσοχής και συγκέντρωσης""]","[""Προσωπική Διαχείριση""]",1
51870,Natural Gas Business Operations Analyst,"[""Διαχείριση χρόνου""]","[""Προσωπική Διαχείριση""]",1
51874,Junior Data Analyst,"[""Σύνταξη επαγγελματικών email"", ""Σαφής και συνοπτική επικοινωνία"", ""Αποτελεσματική χρήση GPT"", ""Διαχείριση χρόνου"", ""Διαχείριση προσοχής και συγκέντρωσης""]","[""Ψηφιακή Παραγωγικότητα και ΤΝ"", ""Επαγγελματική Επικοινωνία"", ""Προσωπική Διαχείριση""]",5
51919,Logistics Analyst,"[""Σαφής και συνοπτική επικοινωνία"", ""Επιβεβαίωση οδηγιών και απαιτήσεων""]","[""Επαγγελματική Επικοινωνία""]",2
53689,Financial & Business Analyst,"[""Σαφής και συνοπτική επικοινωνία"", ""Διαχείριση προσοχής και συγκέντρωσης""]","[""Επαγγελματική Επικοινωνία"", ""Προσωπική Διαχείριση""]",2
53812,Data Analyst,"[""Διαχείριση προσοχής και συγκέντρωσης""]","[""Προσωπική Διαχείριση""]",1
53817,Vendor Data Master Analyst,"[""Σύνταξη επαγγελματικών email"", ""Διαχείριση χρόνου"", ""Διαχείριση προσοχής και συγκέντρωσης"", ""Ανάλυση αιτημάτων πελατών"", ""Ανάλυση χρονοδιαγραμμάτων έργου"", ""Ανάλυση λειτουργικών οδηγιών"", ""Ανάλυση προτύπων εγγράφων"", ""Ανάλυση λιστών επαφών"", ""Ανάλυση σφαλμάτων κώδικα"", ""Ανάλυση παρουσιάσεων"", ""Ανάλυση αναγκών stakeholders"", ""Ανάλυση σχολίων αξιολόγησης"", ""Ανάλυση αιτημάτων αλλαγής"", ""Οργάνωση αιτημάτων πελατών"", ""Οργάνωση χρονοδιαγραμμάτων έργου"", ""Οργάνωση λειτουργικών οδηγιών"", ""Οργάνωση προτύπων εγγράφων"", ""Οργάνωση λιστών επαφών"", ""Οργάνωση σφαλμάτων κώδικα"", ""Οργάνωση παρουσιάσεων"", ""Οργάνωση αναγκών stakeholders"", ""Οργάνωση σχολίων αξιολόγησης"", ""Οργάνωση αιτημάτων αλλαγής"", ""Διαχείριση αιτημάτων πελατών"", ""Διαχείριση χρονοδιαγραμμάτων έργου"", ""Διαχείριση λειτουργικών οδηγιών"", ""Διαχείριση προτύπων εγγράφων"", ""Διαχείριση λιστών επαφών"", ""Διαχείριση σφαλμάτων κώδικα"", ""Διαχείριση παρουσιάσεων"", ""Διαχείριση αναγκών stakeholders"", ""Διαχείριση σχολίων αξιολόγησης"", ""Διαχείριση αιτημάτων αλλαγής"", ""Παρακολούθηση αιτημάτων πελατών"", ""Παρακολούθηση χρονοδιαγραμμάτων έργου"", ""Παρακολούθηση λειτουργικών οδηγιών"", ""Παρακολούθηση προτύπων εγγράφων"", ""Παρακολούθηση λιστών επαφών"", ""Παρακολούθηση σφαλμάτων κώδικα"", ""Παρακολούθηση παρουσιάσεων"", ""Παρακολούθηση αναγκών stakeholders"", ""Παρακολούθηση σχολίων αξιολόγησης"", ""Παρακολούθηση αιτημάτων αλλαγής"", ""Αξιολόγηση αιτημάτων πελατών"", ""Αξιολόγηση χρονοδιαγραμμάτων έργου"", ""Αξιολόγηση λειτουργικών οδηγιών"", ""Αξιολόγηση προτύπων εγγράφων"", ""Αξιολόγηση λιστών επαφών"", ""Αξιολόγηση σφαλμάτων κώδικα"", ""Αξιολόγηση παρουσιάσεων"", ""Αξιολόγηση αναγκών stakeholders"", ""Αξιολόγηση σχολίων αξιολόγησης"", ""Αξιολόγηση αιτημάτων αλλαγής"", ""Τεκμηρίωση αιτημάτων πελατών"", ""Τεκμηρίωση χρονοδιαγραμμάτων έργου"", ""Τεκμηρίωση λειτουργικών οδηγιών"", ""Τεκμηρίωση προτύπων εγγράφων"", ""Τεκμηρίωση λιστών επαφών"", ""Τεκμηρίωση σφαλμάτων κώδικα"", ""Τεκμηρίωση παρουσιάσεων"", ""Τεκμηρίωση αναγκών stakeholders"", ""Τεκμηρίωση σχολίων αξιολόγησης"", ""Τεκμηρίωση αιτημάτων αλλαγής"", ""Βελτίωση αιτημάτων πελατών"", ""Βελτίωση χρονοδιαγραμμάτων έργου"", ""Βελτίωση λειτουργικών οδηγιών"", ""Βελτίωση προτύπων εγγράφων"", ""Βελτίωση λιστών επαφών"", ""Βελτίωση σφαλμάτων κώδικα"", ""Βελτίωση παρουσιάσεων"", ""Βελτίωση αναγκών stakeholders"", ""Βελτίωση σχολίων αξιολόγησης"", ""Βελτίωση αιτημάτων αλλαγής"", ""Συντονισμός αιτημάτων πελατών"", ""Συντονισμός χρονοδιαγραμμάτων έργου"", ""Συντονισμός λειτουργικών οδηγιών"", ""Συντονισμός προτύπων εγγράφων"", ""Συντονισμός λιστών επαφών"", ""Συντονισμός σφαλμάτων κώδικα"", ""Συντονισμός παρουσιάσεων"", ""Συντονισμός αναγκών stakeholders"", ""Συντονισμός σχολίων αξιολόγησης"", ""Συντονισμός αιτημάτων αλλαγής"", ""Έλεγχος αιτημάτων πελατών"", ""Έλεγχος χρονοδιαγραμμάτων έργου"", ""Έλεγχος λειτουργικών οδηγιών"", ""Έλεγχος προτύπων εγγράφων"", ""Έλεγχος λιστών επαφών"", ""Έλεγχος σφαλμάτων κώδικα"", ""Έλεγχος παρουσιάσεων"", ""Έλεγχος αναγκών stakeholders"", ""Έλεγχος σχολίων αξιολόγησης"", ""Έλεγχος αιτημάτων αλλαγής"", ""Προτεραιοποίηση αιτημάτων πελατών"", ""Προτεραιοποίηση χρονοδιαγραμμάτων έργου"", ""Προτεραιοποίηση λειτουργικών οδηγιών"", ""Προτεραιοποίηση προτύπων εγγράφων"", ""Προτεραιοποίηση λιστών επαφών"", ""Προτεραιοποίηση σφαλμάτων κώδικα"", ""Προτεραιοποίηση παρουσιάσεων"", ""Προτεραιοποίηση αναγκών stakeholders"", ""Προτεραιοποίηση σχολίων αξιολόγησης"", ""Προτεραιοποίηση αιτημάτων αλλαγής""]","[""Ψηφιακή Παραγωγικότητα και ΤΝ"", ""Προσωπική Διαχείριση"", ""Διοικητική Υποστήριξη"", ""Μάθηση και Προσαρμοστικότητα"", ""Ομαδική Συνεργασία"", ""Διαχείριση Έργων"", ""Διαχείριση Δεδομένων και Πληροφορίας"", ""Ανάλυση και Επίλυση Προβλημάτων"", ""Επαγγελματική Επικοινωνία"", ""Εξυπηρέτηση Πελατών"", ""Ποιότητα και Συμμόρφωση"", ""Τεχνικές και Ψηφιακές Δεξιότητες""]",103
53831,ΒΙ Analyst,"[""Σαφής και συνοπτική επικοινωνία"", ""Διαχείριση προσοχής και συγκέντρωσης""]","[""Επαγγελματική Επικοινωνία"", ""Προσωπική Διαχείριση""]",2
53847,Power Portfolio Analyst,"[""Σύνταξη επαγγελματικών email"", ""Σαφής και συνοπτική επικοινωνία"", ""Διαχείριση χρόνου""]","[""Ψηφιακή Παραγωγικότητα και ΤΝ"", ""Επαγγελματική Επικοινωνία"", ""Προσωπική Διαχείριση""]",3
53849,Sales Intelligence Analyst,"[""Διαχείριση χρόνου"", ""Διαχείριση προσοχής και συγκέντρωσης""]","[""Προσωπική Διαχείριση""]",2
53858,Network Planning Analyst,"[""Διαχείριση χρόνου"", ""Διαχείριση προσοχής και συγκέντρωσης""]","[""Προσωπική Διαχείριση""]",2
53977,Analytical Development Analyst,"[""Διαχείριση προσοχής και συγκέντρωσης""]","[""Προσωπική Διαχείριση""]",1
57235,Analytical Development Physical Chemical Properties Protein Analysis Scientist,"[""Σαφής και συνοπτική επικοινωνία"", ""Οργάνωση ψηφιακού χώρου εργασίας"", ""Διαχείριση προσοχής και συγκέντρωσης""]","[""Επαγγελματική Επικοινωνία"", ""Διαχείριση Δεδομένων και Πληροφορίας"", ""Προσωπική Διαχείριση""]",3
57239,Analytical Development Mass Spectrometry Analyst,"[""Σαφής και συνοπτική επικοινωνία"", ""Οργάνωση ψηφιακού χώρου εργασίας"", ""Διαχείριση προσοχής και συγκέντρωσης""]","[""Επαγγελματική Επικοινωνία"", ""Διαχείριση Δεδομένων και Πληροφορίας"", ""Προσωπική Διαχείριση""]",3
57293,Support_Specialist_Telemedicine,"[""Διαχείριση προσοχής και συγκέντρωσης"", ""Ανάλυση δεδομένων σε υπολογιστικά φύλλα"", ""Ανάλυση κινδύνων έργου"", ""Ανάλυση tickets υποστήριξης"", ""Ανάλυση επαγγελματικών συνομιλιών"", ""Ανάλυση αποτελεσμάτων έρευνας"", ""Οργάνωση δεδομένων σε υπολογιστικά φύλλα"", ""Οργάνωση κινδύνων έργου"", ""Οργάνωση tickets υποστήριξης"", ""Οργάνωση επαγγελματικών συνομιλιών"", ""Οργάνωση αποτελεσμάτων έρευνας"", ""Διαχείριση δεδομένων σε υπολογιστικά φύλλα"", ""Διαχείριση κινδύνων έργου"", ""Διαχείριση tickets υποστήριξης"", ""Διαχείριση επαγγελματικών συνομιλιών"", ""Διαχείριση αποτελεσμάτων έρευνας"", ""Παρακολούθηση δεδομένων σε υπολογιστικά φύλλα"", ""Παρακολούθηση κινδύνων έργου"", ""Παρακολούθηση tickets υποστήριξης"", ""Παρακολούθηση επαγγελματικών συνομιλιών"", ""Παρακολούθηση αποτελεσμάτων έρευνας"", ""Αξιολόγηση δεδομένων σε υπολογιστικά φύλλα"", ""Αξιολόγηση κινδύνων έργου"", ""Αξιολόγηση tickets υποστήριξης"", ""Αξιολόγηση επαγγελματικών συνομιλιών"", ""Αξιολόγηση αποτελεσμάτων έρευνας"", ""Τεκμηρίωση δεδομένων σε υπολογιστικά φύλλα"", ""Τεκμηρίωση κινδύνων έργου"", ""Τεκμηρίωση tickets υποστήριξης"", ""Τεκμηρίωση επαγγελματικών συνομιλιών"", ""Τεκμηρίωση αποτελεσμάτων έρευνας"", ""Βελτίωση δεδομένων σε υπολογιστικά φύλλα"", ""Βελτίωση κινδύνων έργου"", ""Βελτίωση tickets υποστήριξης"", ""Βελτίωση επαγγελματικών συνομιλιών"", ""Βελτίωση αποτελεσμάτων έρευνας"", ""Συντονισμός δεδομένων σε υπολογιστικά φύλλα"", ""Συντονισμός κινδύνων έργου"", ""Συντονισμός tickets υποστήριξης"", ""Συντονισμός επαγγελματικών συνομιλιών"", ""Συντονισμός αποτελεσμάτων έρευνας"", ""Έλεγχος δεδομένων σε υπολογιστικά φύλλα"", ""Έλεγχος κινδύνων έργου"", ""Έλεγχος tickets υποστήριξης"", ""Έλεγχος επαγγελματικών συνομιλιών"", ""Έλεγχος αποτελεσμάτων έρευνας"", ""Προτεραιοποίηση δεδομένων σε υπολογιστικά φύλλα"", ""Προτεραιοποίηση κινδύνων έργου"", ""Προτεραιοποίηση tickets υποστήριξης"", ""Προτεραιοποίηση επαγγελματικών συνομιλιών"", ""Προτεραιοποίηση αποτελεσμάτων έρευνας""]","[""Προσωπική Διαχείριση"", ""Ψηφιακή Παραγωγικότητα και ΤΝ"", ""Μάθηση και Προσαρμοστικότητα"", ""Διαχείριση Έργων"", ""Ανάλυση και Επίλυση Προβλημάτων"", ""Εξυπηρέτηση Πελατών""]",51
57344,"Manager, Digital Product Analyst, IRT Systems","[""Σαφής και συνοπτική επικοινωνία"", ""Οργάνωση ψηφιακού χώρου εργασίας"", ""Διαχείριση χρόνου""]","[""Επαγγελματική Επικοινωνία"", ""Διαχείριση Δεδομένων και Πληροφορίας"", ""Προσωπική Διαχείριση""]",3
59618,FINANCIAL – BUSINESS ANALYST,"[""Σαφής και συνοπτική επικοινωνία"", ""Διαχείριση χρόνου""]","[""Επαγγελματική Επικοινωνία"", ""Προσωπική Διαχείριση""]",2
59645,QA Analyst,"[""Σαφής και συνοπτική επικοινωνία"", ""Διαχείριση χρόνου"", ""Διαχείριση προσοχής και συγκέντρωσης"", ""Ανάλυση αιτημάτων πελατών"", ""Ανάλυση λειτουργικών οδηγιών"", ""Ανάλυση λιστών επαφών"", ""Ανάλυση παρουσιάσεων"", ""Ανάλυση σχολίων αξιολόγησης"", ""Οργάνωση αιτημάτων πελατών"", ""Οργάνωση λειτουργικών οδηγιών"", ""Οργάνωση λιστών επαφών"", ""Οργάνωση παρουσιάσεων"", ""Οργάνωση σχολίων αξιολόγησης"", ""Διαχείριση αιτημάτων πελατών"", ""Διαχείριση λειτουργικών οδηγιών"", ""Διαχείριση λιστών επαφών"", ""Διαχείριση παρουσιάσεων"", ""Διαχείριση σχολίων αξιολόγησης"", ""Παρακολούθηση αιτημάτων πελατών"", ""Παρακολούθηση λειτουργικών οδηγιών"", ""Παρακολούθηση λιστών επαφών"", ""Παρακολούθηση παρουσιάσεων"", ""Παρακολούθηση σχολίων αξιολόγησης"", ""Αξιολόγηση αιτημάτων πελατών"", ""Αξιολόγηση λειτουργικών οδηγιών"", ""Αξιολόγηση λιστών επαφών"", ""Αξιολόγηση παρουσιάσεων"", ""Αξιολόγηση σχολίων αξιολόγησης"", ""Τεκμηρίωση αιτημάτων πελατών"", ""Τεκμηρίωση λειτουργικών οδηγιών"", ""Τεκμηρίωση λιστών επαφών"", ""Τεκμηρίωση παρουσιάσεων"", ""Τεκμηρίωση σχολίων αξιολόγησης"", ""Βελτίωση αιτημάτων πελατών"", ""Βελτίωση λειτουργικών οδηγιών"", ""Βελτίωση λιστών επαφών"", ""Βελτίωση παρουσιάσεων"", ""Βελτίωση σχολίων αξιολόγησης"", ""Συντονισμός αιτημάτων πελατών"", ""Συντονισμός λειτουργικών οδηγιών"", ""Συντονισμός λιστών επαφών"", ""Συντονισμός παρουσιάσεων"", ""Συντονισμός σχολίων αξιολόγησης"", ""Έλεγχος αιτημάτων πελατών"", ""Έλεγχος λειτουργικών οδηγιών"", ""Έλεγχος λιστών επαφών"", ""Έλεγχος παρουσιάσεων"", ""Έλεγχος σχολίων αξιολόγησης"", ""Προτεραιοποίηση αιτημάτων πελατών"", ""Προτεραιοποίηση λειτουργικών οδηγιών"", ""Προτεραιοποίηση λιστών επαφών"", ""Προτεραιοποίηση παρουσιάσεων"", ""Προτεραιοποίηση σχολίων αξιολόγησης""]","[""Επαγγελματική Επικοινωνία"", ""Προσωπική Διαχείριση"", ""Ψηφιακή Παραγωγικότητα και ΤΝ"", ""Μάθηση και Προσαρμοστικότητα"", ""Διαχείριση Έργων"", ""Ανάλυση και Επίλυση Προβλημάτων"", ""Εξυπηρέτηση Πελατών""]",53
59749,Product Owner,"[""Σύνταξη επαγγελματικών email"", ""Σαφής και συνοπτική επικοινωνία"", ""Ενεργητική ακρόαση"", ""Οργάνωση ψηφιακού χώρου εργασίας"", ""Διαχείριση προσοχής και συγκέντρωσης""]","[""Ψηφιακή Παραγωγικότητα και ΤΝ"", ""Επαγγελματική Επικοινωνία"", ""Διαχείριση Δεδομένων και Πληροφορίας"", ""Προσωπική Διαχείριση""]",5
59890,Business Intelligence Specialist,"[""Σαφής και συνοπτική επικοινωνία"", ""Ανάλυση δεδομένων αγοράς""]","[""Επαγγελματική Επικοινωνία"", ""Τεχνικές και Ψηφιακές Δεξιότητες""]",2
61668,Data Analyst (no experience required),[],[],0
61915,Data Analyst (Sales and Operation team),"[""Διαχείριση προσοχής και συγκέντρωσης""]","[""Προσωπική Διαχείριση""]",1
65495,Decision Support CoE Finance Analyst - Market Facing Team,"[""Σύνταξη επαγγελματικών email"", ""Σαφής και συνοπτική επικοινωνία"", ""Διαχείριση χρόνου"", ""Διαχείριση προσοχής και συγκέντρωσης"", ""Ανάλυση τεχνικών ζητημάτων"", ""Ανάλυση προτεραιοτήτων εργασίας"", ""Ανάλυση ημερολογίων εργασίας"", ""Ανάλυση εσωτερικών ανακοινώσεων"", ""Ανάλυση σεναρίων δοκιμών"", ""Οργάνωση τεχνικών ζητημάτων"", ""Οργάνωση προτεραιοτήτων εργασίας"", ""Οργάνωση ημερολογίων εργασίας"", ""Οργάνωση εσωτερικών ανακοινώσεων"", ""Οργάνωση σεναρίων δοκιμών"", ""Διαχείριση τεχνικών ζητημάτων"", ""Διαχείριση προτεραιοτήτων εργασίας"", ""Διαχείριση ημερολογίων εργασίας"", ""Διαχείριση εσωτερικών ανακοινώσεων"", ""Διαχείριση σεναρίων δοκιμών"", ""Παρακολούθηση τεχνικών ζητημάτων"", ""Παρακολούθηση προτεραιοτήτων εργασίας"", ""Παρακολούθηση ημερολογίων εργασίας"", ""Παρακολούθηση εσωτερικών ανακοινώσεων"", ""Παρακολούθηση σεναρίων δοκιμών"", ""Αξιολόγηση τεχνικών ζητημάτων"", ""Αξιολόγηση προτεραιοτήτων εργασίας"", ""Αξιολόγηση ημερολογίων εργασίας"", ""Αξιολόγηση εσωτερικών ανακοινώσεων"", ""Αξιολόγηση σεναρίων δοκιμών"", ""Τεκμηρίωση τεχνικών ζητημάτων"", ""Τεκμηρίωση προτεραιοτήτων εργασίας"", ""Τεκμηρίωση ημερολογίων εργασίας"", ""Τεκμηρίωση εσωτερικών ανακοινώσεων"", ""Τεκμηρίωση σεναρίων δοκιμών"", ""Βελτίωση τεχνικών ζητημάτων"", ""Βελτίωση προτεραιοτήτων εργασίας"", ""Βελτίωση ημερολογίων εργασίας"", ""Βελτίωση εσωτερικών ανακοινώσεων"", ""Βελτίωση σεναρίων δοκιμών"", ""Συντονισμός τεχνικών ζητημάτων"", ""Συντονισμός προτεραιοτήτων εργασίας"", ""Συντονισμός ημερολογίων εργασίας"", ""Συντονισμός εσωτερικών ανακοινώσεων"", ""Συντονισμός σεναρίων δοκιμών"", ""Έλεγχος τεχνικών ζητημάτων"", ""Έλεγχος προτεραιοτήτων εργασίας"", ""Έλεγχος ημερολογίων εργασίας"", ""Έλεγχος εσωτερικών ανακοινώσεων"", ""Έλεγχος σεναρίων δοκιμών"", ""Προτεραιοποίηση τεχνικών ζητημάτων"", ""Προτεραιοποίηση προτεραιοτήτων εργασίας"", ""Προτεραιοποίηση ημερολογίων εργασίας"", ""Προτεραιοποίηση εσωτερικών ανακοινώσεων"", ""Προτεραιοποίηση σεναρίων δοκιμών""]","[""Ψηφιακή Παραγωγικότητα και ΤΝ"", ""Επαγγελματική Επικοινωνία"", ""Προσωπική Διαχείριση"", ""Διαχείριση Δεδομένων και Πληροφορίας"", ""Ποιότητα και Συμμόρφωση"", ""Τεχνικές και Ψηφιακές Δεξιότητες"", ""Διοικητική Υποστήριξη"", ""Ομαδική Συνεργασία""]",54
75697,Lead IT Business Analyst for Public Projects,"[""Σαφής και συνοπτική επικοινωνία"", ""Διαχείριση χρόνου"", ""Διαχείριση προσοχής και συγκέντρωσης"", ""Επιβεβαίωση οδηγιών και απαιτήσεων"", ""Ανάλυση αιτημάτων πελατών"", ""Ανάλυση λειτουργικών οδηγιών"", ""Ανάλυση λιστών επαφών"", ""Ανάλυση παρουσιάσεων"", ""Ανάλυση σχολίων αξιολόγησης"", ""Οργάνωση αιτημάτων πελατών"", ""Οργάνωση λειτουργικών οδηγιών"", ""Οργάνωση λιστών επαφών"", ""Οργάνωση παρουσιάσεων"", ""Οργάνωση σχολίων αξιολόγησης"", ""Διαχείριση αιτημάτων πελατών"", ""Διαχείριση λειτουργικών οδηγιών"", ""Διαχείριση λιστών επαφών"", ""Διαχείριση παρουσιάσεων"", ""Διαχείριση σχολίων αξιολόγησης"", ""Παρακολούθηση αιτημάτων πελατών"", ""Παρακολούθηση λειτουργικών οδηγιών"", ""Παρακολούθηση λιστών επαφών"", ""Παρακολούθηση παρουσιάσεων"", ""Παρακολούθηση σχολίων αξιολόγησης"", ""Αξιολόγηση αιτημάτων πελατών"", ""Αξιολόγηση λειτουργικών οδηγιών"", ""Αξιολόγηση λιστών επαφών"", ""Αξιολόγηση παρουσιάσεων"", ""Αξιολόγηση σχολίων αξιολόγησης"", ""Τεκμηρίωση αιτημάτων πελατών"", ""Τεκμηρίωση λειτουργικών οδηγιών"", ""Τεκμηρίωση λιστών επαφών"", ""Τεκμηρίωση παρουσιάσεων"", ""Τεκμηρίωση σχολίων αξιολόγησης"", ""Βελτίωση αιτημάτων πελατών"", ""Βελτίωση λειτουργικών οδηγιών"", ""Βελτίωση λιστών επαφών"", ""Βελτίωση παρουσιάσεων"", ""Βελτίωση σχολίων αξιολόγησης"", ""Συντονισμός αιτημάτων πελατών"", ""Συντονισμός λειτουργικών οδηγιών"", ""Συντονισμός λιστών επαφών"", ""Συντονισμός παρουσιάσεων"", ""Συντονισμός σχολίων αξιολόγησης"", ""Έλεγχος αιτημάτων πελατών"", ""Έλεγχος λειτουργικών οδηγιών"", ""Έλεγχος λιστών επαφών"", ""Έλεγχος παρουσιάσεων"", ""Έλεγχος σχολίων αξιολόγησης"", ""Προτεραιοποίηση αιτημάτων πελατών"", ""Προτεραιοποίηση λειτουργικών οδηγιών"", ""Προτεραιοποίηση λιστών επαφών"", ""Προτεραιοποίηση παρουσιάσεων"", ""Προτεραιοποίηση σχολίων αξιολόγησης""]","[""Επαγγελματική Επικοινωνία"", ""Προσωπική Διαχείριση"", ""Ψηφιακή Παραγωγικότητα και ΤΝ"", ""Μάθηση και Προσαρμοστικότητα"", ""Διαχείριση Έργων"", ""Ανάλυση και Επίλυση Προβλημάτων"", ""Εξυπηρέτηση Πελατών""]",54
75985,Group Rewards Analyst,"[""Σαφής και συνοπτική επικοινωνία"", ""Οργάνωση ψηφιακού χώρου εργασίας"", ""Διαχείριση προσοχής και συγκέντρωσης""]","[""Επαγγελματική Επικοινωνία"", ""Διαχείριση Δεδομένων και Πληροφορίας"", ""Προσωπική Διαχείριση""]",3
80947,Long Term Energy Analyst,"[""Σαφής και συνοπτική επικοινωνία""]","[""Επαγγελματική Επικοινωνία""]",1
81160,Business Intelligence and Data Analyst (Atrium Platinum)-Rhodes,"[""Σαφής και συνοπτική επικοινωνία"", ""Διαχείριση χρόνου"", ""Διαχείριση προσοχής και συγκέντρωσης""]","[""Επαγγελματική Επικοινωνία"", ""Προσωπική Διαχείριση""]",3
83752,Financial Analyst,"[""Οργάνωση ψηφιακού χώρου εργασίας"", ""Διαχείριση χρόνου"", ""Διαχείριση προσοχής και συγκέντρωσης""]","[""Διαχείριση Δεδομένων και Πληροφορίας"", ""Προσωπική Διαχείριση""]",3
83857,Technology & Design Business Analyst @ Thessaloniki,"[""Διαχείριση χρόνου"", ""Διαχείριση προσοχής και συγκέντρωσης"", ""Ανάλυση χρονοδιαγραμμάτων έργου"", ""Ανάλυση προτύπων εγγράφων"", ""Ανάλυση σφαλμάτων κώδικα"", ""Ανάλυση αναγκών stakeholders"", ""Ανάλυση αιτημάτων αλλαγής"", ""Οργάνωση χρονοδιαγραμμάτων έργου"", ""Οργάνωση προτύπων εγγράφων"", ""Οργάνωση σφαλμάτων κώδικα"", ""Οργάνωση αναγκών stakeholders"", ""Οργάνωση αιτημάτων αλλαγής"", ""Διαχείριση χρονοδιαγραμμάτων έργου"", ""Διαχείριση προτύπων εγγράφων"", ""Διαχείριση σφαλμάτων κώδικα"", ""Διαχείριση αναγκών stakeholders"", ""Διαχείριση αιτημάτων αλλαγής"", ""Παρακολούθηση χρονοδιαγραμμάτων έργου"", ""Παρακολούθηση προτύπων εγγράφων"", ""Παρακολούθηση σφαλμάτων κώδικα"", ""Παρακολούθηση αναγκών stakeholders"", ""Παρακολούθηση αιτημάτων αλλαγής"", ""Αξιολόγηση χρονοδιαγραμμάτων έργου"", ""Αξιολόγηση προτύπων εγγράφων"", ""Αξιολόγηση σφαλμάτων κώδικα"", ""Αξιολόγηση αναγκών stakeholders"", ""Αξιολόγηση αιτημάτων αλλαγής"", ""Τεκμηρίωση χρονοδιαγραμμάτων έργου"", ""Τεκμηρίωση προτύπων εγγράφων"", ""Τεκμηρίωση σφαλμάτων κώδικα"", ""Τεκμηρίωση αναγκών stakeholders"", ""Τεκμηρίωση αιτημάτων αλλαγής"", ""Βελτίωση χρονοδιαγραμμάτων έργου"", ""Βελτίωση προτύπων εγγράφων"", ""Βελτίωση σφαλμάτων κώδικα"", ""Βελτίωση αναγκών stakeholders"", ""Βελτίωση αιτημάτων αλλαγής"", ""Συντονισμός χρονοδιαγραμμάτων έργου"", ""Συντονισμός προτύπων εγγράφων"", ""Συντονισμός σφαλμάτων κώδικα"", ""Συντονισμός αναγκών stakeholders"", ""Συντονισμός αιτημάτων αλλαγής"", ""Έλεγχος χρονοδιαγραμμάτων έργου"", ""Έλεγχος προτύπων εγγράφων"", ""Έλεγχος σφαλμάτων κώδικα"", ""Έλεγχος αναγκών stakeholders"", ""Έλεγχος αιτημάτων αλλαγής"", ""Προτεραιοποίηση χρονοδιαγραμμάτων έργου"", ""Προτεραιοποίηση προτύπων εγγράφων"", ""Προτεραιοποίηση σφαλμάτων κώδικα"", ""Προτεραιοποίηση αναγκών stakeholders"", ""Προτεραιοποίηση αιτημάτων αλλαγής""]","[""Προσωπική Διαχείριση"", ""Διοικητική Υποστήριξη"", ""Ομαδική Συνεργασία"", ""Διαχείριση Δεδομένων και Πληροφορίας"", ""Επαγγελματική Επικοινωνία"", ""Ποιότητα και Συμμόρφωση"", ""Τεχνικές και Ψηφιακές Δεξιότητες""]",52
84064,Business Analyst,"[""Σαφής και συνοπτική επικοινωνία""]","[""Επαγγελματική Επικοινωνία""]",1
86922,PRODUCT MANAGER DATA ANALYST,"[""Σαφής και συνοπτική επικοινωνία"", ""Αποτελεσματική αναζήτηση στο διαδίκτυο"", ""Διαχείριση χρόνου"", ""Ανάλυση χρονοδιαγραμμάτων έργου"", ""Ανάλυση προτύπων εγγράφων"", ""Ανάλυση σφαλμάτων κώδικα"", ""Ανάλυση αναγκών stakeholders"", ""Ανάλυση αιτημάτων αλλαγής"", ""Οργάνωση χρονοδιαγραμμάτων έργου"", ""Οργάνωση προτύπων εγγράφων"", ""Οργάνωση σφαλμάτων κώδικα"", ""Οργάνωση αναγκών stakeholders"", ""Οργάνωση αιτημάτων αλλαγής"", ""Διαχείριση χρονοδιαγραμμάτων έργου"", ""Διαχείριση προτύπων εγγράφων"", ""Διαχείριση σφαλμάτων κώδικα"", ""Διαχείριση αναγκών stakeholders"", ""Διαχείριση αιτημάτων αλλαγής"", ""Παρακολούθηση χρονοδιαγραμμάτων έργου"", ""Παρακολούθηση προτύπων εγγράφων"", ""Παρακολούθηση σφαλμάτων κώδικα"", ""Παρακολούθηση αναγκών stakeholders"", ""Παρακολούθηση αιτημάτων αλλαγής"", ""Αξιολόγηση χρονοδιαγραμμάτων έργου"", ""Αξιολόγηση προτύπων εγγράφων"", ""Αξιολόγηση σφαλμάτων κώδικα"", ""Αξιολόγηση αναγκών stakeholders"", ""Αξιολόγηση αιτημάτων αλλαγής"", ""Τεκμηρίωση χρονοδιαγραμμάτων έργου"", ""Τεκμηρίωση προτύπων εγγράφων"", ""Τεκμηρίωση σφαλμάτων κώδικα"", ""Τεκμηρίωση αναγκών stakeholders"", ""Τεκμηρίωση αιτημάτων αλλαγής"", ""Βελτίωση χρονοδιαγραμμάτων έργου"", ""Βελτίωση προτύπων εγγράφων"", ""Βελτίωση σφαλμάτων κώδικα"", ""Βελτίωση αναγκών stakeholders"", ""Βελτίωση αιτημάτων αλλαγής"", ""Συντονισμός χρονοδιαγραμμάτων έργου"", ""Συντονισμός προτύπων εγγράφων"", ""Συντονισμός σφαλμάτων κώδικα"", ""Συντονισμός αναγκών stakeholders"", ""Συντονισμός αιτημάτων αλλαγής"", ""Έλεγχος χρονοδιαγραμμάτων έργου"", ""Έλεγχος προτύπων εγγράφων"", ""Έλεγχος σφαλμάτων κώδικα"", ""Έλεγχος αναγκών stakeholders"", ""Έλεγχος αιτημάτων αλλαγής"", ""Προτεραιοποίηση χρονοδιαγραμμάτων έργου"", ""Προτεραιοποίηση προτύπων εγγράφων"", ""Προτεραιοποίηση σφαλμάτων κώδικα"", ""Προτεραιοποίηση αναγκών stakeholders"", ""Προτεραιοποίηση αιτημάτων αλλαγής""]","[""Επαγγελματική Επικοινωνία"", ""Διαχείριση Δεδομένων και Πληροφορίας"", ""Προσωπική Διαχείριση"", ""Διοικητική Υποστήριξη"", ""Ομαδική Συνεργασία"", ""Ποιότητα και Συμμόρφωση"", ""Τεχνικές και Ψηφιακές Δεξιότητες""]",53
87052,Personal Assistant – Accounting Analyst,[],[],0
87159,Trade Support Analyst (PA)-Italian Speakers,"[""Σαφής και συνοπτική επικοινωνία"", ""Αποτελεσματική αναζήτηση στο διαδίκτυο""]","[""Επαγγελματική Επικοινωνία"", ""Διαχείριση Δεδομένων και Πληροφορίας""]",2
87283,"Senior Associate, Reporting Analyst, Data Management Reporting and Analytics, Clinical Data Sciences​","[""Σύνταξη επαγγελματικών email"", ""Σαφής και συνοπτική επικοινωνία"", ""Οργάνωση ψηφιακού χώρου εργασίας"", ""Διαχείριση προσοχής και συγκέντρωσης""]","[""Ψηφιακή Παραγωγικότητα και ΤΝ"", ""Επαγγελματική Επικοινωνία"", ""Διαχείριση Δεδομένων και Πληροφορίας"", ""Προσωπική Διαχείριση""]",4
87284,"Senior Associate, Reporting Analyst, Data Management Reporting and Analytics, Clinical Data Sciences","[""Σύνταξη επαγγελματικών email"", ""Σαφής και συνοπτική επικοινωνία"", ""Οργάνωση ψηφιακού χώρου εργασίας"", ""Διαχείριση προσοχής και συγκέντρωσης""]","[""Ψηφιακή Παραγωγικότητα και ΤΝ"", ""Επαγγελματική Επικοινωνία"", ""Διαχείριση Δεδομένων και Πληροφορίας"", ""Προσωπική Διαχείριση""]",4
92257,Level 1 Cyber Security Analyst,"[""Σύνταξη επαγγελματικών email"", ""Σαφής και συνοπτική επικοινωνία""]","[""Ψηφιακή Παραγωγικότητα και ΤΝ"", ""Επαγγελματική Επικοινωνία""]",2
92496,Junior Digital Banking Business Analyst,"[""Διαχείριση χρόνου"", ""Διαχείριση προσοχής και συγκέντρωσης""]","[""Προσωπική Διαχείριση""]",2
92697,Junior Sales Analyst based in Athens,"[""Διαχείριση χρόνου"", ""Διαχείριση προσοχής και συγκέντρωσης""]","[""Προσωπική Διαχείριση""]",2
92698,Financial Planning & Sales Analyst (1),"[""Σαφής και συνοπτική επικοινωνία"", ""Διαχείριση χρόνου"", ""Διαχείριση προσοχής και συγκέντρωσης""]","[""Επαγγελματική Επικοινωνία"", ""Προσωπική Διαχείριση""]",3
92918,QC Analyst,"[""Οργάνωση ψηφιακού χώρου εργασίας"", ""Διαχείριση χρόνου"", ""Διαχείριση προσοχής και συγκέντρωσης""]","[""Διαχείριση Δεδομένων και Πληροφορίας"", ""Προσωπική Διαχείριση""]",3
100264,Senior Financial Analyst,"[""Σαφής και συνοπτική επικοινωνία"", ""Διαχείριση χρόνου"", ""Διαχείριση προσοχής και συγκέντρωσης"", ""Ανάλυση αιτημάτων πελατών"", ""Ανάλυση λειτουργικών οδηγιών"", ""Ανάλυση λιστών επαφών"", ""Ανάλυση παρουσιάσεων"", ""Ανάλυση σχολίων αξιολόγησης"", ""Οργάνωση αιτημάτων πελατών"", ""Οργάνωση λειτουργικών οδηγιών"", ""Οργάνωση λιστών επαφών"", ""Οργάνωση παρουσιάσεων"", ""Οργάνωση σχολίων αξιολόγησης"", ""Διαχείριση αιτημάτων πελατών"", ""Διαχείριση λειτουργικών οδηγιών"", ""Διαχείριση λιστών επαφών"", ""Διαχείριση παρουσιάσεων"", ""Διαχείριση σχολίων αξιολόγησης"", ""Παρακολούθηση αιτημάτων πελατών"", ""Παρακολούθηση λειτουργικών οδηγιών"", ""Παρακολούθηση λιστών επαφών"", ""Παρακολούθηση παρουσιάσεων"", ""Παρακολούθηση σχολίων αξιολόγησης"", ""Αξιολόγηση αιτημάτων πελατών"", ""Αξιολόγηση λειτουργικών οδηγιών"", ""Αξιολόγηση λιστών επαφών"", ""Αξιολόγηση παρουσιάσεων"", ""Αξιολόγηση σχολίων αξιολόγησης"", ""Τεκμηρίωση αιτημάτων πελατών"", ""Τεκμηρίωση λειτουργικών οδηγιών"", ""Τεκμηρίωση λιστών επαφών"", ""Τεκμηρίωση παρουσιάσεων"", ""Τεκμηρίωση σχολίων αξιολόγησης"", ""Βελτίωση αιτημάτων πελατών"", ""Βελτίωση λειτουργικών οδηγιών"", ""Βελτίωση λιστών επαφών"", ""Βελτίωση παρουσιάσεων"", ""Βελτίωση σχολίων αξιολόγησης"", ""Συντονισμός αιτημάτων πελατών"", ""Συντονισμός λειτουργικών οδηγιών"", ""Συντονισμός λιστών επαφών"", ""Συντονισμός παρουσιάσεων"", ""Συντονισμός σχολίων αξιολόγησης"", ""Έλεγχος αιτημάτων πελατών"", ""Έλεγχος λειτουργικών οδηγιών"", ""Έλεγχος λιστών επαφών"", ""Έλεγχος παρουσιάσεων"", ""Έλεγχος σχολίων αξιολόγησης"", ""Προτεραιοποίηση αιτημάτων πελατών"", ""Προτεραιοποίηση λειτουργικών οδηγιών"", ""Προτεραιοποίηση λιστών επαφών"", ""Προτεραιοποίηση παρουσιάσεων"", ""Προτεραιοποίηση σχολίων αξιολόγησης""]","[""Επαγγελματική Επικοινωνία"", ""Προσωπική Διαχείριση"", ""Ψηφιακή Παραγωγικότητα και ΤΝ"", ""Μάθηση και Προσαρμοστικότητα"", ""Διαχείριση Έργων"", ""Ανάλυση και Επίλυση Προβλημάτων"", ""Εξυπηρέτηση Πελατών""]",53
100926,Junior FP&A Analyst,"[""Σαφής και συνοπτική επικοινωνία"", ""Διαχείριση χρόνου"", ""Διαχείριση προσοχής και συγκέντρωσης""]","[""Επαγγελματική Επικοινωνία"", ""Προσωπική Διαχείριση""]",3
100953,RnD Analyst LC/MS & GC/MS (Thessaloniki),"[""Σύνταξη επαγγελματικών email"", ""Σαφής και συνοπτική επικοινωνία"", ""Διαχείριση προσοχής και συγκέντρωσης""]","[""Ψηφιακή Παραγωγικότητα και ΤΝ"", ""Επαγγελματική Επικοινωνία"", ""Προσωπική Διαχείριση""]",3
101100,Business Analyst,"[""Σύνταξη επαγγελματικών email"", ""Σαφής και συνοπτική επικοινωνία""]","[""Ψηφιακή Παραγωγικότητα και ΤΝ"", ""Επαγγελματική Επικοινωνία""]",2
111594,Business Analyst & Controller,"[""Διαχείριση προσοχής και συγκέντρωσης""]","[""Προσωπική Διαχείριση""]",1
111763,Business Analyst,"[""Σύνταξη επαγγελματικών email"", ""Σαφής και συνοπτική επικοινωνία"", ""Διαχείριση χρόνου"", ""Διαχείριση προσοχής και συγκέντρωσης"", ""Επιβεβαίωση οδηγιών και απαιτήσεων"", ""Ανάλυση επαγγελματικής αλληλογραφίας"", ""Ανάλυση χρονοδιαγραμμάτων έργου"", ""Ανάλυση ερωτημάτων υποστήριξης"", ""Ανάλυση προτύπων εγγράφων"", ""Ανάλυση δεδομένων αγοράς"", ""Ανάλυση σφαλμάτων κώδικα"", ""Ανάλυση γραφημάτων δεδομένων"", ""Ανάλυση αναγκών stakeholders"", ""Ανάλυση ελέγχων συμμόρφωσης"", ""Ανάλυση αιτημάτων αλλαγής"", ""Οργάνωση επαγγελματικής αλληλογραφίας"", ""Οργάνωση χρονοδιαγραμμάτων έργου"", ""Οργάνωση ερωτημάτων υποστήριξης"", ""Οργάνωση προτύπων εγγράφων"", ""Οργάνωση δεδομένων αγοράς"", ""Οργάνωση σφαλμάτων κώδικα"", ""Οργάνωση γραφημάτων δεδομένων"", ""Οργάνωση αναγκών stakeholders"", ""Οργάνωση ελέγχων συμμόρφωσης"", ""Οργάνωση αιτημάτων αλλαγής"", ""Διαχείριση επαγγελματικής αλληλογραφίας"", ""Διαχείριση χρονοδιαγραμμάτων έργου"", ""Διαχείριση ερωτημάτων υποστήριξης"", ""Διαχείριση προτύπων εγγράφων"", ""Διαχείριση δεδομένων αγοράς"", ""Διαχείριση σφαλμάτων κώδικα"", ""Διαχείριση γραφημάτων δεδομένων"", ""Διαχείριση αναγκών stakeholders"", ""Διαχείριση ελέγχων συμμόρφωσης"", ""Διαχείριση αιτημάτων αλλαγής"", ""Παρακολούθηση επαγγελματικής αλληλογραφίας"", ""Παρακολούθηση χρονοδιαγραμμάτων έργου"", ""Παρακολούθηση ερωτημάτων υποστήριξης"", ""Παρακολούθηση προτύπων εγγράφων"", ""Παρακολούθηση δεδομένων αγοράς"", ""Παρακολούθηση σφαλμάτων κώδικα"", ""Παρακολούθηση γραφημάτων δεδομένων"", ""Παρακολούθηση αναγκών stakeholders"", ""Παρακολούθηση ελέγχων συμμόρφωσης"", ""Παρακολούθηση αιτημάτων αλλαγής"", ""Αξιολόγηση επαγγελματικής αλληλογραφίας"", ""Αξιολόγηση χρονοδιαγραμμάτων έργου"", ""Αξιολόγηση ερωτημάτων υποστήριξης"", ""Αξιολόγηση προτύπων εγγράφων"", ""Αξιολόγηση δεδομένων αγοράς"", ""Αξιολόγηση σφαλμάτων κώδικα"", ""Αξιολόγηση γραφημάτων δεδομένων"", ""Αξιολόγηση αναγκών stakeholders"", ""Αξιολόγηση ελέγχων συμμόρφωσης"", ""Αξιολόγηση αιτημάτων αλλαγής"", ""Τεκμηρίωση επαγγελματικής αλληλογραφίας"", ""Τεκμηρίωση χρονοδιαγραμμάτων έργου"", ""Τεκμηρίωση ερωτημάτων υποστήριξης"", ""Τεκμηρίωση προτύπων εγγράφων"", ""Τεκμηρίωση δεδομένων αγοράς"", ""Τεκμηρίωση σφαλμάτων κώδικα"", ""Τεκμηρίωση γραφημάτων δεδομένων"", ""Τεκμηρίωση αναγκών stakeholders"", ""Τεκμηρίωση ελέγχων συμμόρφωσης"", ""Τεκμηρίωση αιτημάτων αλλαγής"", ""Βελτίωση επαγγελματικής αλληλογραφίας"", ""Βελτίωση χρονοδιαγραμμάτων έργου"", ""Βελτίωση ερωτημάτων υποστήριξης"", ""Βελτίωση προτύπων εγγράφων"", ""Βελτίωση δεδομένων αγοράς"", ""Βελτίωση σφαλμάτων κώδικα"", ""Βελτίωση γραφημάτων δεδομένων"", ""Βελτίωση αναγκών stakeholders"", ""Βελτίωση ελέγχων συμμόρφωσης"", ""Βελτίωση αιτημάτων αλλαγής"", ""Συντονισμός επαγγελματικής αλληλογραφίας"", ""Συντονισμός χρονοδιαγραμμάτων έργου"", ""Συντονισμός ερωτημάτων υποστήριξης"", ""Συντονισμός προτύπων εγγράφων"", ""Συντονισμός δεδομένων αγοράς"", ""Συντονισμός σφαλμάτων κώδικα"", ""Συντονισμός γραφημάτων δεδομένων"", ""Συντονισμός αναγκών stakeholders"", ""Συντονισμός ελέγχων συμμόρφωσης"", ""Συντονισμός αιτημάτων αλλαγής"", ""Έλεγχος επαγγελματικής αλληλογραφίας"", ""Έλεγχος χρονοδιαγραμμάτων έργου"", ""Έλεγχος ερωτημάτων υποστήριξης"", ""Έλεγχος προτύπων εγγράφων"", ""Έλεγχος δεδομένων αγοράς"", ""Έλεγχος σφαλμάτων κώδικα"", ""Έλεγχος γραφημάτων δεδομένων"", ""Έλεγχος αναγκών stakeholders"", ""Έλεγχος ελέγχων συμμόρφωσης"", ""Έλεγχος αιτημάτων αλλαγής"", ""Προτεραιοποίηση επαγγελματικής αλληλογραφίας"", ""Προτεραιοποίηση χρονοδιαγραμμάτων έργου"", ""Προτεραιοποίηση ερωτημάτων υποστήριξης"", ""Προτεραιοποίηση προτύπων εγγράφων"", ""Προτεραιοποίηση δεδομένων αγοράς"", ""Προτεραιοποίηση σφαλμάτων κώδικα"", ""Προτεραιοποίηση γραφημάτων δεδομένων"", ""Προτεραιοποίηση αναγκών stakeholders"", ""Προτεραιοποίηση ελέγχων συμμόρφωσης"", ""Προτεραιοποίηση αιτημάτων αλλαγής""]","[""Ψηφιακή Παραγωγικότητα και ΤΝ"", ""Επαγγελματική Επικοινωνία"", ""Προσωπική Διαχείριση"", ""Διοικητική Υποστήριξη"", ""Ποιότητα και Συμμόρφωση"", ""Ομαδική Συνεργασία"", ""Τεχνικές και Ψηφιακές Δεξιότητες"", ""Διαχείριση Δεδομένων και Πληροφορίας""]",105
127790,Lead Due Diligence Analyst,"[""Σαφής και συνοπτική επικοινωνία"", ""Διαχείριση προσοχής και συγκέντρωσης"", ""Ανάλυση επαγγελματικής αλληλογραφίας"", ""Ανάλυση ερωτημάτων υποστήριξης"", ""Ανάλυση δεδομένων αγοράς"", ""Ανάλυση γραφημάτων δεδομένων"", ""Ανάλυση ελέγχων συμμόρφωσης"", ""Οργάνωση επαγγελματικής αλληλογραφίας"", ""Οργάνωση ερωτημάτων υποστήριξης"", ""Οργάνωση δεδομένων αγοράς"", ""Οργάνωση γραφημάτων δεδομένων"", ""Οργάνωση ελέγχων συμμόρφωσης"", ""Διαχείριση επαγγελματικής αλληλογραφίας"", ""Διαχείριση ερωτημάτων υποστήριξης"", ""Διαχείριση δεδομένων αγοράς"", ""Διαχείριση γραφημάτων δεδομένων"", ""Διαχείριση ελέγχων συμμόρφωσης"", ""Παρακολούθηση επαγγελματικής αλληλογραφίας"", ""Παρακολούθηση ερωτημάτων υποστήριξης"", ""Παρακολούθηση δεδομένων αγοράς"", ""Παρακολούθηση γραφημάτων δεδομένων"", ""Παρακολούθηση ελέγχων συμμόρφωσης"", ""Αξιολόγηση επαγγελματικής αλληλογραφίας"", ""Αξιολόγηση ερωτημάτων υποστήριξης"", ""Αξιολόγηση δεδομένων αγοράς"", ""Αξιολόγηση γραφημάτων δεδομένων"", ""Αξιολόγηση ελέγχων συμμόρφωσης"", ""Τεκμηρίωση επαγγελματικής αλληλογραφίας"", ""Τεκμηρίωση ερωτημάτων υποστήριξης"", ""Τεκμηρίωση δεδομένων αγοράς"", ""Τεκμηρίωση γραφημάτων δεδομένων"", ""Τεκμηρίωση ελέγχων συμμόρφωσης"", ""Βελτίωση επαγγελματικής αλληλογραφίας"", ""Βελτίωση ερωτημάτων υποστήριξης"", ""Βελτίωση δεδομένων αγοράς"", ""Βελτίωση γραφημάτων δεδομένων"", ""Βελτίωση ελέγχων συμμόρφωσης"", ""Συντονισμός επαγγελματικής αλληλογραφίας"", ""Συντονισμός ερωτημάτων υποστήριξης"", ""Συντονισμός δεδομένων αγοράς"", ""Συντονισμός γραφημάτων δεδομένων"", ""Συντονισμός ελέγχων συμμόρφωσης"", ""Έλεγχος επαγγελματικής αλληλογραφίας"", ""Έλεγχος ερωτημάτων υποστήριξης"", ""Έλεγχος δεδομένων αγοράς"", ""Έλεγχος γραφημάτων δεδομένων"", ""Έλεγχος ελέγχων συμμόρφωσης"", ""Προτεραιοποίηση επαγγελματικής αλληλογραφίας"", ""Προτεραιοποίηση ερωτημάτων υποστήριξης"", ""Προτεραιοποίηση δεδομένων αγοράς"", ""Προτεραιοποίηση γραφημάτων δεδομένων"", ""Προτεραιοποίηση ελέγχων συμμόρφωσης""]","[""Επαγγελματική Επικοινωνία"", ""Προσωπική Διαχείριση"", ""Ποιότητα και Συμμόρφωση"", ""Τεχνικές και Ψηφιακές Δεξιότητες"", ""Διοικητική Υποστήριξη"", ""Ομαδική Συνεργασία"", ""Διαχείριση Δεδομένων και Πληροφορίας""]",52
135944,"Pricing Analyst, Removal Services","[""Σαφής και συνοπτική επικοινωνία"", ""Αποτελεσματική αναζήτηση στο διαδίκτυο"", ""Διαχείριση προσοχής και συγκέντρωσης""]","[""Επαγγελματική Επικοινωνία"", ""Διαχείριση Δεδομένων και Πληροφορίας"", ""Προσωπική Διαχείριση""]",3
135995,Data Analyst (no experience required),[],[],0
105,QA/QC Engineer,"[""Αυτοματοποίηση επαναλαμβανόμενων εργασιών"", ""Διαχείριση χρόνου"", ""Διαχείριση προσοχής και συγκέντρωσης"", ""Ανάλυση χρονοδιαγραμμάτων έργου"", ""Ανάλυση προτύπων εγγράφων"", ""Ανάλυση σφαλμάτων κώδικα"", ""Ανάλυση αναγκών stakeholders"", ""Ανάλυση αιτημάτων αλλαγής"", ""Οργάνωση χρονοδιαγραμμάτων έργου"", ""Οργάνωση προτύπων εγγράφων"", ""Οργάνωση σφαλμάτων κώδικα"", ""Οργάνωση αναγκών stakeholders"", ""Οργάνωση αιτημάτων αλλαγής"", ""Διαχείριση χρονοδιαγραμμάτων έργου"", ""Διαχείριση προτύπων εγγράφων"", ""Διαχείριση σφαλμάτων κώδικα"", ""Διαχείριση αναγκών stakeholders"", ""Διαχείριση αιτημάτων αλλαγής"", ""Παρακολούθηση χρονοδιαγραμμάτων έργου"", ""Παρακολούθηση προτύπων εγγράφων"", ""Παρακολούθηση σφαλμάτων κώδικα"", ""Παρακολούθηση αναγκών stakeholders"", ""Παρακολούθηση αιτημάτων αλλαγής"", ""Αξιολόγηση χρονοδιαγραμμάτων έργου"", ""Αξιολόγηση προτύπων εγγράφων"", ""Αξιολόγηση σφαλμάτων κώδικα"", ""Αξιολόγηση αναγκών stakeholders"", ""Αξιολόγηση αιτημάτων αλλαγής"", ""Τεκμηρίωση χρονοδιαγραμμάτων έργου"", ""Τεκμηρίωση προτύπων εγγράφων"", ""Τεκμηρίωση σφαλμάτων κώδικα"", ""Τεκμηρίωση αναγκών stakeholders"", ""Τεκμηρίωση αιτημάτων αλλαγής"", ""Βελτίωση χρονοδιαγραμμάτων έργου"", ""Βελτίωση προτύπων εγγράφων"", ""Βελτίωση σφαλμάτων κώδικα"", ""Βελτίωση αναγκών stakeholders"", ""Βελτίωση αιτημάτων αλλαγής"", ""Συντονισμός χρονοδιαγραμμάτων έργου"", ""Συντονισμός προτύπων εγγράφων"", ""Συντονισμός σφαλμάτων κώδικα"", ""Συντονισμός αναγκών stakeholders"", ""Συντονισμός αιτημάτων αλλαγής"", ""Έλεγχος χρονοδιαγραμμάτων έργου"", ""Έλεγχος προτύπων εγγράφων"", ""Έλεγχος σφαλμάτων κώδικα"", ""Έλεγχος αναγκών stakeholders"", ""Έλεγχος αιτημάτων αλλαγής"", ""Προτεραιοποίηση χρονοδιαγραμμάτων έργου"", ""Προτεραιοποίηση προτύπων εγγράφων"", ""Προτεραιοποίηση σφαλμάτων κώδικα"", ""Προτεραιοποίηση αναγκών stakeholders"", ""Προτεραιοποίηση αιτημάτων αλλαγής""]","[""Ψηφιακή Παραγωγικότητα και ΤΝ"", ""Προσωπική Διαχείριση"", ""Διοικητική Υποστήριξη"", ""Ομαδική Συνεργασία"", ""Διαχείριση Δεδομένων και Πληροφορίας"", ""Επαγγελματική Επικοινωνία"", ""Ποιότητα και Συμμόρφωση"", ""Τεχνικές και Ψηφιακές Δεξιότητες""]",53
244,Junior Data Engineer,"[""Σαφής και συνοπτική επικοινωνία"", ""Διαχείριση χρόνου"", ""Διαχείριση προσοχής και συγκέντρωσης"", ""Ανάλυση δεδομένων σε υπολογιστικά φύλλα"", ""Ανάλυση κινδύνων έργου"", ""Ανάλυση tickets υποστήριξης"", ""Ανάλυση επαγγελματικών συνομιλιών"", ""Ανάλυση αποτελεσμάτων έρευνας"", ""Οργάνωση δεδομένων σε υπολογιστικά φύλλα"", ""Οργάνωση κινδύνων έργου"", ""Οργάνωση tickets υποστήριξης"", ""Οργάνωση επαγγελματικών συνομιλιών"", ""Οργάνωση αποτελεσμάτων έρευνας"", ""Διαχείριση δεδομένων σε υπολογιστικά φύλλα"", ""Διαχείριση κινδύνων έργου"", ""Διαχείριση tickets υποστήριξης"", ""Διαχείριση επαγγελματικών συνομιλιών"", ""Διαχείριση αποτελεσμάτων έρευνας"", ""Παρακολούθηση δεδομένων σε υπολογιστικά φύλλα"", ""Παρακολούθηση κινδύνων έργου"", ""Παρακολούθηση tickets υποστήριξης"", ""Παρακολούθηση επαγγελματικών συνομιλιών"", ""Παρακολούθηση αποτελεσμάτων έρευνας"", ""Αξιολόγηση δεδομένων σε υπολογιστικά φύλλα"", ""Αξιολόγηση κινδύνων έργου"", ""Αξιολόγηση tickets υποστήριξης"", ""Αξιολόγηση επαγγελματικών συνομιλιών"", ""Αξιολόγηση αποτελεσμάτων έρευνας"", ""Τεκμηρίωση δεδομένων σε υπολογιστικά φύλλα"", ""Τεκμηρίωση κινδύνων έργου"", ""Τεκμηρίωση tickets υποστήριξης"", ""Τεκμηρίωση επαγγελματικών συνομιλιών"", ""Τεκμηρίωση αποτελεσμάτων έρευνας"", ""Βελτίωση δεδομένων σε υπολογιστικά φύλλα"", ""Βελτίωση κινδύνων έργου"", ""Βελτίωση tickets υποστήριξης"", ""Βελτίωση επαγγελματικών συνομιλιών"", ""Βελτίωση αποτελεσμάτων έρευνας"", ""Συντονισμός δεδομένων σε υπολογιστικά φύλλα"", ""Συντονισμός κινδύνων έργου"", ""Συντονισμός tickets υποστήριξης"", ""Συντονισμός επαγγελματικών συνομιλιών"", ""Συντονισμός αποτελεσμάτων έρευνας"", ""Έλεγχος δεδομένων σε υπολογιστικά φύλλα"", ""Έλεγχος κινδύνων έργου"", ""Έλεγχος tickets υποστήριξης"", ""Έλεγχος επαγγελματικών συνομιλιών"", ""Έλεγχος αποτελεσμάτων έρευνας"", ""Προτεραιοποίηση δεδομένων σε υπολογιστικά φύλλα"", ""Προτεραιοποίηση κινδύνων έργου"", ""Προτεραιοποίηση tickets υποστήριξης"", ""Προτεραιοποίηση επαγγελματικών συνομιλιών"", ""Προτεραιοποίηση αποτελεσμάτων έρευνας""]","[""Επαγγελματική Επικοινωνία"", ""Προσωπική Διαχείριση"", ""Ψηφιακή Παραγωγικότητα και ΤΝ"", ""Μάθηση και Προσαρμοστικότητα"", ""Διαχείριση Έργων"", ""Ανάλυση και Επίλυση Προβλημάτων"", ""Εξυπηρέτηση Πελατών""]",53
541,"Senior Director, Smart Mfg. Foundations & Sustainment","[""Σαφής και συνοπτική επικοινωνία"", ""Διαχείριση προσοχής και συγκέντρωσης"", ""Επιβεβαίωση οδηγιών και απαιτήσεων""]","[""Επαγγελματική Επικοινωνία"", ""Προσωπική Διαχείριση""]",3
546,Project Controls Engineer,"[""Σαφής και συνοπτική επικοινωνία"", ""Ανάλυση δεδομένων σε υπολογιστικά φύλλα"", ""Ανάλυση κινδύνων έργου"", ""Ανάλυση tickets υποστήριξης"", ""Ανάλυση επαγγελματικών συνομιλιών"", ""Ανάλυση αποτελεσμάτων έρευνας"", ""Οργάνωση δεδομένων σε υπολογιστικά φύλλα"", ""Οργάνωση κινδύνων έργου"", ""Οργάνωση tickets υποστήριξης"", ""Οργάνωση επαγγελματικών συνομιλιών"", ""Οργάνωση αποτελεσμάτων έρευνας"", ""Διαχείριση δεδομένων σε υπολογιστικά φύλλα"", ""Διαχείριση κινδύνων έργου"", ""Διαχείριση tickets υποστήριξης"", ""Διαχείριση επαγγελματικών συνομιλιών"", ""Διαχείριση αποτελεσμάτων έρευνας"", ""Παρακολούθηση δεδομένων σε υπολογιστικά φύλλα"", ""Παρακολούθηση κινδύνων έργου"", ""Παρακολούθηση tickets υποστήριξης"", ""Παρακολούθηση επαγγελματικών συνομιλιών"", ""Παρακολούθηση αποτελεσμάτων έρευνας"", ""Αξιολόγηση δεδομένων σε υπολογιστικά φύλλα"", ""Αξιολόγηση κινδύνων έργου"", ""Αξιολόγηση tickets υποστήριξης"", ""Αξιολόγηση επαγγελματικών συνομιλιών"", ""Αξιολόγηση αποτελεσμάτων έρευνας"", ""Τεκμηρίωση δεδομένων σε υπολογιστικά φύλλα"", ""Τεκμηρίωση κινδύνων έργου"", ""Τεκμηρίωση tickets υποστήριξης"", ""Τεκμηρίωση επαγγελματικών συνομιλιών"", ""Τεκμηρίωση αποτελεσμάτων έρευνας"", ""Βελτίωση δεδομένων σε υπολογιστικά φύλλα"", ""Βελτίωση κινδύνων έργου"", ""Βελτίωση tickets υποστήριξης"", ""Βελτίωση επαγγελματικών συνομιλιών"", ""Βελτίωση αποτελεσμάτων έρευνας"", ""Συντονισμός δεδομένων σε υπολογιστικά φύλλα"", ""Συντονισμός κινδύνων έργου"", ""Συντονισμός tickets υποστήριξης"", ""Συντονισμός επαγγελματικών συνομιλιών"", ""Συντονισμός αποτελεσμάτων έρευνας"", ""Έλεγχος δεδομένων σε υπολογιστικά φύλλα"", ""Έλεγχος κινδύνων έργου"", ""Έλεγχος tickets υποστήριξης"", ""Έλεγχος επαγγελματικών συνομιλιών"", ""Έλεγχος αποτελεσμάτων έρευνας"", ""Προτεραιοποίηση δεδομένων σε υπολογιστικά φύλλα"", ""Προτεραιοποίηση κινδύνων έργου"", ""Προτεραιοποίηση tickets υποστήριξης"", ""Προτεραιοποίηση επαγγελματικών συνομιλιών"", ""Προτεραιοποίηση αποτελεσμάτων έρευνας""]","[""Επαγγελματική Επικοινωνία"", ""Προσωπική Διαχείριση"", ""Ψηφιακή Παραγωγικότητα και ΤΝ"", ""Μάθηση και Προσαρμοστικότητα"", ""Διαχείριση Έργων"", ""Ανάλυση και Επίλυση Προβλημάτων"", ""Εξυπηρέτηση Πελατών""]",51
547,Methods Engineer,"[""Σαφής και συνοπτική επικοινωνία"", ""Οργάνωση ψηφιακού χώρου εργασίας"", ""Ανάλυση δεδομένων σε υπολογιστικά φύλλα"", ""Ανάλυση κινδύνων έργου"", ""Ανάλυση tickets υποστήριξης"", ""Ανάλυση επαγγελματικών συνομιλιών"", ""Ανάλυση αποτελεσμάτων έρευνας"", ""Οργάνωση δεδομένων σε υπολογιστικά φύλλα"", ""Οργάνωση κινδύνων έργου"", ""Οργάνωση tickets υποστήριξης"", ""Οργάνωση επαγγελματικών συνομιλιών"", ""Οργάνωση αποτελεσμάτων έρευνας"", ""Διαχείριση δεδομένων σε υπολογιστικά φύλλα"", ""Διαχείριση κινδύνων έργου"", ""Διαχείριση tickets υποστήριξης"", ""Διαχείριση επαγγελματικών συνομιλιών"", ""Διαχείριση αποτελεσμάτων έρευνας"", ""Παρακολούθηση δεδομένων σε υπολογιστικά φύλλα"", ""Παρακολούθηση κινδύνων έργου"", ""Παρακολούθηση tickets υποστήριξης"", ""Παρακολούθηση επαγγελματικών συνομιλιών"", ""Παρακολούθηση αποτελεσμάτων έρευνας"", ""Αξιολόγηση δεδομένων σε υπολογιστικά φύλλα"", ""Αξιολόγηση κινδύνων έργου"", ""Αξιολόγηση tickets υποστήριξης"", ""Αξιολόγηση επαγγελματικών συνομιλιών"", ""Αξιολόγηση αποτελεσμάτων έρευνας"", ""Τεκμηρίωση δεδομένων σε υπολογιστικά φύλλα"", ""Τεκμηρίωση κινδύνων έργου"", ""Τεκμηρίωση tickets υποστήριξης"", ""Τεκμηρίωση επαγγελματικών συνομιλιών"", ""Τεκμηρίωση αποτελεσμάτων έρευνας"", ""Βελτίωση δεδομένων σε υπολογιστικά φύλλα"", ""Βελτίωση κινδύνων έργου"", ""Βελτίωση tickets υποστήριξης"", ""Βελτίωση επαγγελματικών συνομιλιών"", ""Βελτίωση αποτελεσμάτων έρευνας"", ""Συντονισμός δεδομένων σε υπολογιστικά φύλλα"", ""Συντονισμός κινδύνων έργου"", ""Συντονισμός tickets υποστήριξης"", ""Συντονισμός επαγγελματικών συνομιλιών"", ""Συντονισμός αποτελεσμάτων έρευνας"", ""Έλεγχος δεδομένων σε υπολογιστικά φύλλα"", ""Έλεγχος κινδύνων έργου"", ""Έλεγχος tickets υποστήριξης"", ""Έλεγχος επαγγελματικών συνομιλιών"", ""Έλεγχος αποτελεσμάτων έρευνας"", ""Προτεραιοποίηση δεδομένων σε υπολογιστικά φύλλα"", ""Προτεραιοποίηση κινδύνων έργου"", ""Προτεραιοποίηση tickets υποστήριξης"", ""Προτεραιοποίηση επαγγελματικών συνομιλιών"", ""Προτεραιοποίηση αποτελεσμάτων έρευνας""]","[""Επαγγελματική Επικοινωνία"", ""Διαχείριση Δεδομένων και Πληροφορίας"", ""Προσωπική Διαχείριση"", ""Ψηφιακή Παραγωγικότητα και ΤΝ"", ""Μάθηση και Προσαρμοστικότητα"", ""Διαχείριση Έργων"", ""Ανάλυση και Επίλυση Προβλημάτων"", ""Εξυπηρέτηση Πελατών""]",52
548,Senior Piping Engineer,"[""Ανάλυση αιτημάτων πελατών"", ""Ανάλυση λειτουργικών οδηγιών"", ""Ανάλυση λιστών επαφών"", ""Ανάλυση παρουσιάσεων"", ""Ανάλυση σχολίων αξιολόγησης"", ""Οργάνωση αιτημάτων πελατών"", ""Οργάνωση λειτουργικών οδηγιών"", ""Οργάνωση λιστών επαφών"", ""Οργάνωση παρουσιάσεων"", ""Οργάνωση σχολίων αξιολόγησης"", ""Διαχείριση αιτημάτων πελατών"", ""Διαχείριση λειτουργικών οδηγιών"", ""Διαχείριση λιστών επαφών"", ""Διαχείριση παρουσιάσεων"", ""Διαχείριση σχολίων αξιολόγησης"", ""Παρακολούθηση αιτημάτων πελατών"", ""Παρακολούθηση λειτουργικών οδηγιών"", ""Παρακολούθηση λιστών επαφών"", ""Παρακολούθηση παρουσιάσεων"", ""Παρακολούθηση σχολίων αξιολόγησης"", ""Αξιολόγηση αιτημάτων πελατών"", ""Αξιολόγηση λειτουργικών οδηγιών"", ""Αξιολόγηση λιστών επαφών"", ""Αξιολόγηση παρουσιάσεων"", ""Αξιολόγηση σχολίων αξιολόγησης"", ""Τεκμηρίωση αιτημάτων πελατών"", ""Τεκμηρίωση λειτουργικών οδηγιών"", ""Τεκμηρίωση λιστών επαφών"", ""Τεκμηρίωση παρουσιάσεων"", ""Τεκμηρίωση σχολίων αξιολόγησης"", ""Βελτίωση αιτημάτων πελατών"", ""Βελτίωση λειτουργικών οδηγιών"", ""Βελτίωση λιστών επαφών"", ""Βελτίωση παρουσιάσεων"", ""Βελτίωση σχολίων αξιολόγησης"", ""Συντονισμός αιτημάτων πελατών"", ""Συντονισμός λειτουργικών οδηγιών"", ""Συντονισμός λιστών επαφών"", ""Συντονισμός παρουσιάσεων"", ""Συντονισμός σχολίων αξιολόγησης"", ""Έλεγχος αιτημάτων πελατών"", ""Έλεγχος λειτουργικών οδηγιών"", ""Έλεγχος λιστών επαφών"", ""Έλεγχος παρουσιάσεων"", ""Έλεγχος σχολίων αξιολόγησης"", ""Προτεραιοποίηση αιτημάτων πελατών"", ""Προτεραιοποίηση λειτουργικών οδηγιών"", ""Προτεραιοποίηση λιστών επαφών"", ""Προτεραιοποίηση παρουσιάσεων"", ""Προτεραιοποίηση σχολίων αξιολόγησης""]","[""Ψηφιακή Παραγωγικότητα και ΤΝ"", ""Μάθηση και Προσαρμοστικότητα"", ""Διαχείριση Έργων"", ""Ανάλυση και Επίλυση Προβλημάτων"", ""Εξυπηρέτηση Πελατών"", ""Προσωπική Διαχείριση""]",50
550,Engineering Project Control,"[""Σαφής και συνοπτική επικοινωνία"", ""Διαχείριση χρόνου""]","[""Επαγγελματική Επικοινωνία"", ""Προσωπική Διαχείριση""]",2
553,Junior Tendering Engineer,"[""Σαφής και συνοπτική επικοινωνία"", ""Ανάλυση δεδομένων σε υπολογιστικά φύλλα"", ""Ανάλυση κινδύνων έργου"", ""Ανάλυση tickets υποστήριξης"", ""Ανάλυση επαγγελματικών συνομιλιών"", ""Ανάλυση αποτελεσμάτων έρευνας"", ""Οργάνωση δεδομένων σε υπολογιστικά φύλλα"", ""Οργάνωση κινδύνων έργου"", ""Οργάνωση tickets υποστήριξης"", ""Οργάνωση επαγγελματικών συνομιλιών"", ""Οργάνωση αποτελεσμάτων έρευνας"", ""Διαχείριση δεδομένων σε υπολογιστικά φύλλα"", ""Διαχείριση κινδύνων έργου"", ""Διαχείριση tickets υποστήριξης"", ""Διαχείριση επαγγελματικών συνομιλιών"", ""Διαχείριση αποτελεσμάτων έρευνας"", ""Παρακολούθηση δεδομένων σε υπολογιστικά φύλλα"", ""Παρακολούθηση κινδύνων έργου"", ""Παρακολούθηση tickets υποστήριξης"", ""Παρακολούθηση επαγγελματικών συνομιλιών"", ""Παρακολούθηση αποτελεσμάτων έρευνας"", ""Αξιολόγηση δεδομένων σε υπολογιστικά φύλλα"", ""Αξιολόγηση κινδύνων έργου"", ""Αξιολόγηση tickets υποστήριξης"", ""Αξιολόγηση επαγγελματικών συνομιλιών"", ""Αξιολόγηση αποτελεσμάτων έρευνας"", ""Τεκμηρίωση δεδομένων σε υπολογιστικά φύλλα"", ""Τεκμηρίωση κινδύνων έργου"", ""Τεκμηρίωση tickets υποστήριξης"", ""Τεκμηρίωση επαγγελματικών συνομιλιών"", ""Τεκμηρίωση αποτελεσμάτων έρευνας"", ""Βελτίωση δεδομένων σε υπολογιστικά φύλλα"", ""Βελτίωση κινδύνων έργου"", ""Βελτίωση tickets υποστήριξης"", ""Βελτίωση επαγγελματικών συνομιλιών"", ""Βελτίωση αποτελεσμάτων έρευνας"", ""Συντονισμός δεδομένων σε υπολογιστικά φύλλα"", ""Συντονισμός κινδύνων έργου"", ""Συντονισμός tickets υποστήριξης"", ""Συντονισμός επαγγελματικών συνομιλιών"", ""Συντονισμός αποτελεσμάτων έρευνας"", ""Έλεγχος δεδομένων σε υπολογιστικά φύλλα"", ""Έλεγχος κινδύνων έργου"", ""Έλεγχος tickets υποστήριξης"", ""Έλεγχος επαγγελματικών συνομιλιών"", ""Έλεγχος αποτελεσμάτων έρευνας"", ""Προτεραιοποίηση δεδομένων σε υπολογιστικά φύλλα"", ""Προτεραιοποίηση κινδύνων έργου"", ""Προτεραιοποίηση tickets υποστήριξης"", ""Προτεραιοποίηση επαγγελματικών συνομιλιών"", ""Προτεραιοποίηση αποτελεσμάτων έρευνας""]","[""Επαγγελματική Επικοινωνία"", ""Προσωπική Διαχείριση"", ""Ψηφιακή Παραγωγικότητα και ΤΝ"", ""Μάθηση και Προσαρμοστικότητα"", ""Διαχείριση Έργων"", ""Ανάλυση και Επίλυση Προβλημάτων"", ""Εξυπηρέτηση Πελατών""]",51
555,Project Controls Engineer,"[""Σαφής και συνοπτική επικοινωνία"", ""Διαχείριση χρόνου"", ""Ανάλυση δεδομένων σε υπολογιστικά φύλλα"", ""Ανάλυση κινδύνων έργου"", ""Ανάλυση tickets υποστήριξης"", ""Ανάλυση επαγγελματικών συνομιλιών"", ""Ανάλυση αποτελεσμάτων έρευνας"", ""Οργάνωση δεδομένων σε υπολογιστικά φύλλα"", ""Οργάνωση κινδύνων έργου"", ""Οργάνωση tickets υποστήριξης"", ""Οργάνωση επαγγελματικών συνομιλιών"", ""Οργάνωση αποτελεσμάτων έρευνας"", ""Διαχείριση δεδομένων σε υπολογιστικά φύλλα"", ""Διαχείριση κινδύνων έργου"", ""Διαχείριση tickets υποστήριξης"", ""Διαχείριση επαγγελματικών συνομιλιών"", ""Διαχείριση αποτελεσμάτων έρευνας"", ""Παρακολούθηση δεδομένων σε υπολογιστικά φύλλα"", ""Παρακολούθηση κινδύνων έργου"", ""Παρακολούθηση tickets υποστήριξης"", ""Παρακολούθηση επαγγελματικών συνομιλιών"", ""Παρακολούθηση αποτελεσμάτων έρευνας"", ""Αξιολόγηση δεδομένων σε υπολογιστικά φύλλα"", ""Αξιολόγηση κινδύνων έργου"", ""Αξιολόγηση tickets υποστήριξης"", ""Αξιολόγηση επαγγελματικών συνομιλιών"", ""Αξιολόγηση αποτελεσμάτων έρευνας"", ""Τεκμηρίωση δεδομένων σε υπολογιστικά φύλλα"", ""Τεκμηρίωση κινδύνων έργου"", ""Τεκμηρίωση tickets υποστήριξης"", ""Τεκμηρίωση επαγγελματικών συνομιλιών"", ""Τεκμηρίωση αποτελεσμάτων έρευνας"", ""Βελτίωση δεδομένων σε υπολογιστικά φύλλα"", ""Βελτίωση κινδύνων έργου"", ""Βελτίωση tickets υποστήριξης"", ""Βελτίωση επαγγελματικών συνομιλιών"", ""Βελτίωση αποτελεσμάτων έρευνας"", ""Συντονισμός δεδομένων σε υπολογιστικά φύλλα"", ""Συντονισμός κινδύνων έργου"", ""Συντονισμός tickets υποστήριξης"", ""Συντονισμός επαγγελματικών συνομιλιών"", ""Συντονισμός αποτελεσμάτων έρευνας"", ""Έλεγχος δεδομένων σε υπολογιστικά φύλλα"", ""Έλεγχος κινδύνων έργου"", ""Έλεγχος tickets υποστήριξης"", ""Έλεγχος επαγγελματικών συνομιλιών"", ""Έλεγχος αποτελεσμάτων έρευνας"", ""Προτεραιοποίηση δεδομένων σε υπολογιστικά φύλλα"", ""Προτεραιοποίηση κινδύνων έργου"", ""Προτεραιοποίηση tickets υποστήριξης"", ""Προτεραιοποίηση επαγγελματικών συνομιλιών"", ""Προτεραιοποίηση αποτελεσμάτων έρευνας""]","[""Επαγγελματική Επικοινωνία"", ""Προσωπική Διαχείριση"", ""Ψηφιακή Παραγωγικότητα και ΤΝ"", ""Μάθηση και Προσαρμοστικότητα"", ""Διαχείριση Έργων"", ""Ανάλυση και Επίλυση Προβλημάτων"", ""Εξυπηρέτηση Πελατών""]",52
560,Procurement Engineer - Electrical,[],[],0
561,Procurement Engineer - Category,"[""Οργάνωση ψηφιακού χώρου εργασίας""]","[""Διαχείριση Δεδομένων και Πληροφορίας""]",1
571,Cloud Security Engineer,"[""Σαφής και συνοπτική επικοινωνία"", ""Οργάνωση ψηφιακού χώρου εργασίας"", ""Διαχείριση προσοχής και συγκέντρωσης""]","[""Επαγγελματική Επικοινωνία"", ""Διαχείριση Δεδομένων και Πληροφορίας"", ""Προσωπική Διαχείριση""]",3
618,Maintenance Engineer,"[""Σύνταξη επαγγελματικών email"", ""Διαχείριση χρόνου"", ""Ανάλυση χρονοδιαγραμμάτων έργου"", ""Ανάλυση προτύπων εγγράφων"", ""Ανάλυση σφαλμάτων κώδικα"", ""Ανάλυση αναγκών stakeholders"", ""Ανάλυση αιτημάτων αλλαγής"", ""Οργάνωση χρονοδιαγραμμάτων έργου"", ""Οργάνωση προτύπων εγγράφων"", ""Οργάνωση σφαλμάτων κώδικα"", ""Οργάνωση αναγκών stakeholders"", ""Οργάνωση αιτημάτων αλλαγής"", ""Διαχείριση χρονοδιαγραμμάτων έργου"", ""Διαχείριση προτύπων εγγράφων"", ""Διαχείριση σφαλμάτων κώδικα"", ""Διαχείριση αναγκών stakeholders"", ""Διαχείριση αιτημάτων αλλαγής"", ""Παρακολούθηση χρονοδιαγραμμάτων έργου"", ""Παρακολούθηση προτύπων εγγράφων"", ""Παρακολούθηση σφαλμάτων κώδικα"", ""Παρακολούθηση αναγκών stakeholders"", ""Παρακολούθηση αιτημάτων αλλαγής"", ""Αξιολόγηση χρονοδιαγραμμάτων έργου"", ""Αξιολόγηση προτύπων εγγράφων"", ""Αξιολόγηση σφαλμάτων κώδικα"", ""Αξιολόγηση αναγκών stakeholders"", ""Αξιολόγηση αιτημάτων αλλαγής"", ""Τεκμηρίωση χρονοδιαγραμμάτων έργου"", ""Τεκμηρίωση προτύπων εγγράφων"", ""Τεκμηρίωση σφαλμάτων κώδικα"", ""Τεκμηρίωση αναγκών stakeholders"", ""Τεκμηρίωση αιτημάτων αλλαγής"", ""Βελτίωση χρονοδιαγραμμάτων έργου"", ""Βελτίωση προτύπων εγγράφων"", ""Βελτίωση σφαλμάτων κώδικα"", ""Βελτίωση αναγκών stakeholders"", ""Βελτίωση αιτημάτων αλλαγής"", ""Συντονισμός χρονοδιαγραμμάτων έργου"", ""Συντονισμός προτύπων εγγράφων"", ""Συντονισμός σφαλμάτων κώδικα"", ""Συντονισμός αναγκών stakeholders"", ""Συντονισμός αιτημάτων αλλαγής"", ""Έλεγχος χρονοδιαγραμμάτων έργου"", ""Έλεγχος προτύπων εγγράφων"", ""Έλεγχος σφαλμάτων κώδικα"", ""Έλεγχος αναγκών stakeholders"", ""Έλεγχος αιτημάτων αλλαγής"", ""Προτεραιοποίηση χρονοδιαγραμμάτων έργου"", ""Προτεραιοποίηση προτύπων εγγράφων"", ""Προτεραιοποίηση σφαλμάτων κώδικα"", ""Προτεραιοποίηση αναγκών stakeholders"", ""Προτεραιοποίηση αιτημάτων αλλαγής""]","[""Ψηφιακή Παραγωγικότητα και ΤΝ"", ""Προσωπική Διαχείριση"", ""Διοικητική Υποστήριξη"", ""Ομαδική Συνεργασία"", ""Διαχείριση Δεδομένων και Πληροφορίας"", ""Επαγγελματική Επικοινωνία"", ""Ποιότητα και Συμμόρφωση"", ""Τεχνικές και Ψηφιακές Δεξιότητες""]",52
638,Associate Technical Support Engineer (DBA),"[""Ανάλυση χρονοδιαγραμμάτων έργου"", ""Ανάλυση προτύπων εγγράφων"", ""Ανάλυση σφαλμάτων κώδικα"", ""Ανάλυση αναγκών stakeholders"", ""Ανάλυση αιτημάτων αλλαγής"", ""Οργάνωση χρονοδιαγραμμάτων έργου"", ""Οργάνωση προτύπων εγγράφων"", ""Οργάνωση σφαλμάτων κώδικα"", ""Οργάνωση αναγκών stakeholders"", ""Οργάνωση αιτημάτων αλλαγής"", ""Διαχείριση χρονοδιαγραμμάτων έργου"", ""Διαχείριση προτύπων εγγράφων"", ""Διαχείριση σφαλμάτων κώδικα"", ""Διαχείριση αναγκών stakeholders"", ""Διαχείριση αιτημάτων αλλαγής"", ""Παρακολούθηση χρονοδιαγραμμάτων έργου"", ""Παρακολούθηση προτύπων εγγράφων"", ""Παρακολούθηση σφαλμάτων κώδικα"", ""Παρακολούθηση αναγκών stakeholders"", ""Παρακολούθηση αιτημάτων αλλαγής"", ""Αξιολόγηση χρονοδιαγραμμάτων έργου"", ""Αξιολόγηση προτύπων εγγράφων"", ""Αξιολόγηση σφαλμάτων κώδικα"", ""Αξιολόγηση αναγκών stakeholders"", ""Αξιολόγηση αιτημάτων αλλαγής"", ""Τεκμηρίωση χρονοδιαγραμμάτων έργου"", ""Τεκμηρίωση προτύπων εγγράφων"", ""Τεκμηρίωση σφαλμάτων κώδικα"", ""Τεκμηρίωση αναγκών stakeholders"", ""Τεκμηρίωση αιτημάτων αλλαγής"", ""Βελτίωση χρονοδιαγραμμάτων έργου"", ""Βελτίωση προτύπων εγγράφων"", ""Βελτίωση σφαλμάτων κώδικα"", ""Βελτίωση αναγκών stakeholders"", ""Βελτίωση αιτημάτων αλλαγής"", ""Συντονισμός χρονοδιαγραμμάτων έργου"", ""Συντονισμός προτύπων εγγράφων"", ""Συντονισμός σφαλμάτων κώδικα"", ""Συντονισμός αναγκών stakeholders"", ""Συντονισμός αιτημάτων αλλαγής"", ""Έλεγχος χρονοδιαγραμμάτων έργου"", ""Έλεγχος προτύπων εγγράφων"", ""Έλεγχος σφαλμάτων κώδικα"", ""Έλεγχος αναγκών stakeholders"", ""Έλεγχος αιτημάτων αλλαγής"", ""Προτεραιοποίηση χρονοδιαγραμμάτων έργου"", ""Προτεραιοποίηση προτύπων εγγράφων"", ""Προτεραιοποίηση σφαλμάτων κώδικα"", ""Προτεραιοποίηση αναγκών stakeholders"", ""Προτεραιοποίηση αιτημάτων αλλαγής""]","[""Διοικητική Υποστήριξη"", ""Ομαδική Συνεργασία"", ""Διαχείριση Δεδομένων και Πληροφορίας"", ""Επαγγελματική Επικοινωνία"", ""Ποιότητα και Συμμόρφωση"", ""Τεχνικές και Ψηφιακές Δεξιότητες""]",50
774,Process Engineer,"[""Σαφής και συνοπτική επικοινωνία"", ""Διαχείριση προσοχής και συγκέντρωσης""]","[""Επαγγελματική Επικοινωνία"", ""Προσωπική Διαχείριση""]",2
804,"Network & System Admin Engineer - Heraklion, Crete","[""Σαφής και συνοπτική επικοινωνία"", ""Αυτοματοποίηση επαναλαμβανόμενων εργασιών"", ""Διαχείριση χρόνου""]","[""Επαγγελματική Επικοινωνία"", ""Ψηφιακή Παραγωγικότητα και ΤΝ"", ""Προσωπική Διαχείριση""]",3
916,Mechanical Engineer Technical Office (Integrated Resort Complex Elliniko),"[""Σαφής και συνοπτική επικοινωνία"", ""Αποτελεσματική αναζήτηση στο διαδίκτυο"", ""Διαχείριση χρόνου""]","[""Επαγγελματική Επικοινωνία"", ""Διαχείριση Δεδομένων και Πληροφορίας"", ""Προσωπική Διαχείριση""]",3
936,SALES ENGINEER VOLVO TRUCKS,"[""Σαφής και συνοπτική επικοινωνία"", ""Διαχείριση χρόνου"", ""Διαχείριση προσοχής και συγκέντρωσης""]","[""Επαγγελματική Επικοινωνία"", ""Προσωπική Διαχείριση""]",3
981,Electrical Engineer Technical Office (Integrated Resort Complex Elliniko),"[""Σαφής και συνοπτική επικοινωνία"", ""Αποτελεσματική αναζήτηση στο διαδίκτυο"", ""Διαχείριση χρόνου""]","[""Επαγγελματική Επικοινωνία"", ""Διαχείριση Δεδομένων και Πληροφορίας"", ""Προσωπική Διαχείριση""]",3
1046,PRODUCTION MACHINE OPERATOR,[],[],0
1070,Surveying Engineer (Building Sector - Milos Island),"[""Σαφής και συνοπτική επικοινωνία"", ""Διαχείριση προσοχής και συγκέντρωσης""]","[""Επαγγελματική Επικοινωνία"", ""Προσωπική Διαχείριση""]",2
1193,Electrical Engineer (Archipetrol S.A.),"[""Οργάνωση ψηφιακού χώρου εργασίας""]","[""Διαχείριση Δεδομένων και Πληροφορίας""]",1
1194,Instrumentation & Automation Engineer (Archipetrol S.A.),"[""Αυτοματοποίηση επαναλαμβανόμενων εργασιών"", ""Οργάνωση ψηφιακού χώρου εργασίας"", ""Διαχείριση χρόνου""]","[""Ψηφιακή Παραγωγικότητα και ΤΝ"", ""Διαχείριση Δεδομένων και Πληροφορίας"", ""Προσωπική Διαχείριση""]",3
1198,Process Engineer (Archipetrol S.A.),"[""Οργάνωση ψηφιακού χώρου εργασίας""]","[""Διαχείριση Δεδομένων και Πληροφορίας""]",1
1216,Lead Data Warehouse Engineer,"[""Σαφής και συνοπτική επικοινωνία"", ""Οργάνωση ψηφιακού χώρου εργασίας"", ""Διαχείριση προσοχής και συγκέντρωσης""]","[""Επαγγελματική Επικοινωνία"", ""Διαχείριση Δεδομένων και Πληροφορίας"", ""Προσωπική Διαχείριση""]",3
1366,Department Manager - Strategic Planning  - Saudi Arabia,"[""Διαχείριση χρόνου""]","[""Προσωπική Διαχείριση""]",1
1382,Department Manager - Operational Excellence Manager (PMO) - Saudi Arabia,"[""Σύνταξη επαγγελματικών email"", ""Σαφής και συνοπτική επικοινωνία"", ""Διαχείριση χρόνου"", ""Διαχείριση προσοχής και συγκέντρωσης"", ""Ανάλυση τεχνικών ζητημάτων"", ""Ανάλυση προτεραιοτήτων εργασίας"", ""Ανάλυση ημερολογίων εργασίας"", ""Ανάλυση εσωτερικών ανακοινώσεων"", ""Ανάλυση σεναρίων δοκιμών"", ""Οργάνωση τεχνικών ζητημάτων"", ""Οργάνωση προτεραιοτήτων εργασίας"", ""Οργάνωση ημερολογίων εργασίας"", ""Οργάνωση εσωτερικών ανακοινώσεων"", ""Οργάνωση σεναρίων δοκιμών"", ""Διαχείριση τεχνικών ζητημάτων"", ""Διαχείριση προτεραιοτήτων εργασίας"", ""Διαχείριση ημερολογίων εργασίας"", ""Διαχείριση εσωτερικών ανακοινώσεων"", ""Διαχείριση σεναρίων δοκιμών"", ""Παρακολούθηση τεχνικών ζητημάτων"", ""Παρακολούθηση προτεραιοτήτων εργασίας"", ""Παρακολούθηση ημερολογίων εργασίας"", ""Παρακολούθηση εσωτερικών ανακοινώσεων"", ""Παρακολούθηση σεναρίων δοκιμών"", ""Αξιολόγηση τεχνικών ζητημάτων"", ""Αξιολόγηση προτεραιοτήτων εργασίας"", ""Αξιολόγηση ημερολογίων εργασίας"", ""Αξιολόγηση εσωτερικών ανακοινώσεων"", ""Αξιολόγηση σεναρίων δοκιμών"", ""Τεκμηρίωση τεχνικών ζητημάτων"", ""Τεκμηρίωση προτεραιοτήτων εργασίας"", ""Τεκμηρίωση ημερολογίων εργασίας"", ""Τεκμηρίωση εσωτερικών ανακοινώσεων"", ""Τεκμηρίωση σεναρίων δοκιμών"", ""Βελτίωση τεχνικών ζητημάτων"", ""Βελτίωση προτεραιοτήτων εργασίας"", ""Βελτίωση ημερολογίων εργασίας"", ""Βελτίωση εσωτερικών ανακοινώσεων"", ""Βελτίωση σεναρίων δοκιμών"", ""Συντονισμός τεχνικών ζητημάτων"", ""Συντονισμός προτεραιοτήτων εργασίας"", ""Συντονισμός ημερολογίων εργασίας"", ""Συντονισμός εσωτερικών ανακοινώσεων"", ""Συντονισμός σεναρίων δοκιμών"", ""Έλεγχος τεχνικών ζητημάτων"", ""Έλεγχος προτεραιοτήτων εργασίας"", ""Έλεγχος ημερολογίων εργασίας"", ""Έλεγχος εσωτερικών ανακοινώσεων"", ""Έλεγχος σεναρίων δοκιμών"", ""Προτεραιοποίηση τεχνικών ζητημάτων"", ""Προτεραιοποίηση προτεραιοτήτων εργασίας"", ""Προτεραιοποίηση ημερολογίων εργασίας"", ""Προτεραιοποίηση εσωτερικών ανακοινώσεων"", ""Προτεραιοποίηση σεναρίων δοκιμών""]","[""Ψηφιακή Παραγωγικότητα και ΤΝ"", ""Επαγγελματική Επικοινωνία"", ""Προσωπική Διαχείριση"", ""Διαχείριση Δεδομένων και Πληροφορίας"", ""Ποιότητα και Συμμόρφωση"", ""Τεχνικές και Ψηφιακές Δεξιότητες"", ""Διοικητική Υποστήριξη"", ""Ομαδική Συνεργασία""]",54
1385,CBU Project Manager - Saudi Arabia,"[""Σύνταξη επαγγελματικών email"", ""Σαφής και συνοπτική επικοινωνία"", ""Οργάνωση ψηφιακού χώρου εργασίας"", ""Διαχείριση χρόνου"", ""Διαχείριση προσοχής και συγκέντρωσης""]","[""Ψηφιακή Παραγωγικότητα και ΤΝ"", ""Επαγγελματική Επικοινωνία"", ""Διαχείριση Δεδομένων και Πληροφορίας"", ""Προσωπική Διαχείριση""]",5
1834,"Sr. Associate, Network Automation Engineer","[""Σαφής και συνοπτική επικοινωνία"", ""Αυτοματοποίηση επαναλαμβανόμενων εργασιών"", ""Οργάνωση ψηφιακού χώρου εργασίας"", ""Διαχείριση προσοχής και συγκέντρωσης""]","[""Επαγγελματική Επικοινωνία"", ""Ψηφιακή Παραγωγικότητα και ΤΝ"", ""Διαχείριση Δεδομένων και Πληροφορίας"", ""Προσωπική Διαχείριση""]",4
1842,Environmental Engineer,"[""Διαχείριση χρόνου""]","[""Προσωπική Διαχείριση""]",1
1928,Technical Support Engineer,"[""Σύνταξη επαγγελματικών email"", ""Σαφής και συνοπτική επικοινωνία"", ""Αυτοματοποίηση επαναλαμβανόμενων εργασιών""]","[""Ψηφιακή Παραγωγικότητα και ΤΝ"", ""Επαγγελματική Επικοινωνία""]",3
2042,Web Developers,[],[],0
2080,GCS Sr. Associate Analytics Solution Engineer,"[""Σύνταξη επαγγελματικών email"", ""Σαφής και συνοπτική επικοινωνία"", ""Διαχείριση προσοχής και συγκέντρωσης"", ""Ανάλυση επαγγελματικής αλληλογραφίας"", ""Ανάλυση ερωτημάτων υποστήριξης"", ""Ανάλυση δεδομένων αγοράς"", ""Ανάλυση γραφημάτων δεδομένων"", ""Ανάλυση ελέγχων συμμόρφωσης"", ""Οργάνωση επαγγελματικής αλληλογραφίας"", ""Οργάνωση ερωτημάτων υποστήριξης"", ""Οργάνωση δεδομένων αγοράς"", ""Οργάνωση γραφημάτων δεδομένων"", ""Οργάνωση ελέγχων συμμόρφωσης"", ""Διαχείριση επαγγελματικής αλληλογραφίας"", ""Διαχείριση ερωτημάτων υποστήριξης"", ""Διαχείριση δεδομένων αγοράς"", ""Διαχείριση γραφημάτων δεδομένων"", ""Διαχείριση ελέγχων συμμόρφωσης"", ""Παρακολούθηση επαγγελματικής αλληλογραφίας"", ""Παρακολούθηση ερωτημάτων υποστήριξης"", ""Παρακολούθηση δεδομένων αγοράς"", ""Παρακολούθηση γραφημάτων δεδομένων"", ""Παρακολούθηση ελέγχων συμμόρφωσης"", ""Αξιολόγηση επαγγελματικής αλληλογραφίας"", ""Αξιολόγηση ερωτημάτων υποστήριξης"", ""Αξιολόγηση δεδομένων αγοράς"", ""Αξιολόγηση γραφημάτων δεδομένων"", ""Αξιολόγηση ελέγχων συμμόρφωσης"", ""Τεκμηρίωση επαγγελματικής αλληλογραφίας"", ""Τεκμηρίωση ερωτημάτων υποστήριξης"", ""Τεκμηρίωση δεδομένων αγοράς"", ""Τεκμηρίωση γραφημάτων δεδομένων"", ""Τεκμηρίωση ελέγχων συμμόρφωσης"", ""Βελτίωση επαγγελματικής αλληλογραφίας"", ""Βελτίωση ερωτημάτων υποστήριξης"", ""Βελτίωση δεδομένων αγοράς"", ""Βελτίωση γραφημάτων δεδομένων"", ""Βελτίωση ελέγχων συμμόρφωσης"", ""Συντονισμός επαγγελματικής αλληλογραφίας"", ""Συντονισμός ερωτημάτων υποστήριξης"", ""Συντονισμός δεδομένων αγοράς"", ""Συντονισμός γραφημάτων δεδομένων"", ""Συντονισμός ελέγχων συμμόρφωσης"", ""Έλεγχος επαγγελματικής αλληλογραφίας"", ""Έλεγχος ερωτημάτων υποστήριξης"", ""Έλεγχος δεδομένων αγοράς"", ""Έλεγχος γραφημάτων δεδομένων"", ""Έλεγχος ελέγχων συμμόρφωσης"", ""Προτεραιοποίηση επαγγελματικής αλληλογραφίας"", ""Προτεραιοποίηση ερωτημάτων υποστήριξης"", ""Προτεραιοποίηση δεδομένων αγοράς"", ""Προτεραιοποίηση γραφημάτων δεδομένων"", ""Προτεραιοποίηση ελέγχων συμμόρφωσης""]","[""Ψηφιακή Παραγωγικότητα και ΤΝ"", ""Επαγγελματική Επικοινωνία"", ""Προσωπική Διαχείριση"", ""Ποιότητα και Συμμόρφωση"", ""Τεχνικές και Ψηφιακές Δεξιότητες"", ""Διοικητική Υποστήριξη"", ""Ομαδική Συνεργασία"", ""Διαχείριση Δεδομένων και Πληροφορίας""]",53
2106,NATURAL GAS NETWORK ENGINEERS,"[""Διαχείριση χρόνου"", ""Ανάλυση χρονοδιαγραμμάτων έργου"", ""Ανάλυση προτύπων εγγράφων"", ""Ανάλυση σφαλμάτων κώδικα"", ""Ανάλυση αναγκών stakeholders"", ""Ανάλυση αιτημάτων αλλαγής"", ""Οργάνωση χρονοδιαγραμμάτων έργου"", ""Οργάνωση προτύπων εγγράφων"", ""Οργάνωση σφαλμάτων κώδικα"", ""Οργάνωση αναγκών stakeholders"", ""Οργάνωση αιτημάτων αλλαγής"", ""Διαχείριση χρονοδιαγραμμάτων έργου"", ""Διαχείριση παραπόνων πελατών"", ""Διαχείριση προτύπων εγγράφων"", ""Διαχείριση σφαλμάτων κώδικα"", ""Διαχείριση αναγκών stakeholders"", ""Διαχείριση αιτημάτων αλλαγής"", ""Παρακολούθηση χρονοδιαγραμμάτων έργου"", ""Παρακολούθηση προτύπων εγγράφων"", ""Παρακολούθηση σφαλμάτων κώδικα"", ""Παρακολούθηση αναγκών stakeholders"", ""Παρακολούθηση αιτημάτων αλλαγής"", ""Αξιολόγηση χρονοδιαγραμμάτων έργου"", ""Αξιολόγηση προτύπων εγγράφων"", ""Αξιολόγηση σφαλμάτων κώδικα"", ""Αξιολόγηση αναγκών stakeholders"", ""Αξιολόγηση αιτημάτων αλλαγής"", ""Τεκμηρίωση χρονοδιαγραμμάτων έργου"", ""Τεκμηρίωση προτύπων εγγράφων"", ""Τεκμηρίωση σφαλμάτων κώδικα"", ""Τεκμηρίωση αναγκών stakeholders"", ""Τεκμηρίωση αιτημάτων αλλαγής"", ""Βελτίωση χρονοδιαγραμμάτων έργου"", ""Βελτίωση προτύπων εγγράφων"", ""Βελτίωση σφαλμάτων κώδικα"", ""Βελτίωση αναγκών stakeholders"", ""Βελτίωση αιτημάτων αλλαγής"", ""Συντονισμός χρονοδιαγραμμάτων έργου"", ""Συντονισμός προτύπων εγγράφων"", ""Συντονισμός σφαλμάτων κώδικα"", ""Συντονισμός αναγκών stakeholders"", ""Συντονισμός αιτημάτων αλλαγής"", ""Έλεγχος χρονοδιαγραμμάτων έργου"", ""Έλεγχος προτύπων εγγράφων"", ""Έλεγχος σφαλμάτων κώδικα"", ""Έλεγχος αναγκών stakeholders"", ""Έλεγχος αιτημάτων αλλαγής"", ""Προτεραιοποίηση χρονοδιαγραμμάτων έργου"", ""Προτεραιοποίηση προτύπων εγγράφων"", ""Προτεραιοποίηση σφαλμάτων κώδικα"", ""Προτεραιοποίηση αναγκών stakeholders"", ""Προτεραιοποίηση αιτημάτων αλλαγής""]","[""Προσωπική Διαχείριση"", ""Διοικητική Υποστήριξη"", ""Ομαδική Συνεργασία"", ""Διαχείριση Δεδομένων και Πληροφορίας"", ""Επαγγελματική Επικοινωνία"", ""Ποιότητα και Συμμόρφωση"", ""Τεχνικές και Ψηφιακές Δεξιότητες"", ""Ανάλυση και Επίλυση Προβλημάτων""]",52
2123,Senior Business Intelligence Engineer (Hybrid),"[""Αυτοματοποίηση επαναλαμβανόμενων εργασιών"", ""Διαχείριση χρόνου"", ""Επιβεβαίωση οδηγιών και απαιτήσεων""]","[""Ψηφιακή Παραγωγικότητα και ΤΝ"", ""Προσωπική Διαχείριση"", ""Επαγγελματική Επικοινωνία""]",3
2303,ASSISTANT ACCOUNTANT - OFFICE CLERK,[],[],0
2316,FTTH Design Engineer,"[""Σαφής και συνοπτική επικοινωνία"", ""Οργάνωση ψηφιακού χώρου εργασίας"", ""Διαχείριση προσοχής και συγκέντρωσης"", ""Ανάλυση επαγγελματικής αλληλογραφίας"", ""Ανάλυση ερωτημάτων υποστήριξης"", ""Ανάλυση δεδομένων αγοράς"", ""Ανάλυση γραφημάτων δεδομένων"", ""Ανάλυση ελέγχων συμμόρφωσης"", ""Οργάνωση επαγγελματικής αλληλογραφίας"", ""Οργάνωση ερωτημάτων υποστήριξης"", ""Οργάνωση δεδομένων αγοράς"", ""Οργάνωση γραφημάτων δεδομένων"", ""Οργάνωση ελέγχων συμμόρφωσης"", ""Διαχείριση επαγγελματικής αλληλογραφίας"", ""Διαχείριση ερωτημάτων υποστήριξης"", ""Διαχείριση δεδομένων αγοράς"", ""Διαχείριση γραφημάτων δεδομένων"", ""Διαχείριση ελέγχων συμμόρφωσης"", ""Παρακολούθηση επαγγελματικής αλληλογραφίας"", ""Παρακολούθηση ερωτημάτων υποστήριξης"", ""Παρακολούθηση δεδομένων αγοράς"", ""Παρακολούθηση γραφημάτων δεδομένων"", ""Παρακολούθηση ελέγχων συμμόρφωσης"", ""Αξιολόγηση επαγγελματικής αλληλογραφίας"", ""Αξιολόγηση ερωτημάτων υποστήριξης"", ""Αξιολόγηση δεδομένων αγοράς"", ""Αξιολόγηση γραφημάτων δεδομένων"", ""Αξιολόγηση ελέγχων συμμόρφωσης"", ""Τεκμηρίωση επαγγελματικής αλληλογραφίας"", ""Τεκμηρίωση ερωτημάτων υποστήριξης"", ""Τεκμηρίωση δεδομένων αγοράς"", ""Τεκμηρίωση γραφημάτων δεδομένων"", ""Τεκμηρίωση ελέγχων συμμόρφωσης"", ""Βελτίωση επαγγελματικής αλληλογραφίας"", ""Βελτίωση ερωτημάτων υποστήριξης"", ""Βελτίωση δεδομένων αγοράς"", ""Βελτίωση γραφημάτων δεδομένων"", ""Βελτίωση ελέγχων συμμόρφωσης"", ""Συντονισμός επαγγελματικής αλληλογραφίας"", ""Συντονισμός ερωτημάτων υποστήριξης"", ""Συντονισμός δεδομένων αγοράς"", ""Συντονισμός γραφημάτων δεδομένων"", ""Συντονισμός ελέγχων συμμόρφωσης"", ""Έλεγχος επαγγελματικής αλληλογραφίας"", ""Έλεγχος ερωτημάτων υποστήριξης"", ""Έλεγχος δεδομένων αγοράς"", ""Έλεγχος γραφημάτων δεδομένων"", ""Έλεγχος ελέγχων συμμόρφωσης"", ""Προτεραιοποίηση επαγγελματικής αλληλογραφίας"", ""Προτεραιοποίηση ερωτημάτων υποστήριξης"", ""Προτεραιοποίηση δεδομένων αγοράς"", ""Προτεραιοποίηση γραφημάτων δεδομένων"", ""Προτεραιοποίηση ελέγχων συμμόρφωσης""]","[""Επαγγελματική Επικοινωνία"", ""Διαχείριση Δεδομένων και Πληροφορίας"", ""Προσωπική Διαχείριση"", ""Ποιότητα και Συμμόρφωση"", ""Τεχνικές και Ψηφιακές Δεξιότητες"", ""Διοικητική Υποστήριξη"", ""Ομαδική Συνεργασία""]",53
2396,Software Engineer / Data Scientist (SD2024A),"[""Σύνταξη επαγγελματικών email"", ""Σαφής και συνοπτική επικοινωνία"", ""Διαχείριση χρόνου"", ""Διαχείριση προσοχής και συγκέντρωσης"", ""Ανάλυση επαγγελματικής αλληλογραφίας"", ""Ανάλυση ερωτημάτων υποστήριξης"", ""Ανάλυση δεδομένων αγοράς"", ""Ανάλυση γραφημάτων δεδομένων"", ""Ανάλυση ελέγχων συμμόρφωσης"", ""Οργάνωση επαγγελματικής αλληλογραφίας"", ""Οργάνωση ερωτημάτων υποστήριξης"", ""Οργάνωση δεδομένων αγοράς"", ""Οργάνωση γραφημάτων δεδομένων"", ""Οργάνωση ελέγχων συμμόρφωσης"", ""Διαχείριση επαγγελματικής αλληλογραφίας"", ""Διαχείριση ερωτημάτων υποστήριξης"", ""Διαχείριση δεδομένων αγοράς"", ""Διαχείριση γραφημάτων δεδομένων"", ""Διαχείριση ελέγχων συμμόρφωσης"", ""Παρακολούθηση επαγγελματικής αλληλογραφίας"", ""Παρακολούθηση ερωτημάτων υποστήριξης"", ""Παρακολούθηση δεδομένων αγοράς"", ""Παρακολούθηση γραφημάτων δεδομένων"", ""Παρακολούθηση ελέγχων συμμόρφωσης"", ""Αξιολόγηση επαγγελματικής αλληλογραφίας"", ""Αξιολόγηση ερωτημάτων υποστήριξης"", ""Αξιολόγηση δεδομένων αγοράς"", ""Αξιολόγηση γραφημάτων δεδομένων"", ""Αξιολόγηση ελέγχων συμμόρφωσης"", ""Τεκμηρίωση επαγγελματικής αλληλογραφίας"", ""Τεκμηρίωση ερωτημάτων υποστήριξης"", ""Τεκμηρίωση δεδομένων αγοράς"", ""Τεκμηρίωση γραφημάτων δεδομένων"", ""Τεκμηρίωση ελέγχων συμμόρφωσης"", ""Βελτίωση επαγγελματικής αλληλογραφίας"", ""Βελτίωση ερωτημάτων υποστήριξης"", ""Βελτίωση δεδομένων αγοράς"", ""Βελτίωση γραφημάτων δεδομένων"", ""Βελτίωση ελέγχων συμμόρφωσης"", ""Συντονισμός επαγγελματικής αλληλογραφίας"", ""Συντονισμός ερωτημάτων υποστήριξης"", ""Συντονισμός δεδομένων αγοράς"", ""Συντονισμός γραφημάτων δεδομένων"", ""Συντονισμός ελέγχων συμμόρφωσης"", ""Έλεγχος επαγγελματικής αλληλογραφίας"", ""Έλεγχος ερωτημάτων υποστήριξης"", ""Έλεγχος δεδομένων αγοράς"", ""Έλεγχος γραφημάτων δεδομένων"", ""Έλεγχος ελέγχων συμμόρφωσης"", ""Προτεραιοποίηση επαγγελματικής αλληλογραφίας"", ""Προτεραιοποίηση ερωτημάτων υποστήριξης"", ""Προτεραιοποίηση δεδομένων αγοράς"", ""Προτεραιοποίηση γραφημάτων δεδομένων"", ""Προτεραιοποίηση ελέγχων συμμόρφωσης""]","[""Ψηφιακή Παραγωγικότητα και ΤΝ"", ""Επαγγελματική Επικοινωνία"", ""Προσωπική Διαχείριση"", ""Ποιότητα και Συμμόρφωση"", ""Τεχνικές και Ψηφιακές Δεξιότητες"", ""Διοικητική Υποστήριξη"", ""Ομαδική Συνεργασία"", ""Διαχείριση Δεδομένων και Πληροφορίας""]",54
2411,Senior Project Manager  (Civil/Mechanical Engineer),"[""Σαφής και συνοπτική επικοινωνία"", ""Διαχείριση προσοχής και συγκέντρωσης""]","[""Επαγγελματική Επικοινωνία"", ""Προσωπική Διαχείριση""]",2
2480,Reliability Engineer (Mobile Equipment & Fixed Plant),"[""Διαχείριση χρόνου""]","[""Προσωπική Διαχείριση""]",1
2497,NATURAL GAS NETWORK TECHNICIANS,"[""Διαχείριση χρόνου"", ""Ανάλυση χρονοδιαγραμμάτων έργου"", ""Ανάλυση προτύπων εγγράφων"", ""Ανάλυση σφαλμάτων κώδικα"", ""Ανάλυση αναγκών stakeholders"", ""Ανάλυση αιτημάτων αλλαγής"", ""Οργάνωση χρονοδιαγραμμάτων έργου"", ""Οργάνωση προτύπων εγγράφων"", ""Οργάνωση σφαλμάτων κώδικα"", ""Οργάνωση αναγκών stakeholders"", ""Οργάνωση αιτημάτων αλλαγής"", ""Διαχείριση χρονοδιαγραμμάτων έργου"", ""Διαχείριση προτύπων εγγράφων"", ""Διαχείριση σφαλμάτων κώδικα"", ""Διαχείριση αναγκών stakeholders"", ""Διαχείριση αιτημάτων αλλαγής"", ""Παρακολούθηση χρονοδιαγραμμάτων έργου"", ""Παρακολούθηση προτύπων εγγράφων"", ""Παρακολούθηση σφαλμάτων κώδικα"", ""Παρακολούθηση αναγκών stakeholders"", ""Παρακολούθηση αιτημάτων αλλαγής"", ""Αξιολόγηση χρονοδιαγραμμάτων έργου"", ""Αξιολόγηση προτύπων εγγράφων"", ""Αξιολόγηση σφαλμάτων κώδικα"", ""Αξιολόγηση αναγκών stakeholders"", ""Αξιολόγηση αιτημάτων αλλαγής"", ""Τεκμηρίωση χρονοδιαγραμμάτων έργου"", ""Τεκμηρίωση προτύπων εγγράφων"", ""Τεκμηρίωση σφαλμάτων κώδικα"", ""Τεκμηρίωση αναγκών stakeholders"", ""Τεκμηρίωση αιτημάτων αλλαγής"", ""Βελτίωση χρονοδιαγραμμάτων έργου"", ""Βελτίωση προτύπων εγγράφων"", ""Βελτίωση σφαλμάτων κώδικα"", ""Βελτίωση αναγκών stakeholders"", ""Βελτίωση αιτημάτων αλλαγής"", ""Συντονισμός χρονοδιαγραμμάτων έργου"", ""Συντονισμός προτύπων εγγράφων"", ""Συντονισμός σφαλμάτων κώδικα"", ""Συντονισμός αναγκών stakeholders"", ""Συντονισμός αιτημάτων αλλαγής"", ""Έλεγχος χρονοδιαγραμμάτων έργου"", ""Έλεγχος προτύπων εγγράφων"", ""Έλεγχος σφαλμάτων κώδικα"", ""Έλεγχος αναγκών stakeholders"", ""Έλεγχος αιτημάτων αλλαγής"", ""Προτεραιοποίηση χρονοδιαγραμμάτων έργου"", ""Προτεραιοποίηση προτύπων εγγράφων"", ""Προτεραιοποίηση σφαλμάτων κώδικα"", ""Προτεραιοποίηση αναγκών stakeholders"", ""Προτεραιοποίηση αιτημάτων αλλαγής""]","[""Προσωπική Διαχείριση"", ""Διοικητική Υποστήριξη"", ""Ομαδική Συνεργασία"", ""Διαχείριση Δεδομένων και Πληροφορίας"", ""Επαγγελματική Επικοινωνία"", ""Ποιότητα και Συμμόρφωση"", ""Τεχνικές και Ψηφιακές Δεξιότητες""]",51
2508,Support Engineer & Systems Coordinator,"[""Σαφής και συνοπτική επικοινωνία"", ""Διαχείριση χρόνου""]","[""Επαγγελματική Επικοινωνία"", ""Προσωπική Διαχείριση""]",2
2559,"Executive for the Scientific Instruments Applications Support Department in Southern Greece, based in Athens","[""Σύνταξη επαγγελματικών email"", ""Σαφής και συνοπτική επικοινωνία"", ""Διαχείριση χρόνου"", ""Διαχείριση προσοχής και συγκέντρωσης"", ""Ανάλυση χρονοδιαγραμμάτων έργου"", ""Ανάλυση προτύπων εγγράφων"", ""Ανάλυση σφαλμάτων κώδικα"", ""Ανάλυση αναγκών stakeholders"", ""Ανάλυση αιτημάτων αλλαγής"", ""Οργάνωση χρονοδιαγραμμάτων έργου"", ""Οργάνωση προτύπων εγγράφων"", ""Οργάνωση σφαλμάτων κώδικα"", ""Οργάνωση αναγκών stakeholders"", ""Οργάνωση αιτημάτων αλλαγής"", ""Διαχείριση χρονοδιαγραμμάτων έργου"", ""Διαχείριση προτύπων εγγράφων"", ""Διαχείριση σφαλμάτων κώδικα"", ""Διαχείριση αναγκών stakeholders"", ""Διαχείριση αιτημάτων αλλαγής"", ""Παρακολούθηση χρονοδιαγραμμάτων έργου"", ""Παρακολούθηση προτύπων εγγράφων"", ""Παρακολούθηση σφαλμάτων κώδικα"", ""Παρακολούθηση αναγκών stakeholders"", ""Παρακολούθηση αιτημάτων αλλαγής"", ""Αξιολόγηση χρονοδιαγραμμάτων έργου"", ""Αξιολόγηση προτύπων εγγράφων"", ""Αξιολόγηση σφαλμάτων κώδικα"", ""Αξιολόγηση αναγκών stakeholders"", ""Αξιολόγηση αιτημάτων αλλαγής"", ""Τεκμηρίωση χρονοδιαγραμμάτων έργου"", ""Τεκμηρίωση προτύπων εγγράφων"", ""Τεκμηρίωση σφαλμάτων κώδικα"", ""Τεκμηρίωση αναγκών stakeholders"", ""Τεκμηρίωση αιτημάτων αλλαγής"", ""Βελτίωση χρονοδιαγραμμάτων έργου"", ""Βελτίωση προτύπων εγγράφων"", ""Βελτίωση σφαλμάτων κώδικα"", ""Βελτίωση αναγκών stakeholders"", ""Βελτίωση αιτημάτων αλλαγής"", ""Συντονισμός χρονοδιαγραμμάτων έργου"", ""Συντονισμός προτύπων εγγράφων"", ""Συντονισμός σφαλμάτων κώδικα"", ""Συντονισμός αναγκών stakeholders"", ""Συντονισμός αιτημάτων αλλαγής"", ""Έλεγχος χρονοδιαγραμμάτων έργου"", ""Έλεγχος προτύπων εγγράφων"", ""Έλεγχος σφαλμάτων κώδικα"", ""Έλεγχος αναγκών stakeholders"", ""Έλεγχος αιτημάτων αλλαγής"", ""Προτεραιοποίηση χρονοδιαγραμμάτων έργου"", ""Προτεραιοποίηση προτύπων εγγράφων"", ""Προτεραιοποίηση σφαλμάτων κώδικα"", ""Προτεραιοποίηση αναγκών stakeholders"", ""Προτεραιοποίηση αιτημάτων αλλαγής""]","[""Ψηφιακή Παραγωγικότητα και ΤΝ"", ""Επαγγελματική Επικοινωνία"", ""Προσωπική Διαχείριση"", ""Διοικητική Υποστήριξη"", ""Ομαδική Συνεργασία"", ""Διαχείριση Δεδομένων και Πληροφορίας"", ""Ποιότητα και Συμμόρφωση"", ""Τεχνικές και Ψηφιακές Δεξιότητες""]",54
2651,"Senior Associate, Solution Engineer","[""Σαφής και συνοπτική επικοινωνία"", ""Αυτοματοποίηση επαναλαμβανόμενων εργασιών"", ""Οργάνωση ψηφιακού χώρου εργασίας"", ""Διαχείριση χρόνου"", ""Επιβεβαίωση οδηγιών και απαιτήσεων""]","[""Επαγγελματική Επικοινωνία"", ""Ψηφιακή Παραγωγικότητα και ΤΝ"", ""Διαχείριση Δεδομένων και Πληροφορίας"", ""Προσωπική Διαχείριση""]",5
2739,Network Engineer,"[""Διαχείριση χρόνου""]","[""Προσωπική Διαχείριση""]",1
2757,"Senior Associate, Solution Engineer","[""Σύνταξη επαγγελματικών email"", ""Σαφής και συνοπτική επικοινωνία"", ""Διαχείριση προσοχής και συγκέντρωσης""]","[""Ψηφιακή Παραγωγικότητα και ΤΝ"", ""Επαγγελματική Επικοινωνία"", ""Προσωπική Διαχείριση""]",3
2772,"Manager, Solution Engineering","[""Σαφής και συνοπτική επικοινωνία"", ""Αυτοματοποίηση επαναλαμβανόμενων εργασιών"", ""Οργάνωση ψηφιακού χώρου εργασίας""]","[""Επαγγελματική Επικοινωνία"", ""Ψηφιακή Παραγωγικότητα και ΤΝ"", ""Διαχείριση Δεδομένων και Πληροφορίας""]",3
2828,Process Engineer,"[""Σαφής και συνοπτική επικοινωνία""]","[""Επαγγελματική Επικοινωνία""]",1
2850,Senior SW QA Engineer,"[""Σαφής και συνοπτική επικοινωνία"", ""Αυτοματοποίηση επαναλαμβανόμενων εργασιών""]","[""Επαγγελματική Επικοινωνία"", ""Ψηφιακή Παραγωγικότητα και ΤΝ""]",2
2909,BI Data Engineer,"[""Διαχείριση προσοχής και συγκέντρωσης"", ""Επιβεβαίωση οδηγιών και απαιτήσεων""]","[""Προσωπική Διαχείριση"", ""Επαγγελματική Επικοινωνία""]",2
2932,"Product Manager (Engineer), Construction chemicals","[""Σαφής και συνοπτική επικοινωνία"", ""Οργάνωση ψηφιακού χώρου εργασίας"", ""Διαχείριση χρόνου"", ""Ανάλυση επαγγελματικής αλληλογραφίας"", ""Ανάλυση ερωτημάτων υποστήριξης"", ""Ανάλυση δεδομένων αγοράς"", ""Ανάλυση γραφημάτων δεδομένων"", ""Ανάλυση ελέγχων συμμόρφωσης"", ""Οργάνωση επαγγελματικής αλληλογραφίας"", ""Οργάνωση ερωτημάτων υποστήριξης"", ""Οργάνωση δεδομένων αγοράς"", ""Οργάνωση γραφημάτων δεδομένων"", ""Οργάνωση ελέγχων συμμόρφωσης"", ""Διαχείριση επαγγελματικής αλληλογραφίας"", ""Διαχείριση ερωτημάτων υποστήριξης"", ""Διαχείριση δεδομένων αγοράς"", ""Διαχείριση γραφημάτων δεδομένων"", ""Διαχείριση ελέγχων συμμόρφωσης"", ""Παρακολούθηση επαγγελματικής αλληλογραφίας"", ""Παρακολούθηση ερωτημάτων υποστήριξης"", ""Παρακολούθηση δεδομένων αγοράς"", ""Παρακολούθηση γραφημάτων δεδομένων"", ""Παρακολούθηση ελέγχων συμμόρφωσης"", ""Αξιολόγηση επαγγελματικής αλληλογραφίας"", ""Αξιολόγηση ερωτημάτων υποστήριξης"", ""Αξιολόγηση δεδομένων αγοράς"", ""Αξιολόγηση γραφημάτων δεδομένων"", ""Αξιολόγηση ελέγχων συμμόρφωσης"", ""Τεκμηρίωση επαγγελματικής αλληλογραφίας"", ""Τεκμηρίωση ερωτημάτων υποστήριξης"", ""Τεκμηρίωση δεδομένων αγοράς"", ""Τεκμηρίωση γραφημάτων δεδομένων"", ""Τεκμηρίωση ελέγχων συμμόρφωσης"", ""Βελτίωση επαγγελματικής αλληλογραφίας"", ""Βελτίωση ερωτημάτων υποστήριξης"", ""Βελτίωση δεδομένων αγοράς"", ""Βελτίωση γραφημάτων δεδομένων"", ""Βελτίωση ελέγχων συμμόρφωσης"", ""Συντονισμός επαγγελματικής αλληλογραφίας"", ""Συντονισμός ερωτημάτων υποστήριξης"", ""Συντονισμός δεδομένων αγοράς"", ""Συντονισμός γραφημάτων δεδομένων"", ""Συντονισμός ελέγχων συμμόρφωσης"", ""Έλεγχος επαγγελματικής αλληλογραφίας"", ""Έλεγχος ερωτημάτων υποστήριξης"", ""Έλεγχος δεδομένων αγοράς"", ""Έλεγχος γραφημάτων δεδομένων"", ""Έλεγχος ελέγχων συμμόρφωσης"", ""Προτεραιοποίηση επαγγελματικής αλληλογραφίας"", ""Προτεραιοποίηση ερωτημάτων υποστήριξης"", ""Προτεραιοποίηση δεδομένων αγοράς"", ""Προτεραιοποίηση γραφημάτων δεδομένων"", ""Προτεραιοποίηση ελέγχων συμμόρφωσης""]","[""Επαγγελματική Επικοινωνία"", ""Διαχείριση Δεδομένων και Πληροφορίας"", ""Προσωπική Διαχείριση"", ""Ποιότητα και Συμμόρφωση"", ""Τεχνικές και Ψηφιακές Δεξιότητες"", ""Διοικητική Υποστήριξη"", ""Ομαδική Συνεργασία""]",53
3133,"Sr. Associate, Cybersecurity Network Protection Engineer","[""Σαφής και συνοπτική επικοινωνία"", ""Οργάνωση ψηφιακού χώρου εργασίας"", ""Διαχείριση χρόνου"", ""Διαχείριση προσοχής και συγκέντρωσης"", ""Επιβεβαίωση οδηγιών και απαιτήσεων""]","[""Επαγγελματική Επικοινωνία"", ""Διαχείριση Δεδομένων και Πληροφορίας"", ""Προσωπική Διαχείριση""]",5
3195,Project Development Engineer,[],[],0
3272,Project Supervising Engineer,"[""Διαχείριση χρόνου""]","[""Προσωπική Διαχείριση""]",1
3413,DevOps Engineer,"[""Σαφής και συνοπτική επικοινωνία"", ""Αυτοματοποίηση επαναλαμβανόμενων εργασιών""]","[""Επαγγελματική Επικοινωνία"", ""Ψηφιακή Παραγωγικότητα και ΤΝ""]",2
3489,Network Engineer,"[""Σαφής και συνοπτική επικοινωνία"", ""Αυτοματοποίηση επαναλαμβανόμενων εργασιών"", ""Οργάνωση ψηφιακού χώρου εργασίας""]","[""Επαγγελματική Επικοινωνία"", ""Ψηφιακή Παραγωγικότητα και ΤΝ"", ""Διαχείριση Δεδομένων και Πληροφορίας""]",3
3545,Energy Management Portfolio Engineer,"[""Διαχείριση χρόνου"", ""Διαχείριση προσοχής και συγκέντρωσης"", ""Ανάλυση δεδομένων αγοράς""]","[""Προσωπική Διαχείριση"", ""Τεχνικές και Ψηφιακές Δεξιότητες""]",3
4084,Civil Tendering Engineer,"[""Σαφής και συνοπτική επικοινωνία"", ""Οργάνωση ψηφιακού χώρου εργασίας"", ""Ανάλυση δεδομένων σε υπολογιστικά φύλλα"", ""Ανάλυση κινδύνων έργου"", ""Ανάλυση tickets υποστήριξης"", ""Ανάλυση επαγγελματικών συνομιλιών"", ""Ανάλυση αποτελεσμάτων έρευνας"", ""Οργάνωση δεδομένων σε υπολογιστικά φύλλα"", ""Οργάνωση κινδύνων έργου"", ""Οργάνωση tickets υποστήριξης"", ""Οργάνωση επαγγελματικών συνομιλιών"", ""Οργάνωση αποτελεσμάτων έρευνας"", ""Διαχείριση δεδομένων σε υπολογιστικά φύλλα"", ""Διαχείριση κινδύνων έργου"", ""Διαχείριση tickets υποστήριξης"", ""Διαχείριση επαγγελματικών συνομιλιών"", ""Διαχείριση αποτελεσμάτων έρευνας"", ""Παρακολούθηση δεδομένων σε υπολογιστικά φύλλα"", ""Παρακολούθηση κινδύνων έργου"", ""Παρακολούθηση tickets υποστήριξης"", ""Παρακολούθηση επαγγελματικών συνομιλιών"", ""Παρακολούθηση αποτελεσμάτων έρευνας"", ""Αξιολόγηση δεδομένων σε υπολογιστικά φύλλα"", ""Αξιολόγηση κινδύνων έργου"", ""Αξιολόγηση tickets υποστήριξης"", ""Αξιολόγηση επαγγελματικών συνομιλιών"", ""Αξιολόγηση αποτελεσμάτων έρευνας"", ""Τεκμηρίωση δεδομένων σε υπολογιστικά φύλλα"", ""Τεκμηρίωση κινδύνων έργου"", ""Τεκμηρίωση tickets υποστήριξης"", ""Τεκμηρίωση επαγγελματικών συνομιλιών"", ""Τεκμηρίωση αποτελεσμάτων έρευνας"", ""Βελτίωση δεδομένων σε υπολογιστικά φύλλα"", ""Βελτίωση κινδύνων έργου"", ""Βελτίωση tickets υποστήριξης"", ""Βελτίωση επαγγελματικών συνομιλιών"", ""Βελτίωση αποτελεσμάτων έρευνας"", ""Συντονισμός δεδομένων σε υπολογιστικά φύλλα"", ""Συντονισμός κινδύνων έργου"", ""Συντονισμός tickets υποστήριξης"", ""Συντονισμός επαγγελματικών συνομιλιών"", ""Συντονισμός αποτελεσμάτων έρευνας"", ""Έλεγχος δεδομένων σε υπολογιστικά φύλλα"", ""Έλεγχος κινδύνων έργου"", ""Έλεγχος tickets υποστήριξης"", ""Έλεγχος επαγγελματικών συνομιλιών"", ""Έλεγχος αποτελεσμάτων έρευνας"", ""Προτεραιοποίηση δεδομένων σε υπολογιστικά φύλλα"", ""Προτεραιοποίηση κινδύνων έργου"", ""Προτεραιοποίηση tickets υποστήριξης"", ""Προτεραιοποίηση επαγγελματικών συνομιλιών"", ""Προτεραιοποίηση αποτελεσμάτων έρευνας""]","[""Επαγγελματική Επικοινωνία"", ""Διαχείριση Δεδομένων και Πληροφορίας"", ""Προσωπική Διαχείριση"", ""Ψηφιακή Παραγωγικότητα και ΤΝ"", ""Μάθηση και Προσαρμοστικότητα"", ""Διαχείριση Έργων"", ""Ανάλυση και Επίλυση Προβλημάτων"", ""Εξυπηρέτηση Πελατών""]",52
4197,ELECTRICAL-MECHANIC ENGINEER,"[""Διαχείριση προσοχής και συγκέντρωσης""]","[""Προσωπική Διαχείριση""]",1
4282,Quarry Maintenance Technician (Mandra),"[""Σαφής και συνοπτική επικοινωνία""]","[""Επαγγελματική Επικοινωνία""]",1
4343,Senior Project Engineer,"[""Διαχείριση προσοχής και συγκέντρωσης"", ""Ανάλυση αιτημάτων πελατών"", ""Ανάλυση δεδομένων σε υπολογιστικά φύλλα"", ""Ανάλυση λειτουργικών οδηγιών"", ""Ανάλυση κινδύνων έργου"", ""Ανάλυση λιστών επαφών"", ""Ανάλυση tickets υποστήριξης"", ""Ανάλυση παρουσιάσεων"", ""Ανάλυση επαγγελματικών συνομιλιών"", ""Ανάλυση σχολίων αξιολόγησης"", ""Ανάλυση αποτελεσμάτων έρευνας"", ""Οργάνωση αιτημάτων πελατών"", ""Οργάνωση δεδομένων σε υπολογιστικά φύλλα"", ""Οργάνωση λειτουργικών οδηγιών"", ""Οργάνωση κινδύνων έργου"", ""Οργάνωση λιστών επαφών"", ""Οργάνωση tickets υποστήριξης"", ""Οργάνωση παρουσιάσεων"", ""Οργάνωση επαγγελματικών συνομιλιών"", ""Οργάνωση σχολίων αξιολόγησης"", ""Οργάνωση αποτελεσμάτων έρευνας"", ""Διαχείριση αιτημάτων πελατών"", ""Διαχείριση δεδομένων σε υπολογιστικά φύλλα"", ""Διαχείριση λειτουργικών οδηγιών"", ""Διαχείριση κινδύνων έργου"", ""Διαχείριση λιστών επαφών"", ""Διαχείριση tickets υποστήριξης"", ""Διαχείριση παρουσιάσεων"", ""Διαχείριση επαγγελματικών συνομιλιών"", ""Διαχείριση σχολίων αξιολόγησης"", ""Διαχείριση αποτελεσμάτων έρευνας"", ""Παρακολούθηση αιτημάτων πελατών"", ""Παρακολούθηση δεδομένων σε υπολογιστικά φύλλα"", ""Παρακολούθηση λειτουργικών οδηγιών"", ""Παρακολούθηση κινδύνων έργου"", ""Παρακολούθηση λιστών επαφών"", ""Παρακολούθηση tickets υποστήριξης"", ""Παρακολούθηση παρουσιάσεων"", ""Παρακολούθηση επαγγελματικών συνομιλιών"", ""Παρακολούθηση σχολίων αξιολόγησης"", ""Παρακολούθηση αποτελεσμάτων έρευνας"", ""Αξιολόγηση αιτημάτων πελατών"", ""Αξιολόγηση δεδομένων σε υπολογιστικά φύλλα"", ""Αξιολόγηση λειτουργικών οδηγιών"", ""Αξιολόγηση κινδύνων έργου"", ""Αξιολόγηση λιστών επαφών"", ""Αξιολόγηση tickets υποστήριξης"", ""Αξιολόγηση παρουσιάσεων"", ""Αξιολόγηση επαγγελματικών συνομιλιών"", ""Αξιολόγηση σχολίων αξιολόγησης"", ""Αξιολόγηση αποτελεσμάτων έρευνας"", ""Τεκμηρίωση αιτημάτων πελατών"", ""Τεκμηρίωση δεδομένων σε υπολογιστικά φύλλα"", ""Τεκμηρίωση λειτουργικών οδηγιών"", ""Τεκμηρίωση κινδύνων έργου"", ""Τεκμηρίωση λιστών επαφών"", ""Τεκμηρίωση tickets υποστήριξης"", ""Τεκμηρίωση παρουσιάσεων"", ""Τεκμηρίωση επαγγελματικών συνομιλιών"", ""Τεκμηρίωση σχολίων αξιολόγησης"", ""Τεκμηρίωση αποτελεσμάτων έρευνας"", ""Βελτίωση αιτημάτων πελατών"", ""Βελτίωση δεδομένων σε υπολογιστικά φύλλα"", ""Βελτίωση λειτουργικών οδηγιών"", ""Βελτίωση κινδύνων έργου"", ""Βελτίωση λιστών επαφών"", ""Βελτίωση tickets υποστήριξης"", ""Βελτίωση παρουσιάσεων"", ""Βελτίωση επαγγελματικών συνομιλιών"", ""Βελτίωση σχολίων αξιολόγησης"", ""Βελτίωση αποτελεσμάτων έρευνας"", ""Συντονισμός αιτημάτων πελατών"", ""Συντονισμός δεδομένων σε υπολογιστικά φύλλα"", ""Συντονισμός λειτουργικών οδηγιών"", ""Συντονισμός κινδύνων έργου"", ""Συντονισμός λιστών επαφών"", ""Συντονισμός tickets υποστήριξης"", ""Συντονισμός παρουσιάσεων"", ""Συντονισμός επαγγελματικών συνομιλιών"", ""Συντονισμός σχολίων αξιολόγησης"", ""Συντονισμός αποτελεσμάτων έρευνας"", ""Έλεγχος αιτημάτων πελατών"", ""Έλεγχος δεδομένων σε υπολογιστικά φύλλα"", ""Έλεγχος λειτουργικών οδηγιών"", ""Έλεγχος κινδύνων έργου"", ""Έλεγχος λιστών επαφών"", ""Έλεγχος tickets υποστήριξης"", ""Έλεγχος παρουσιάσεων"", ""Έλεγχος επαγγελματικών συνομιλιών"", ""Έλεγχος σχολίων αξιολόγησης"", ""Έλεγχος αποτελεσμάτων έρευνας"", ""Προτεραιοποίηση αιτημάτων πελατών"", ""Προτεραιοποίηση δεδομένων σε υπολογιστικά φύλλα"", ""Προτεραιοποίηση λειτουργικών οδηγιών"", ""Προτεραιοποίηση κινδύνων έργου"", ""Προτεραιοποίηση λιστών επαφών"", ""Προτεραιοποίηση tickets υποστήριξης"", ""Προτεραιοποίηση παρουσιάσεων"", ""Προτεραιοποίηση επαγγελματικών συνομιλιών"", ""Προτεραιοποίηση σχολίων αξιολόγησης"", ""Προτεραιοποίηση αποτελεσμάτων έρευνας""]","[""Προσωπική Διαχείριση"", ""Ψηφιακή Παραγωγικότητα και ΤΝ"", ""Μάθηση και Προσαρμοστικότητα"", ""Διαχείριση Έργων"", ""Ανάλυση και Επίλυση Προβλημάτων"", ""Εξυπηρέτηση Πελατών""]",101
4344,Senior Mechanical Engineer,"[""Οργάνωση ψηφιακού χώρου εργασίας"", ""Ανάλυση αιτημάτων πελατών"", ""Ανάλυση δεδομένων σε υπολογιστικά φύλλα"", ""Ανάλυση λειτουργικών οδηγιών"", ""Ανάλυση κινδύνων έργου"", ""Ανάλυση λιστών επαφών"", ""Ανάλυση tickets υποστήριξης"", ""Ανάλυση παρουσιάσεων"", ""Ανάλυση επαγγελματικών συνομιλιών"", ""Ανάλυση σχολίων αξιολόγησης"", ""Ανάλυση αποτελεσμάτων έρευνας"", ""Οργάνωση αιτημάτων πελατών"", ""Οργάνωση δεδομένων σε υπολογιστικά φύλλα"", ""Οργάνωση λειτουργικών οδηγιών"", ""Οργάνωση κινδύνων έργου"", ""Οργάνωση λιστών επαφών"", ""Οργάνωση tickets υποστήριξης"", ""Οργάνωση παρουσιάσεων"", ""Οργάνωση επαγγελματικών συνομιλιών"", ""Οργάνωση σχολίων αξιολόγησης"", ""Οργάνωση αποτελεσμάτων έρευνας"", ""Διαχείριση αιτημάτων πελατών"", ""Διαχείριση δεδομένων σε υπολογιστικά φύλλα"", ""Διαχείριση λειτουργικών οδηγιών"", ""Διαχείριση κινδύνων έργου"", ""Διαχείριση λιστών επαφών"", ""Διαχείριση tickets υποστήριξης"", ""Διαχείριση παρουσιάσεων"", ""Διαχείριση επαγγελματικών συνομιλιών"", ""Διαχείριση σχολίων αξιολόγησης"", ""Διαχείριση αποτελεσμάτων έρευνας"", ""Παρακολούθηση αιτημάτων πελατών"", ""Παρακολούθηση δεδομένων σε υπολογιστικά φύλλα"", ""Παρακολούθηση λειτουργικών οδηγιών"", ""Παρακολούθηση κινδύνων έργου"", ""Παρακολούθηση λιστών επαφών"", ""Παρακολούθηση tickets υποστήριξης"", ""Παρακολούθηση παρουσιάσεων"", ""Παρακολούθηση επαγγελματικών συνομιλιών"", ""Παρακολούθηση σχολίων αξιολόγησης"", ""Παρακολούθηση αποτελεσμάτων έρευνας"", ""Αξιολόγηση αιτημάτων πελατών"", ""Αξιολόγηση δεδομένων σε υπολογιστικά φύλλα"", ""Αξιολόγηση λειτουργικών οδηγιών"", ""Αξιολόγηση κινδύνων έργου"", ""Αξιολόγηση λιστών επαφών"", ""Αξιολόγηση tickets υποστήριξης"", ""Αξιολόγηση παρουσιάσεων"", ""Αξιολόγηση επαγγελματικών συνομιλιών"", ""Αξιολόγηση σχολίων αξιολόγησης"", ""Αξιολόγηση αποτελεσμάτων έρευνας"", ""Τεκμηρίωση αιτημάτων πελατών"", ""Τεκμηρίωση δεδομένων σε υπολογιστικά φύλλα"", ""Τεκμηρίωση λειτουργικών οδηγιών"", ""Τεκμηρίωση κινδύνων έργου"", ""Τεκμηρίωση λιστών επαφών"", ""Τεκμηρίωση tickets υποστήριξης"", ""Τεκμηρίωση παρουσιάσεων"", ""Τεκμηρίωση επαγγελματικών συνομιλιών"", ""Τεκμηρίωση σχολίων αξιολόγησης"", ""Τεκμηρίωση αποτελεσμάτων έρευνας"", ""Βελτίωση αιτημάτων πελατών"", ""Βελτίωση δεδομένων σε υπολογιστικά φύλλα"", ""Βελτίωση λειτουργικών οδηγιών"", ""Βελτίωση κινδύνων έργου"", ""Βελτίωση λιστών επαφών"", ""Βελτίωση tickets υποστήριξης"", ""Βελτίωση παρουσιάσεων"", ""Βελτίωση επαγγελματικών συνομιλιών"", ""Βελτίωση σχολίων αξιολόγησης"", ""Βελτίωση αποτελεσμάτων έρευνας"", ""Συντονισμός αιτημάτων πελατών"", ""Συντονισμός δεδομένων σε υπολογιστικά φύλλα"", ""Συντονισμός λειτουργικών οδηγιών"", ""Συντονισμός κινδύνων έργου"", ""Συντονισμός λιστών επαφών"", ""Συντονισμός tickets υποστήριξης"", ""Συντονισμός παρουσιάσεων"", ""Συντονισμός επαγγελματικών συνομιλιών"", ""Συντονισμός σχολίων αξιολόγησης"", ""Συντονισμός αποτελεσμάτων έρευνας"", ""Έλεγχος αιτημάτων πελατών"", ""Έλεγχος δεδομένων σε υπολογιστικά φύλλα"", ""Έλεγχος λειτουργικών οδηγιών"", ""Έλεγχος κινδύνων έργου"", ""Έλεγχος λιστών επαφών"", ""Έλεγχος tickets υποστήριξης"", ""Έλεγχος παρουσιάσεων"", ""Έλεγχος επαγγελματικών συνομιλιών"", ""Έλεγχος σχολίων αξιολόγησης"", ""Έλεγχος αποτελεσμάτων έρευνας"", ""Προτεραιοποίηση αιτημάτων πελατών"", ""Προτεραιοποίηση δεδομένων σε υπολογιστικά φύλλα"", ""Προτεραιοποίηση λειτουργικών οδηγιών"", ""Προτεραιοποίηση κινδύνων έργου"", ""Προτεραιοποίηση λιστών επαφών"", ""Προτεραιοποίηση tickets υποστήριξης"", ""Προτεραιοποίηση παρουσιάσεων"", ""Προτεραιοποίηση επαγγελματικών συνομιλιών"", ""Προτεραιοποίηση σχολίων αξιολόγησης"", ""Προτεραιοποίηση αποτελεσμάτων έρευνας""]","[""Διαχείριση Δεδομένων και Πληροφορίας"", ""Ψηφιακή Παραγωγικότητα και ΤΝ"", ""Προσωπική Διαχείριση"", ""Μάθηση και Προσαρμοστικότητα"", ""Διαχείριση Έργων"", ""Ανάλυση και Επίλυση Προβλημάτων"", ""Εξυπηρέτηση Πελατών""]",101
4345,Senior Process Engineer,"[""Οργάνωση ψηφιακού χώρου εργασίας"", ""Ανάλυση αιτημάτων πελατών"", ""Ανάλυση δεδομένων σε υπολογιστικά φύλλα"", ""Ανάλυση λειτουργικών οδηγιών"", ""Ανάλυση κινδύνων έργου"", ""Ανάλυση λιστών επαφών"", ""Ανάλυση tickets υποστήριξης"", ""Ανάλυση παρουσιάσεων"", ""Ανάλυση επαγγελματικών συνομιλιών"", ""Ανάλυση σχολίων αξιολόγησης"", ""Ανάλυση αποτελεσμάτων έρευνας"", ""Οργάνωση αιτημάτων πελατών"", ""Οργάνωση δεδομένων σε υπολογιστικά φύλλα"", ""Οργάνωση λειτουργικών οδηγιών"", ""Οργάνωση κινδύνων έργου"", ""Οργάνωση λιστών επαφών"", ""Οργάνωση tickets υποστήριξης"", ""Οργάνωση παρουσιάσεων"", ""Οργάνωση επαγγελματικών συνομιλιών"", ""Οργάνωση σχολίων αξιολόγησης"", ""Οργάνωση αποτελεσμάτων έρευνας"", ""Διαχείριση αιτημάτων πελατών"", ""Διαχείριση δεδομένων σε υπολογιστικά φύλλα"", ""Διαχείριση λειτουργικών οδηγιών"", ""Διαχείριση κινδύνων έργου"", ""Διαχείριση λιστών επαφών"", ""Διαχείριση tickets υποστήριξης"", ""Διαχείριση παρουσιάσεων"", ""Διαχείριση επαγγελματικών συνομιλιών"", ""Διαχείριση σχολίων αξιολόγησης"", ""Διαχείριση αποτελεσμάτων έρευνας"", ""Παρακολούθηση αιτημάτων πελατών"", ""Παρακολούθηση δεδομένων σε υπολογιστικά φύλλα"", ""Παρακολούθηση λειτουργικών οδηγιών"", ""Παρακολούθηση κινδύνων έργου"", ""Παρακολούθηση λιστών επαφών"", ""Παρακολούθηση tickets υποστήριξης"", ""Παρακολούθηση παρουσιάσεων"", ""Παρακολούθηση επαγγελματικών συνομιλιών"", ""Παρακολούθηση σχολίων αξιολόγησης"", ""Παρακολούθηση αποτελεσμάτων έρευνας"", ""Αξιολόγηση αιτημάτων πελατών"", ""Αξιολόγηση δεδομένων σε υπολογιστικά φύλλα"", ""Αξιολόγηση λειτουργικών οδηγιών"", ""Αξιολόγηση κινδύνων έργου"", ""Αξιολόγηση λιστών επαφών"", ""Αξιολόγηση tickets υποστήριξης"", ""Αξιολόγηση παρουσιάσεων"", ""Αξιολόγηση επαγγελματικών συνομιλιών"", ""Αξιολόγηση σχολίων αξιολόγησης"", ""Αξιολόγηση αποτελεσμάτων έρευνας"", ""Τεκμηρίωση αιτημάτων πελατών"", ""Τεκμηρίωση δεδομένων σε υπολογιστικά φύλλα"", ""Τεκμηρίωση λειτουργικών οδηγιών"", ""Τεκμηρίωση κινδύνων έργου"", ""Τεκμηρίωση λιστών επαφών"", ""Τεκμηρίωση tickets υποστήριξης"", ""Τεκμηρίωση παρουσιάσεων"", ""Τεκμηρίωση επαγγελματικών συνομιλιών"", ""Τεκμηρίωση σχολίων αξιολόγησης"", ""Τεκμηρίωση αποτελεσμάτων έρευνας"", ""Βελτίωση αιτημάτων πελατών"", ""Βελτίωση δεδομένων σε υπολογιστικά φύλλα"", ""Βελτίωση λειτουργικών οδηγιών"", ""Βελτίωση κινδύνων έργου"", ""Βελτίωση λιστών επαφών"", ""Βελτίωση tickets υποστήριξης"", ""Βελτίωση παρουσιάσεων"", ""Βελτίωση επαγγελματικών συνομιλιών"", ""Βελτίωση σχολίων αξιολόγησης"", ""Βελτίωση αποτελεσμάτων έρευνας"", ""Συντονισμός αιτημάτων πελατών"", ""Συντονισμός δεδομένων σε υπολογιστικά φύλλα"", ""Συντονισμός λειτουργικών οδηγιών"", ""Συντονισμός κινδύνων έργου"", ""Συντονισμός λιστών επαφών"", ""Συντονισμός tickets υποστήριξης"", ""Συντονισμός παρουσιάσεων"", ""Συντονισμός επαγγελματικών συνομιλιών"", ""Συντονισμός σχολίων αξιολόγησης"", ""Συντονισμός αποτελεσμάτων έρευνας"", ""Έλεγχος αιτημάτων πελατών"", ""Έλεγχος δεδομένων σε υπολογιστικά φύλλα"", ""Έλεγχος λειτουργικών οδηγιών"", ""Έλεγχος κινδύνων έργου"", ""Έλεγχος λιστών επαφών"", ""Έλεγχος tickets υποστήριξης"", ""Έλεγχος παρουσιάσεων"", ""Έλεγχος επαγγελματικών συνομιλιών"", ""Έλεγχος σχολίων αξιολόγησης"", ""Έλεγχος αποτελεσμάτων έρευνας"", ""Προτεραιοποίηση αιτημάτων πελατών"", ""Προτεραιοποίηση δεδομένων σε υπολογιστικά φύλλα"", ""Προτεραιοποίηση λειτουργικών οδηγιών"", ""Προτεραιοποίηση κινδύνων έργου"", ""Προτεραιοποίηση λιστών επαφών"", ""Προτεραιοποίηση tickets υποστήριξης"", ""Προτεραιοποίηση παρουσιάσεων"", ""Προτεραιοποίηση επαγγελματικών συνομιλιών"", ""Προτεραιοποίηση σχολίων αξιολόγησης"", ""Προτεραιοποίηση αποτελεσμάτων έρευνας""]","[""Διαχείριση Δεδομένων και Πληροφορίας"", ""Ψηφιακή Παραγωγικότητα και ΤΝ"", ""Προσωπική Διαχείριση"", ""Μάθηση και Προσαρμοστικότητα"", ""Διαχείριση Έργων"", ""Ανάλυση και Επίλυση Προβλημάτων"", ""Εξυπηρέτηση Πελατών""]",101
4350,Software Engineer (React),[],[],0
4575,Solutions Architect (Java),"[""Οργάνωση ψηφιακού χώρου εργασίας"", ""Διαχείριση χρόνου""]","[""Διαχείριση Δεδομένων και Πληροφορίας"", ""Προσωπική Διαχείριση""]",2
4576,Solutions Architect (Java),"[""Οργάνωση ψηφιακού χώρου εργασίας"", ""Διαχείριση χρόνου""]","[""Διαχείριση Δεδομένων και Πληροφορίας"", ""Προσωπική Διαχείριση""]",2
4577,Solutions Architect (Java),"[""Οργάνωση ψηφιακού χώρου εργασίας"", ""Διαχείριση χρόνου""]","[""Διαχείριση Δεδομένων και Πληροφορίας"", ""Προσωπική Διαχείριση""]",2
4584,"Solutions Architect (Spring, Spring Boot)","[""Διαχείριση χρόνου""]","[""Προσωπική Διαχείριση""]",1
4585,"Solutions Architect (Spring, Spring Boot)","[""Διαχείριση χρόνου""]","[""Προσωπική Διαχείριση""]",1
4586,"Solutions Architect (Spring, Spring Boot)","[""Διαχείριση χρόνου""]","[""Προσωπική Διαχείριση""]",1
4590,Senior Blockchain R&D Engineer,"[""Σαφής και συνοπτική επικοινωνία"", ""Διαχείριση χρόνου"", ""Επιβεβαίωση οδηγιών και απαιτήσεων""]","[""Επαγγελματική Επικοινωνία"", ""Προσωπική Διαχείριση""]",3
4737,Quality Assurance Engineer,"[""Σαφής και συνοπτική επικοινωνία"", ""Αυτοματοποίηση επαναλαμβανόμενων εργασιών"", ""Διαχείριση χρόνου""]","[""Επαγγελματική Επικοινωνία"", ""Ψηφιακή Παραγωγικότητα και ΤΝ"", ""Προσωπική Διαχείριση""]",3
4764,Data Engineer,"[""Οργάνωση ψηφιακού χώρου εργασίας""]","[""Διαχείριση Δεδομένων και Πληροφορίας""]",1
4804,Senior Software Engineer in Test,"[""Αυτοματοποίηση επαναλαμβανόμενων εργασιών"", ""Διαχείριση προσοχής και συγκέντρωσης""]","[""Ψηφιακή Παραγωγικότητα και ΤΝ"", ""Προσωπική Διαχείριση""]",2
4805,Senior Software Engineer in Test,"[""Αυτοματοποίηση επαναλαμβανόμενων εργασιών"", ""Διαχείριση προσοχής και συγκέντρωσης""]","[""Ψηφιακή Παραγωγικότητα και ΤΝ"", ""Προσωπική Διαχείριση""]",2
4806,Senior Software Engineer in Test,"[""Αυτοματοποίηση επαναλαμβανόμενων εργασιών"", ""Διαχείριση προσοχής και συγκέντρωσης""]","[""Ψηφιακή Παραγωγικότητα και ΤΝ"", ""Προσωπική Διαχείριση""]",2
40692,Machine Learning and Data Processing Research Engineer,"[""Σαφής και συνοπτική επικοινωνία""]","[""Επαγγελματική Επικοινωνία""]",1
40755,Power BI Specialist,"[""Οργάνωση ψηφιακού χώρου εργασίας"", ""Διαχείριση προσοχής και συγκέντρωσης""]","[""Διαχείριση Δεδομένων και Πληροφορίας"", ""Προσωπική Διαχείριση""]",2
41807,Environmental Engineer specializing in Life Cycle Assessment,"[""Σαφής και συνοπτική επικοινωνία""]","[""Επαγγελματική Επικοινωνία""]",1
41808,ENGINEER OF ARCHITECTS,[],[],0
43763,SQL Software Engineer,[],[],0
43879,Junior Tendering Engineer,"[""Σαφής και συνοπτική επικοινωνία"", ""Οργάνωση ψηφιακού χώρου εργασίας"", ""Ανάλυση δεδομένων σε υπολογιστικά φύλλα"", ""Ανάλυση κινδύνων έργου"", ""Ανάλυση tickets υποστήριξης"", ""Ανάλυση επαγγελματικών συνομιλιών"", ""Ανάλυση αποτελεσμάτων έρευνας"", ""Οργάνωση δεδομένων σε υπολογιστικά φύλλα"", ""Οργάνωση κινδύνων έργου"", ""Οργάνωση tickets υποστήριξης"", ""Οργάνωση επαγγελματικών συνομιλιών"", ""Οργάνωση αποτελεσμάτων έρευνας"", ""Διαχείριση δεδομένων σε υπολογιστικά φύλλα"", ""Διαχείριση κινδύνων έργου"", ""Διαχείριση tickets υποστήριξης"", ""Διαχείριση επαγγελματικών συνομιλιών"", ""Διαχείριση αποτελεσμάτων έρευνας"", ""Παρακολούθηση δεδομένων σε υπολογιστικά φύλλα"", ""Παρακολούθηση κινδύνων έργου"", ""Παρακολούθηση tickets υποστήριξης"", ""Παρακολούθηση επαγγελματικών συνομιλιών"", ""Παρακολούθηση αποτελεσμάτων έρευνας"", ""Αξιολόγηση δεδομένων σε υπολογιστικά φύλλα"", ""Αξιολόγηση κινδύνων έργου"", ""Αξιολόγηση tickets υποστήριξης"", ""Αξιολόγηση επαγγελματικών συνομιλιών"", ""Αξιολόγηση αποτελεσμάτων έρευνας"", ""Τεκμηρίωση δεδομένων σε υπολογιστικά φύλλα"", ""Τεκμηρίωση κινδύνων έργου"", ""Τεκμηρίωση tickets υποστήριξης"", ""Τεκμηρίωση επαγγελματικών συνομιλιών"", ""Τεκμηρίωση αποτελεσμάτων έρευνας"", ""Βελτίωση δεδομένων σε υπολογιστικά φύλλα"", ""Βελτίωση κινδύνων έργου"", ""Βελτίωση tickets υποστήριξης"", ""Βελτίωση επαγγελματικών συνομιλιών"", ""Βελτίωση αποτελεσμάτων έρευνας"", ""Συντονισμός δεδομένων σε υπολογιστικά φύλλα"", ""Συντονισμός κινδύνων έργου"", ""Συντονισμός tickets υποστήριξης"", ""Συντονισμός επαγγελματικών συνομιλιών"", ""Συντονισμός αποτελεσμάτων έρευνας"", ""Έλεγχος δεδομένων σε υπολογιστικά φύλλα"", ""Έλεγχος κινδύνων έργου"", ""Έλεγχος tickets υποστήριξης"", ""Έλεγχος επαγγελματικών συνομιλιών"", ""Έλεγχος αποτελεσμάτων έρευνας"", ""Προτεραιοποίηση δεδομένων σε υπολογιστικά φύλλα"", ""Προτεραιοποίηση κινδύνων έργου"", ""Προτεραιοποίηση tickets υποστήριξης"", ""Προτεραιοποίηση επαγγελματικών συνομιλιών"", ""Προτεραιοποίηση αποτελεσμάτων έρευνας""]","[""Επαγγελματική Επικοινωνία"", ""Διαχείριση Δεδομένων και Πληροφορίας"", ""Προσωπική Διαχείριση"", ""Ψηφιακή Παραγωγικότητα και ΤΝ"", ""Μάθηση και Προσαρμοστικότητα"", ""Διαχείριση Έργων"", ""Ανάλυση και Επίλυση Προβλημάτων"", ""Εξυπηρέτηση Πελατών""]",52
43880,Civil Tendering Engineer,"[""Σαφής και συνοπτική επικοινωνία"", ""Οργάνωση ψηφιακού χώρου εργασίας"", ""Ανάλυση δεδομένων σε υπολογιστικά φύλλα"", ""Ανάλυση κινδύνων έργου"", ""Ανάλυση tickets υποστήριξης"", ""Ανάλυση επαγγελματικών συνομιλιών"", ""Ανάλυση αποτελεσμάτων έρευνας"", ""Οργάνωση δεδομένων σε υπολογιστικά φύλλα"", ""Οργάνωση κινδύνων έργου"", ""Οργάνωση tickets υποστήριξης"", ""Οργάνωση επαγγελματικών συνομιλιών"", ""Οργάνωση αποτελεσμάτων έρευνας"", ""Διαχείριση δεδομένων σε υπολογιστικά φύλλα"", ""Διαχείριση κινδύνων έργου"", ""Διαχείριση tickets υποστήριξης"", ""Διαχείριση επαγγελματικών συνομιλιών"", ""Διαχείριση αποτελεσμάτων έρευνας"", ""Παρακολούθηση δεδομένων σε υπολογιστικά φύλλα"", ""Παρακολούθηση κινδύνων έργου"", ""Παρακολούθηση tickets υποστήριξης"", ""Παρακολούθηση επαγγελματικών συνομιλιών"", ""Παρακολούθηση αποτελεσμάτων έρευνας"", ""Αξιολόγηση δεδομένων σε υπολογιστικά φύλλα"", ""Αξιολόγηση κινδύνων έργου"", ""Αξιολόγηση tickets υποστήριξης"", ""Αξιολόγηση επαγγελματικών συνομιλιών"", ""Αξιολόγηση αποτελεσμάτων έρευνας"", ""Τεκμηρίωση δεδομένων σε υπολογιστικά φύλλα"", ""Τεκμηρίωση κινδύνων έργου"", ""Τεκμηρίωση tickets υποστήριξης"", ""Τεκμηρίωση επαγγελματικών συνομιλιών"", ""Τεκμηρίωση αποτελεσμάτων έρευνας"", ""Βελτίωση δεδομένων σε υπολογιστικά φύλλα"", ""Βελτίωση κινδύνων έργου"", ""Βελτίωση tickets υποστήριξης"", ""Βελτίωση επαγγελματικών συνομιλιών"", ""Βελτίωση αποτελεσμάτων έρευνας"", ""Συντονισμός δεδομένων σε υπολογιστικά φύλλα"", ""Συντονισμός κινδύνων έργου"", ""Συντονισμός tickets υποστήριξης"", ""Συντονισμός επαγγελματικών συνομιλιών"", ""Συντονισμός αποτελεσμάτων έρευνας"", ""Έλεγχος δεδομένων σε υπολογιστικά φύλλα"", ""Έλεγχος κινδύνων έργου"", ""Έλεγχος tickets υποστήριξης"", ""Έλεγχος επαγγελματικών συνομιλιών"", ""Έλεγχος αποτελεσμάτων έρευνας"", ""Προτεραιοποίηση δεδομένων σε υπολογιστικά φύλλα"", ""Προτεραιοποίηση κινδύνων έργου"", ""Προτεραιοποίηση tickets υποστήριξης"", ""Προτεραιοποίηση επαγγελματικών συνομιλιών"", ""Προτεραιοποίηση αποτελεσμάτων έρευνας""]","[""Επαγγελματική Επικοινωνία"", ""Διαχείριση Δεδομένων και Πληροφορίας"", ""Προσωπική Διαχείριση"", ""Ψηφιακή Παραγωγικότητα και ΤΝ"", ""Μάθηση και Προσαρμοστικότητα"", ""Διαχείριση Έργων"", ""Ανάλυση και Επίλυση Προβλημάτων"", ""Εξυπηρέτηση Πελατών""]",52
43929,"Sr Manager, Lead Site Reliability Engineer","[""Σαφής και συνοπτική επικοινωνία"", ""Αυτοματοποίηση επαναλαμβανόμενων εργασιών"", ""Διαχείριση χρόνου""]","[""Επαγγελματική Επικοινωνία"", ""Ψηφιακή Παραγωγικότητα και ΤΝ"", ""Προσωπική Διαχείριση""]",3
45554,Process Maintenance Planning Engineer,"[""Σύνταξη επαγγελματικών email"", ""Σαφής και συνοπτική επικοινωνία"", ""Διαχείριση χρόνου""]","[""Ψηφιακή Παραγωγικότητα και ΤΝ"", ""Επαγγελματική Επικοινωνία"", ""Προσωπική Διαχείριση""]",3
45668,Production Engineer (PRD015),"[""Σύνταξη επαγγελματικών email"", ""Σαφής και συνοπτική επικοινωνία"", ""Διαχείριση χρόνου"", ""Διαχείριση προσοχής και συγκέντρωσης""]","[""Ψηφιακή Παραγωγικότητα και ΤΝ"", ""Επαγγελματική Επικοινωνία"", ""Προσωπική Διαχείριση""]",4
45671,Shift Maintenance Engineer (PRD052),"[""Σύνταξη επαγγελματικών email"", ""Σαφής και συνοπτική επικοινωνία""]","[""Ψηφιακή Παραγωγικότητα και ΤΝ"", ""Επαγγελματική Επικοινωνία""]",2
165,SECRETARIAL SUPPORT,"[""Σύνταξη επαγγελματικών email"", ""Οργάνωση ψηφιακού χώρου εργασίας"", ""Διαχείριση χρόνου""]","[""Ψηφιακή Παραγωγικότητα και ΤΝ"", ""Διαχείριση Δεδομένων και Πληροφορίας"", ""Προσωπική Διαχείριση""]",3
219,Customer Service Officer - Mesogeia,"[""Σαφής και συνοπτική επικοινωνία"", ""Διαχείριση χρόνου""]","[""Επαγγελματική Επικοινωνία"", ""Προσωπική Διαχείριση""]",2
302,Retention of Existing Customers for Electricity Company (Mon-Fri 09:00-17:00),"[""Σύνταξη επαγγελματικών email"", ""Σαφής και συνοπτική επικοινωνία"", ""Ανάλυση δεδομένων σε υπολογιστικά φύλλα"", ""Ανάλυση κινδύνων έργου"", ""Ανάλυση tickets υποστήριξης"", ""Ανάλυση επαγγελματικών συνομιλιών"", ""Ανάλυση αποτελεσμάτων έρευνας"", ""Οργάνωση δεδομένων σε υπολογιστικά φύλλα"", ""Οργάνωση κινδύνων έργου"", ""Οργάνωση tickets υποστήριξης"", ""Οργάνωση επαγγελματικών συνομιλιών"", ""Οργάνωση αποτελεσμάτων έρευνας"", ""Διαχείριση δεδομένων σε υπολογιστικά φύλλα"", ""Διαχείριση κινδύνων έργου"", ""Διαχείριση tickets υποστήριξης"", ""Διαχείριση επαγγελματικών συνομιλιών"", ""Διαχείριση αποτελεσμάτων έρευνας"", ""Παρακολούθηση δεδομένων σε υπολογιστικά φύλλα"", ""Παρακολούθηση κινδύνων έργου"", ""Παρακολούθηση tickets υποστήριξης"", ""Παρακολούθηση επαγγελματικών συνομιλιών"", ""Παρακολούθηση αποτελεσμάτων έρευνας"", ""Αξιολόγηση δεδομένων σε υπολογιστικά φύλλα"", ""Αξιολόγηση κινδύνων έργου"", ""Αξιολόγηση tickets υποστήριξης"", ""Αξιολόγηση επαγγελματικών συνομιλιών"", ""Αξιολόγηση αποτελεσμάτων έρευνας"", ""Τεκμηρίωση δεδομένων σε υπολογιστικά φύλλα"", ""Τεκμηρίωση κινδύνων έργου"", ""Τεκμηρίωση tickets υποστήριξης"", ""Τεκμηρίωση επαγγελματικών συνομιλιών"", ""Τεκμηρίωση αποτελεσμάτων έρευνας"", ""Βελτίωση δεδομένων σε υπολογιστικά φύλλα"", ""Βελτίωση κινδύνων έργου"", ""Βελτίωση tickets υποστήριξης"", ""Βελτίωση επαγγελματικών συνομιλιών"", ""Βελτίωση αποτελεσμάτων έρευνας"", ""Συντονισμός δεδομένων σε υπολογιστικά φύλλα"", ""Συντονισμός κινδύνων έργου"", ""Συντονισμός tickets υποστήριξης"", ""Συντονισμός επαγγελματικών συνομιλιών"", ""Συντονισμός αποτελεσμάτων έρευνας"", ""Έλεγχος δεδομένων σε υπολογιστικά φύλλα"", ""Έλεγχος κινδύνων έργου"", ""Έλεγχος tickets υποστήριξης"", ""Έλεγχος επαγγελματικών συνομιλιών"", ""Έλεγχος αποτελεσμάτων έρευνας"", ""Προτεραιοποίηση δεδομένων σε υπολογιστικά φύλλα"", ""Προτεραιοποίηση κινδύνων έργου"", ""Προτεραιοποίηση tickets υποστήριξης"", ""Προτεραιοποίηση επαγγελματικών συνομιλιών"", ""Προτεραιοποίηση αποτελεσμάτων έρευνας""]","[""Ψηφιακή Παραγωγικότητα και ΤΝ"", ""Επαγγελματική Επικοινωνία"", ""Προσωπική Διαχείριση"", ""Μάθηση και Προσαρμοστικότητα"", ""Διαχείριση Έργων"", ""Ανάλυση και Επίλυση Προβλημάτων"", ""Εξυπηρέτηση Πελατών""]",52
346,Junior Field Sales Representative,"[""Σαφής και συνοπτική επικοινωνία""]","[""Επαγγελματική Επικοινωνία""]",1
381,Secretarial Support,"[""Σύνταξη επαγγελματικών email"", ""Σαφής και συνοπτική επικοινωνία"", ""Οργάνωση ψηφιακού χώρου εργασίας"", ""Διαχείριση χρόνου"", ""Διαχείριση προσοχής και συγκέντρωσης""]","[""Ψηφιακή Παραγωγικότητα και ΤΝ"", ""Επαγγελματική Επικοινωνία"", ""Διαχείριση Δεδομένων και Πληροφορίας"", ""Προσωπική Διαχείριση""]",5
450,Financial Outsourcing Associates,"[""Σαφής και συνοπτική επικοινωνία"", ""Διαχείριση χρόνου"", ""Ανάλυση χρονοδιαγραμμάτων έργου"", ""Ανάλυση προτύπων εγγράφων"", ""Ανάλυση σφαλμάτων κώδικα"", ""Ανάλυση αναγκών stakeholders"", ""Ανάλυση αιτημάτων αλλαγής"", ""Οργάνωση χρονοδιαγραμμάτων έργου"", ""Οργάνωση προτύπων εγγράφων"", ""Οργάνωση σφαλμάτων κώδικα"", ""Οργάνωση αναγκών stakeholders"", ""Οργάνωση αιτημάτων αλλαγής"", ""Διαχείριση χρονοδιαγραμμάτων έργου"", ""Διαχείριση προτύπων εγγράφων"", ""Διαχείριση σφαλμάτων κώδικα"", ""Διαχείριση αναγκών stakeholders"", ""Διαχείριση αιτημάτων αλλαγής"", ""Παρακολούθηση χρονοδιαγραμμάτων έργου"", ""Παρακολούθηση προτύπων εγγράφων"", ""Παρακολούθηση σφαλμάτων κώδικα"", ""Παρακολούθηση αναγκών stakeholders"", ""Παρακολούθηση αιτημάτων αλλαγής"", ""Αξιολόγηση χρονοδιαγραμμάτων έργου"", ""Αξιολόγηση προτύπων εγγράφων"", ""Αξιολόγηση σφαλμάτων κώδικα"", ""Αξιολόγηση αναγκών stakeholders"", ""Αξιολόγηση αιτημάτων αλλαγής"", ""Τεκμηρίωση χρονοδιαγραμμάτων έργου"", ""Τεκμηρίωση προτύπων εγγράφων"", ""Τεκμηρίωση σφαλμάτων κώδικα"", ""Τεκμηρίωση αναγκών stakeholders"", ""Τεκμηρίωση αιτημάτων αλλαγής"", ""Βελτίωση χρονοδιαγραμμάτων έργου"", ""Βελτίωση προτύπων εγγράφων"", ""Βελτίωση σφαλμάτων κώδικα"", ""Βελτίωση αναγκών stakeholders"", ""Βελτίωση αιτημάτων αλλαγής"", ""Συντονισμός χρονοδιαγραμμάτων έργου"", ""Συντονισμός προτύπων εγγράφων"", ""Συντονισμός σφαλμάτων κώδικα"", ""Συντονισμός αναγκών stakeholders"", ""Συντονισμός αιτημάτων αλλαγής"", ""Έλεγχος χρονοδιαγραμμάτων έργου"", ""Έλεγχος προτύπων εγγράφων"", ""Έλεγχος σφαλμάτων κώδικα"", ""Έλεγχος αναγκών stakeholders"", ""Έλεγχος αιτημάτων αλλαγής"", ""Προτεραιοποίηση χρονοδιαγραμμάτων έργου"", ""Προτεραιοποίηση προτύπων εγγράφων"", ""Προτεραιοποίηση σφαλμάτων κώδικα"", ""Προτεραιοποίηση αναγκών stakeholders"", ""Προτεραιοποίηση αιτημάτων αλλαγής""]","[""Επαγγελματική Επικοινωνία"", ""Προσωπική Διαχείριση"", ""Διοικητική Υποστήριξη"", ""Ομαδική Συνεργασία"", ""Διαχείριση Δεδομένων και Πληροφορίας"", ""Ποιότητα και Συμμόρφωση"", ""Τεχνικές και Ψηφιακές Δεξιότητες""]",52
501,Be Insurance Agent | A new perspective awaits you in Komotini - Xanthi,[],[],0
504,Secretarial Support,"[""Σύνταξη επαγγελματικών email"", ""Σαφής και συνοπτική επικοινωνία"", ""Οργάνωση ψηφιακού χώρου εργασίας"", ""Διαχείριση χρόνου"", ""Ανάλυση χρονοδιαγραμμάτων έργου"", ""Ανάλυση προτύπων εγγράφων"", ""Ανάλυση σφαλμάτων κώδικα"", ""Ανάλυση αναγκών stakeholders"", ""Ανάλυση αιτημάτων αλλαγής"", ""Οργάνωση χρονοδιαγραμμάτων έργου"", ""Οργάνωση προτύπων εγγράφων"", ""Οργάνωση σφαλμάτων κώδικα"", ""Οργάνωση αναγκών stakeholders"", ""Οργάνωση αιτημάτων αλλαγής"", ""Διαχείριση χρονοδιαγραμμάτων έργου"", ""Διαχείριση προτύπων εγγράφων"", ""Διαχείριση σφαλμάτων κώδικα"", ""Διαχείριση αναγκών stakeholders"", ""Διαχείριση αιτημάτων αλλαγής"", ""Παρακολούθηση χρονοδιαγραμμάτων έργου"", ""Παρακολούθηση προτύπων εγγράφων"", ""Παρακολούθηση σφαλμάτων κώδικα"", ""Παρακολούθηση αναγκών stakeholders"", ""Παρακολούθηση αιτημάτων αλλαγής"", ""Αξιολόγηση χρονοδιαγραμμάτων έργου"", ""Αξιολόγηση προτύπων εγγράφων"", ""Αξιολόγηση σφαλμάτων κώδικα"", ""Αξιολόγηση αναγκών stakeholders"", ""Αξιολόγηση αιτημάτων αλλαγής"", ""Τεκμηρίωση χρονοδιαγραμμάτων έργου"", ""Τεκμηρίωση προτύπων εγγράφων"", ""Τεκμηρίωση σφαλμάτων κώδικα"", ""Τεκμηρίωση αναγκών stakeholders"", ""Τεκμηρίωση αιτημάτων αλλαγής"", ""Βελτίωση χρονοδιαγραμμάτων έργου"", ""Βελτίωση προτύπων εγγράφων"", ""Βελτίωση σφαλμάτων κώδικα"", ""Βελτίωση αναγκών stakeholders"", ""Βελτίωση αιτημάτων αλλαγής"", ""Συντονισμός χρονοδιαγραμμάτων έργου"", ""Συντονισμός προτύπων εγγράφων"", ""Συντονισμός σφαλμάτων κώδικα"", ""Συντονισμός αναγκών stakeholders"", ""Συντονισμός αιτημάτων αλλαγής"", ""Έλεγχος χρονοδιαγραμμάτων έργου"", ""Έλεγχος προτύπων εγγράφων"", ""Έλεγχος σφαλμάτων κώδικα"", ""Έλεγχος αναγκών stakeholders"", ""Έλεγχος αιτημάτων αλλαγής"", ""Προτεραιοποίηση χρονοδιαγραμμάτων έργου"", ""Προτεραιοποίηση προτύπων εγγράφων"", ""Προτεραιοποίηση σφαλμάτων κώδικα"", ""Προτεραιοποίηση αναγκών stakeholders"", ""Προτεραιοποίηση αιτημάτων αλλαγής""]","[""Ψηφιακή Παραγωγικότητα και ΤΝ"", ""Επαγγελματική Επικοινωνία"", ""Διαχείριση Δεδομένων και Πληροφορίας"", ""Προσωπική Διαχείριση"", ""Διοικητική Υποστήριξη"", ""Ομαδική Συνεργασία"", ""Ποιότητα και Συμμόρφωση"", ""Τεχνικές και Ψηφιακές Δεξιότητες""]",54
508,Front Office Agent - Nous,[],[],0
515,PHARMACIST,"[""Σαφής και συνοπτική επικοινωνία""]","[""Επαγγελματική Επικοινωνία""]",1
543,Operation Clerk (International Transport Processing Department),"[""Οργάνωση ψηφιακού χώρου εργασίας""]","[""Διαχείριση Δεδομένων και Πληροφορίας""]",1
597,Master Data Executive (Athens or Heraklion | Crete),"[""Σαφής και συνοπτική επικοινωνία"", ""Διαχείριση χρόνου"", ""Διαχείριση προσοχής και συγκέντρωσης""]","[""Επαγγελματική Επικοινωνία"", ""Προσωπική Διαχείριση""]",3
599,Associate Talent Acquisition Specialist,"[""Σαφής και συνοπτική επικοινωνία"", ""Διαχείριση χρόνου"", ""Διαχείριση προσοχής και συγκέντρωσης""]","[""Επαγγελματική Επικοινωνία"", ""Προσωπική Διαχείριση""]",3
601,Registration Employee,"[""Σαφής και συνοπτική επικοινωνία""]","[""Επαγγελματική Επικοινωνία""]",1
661,Assistant Buyer,"[""Σύνταξη επαγγελματικών email"", ""Σαφής και συνοπτική επικοινωνία"", ""Διαχείριση χρόνου""]","[""Ψηφιακή Παραγωγικότητα και ΤΝ"", ""Επαγγελματική Επικοινωνία"", ""Προσωπική Διαχείριση""]",3
687,Retention Call Center Agent (Mon-Fri 09:00-17:00),"[""Σύνταξη επαγγελματικών email"", ""Σαφής και συνοπτική επικοινωνία"", ""Ανάλυση δεδομένων σε υπολογιστικά φύλλα"", ""Ανάλυση κινδύνων έργου"", ""Ανάλυση tickets υποστήριξης"", ""Ανάλυση επαγγελματικών συνομιλιών"", ""Ανάλυση αποτελεσμάτων έρευνας"", ""Οργάνωση δεδομένων σε υπολογιστικά φύλλα"", ""Οργάνωση κινδύνων έργου"", ""Οργάνωση tickets υποστήριξης"", ""Οργάνωση επαγγελματικών συνομιλιών"", ""Οργάνωση αποτελεσμάτων έρευνας"", ""Διαχείριση δεδομένων σε υπολογιστικά φύλλα"", ""Διαχείριση κινδύνων έργου"", ""Διαχείριση tickets υποστήριξης"", ""Διαχείριση επαγγελματικών συνομιλιών"", ""Διαχείριση αποτελεσμάτων έρευνας"", ""Παρακολούθηση δεδομένων σε υπολογιστικά φύλλα"", ""Παρακολούθηση κινδύνων έργου"", ""Παρακολούθηση tickets υποστήριξης"", ""Παρακολούθηση επαγγελματικών συνομιλιών"", ""Παρακολούθηση αποτελεσμάτων έρευνας"", ""Αξιολόγηση δεδομένων σε υπολογιστικά φύλλα"", ""Αξιολόγηση κινδύνων έργου"", ""Αξιολόγηση tickets υποστήριξης"", ""Αξιολόγηση επαγγελματικών συνομιλιών"", ""Αξιολόγηση αποτελεσμάτων έρευνας"", ""Τεκμηρίωση δεδομένων σε υπολογιστικά φύλλα"", ""Τεκμηρίωση κινδύνων έργου"", ""Τεκμηρίωση tickets υποστήριξης"", ""Τεκμηρίωση επαγγελματικών συνομιλιών"", ""Τεκμηρίωση αποτελεσμάτων έρευνας"", ""Βελτίωση δεδομένων σε υπολογιστικά φύλλα"", ""Βελτίωση κινδύνων έργου"", ""Βελτίωση tickets υποστήριξης"", ""Βελτίωση επαγγελματικών συνομιλιών"", ""Βελτίωση αποτελεσμάτων έρευνας"", ""Συντονισμός δεδομένων σε υπολογιστικά φύλλα"", ""Συντονισμός κινδύνων έργου"", ""Συντονισμός tickets υποστήριξης"", ""Συντονισμός επαγγελματικών συνομιλιών"", ""Συντονισμός αποτελεσμάτων έρευνας"", ""Έλεγχος δεδομένων σε υπολογιστικά φύλλα"", ""Έλεγχος κινδύνων έργου"", ""Έλεγχος tickets υποστήριξης"", ""Έλεγχος επαγγελματικών συνομιλιών"", ""Έλεγχος αποτελεσμάτων έρευνας"", ""Προτεραιοποίηση δεδομένων σε υπολογιστικά φύλλα"", ""Προτεραιοποίηση κινδύνων έργου"", ""Προτεραιοποίηση tickets υποστήριξης"", ""Προτεραιοποίηση επαγγελματικών συνομιλιών"", ""Προτεραιοποίηση αποτελεσμάτων έρευνας""]","[""Ψηφιακή Παραγωγικότητα και ΤΝ"", ""Επαγγελματική Επικοινωνία"", ""Προσωπική Διαχείριση"", ""Μάθηση και Προσαρμοστικότητα"", ""Διαχείριση Έργων"", ""Ανάλυση και Επίλυση Προβλημάτων"", ""Εξυπηρέτηση Πελατών""]",52
700,Office Clerk - Customer Care,"[""Οργάνωση ψηφιακού χώρου εργασίας""]","[""Διαχείριση Δεδομένων και Πληροφορίας""]",1
717,Waiters II Zakynthos,[],[],0
719,WAITRESS,[],[],0
721,Junior Java Web Developer / Tester (Remote/Thessaloniki),"[""Οργάνωση ψηφιακού χώρου εργασίας""]","[""Διαχείριση Δεδομένων και Πληροφορίας""]",1
33,SENIOR SOFT ONE DEVELOPER,"[""Επιβεβαίωση οδηγιών και απαιτήσεων""]","[""Επαγγελματική Επικοινωνία""]",1
50,SharePoint Developer (Mid-Senior),"[""Διαχείριση προσοχής και συγκέντρωσης"", ""Επιβεβαίωση οδηγιών και απαιτήσεων""]","[""Προσωπική Διαχείριση"", ""Επαγγελματική Επικοινωνία""]",2
76,Senior Full Stack Developer (PHP & JavaScript),"[""Διαχείριση προσοχής και συγκέντρωσης""]","[""Προσωπική Διαχείριση""]",1
152,Business Developer Horeca Iraklio,"[""Διαχείριση χρόνου"", ""Διαχείριση προσοχής και συγκέντρωσης""]","[""Προσωπική Διαχείριση""]",2
286,SharePoint Developer (Mid-Senior),"[""Διαχείριση προσοχής και συγκέντρωσης"", ""Επιβεβαίωση οδηγιών και απαιτήσεων""]","[""Προσωπική Διαχείριση"", ""Επαγγελματική Επικοινωνία""]",2
453,Software Developer,[],[],0
513,PHP Developer,"[""Διαχείριση χρόνου""]","[""Προσωπική Διαχείριση""]",1
626,SAP ABAP Developer (Mid-Senior),"[""Διαχείριση προσοχής και συγκέντρωσης""]","[""Προσωπική Διαχείριση""]",1
723,Full Stack .NET Developer,"[""Σαφής και συνοπτική επικοινωνία"", ""Ενεργητική ακρόαση"", ""Αυτοματοποίηση επαναλαμβανόμενων εργασιών"", ""Οργάνωση ψηφιακού χώρου εργασίας"", ""Διαχείριση προσοχής και συγκέντρωσης""]","[""Επαγγελματική Επικοινωνία"", ""Ψηφιακή Παραγωγικότητα και ΤΝ"", ""Διαχείριση Δεδομένων και Πληροφορίας"", ""Προσωπική Διαχείριση""]",5
743,Software Engineer (Oracle),"[""Σαφής και συνοπτική επικοινωνία"", ""Οργάνωση ψηφιακού χώρου εργασίας""]","[""Επαγγελματική Επικοινωνία"", ""Διαχείριση Δεδομένων και Πληροφορίας""]",2
907,Prestige Accounts Developer- Rodos,"[""Διαχείριση χρόνου"", ""Διαχείριση προσοχής και συγκέντρωσης""]","[""Προσωπική Διαχείριση""]",2
1076,Business Developer Iraklio,"[""Διαχείριση χρόνου"", ""Διαχείριση προσοχής και συγκέντρωσης""]","[""Προσωπική Διαχείριση""]",2
1109,CRM Developer,"[""Διαχείριση προσοχής και συγκέντρωσης""]","[""Προσωπική Διαχείριση""]",1
1117,PL/SQL Developers,"[""Σαφής και συνοπτική επικοινωνία"", ""Ενεργητική ακρόαση""]","[""Επαγγελματική Επικοινωνία""]",2
1118,PL/SQL Developers,"[""Σαφής και συνοπτική επικοινωνία"", ""Ενεργητική ακρόαση""]","[""Επαγγελματική Επικοινωνία""]",2
1119,PL/SQL Developers,"[""Σαφής και συνοπτική επικοινωνία"", ""Ενεργητική ακρόαση""]","[""Επαγγελματική Επικοινωνία""]",2
1120,SQL Developers (Mid-Senior),"[""Σαφής και συνοπτική επικοινωνία"", ""Ενεργητική ακρόαση""]","[""Επαγγελματική Επικοινωνία""]",2
1121,SQL Developers (Mid-Senior),"[""Σαφής και συνοπτική επικοινωνία"", ""Ενεργητική ακρόαση""]","[""Επαγγελματική Επικοινωνία""]",2
1122,SQL Developers (Mid-Senior),"[""Σαφής και συνοπτική επικοινωνία"", ""Ενεργητική ακρόαση""]","[""Επαγγελματική Επικοινωνία""]",2
1123,Senior CRM Consultant,"[""Διαχείριση προσοχής και συγκέντρωσης""]","[""Προσωπική Διαχείριση""]",1
1228,Business Developer Santorini,"[""Διαχείριση χρόνου"", ""Διαχείριση προσοχής και συγκέντρωσης""]","[""Προσωπική Διαχείριση""]",2
1244,Business Developer Lesvos,"[""Διαχείριση χρόνου"", ""Διαχείριση προσοχής και συγκέντρωσης""]","[""Προσωπική Διαχείριση""]",2
131,Shift supervisor,[],[],0
161,"ACCOUNTANT, ACCOUNTING","[""Σαφής και συνοπτική επικοινωνία"", ""Διαχείριση χρόνου""]","[""Επαγγελματική Επικοινωνία"", ""Προσωπική Διαχείριση""]",2
340,Financial Institution Telephone Service (Neo Faliro),[],[],0
342,Telephone Bank Customer Service (work from the offices - Neo Faliro),[],[],0
347,Telephone Bank Customer Service Representative (Patra),[],[],0
364,Software Engineer - C# .NET or ASP.NET (e-Health Sector) Thessaloniki,"[""Σαφής και συνοπτική επικοινωνία"", ""Διαχείριση χρόνου"", ""Διαχείριση προσοχής και συγκέντρωσης""]","[""Επαγγελματική Επικοινωνία"", ""Προσωπική Διαχείριση""]",3
365,Software Engineer - C# .NET or ASP.NET (e-Health Sector) Athens,"[""Σαφής και συνοπτική επικοινωνία"", ""Διαχείριση χρόνου"", ""Διαχείριση προσοχής και συγκέντρωσης""]","[""Επαγγελματική Επικοινωνία"", ""Προσωπική Διαχείριση""]",3
378,Production manager for a plastics factory with injection machines,[],[],0
436,CLEANSERS/STREAMLINES FOR THESSALONIKI,"[""Σύνταξη επαγγελματικών email""]","[""Ψηφιακή Παραγωγικότητα και ΤΝ""]",1
581,Assistant Accountant,"[""Σύνταξη επαγγελματικών email""]","[""Ψηφιακή Παραγωγικότητα και ΤΝ""]",1
583,Graduate Opportunities in Payroll Outsourcing,"[""Σαφής και συνοπτική επικοινωνία"", ""Διαχείριση χρόνου"", ""Ανάλυση χρονοδιαγραμμάτων έργου"", ""Ανάλυση προτύπων εγγράφων"", ""Ανάλυση σφαλμάτων κώδικα"", ""Ανάλυση αναγκών stakeholders"", ""Ανάλυση αιτημάτων αλλαγής"", ""Οργάνωση χρονοδιαγραμμάτων έργου"", ""Οργάνωση προτύπων εγγράφων"", ""Οργάνωση σφαλμάτων κώδικα"", ""Οργάνωση αναγκών stakeholders"", ""Οργάνωση αιτημάτων αλλαγής"", ""Διαχείριση χρονοδιαγραμμάτων έργου"", ""Διαχείριση προτύπων εγγράφων"", ""Διαχείριση σφαλμάτων κώδικα"", ""Διαχείριση αναγκών stakeholders"", ""Διαχείριση αιτημάτων αλλαγής"", ""Παρακολούθηση χρονοδιαγραμμάτων έργου"", ""Παρακολούθηση προτύπων εγγράφων"", ""Παρακολούθηση σφαλμάτων κώδικα"", ""Παρακολούθηση αναγκών stakeholders"", ""Παρακολούθηση αιτημάτων αλλαγής"", ""Αξιολόγηση χρονοδιαγραμμάτων έργου"", ""Αξιολόγηση προτύπων εγγράφων"", ""Αξιολόγηση σφαλμάτων κώδικα"", ""Αξιολόγηση αναγκών stakeholders"", ""Αξιολόγηση αιτημάτων αλλαγής"", ""Τεκμηρίωση χρονοδιαγραμμάτων έργου"", ""Τεκμηρίωση προτύπων εγγράφων"", ""Τεκμηρίωση σφαλμάτων κώδικα"", ""Τεκμηρίωση αναγκών stakeholders"", ""Τεκμηρίωση αιτημάτων αλλαγής"", ""Βελτίωση χρονοδιαγραμμάτων έργου"", ""Βελτίωση προτύπων εγγράφων"", ""Βελτίωση σφαλμάτων κώδικα"", ""Βελτίωση αναγκών stakeholders"", ""Βελτίωση αιτημάτων αλλαγής"", ""Συντονισμός χρονοδιαγραμμάτων έργου"", ""Συντονισμός προτύπων εγγράφων"", ""Συντονισμός σφαλμάτων κώδικα"", ""Συντονισμός αναγκών stakeholders"", ""Συντονισμός αιτημάτων αλλαγής"", ""Έλεγχος χρονοδιαγραμμάτων έργου"", ""Έλεγχος προτύπων εγγράφων"", ""Έλεγχος σφαλμάτων κώδικα"", ""Έλεγχος αναγκών stakeholders"", ""Έλεγχος αιτημάτων αλλαγής"", ""Προτεραιοποίηση χρονοδιαγραμμάτων έργου"", ""Προτεραιοποίηση προτύπων εγγράφων"", ""Προτεραιοποίηση σφαλμάτων κώδικα"", ""Προτεραιοποίηση αναγκών stakeholders"", ""Προτεραιοποίηση αιτημάτων αλλαγής""]","[""Επαγγελματική Επικοινωνία"", ""Προσωπική Διαχείριση"", ""Διοικητική Υποστήριξη"", ""Ομαδική Συνεργασία"", ""Διαχείριση Δεδομένων και Πληροφορίας"", ""Ποιότητα και Συμμόρφωση"", ""Τεχνικές και Ψηφιακές Δεξιότητες""]",52
710,BACK OFFICE OFFICER - SECRETARIAT,[],[],0
724,Distribution Guide (Koropi),"[""Σαφής και συνοπτική επικοινωνία"", ""Διαχείριση χρόνου""]","[""Επαγγελματική Επικοινωνία"", ""Προσωπική Διαχείριση""]",2
818,SERVICE OFFICER,"[""Σαφής και συνοπτική επικοινωνία""]","[""Επαγγελματική Επικοινωνία""]",1
837,ASSISTANT ACCOUNTANT,"[""Διαχείριση χρόνου""]","[""Προσωπική Διαχείριση""]",1
1016,Τechnical Support Services (Δυνατότητα Τηλεργασίας),"[""Σαφής και συνοπτική επικοινωνία"", ""Διαχείριση προσοχής και συγκέντρωσης""]","[""Επαγγελματική Επικοινωνία"", ""Προσωπική Διαχείριση""]",2
1038,MOTORCYCLE SELLER-ATHENS,[],[],0
1143,WAREHOUSE OFFICER,"[""Σαφής και συνοπτική επικοινωνία""]","[""Επαγγελματική Επικοινωνία""]",1
1208,TELESALES REPRESENTATIVE PATRA - TELERGASSIA,"[""Σαφής και συνοπτική επικοινωνία""]","[""Επαγγελματική Επικοινωνία""]",1
1252,Senior Graphic Designer - Creative Director,"[""Διαχείριση προσοχής και συγκέντρωσης""]","[""Προσωπική Διαχείριση""]",1
1261,"PM Warehouse Sorter, Reloader Part Time","[""Διαχείριση χρόνου"", ""Διαχείριση προσοχής και συγκέντρωσης"", ""Ανάλυση αιτημάτων πελατών"", ""Ανάλυση λειτουργικών οδηγιών"", ""Ανάλυση λιστών επαφών"", ""Ανάλυση παρουσιάσεων"", ""Ανάλυση σχολίων αξιολόγησης"", ""Οργάνωση αιτημάτων πελατών"", ""Οργάνωση λειτουργικών οδηγιών"", ""Οργάνωση λιστών επαφών"", ""Οργάνωση παρουσιάσεων"", ""Οργάνωση σχολίων αξιολόγησης"", ""Διαχείριση αιτημάτων πελατών"", ""Διαχείριση λειτουργικών οδηγιών"", ""Διαχείριση λιστών επαφών"", ""Διαχείριση παρουσιάσεων"", ""Διαχείριση σχολίων αξιολόγησης"", ""Παρακολούθηση αιτημάτων πελατών"", ""Παρακολούθηση λειτουργικών οδηγιών"", ""Παρακολούθηση λιστών επαφών"", ""Παρακολούθηση παρουσιάσεων"", ""Παρακολούθηση σχολίων αξιολόγησης"", ""Αξιολόγηση αιτημάτων πελατών"", ""Αξιολόγηση λειτουργικών οδηγιών"", ""Αξιολόγηση λιστών επαφών"", ""Αξιολόγηση παρουσιάσεων"", ""Αξιολόγηση σχολίων αξιολόγησης"", ""Τεκμηρίωση αιτημάτων πελατών"", ""Τεκμηρίωση λειτουργικών οδηγιών"", ""Τεκμηρίωση λιστών επαφών"", ""Τεκμηρίωση παρουσιάσεων"", ""Τεκμηρίωση σχολίων αξιολόγησης"", ""Βελτίωση αιτημάτων πελατών"", ""Βελτίωση λειτουργικών οδηγιών"", ""Βελτίωση λιστών επαφών"", ""Βελτίωση παρουσιάσεων"", ""Βελτίωση σχολίων αξιολόγησης"", ""Συντονισμός αιτημάτων πελατών"", ""Συντονισμός λειτουργικών οδηγιών"", ""Συντονισμός λιστών επαφών"", ""Συντονισμός παρουσιάσεων"", ""Συντονισμός σχολίων αξιολόγησης"", ""Έλεγχος αιτημάτων πελατών"", ""Έλεγχος λειτουργικών οδηγιών"", ""Έλεγχος λιστών επαφών"", ""Έλεγχος παρουσιάσεων"", ""Έλεγχος σχολίων αξιολόγησης"", ""Προτεραιοποίηση αιτημάτων πελατών"", ""Προτεραιοποίηση λειτουργικών οδηγιών"", ""Προτεραιοποίηση λιστών επαφών"", ""Προτεραιοποίηση παρουσιάσεων"", ""Προτεραιοποίηση σχολίων αξιολόγησης""]","[""Προσωπική Διαχείριση"", ""Ψηφιακή Παραγωγικότητα και ΤΝ"", ""Μάθηση και Προσαρμοστικότητα"", ""Διαχείριση Έργων"", ""Ανάλυση και Επίλυση Προβλημάτων"", ""Εξυπηρέτηση Πελατών""]",52
1269,AM Warehouse Loader/Sorter Part Time,"[""Διαχείριση χρόνου"", ""Διαχείριση προσοχής και συγκέντρωσης"", ""Ανάλυση αιτημάτων πελατών"", ""Ανάλυση λειτουργικών οδηγιών"", ""Ανάλυση λιστών επαφών"", ""Ανάλυση παρουσιάσεων"", ""Ανάλυση σχολίων αξιολόγησης"", ""Οργάνωση αιτημάτων πελατών"", ""Οργάνωση λειτουργικών οδηγιών"", ""Οργάνωση λιστών επαφών"", ""Οργάνωση παρουσιάσεων"", ""Οργάνωση σχολίων αξιολόγησης"", ""Διαχείριση αιτημάτων πελατών"", ""Διαχείριση λειτουργικών οδηγιών"", ""Διαχείριση λιστών επαφών"", ""Διαχείριση παρουσιάσεων"", ""Διαχείριση σχολίων αξιολόγησης"", ""Παρακολούθηση αιτημάτων πελατών"", ""Παρακολούθηση λειτουργικών οδηγιών"", ""Παρακολούθηση λιστών επαφών"", ""Παρακολούθηση παρουσιάσεων"", ""Παρακολούθηση σχολίων αξιολόγησης"", ""Αξιολόγηση αιτημάτων πελατών"", ""Αξιολόγηση λειτουργικών οδηγιών"", ""Αξιολόγηση λιστών επαφών"", ""Αξιολόγηση παρουσιάσεων"", ""Αξιολόγηση σχολίων αξιολόγησης"", ""Τεκμηρίωση αιτημάτων πελατών"", ""Τεκμηρίωση λειτουργικών οδηγιών"", ""Τεκμηρίωση λιστών επαφών"", ""Τεκμηρίωση παρουσιάσεων"", ""Τεκμηρίωση σχολίων αξιολόγησης"", ""Βελτίωση αιτημάτων πελατών"", ""Βελτίωση λειτουργικών οδηγιών"", ""Βελτίωση λιστών επαφών"", ""Βελτίωση παρουσιάσεων"", ""Βελτίωση σχολίων αξιολόγησης"", ""Συντονισμός αιτημάτων πελατών"", ""Συντονισμός λειτουργικών οδηγιών"", ""Συντονισμός λιστών επαφών"", ""Συντονισμός παρουσιάσεων"", ""Συντονισμός σχολίων αξιολόγησης"", ""Έλεγχος αιτημάτων πελατών"", ""Έλεγχος λειτουργικών οδηγιών"", ""Έλεγχος λιστών επαφών"", ""Έλεγχος παρουσιάσεων"", ""Έλεγχος σχολίων αξιολόγησης"", ""Προτεραιοποίηση αιτημάτων πελατών"", ""Προτεραιοποίηση λειτουργικών οδηγιών"", ""Προτεραιοποίηση λιστών επαφών"", ""Προτεραιοποίηση παρουσιάσεων"", ""Προτεραιοποίηση σχολίων αξιολόγησης""]","[""Προσωπική Διαχείριση"", ""Ψηφιακή Παραγωγικότητα και ΤΝ"", ""Μάθηση και Προσαρμοστικότητα"", ""Διαχείριση Έργων"", ""Ανάλυση και Επίλυση Προβλημάτων"", ""Εξυπηρέτηση Πελατών""]",52
1270,Mobile/IoT Engineer,"[""Σαφής και συνοπτική επικοινωνία""]","[""Επαγγελματική Επικοινωνία""]",1
1294,Net Full Stack Developer,[],[],0
1370,Sales Representative Advisor - TELECOMMUNICATION €750,[],[],0
1395,In Room Dining Manager,"[""Σαφής και συνοπτική επικοινωνία"", ""Διαχείριση χρόνου"", ""Ανάλυση αιτημάτων πελατών"", ""Ανάλυση δεδομένων σε υπολογιστικά φύλλα"", ""Ανάλυση λειτουργικών οδηγιών"", ""Ανάλυση κινδύνων έργου"", ""Ανάλυση λιστών επαφών"", ""Ανάλυση tickets υποστήριξης"", ""Ανάλυση παρουσιάσεων"", ""Ανάλυση επαγγελματικών συνομιλιών"", ""Ανάλυση σχολίων αξιολόγησης"", ""Ανάλυση αποτελεσμάτων έρευνας"", ""Οργάνωση αιτημάτων πελατών"", ""Οργάνωση δεδομένων σε υπολογιστικά φύλλα"", ""Οργάνωση λειτουργικών οδηγιών"", ""Οργάνωση κινδύνων έργου"", ""Οργάνωση λιστών επαφών"", ""Οργάνωση tickets υποστήριξης"", ""Οργάνωση παρουσιάσεων"", ""Οργάνωση επαγγελματικών συνομιλιών"", ""Οργάνωση σχολίων αξιολόγησης"", ""Οργάνωση αποτελεσμάτων έρευνας"", ""Διαχείριση αιτημάτων πελατών"", ""Διαχείριση δεδομένων σε υπολογιστικά φύλλα"", ""Διαχείριση λειτουργικών οδηγιών"", ""Διαχείριση κινδύνων έργου"", ""Διαχείριση λιστών επαφών"", ""Διαχείριση tickets υποστήριξης"", ""Διαχείριση παρουσιάσεων"", ""Διαχείριση επαγγελματικών συνομιλιών"", ""Διαχείριση σχολίων αξιολόγησης"", ""Διαχείριση αποτελεσμάτων έρευνας"", ""Παρακολούθηση αιτημάτων πελατών"", ""Παρακολούθηση δεδομένων σε υπολογιστικά φύλλα"", ""Παρακολούθηση λειτουργικών οδηγιών"", ""Παρακολούθηση κινδύνων έργου"", ""Παρακολούθηση λιστών επαφών"", ""Παρακολούθηση tickets υποστήριξης"", ""Παρακολούθηση παρουσιάσεων"", ""Παρακολούθηση επαγγελματικών συνομιλιών"", ""Παρακολούθηση σχολίων αξιολόγησης"", ""Παρακολούθηση αποτελεσμάτων έρευνας"", ""Αξιολόγηση αιτημάτων πελατών"", ""Αξιολόγηση δεδομένων σε υπολογιστικά φύλλα"", ""Αξιολόγηση λειτουργικών οδηγιών"", ""Αξιολόγηση κινδύνων έργου"", ""Αξιολόγηση λιστών επαφών"", ""Αξιολόγηση tickets υποστήριξης"", ""Αξιολόγηση παρουσιάσεων"", ""Αξιολόγηση επαγγελματικών συνομιλιών"", ""Αξιολόγηση σχολίων αξιολόγησης"", ""Αξιολόγηση αποτελεσμάτων έρευνας"", ""Τεκμηρίωση αιτημάτων πελατών"", ""Τεκμηρίωση δεδομένων σε υπολογιστικά φύλλα"", ""Τεκμηρίωση λειτουργικών οδηγιών"", ""Τεκμηρίωση κινδύνων έργου"", ""Τεκμηρίωση λιστών επαφών"", ""Τεκμηρίωση tickets υποστήριξης"", ""Τεκμηρίωση παρουσιάσεων"", ""Τεκμηρίωση επαγγελματικών συνομιλιών"", ""Τεκμηρίωση σχολίων αξιολόγησης"", ""Τεκμηρίωση αποτελεσμάτων έρευνας"", ""Βελτίωση αιτημάτων πελατών"", ""Βελτίωση δεδομένων σε υπολογιστικά φύλλα"", ""Βελτίωση λειτουργικών οδηγιών"", ""Βελτίωση κινδύνων έργου"", ""Βελτίωση λιστών επαφών"", ""Βελτίωση tickets υποστήριξης"", ""Βελτίωση παρουσιάσεων"", ""Βελτίωση επαγγελματικών συνομιλιών"", ""Βελτίωση σχολίων αξιολόγησης"", ""Βελτίωση αποτελεσμάτων έρευνας"", ""Συντονισμός αιτημάτων πελατών"", ""Συντονισμός δεδομένων σε υπολογιστικά φύλλα"", ""Συντονισμός λειτουργικών οδηγιών"", ""Συντονισμός κινδύνων έργου"", ""Συντονισμός λιστών επαφών"", ""Συντονισμός tickets υποστήριξης"", ""Συντονισμός παρουσιάσεων"", ""Συντονισμός επαγγελματικών συνομιλιών"", ""Συντονισμός σχολίων αξιολόγησης"", ""Συντονισμός αποτελεσμάτων έρευνας"", ""Έλεγχος αιτημάτων πελατών"", ""Έλεγχος δεδομένων σε υπολογιστικά φύλλα"", ""Έλεγχος λειτουργικών οδηγιών"", ""Έλεγχος κινδύνων έργου"", ""Έλεγχος λιστών επαφών"", ""Έλεγχος tickets υποστήριξης"", ""Έλεγχος παρουσιάσεων"", ""Έλεγχος επαγγελματικών συνομιλιών"", ""Έλεγχος σχολίων αξιολόγησης"", ""Έλεγχος αποτελεσμάτων έρευνας"", ""Προτεραιοποίηση αιτημάτων πελατών"", ""Προτεραιοποίηση δεδομένων σε υπολογιστικά φύλλα"", ""Προτεραιοποίηση λειτουργικών οδηγιών"", ""Προτεραιοποίηση κινδύνων έργου"", ""Προτεραιοποίηση λιστών επαφών"", ""Προτεραιοποίηση tickets υποστήριξης"", ""Προτεραιοποίηση παρουσιάσεων"", ""Προτεραιοποίηση επαγγελματικών συνομιλιών"", ""Προτεραιοποίηση σχολίων αξιολόγησης"", ""Προτεραιοποίηση αποτελεσμάτων έρευνας""]","[""Επαγγελματική Επικοινωνία"", ""Προσωπική Διαχείριση"", ""Ψηφιακή Παραγωγικότητα και ΤΝ"", ""Μάθηση και Προσαρμοστικότητα"", ""Διαχείριση Έργων"", ""Ανάλυση και Επίλυση Προβλημάτων"", ""Εξυπηρέτηση Πελατών""]",102
1591,Office worker,"[""Σαφής και συνοπτική επικοινωνία"", ""Οργάνωση ψηφιακού χώρου εργασίας"", ""Διαχείριση χρόνου""]","[""Επαγγελματική Επικοινωνία"", ""Διαχείριση Δεδομένων και Πληροφορίας"", ""Προσωπική Διαχείριση""]",3
1603,SELLER-CASHIER IN GLYFADA,[],[],0
1620,Telecommunication Service Consultants (Southern Suburbs),"[""Σαφής και συνοπτική επικοινωνία""]","[""Επαγγελματική Επικοινωνία""]",1
1659,MANAGER OF PRODUCTION,[],[],0
1679,.Net Full Stack Developer,"[""Οργάνωση ψηφιακού χώρου εργασίας""]","[""Διαχείριση Δεδομένων και Πληροφορίας""]",1
1753,Health Care Provider in Ireland / Nurse / Nurse / Nurse,[],[],0
1838,Accounting Clerk,[],[],0
1856,Senior CRM Dynamics Developer,"[""Σαφής και συνοπτική επικοινωνία"", ""Επιβεβαίωση οδηγιών και απαιτήσεων""]","[""Επαγγελματική Επικοινωνία""]",2
1925,ELPEDISON ENERGY CONSULTANTS 6 HOURS €600!,[],[],0
2011,Software Developer,[],[],0
2024,PAYROLL ASSISTANT,[],[],0
2043,Software Engineering Manager,"[""Διαχείριση προσοχής και συγκέντρωσης""]","[""Προσωπική Διαχείριση""]",1
2048,Project Machinery Engineer,[],[],0
2071,Senior Accountant,"[""Διαχείριση προσοχής και συγκέντρωσης""]","[""Προσωπική Διαχείριση""]",1
2097,ROASTERS / WRAPPERS,"[""Σύνταξη επαγγελματικών email""]","[""Ψηφιακή Παραγωγικότητα και ΤΝ""]",1
2098,UNSPECIFIED STAFF FOR FOCUS,"[""Σύνταξη επαγγελματικών email"", ""Διαχείριση προσοχής και συγκέντρωσης""]","[""Ψηφιακή Παραγωγικότητα και ΤΝ"", ""Προσωπική Διαχείριση""]",2
2111,CREPE - BURGER,"[""Σύνταξη επαγγελματικών email""]","[""Ψηφιακή Παραγωγικότητα και ΤΝ""]",1
2132,"Senior Director, E2E Network Solutions","[""Σαφής και συνοπτική επικοινωνία""]","[""Επαγγελματική Επικοινωνία""]",1
2152,ASSISTANT ACCOUNTANT,[],[],0
2189,Accountant,"[""Διαχείριση χρόνου"", ""Διαχείριση προσοχής και συγκέντρωσης""]","[""Προσωπική Διαχείριση""]",2
2282,SOFTWARE DEVELOPER (Senior-Level),[],[],0
2308,Machine Operators,[],[],0
2329,"Manager, Back-End Application Development","[""Αυτοματοποίηση επαναλαμβανόμενων εργασιών"", ""Διαχείριση προσοχής και συγκέντρωσης""]","[""Ψηφιακή Παραγωγικότητα και ΤΝ"", ""Προσωπική Διαχείριση""]",2
2482,.Net Developer (.netDev-09.24),[],[],0
2588,"Senior Associate, Back-End Application Development","[""Ενεργητική ακρόαση"", ""Αυτοματοποίηση επαναλαμβανόμενων εργασιών"", ""Διαχείριση προσοχής και συγκέντρωσης"", ""Επιβεβαίωση οδηγιών και απαιτήσεων""]","[""Επαγγελματική Επικοινωνία"", ""Ψηφιακή Παραγωγικότητα και ΤΝ"", ""Προσωπική Διαχείριση""]",4
2598,SALES REPRESENTATIVE ADVISOR - ΑΛΙΜΟΣ,[],[],0
2612,Accounting Company,[],[],0
2690,Application Support Engineer,"[""Σαφής και συνοπτική επικοινωνία"", ""Οργάνωση ψηφιακού χώρου εργασίας""]","[""Επαγγελματική Επικοινωνία"", ""Διαχείριση Δεδομένων και Πληροφορίας""]",2
2708,Collection Agents,"[""Σαφής και συνοπτική επικοινωνία""]","[""Επαγγελματική Επικοινωνία""]",1
2737,PAYROLL SPECIALIST,"[""Διαχείριση χρόνου"", ""Διαχείριση προσοχής και συγκέντρωσης"", ""Ανάλυση χρονοδιαγραμμάτων έργου"", ""Ανάλυση προτύπων εγγράφων"", ""Ανάλυση σφαλμάτων κώδικα"", ""Ανάλυση αναγκών stakeholders"", ""Ανάλυση αιτημάτων αλλαγής"", ""Οργάνωση χρονοδιαγραμμάτων έργου"", ""Οργάνωση προτύπων εγγράφων"", ""Οργάνωση σφαλμάτων κώδικα"", ""Οργάνωση αναγκών stakeholders"", ""Οργάνωση αιτημάτων αλλαγής"", ""Διαχείριση χρονοδιαγραμμάτων έργου"", ""Διαχείριση προτύπων εγγράφων"", ""Διαχείριση σφαλμάτων κώδικα"", ""Διαχείριση αναγκών stakeholders"", ""Διαχείριση αιτημάτων αλλαγής"", ""Παρακολούθηση χρονοδιαγραμμάτων έργου"", ""Παρακολούθηση προτύπων εγγράφων"", ""Παρακολούθηση σφαλμάτων κώδικα"", ""Παρακολούθηση αναγκών stakeholders"", ""Παρακολούθηση αιτημάτων αλλαγής"", ""Αξιολόγηση χρονοδιαγραμμάτων έργου"", ""Αξιολόγηση προτύπων εγγράφων"", ""Αξιολόγηση σφαλμάτων κώδικα"", ""Αξιολόγηση αναγκών stakeholders"", ""Αξιολόγηση αιτημάτων αλλαγής"", ""Τεκμηρίωση χρονοδιαγραμμάτων έργου"", ""Τεκμηρίωση προτύπων εγγράφων"", ""Τεκμηρίωση σφαλμάτων κώδικα"", ""Τεκμηρίωση αναγκών stakeholders"", ""Τεκμηρίωση αιτημάτων αλλαγής"", ""Βελτίωση χρονοδιαγραμμάτων έργου"", ""Βελτίωση προτύπων εγγράφων"", ""Βελτίωση σφαλμάτων κώδικα"", ""Βελτίωση αναγκών stakeholders"", ""Βελτίωση αιτημάτων αλλαγής"", ""Συντονισμός χρονοδιαγραμμάτων έργου"", ""Συντονισμός προτύπων εγγράφων"", ""Συντονισμός σφαλμάτων κώδικα"", ""Συντονισμός αναγκών stakeholders"", ""Συντονισμός αιτημάτων αλλαγής"", ""Έλεγχος χρονοδιαγραμμάτων έργου"", ""Έλεγχος προτύπων εγγράφων"", ""Έλεγχος σφαλμάτων κώδικα"", ""Έλεγχος αναγκών stakeholders"", ""Έλεγχος αιτημάτων αλλαγής"", ""Προτεραιοποίηση χρονοδιαγραμμάτων έργου"", ""Προτεραιοποίηση προτύπων εγγράφων"", ""Προτεραιοποίηση σφαλμάτων κώδικα"", ""Προτεραιοποίηση αναγκών stakeholders"", ""Προτεραιοποίηση αιτημάτων αλλαγής""]","[""Προσωπική Διαχείριση"", ""Διοικητική Υποστήριξη"", ""Ομαδική Συνεργασία"", ""Διαχείριση Δεδομένων και Πληροφορίας"", ""Επαγγελματική Επικοινωνία"", ""Ποιότητα και Συμμόρφωση"", ""Τεχνικές και Ψηφιακές Δεξιότητες""]",52
2787,Telephone Technical Customer Service (Thessaloniki-Remote),[],[],0
2835,Technical Support Agent (Retail & Fuel),"[""Σύνταξη επαγγελματικών email"", ""Σαφής και συνοπτική επικοινωνία"", ""Διαχείριση προσοχής και συγκέντρωσης""]","[""Ψηφιακή Παραγωγικότητα και ΤΝ"", ""Επαγγελματική Επικοινωνία"", ""Προσωπική Διαχείριση""]",3
2953,Payroll Officer,"[""Σαφής και συνοπτική επικοινωνία"", ""Διαχείριση χρόνου""]","[""Επαγγελματική Επικοινωνία"", ""Προσωπική Διαχείριση""]",2
3003,Sales Consultant,[],[],0
3020,Accounting Clerk,[],[],0
3208,Telephone Technical Customer Service (Athens-Hybrid),[],[],0
3209,Telephone Technical Customer Service (Ioannina-Remote),[],[],0
3210,Telephone Technical Customer Service (Thessaloniki-Remote),[],[],0
3311,CUSTOMER SERVICE OFFICER,[],[],0
3313,WHOLESALE SELLER (for the Small Retail market in Attica),[],[],0
3317,Payroll Outsourcing Professionals - Στελέχη Μισθοδοσίας (PP0824),"[""Σύνταξη επαγγελματικών email"", ""Σαφής και συνοπτική επικοινωνία"", ""Διαχείριση χρόνου"", ""Διαχείριση προσοχής και συγκέντρωσης""]","[""Ψηφιακή Παραγωγικότητα και ΤΝ"", ""Επαγγελματική Επικοινωνία"", ""Προσωπική Διαχείριση""]",4
3410,Full-Stack Developer,"[""Διαχείριση χρόνου""]","[""Προσωπική Διαχείριση""]",1
3411,Senior Full-Stack Developer,"[""Διαχείριση χρόνου""]","[""Προσωπική Διαχείριση""]",1
3412,Test Automation Leader,"[""Αυτοματοποίηση επαναλαμβανόμενων εργασιών""]","[""Ψηφιακή Παραγωγικότητα και ΤΝ""]",1
3488,FINANCIAL MANAGER - CFO,"[""Σύνταξη επαγγελματικών email""]","[""Ψηφιακή Παραγωγικότητα και ΤΝ""]",1
3956,Administrative Assistant (Telesales),"[""Σαφής και συνοπτική επικοινωνία""]","[""Επαγγελματική Επικοινωνία""]",1
3995,Accounting and Payroll Clerk,[],[],0
4026,Telephone Bank Customer Service Representative (Patra),[],[],0
4049,WAREHOUSE,"[""Σαφής και συνοπτική επικοινωνία""]","[""Επαγγελματική Επικοινωνία""]",1
4051,SIGNAL RECEIVING CENTER OPERATOR,"[""Σύνταξη επαγγελματικών email""]","[""Ψηφιακή Παραγωγικότητα και ΤΝ""]",1
4065,SALES EXECUTIVE (eShop),"[""Σαφής και συνοπτική επικοινωνία""]","[""Επαγγελματική Επικοινωνία""]",1
4078,Social Media Manager,"[""Σαφής και συνοπτική επικοινωνία""]","[""Επαγγελματική Επικοινωνία""]",1
4091,Telephone Sales Executives €800 Salary + Bonus,"[""Σαφής και συνοπτική επικοινωνία""]","[""Επαγγελματική Επικοινωνία""]",1
4096,MARKETING/BACKOFFICE,"[""Σαφής και συνοπτική επικοινωνία""]","[""Επαγγελματική Επικοινωνία""]",1
4113,Warehouse Clerk,"[""Διαχείριση προσοχής και συγκέντρωσης""]","[""Προσωπική Διαχείριση""]",1
2291,Front End Developer ( middle level ),"[""Σαφής και συνοπτική επικοινωνία"", ""Διαχείριση χρόνου""]","[""Επαγγελματική Επικοινωνία"", ""Προσωπική Διαχείριση""]",2
43903,.NET Developer,[],[],0
43904,"Senior Manager, Frontend Development, Web Publishing","[""Σαφής και συνοπτική επικοινωνία"", ""Αυτοματοποίηση επαναλαμβανόμενων εργασιών"", ""Οργάνωση ψηφιακού χώρου εργασίας"", ""Διαχείριση προσοχής και συγκέντρωσης""]","[""Επαγγελματική Επικοινωνία"", ""Ψηφιακή Παραγωγικότητα και ΤΝ"", ""Διαχείριση Δεδομένων και Πληροφορίας"", ""Προσωπική Διαχείριση""]",4
59892,Senior Java Web Developer,"[""Σαφής και συνοπτική επικοινωνία""]","[""Επαγγελματική Επικοινωνία""]",1
111739,Senior Java Web Developer,"[""Σαφής και συνοπτική επικοινωνία""]","[""Επαγγελματική Επικοινωνία""]",1
1696174,Net Full Stack Developer,[],[],0
1766807,SOFTWARE DEVELOPER,"[""Αυτοματοποίηση επαναλαμβανόμενων εργασιών""]","[""Ψηφιακή Παραγωγικότητα και ΤΝ""]",1
1767008,Senior Java Web Developer,"[""Σαφής και συνοπτική επικοινωνία""]","[""Επαγγελματική Επικοινωνία""]",1
1827084,Senior Java Web Developer,"[""Σαφής και συνοπτική επικοινωνία""]","[""Επαγγελματική Επικοινωνία""]",1
1842379,Junior Web Developer & Content Manager,"[""Σαφής και συνοπτική επικοινωνία"", ""Διαχείριση προσοχής και συγκέντρωσης""]","[""Επαγγελματική Επικοινωνία"", ""Προσωπική Διαχείριση""]",2
1844163,WEB DEVELOPER,"[""Διαχείριση χρόνου""]","[""Προσωπική Διαχείριση""]",1
1844963,WEB DEVELOPER,"[""Διαχείριση χρόνου""]","[""Προσωπική Διαχείριση""]",1
1860318,Frontend developer / software engineer (JavaScript),"[""Σαφής και συνοπτική επικοινωνία"", ""Διαχείριση χρόνου"", ""Επιβεβαίωση οδηγιών και απαιτήσεων"", ""Ανάλυση χρονοδιαγραμμάτων έργου"", ""Ανάλυση προτύπων εγγράφων"", ""Ανάλυση σφαλμάτων κώδικα"", ""Ανάλυση αναγκών stakeholders"", ""Ανάλυση αιτημάτων αλλαγής"", ""Οργάνωση χρονοδιαγραμμάτων έργου"", ""Οργάνωση προτύπων εγγράφων"", ""Οργάνωση σφαλμάτων κώδικα"", ""Οργάνωση αναγκών stakeholders"", ""Οργάνωση αιτημάτων αλλαγής"", ""Διαχείριση χρονοδιαγραμμάτων έργου"", ""Διαχείριση προτύπων εγγράφων"", ""Διαχείριση σφαλμάτων κώδικα"", ""Διαχείριση αναγκών stakeholders"", ""Διαχείριση αιτημάτων αλλαγής"", ""Παρακολούθηση χρονοδιαγραμμάτων έργου"", ""Παρακολούθηση προτύπων εγγράφων"", ""Παρακολούθηση σφαλμάτων κώδικα"", ""Παρακολούθηση αναγκών stakeholders"", ""Παρακολούθηση αιτημάτων αλλαγής"", ""Αξιολόγηση χρονοδιαγραμμάτων έργου"", ""Αξιολόγηση προτύπων εγγράφων"", ""Αξιολόγηση σφαλμάτων κώδικα"", ""Αξιολόγηση αναγκών stakeholders"", ""Αξιολόγηση αιτημάτων αλλαγής"", ""Τεκμηρίωση χρονοδιαγραμμάτων έργου"", ""Τεκμηρίωση προτύπων εγγράφων"", ""Τεκμηρίωση σφαλμάτων κώδικα"", ""Τεκμηρίωση αναγκών stakeholders"", ""Τεκμηρίωση αιτημάτων αλλαγής"", ""Βελτίωση χρονοδιαγραμμάτων έργου"", ""Βελτίωση προτύπων εγγράφων"", ""Βελτίωση σφαλμάτων κώδικα"", ""Βελτίωση αναγκών stakeholders"", ""Βελτίωση αιτημάτων αλλαγής"", ""Συντονισμός χρονοδιαγραμμάτων έργου"", ""Συντονισμός προτύπων εγγράφων"", ""Συντονισμός σφαλμάτων κώδικα"", ""Συντονισμός αναγκών stakeholders"", ""Συντονισμός αιτημάτων αλλαγής"", ""Έλεγχος χρονοδιαγραμμάτων έργου"", ""Έλεγχος προτύπων εγγράφων"", ""Έλεγχος σφαλμάτων κώδικα"", ""Έλεγχος αναγκών stakeholders"", ""Έλεγχος αιτημάτων αλλαγής"", ""Προτεραιοποίηση χρονοδιαγραμμάτων έργου"", ""Προτεραιοποίηση προτύπων εγγράφων"", ""Προτεραιοποίηση σφαλμάτων κώδικα"", ""Προτεραιοποίηση αναγκών stakeholders"", ""Προτεραιοποίηση αιτημάτων αλλαγής""]","[""Επαγγελματική Επικοινωνία"", ""Προσωπική Διαχείριση"", ""Διοικητική Υποστήριξη"", ""Ομαδική Συνεργασία"", ""Διαχείριση Δεδομένων και Πληροφορίας"", ""Ποιότητα και Συμμόρφωση"", ""Τεχνικές και Ψηφιακές Δεξιότητες""]",53
1906683,Front-End Software Developer,"[""Σαφής και συνοπτική επικοινωνία"", ""Διαχείριση χρόνου"", ""Διαχείριση προσοχής και συγκέντρωσης"", ""Ανάλυση επαγγελματικής αλληλογραφίας"", ""Ανάλυση ερωτημάτων υποστήριξης"", ""Ανάλυση δεδομένων αγοράς"", ""Ανάλυση γραφημάτων δεδομένων"", ""Ανάλυση ελέγχων συμμόρφωσης"", ""Οργάνωση επαγγελματικής αλληλογραφίας"", ""Οργάνωση ερωτημάτων υποστήριξης"", ""Οργάνωση δεδομένων αγοράς"", ""Οργάνωση γραφημάτων δεδομένων"", ""Οργάνωση ελέγχων συμμόρφωσης"", ""Διαχείριση επαγγελματικής αλληλογραφίας"", ""Διαχείριση ερωτημάτων υποστήριξης"", ""Διαχείριση δεδομένων αγοράς"", ""Διαχείριση γραφημάτων δεδομένων"", ""Διαχείριση ελέγχων συμμόρφωσης"", ""Παρακολούθηση επαγγελματικής αλληλογραφίας"", ""Παρακολούθηση ερωτημάτων υποστήριξης"", ""Παρακολούθηση δεδομένων αγοράς"", ""Παρακολούθηση γραφημάτων δεδομένων"", ""Παρακολούθηση ελέγχων συμμόρφωσης"", ""Αξιολόγηση επαγγελματικής αλληλογραφίας"", ""Αξιολόγηση ερωτημάτων υποστήριξης"", ""Αξιολόγηση δεδομένων αγοράς"", ""Αξιολόγηση γραφημάτων δεδομένων"", ""Αξιολόγηση ελέγχων συμμόρφωσης"", ""Τεκμηρίωση επαγγελματικής αλληλογραφίας"", ""Τεκμηρίωση ερωτημάτων υποστήριξης"", ""Τεκμηρίωση δεδομένων αγοράς"", ""Τεκμηρίωση γραφημάτων δεδομένων"", ""Τεκμηρίωση ελέγχων συμμόρφωσης"", ""Βελτίωση επαγγελματικής αλληλογραφίας"", ""Βελτίωση ερωτημάτων υποστήριξης"", ""Βελτίωση δεδομένων αγοράς"", ""Βελτίωση γραφημάτων δεδομένων"", ""Βελτίωση ελέγχων συμμόρφωσης"", ""Συντονισμός επαγγελματικής αλληλογραφίας"", ""Συντονισμός ερωτημάτων υποστήριξης"", ""Συντονισμός δεδομένων αγοράς"", ""Συντονισμός γραφημάτων δεδομένων"", ""Συντονισμός ελέγχων συμμόρφωσης"", ""Έλεγχος επαγγελματικής αλληλογραφίας"", ""Έλεγχος ερωτημάτων υποστήριξης"", ""Έλεγχος δεδομένων αγοράς"", ""Έλεγχος γραφημάτων δεδομένων"", ""Έλεγχος ελέγχων συμμόρφωσης"", ""Προτεραιοποίηση επαγγελματικής αλληλογραφίας"", ""Προτεραιοποίηση ερωτημάτων υποστήριξης"", ""Προτεραιοποίηση δεδομένων αγοράς"", ""Προτεραιοποίηση γραφημάτων δεδομένων"", ""Προτεραιοποίηση ελέγχων συμμόρφωσης""]","[""Επαγγελματική Επικοινωνία"", ""Προσωπική Διαχείριση"", ""Ποιότητα και Συμμόρφωση"", ""Τεχνικές και Ψηφιακές Δεξιότητες"", ""Διοικητική Υποστήριξη"", ""Ομαδική Συνεργασία"", ""Διαχείριση Δεδομένων και Πληροφορίας""]",53
1907830,Full Stack Developer,"[""Σαφής και συνοπτική επικοινωνία""]","[""Επαγγελματική Επικοινωνία""]",1
1909326,Junior IoT Developer @ Thessaloniki,"[""Σύνταξη επαγγελματικών email"", ""Σαφής και συνοπτική επικοινωνία""]","[""Ψηφιακή Παραγωγικότητα και ΤΝ"", ""Επαγγελματική Επικοινωνία""]",2
2082549,WEB DEVELOPER,"[""Διαχείριση χρόνου""]","[""Προσωπική Διαχείριση""]",1
2773837,Full Stack Developer,"[""Σαφής και συνοπτική επικοινωνία""]","[""Επαγγελματική Επικοινωνία""]",1
2774497,WEB DEVELOPER,"[""Διαχείριση χρόνου""]","[""Προσωπική Διαχείριση""]",1
2783345,Junior IoT Developer @ Thessaloniki,"[""Σύνταξη επαγγελματικών email"", ""Σαφής και συνοπτική επικοινωνία""]","[""Ψηφιακή Παραγωγικότητα και ΤΝ"", ""Επαγγελματική Επικοινωνία""]",2
1704,Junior Java / Web Developer,"[""Οργάνωση ψηφιακού χώρου εργασίας""]","[""Διαχείριση Δεδομένων και Πληροφορίας""]",1
4086,IT Consultant (Cobol Developer),"[""Σαφής και συνοπτική επικοινωνία"", ""Διαχείριση προσοχής και συγκέντρωσης"", ""Επιβεβαίωση οδηγιών και απαιτήσεων""]","[""Επαγγελματική Επικοινωνία"", ""Προσωπική Διαχείριση""]",3
43138,"Sr. Associate, Software Engineer","[""Διαχείριση προσοχής και συγκέντρωσης""]","[""Προσωπική Διαχείριση""]",1
43914,"Manager, Platform Software Engineer","[""Σαφής και συνοπτική επικοινωνία"", ""Ενεργητική ακρόαση"", ""Αυτοματοποίηση επαναλαμβανόμενων εργασιών"", ""Οργάνωση ψηφιακού χώρου εργασίας"", ""Διαχείριση προσοχής και συγκέντρωσης""]","[""Επαγγελματική Επικοινωνία"", ""Ψηφιακή Παραγωγικότητα και ΤΝ"", ""Διαχείριση Δεδομένων και Πληροφορίας"", ""Προσωπική Διαχείριση""]",5
53621,Full Stack Java Developer,"[""Σαφής και συνοπτική επικοινωνία"", ""Ενεργητική ακρόαση"", ""Επιβεβαίωση οδηγιών και απαιτήσεων""]","[""Επαγγελματική Επικοινωνία""]",3
54008,"Sr. Manager, Customer Journey & Automation Engineering","[""Σαφής και συνοπτική επικοινωνία"", ""Αυτοματοποίηση επαναλαμβανόμενων εργασιών"", ""Οργάνωση ψηφιακού χώρου εργασίας"", ""Διαχείριση χρόνου"", ""Διαχείριση προσοχής και συγκέντρωσης"", ""Επιβεβαίωση οδηγιών και απαιτήσεων""]","[""Επαγγελματική Επικοινωνία"", ""Ψηφιακή Παραγωγικότητα και ΤΝ"", ""Διαχείριση Δεδομένων και Πληροφορίας"", ""Προσωπική Διαχείριση""]",6
61711,SQL Developer (Mid-Senior),"[""Σαφής και συνοπτική επικοινωνία"", ""Ενεργητική ακρόαση"", ""Διαχείριση προσοχής και συγκέντρωσης""]","[""Επαγγελματική Επικοινωνία"", ""Προσωπική Διαχείριση""]",3
61716,SQL Developer (Mid-Senior),"[""Σαφής και συνοπτική επικοινωνία"", ""Ενεργητική ακρόαση"", ""Διαχείριση προσοχής και συγκέντρωσης""]","[""Επαγγελματική Επικοινωνία"", ""Προσωπική Διαχείριση""]",3
61717,SQL Developer (Mid-Senior),"[""Σαφής και συνοπτική επικοινωνία"", ""Ενεργητική ακρόαση"", ""Διαχείριση προσοχής και συγκέντρωσης""]","[""Επαγγελματική Επικοινωνία"", ""Προσωπική Διαχείριση""]",3
61833,Front-End Developer,"[""Σαφής και συνοπτική επικοινωνία""]","[""Επαγγελματική Επικοινωνία""]",1
61948,PL/SQL Developer,"[""Σαφής και συνοπτική επικοινωνία"", ""Ενεργητική ακρόαση"", ""Διαχείριση προσοχής και συγκέντρωσης""]","[""Επαγγελματική Επικοινωνία"", ""Προσωπική Διαχείριση""]",3
61950,PL/SQL Developer,"[""Σαφής και συνοπτική επικοινωνία"", ""Ενεργητική ακρόαση"", ""Διαχείριση προσοχής και συγκέντρωσης""]","[""Επαγγελματική Επικοινωνία"", ""Προσωπική Διαχείριση""]",3
76046,IT Consultant (Cobol Developer),"[""Σαφής και συνοπτική επικοινωνία"", ""Διαχείριση προσοχής και συγκέντρωσης"", ""Επιβεβαίωση οδηγιών και απαιτήσεων""]","[""Επαγγελματική Επικοινωνία"", ""Προσωπική Διαχείριση""]",3
80897,FULL STACK SOFTWARE DEVELOPER,[],[],0
81153,PHP Developer,"[""Διαχείριση χρόνου""]","[""Προσωπική Διαχείριση""]",1
92964,Full-Stack Software Developer - Remote - NYC Fintech,[],[],0
100772,Associate .Net C# Software Engineer,[],[],0
100778,.Net Full Stack Developer,"[""Οργάνωση ψηφιακού χώρου εργασίας""]","[""Διαχείριση Δεδομένων και Πληροφορίας""]",1
100779,.Net Full Stack Developer,"[""Οργάνωση ψηφιακού χώρου εργασίας""]","[""Διαχείριση Δεδομένων και Πληροφορίας""]",1
101005,Senior Full Stack Developer (PHP & JavaScript),"[""Διαχείριση προσοχής και συγκέντρωσης""]","[""Προσωπική Διαχείριση""]",1
101133,Software Developer & Engineering Experienced Consultant,"[""Σύνταξη επαγγελματικών email"", ""Σαφής και συνοπτική επικοινωνία"", ""Οργάνωση ψηφιακού χώρου εργασίας"", ""Διαχείριση χρόνου""]","[""Ψηφιακή Παραγωγικότητα και ΤΝ"", ""Επαγγελματική Επικοινωνία"", ""Διαχείριση Δεδομένων και Πληροφορίας"", ""Προσωπική Διαχείριση""]",4
1695266,Junior .Net Developer,"[""Οργάνωση ψηφιακού χώρου εργασίας"", ""Επιβεβαίωση οδηγιών και απαιτήσεων""]","[""Διαχείριση Δεδομένων και Πληροφορίας"", ""Επαγγελματική Επικοινωνία""]",2
1695278,"Associate, Developer Enablement","[""Σύνταξη επαγγελματικών email"", ""Σαφής και συνοπτική επικοινωνία"", ""Οργάνωση ψηφιακού χώρου εργασίας"", ""Διαχείριση χρόνου"", ""Διαχείριση προσοχής και συγκέντρωσης""]","[""Ψηφιακή Παραγωγικότητα και ΤΝ"", ""Επαγγελματική Επικοινωνία"", ""Διαχείριση Δεδομένων και Πληροφορίας"", ""Προσωπική Διαχείριση""]",5
1726337,PHP Developer,"[""Διαχείριση χρόνου""]","[""Προσωπική Διαχείριση""]",1
1726398,Software Developer,"[""Διαχείριση χρόνου"", ""Διαχείριση προσοχής και συγκέντρωσης""]","[""Προσωπική Διαχείριση""]",2
1741385,.Net Full Stack Developer,"[""Οργάνωση ψηφιακού χώρου εργασίας""]","[""Διαχείριση Δεδομένων και Πληροφορίας""]",1
1741386,Associate .Net C# Software Engineer,[],[],0
1741810,Junior Java Web Developer / Tester (Remote/Thessaloniki),"[""Οργάνωση ψηφιακού χώρου εργασίας""]","[""Διαχείριση Δεδομένων και Πληροφορίας""]",1
1742790,Senior Full Stack Developer (PHP & JavaScript),"[""Διαχείριση προσοχής και συγκέντρωσης""]","[""Προσωπική Διαχείριση""]",1
1783610,Junior .Net Developer,"[""Οργάνωση ψηφιακού χώρου εργασίας"", ""Επιβεβαίωση οδηγιών και απαιτήσεων""]","[""Διαχείριση Δεδομένων και Πληροφορίας"", ""Επαγγελματική Επικοινωνία""]",2
1826559,Senior .Net C# Software Engineer,"[""Ανάλυση δεδομένων σε υπολογιστικά φύλλα"", ""Ανάλυση κινδύνων έργου"", ""Ανάλυση tickets υποστήριξης"", ""Ανάλυση επαγγελματικών συνομιλιών"", ""Ανάλυση αποτελεσμάτων έρευνας"", ""Οργάνωση δεδομένων σε υπολογιστικά φύλλα"", ""Οργάνωση κινδύνων έργου"", ""Οργάνωση tickets υποστήριξης"", ""Οργάνωση επαγγελματικών συνομιλιών"", ""Οργάνωση αποτελεσμάτων έρευνας"", ""Διαχείριση δεδομένων σε υπολογιστικά φύλλα"", ""Διαχείριση κινδύνων έργου"", ""Διαχείριση tickets υποστήριξης"", ""Διαχείριση επαγγελματικών συνομιλιών"", ""Διαχείριση αποτελεσμάτων έρευνας"", ""Παρακολούθηση δεδομένων σε υπολογιστικά φύλλα"", ""Παρακολούθηση κινδύνων έργου"", ""Παρακολούθηση tickets υποστήριξης"", ""Παρακολούθηση επαγγελματικών συνομιλιών"", ""Παρακολούθηση αποτελεσμάτων έρευνας"", ""Αξιολόγηση δεδομένων σε υπολογιστικά φύλλα"", ""Αξιολόγηση κινδύνων έργου"", ""Αξιολόγηση tickets υποστήριξης"", ""Αξιολόγηση επαγγελματικών συνομιλιών"", ""Αξιολόγηση αποτελεσμάτων έρευνας"", ""Τεκμηρίωση δεδομένων σε υπολογιστικά φύλλα"", ""Τεκμηρίωση κινδύνων έργου"", ""Τεκμηρίωση tickets υποστήριξης"", ""Τεκμηρίωση επαγγελματικών συνομιλιών"", ""Τεκμηρίωση αποτελεσμάτων έρευνας"", ""Βελτίωση δεδομένων σε υπολογιστικά φύλλα"", ""Βελτίωση κινδύνων έργου"", ""Βελτίωση tickets υποστήριξης"", ""Βελτίωση επαγγελματικών συνομιλιών"", ""Βελτίωση αποτελεσμάτων έρευνας"", ""Συντονισμός δεδομένων σε υπολογιστικά φύλλα"", ""Συντονισμός κινδύνων έργου"", ""Συντονισμός tickets υποστήριξης"", ""Συντονισμός επαγγελματικών συνομιλιών"", ""Συντονισμός αποτελεσμάτων έρευνας"", ""Έλεγχος δεδομένων σε υπολογιστικά φύλλα"", ""Έλεγχος κινδύνων έργου"", ""Έλεγχος tickets υποστήριξης"", ""Έλεγχος επαγγελματικών συνομιλιών"", ""Έλεγχος αποτελεσμάτων έρευνας"", ""Προτεραιοποίηση δεδομένων σε υπολογιστικά φύλλα"", ""Προτεραιοποίηση κινδύνων έργου"", ""Προτεραιοποίηση tickets υποστήριξης"", ""Προτεραιοποίηση επαγγελματικών συνομιλιών"", ""Προτεραιοποίηση αποτελεσμάτων έρευνας""]","[""Προσωπική Διαχείριση"", ""Ψηφιακή Παραγωγικότητα και ΤΝ"", ""Μάθηση και Προσαρμοστικότητα"", ""Διαχείριση Έργων"", ""Ανάλυση και Επίλυση Προβλημάτων"", ""Εξυπηρέτηση Πελατών""]",50
1826560,.Net Full Stack Developer,"[""Οργάνωση ψηφιακού χώρου εργασίας""]","[""Διαχείριση Δεδομένων και Πληροφορίας""]",1
1827198,.NET Full-Stack Developer,"[""Αυτοματοποίηση επαναλαμβανόμενων εργασιών"", ""Διαχείριση προσοχής και συγκέντρωσης""]","[""Ψηφιακή Παραγωγικότητα και ΤΝ"", ""Προσωπική Διαχείριση""]",2
1844159,Angular Front-End Software Engineer,[],[],0
1844736,.Net C# Software Engineer,[],[],0
1845173,Mid-Level/Senior Full Stack Developer (Remote),"[""Αυτοματοποίηση επαναλαμβανόμενων εργασιών"", ""Διαχείριση προσοχής και συγκέντρωσης"", ""Ανάλυση τεχνικών ζητημάτων"", ""Ανάλυση προτεραιοτήτων εργασίας"", ""Ανάλυση ημερολογίων εργασίας"", ""Ανάλυση εσωτερικών ανακοινώσεων"", ""Ανάλυση σεναρίων δοκιμών"", ""Οργάνωση τεχνικών ζητημάτων"", ""Οργάνωση προτεραιοτήτων εργασίας"", ""Οργάνωση ημερολογίων εργασίας"", ""Οργάνωση εσωτερικών ανακοινώσεων"", ""Οργάνωση σεναρίων δοκιμών"", ""Διαχείριση τεχνικών ζητημάτων"", ""Διαχείριση προτεραιοτήτων εργασίας"", ""Διαχείριση ημερολογίων εργασίας"", ""Διαχείριση εσωτερικών ανακοινώσεων"", ""Διαχείριση σεναρίων δοκιμών"", ""Παρακολούθηση τεχνικών ζητημάτων"", ""Παρακολούθηση προτεραιοτήτων εργασίας"", ""Παρακολούθηση ημερολογίων εργασίας"", ""Παρακολούθηση εσωτερικών ανακοινώσεων"", ""Παρακολούθηση σεναρίων δοκιμών"", ""Αξιολόγηση τεχνικών ζητημάτων"", ""Αξιολόγηση προτεραιοτήτων εργασίας"", ""Αξιολόγηση ημερολογίων εργασίας"", ""Αξιολόγηση εσωτερικών ανακοινώσεων"", ""Αξιολόγηση σεναρίων δοκιμών"", ""Τεκμηρίωση τεχνικών ζητημάτων"", ""Τεκμηρίωση προτεραιοτήτων εργασίας"", ""Τεκμηρίωση ημερολογίων εργασίας"", ""Τεκμηρίωση εσωτερικών ανακοινώσεων"", ""Τεκμηρίωση σεναρίων δοκιμών"", ""Βελτίωση τεχνικών ζητημάτων"", ""Βελτίωση προτεραιοτήτων εργασίας"", ""Βελτίωση ημερολογίων εργασίας"", ""Βελτίωση εσωτερικών ανακοινώσεων"", ""Βελτίωση σεναρίων δοκιμών"", ""Συντονισμός τεχνικών ζητημάτων"", ""Συντονισμός προτεραιοτήτων εργασίας"", ""Συντονισμός ημερολογίων εργασίας"", ""Συντονισμός εσωτερικών ανακοινώσεων"", ""Συντονισμός σεναρίων δοκιμών"", ""Έλεγχος τεχνικών ζητημάτων"", ""Έλεγχος προτεραιοτήτων εργασίας"", ""Έλεγχος ημερολογίων εργασίας"", ""Έλεγχος εσωτερικών ανακοινώσεων"", ""Έλεγχος σεναρίων δοκιμών"", ""Προτεραιοποίηση τεχνικών ζητημάτων"", ""Προτεραιοποίηση προτεραιοτήτων εργασίας"", ""Προτεραιοποίηση ημερολογίων εργασίας"", ""Προτεραιοποίηση εσωτερικών ανακοινώσεων"", ""Προτεραιοποίηση σεναρίων δοκιμών""]","[""Ψηφιακή Παραγωγικότητα και ΤΝ"", ""Προσωπική Διαχείριση"", ""Διαχείριση Δεδομένων και Πληροφορίας"", ""Επαγγελματική Επικοινωνία"", ""Ποιότητα και Συμμόρφωση"", ""Τεχνικές και Ψηφιακές Δεξιότητες"", ""Διοικητική Υποστήριξη"", ""Ομαδική Συνεργασία""]",52
1860685,.NET Full Stack Developer,[],[],0
1906257,Angular Front-End Software Engineer,[],[],0
1907909,Experienced Full Stack Developer,[],[],0
1909319,Senior .Net C# Software Engineer,"[""Ανάλυση δεδομένων σε υπολογιστικά φύλλα"", ""Ανάλυση κινδύνων έργου"", ""Ανάλυση tickets υποστήριξης"", ""Ανάλυση επαγγελματικών συνομιλιών"", ""Ανάλυση αποτελεσμάτων έρευνας"", ""Οργάνωση δεδομένων σε υπολογιστικά φύλλα"", ""Οργάνωση κινδύνων έργου"", ""Οργάνωση tickets υποστήριξης"", ""Οργάνωση επαγγελματικών συνομιλιών"", ""Οργάνωση αποτελεσμάτων έρευνας"", ""Διαχείριση δεδομένων σε υπολογιστικά φύλλα"", ""Διαχείριση κινδύνων έργου"", ""Διαχείριση tickets υποστήριξης"", ""Διαχείριση επαγγελματικών συνομιλιών"", ""Διαχείριση αποτελεσμάτων έρευνας"", ""Παρακολούθηση δεδομένων σε υπολογιστικά φύλλα"", ""Παρακολούθηση κινδύνων έργου"", ""Παρακολούθηση tickets υποστήριξης"", ""Παρακολούθηση επαγγελματικών συνομιλιών"", ""Παρακολούθηση αποτελεσμάτων έρευνας"", ""Αξιολόγηση δεδομένων σε υπολογιστικά φύλλα"", ""Αξιολόγηση κινδύνων έργου"", ""Αξιολόγηση tickets υποστήριξης"", ""Αξιολόγηση επαγγελματικών συνομιλιών"", ""Αξιολόγηση αποτελεσμάτων έρευνας"", ""Τεκμηρίωση δεδομένων σε υπολογιστικά φύλλα"", ""Τεκμηρίωση κινδύνων έργου"", ""Τεκμηρίωση tickets υποστήριξης"", ""Τεκμηρίωση επαγγελματικών συνομιλιών"", ""Τεκμηρίωση αποτελεσμάτων έρευνας"", ""Βελτίωση δεδομένων σε υπολογιστικά φύλλα"", ""Βελτίωση κινδύνων έργου"", ""Βελτίωση tickets υποστήριξης"", ""Βελτίωση επαγγελματικών συνομιλιών"", ""Βελτίωση αποτελεσμάτων έρευνας"", ""Συντονισμός δεδομένων σε υπολογιστικά φύλλα"", ""Συντονισμός κινδύνων έργου"", ""Συντονισμός tickets υποστήριξης"", ""Συντονισμός επαγγελματικών συνομιλιών"", ""Συντονισμός αποτελεσμάτων έρευνας"", ""Έλεγχος δεδομένων σε υπολογιστικά φύλλα"", ""Έλεγχος κινδύνων έργου"", ""Έλεγχος tickets υποστήριξης"", ""Έλεγχος επαγγελματικών συνομιλιών"", ""Έλεγχος αποτελεσμάτων έρευνας"", ""Προτεραιοποίηση δεδομένων σε υπολογιστικά φύλλα"", ""Προτεραιοποίηση κινδύνων έργου"", ""Προτεραιοποίηση tickets υποστήριξης"", ""Προτεραιοποίηση επαγγελματικών συνομιλιών"", ""Προτεραιοποίηση αποτελεσμάτων έρευνας""]","[""Προσωπική Διαχείριση"", ""Ψηφιακή Παραγωγικότητα και ΤΝ"", ""Μάθηση και Προσαρμοστικότητα"", ""Διαχείριση Έργων"", ""Ανάλυση και Επίλυση Προβλημάτων"", ""Εξυπηρέτηση Πελατών""]",50
1939749,Senior .Net C# Software Engineer,"[""Ανάλυση δεδομένων σε υπολογιστικά φύλλα"", ""Ανάλυση κινδύνων έργου"", ""Ανάλυση tickets υποστήριξης"", ""Ανάλυση επαγγελματικών συνομιλιών"", ""Ανάλυση αποτελεσμάτων έρευνας"", ""Οργάνωση δεδομένων σε υπολογιστικά φύλλα"", ""Οργάνωση κινδύνων έργου"", ""Οργάνωση tickets υποστήριξης"", ""Οργάνωση επαγγελματικών συνομιλιών"", ""Οργάνωση αποτελεσμάτων έρευνας"", ""Διαχείριση δεδομένων σε υπολογιστικά φύλλα"", ""Διαχείριση κινδύνων έργου"", ""Διαχείριση tickets υποστήριξης"", ""Διαχείριση επαγγελματικών συνομιλιών"", ""Διαχείριση αποτελεσμάτων έρευνας"", ""Παρακολούθηση δεδομένων σε υπολογιστικά φύλλα"", ""Παρακολούθηση κινδύνων έργου"", ""Παρακολούθηση tickets υποστήριξης"", ""Παρακολούθηση επαγγελματικών συνομιλιών"", ""Παρακολούθηση αποτελεσμάτων έρευνας"", ""Αξιολόγηση δεδομένων σε υπολογιστικά φύλλα"", ""Αξιολόγηση κινδύνων έργου"", ""Αξιολόγηση tickets υποστήριξης"", ""Αξιολόγηση επαγγελματικών συνομιλιών"", ""Αξιολόγηση αποτελεσμάτων έρευνας"", ""Τεκμηρίωση δεδομένων σε υπολογιστικά φύλλα"", ""Τεκμηρίωση κινδύνων έργου"", ""Τεκμηρίωση tickets υποστήριξης"", ""Τεκμηρίωση επαγγελματικών συνομιλιών"", ""Τεκμηρίωση αποτελεσμάτων έρευνας"", ""Βελτίωση δεδομένων σε υπολογιστικά φύλλα"", ""Βελτίωση κινδύνων έργου"", ""Βελτίωση tickets υποστήριξης"", ""Βελτίωση επαγγελματικών συνομιλιών"", ""Βελτίωση αποτελεσμάτων έρευνας"", ""Συντονισμός δεδομένων σε υπολογιστικά φύλλα"", ""Συντονισμός κινδύνων έργου"", ""Συντονισμός tickets υποστήριξης"", ""Συντονισμός επαγγελματικών συνομιλιών"", ""Συντονισμός αποτελεσμάτων έρευνας"", ""Έλεγχος δεδομένων σε υπολογιστικά φύλλα"", ""Έλεγχος κινδύνων έργου"", ""Έλεγχος tickets υποστήριξης"", ""Έλεγχος επαγγελματικών συνομιλιών"", ""Έλεγχος αποτελεσμάτων έρευνας"", ""Προτεραιοποίηση δεδομένων σε υπολογιστικά φύλλα"", ""Προτεραιοποίηση κινδύνων έργου"", ""Προτεραιοποίηση tickets υποστήριξης"", ""Προτεραιοποίηση επαγγελματικών συνομιλιών"", ""Προτεραιοποίηση αποτελεσμάτων έρευνας""]","[""Προσωπική Διαχείριση"", ""Ψηφιακή Παραγωγικότητα και ΤΝ"", ""Μάθηση και Προσαρμοστικότητα"", ""Διαχείριση Έργων"", ""Ανάλυση και Επίλυση Προβλημάτων"", ""Εξυπηρέτηση Πελατών""]",50
1952359,Software Developer Mik3 to,"[""Σαφής και συνοπτική επικοινωνία""]","[""Επαγγελματική Επικοινωνία""]",1
2081545,Senior .Net C# Software Engineer,"[""Ανάλυση δεδομένων σε υπολογιστικά φύλλα"", ""Ανάλυση κινδύνων έργου"", ""Ανάλυση tickets υποστήριξης"", ""Ανάλυση επαγγελματικών συνομιλιών"", ""Ανάλυση αποτελεσμάτων έρευνας"", ""Οργάνωση δεδομένων σε υπολογιστικά φύλλα"", ""Οργάνωση κινδύνων έργου"", ""Οργάνωση tickets υποστήριξης"", ""Οργάνωση επαγγελματικών συνομιλιών"", ""Οργάνωση αποτελεσμάτων έρευνας"", ""Διαχείριση δεδομένων σε υπολογιστικά φύλλα"", ""Διαχείριση κινδύνων έργου"", ""Διαχείριση tickets υποστήριξης"", ""Διαχείριση επαγγελματικών συνομιλιών"", ""Διαχείριση αποτελεσμάτων έρευνας"", ""Παρακολούθηση δεδομένων σε υπολογιστικά φύλλα"", ""Παρακολούθηση κινδύνων έργου"", ""Παρακολούθηση tickets υποστήριξης"", ""Παρακολούθηση επαγγελματικών συνομιλιών"", ""Παρακολούθηση αποτελεσμάτων έρευνας"", ""Αξιολόγηση δεδομένων σε υπολογιστικά φύλλα"", ""Αξιολόγηση κινδύνων έργου"", ""Αξιολόγηση tickets υποστήριξης"", ""Αξιολόγηση επαγγελματικών συνομιλιών"", ""Αξιολόγηση αποτελεσμάτων έρευνας"", ""Τεκμηρίωση δεδομένων σε υπολογιστικά φύλλα"", ""Τεκμηρίωση κινδύνων έργου"", ""Τεκμηρίωση tickets υποστήριξης"", ""Τεκμηρίωση επαγγελματικών συνομιλιών"", ""Τεκμηρίωση αποτελεσμάτων έρευνας"", ""Βελτίωση δεδομένων σε υπολογιστικά φύλλα"", ""Βελτίωση κινδύνων έργου"", ""Βελτίωση tickets υποστήριξης"", ""Βελτίωση επαγγελματικών συνομιλιών"", ""Βελτίωση αποτελεσμάτων έρευνας"", ""Συντονισμός δεδομένων σε υπολογιστικά φύλλα"", ""Συντονισμός κινδύνων έργου"", ""Συντονισμός tickets υποστήριξης"", ""Συντονισμός επαγγελματικών συνομιλιών"", ""Συντονισμός αποτελεσμάτων έρευνας"", ""Έλεγχος δεδομένων σε υπολογιστικά φύλλα"", ""Έλεγχος κινδύνων έργου"", ""Έλεγχος tickets υποστήριξης"", ""Έλεγχος επαγγελματικών συνομιλιών"", ""Έλεγχος αποτελεσμάτων έρευνας"", ""Προτεραιοποίηση δεδομένων σε υπολογιστικά φύλλα"", ""Προτεραιοποίηση κινδύνων έργου"", ""Προτεραιοποίηση tickets υποστήριξης"", ""Προτεραιοποίηση επαγγελματικών συνομιλιών"", ""Προτεραιοποίηση αποτελεσμάτων έρευνας""]","[""Προσωπική Διαχείριση"", ""Ψηφιακή Παραγωγικότητα και ΤΝ"", ""Μάθηση και Προσαρμοστικότητα"", ""Διαχείριση Έργων"", ""Ανάλυση και Επίλυση Προβλημάτων"", ""Εξυπηρέτηση Πελατών""]",50
2779654,Java Full-Stack Web Developer,[],[],0
2780972,Full Stack Developer (PHP),"[""Διαχείριση χρόνου""]","[""Προσωπική Διαχείριση""]",1
87,HR Generalist (Payroll & Recruitment),"[""Διαχείριση χρόνου""]","[""Προσωπική Διαχείριση""]",1
88,HR Generalist,"[""Σαφής και συνοπτική επικοινωνία"", ""Διαχείριση χρόνου""]","[""Επαγγελματική Επικοινωνία"", ""Προσωπική Διαχείριση""]",2
333,Administration Secretariat,"[""Σύνταξη επαγγελματικών email"", ""Διαχείριση χρόνου"", ""Ανάλυση χρονοδιαγραμμάτων έργου"", ""Ανάλυση προτύπων εγγράφων"", ""Ανάλυση σφαλμάτων κώδικα"", ""Ανάλυση αναγκών stakeholders"", ""Ανάλυση αιτημάτων αλλαγής"", ""Οργάνωση χρονοδιαγραμμάτων έργου"", ""Οργάνωση προτύπων εγγράφων"", ""Οργάνωση σφαλμάτων κώδικα"", ""Οργάνωση αναγκών stakeholders"", ""Οργάνωση αιτημάτων αλλαγής"", ""Διαχείριση χρονοδιαγραμμάτων έργου"", ""Διαχείριση προτύπων εγγράφων"", ""Διαχείριση σφαλμάτων κώδικα"", ""Διαχείριση αναγκών stakeholders"", ""Διαχείριση αιτημάτων αλλαγής"", ""Παρακολούθηση χρονοδιαγραμμάτων έργου"", ""Παρακολούθηση προτύπων εγγράφων"", ""Παρακολούθηση σφαλμάτων κώδικα"", ""Παρακολούθηση αναγκών stakeholders"", ""Παρακολούθηση αιτημάτων αλλαγής"", ""Αξιολόγηση χρονοδιαγραμμάτων έργου"", ""Αξιολόγηση προτύπων εγγράφων"", ""Αξιολόγηση σφαλμάτων κώδικα"", ""Αξιολόγηση αναγκών stakeholders"", ""Αξιολόγηση αιτημάτων αλλαγής"", ""Τεκμηρίωση χρονοδιαγραμμάτων έργου"", ""Τεκμηρίωση προτύπων εγγράφων"", ""Τεκμηρίωση σφαλμάτων κώδικα"", ""Τεκμηρίωση αναγκών stakeholders"", ""Τεκμηρίωση αιτημάτων αλλαγής"", ""Βελτίωση χρονοδιαγραμμάτων έργου"", ""Βελτίωση προτύπων εγγράφων"", ""Βελτίωση σφαλμάτων κώδικα"", ""Βελτίωση αναγκών stakeholders"", ""Βελτίωση αιτημάτων αλλαγής"", ""Συντονισμός χρονοδιαγραμμάτων έργου"", ""Συντονισμός προτύπων εγγράφων"", ""Συντονισμός σφαλμάτων κώδικα"", ""Συντονισμός αναγκών stakeholders"", ""Συντονισμός αιτημάτων αλλαγής"", ""Έλεγχος χρονοδιαγραμμάτων έργου"", ""Έλεγχος προτύπων εγγράφων"", ""Έλεγχος σφαλμάτων κώδικα"", ""Έλεγχος αναγκών stakeholders"", ""Έλεγχος αιτημάτων αλλαγής"", ""Προτεραιοποίηση χρονοδιαγραμμάτων έργου"", ""Προτεραιοποίηση προτύπων εγγράφων"", ""Προτεραιοποίηση σφαλμάτων κώδικα"", ""Προτεραιοποίηση αναγκών stakeholders"", ""Προτεραιοποίηση αιτημάτων αλλαγής""]","[""Ψηφιακή Παραγωγικότητα και ΤΝ"", ""Προσωπική Διαχείριση"", ""Διοικητική Υποστήριξη"", ""Ομαδική Συνεργασία"", ""Διαχείριση Δεδομένων και Πληροφορίας"", ""Επαγγελματική Επικοινωνία"", ""Ποιότητα και Συμμόρφωση"", ""Τεχνικές και Ψηφιακές Δεξιότητες""]",52
338,Plant Manager based in Crete,"[""Σαφής και συνοπτική επικοινωνία"", ""Διαχείριση χρόνου""]","[""Επαγγελματική Επικοινωνία"", ""Προσωπική Διαχείριση""]",2
353,Resourcing Consultant,"[""Σαφής και συνοπτική επικοινωνία"", ""Διαχείριση χρόνου""]","[""Επαγγελματική Επικοινωνία"", ""Προσωπική Διαχείριση""]",2
359,Resourcing Consultant,"[""Σαφής και συνοπτική επικοινωνία"", ""Διαχείριση χρόνου""]","[""Επαγγελματική Επικοινωνία"", ""Προσωπική Διαχείριση""]",2
377,Assistant Accountant,"[""Διαχείριση χρόνου""]","[""Προσωπική Διαχείριση""]",1
392,Internship in HR Department,"[""Διαχείριση προσοχής και συγκέντρωσης""]","[""Προσωπική Διαχείριση""]",1
411,General Manager - Karditsa,"[""Σαφής και συνοπτική επικοινωνία"", ""Διαχείριση χρόνου"", ""Ανάλυση δεδομένων σε υπολογιστικά φύλλα"", ""Ανάλυση κινδύνων έργου"", ""Ανάλυση tickets υποστήριξης"", ""Ανάλυση επαγγελματικών συνομιλιών"", ""Ανάλυση αποτελεσμάτων έρευνας"", ""Οργάνωση δεδομένων σε υπολογιστικά φύλλα"", ""Οργάνωση κινδύνων έργου"", ""Οργάνωση tickets υποστήριξης"", ""Οργάνωση επαγγελματικών συνομιλιών"", ""Οργάνωση αποτελεσμάτων έρευνας"", ""Διαχείριση δεδομένων σε υπολογιστικά φύλλα"", ""Διαχείριση κινδύνων έργου"", ""Διαχείριση tickets υποστήριξης"", ""Διαχείριση επαγγελματικών συνομιλιών"", ""Διαχείριση αποτελεσμάτων έρευνας"", ""Παρακολούθηση δεδομένων σε υπολογιστικά φύλλα"", ""Παρακολούθηση κινδύνων έργου"", ""Παρακολούθηση tickets υποστήριξης"", ""Παρακολούθηση επαγγελματικών συνομιλιών"", ""Παρακολούθηση αποτελεσμάτων έρευνας"", ""Αξιολόγηση δεδομένων σε υπολογιστικά φύλλα"", ""Αξιολόγηση κινδύνων έργου"", ""Αξιολόγηση tickets υποστήριξης"", ""Αξιολόγηση επαγγελματικών συνομιλιών"", ""Αξιολόγηση αποτελεσμάτων έρευνας"", ""Τεκμηρίωση δεδομένων σε υπολογιστικά φύλλα"", ""Τεκμηρίωση κινδύνων έργου"", ""Τεκμηρίωση tickets υποστήριξης"", ""Τεκμηρίωση επαγγελματικών συνομιλιών"", ""Τεκμηρίωση αποτελεσμάτων έρευνας"", ""Βελτίωση δεδομένων σε υπολογιστικά φύλλα"", ""Βελτίωση κινδύνων έργου"", ""Βελτίωση tickets υποστήριξης"", ""Βελτίωση επαγγελματικών συνομιλιών"", ""Βελτίωση αποτελεσμάτων έρευνας"", ""Συντονισμός δεδομένων σε υπολογιστικά φύλλα"", ""Συντονισμός κινδύνων έργου"", ""Συντονισμός tickets υποστήριξης"", ""Συντονισμός επαγγελματικών συνομιλιών"", ""Συντονισμός αποτελεσμάτων έρευνας"", ""Έλεγχος δεδομένων σε υπολογιστικά φύλλα"", ""Έλεγχος κινδύνων έργου"", ""Έλεγχος tickets υποστήριξης"", ""Έλεγχος επαγγελματικών συνομιλιών"", ""Έλεγχος αποτελεσμάτων έρευνας"", ""Προτεραιοποίηση δεδομένων σε υπολογιστικά φύλλα"", ""Προτεραιοποίηση κινδύνων έργου"", ""Προτεραιοποίηση tickets υποστήριξης"", ""Προτεραιοποίηση επαγγελματικών συνομιλιών"", ""Προτεραιοποίηση αποτελεσμάτων έρευνας""]","[""Επαγγελματική Επικοινωνία"", ""Προσωπική Διαχείριση"", ""Ψηφιακή Παραγωγικότητα και ΤΝ"", ""Μάθηση και Προσαρμοστικότητα"", ""Διαχείριση Έργων"", ""Ανάλυση και Επίλυση Προβλημάτων"", ""Εξυπηρέτηση Πελατών""]",52
537,HR& Payroll Officer,"[""Σαφής και συνοπτική επικοινωνία"", ""Οργάνωση ψηφιακού χώρου εργασίας"", ""Διαχείριση χρόνου"", ""Διαχείριση προσοχής και συγκέντρωσης""]","[""Επαγγελματική Επικοινωνία"", ""Διαχείριση Δεδομένων και Πληροφορίας"", ""Προσωπική Διαχείριση""]",4
623,Rewards & Organizational Effectiveness Expert,[],[],0
633,HR Generalist,"[""Σαφής και συνοπτική επικοινωνία"", ""Διαχείριση χρόνου"", ""Διαχείριση προσοχής και συγκέντρωσης""]","[""Επαγγελματική Επικοινωνία"", ""Προσωπική Διαχείριση""]",3
676,Senior Talent Acquisition Associate,"[""Διαχείριση χρόνου"", ""Διαχείριση προσοχής και συγκέντρωσης""]","[""Προσωπική Διαχείριση""]",2
720,Sales Supervisor Organized/Non-organized Trade,"[""Σαφής και συνοπτική επικοινωνία"", ""Αποτελεσματική αναζήτηση στο διαδίκτυο"", ""Διαχείριση χρόνου"", ""Διαχείριση προσοχής και συγκέντρωσης""]","[""Επαγγελματική Επικοινωνία"", ""Διαχείριση Δεδομένων και Πληροφορίας"", ""Προσωπική Διαχείριση""]",4
745,Human Resources Generalist,[],[],0
794,Hr  Generalist,"[""Σαφής και συνοπτική επικοινωνία"", ""Διαχείριση χρόνου"", ""Διαχείριση προσοχής και συγκέντρωσης""]","[""Επαγγελματική Επικοινωνία"", ""Προσωπική Διαχείριση""]",3
805,Hotel Human Resources Manager - Oia Santorini,"[""Σαφής και συνοπτική επικοινωνία"", ""Διαχείριση χρόνου""]","[""Επαγγελματική Επικοινωνία"", ""Προσωπική Διαχείριση""]",2
877,Customer Service Agent,"[""Σύνταξη επαγγελματικών email"", ""Σαφής και συνοπτική επικοινωνία""]","[""Ψηφιακή Παραγωγικότητα και ΤΝ"", ""Επαγγελματική Επικοινωνία""]",2
886,Account Executive VoIP Telephony,"[""Σαφής και συνοπτική επικοινωνία"", ""Ενεργητική ακρόαση""]","[""Επαγγελματική Επικοινωνία""]",2
902,HR Systems Specialist,"[""Διαχείριση χρόνου""]","[""Προσωπική Διαχείριση""]",1
950,Graphic Design Manager,"[""Σύνταξη επαγγελματικών email"", ""Σαφής και συνοπτική επικοινωνία"", ""Διαχείριση χρόνου"", ""Διαχείριση προσοχής και συγκέντρωσης""]","[""Ψηφιακή Παραγωγικότητα και ΤΝ"", ""Επαγγελματική Επικοινωνία"", ""Προσωπική Διαχείριση""]",4
1014,Liquid Fuel Tanker Driver - Heraklion Crete,"[""Διαχείριση χρόνου""]","[""Προσωπική Διαχείριση""]",1
1139,"Full Stack Engineer (React.js, Java)","[""Σαφής και συνοπτική επικοινωνία"", ""Ενεργητική ακρόαση"", ""Επιβεβαίωση οδηγιών και απαιτήσεων""]","[""Επαγγελματική Επικοινωνία""]",3
1362,Content Manager (CMS),"[""Σαφής και συνοπτική επικοινωνία"", ""Αποτελεσματική χρήση GPT"", ""Αυτοματοποίηση επαναλαμβανόμενων εργασιών"", ""Διαχείριση χρόνου"", ""Διαχείριση προσοχής και συγκέντρωσης"", ""Επιβεβαίωση οδηγιών και απαιτήσεων""]","[""Επαγγελματική Επικοινωνία"", ""Ψηφιακή Παραγωγικότητα και ΤΝ"", ""Προσωπική Διαχείριση""]",6
1561,Software Engineer,[],[],0
1906,Senior Application Security Engineer,"[""Αυτοματοποίηση επαναλαμβανόμενων εργασιών""]","[""Ψηφιακή Παραγωγικότητα και ΤΝ""]",1
2333,Software Engineers (S/W Engineers / SE-2),"[""Σύνταξη επαγγελματικών email""]","[""Ψηφιακή Παραγωγικότητα και ΤΝ""]",1
2512,PHP DEVELOPER,[],[],0
3375,Senior Full Stack Engineer,"[""Σαφής και συνοπτική επικοινωνία"", ""Επιβεβαίωση οδηγιών και απαιτήσεων""]","[""Επαγγελματική Επικοινωνία""]",2
4176,(Senior) Software Engineer,"[""Σαφής και συνοπτική επικοινωνία"", ""Αυτοματοποίηση επαναλαμβανόμενων εργασιών""]","[""Επαγγελματική Επικοινωνία"", ""Ψηφιακή Παραγωγικότητα και ΤΝ""]",2
4213,IT Business Software Executive,[],[],0
4279,.Net Developer,[],[],0
4346,Web Designer,"[""Σύνταξη επαγγελματικών email""]","[""Ψηφιακή Παραγωγικότητα και ΤΝ""]",1
4369,ERP Consultant,"[""Ενεργητική ακρόαση"", ""Διαχείριση προσοχής και συγκέντρωσης"", ""Επιβεβαίωση οδηγιών και απαιτήσεων""]","[""Επαγγελματική Επικοινωνία"", ""Προσωπική Διαχείριση""]",3
4373,Web Developer,[],[],0
4523,Junior Application Security Engineer,"[""Αυτοματοποίηση επαναλαμβανόμενων εργασιών"", ""Οργάνωση ψηφιακού χώρου εργασίας""]","[""Ψηφιακή Παραγωγικότητα και ΤΝ"", ""Διαχείριση Δεδομένων και Πληροφορίας""]",2
4810,Software Engineer in Test,"[""Αυτοματοποίηση επαναλαμβανόμενων εργασιών""]","[""Ψηφιακή Παραγωγικότητα και ΤΝ""]",1
4811,Software Engineer in Test,"[""Αυτοματοποίηση επαναλαμβανόμενων εργασιών""]","[""Ψηφιακή Παραγωγικότητα και ΤΝ""]",1
4812,Software Engineer in Test,"[""Αυτοματοποίηση επαναλαμβανόμενων εργασιών""]","[""Ψηφιακή Παραγωγικότητα και ΤΝ""]",1
41766,"Front-End UI Web Developers – Cyprus, Greece or Remote","[""Σύνταξη επαγγελματικών email"", ""Σαφής και συνοπτική επικοινωνία"", ""Αυτοματοποίηση επαναλαμβανόμενων εργασιών""]","[""Ψηφιακή Παραγωγικότητα και ΤΝ"", ""Επαγγελματική Επικοινωνία""]",3
45628,IT SYSTEM ADMINISTRATOR,"[""Σύνταξη επαγγελματικών email"", ""Σαφής και συνοπτική επικοινωνία""]","[""Ψηφιακή Παραγωγικότητα και ΤΝ"", ""Επαγγελματική Επικοινωνία""]",2
50740,Experienced software developer,[],[],0
50846,Web Developer,"[""Σαφής και συνοπτική επικοινωνία""]","[""Επαγγελματική Επικοινωνία""]",1
51798,SERVICE NOW IMPLEMENTATION SPECIALIST (Fixed Term Contract),"[""Σαφής και συνοπτική επικοινωνία"", ""Ενεργητική ακρόαση"", ""Αυτοματοποίηση επαναλαμβανόμενων εργασιών"", ""Οργάνωση ψηφιακού χώρου εργασίας"", ""Επιβεβαίωση οδηγιών και απαιτήσεων""]","[""Επαγγελματική Επικοινωνία"", ""Ψηφιακή Παραγωγικότητα και ΤΝ"", ""Διαχείριση Δεδομένων και Πληροφορίας""]",5
53791,React Developer,"[""Οργάνωση ψηφιακού χώρου εργασίας""]","[""Διαχείριση Δεδομένων και Πληροφορίας""]",1
53920,Web Developer,[],[],0
53922,ERP Consultant,"[""Ενεργητική ακρόαση"", ""Διαχείριση προσοχής και συγκέντρωσης"", ""Επιβεβαίωση οδηγιών και απαιτήσεων""]","[""Επαγγελματική Επικοινωνία"", ""Προσωπική Διαχείριση""]",3
59478,Consultant ServiceNow,"[""Σαφής και συνοπτική επικοινωνία"", ""Διαχείριση χρόνου""]","[""Επαγγελματική Επικοινωνία"", ""Προσωπική Διαχείριση""]",2
59840,Junior Software QA Engineer,"[""Σύνταξη επαγγελματικών email"", ""Σαφής και συνοπτική επικοινωνία"", ""Αυτοματοποίηση επαναλαμβανόμενων εργασιών"", ""Οργάνωση ψηφιακού χώρου εργασίας"", ""Διαχείριση προσοχής και συγκέντρωσης""]","[""Ψηφιακή Παραγωγικότητα και ΤΝ"", ""Επαγγελματική Επικοινωνία"", ""Διαχείριση Δεδομένων και Πληροφορίας"", ""Προσωπική Διαχείριση""]",5
61688,Software Engineer,[],[],0
61715,"Full Stack Engineer (React.js, Java)","[""Σαφής και συνοπτική επικοινωνία"", ""Ενεργητική ακρόαση"", ""Διαχείριση προσοχής και συγκέντρωσης"", ""Επιβεβαίωση οδηγιών και απαιτήσεων""]","[""Επαγγελματική Επικοινωνία"", ""Προσωπική Διαχείριση""]",4
61742,"Associate, Solutions Delivery","[""Σαφής και συνοπτική επικοινωνία"", ""Αυτοματοποίηση επαναλαμβανόμενων εργασιών"", ""Οργάνωση ψηφιακού χώρου εργασίας"", ""Επιβεβαίωση οδηγιών και απαιτήσεων""]","[""Επαγγελματική Επικοινωνία"", ""Ψηφιακή Παραγωγικότητα και ΤΝ"", ""Διαχείριση Δεδομένων και Πληροφορίας""]",4
61831,Experienced Quality Assurance Specialist,"[""Σαφής και συνοπτική επικοινωνία"", ""Διαχείριση χρόνου"", ""Διαχείριση προσοχής και συγκέντρωσης"", ""Ανάλυση επαγγελματικής αλληλογραφίας"", ""Ανάλυση ερωτημάτων υποστήριξης"", ""Ανάλυση δεδομένων αγοράς"", ""Ανάλυση γραφημάτων δεδομένων"", ""Ανάλυση ελέγχων συμμόρφωσης"", ""Οργάνωση επαγγελματικής αλληλογραφίας"", ""Οργάνωση ερωτημάτων υποστήριξης"", ""Οργάνωση δεδομένων αγοράς"", ""Οργάνωση γραφημάτων δεδομένων"", ""Οργάνωση ελέγχων συμμόρφωσης"", ""Διαχείριση επαγγελματικής αλληλογραφίας"", ""Διαχείριση ερωτημάτων υποστήριξης"", ""Διαχείριση δεδομένων αγοράς"", ""Διαχείριση γραφημάτων δεδομένων"", ""Διαχείριση ελέγχων συμμόρφωσης"", ""Παρακολούθηση επαγγελματικής αλληλογραφίας"", ""Παρακολούθηση ερωτημάτων υποστήριξης"", ""Παρακολούθηση δεδομένων αγοράς"", ""Παρακολούθηση γραφημάτων δεδομένων"", ""Παρακολούθηση ελέγχων συμμόρφωσης"", ""Αξιολόγηση επαγγελματικής αλληλογραφίας"", ""Αξιολόγηση ερωτημάτων υποστήριξης"", ""Αξιολόγηση δεδομένων αγοράς"", ""Αξιολόγηση γραφημάτων δεδομένων"", ""Αξιολόγηση ελέγχων συμμόρφωσης"", ""Τεκμηρίωση επαγγελματικής αλληλογραφίας"", ""Τεκμηρίωση ερωτημάτων υποστήριξης"", ""Τεκμηρίωση δεδομένων αγοράς"", ""Τεκμηρίωση γραφημάτων δεδομένων"", ""Τεκμηρίωση ελέγχων συμμόρφωσης"", ""Βελτίωση επαγγελματικής αλληλογραφίας"", ""Βελτίωση ερωτημάτων υποστήριξης"", ""Βελτίωση δεδομένων αγοράς"", ""Βελτίωση γραφημάτων δεδομένων"", ""Βελτίωση ελέγχων συμμόρφωσης"", ""Συντονισμός επαγγελματικής αλληλογραφίας"", ""Συντονισμός ερωτημάτων υποστήριξης"", ""Συντονισμός δεδομένων αγοράς"", ""Συντονισμός γραφημάτων δεδομένων"", ""Συντονισμός ελέγχων συμμόρφωσης"", ""Έλεγχος επαγγελματικής αλληλογραφίας"", ""Έλεγχος ερωτημάτων υποστήριξης"", ""Έλεγχος δεδομένων αγοράς"", ""Έλεγχος γραφημάτων δεδομένων"", ""Έλεγχος ελέγχων συμμόρφωσης"", ""Προτεραιοποίηση επαγγελματικής αλληλογραφίας"", ""Προτεραιοποίηση ερωτημάτων υποστήριξης"", ""Προτεραιοποίηση δεδομένων αγοράς"", ""Προτεραιοποίηση γραφημάτων δεδομένων"", ""Προτεραιοποίηση ελέγχων συμμόρφωσης""]","[""Επαγγελματική Επικοινωνία"", ""Προσωπική Διαχείριση"", ""Ποιότητα και Συμμόρφωση"", ""Τεχνικές και Ψηφιακές Δεξιότητες"", ""Διοικητική Υποστήριξη"", ""Ομαδική Συνεργασία"", ""Διαχείριση Δεδομένων και Πληροφορίας""]",53
64286,Call for Talents - Junior Software Engineer in Test,"[""Ενεργητική ακρόαση"", ""Αυτοματοποίηση επαναλαμβανόμενων εργασιών"", ""Διαχείριση προσοχής και συγκέντρωσης"", ""Επιβεβαίωση οδηγιών και απαιτήσεων""]","[""Επαγγελματική Επικοινωνία"", ""Ψηφιακή Παραγωγικότητα και ΤΝ"", ""Προσωπική Διαχείριση""]",4
65571,"Full Stack Engineer (React.js, Java)","[""Σαφής και συνοπτική επικοινωνία"", ""Ενεργητική ακρόαση"", ""Διαχείριση προσοχής και συγκέντρωσης"", ""Επιβεβαίωση οδηγιών και απαιτήσεων""]","[""Επαγγελματική Επικοινωνία"", ""Προσωπική Διαχείριση""]",4
65636,Computer Science or Science Graduate - Python Developer with AI knowledge,[],[],0
65657,Front End Developer,"[""Σαφής και συνοπτική επικοινωνία""]","[""Επαγγελματική Επικοινωνία""]",1
76045,Software Engineer in Test,"[""Αυτοματοποίηση επαναλαμβανόμενων εργασιών"", ""Διαχείριση προσοχής και συγκέντρωσης""]","[""Ψηφιακή Παραγωγικότητα και ΤΝ"", ""Προσωπική Διαχείριση""]",2
76052,Junior Application Security Engineer,"[""Αυτοματοποίηση επαναλαμβανόμενων εργασιών"", ""Οργάνωση ψηφιακού χώρου εργασίας"", ""Διαχείριση προσοχής και συγκέντρωσης""]","[""Ψηφιακή Παραγωγικότητα και ΤΝ"", ""Διαχείριση Δεδομένων και Πληροφορίας"", ""Προσωπική Διαχείριση""]",3
76056,Software Engineer in Test,"[""Αυτοματοποίηση επαναλαμβανόμενων εργασιών"", ""Διαχείριση προσοχής και συγκέντρωσης""]","[""Ψηφιακή Παραγωγικότητα και ΤΝ"", ""Προσωπική Διαχείριση""]",2
76057,Senior Software Engineer in Test,"[""Αυτοματοποίηση επαναλαμβανόμενων εργασιών"", ""Διαχείριση προσοχής και συγκέντρωσης""]","[""Ψηφιακή Παραγωγικότητα και ΤΝ"", ""Προσωπική Διαχείριση""]",2
76058,Software Engineer in Test,"[""Αυτοματοποίηση επαναλαμβανόμενων εργασιών"", ""Διαχείριση προσοχής και συγκέντρωσης""]","[""Ψηφιακή Παραγωγικότητα και ΤΝ"", ""Προσωπική Διαχείριση""]",2
270,Product Owner,"[""Σαφής και συνοπτική επικοινωνία"", ""Οργάνωση ψηφιακού χώρου εργασίας""]","[""Επαγγελματική Επικοινωνία"", ""Διαχείριση Δεδομένων και Πληροφορίας""]",2
370,E-Commerce Manager,"[""Σύνταξη επαγγελματικών email"", ""Σαφής και συνοπτική επικοινωνία""]","[""Ψηφιακή Παραγωγικότητα και ΤΝ"", ""Επαγγελματική Επικοινωνία""]",2
429,ERP Consultant,"[""Επιβεβαίωση οδηγιών και απαιτήσεων""]","[""Επαγγελματική Επικοινωνία""]",1
567,R&D Software Engineer (Quarkus/Spring Framework),"[""Σαφής και συνοπτική επικοινωνία"", ""Διαχείριση χρόνου"", ""Διαχείριση προσοχής και συγκέντρωσης""]","[""Επαγγελματική Επικοινωνία"", ""Προσωπική Διαχείριση""]",3
1873,Software Engineering Manager,"[""Σαφής και συνοπτική επικοινωνία"", ""Διαχείριση προσοχής και συγκέντρωσης""]","[""Επαγγελματική Επικοινωνία"", ""Προσωπική Διαχείριση""]",2
2600,"ENGINEERS (HEI/TEI), ELECTRICAL TECHNICIANS & IT GRADUATES","[""Αυτοματοποίηση επαναλαμβανόμενων εργασιών""]","[""Ψηφιακή Παραγωγικότητα και ΤΝ""]",1
2891,Senior QA Software Test Automation Engineer (Java),"[""Αυτοματοποίηση επαναλαμβανόμενων εργασιών"", ""Διαχείριση χρόνου"", ""Διαχείριση προσοχής και συγκέντρωσης"", ""Επιβεβαίωση οδηγιών και απαιτήσεων""]","[""Ψηφιακή Παραγωγικότητα και ΤΝ"", ""Προσωπική Διαχείριση"", ""Επαγγελματική Επικοινωνία""]",4
3372,Software Engineer (EU Digital Identity),"[""Σαφής και συνοπτική επικοινωνία"", ""Οργάνωση ψηφιακού χώρου εργασίας"", ""Διαχείριση χρόνου"", ""Διαχείριση προσοχής και συγκέντρωσης""]","[""Επαγγελματική Επικοινωνία"", ""Διαχείριση Δεδομένων και Πληροφορίας"", ""Προσωπική Διαχείριση""]",4
3373,Software Engineer (EU Digital Identity),"[""Σαφής και συνοπτική επικοινωνία"", ""Οργάνωση ψηφιακού χώρου εργασίας"", ""Διαχείριση χρόνου"", ""Διαχείριση προσοχής και συγκέντρωσης""]","[""Επαγγελματική Επικοινωνία"", ""Διαχείριση Δεδομένων και Πληροφορίας"", ""Προσωπική Διαχείριση""]",4
3374,Software Engineer (EU Digital Identity),"[""Σαφής και συνοπτική επικοινωνία"", ""Οργάνωση ψηφιακού χώρου εργασίας"", ""Διαχείριση χρόνου"", ""Διαχείριση προσοχής και συγκέντρωσης""]","[""Επαγγελματική Επικοινωνία"", ""Διαχείριση Δεδομένων και Πληροφορίας"", ""Προσωπική Διαχείριση""]",4
3378,ERP Developer & ERP Consultant | Commercial Application Support (SoftOne/ EpsilonNet),"[""Αυτοματοποίηση επαναλαμβανόμενων εργασιών"", ""Επιβεβαίωση οδηγιών και απαιτήσεων""]","[""Ψηφιακή Παραγωγικότητα και ΤΝ"", ""Επαγγελματική Επικοινωνία""]",2
4283,Senior Java Developer Athens,"[""Αυτοματοποίηση επαναλαμβανόμενων εργασιών"", ""Οργάνωση ψηφιακού χώρου εργασίας""]","[""Ψηφιακή Παραγωγικότητα και ΤΝ"", ""Διαχείριση Δεδομένων και Πληροφορίας""]",2
4284,Senior Java Developer Thessaloniki,"[""Αυτοματοποίηση επαναλαμβανόμενων εργασιών"", ""Οργάνωση ψηφιακού χώρου εργασίας""]","[""Ψηφιακή Παραγωγικότητα και ΤΝ"", ""Διαχείριση Δεδομένων και Πληροφορίας""]",2
4299,"ENGINEERS (HEI/TEI), ELECTRICAL TECHNICIANS & IT GRADUATES","[""Αυτοματοποίηση επαναλαμβανόμενων εργασιών""]","[""Ψηφιακή Παραγωγικότητα και ΤΝ""]",1
4569,Java Software Engineer,"[""Σαφής και συνοπτική επικοινωνία"", ""Οργάνωση ψηφιακού χώρου εργασίας""]","[""Επαγγελματική Επικοινωνία"", ""Διαχείριση Δεδομένων και Πληροφορίας""]",2
4570,Java Software Engineer,"[""Σαφής και συνοπτική επικοινωνία"", ""Οργάνωση ψηφιακού χώρου εργασίας""]","[""Επαγγελματική Επικοινωνία"", ""Διαχείριση Δεδομένων και Πληροφορίας""]",2
4571,Java Software Engineer,"[""Σαφής και συνοπτική επικοινωνία"", ""Οργάνωση ψηφιακού χώρου εργασίας""]","[""Επαγγελματική Επικοινωνία"", ""Διαχείριση Δεδομένων και Πληροφορίας""]",2
4572,Lead Java Software Engineer,"[""Σαφής και συνοπτική επικοινωνία"", ""Οργάνωση ψηφιακού χώρου εργασίας""]","[""Επαγγελματική Επικοινωνία"", ""Διαχείριση Δεδομένων και Πληροφορίας""]",2
4573,Lead Java Software Engineer,"[""Σαφής και συνοπτική επικοινωνία"", ""Οργάνωση ψηφιακού χώρου εργασίας""]","[""Επαγγελματική Επικοινωνία"", ""Διαχείριση Δεδομένων και Πληροφορίας""]",2
4574,Lead Java Software Engineer,"[""Σαφής και συνοπτική επικοινωνία"", ""Οργάνωση ψηφιακού χώρου εργασίας""]","[""Επαγγελματική Επικοινωνία"", ""Διαχείριση Δεδομένων και Πληροφορίας""]",2
4818,Middleware Engineer,[],[],0
4819,Middleware Engineer,[],[],0
4820,Middleware Engineer,[],[],0
4821,Test Automation Leader,"[""Αυτοματοποίηση επαναλαμβανόμενων εργασιών""]","[""Ψηφιακή Παραγωγικότητα και ΤΝ""]",1
4825,Test Automation Leader,"[""Αυτοματοποίηση επαναλαμβανόμενων εργασιών""]","[""Ψηφιακή Παραγωγικότητα και ΤΝ""]",1
41803,Junior Java Developer,[],[],0
43806,Mid Java Developer,[],[],0
50761,Machine Learning Specialist,"[""Σαφής και συνοπτική επικοινωνία"", ""Διαχείριση χρόνου"", ""Διαχείριση προσοχής και συγκέντρωσης""]","[""Επαγγελματική Επικοινωνία"", ""Προσωπική Διαχείριση""]",3
51662,"ENGINEERS (HEI/TEI), ELECTRICAL TECHNICIANS & IT GRADUATES","[""Αυτοματοποίηση επαναλαμβανόμενων εργασιών""]","[""Ψηφιακή Παραγωγικότητα και ΤΝ""]",1
53962,Java Developer,[],[],0
57144,Software Engineer with German (Java / GIS / Python),"[""Οργάνωση ψηφιακού χώρου εργασίας""]","[""Διαχείριση Δεδομένων και Πληροφορίας""]",1
57380,"Software Engineer, Java (Hybrid)","[""Σαφής και συνοπτική επικοινωνία"", ""Οργάνωση ψηφιακού χώρου εργασίας"", ""Διαχείριση χρόνου"", ""Διαχείριση προσοχής και συγκέντρωσης""]","[""Επαγγελματική Επικοινωνία"", ""Διαχείριση Δεδομένων και Πληροφορίας"", ""Προσωπική Διαχείριση""]",4
59488,ERP Developer & ERP Consultant | Commercial Application Support (SoftOne/ EpsilonNet),"[""Αυτοματοποίηση επαναλαμβανόμενων εργασιών"", ""Επιβεβαίωση οδηγιών και απαιτήσεων""]","[""Ψηφιακή Παραγωγικότητα και ΤΝ"", ""Επαγγελματική Επικοινωνία""]",2
59683,Senior Consultant,"[""Οργάνωση ψηφιακού χώρου εργασίας"", ""Τεκμηρίωση απαιτήσεων χρηστών""]","[""Διαχείριση Δεδομένων και Πληροφορίας"", ""Ομαδική Συνεργασία""]",2
61857,"ENGINEERS (HEI/TEI), ELECTRICAL TECHNICIANS & IT GRADUATES","[""Αυτοματοποίηση επαναλαμβανόμενων εργασιών""]","[""Ψηφιακή Παραγωγικότητα και ΤΝ""]",1
78,Real Estate Transactions Executive,"[""Σαφής και συνοπτική επικοινωνία""]","[""Επαγγελματική Επικοινωνία""]",1
120,Business Development Director - In Licensing and Corporate Alliances,"[""Σύνταξη επαγγελματικών email"", ""Σαφής και συνοπτική επικοινωνία""]","[""Ψηφιακή Παραγωγικότητα και ΤΝ"", ""Επαγγελματική Επικοινωνία""]",2
129,FOREIGN SELLER,"[""Σαφής και συνοπτική επικοινωνία"", ""Διαχείριση χρόνου""]","[""Επαγγελματική Επικοινωνία"", ""Προσωπική Διαχείριση""]",2
145,MECHANICAL MAINTENANCE TECHNICIAN,"[""Σαφής και συνοπτική επικοινωνία""]","[""Επαγγελματική Επικοινωνία""]",1
168,SHIFT TECHNICIAN,"[""Σαφής και συνοπτική επικοινωνία""]","[""Επαγγελματική Επικοινωνία""]",1
213,"Real Estate Sales Consultant - Start from scratch, conquer the market (Piraeus)",[],[],0
214,"Real Estate Sales Consultant - Start from scratch, conquer the market (Nice & Western Suburbs)",[],[],0
215,Real Estate Sales Agent - No Experience? No problem! We are the Academy of Professionals (Alimos & Southern Suburbs),[],[],0
216,Real Estate Agent - From beginner to professional. We are the road (Kifissia & Northern Suburbs),[],[],0
217,Real Estate Agent - Are you a beginner? Start at newdeal (Larissa),[],[],0
224,Communication & Events Associate,"[""Σαφής και συνοπτική επικοινωνία"", ""Διαχείριση χρόνου""]","[""Επαγγελματική Επικοινωνία"", ""Προσωπική Διαχείριση""]",2
236,FARM THE FUTURE WITH TIMAC AGRO,"[""Σαφής και συνοπτική επικοινωνία""]","[""Επαγγελματική Επικοινωνία""]",1
251,Pre-Sales & Bidding Specialist,"[""Σαφής και συνοπτική επικοινωνία"", ""Διαχείριση χρόνου"", ""Διαχείριση προσοχής και συγκέντρωσης""]","[""Επαγγελματική Επικοινωνία"", ""Προσωπική Διαχείριση""]",3
282,Business Development Associate,"[""Σύνταξη επαγγελματικών email"", ""Σαφής και συνοπτική επικοινωνία""]","[""Ψηφιακή Παραγωγικότητα και ΤΝ"", ""Επαγγελματική Επικοινωνία""]",2
301,NGO Representatives / Positions without Experience,"[""Σαφής και συνοπτική επικοινωνία""]","[""Επαγγελματική Επικοινωνία""]",1
305,Marketing & Communications Manager,[],[],0
374,Human Resource Development - Full time,[],[],0
393,Internship in Marketing & Communications,"[""Σύνταξη επαγγελματικών email"", ""Σαφής και συνοπτική επικοινωνία""]","[""Ψηφιακή Παραγωγικότητα και ΤΝ"", ""Επαγγελματική Επικοινωνία""]",2
427,Account Executive (Corporate Communication & PR),"[""Ανάλυση δεδομένων σε υπολογιστικά φύλλα"", ""Ανάλυση κινδύνων έργου"", ""Ανάλυση tickets υποστήριξης"", ""Ανάλυση επαγγελματικών συνομιλιών"", ""Ανάλυση αποτελεσμάτων έρευνας"", ""Οργάνωση δεδομένων σε υπολογιστικά φύλλα"", ""Οργάνωση κινδύνων έργου"", ""Οργάνωση tickets υποστήριξης"", ""Οργάνωση επαγγελματικών συνομιλιών"", ""Οργάνωση αποτελεσμάτων έρευνας"", ""Διαχείριση δεδομένων σε υπολογιστικά φύλλα"", ""Διαχείριση κινδύνων έργου"", ""Διαχείριση tickets υποστήριξης"", ""Διαχείριση επαγγελματικών συνομιλιών"", ""Διαχείριση αποτελεσμάτων έρευνας"", ""Παρακολούθηση δεδομένων σε υπολογιστικά φύλλα"", ""Παρακολούθηση κινδύνων έργου"", ""Παρακολούθηση tickets υποστήριξης"", ""Παρακολούθηση επαγγελματικών συνομιλιών"", ""Παρακολούθηση αποτελεσμάτων έρευνας"", ""Αξιολόγηση δεδομένων σε υπολογιστικά φύλλα"", ""Αξιολόγηση κινδύνων έργου"", ""Αξιολόγηση tickets υποστήριξης"", ""Αξιολόγηση επαγγελματικών συνομιλιών"", ""Αξιολόγηση αποτελεσμάτων έρευνας"", ""Τεκμηρίωση δεδομένων σε υπολογιστικά φύλλα"", ""Τεκμηρίωση κινδύνων έργου"", ""Τεκμηρίωση tickets υποστήριξης"", ""Τεκμηρίωση επαγγελματικών συνομιλιών"", ""Τεκμηρίωση αποτελεσμάτων έρευνας"", ""Βελτίωση δεδομένων σε υπολογιστικά φύλλα"", ""Βελτίωση κινδύνων έργου"", ""Βελτίωση tickets υποστήριξης"", ""Βελτίωση επαγγελματικών συνομιλιών"", ""Βελτίωση αποτελεσμάτων έρευνας"", ""Συντονισμός δεδομένων σε υπολογιστικά φύλλα"", ""Συντονισμός κινδύνων έργου"", ""Συντονισμός tickets υποστήριξης"", ""Συντονισμός επαγγελματικών συνομιλιών"", ""Συντονισμός αποτελεσμάτων έρευνας"", ""Έλεγχος δεδομένων σε υπολογιστικά φύλλα"", ""Έλεγχος κινδύνων έργου"", ""Έλεγχος tickets υποστήριξης"", ""Έλεγχος επαγγελματικών συνομιλιών"", ""Έλεγχος αποτελεσμάτων έρευνας"", ""Προτεραιοποίηση δεδομένων σε υπολογιστικά φύλλα"", ""Προτεραιοποίηση κινδύνων έργου"", ""Προτεραιοποίηση tickets υποστήριξης"", ""Προτεραιοποίηση επαγγελματικών συνομιλιών"", ""Προτεραιοποίηση αποτελεσμάτων έρευνας""]","[""Προσωπική Διαχείριση"", ""Ψηφιακή Παραγωγικότητα και ΤΝ"", ""Μάθηση και Προσαρμοστικότητα"", ""Διαχείριση Έργων"", ""Ανάλυση και Επίλυση Προβλημάτων"", ""Εξυπηρέτηση Πελατών""]",50
3,NOTARY OFFICE OFFICER,[],[],0
23,ACCOUNTING OFFICER,[],[],0
24,Shipping Sales Secretarial Support,"[""Διαχείριση χρόνου""]","[""Προσωπική Διαχείριση""]",1
44,OFFICE CLERK,[],[],0
48,Computerization Executive/ ERP,"[""Σύνταξη επαγγελματικών email"", ""Σαφής και συνοπτική επικοινωνία""]","[""Ψηφιακή Παραγωγικότητα και ΤΝ"", ""Επαγγελματική Επικοινωνία""]",2
51,Junior SAP  Professionals,"[""Διαχείριση προσοχής και συγκέντρωσης"", ""Επιβεβαίωση οδηγιών και απαιτήσεων""]","[""Προσωπική Διαχείριση"", ""Επαγγελματική Επικοινωνία""]",2
21,SALES SUPPORT- Orthopedics,[],[],0
31,"Housekeeping Manager - Omesberg, Lech, Austria","[""Διαχείριση χρόνου"", ""Διαχείριση προσοχής και συγκέντρωσης""]","[""Προσωπική Διαχείριση""]",2
60,RESTAURANT STAFF (Buffetman/Roaster/Cashier) - SMART PARK,[],[],0
61,RESTAURANT STAFF (Buffet/Cook/Cashier) - ILION,[],[],0
63,RESTAURANT STAFF (Buffetman/Roaster/Cashier) - P. FALIRO,[],[],0
64,RESTAURANT STAFF (Buffet/Roaster/Cashier) GLYFADA,[],[],0
68,RESTAURANT STAFF (Buffet/Cook/Cashier) KIFISOS,[],[],0
71,RESTAURANT STAFF (Buffet/Chef/Cashier) AREOPAGITOU (AKROPOLIS area),[],[],0
72,RESTAURANT STAFF (Buffet/Cook/Cashier) ALIMOS,[],[],0
74,RESTAURANT STAFF (Buffet/Cook/Cashier) TRANSFORMATION,[],[],0
84,"O&M Solar - Site Engineer (based in Thessaly, Karditsa)",[],[],0
86,O&M Solar - Site Engineer (based in Serres),[],[],0
95,Accountant,"[""Διαχείριση προσοχής και συγκέντρωσης""]","[""Προσωπική Διαχείριση""]",1
118,Picker,"[""Διαχείριση χρόνου""]","[""Προσωπική Διαχείριση""]",1
204,Engineering Operations Technician (Τεχνικός Συντήρησης),"[""Αυτοματοποίηση επαναλαμβανόμενων εργασιών""]","[""Ψηφιακή Παραγωγικότητα και ΤΝ""]",1
222,Cashier - Dubai,"[""Διαχείριση προσοχής και συγκέντρωσης"", ""Ανάλυση αιτημάτων πελατών"", ""Ανάλυση λειτουργικών οδηγιών"", ""Ανάλυση λιστών επαφών"", ""Ανάλυση παρουσιάσεων"", ""Ανάλυση σχολίων αξιολόγησης"", ""Οργάνωση αιτημάτων πελατών"", ""Οργάνωση λειτουργικών οδηγιών"", ""Οργάνωση λιστών επαφών"", ""Οργάνωση παρουσιάσεων"", ""Οργάνωση σχολίων αξιολόγησης"", ""Διαχείριση αιτημάτων πελατών"", ""Διαχείριση λειτουργικών οδηγιών"", ""Διαχείριση λιστών επαφών"", ""Διαχείριση παρουσιάσεων"", ""Διαχείριση σχολίων αξιολόγησης"", ""Παρακολούθηση αιτημάτων πελατών"", ""Παρακολούθηση λειτουργικών οδηγιών"", ""Παρακολούθηση λιστών επαφών"", ""Παρακολούθηση παρουσιάσεων"", ""Παρακολούθηση σχολίων αξιολόγησης"", ""Αξιολόγηση αιτημάτων πελατών"", ""Αξιολόγηση λειτουργικών οδηγιών"", ""Αξιολόγηση λιστών επαφών"", ""Αξιολόγηση παρουσιάσεων"", ""Αξιολόγηση σχολίων αξιολόγησης"", ""Τεκμηρίωση αιτημάτων πελατών"", ""Τεκμηρίωση λειτουργικών οδηγιών"", ""Τεκμηρίωση λιστών επαφών"", ""Τεκμηρίωση παρουσιάσεων"", ""Τεκμηρίωση σχολίων αξιολόγησης"", ""Βελτίωση αιτημάτων πελατών"", ""Βελτίωση λειτουργικών οδηγιών"", ""Βελτίωση λιστών επαφών"", ""Βελτίωση παρουσιάσεων"", ""Βελτίωση σχολίων αξιολόγησης"", ""Συντονισμός αιτημάτων πελατών"", ""Συντονισμός λειτουργικών οδηγιών"", ""Συντονισμός λιστών επαφών"", ""Συντονισμός παρουσιάσεων"", ""Συντονισμός σχολίων αξιολόγησης"", ""Έλεγχος αιτημάτων πελατών"", ""Έλεγχος λειτουργικών οδηγιών"", ""Έλεγχος λιστών επαφών"", ""Έλεγχος παρουσιάσεων"", ""Έλεγχος σχολίων αξιολόγησης"", ""Προτεραιοποίηση αιτημάτων πελατών"", ""Προτεραιοποίηση λειτουργικών οδηγιών"", ""Προτεραιοποίηση λιστών επαφών"", ""Προτεραιοποίηση παρουσιάσεων"", ""Προτεραιοποίηση σχολίων αξιολόγησης""]","[""Προσωπική Διαχείριση"", ""Ψηφιακή Παραγωγικότητα και ΤΝ"", ""Μάθηση και Προσαρμοστικότητα"", ""Διαχείριση Έργων"", ""Ανάλυση και Επίλυση Προβλημάτων"", ""Εξυπηρέτηση Πελατών""]",51
229,FIRST CLASS ACCOUNTANT,[],[],0
238,SENIOR HEAT TRANSFER R&D ENGINEER,"[""Σαφής και συνοπτική επικοινωνία"", ""Διαχείριση προσοχής και συγκέντρωσης"", ""Ανάλυση χρονοδιαγραμμάτων έργου"", ""Ανάλυση προτύπων εγγράφων"", ""Ανάλυση σφαλμάτων κώδικα"", ""Ανάλυση αναγκών stakeholders"", ""Ανάλυση αιτημάτων αλλαγής"", ""Οργάνωση χρονοδιαγραμμάτων έργου"", ""Οργάνωση προτύπων εγγράφων"", ""Οργάνωση σφαλμάτων κώδικα"", ""Οργάνωση αναγκών stakeholders"", ""Οργάνωση αιτημάτων αλλαγής"", ""Διαχείριση χρονοδιαγραμμάτων έργου"", ""Διαχείριση προτύπων εγγράφων"", ""Διαχείριση σφαλμάτων κώδικα"", ""Διαχείριση αναγκών stakeholders"", ""Διαχείριση αιτημάτων αλλαγής"", ""Παρακολούθηση χρονοδιαγραμμάτων έργου"", ""Παρακολούθηση προτύπων εγγράφων"", ""Παρακολούθηση σφαλμάτων κώδικα"", ""Παρακολούθηση αναγκών stakeholders"", ""Παρακολούθηση αιτημάτων αλλαγής"", ""Αξιολόγηση χρονοδιαγραμμάτων έργου"", ""Αξιολόγηση προτύπων εγγράφων"", ""Αξιολόγηση σφαλμάτων κώδικα"", ""Αξιολόγηση αναγκών stakeholders"", ""Αξιολόγηση αιτημάτων αλλαγής"", ""Τεκμηρίωση χρονοδιαγραμμάτων έργου"", ""Τεκμηρίωση προτύπων εγγράφων"", ""Τεκμηρίωση σφαλμάτων κώδικα"", ""Τεκμηρίωση αναγκών stakeholders"", ""Τεκμηρίωση αιτημάτων αλλαγής"", ""Βελτίωση χρονοδιαγραμμάτων έργου"", ""Βελτίωση προτύπων εγγράφων"", ""Βελτίωση σφαλμάτων κώδικα"", ""Βελτίωση αναγκών stakeholders"", ""Βελτίωση αιτημάτων αλλαγής"", ""Συντονισμός χρονοδιαγραμμάτων έργου"", ""Συντονισμός προτύπων εγγράφων"", ""Συντονισμός σφαλμάτων κώδικα"", ""Συντονισμός αναγκών stakeholders"", ""Συντονισμός αιτημάτων αλλαγής"", ""Έλεγχος χρονοδιαγραμμάτων έργου"", ""Έλεγχος προτύπων εγγράφων"", ""Έλεγχος σφαλμάτων κώδικα"", ""Έλεγχος αναγκών stakeholders"", ""Έλεγχος αιτημάτων αλλαγής"", ""Προτεραιοποίηση χρονοδιαγραμμάτων έργου"", ""Προτεραιοποίηση προτύπων εγγράφων"", ""Προτεραιοποίηση σφαλμάτων κώδικα"", ""Προτεραιοποίηση αναγκών stakeholders"", ""Προτεραιοποίηση αιτημάτων αλλαγής""]","[""Επαγγελματική Επικοινωνία"", ""Προσωπική Διαχείριση"", ""Διοικητική Υποστήριξη"", ""Ομαδική Συνεργασία"", ""Διαχείριση Δεδομένων και Πληροφορίας"", ""Ποιότητα και Συμμόρφωση"", ""Τεχνικές και Ψηφιακές Δεξιότητες""]",52
239,RESTAURANT STAFF (Buffet/Cook/Cashier) - LARISA,[],[],0
240,NEW RESTAURANT STAFF (Buffet/Chef/Cashier) - MEDITERRANEAN COSMOS THESSALONIKI,[],[],0
102,Development Manager,"[""Σαφής και συνοπτική επικοινωνία"", ""Διαχείριση χρόνου""]","[""Επαγγελματική Επικοινωνία"", ""Προσωπική Διαχείριση""]",2
104,Project Manager – EU Projects,"[""Σαφής και συνοπτική επικοινωνία"", ""Διαχείριση χρόνου""]","[""Επαγγελματική Επικοινωνία"", ""Προσωπική Διαχείριση""]",2
258,TECHNICAL PROJECT MANAGER,"[""Σαφής και συνοπτική επικοινωνία"", ""Διαχείριση χρόνου""]","[""Επαγγελματική Επικοινωνία"", ""Προσωπική Διαχείριση""]",2
272,Project Manager,"[""Διαχείριση προσοχής και συγκέντρωσης""]","[""Προσωπική Διαχείριση""]",1
315,Senior Account Manager (Enterprise),[],[],0
316,Sales Manager (Banking),[],[],0
317,R&D Project Manager,"[""Σαφής και συνοπτική επικοινωνία"", ""Οργάνωση ψηφιακού χώρου εργασίας""]","[""Επαγγελματική Επικοινωνία"", ""Διαχείριση Δεδομένων και Πληροφορίας""]",2
318,Technical Project Manager,"[""Σαφής και συνοπτική επικοινωνία"", ""Διαχείριση προσοχής και συγκέντρωσης""]","[""Επαγγελματική Επικοινωνία"", ""Προσωπική Διαχείριση""]",2
350,IT Project Manager (Heraklion | Crete or Athens),"[""Σαφής και συνοπτική επικοινωνία"", ""Διαχείριση χρόνου"", ""Ανάλυση χρονοδιαγραμμάτων έργου"", ""Ανάλυση προτύπων εγγράφων"", ""Ανάλυση σφαλμάτων κώδικα"", ""Ανάλυση αναγκών stakeholders"", ""Ανάλυση αιτημάτων αλλαγής"", ""Οργάνωση χρονοδιαγραμμάτων έργου"", ""Οργάνωση προτύπων εγγράφων"", ""Οργάνωση σφαλμάτων κώδικα"", ""Οργάνωση αναγκών stakeholders"", ""Οργάνωση αιτημάτων αλλαγής"", ""Διαχείριση χρονοδιαγραμμάτων έργου"", ""Διαχείριση προτύπων εγγράφων"", ""Διαχείριση σφαλμάτων κώδικα"", ""Διαχείριση αναγκών stakeholders"", ""Διαχείριση αιτημάτων αλλαγής"", ""Παρακολούθηση χρονοδιαγραμμάτων έργου"", ""Παρακολούθηση προτύπων εγγράφων"", ""Παρακολούθηση σφαλμάτων κώδικα"", ""Παρακολούθηση αναγκών stakeholders"", ""Παρακολούθηση αιτημάτων αλλαγής"", ""Αξιολόγηση χρονοδιαγραμμάτων έργου"", ""Αξιολόγηση προτύπων εγγράφων"", ""Αξιολόγηση σφαλμάτων κώδικα"", ""Αξιολόγηση αναγκών stakeholders"", ""Αξιολόγηση αιτημάτων αλλαγής"", ""Τεκμηρίωση χρονοδιαγραμμάτων έργου"", ""Τεκμηρίωση προτύπων εγγράφων"", ""Τεκμηρίωση σφαλμάτων κώδικα"", ""Τεκμηρίωση αναγκών stakeholders"", ""Τεκμηρίωση αιτημάτων αλλαγής"", ""Βελτίωση χρονοδιαγραμμάτων έργου"", ""Βελτίωση προτύπων εγγράφων"", ""Βελτίωση σφαλμάτων κώδικα"", ""Βελτίωση αναγκών stakeholders"", ""Βελτίωση αιτημάτων αλλαγής"", ""Συντονισμός χρονοδιαγραμμάτων έργου"", ""Συντονισμός προτύπων εγγράφων"", ""Συντονισμός σφαλμάτων κώδικα"", ""Συντονισμός αναγκών stakeholders"", ""Συντονισμός αιτημάτων αλλαγής"", ""Έλεγχος χρονοδιαγραμμάτων έργου"", ""Έλεγχος προτύπων εγγράφων"", ""Έλεγχος σφαλμάτων κώδικα"", ""Έλεγχος αναγκών stakeholders"", ""Έλεγχος αιτημάτων αλλαγής"", ""Προτεραιοποίηση χρονοδιαγραμμάτων έργου"", ""Προτεραιοποίηση προτύπων εγγράφων"", ""Προτεραιοποίηση σφαλμάτων κώδικα"", ""Προτεραιοποίηση αναγκών stakeholders"", ""Προτεραιοποίηση αιτημάτων αλλαγής""]","[""Επαγγελματική Επικοινωνία"", ""Προσωπική Διαχείριση"", ""Διοικητική Υποστήριξη"", ""Ομαδική Συνεργασία"", ""Διαχείριση Δεδομένων και Πληροφορίας"", ""Ποιότητα και Συμμόρφωση"", ""Τεχνικές και Ψηφιακές Δεξιότητες""]",52
391,Bid Manager,"[""Σαφής και συνοπτική επικοινωνία"", ""Διαχείριση χρόνου"", ""Διαχείριση προσοχής και συγκέντρωσης""]","[""Επαγγελματική Επικοινωνία"", ""Προσωπική Διαχείριση""]",3
454,Tender Coordination Specialist,"[""Οργάνωση ψηφιακού χώρου εργασίας"", ""Διαχείριση προσοχής και συγκέντρωσης""]","[""Διαχείριση Δεδομένων και Πληροφορίας"", ""Προσωπική Διαχείριση""]",2
549,Senior Civil Engineer,"[""Διαχείριση χρόνου"", ""Ανάλυση τεχνικών ζητημάτων"", ""Ανάλυση προτεραιοτήτων εργασίας"", ""Ανάλυση ημερολογίων εργασίας"", ""Ανάλυση εσωτερικών ανακοινώσεων"", ""Ανάλυση σεναρίων δοκιμών"", ""Οργάνωση τεχνικών ζητημάτων"", ""Οργάνωση προτεραιοτήτων εργασίας"", ""Οργάνωση ημερολογίων εργασίας"", ""Οργάνωση εσωτερικών ανακοινώσεων"", ""Οργάνωση σεναρίων δοκιμών"", ""Διαχείριση τεχνικών ζητημάτων"", ""Διαχείριση προτεραιοτήτων εργασίας"", ""Διαχείριση ημερολογίων εργασίας"", ""Διαχείριση εσωτερικών ανακοινώσεων"", ""Διαχείριση σεναρίων δοκιμών"", ""Παρακολούθηση τεχνικών ζητημάτων"", ""Παρακολούθηση προτεραιοτήτων εργασίας"", ""Παρακολούθηση ημερολογίων εργασίας"", ""Παρακολούθηση εσωτερικών ανακοινώσεων"", ""Παρακολούθηση σεναρίων δοκιμών"", ""Αξιολόγηση τεχνικών ζητημάτων"", ""Αξιολόγηση προτεραιοτήτων εργασίας"", ""Αξιολόγηση ημερολογίων εργασίας"", ""Αξιολόγηση εσωτερικών ανακοινώσεων"", ""Αξιολόγηση σεναρίων δοκιμών"", ""Τεκμηρίωση τεχνικών ζητημάτων"", ""Τεκμηρίωση προτεραιοτήτων εργασίας"", ""Τεκμηρίωση ημερολογίων εργασίας"", ""Τεκμηρίωση εσωτερικών ανακοινώσεων"", ""Τεκμηρίωση σεναρίων δοκιμών"", ""Βελτίωση τεχνικών ζητημάτων"", ""Βελτίωση προτεραιοτήτων εργασίας"", ""Βελτίωση ημερολογίων εργασίας"", ""Βελτίωση εσωτερικών ανακοινώσεων"", ""Βελτίωση σεναρίων δοκιμών"", ""Συντονισμός τεχνικών ζητημάτων"", ""Συντονισμός προτεραιοτήτων εργασίας"", ""Συντονισμός ημερολογίων εργασίας"", ""Συντονισμός εσωτερικών ανακοινώσεων"", ""Συντονισμός σεναρίων δοκιμών"", ""Έλεγχος τεχνικών ζητημάτων"", ""Έλεγχος προτεραιοτήτων εργασίας"", ""Έλεγχος ημερολογίων εργασίας"", ""Έλεγχος εσωτερικών ανακοινώσεων"", ""Έλεγχος σεναρίων δοκιμών"", ""Προτεραιοποίηση τεχνικών ζητημάτων"", ""Προτεραιοποίηση προτεραιοτήτων εργασίας"", ""Προτεραιοποίηση ημερολογίων εργασίας"", ""Προτεραιοποίηση εσωτερικών ανακοινώσεων"", ""Προτεραιοποίηση σεναρίων δοκιμών""]","[""Προσωπική Διαχείριση"", ""Διαχείριση Δεδομένων και Πληροφορίας"", ""Επαγγελματική Επικοινωνία"", ""Ποιότητα και Συμμόρφωση"", ""Τεχνικές και Ψηφιακές Δεξιότητες"", ""Διοικητική Υποστήριξη"", ""Ομαδική Συνεργασία""]",51
551,3d Modeller/Draftsman,"[""Σαφής και συνοπτική επικοινωνία"", ""Ανάλυση δεδομένων σε υπολογιστικά φύλλα"", ""Ανάλυση κινδύνων έργου"", ""Ανάλυση tickets υποστήριξης"", ""Ανάλυση επαγγελματικών συνομιλιών"", ""Ανάλυση αποτελεσμάτων έρευνας"", ""Οργάνωση δεδομένων σε υπολογιστικά φύλλα"", ""Οργάνωση κινδύνων έργου"", ""Οργάνωση tickets υποστήριξης"", ""Οργάνωση επαγγελματικών συνομιλιών"", ""Οργάνωση αποτελεσμάτων έρευνας"", ""Διαχείριση δεδομένων σε υπολογιστικά φύλλα"", ""Διαχείριση κινδύνων έργου"", ""Διαχείριση tickets υποστήριξης"", ""Διαχείριση επαγγελματικών συνομιλιών"", ""Διαχείριση αποτελεσμάτων έρευνας"", ""Παρακολούθηση δεδομένων σε υπολογιστικά φύλλα"", ""Παρακολούθηση κινδύνων έργου"", ""Παρακολούθηση tickets υποστήριξης"", ""Παρακολούθηση επαγγελματικών συνομιλιών"", ""Παρακολούθηση αποτελεσμάτων έρευνας"", ""Αξιολόγηση δεδομένων σε υπολογιστικά φύλλα"", ""Αξιολόγηση κινδύνων έργου"", ""Αξιολόγηση tickets υποστήριξης"", ""Αξιολόγηση επαγγελματικών συνομιλιών"", ""Αξιολόγηση αποτελεσμάτων έρευνας"", ""Τεκμηρίωση δεδομένων σε υπολογιστικά φύλλα"", ""Τεκμηρίωση κινδύνων έργου"", ""Τεκμηρίωση tickets υποστήριξης"", ""Τεκμηρίωση επαγγελματικών συνομιλιών"", ""Τεκμηρίωση αποτελεσμάτων έρευνας"", ""Βελτίωση δεδομένων σε υπολογιστικά φύλλα"", ""Βελτίωση κινδύνων έργου"", ""Βελτίωση tickets υποστήριξης"", ""Βελτίωση επαγγελματικών συνομιλιών"", ""Βελτίωση αποτελεσμάτων έρευνας"", ""Συντονισμός δεδομένων σε υπολογιστικά φύλλα"", ""Συντονισμός κινδύνων έργου"", ""Συντονισμός tickets υποστήριξης"", ""Συντονισμός επαγγελματικών συνομιλιών"", ""Συντονισμός αποτελεσμάτων έρευνας"", ""Έλεγχος δεδομένων σε υπολογιστικά φύλλα"", ""Έλεγχος κινδύνων έργου"", ""Έλεγχος tickets υποστήριξης"", ""Έλεγχος επαγγελματικών συνομιλιών"", ""Έλεγχος αποτελεσμάτων έρευνας"", ""Προτεραιοποίηση δεδομένων σε υπολογιστικά φύλλα"", ""Προτεραιοποίηση κινδύνων έργου"", ""Προτεραιοποίηση tickets υποστήριξης"", ""Προτεραιοποίηση επαγγελματικών συνομιλιών"", ""Προτεραιοποίηση αποτελεσμάτων έρευνας""]","[""Επαγγελματική Επικοινωνία"", ""Προσωπική Διαχείριση"", ""Ψηφιακή Παραγωγικότητα και ΤΝ"", ""Μάθηση και Προσαρμοστικότητα"", ""Διαχείριση Έργων"", ""Ανάλυση και Επίλυση Προβλημάτων"", ""Εξυπηρέτηση Πελατών""]",51
554,Senior Civil/Marine Engineer,"[""Ανάλυση αιτημάτων πελατών"", ""Ανάλυση λειτουργικών οδηγιών"", ""Ανάλυση λιστών επαφών"", ""Ανάλυση παρουσιάσεων"", ""Ανάλυση σχολίων αξιολόγησης"", ""Οργάνωση αιτημάτων πελατών"", ""Οργάνωση λειτουργικών οδηγιών"", ""Οργάνωση λιστών επαφών"", ""Οργάνωση παρουσιάσεων"", ""Οργάνωση σχολίων αξιολόγησης"", ""Διαχείριση αιτημάτων πελατών"", ""Διαχείριση λειτουργικών οδηγιών"", ""Διαχείριση λιστών επαφών"", ""Διαχείριση παρουσιάσεων"", ""Διαχείριση σχολίων αξιολόγησης"", ""Παρακολούθηση αιτημάτων πελατών"", ""Παρακολούθηση λειτουργικών οδηγιών"", ""Παρακολούθηση λιστών επαφών"", ""Παρακολούθηση παρουσιάσεων"", ""Παρακολούθηση σχολίων αξιολόγησης"", ""Αξιολόγηση αιτημάτων πελατών"", ""Αξιολόγηση λειτουργικών οδηγιών"", ""Αξιολόγηση λιστών επαφών"", ""Αξιολόγηση παρουσιάσεων"", ""Αξιολόγηση σχολίων αξιολόγησης"", ""Τεκμηρίωση αιτημάτων πελατών"", ""Τεκμηρίωση λειτουργικών οδηγιών"", ""Τεκμηρίωση λιστών επαφών"", ""Τεκμηρίωση παρουσιάσεων"", ""Τεκμηρίωση σχολίων αξιολόγησης"", ""Βελτίωση αιτημάτων πελατών"", ""Βελτίωση λειτουργικών οδηγιών"", ""Βελτίωση λιστών επαφών"", ""Βελτίωση παρουσιάσεων"", ""Βελτίωση σχολίων αξιολόγησης"", ""Συντονισμός αιτημάτων πελατών"", ""Συντονισμός λειτουργικών οδηγιών"", ""Συντονισμός λιστών επαφών"", ""Συντονισμός παρουσιάσεων"", ""Συντονισμός σχολίων αξιολόγησης"", ""Έλεγχος αιτημάτων πελατών"", ""Έλεγχος λειτουργικών οδηγιών"", ""Έλεγχος λιστών επαφών"", ""Έλεγχος παρουσιάσεων"", ""Έλεγχος σχολίων αξιολόγησης"", ""Προτεραιοποίηση αιτημάτων πελατών"", ""Προτεραιοποίηση λειτουργικών οδηγιών"", ""Προτεραιοποίηση λιστών επαφών"", ""Προτεραιοποίηση παρουσιάσεων"", ""Προτεραιοποίηση σχολίων αξιολόγησης""]","[""Ψηφιακή Παραγωγικότητα και ΤΝ"", ""Μάθηση και Προσαρμοστικότητα"", ""Διαχείριση Έργων"", ""Ανάλυση και Επίλυση Προβλημάτων"", ""Εξυπηρέτηση Πελατών"", ""Προσωπική Διαχείριση""]",50
556,Logistics Manager,"[""Σαφής και συνοπτική επικοινωνία""]","[""Επαγγελματική Επικοινωνία""]",1
557,Logistics Assistant,"[""Σαφής και συνοπτική επικοινωνία""]","[""Επαγγελματική Επικοινωνία""]",1
603,ERP manager,"[""Διαχείριση χρόνου""]","[""Προσωπική Διαχείριση""]",1
639,Product Manager,"[""Σαφής και συνοπτική επικοινωνία"", ""Αποτελεσματική αναζήτηση στο διαδίκτυο"", ""Διαχείριση χρόνου"", ""Διαχείριση προσοχής και συγκέντρωσης""]","[""Επαγγελματική Επικοινωνία"", ""Διαχείριση Δεδομένων και Πληροφορίας"", ""Προσωπική Διαχείριση""]",4
678,TECHNICAL  MANAGER – Αθήνα,[],[],0
773,Civil Engineer,"[""Σαφής και συνοπτική επικοινωνία"", ""Διαχείριση χρόνου"", ""Διαχείριση προσοχής και συγκέντρωσης""]","[""Επαγγελματική Επικοινωνία"", ""Προσωπική Διαχείριση""]",3
813,National Sales Account Manager,"[""Σύνταξη επαγγελματικών email"", ""Σαφής και συνοπτική επικοινωνία"", ""Διαχείριση χρόνου"", ""Επιβεβαίωση οδηγιών και απαιτήσεων""]","[""Ψηφιακή Παραγωγικότητα και ΤΝ"", ""Επαγγελματική Επικοινωνία"", ""Προσωπική Διαχείριση""]",4
833,French Speaking B2B Sales Representative,"[""Σαφής και συνοπτική επικοινωνία"", ""Ενεργητική ακρόαση"", ""Διαχείριση χρόνου"", ""Διαχείριση προσοχής και συγκέντρωσης"", ""Ανάλυση τεχνικών ζητημάτων"", ""Ανάλυση προτεραιοτήτων εργασίας"", ""Ανάλυση ημερολογίων εργασίας"", ""Ανάλυση εσωτερικών ανακοινώσεων"", ""Ανάλυση σεναρίων δοκιμών"", ""Οργάνωση τεχνικών ζητημάτων"", ""Οργάνωση προτεραιοτήτων εργασίας"", ""Οργάνωση ημερολογίων εργασίας"", ""Οργάνωση εσωτερικών ανακοινώσεων"", ""Οργάνωση σεναρίων δοκιμών"", ""Διαχείριση τεχνικών ζητημάτων"", ""Διαχείριση προτεραιοτήτων εργασίας"", ""Διαχείριση ημερολογίων εργασίας"", ""Διαχείριση εσωτερικών ανακοινώσεων"", ""Διαχείριση σεναρίων δοκιμών"", ""Παρακολούθηση τεχνικών ζητημάτων"", ""Παρακολούθηση προτεραιοτήτων εργασίας"", ""Παρακολούθηση ημερολογίων εργασίας"", ""Παρακολούθηση εσωτερικών ανακοινώσεων"", ""Παρακολούθηση σεναρίων δοκιμών"", ""Αξιολόγηση τεχνικών ζητημάτων"", ""Αξιολόγηση προτεραιοτήτων εργασίας"", ""Αξιολόγηση ημερολογίων εργασίας"", ""Αξιολόγηση εσωτερικών ανακοινώσεων"", ""Αξιολόγηση σεναρίων δοκιμών"", ""Τεκμηρίωση τεχνικών ζητημάτων"", ""Τεκμηρίωση προτεραιοτήτων εργασίας"", ""Τεκμηρίωση ημερολογίων εργασίας"", ""Τεκμηρίωση εσωτερικών ανακοινώσεων"", ""Τεκμηρίωση σεναρίων δοκιμών"", ""Βελτίωση τεχνικών ζητημάτων"", ""Βελτίωση προτεραιοτήτων εργασίας"", ""Βελτίωση ημερολογίων εργασίας"", ""Βελτίωση εσωτερικών ανακοινώσεων"", ""Βελτίωση σεναρίων δοκιμών"", ""Συντονισμός τεχνικών ζητημάτων"", ""Συντονισμός προτεραιοτήτων εργασίας"", ""Συντονισμός ημερολογίων εργασίας"", ""Συντονισμός εσωτερικών ανακοινώσεων"", ""Συντονισμός σεναρίων δοκιμών"", ""Έλεγχος τεχνικών ζητημάτων"", ""Έλεγχος προτεραιοτήτων εργασίας"", ""Έλεγχος ημερολογίων εργασίας"", ""Έλεγχος εσωτερικών ανακοινώσεων"", ""Έλεγχος σεναρίων δοκιμών"", ""Προτεραιοποίηση τεχνικών ζητημάτων"", ""Προτεραιοποίηση προτεραιοτήτων εργασίας"", ""Προτεραιοποίηση ημερολογίων εργασίας"", ""Προτεραιοποίηση εσωτερικών ανακοινώσεων"", ""Προτεραιοποίηση σεναρίων δοκιμών""]","[""Επαγγελματική Επικοινωνία"", ""Προσωπική Διαχείριση"", ""Διαχείριση Δεδομένων και Πληροφορίας"", ""Ποιότητα και Συμμόρφωση"", ""Τεχνικές και Ψηφιακές Δεξιότητες"", ""Διοικητική Υποστήριξη"", ""Ομαδική Συνεργασία""]",54
848,IT Project Manager,"[""Σαφής και συνοπτική επικοινωνία"", ""Οργάνωση ψηφιακού χώρου εργασίας"", ""Διαχείριση χρόνου"", ""Διαχείριση προσοχής και συγκέντρωσης"", ""Ανάλυση χρονοδιαγραμμάτων έργου"", ""Ανάλυση προτύπων εγγράφων"", ""Ανάλυση σφαλμάτων κώδικα"", ""Ανάλυση αναγκών stakeholders"", ""Ανάλυση αιτημάτων αλλαγής"", ""Οργάνωση χρονοδιαγραμμάτων έργου"", ""Οργάνωση προτύπων εγγράφων"", ""Οργάνωση σφαλμάτων κώδικα"", ""Οργάνωση αναγκών stakeholders"", ""Οργάνωση αιτημάτων αλλαγής"", ""Διαχείριση χρονοδιαγραμμάτων έργου"", ""Διαχείριση προτύπων εγγράφων"", ""Διαχείριση σφαλμάτων κώδικα"", ""Διαχείριση αναγκών stakeholders"", ""Διαχείριση αιτημάτων αλλαγής"", ""Παρακολούθηση χρονοδιαγραμμάτων έργου"", ""Παρακολούθηση προτύπων εγγράφων"", ""Παρακολούθηση σφαλμάτων κώδικα"", ""Παρακολούθηση αναγκών stakeholders"", ""Παρακολούθηση αιτημάτων αλλαγής"", ""Αξιολόγηση χρονοδιαγραμμάτων έργου"", ""Αξιολόγηση προτύπων εγγράφων"", ""Αξιολόγηση σφαλμάτων κώδικα"", ""Αξιολόγηση αναγκών stakeholders"", ""Αξιολόγηση αιτημάτων αλλαγής"", ""Τεκμηρίωση χρονοδιαγραμμάτων έργου"", ""Τεκμηρίωση προτύπων εγγράφων"", ""Τεκμηρίωση σφαλμάτων κώδικα"", ""Τεκμηρίωση αναγκών stakeholders"", ""Τεκμηρίωση αιτημάτων αλλαγής"", ""Βελτίωση χρονοδιαγραμμάτων έργου"", ""Βελτίωση προτύπων εγγράφων"", ""Βελτίωση σφαλμάτων κώδικα"", ""Βελτίωση αναγκών stakeholders"", ""Βελτίωση αιτημάτων αλλαγής"", ""Συντονισμός χρονοδιαγραμμάτων έργου"", ""Συντονισμός προτύπων εγγράφων"", ""Συντονισμός σφαλμάτων κώδικα"", ""Συντονισμός αναγκών stakeholders"", ""Συντονισμός αιτημάτων αλλαγής"", ""Έλεγχος χρονοδιαγραμμάτων έργου"", ""Έλεγχος προτύπων εγγράφων"", ""Έλεγχος σφαλμάτων κώδικα"", ""Έλεγχος αναγκών stakeholders"", ""Έλεγχος αιτημάτων αλλαγής"", ""Προτεραιοποίηση χρονοδιαγραμμάτων έργου"", ""Προτεραιοποίηση προτύπων εγγράφων"", ""Προτεραιοποίηση σφαλμάτων κώδικα"", ""Προτεραιοποίηση αναγκών stakeholders"", ""Προτεραιοποίηση αιτημάτων αλλαγής""]","[""Επαγγελματική Επικοινωνία"", ""Διαχείριση Δεδομένων και Πληροφορίας"", ""Προσωπική Διαχείριση"", ""Διοικητική Υποστήριξη"", ""Ομαδική Συνεργασία"", ""Ποιότητα και Συμμόρφωση"", ""Τεχνικές και Ψηφιακές Δεξιότητες""]",54
935,FINANCIAL MANAGER & OFFICER (EU-FUNDED PROJECTS),"[""Σαφής και συνοπτική επικοινωνία"", ""Οργάνωση ψηφιακού χώρου εργασίας"", ""Διαχείριση χρόνου"", ""Διαχείριση προσοχής και συγκέντρωσης""]","[""Επαγγελματική Επικοινωνία"", ""Διαχείριση Δεδομένων και Πληροφορίας"", ""Προσωπική Διαχείριση""]",4
246,Software Engineer (Hybrid),"[""Αυτοματοποίηση επαναλαμβανόμενων εργασιών"", ""Διαχείριση χρόνου"", ""Ανάλυση χρονοδιαγραμμάτων έργου"", ""Ανάλυση προτύπων εγγράφων"", ""Ανάλυση σφαλμάτων κώδικα"", ""Ανάλυση αναγκών stakeholders"", ""Ανάλυση αιτημάτων αλλαγής"", ""Οργάνωση χρονοδιαγραμμάτων έργου"", ""Οργάνωση προτύπων εγγράφων"", ""Οργάνωση σφαλμάτων κώδικα"", ""Οργάνωση αναγκών stakeholders"", ""Οργάνωση αιτημάτων αλλαγής"", ""Διαχείριση χρονοδιαγραμμάτων έργου"", ""Διαχείριση προτύπων εγγράφων"", ""Διαχείριση σφαλμάτων κώδικα"", ""Διαχείριση αναγκών stakeholders"", ""Διαχείριση αιτημάτων αλλαγής"", ""Παρακολούθηση χρονοδιαγραμμάτων έργου"", ""Παρακολούθηση προτύπων εγγράφων"", ""Παρακολούθηση σφαλμάτων κώδικα"", ""Παρακολούθηση αναγκών stakeholders"", ""Παρακολούθηση αιτημάτων αλλαγής"", ""Αξιολόγηση χρονοδιαγραμμάτων έργου"", ""Αξιολόγηση προτύπων εγγράφων"", ""Αξιολόγηση σφαλμάτων κώδικα"", ""Αξιολόγηση αναγκών stakeholders"", ""Αξιολόγηση αιτημάτων αλλαγής"", ""Τεκμηρίωση χρονοδιαγραμμάτων έργου"", ""Τεκμηρίωση προτύπων εγγράφων"", ""Τεκμηρίωση σφαλμάτων κώδικα"", ""Τεκμηρίωση αναγκών stakeholders"", ""Τεκμηρίωση αιτημάτων αλλαγής"", ""Βελτίωση χρονοδιαγραμμάτων έργου"", ""Βελτίωση προτύπων εγγράφων"", ""Βελτίωση σφαλμάτων κώδικα"", ""Βελτίωση αναγκών stakeholders"", ""Βελτίωση αιτημάτων αλλαγής"", ""Συντονισμός χρονοδιαγραμμάτων έργου"", ""Συντονισμός προτύπων εγγράφων"", ""Συντονισμός σφαλμάτων κώδικα"", ""Συντονισμός αναγκών stakeholders"", ""Συντονισμός αιτημάτων αλλαγής"", ""Έλεγχος χρονοδιαγραμμάτων έργου"", ""Έλεγχος προτύπων εγγράφων"", ""Έλεγχος σφαλμάτων κώδικα"", ""Έλεγχος αναγκών stakeholders"", ""Έλεγχος αιτημάτων αλλαγής"", ""Προτεραιοποίηση χρονοδιαγραμμάτων έργου"", ""Προτεραιοποίηση προτύπων εγγράφων"", ""Προτεραιοποίηση σφαλμάτων κώδικα"", ""Προτεραιοποίηση αναγκών stakeholders"", ""Προτεραιοποίηση αιτημάτων αλλαγής""]","[""Ψηφιακή Παραγωγικότητα και ΤΝ"", ""Προσωπική Διαχείριση"", ""Διοικητική Υποστήριξη"", ""Ομαδική Συνεργασία"", ""Διαχείριση Δεδομένων και Πληροφορίας"", ""Επαγγελματική Επικοινωνία"", ""Ποιότητα και Συμμόρφωση"", ""Τεχνικές και Ψηφιακές Δεξιότητες""]",52
274,Data Scientist,"[""Σαφής και συνοπτική επικοινωνία"", ""Αποτελεσματική χρήση GPT"", ""Διαχείριση προσοχής και συγκέντρωσης"", ""Επιβεβαίωση οδηγιών και απαιτήσεων""]","[""Επαγγελματική Επικοινωνία"", ""Ψηφιακή Παραγωγικότητα και ΤΝ"", ""Προσωπική Διαχείριση""]",4
566,Security Engineer,"[""Σαφής και συνοπτική επικοινωνία"", ""Αποτελεσματική χρήση GPT"", ""Αυτοματοποίηση επαναλαμβανόμενων εργασιών"", ""Οργάνωση ψηφιακού χώρου εργασίας"", ""Διαχείριση χρόνου"", ""Διαχείριση προσοχής και συγκέντρωσης"", ""Ανάλυση επαγγελματικής αλληλογραφίας"", ""Ανάλυση αιτημάτων πελατών"", ""Ανάλυση ερωτημάτων υποστήριξης"", ""Ανάλυση λειτουργικών οδηγιών"", ""Ανάλυση δεδομένων αγοράς"", ""Ανάλυση λιστών επαφών"", ""Ανάλυση γραφημάτων δεδομένων"", ""Ανάλυση παρουσιάσεων"", ""Ανάλυση ελέγχων συμμόρφωσης"", ""Ανάλυση σχολίων αξιολόγησης"", ""Οργάνωση επαγγελματικής αλληλογραφίας"", ""Οργάνωση αιτημάτων πελατών"", ""Οργάνωση ερωτημάτων υποστήριξης"", ""Οργάνωση λειτουργικών οδηγιών"", ""Οργάνωση δεδομένων αγοράς"", ""Οργάνωση λιστών επαφών"", ""Οργάνωση γραφημάτων δεδομένων"", ""Οργάνωση παρουσιάσεων"", ""Οργάνωση ελέγχων συμμόρφωσης"", ""Οργάνωση σχολίων αξιολόγησης"", ""Διαχείριση επαγγελματικής αλληλογραφίας"", ""Διαχείριση αιτημάτων πελατών"", ""Διαχείριση ερωτημάτων υποστήριξης"", ""Διαχείριση λειτουργικών οδηγιών"", ""Διαχείριση δεδομένων αγοράς"", ""Διαχείριση λιστών επαφών"", ""Διαχείριση γραφημάτων δεδομένων"", ""Διαχείριση παρουσιάσεων"", ""Διαχείριση ελέγχων συμμόρφωσης"", ""Διαχείριση σχολίων αξιολόγησης"", ""Παρακολούθηση επαγγελματικής αλληλογραφίας"", ""Παρακολούθηση αιτημάτων πελατών"", ""Παρακολούθηση ερωτημάτων υποστήριξης"", ""Παρακολούθηση λειτουργικών οδηγιών"", ""Παρακολούθηση δεδομένων αγοράς"", ""Παρακολούθηση λιστών επαφών"", ""Παρακολούθηση γραφημάτων δεδομένων"", ""Παρακολούθηση παρουσιάσεων"", ""Παρακολούθηση ελέγχων συμμόρφωσης"", ""Παρακολούθηση σχολίων αξιολόγησης"", ""Αξιολόγηση επαγγελματικής αλληλογραφίας"", ""Αξιολόγηση αιτημάτων πελατών"", ""Αξιολόγηση ερωτημάτων υποστήριξης"", ""Αξιολόγηση λειτουργικών οδηγιών"", ""Αξιολόγηση δεδομένων αγοράς"", ""Αξιολόγηση λιστών επαφών"", ""Αξιολόγηση γραφημάτων δεδομένων"", ""Αξιολόγηση παρουσιάσεων"", ""Αξιολόγηση ελέγχων συμμόρφωσης"", ""Αξιολόγηση σχολίων αξιολόγησης"", ""Τεκμηρίωση επαγγελματικής αλληλογραφίας"", ""Τεκμηρίωση αιτημάτων πελατών"", ""Τεκμηρίωση ερωτημάτων υποστήριξης"", ""Τεκμηρίωση λειτουργικών οδηγιών"", ""Τεκμηρίωση δεδομένων αγοράς"", ""Τεκμηρίωση λιστών επαφών"", ""Τεκμηρίωση γραφημάτων δεδομένων"", ""Τεκμηρίωση παρουσιάσεων"", ""Τεκμηρίωση ελέγχων συμμόρφωσης"", ""Τεκμηρίωση σχολίων αξιολόγησης"", ""Βελτίωση επαγγελματικής αλληλογραφίας"", ""Βελτίωση αιτημάτων πελατών"", ""Βελτίωση ερωτημάτων υποστήριξης"", ""Βελτίωση λειτουργικών οδηγιών"", ""Βελτίωση δεδομένων αγοράς"", ""Βελτίωση λιστών επαφών"", ""Βελτίωση γραφημάτων δεδομένων"", ""Βελτίωση παρουσιάσεων"", ""Βελτίωση ελέγχων συμμόρφωσης"", ""Βελτίωση σχολίων αξιολόγησης"", ""Συντονισμός επαγγελματικής αλληλογραφίας"", ""Συντονισμός αιτημάτων πελατών"", ""Συντονισμός ερωτημάτων υποστήριξης"", ""Συντονισμός λειτουργικών οδηγιών"", ""Συντονισμός δεδομένων αγοράς"", ""Συντονισμός λιστών επαφών"", ""Συντονισμός γραφημάτων δεδομένων"", ""Συντονισμός παρουσιάσεων"", ""Συντονισμός ελέγχων συμμόρφωσης"", ""Συντονισμός σχολίων αξιολόγησης"", ""Έλεγχος επαγγελματικής αλληλογραφίας"", ""Έλεγχος αιτημάτων πελατών"", ""Έλεγχος ερωτημάτων υποστήριξης"", ""Έλεγχος λειτουργικών οδηγιών"", ""Έλεγχος δεδομένων αγοράς"", ""Έλεγχος λιστών επαφών"", ""Έλεγχος γραφημάτων δεδομένων"", ""Έλεγχος παρουσιάσεων"", ""Έλεγχος ελέγχων συμμόρφωσης"", ""Έλεγχος σχολίων αξιολόγησης"", ""Προτεραιοποίηση επαγγελματικής αλληλογραφίας"", ""Προτεραιοποίηση αιτημάτων πελατών"", ""Προτεραιοποίηση ερωτημάτων υποστήριξης"", ""Προτεραιοποίηση λειτουργικών οδηγιών"", ""Προτεραιοποίηση δεδομένων αγοράς"", ""Προτεραιοποίηση λιστών επαφών"", ""Προτεραιοποίηση γραφημάτων δεδομένων"", ""Προτεραιοποίηση παρουσιάσεων"", ""Προτεραιοποίηση ελέγχων συμμόρφωσης"", ""Προτεραιοποίηση σχολίων αξιολόγησης""]","[""Επαγγελματική Επικοινωνία"", ""Ψηφιακή Παραγωγικότητα και ΤΝ"", ""Διαχείριση Δεδομένων και Πληροφορίας"", ""Προσωπική Διαχείριση"", ""Ποιότητα και Συμμόρφωση"", ""Μάθηση και Προσαρμοστικότητα"", ""Τεχνικές και Ψηφιακές Δεξιότητες"", ""Διαχείριση Έργων"", ""Διοικητική Υποστήριξη"", ""Ανάλυση και Επίλυση Προβλημάτων"", ""Ομαδική Συνεργασία"", ""Εξυπηρέτηση Πελατών""]",106
568,Senior Cyber Security Engineer,"[""Αυτοματοποίηση επαναλαμβανόμενων εργασιών""]","[""Ψηφιακή Παραγωγικότητα και ΤΝ""]",1
569,Senior Cyber Security Engineer,"[""Αυτοματοποίηση επαναλαμβανόμενων εργασιών""]","[""Ψηφιακή Παραγωγικότητα και ΤΝ""]",1
1136,DevOps Engineer (Mid-Senior),"[""Σαφής και συνοπτική επικοινωνία"", ""Αυτοματοποίηση επαναλαμβανόμενων εργασιών"", ""Διαχείριση προσοχής και συγκέντρωσης""]","[""Επαγγελματική Επικοινωνία"", ""Ψηφιακή Παραγωγικότητα και ΤΝ"", ""Προσωπική Διαχείριση""]",3
1137,DevOps Engineer (Mid-Senior),"[""Σαφής και συνοπτική επικοινωνία"", ""Αυτοματοποίηση επαναλαμβανόμενων εργασιών"", ""Διαχείριση προσοχής και συγκέντρωσης""]","[""Επαγγελματική Επικοινωνία"", ""Ψηφιακή Παραγωγικότητα και ΤΝ"", ""Προσωπική Διαχείριση""]",3
1138,DevOps Engineer (Mid-Senior),"[""Σαφής και συνοπτική επικοινωνία"", ""Αυτοματοποίηση επαναλαμβανόμενων εργασιών"", ""Διαχείριση προσοχής και συγκέντρωσης""]","[""Επαγγελματική Επικοινωνία"", ""Ψηφιακή Παραγωγικότητα και ΤΝ"", ""Προσωπική Διαχείριση""]",3
1902,Pricing Analytics Manager,"[""Σαφής και συνοπτική επικοινωνία"", ""Αποτελεσματική χρήση GPT""]","[""Επαγγελματική Επικοινωνία"", ""Ψηφιακή Παραγωγικότητα και ΤΝ""]",2
2062,"Cloud Engineer – Cyprus, Greece or Remote","[""Αυτοματοποίηση επαναλαμβανόμενων εργασιών"", ""Οργάνωση ψηφιακού χώρου εργασίας"", ""Διαχείριση χρόνου"", ""Διαχείριση προσοχής και συγκέντρωσης""]","[""Ψηφιακή Παραγωγικότητα και ΤΝ"", ""Διαχείριση Δεδομένων και Πληροφορίας"", ""Προσωπική Διαχείριση""]",4
2257,"Manager, AWS Developer","[""Σαφής και συνοπτική επικοινωνία"", ""Οργάνωση ψηφιακού χώρου εργασίας"", ""Διαχείριση χρόνου""]","[""Επαγγελματική Επικοινωνία"", ""Διαχείριση Δεδομένων και Πληροφορίας"", ""Προσωπική Διαχείριση""]",3
2280,"Senior Manager, Industrialized Assets Product Lead","[""Σαφής και συνοπτική επικοινωνία"", ""Αποτελεσματική χρήση GPT"", ""Οργάνωση ψηφιακού χώρου εργασίας"", ""Διαχείριση χρόνου"", ""Ανάλυση επαγγελματικής αλληλογραφίας"", ""Ανάλυση ερωτημάτων υποστήριξης"", ""Ανάλυση δεδομένων αγοράς"", ""Ανάλυση γραφημάτων δεδομένων"", ""Ανάλυση ελέγχων συμμόρφωσης"", ""Οργάνωση επαγγελματικής αλληλογραφίας"", ""Οργάνωση ερωτημάτων υποστήριξης"", ""Οργάνωση δεδομένων αγοράς"", ""Οργάνωση γραφημάτων δεδομένων"", ""Οργάνωση ελέγχων συμμόρφωσης"", ""Διαχείριση επαγγελματικής αλληλογραφίας"", ""Διαχείριση ερωτημάτων υποστήριξης"", ""Διαχείριση δεδομένων αγοράς"", ""Διαχείριση γραφημάτων δεδομένων"", ""Διαχείριση ελέγχων συμμόρφωσης"", ""Παρακολούθηση επαγγελματικής αλληλογραφίας"", ""Παρακολούθηση ερωτημάτων υποστήριξης"", ""Παρακολούθηση δεδομένων αγοράς"", ""Παρακολούθηση γραφημάτων δεδομένων"", ""Παρακολούθηση ελέγχων συμμόρφωσης"", ""Αξιολόγηση επαγγελματικής αλληλογραφίας"", ""Αξιολόγηση ερωτημάτων υποστήριξης"", ""Αξιολόγηση δεδομένων αγοράς"", ""Αξιολόγηση γραφημάτων δεδομένων"", ""Αξιολόγηση ελέγχων συμμόρφωσης"", ""Τεκμηρίωση επαγγελματικής αλληλογραφίας"", ""Τεκμηρίωση ερωτημάτων υποστήριξης"", ""Τεκμηρίωση δεδομένων αγοράς"", ""Τεκμηρίωση γραφημάτων δεδομένων"", ""Τεκμηρίωση ελέγχων συμμόρφωσης"", ""Βελτίωση επαγγελματικής αλληλογραφίας"", ""Βελτίωση ερωτημάτων υποστήριξης"", ""Βελτίωση δεδομένων αγοράς"", ""Βελτίωση γραφημάτων δεδομένων"", ""Βελτίωση ελέγχων συμμόρφωσης"", ""Συντονισμός επαγγελματικής αλληλογραφίας"", ""Συντονισμός ερωτημάτων υποστήριξης"", ""Συντονισμός δεδομένων αγοράς"", ""Συντονισμός γραφημάτων δεδομένων"", ""Συντονισμός ελέγχων συμμόρφωσης"", ""Έλεγχος επαγγελματικής αλληλογραφίας"", ""Έλεγχος ερωτημάτων υποστήριξης"", ""Έλεγχος δεδομένων αγοράς"", ""Έλεγχος γραφημάτων δεδομένων"", ""Έλεγχος ελέγχων συμμόρφωσης"", ""Προτεραιοποίηση επαγγελματικής αλληλογραφίας"", ""Προτεραιοποίηση ερωτημάτων υποστήριξης"", ""Προτεραιοποίηση δεδομένων αγοράς"", ""Προτεραιοποίηση γραφημάτων δεδομένων"", ""Προτεραιοποίηση ελέγχων συμμόρφωσης""]","[""Επαγγελματική Επικοινωνία"", ""Ψηφιακή Παραγωγικότητα και ΤΝ"", ""Διαχείριση Δεδομένων και Πληροφορίας"", ""Προσωπική Διαχείριση"", ""Ποιότητα και Συμμόρφωση"", ""Τεχνικές και Ψηφιακές Δεξιότητες"", ""Διοικητική Υποστήριξη"", ""Ομαδική Συνεργασία""]",54
2491,Actuarial Consultant,"[""Σαφής και συνοπτική επικοινωνία"", ""Ενεργητική ακρόαση""]","[""Επαγγελματική Επικοινωνία""]",2
2492,Senior Actuarial Consultant,"[""Σαφής και συνοπτική επικοινωνία"", ""Ενεργητική ακρόαση""]","[""Επαγγελματική Επικοινωνία""]",2
2682,Technical Support Engineer,"[""Σαφής και συνοπτική επικοινωνία"", ""Διαχείριση χρόνου""]","[""Επαγγελματική Επικοινωνία"", ""Προσωπική Διαχείριση""]",2
2714,"Senior Manager, Data Scientist","[""Σύνταξη επαγγελματικών email"", ""Σαφής και συνοπτική επικοινωνία"", ""Διαχείριση χρόνου"", ""Διαχείριση προσοχής και συγκέντρωσης""]","[""Ψηφιακή Παραγωγικότητα και ΤΝ"", ""Επαγγελματική Επικοινωνία"", ""Προσωπική Διαχείριση""]",4
2886,Site Reliability Engineer,"[""Αυτοματοποίηση επαναλαμβανόμενων εργασιών"", ""Οργάνωση ψηφιακού χώρου εργασίας""]","[""Ψηφιακή Παραγωγικότητα και ΤΝ"", ""Διαχείριση Δεδομένων και Πληροφορίας""]",2
3260,"Sr. Associate, Cybersecurity Automation Developer","[""Σαφής και συνοπτική επικοινωνία"", ""Αυτοματοποίηση επαναλαμβανόμενων εργασιών"", ""Διαχείριση χρόνου"", ""Διαχείριση προσοχής και συγκέντρωσης""]","[""Επαγγελματική Επικοινωνία"", ""Ψηφιακή Παραγωγικότητα και ΤΝ"", ""Προσωπική Διαχείριση""]",4
3359,DevSecOps Engineer,"[""Αυτοματοποίηση επαναλαμβανόμενων εργασιών""]","[""Ψηφιακή Παραγωγικότητα και ΤΝ""]",1
3404,Senior Data Scientist,"[""Σαφής και συνοπτική επικοινωνία"", ""Διαχείριση προσοχής και συγκέντρωσης""]","[""Επαγγελματική Επικοινωνία"", ""Προσωπική Διαχείριση""]",2
3490,Systems and Security Engineer,"[""Αυτοματοποίηση επαναλαμβανόμενων εργασιών"", ""Οργάνωση ψηφιακού χώρου εργασίας""]","[""Ψηφιακή Παραγωγικότητα και ΤΝ"", ""Διαχείριση Δεδομένων και Πληροφορίας""]",2
43134,Senior Linux AWS Administrator,"[""Σύνταξη επαγγελματικών email"", ""Σαφής και συνοπτική επικοινωνία"", ""Αυτοματοποίηση επαναλαμβανόμενων εργασιών"", ""Οργάνωση ψηφιακού χώρου εργασίας"", ""Διαχείριση προσοχής και συγκέντρωσης""]","[""Ψηφιακή Παραγωγικότητα και ΤΝ"", ""Επαγγελματική Επικοινωνία"", ""Διαχείριση Δεδομένων και Πληροφορίας"", ""Προσωπική Διαχείριση""]",5
43912,"Manager, Cloud FinOps Engineer","[""Σαφής και συνοπτική επικοινωνία""]","[""Επαγγελματική Επικοινωνία""]",1
45694,"Sr. Manager, Analytics Extensibility Lead","[""Σαφής και συνοπτική επικοινωνία"", ""Αυτοματοποίηση επαναλαμβανόμενων εργασιών"", ""Διαχείριση χρόνου"", ""Ανάλυση επαγγελματικής αλληλογραφίας"", ""Ανάλυση ερωτημάτων υποστήριξης"", ""Ανάλυση δεδομένων αγοράς"", ""Ανάλυση γραφημάτων δεδομένων"", ""Ανάλυση ελέγχων συμμόρφωσης"", ""Οργάνωση επαγγελματικής αλληλογραφίας"", ""Οργάνωση ερωτημάτων υποστήριξης"", ""Οργάνωση δεδομένων αγοράς"", ""Οργάνωση γραφημάτων δεδομένων"", ""Οργάνωση ελέγχων συμμόρφωσης"", ""Διαχείριση επαγγελματικής αλληλογραφίας"", ""Διαχείριση ερωτημάτων υποστήριξης"", ""Διαχείριση δεδομένων αγοράς"", ""Διαχείριση γραφημάτων δεδομένων"", ""Διαχείριση ελέγχων συμμόρφωσης"", ""Παρακολούθηση επαγγελματικής αλληλογραφίας"", ""Παρακολούθηση ερωτημάτων υποστήριξης"", ""Παρακολούθηση δεδομένων αγοράς"", ""Παρακολούθηση γραφημάτων δεδομένων"", ""Παρακολούθηση ελέγχων συμμόρφωσης"", ""Αξιολόγηση επαγγελματικής αλληλογραφίας"", ""Αξιολόγηση ερωτημάτων υποστήριξης"", ""Αξιολόγηση δεδομένων αγοράς"", ""Αξιολόγηση γραφημάτων δεδομένων"", ""Αξιολόγηση ελέγχων συμμόρφωσης"", ""Τεκμηρίωση επαγγελματικής αλληλογραφίας"", ""Τεκμηρίωση ερωτημάτων υποστήριξης"", ""Τεκμηρίωση δεδομένων αγοράς"", ""Τεκμηρίωση γραφημάτων δεδομένων"", ""Τεκμηρίωση ελέγχων συμμόρφωσης"", ""Βελτίωση επαγγελματικής αλληλογραφίας"", ""Βελτίωση ερωτημάτων υποστήριξης"", ""Βελτίωση δεδομένων αγοράς"", ""Βελτίωση γραφημάτων δεδομένων"", ""Βελτίωση ελέγχων συμμόρφωσης"", ""Συντονισμός επαγγελματικής αλληλογραφίας"", ""Συντονισμός ερωτημάτων υποστήριξης"", ""Συντονισμός δεδομένων αγοράς"", ""Συντονισμός γραφημάτων δεδομένων"", ""Συντονισμός ελέγχων συμμόρφωσης"", ""Έλεγχος επαγγελματικής αλληλογραφίας"", ""Έλεγχος ερωτημάτων υποστήριξης"", ""Έλεγχος δεδομένων αγοράς"", ""Έλεγχος γραφημάτων δεδομένων"", ""Έλεγχος ελέγχων συμμόρφωσης"", ""Προτεραιοποίηση επαγγελματικής αλληλογραφίας"", ""Προτεραιοποίηση ερωτημάτων υποστήριξης"", ""Προτεραιοποίηση δεδομένων αγοράς"", ""Προτεραιοποίηση γραφημάτων δεδομένων"", ""Προτεραιοποίηση ελέγχων συμμόρφωσης""]","[""Επαγγελματική Επικοινωνία"", ""Ψηφιακή Παραγωγικότητα και ΤΝ"", ""Προσωπική Διαχείριση"", ""Ποιότητα και Συμμόρφωση"", ""Τεχνικές και Ψηφιακές Δεξιότητες"", ""Διοικητική Υποστήριξη"", ""Ομαδική Συνεργασία"", ""Διαχείριση Δεδομένων και Πληροφορίας""]",53
45789,"Senior Associate, Solution Engineer","[""Σαφής και συνοπτική επικοινωνία""]","[""Επαγγελματική Επικοινωνία""]",1
50836,Cloud Engineer,"[""Σαφής και συνοπτική επικοινωνία"", ""Αυτοματοποίηση επαναλαμβανόμενων εργασιών"", ""Διαχείριση χρόνου"", ""Επιβεβαίωση οδηγιών και απαιτήσεων""]","[""Επαγγελματική Επικοινωνία"", ""Ψηφιακή Παραγωγικότητα και ΤΝ"", ""Προσωπική Διαχείριση""]",4
50920,Data Scientist,"[""Διαχείριση χρόνου""]","[""Προσωπική Διαχείριση""]",1
51916,"Manager, Cash Management Solutions & Transformation","[""Αυτοματοποίηση επαναλαμβανόμενων εργασιών"", ""Επιβεβαίωση οδηγιών και απαιτήσεων""]","[""Ψηφιακή Παραγωγικότητα και ΤΝ"", ""Επαγγελματική Επικοινωνία""]",2
51949,"Senior Manager, Solution Engineer - PSSP Data Lead","[""Σαφής και συνοπτική επικοινωνία"", ""Διαχείριση χρόνου"", ""Διαχείριση προσοχής και συγκέντρωσης""]","[""Επαγγελματική Επικοινωνία"", ""Προσωπική Διαχείριση""]",3
53639,Junior Business Intelligence Developer,"[""Αυτοματοποίηση επαναλαμβανόμενων εργασιών"", ""Διαχείριση προσοχής και συγκέντρωσης""]","[""Ψηφιακή Παραγωγικότητα και ΤΝ"", ""Προσωπική Διαχείριση""]",2
53850,Data Engineer,"[""Οργάνωση ψηφιακού χώρου εργασίας""]","[""Διαχείριση Δεδομένων και Πληροφορίας""]",1
54139,"Senior Software Engineer in Test (Python) | Greece, Cyprus or Remote (Europe)","[""Σαφής και συνοπτική επικοινωνία"", ""Αυτοματοποίηση επαναλαμβανόμενων εργασιών"", ""Οργάνωση ψηφιακού χώρου εργασίας"", ""Διαχείριση προσοχής και συγκέντρωσης"", ""Επιβεβαίωση οδηγιών και απαιτήσεων"", ""Ανάλυση δεδομένων σε υπολογιστικά φύλλα"", ""Ανάλυση κινδύνων έργου"", ""Ανάλυση tickets υποστήριξης"", ""Ανάλυση επαγγελματικών συνομιλιών"", ""Ανάλυση αποτελεσμάτων έρευνας"", ""Οργάνωση δεδομένων σε υπολογιστικά φύλλα"", ""Οργάνωση κινδύνων έργου"", ""Οργάνωση tickets υποστήριξης"", ""Οργάνωση επαγγελματικών συνομιλιών"", ""Οργάνωση αποτελεσμάτων έρευνας"", ""Διαχείριση δεδομένων σε υπολογιστικά φύλλα"", ""Διαχείριση κινδύνων έργου"", ""Διαχείριση tickets υποστήριξης"", ""Διαχείριση επαγγελματικών συνομιλιών"", ""Διαχείριση αποτελεσμάτων έρευνας"", ""Παρακολούθηση δεδομένων σε υπολογιστικά φύλλα"", ""Παρακολούθηση κινδύνων έργου"", ""Παρακολούθηση tickets υποστήριξης"", ""Παρακολούθηση επαγγελματικών συνομιλιών"", ""Παρακολούθηση αποτελεσμάτων έρευνας"", ""Αξιολόγηση δεδομένων σε υπολογιστικά φύλλα"", ""Αξιολόγηση κινδύνων έργου"", ""Αξιολόγηση tickets υποστήριξης"", ""Αξιολόγηση επαγγελματικών συνομιλιών"", ""Αξιολόγηση αποτελεσμάτων έρευνας"", ""Τεκμηρίωση δεδομένων σε υπολογιστικά φύλλα"", ""Τεκμηρίωση κινδύνων έργου"", ""Τεκμηρίωση tickets υποστήριξης"", ""Τεκμηρίωση επαγγελματικών συνομιλιών"", ""Τεκμηρίωση αποτελεσμάτων έρευνας"", ""Βελτίωση δεδομένων σε υπολογιστικά φύλλα"", ""Βελτίωση κινδύνων έργου"", ""Βελτίωση tickets υποστήριξης"", ""Βελτίωση επαγγελματικών συνομιλιών"", ""Βελτίωση αποτελεσμάτων έρευνας"", ""Συντονισμός δεδομένων σε υπολογιστικά φύλλα"", ""Συντονισμός κινδύνων έργου"", ""Συντονισμός tickets υποστήριξης"", ""Συντονισμός επαγγελματικών συνομιλιών"", ""Συντονισμός αποτελεσμάτων έρευνας"", ""Έλεγχος δεδομένων σε υπολογιστικά φύλλα"", ""Έλεγχος κινδύνων έργου"", ""Έλεγχος tickets υποστήριξης"", ""Έλεγχος επαγγελματικών συνομιλιών"", ""Έλεγχος αποτελεσμάτων έρευνας"", ""Προτεραιοποίηση δεδομένων σε υπολογιστικά φύλλα"", ""Προτεραιοποίηση κινδύνων έργου"", ""Προτεραιοποίηση tickets υποστήριξης"", ""Προτεραιοποίηση επαγγελματικών συνομιλιών"", ""Προτεραιοποίηση αποτελεσμάτων έρευνας""]","[""Επαγγελματική Επικοινωνία"", ""Ψηφιακή Παραγωγικότητα και ΤΝ"", ""Διαχείριση Δεδομένων και Πληροφορίας"", ""Προσωπική Διαχείριση"", ""Μάθηση και Προσαρμοστικότητα"", ""Διαχείριση Έργων"", ""Ανάλυση και Επίλυση Προβλημάτων"", ""Εξυπηρέτηση Πελατών""]",55
57267,Advanced Analytics and ML Engineering Manager,"[""Σαφής και συνοπτική επικοινωνία"", ""Ενεργητική ακρόαση"", ""Αποτελεσματική χρήση GPT"", ""Διαχείριση χρόνου"", ""Διαχείριση προσοχής και συγκέντρωσης"", ""Επιβεβαίωση οδηγιών και απαιτήσεων""]","[""Επαγγελματική Επικοινωνία"", ""Ψηφιακή Παραγωγικότητα και ΤΝ"", ""Προσωπική Διαχείριση""]",6
57407,Data Engineer,"[""Διαχείριση χρόνου"", ""Διαχείριση προσοχής και συγκέντρωσης"", ""Ανάλυση χρονοδιαγραμμάτων έργου"", ""Ανάλυση προτύπων εγγράφων"", ""Ανάλυση σφαλμάτων κώδικα"", ""Ανάλυση αναγκών stakeholders"", ""Ανάλυση αιτημάτων αλλαγής"", ""Οργάνωση χρονοδιαγραμμάτων έργου"", ""Οργάνωση προτύπων εγγράφων"", ""Οργάνωση σφαλμάτων κώδικα"", ""Οργάνωση αναγκών stakeholders"", ""Οργάνωση αιτημάτων αλλαγής"", ""Διαχείριση χρονοδιαγραμμάτων έργου"", ""Διαχείριση προτύπων εγγράφων"", ""Διαχείριση σφαλμάτων κώδικα"", ""Διαχείριση αναγκών stakeholders"", ""Διαχείριση αιτημάτων αλλαγής"", ""Παρακολούθηση χρονοδιαγραμμάτων έργου"", ""Παρακολούθηση προτύπων εγγράφων"", ""Παρακολούθηση σφαλμάτων κώδικα"", ""Παρακολούθηση αναγκών stakeholders"", ""Παρακολούθηση αιτημάτων αλλαγής"", ""Αξιολόγηση χρονοδιαγραμμάτων έργου"", ""Αξιολόγηση προτύπων εγγράφων"", ""Αξιολόγηση σφαλμάτων κώδικα"", ""Αξιολόγηση αναγκών stakeholders"", ""Αξιολόγηση αιτημάτων αλλαγής"", ""Τεκμηρίωση χρονοδιαγραμμάτων έργου"", ""Τεκμηρίωση προτύπων εγγράφων"", ""Τεκμηρίωση σφαλμάτων κώδικα"", ""Τεκμηρίωση αναγκών stakeholders"", ""Τεκμηρίωση αιτημάτων αλλαγής"", ""Βελτίωση χρονοδιαγραμμάτων έργου"", ""Βελτίωση προτύπων εγγράφων"", ""Βελτίωση σφαλμάτων κώδικα"", ""Βελτίωση αναγκών stakeholders"", ""Βελτίωση αιτημάτων αλλαγής"", ""Συντονισμός χρονοδιαγραμμάτων έργου"", ""Συντονισμός προτύπων εγγράφων"", ""Συντονισμός σφαλμάτων κώδικα"", ""Συντονισμός αναγκών stakeholders"", ""Συντονισμός αιτημάτων αλλαγής"", ""Έλεγχος χρονοδιαγραμμάτων έργου"", ""Έλεγχος προτύπων εγγράφων"", ""Έλεγχος σφαλμάτων κώδικα"", ""Έλεγχος αναγκών stakeholders"", ""Έλεγχος αιτημάτων αλλαγής"", ""Προτεραιοποίηση χρονοδιαγραμμάτων έργου"", ""Προτεραιοποίηση προτύπων εγγράφων"", ""Προτεραιοποίηση σφαλμάτων κώδικα"", ""Προτεραιοποίηση αναγκών stakeholders"", ""Προτεραιοποίηση αιτημάτων αλλαγής""]","[""Προσωπική Διαχείριση"", ""Διοικητική Υποστήριξη"", ""Ομαδική Συνεργασία"", ""Διαχείριση Δεδομένων και Πληροφορίας"", ""Επαγγελματική Επικοινωνία"", ""Ποιότητα και Συμμόρφωση"", ""Τεχνικές και Ψηφιακές Δεξιότητες""]",52
57429,AI ENGINEER,[],[],0
59353,"Senior Associate, Digital Quantitative Sciences","[""Σαφής και συνοπτική επικοινωνία"", ""Αυτοματοποίηση επαναλαμβανόμενων εργασιών""]","[""Επαγγελματική Επικοινωνία"", ""Ψηφιακή Παραγωγικότητα και ΤΝ""]",2
59582,"Senior Associate, Cloud Developer","[""Σαφής και συνοπτική επικοινωνία"", ""Διαχείριση χρόνου"", ""Διαχείριση προσοχής και συγκέντρωσης""]","[""Επαγγελματική Επικοινωνία"", ""Προσωπική Διαχείριση""]",3
61679,Middle-Level Cloud Engineer,"[""Σύνταξη επαγγελματικών email"", ""Σαφής και συνοπτική επικοινωνία"", ""Αυτοματοποίηση επαναλαμβανόμενων εργασιών"", ""Οργάνωση ψηφιακού χώρου εργασίας"", ""Διαχείριση χρόνου"", ""Διαχείριση προσοχής και συγκέντρωσης"", ""Ανάλυση χρονοδιαγραμμάτων έργου"", ""Ανάλυση προτύπων εγγράφων"", ""Ανάλυση σφαλμάτων κώδικα"", ""Ανάλυση αναγκών stakeholders"", ""Ανάλυση αιτημάτων αλλαγής"", ""Οργάνωση χρονοδιαγραμμάτων έργου"", ""Οργάνωση προτύπων εγγράφων"", ""Οργάνωση σφαλμάτων κώδικα"", ""Οργάνωση αναγκών stakeholders"", ""Οργάνωση αιτημάτων αλλαγής"", ""Διαχείριση χρονοδιαγραμμάτων έργου"", ""Διαχείριση προτύπων εγγράφων"", ""Διαχείριση σφαλμάτων κώδικα"", ""Διαχείριση αναγκών stakeholders"", ""Διαχείριση αιτημάτων αλλαγής"", ""Παρακολούθηση χρονοδιαγραμμάτων έργου"", ""Παρακολούθηση προτύπων εγγράφων"", ""Παρακολούθηση σφαλμάτων κώδικα"", ""Παρακολούθηση αναγκών stakeholders"", ""Παρακολούθηση αιτημάτων αλλαγής"", ""Αξιολόγηση χρονοδιαγραμμάτων έργου"", ""Αξιολόγηση προτύπων εγγράφων"", ""Αξιολόγηση σφαλμάτων κώδικα"", ""Αξιολόγηση αναγκών stakeholders"", ""Αξιολόγηση αιτημάτων αλλαγής"", ""Τεκμηρίωση χρονοδιαγραμμάτων έργου"", ""Τεκμηρίωση προτύπων εγγράφων"", ""Τεκμηρίωση σφαλμάτων κώδικα"", ""Τεκμηρίωση αναγκών stakeholders"", ""Τεκμηρίωση αιτημάτων αλλαγής"", ""Βελτίωση χρονοδιαγραμμάτων έργου"", ""Βελτίωση προτύπων εγγράφων"", ""Βελτίωση σφαλμάτων κώδικα"", ""Βελτίωση αναγκών stakeholders"", ""Βελτίωση αιτημάτων αλλαγής"", ""Συντονισμός χρονοδιαγραμμάτων έργου"", ""Συντονισμός προτύπων εγγράφων"", ""Συντονισμός σφαλμάτων κώδικα"", ""Συντονισμός αναγκών stakeholders"", ""Συντονισμός αιτημάτων αλλαγής"", ""Έλεγχος χρονοδιαγραμμάτων έργου"", ""Έλεγχος προτύπων εγγράφων"", ""Έλεγχος σφαλμάτων κώδικα"", ""Έλεγχος αναγκών stakeholders"", ""Έλεγχος αιτημάτων αλλαγής"", ""Προτεραιοποίηση χρονοδιαγραμμάτων έργου"", ""Προτεραιοποίηση προτύπων εγγράφων"", ""Προτεραιοποίηση σφαλμάτων κώδικα"", ""Προτεραιοποίηση αναγκών stakeholders"", ""Προτεραιοποίηση αιτημάτων αλλαγής""]","[""Ψηφιακή Παραγωγικότητα και ΤΝ"", ""Επαγγελματική Επικοινωνία"", ""Διαχείριση Δεδομένων και Πληροφορίας"", ""Προσωπική Διαχείριση"", ""Διοικητική Υποστήριξη"", ""Ομαδική Συνεργασία"", ""Ποιότητα και Συμμόρφωση"", ""Τεχνικές και Ψηφιακές Δεξιότητες""]",56
61681,"Data Science Industrialization, DevOps Senior Manager","[""Σαφής και συνοπτική επικοινωνία"", ""Αυτοματοποίηση επαναλαμβανόμενων εργασιών""]","[""Επαγγελματική Επικοινωνία"", ""Ψηφιακή Παραγωγικότητα και ΤΝ""]",2
61885,Site Reliability Engineer (SRE),"[""Αυτοματοποίηση επαναλαμβανόμενων εργασιών"", ""Οργάνωση ψηφιακού χώρου εργασίας""]","[""Ψηφιακή Παραγωγικότητα και ΤΝ"", ""Διαχείριση Δεδομένων και Πληροφορίας""]",2
64239,"Associate, Cybersecurity Automation Developer","[""Σαφής και συνοπτική επικοινωνία"", ""Αυτοματοποίηση επαναλαμβανόμενων εργασιών"", ""Διαχείριση χρόνου"", ""Διαχείριση προσοχής και συγκέντρωσης""]","[""Επαγγελματική Επικοινωνία"", ""Ψηφιακή Παραγωγικότητα και ΤΝ"", ""Προσωπική Διαχείριση""]",4
65345,Network Engineer,"[""Σύνταξη επαγγελματικών email"", ""Σαφής και συνοπτική επικοινωνία"", ""Οργάνωση ψηφιακού χώρου εργασίας"", ""Διαχείριση χρόνου"", ""Διαχείριση προσοχής και συγκέντρωσης""]","[""Ψηφιακή Παραγωγικότητα και ΤΝ"", ""Επαγγελματική Επικοινωνία"", ""Διαχείριση Δεδομένων και Πληροφορίας"", ""Προσωπική Διαχείριση""]",5
65380,"Senior Manager, Industrialized Assets Product Lead","[""Αποτελεσματική χρήση GPT"", ""Οργάνωση ψηφιακού χώρου εργασίας"", ""Διαχείριση χρόνου"", ""Ανάλυση επαγγελματικής αλληλογραφίας"", ""Ανάλυση ερωτημάτων υποστήριξης"", ""Ανάλυση δεδομένων αγοράς"", ""Ανάλυση γραφημάτων δεδομένων"", ""Ανάλυση ελέγχων συμμόρφωσης"", ""Οργάνωση επαγγελματικής αλληλογραφίας"", ""Οργάνωση ερωτημάτων υποστήριξης"", ""Οργάνωση δεδομένων αγοράς"", ""Οργάνωση γραφημάτων δεδομένων"", ""Οργάνωση ελέγχων συμμόρφωσης"", ""Διαχείριση επαγγελματικής αλληλογραφίας"", ""Διαχείριση ερωτημάτων υποστήριξης"", ""Διαχείριση δεδομένων αγοράς"", ""Διαχείριση γραφημάτων δεδομένων"", ""Διαχείριση ελέγχων συμμόρφωσης"", ""Παρακολούθηση επαγγελματικής αλληλογραφίας"", ""Παρακολούθηση ερωτημάτων υποστήριξης"", ""Παρακολούθηση δεδομένων αγοράς"", ""Παρακολούθηση γραφημάτων δεδομένων"", ""Παρακολούθηση ελέγχων συμμόρφωσης"", ""Αξιολόγηση επαγγελματικής αλληλογραφίας"", ""Αξιολόγηση ερωτημάτων υποστήριξης"", ""Αξιολόγηση δεδομένων αγοράς"", ""Αξιολόγηση γραφημάτων δεδομένων"", ""Αξιολόγηση ελέγχων συμμόρφωσης"", ""Τεκμηρίωση επαγγελματικής αλληλογραφίας"", ""Τεκμηρίωση ερωτημάτων υποστήριξης"", ""Τεκμηρίωση δεδομένων αγοράς"", ""Τεκμηρίωση γραφημάτων δεδομένων"", ""Τεκμηρίωση ελέγχων συμμόρφωσης"", ""Βελτίωση επαγγελματικής αλληλογραφίας"", ""Βελτίωση ερωτημάτων υποστήριξης"", ""Βελτίωση δεδομένων αγοράς"", ""Βελτίωση γραφημάτων δεδομένων"", ""Βελτίωση ελέγχων συμμόρφωσης"", ""Συντονισμός επαγγελματικής αλληλογραφίας"", ""Συντονισμός ερωτημάτων υποστήριξης"", ""Συντονισμός δεδομένων αγοράς"", ""Συντονισμός γραφημάτων δεδομένων"", ""Συντονισμός ελέγχων συμμόρφωσης"", ""Έλεγχος επαγγελματικής αλληλογραφίας"", ""Έλεγχος ερωτημάτων υποστήριξης"", ""Έλεγχος δεδομένων αγοράς"", ""Έλεγχος γραφημάτων δεδομένων"", ""Έλεγχος ελέγχων συμμόρφωσης"", ""Προτεραιοποίηση επαγγελματικής αλληλογραφίας"", ""Προτεραιοποίηση ερωτημάτων υποστήριξης"", ""Προτεραιοποίηση δεδομένων αγοράς"", ""Προτεραιοποίηση γραφημάτων δεδομένων"", ""Προτεραιοποίηση ελέγχων συμμόρφωσης""]","[""Ψηφιακή Παραγωγικότητα και ΤΝ"", ""Διαχείριση Δεδομένων και Πληροφορίας"", ""Προσωπική Διαχείριση"", ""Επαγγελματική Επικοινωνία"", ""Ποιότητα και Συμμόρφωση"", ""Τεχνικές και Ψηφιακές Δεξιότητες"", ""Διοικητική Υποστήριξη"", ""Ομαδική Συνεργασία""]",53
75951,"Manager, Data Science Solution Engineer","[""Σαφής και συνοπτική επικοινωνία"", ""Οργάνωση ψηφιακού χώρου εργασίας"", ""Διαχείριση χρόνου""]","[""Επαγγελματική Επικοινωνία"", ""Διαχείριση Δεδομένων και Πληροφορίας"", ""Προσωπική Διαχείριση""]",3
75980,"Network & System Admin Engineer - Heraklion, Crete","[""Σαφής και συνοπτική επικοινωνία"", ""Αυτοματοποίηση επαναλαμβανόμενων εργασιών"", ""Διαχείριση χρόνου""]","[""Επαγγελματική Επικοινωνία"", ""Ψηφιακή Παραγωγικότητα και ΤΝ"", ""Προσωπική Διαχείριση""]",3
76037,"Cloud Engineer – Cyprus, Greece or Remote","[""Αυτοματοποίηση επαναλαμβανόμενων εργασιών"", ""Οργάνωση ψηφιακού χώρου εργασίας"", ""Διαχείριση χρόνου"", ""Διαχείριση προσοχής και συγκέντρωσης""]","[""Ψηφιακή Παραγωγικότητα και ΤΝ"", ""Διαχείριση Δεδομένων και Πληροφορίας"", ""Προσωπική Διαχείριση""]",4
76040,"Financial Services Risk Management Consultant - Athens, Patras, Thessaloniki","[""Σαφής και συνοπτική επικοινωνία"", ""Διαχείριση χρόνου"", ""Διαχείριση προσοχής και συγκέντρωσης""]","[""Επαγγελματική Επικοινωνία"", ""Προσωπική Διαχείριση""]",3
80899,Mid-Senior Software Developer,"[""Αυτοματοποίηση επαναλαμβανόμενων εργασιών""]","[""Ψηφιακή Παραγωγικότητα και ΤΝ""]",1
81091,Intraday  Shift Trader,"[""Διαχείριση χρόνου"", ""Ανάλυση χρονοδιαγραμμάτων έργου"", ""Ανάλυση προτύπων εγγράφων"", ""Ανάλυση σφαλμάτων κώδικα"", ""Ανάλυση αναγκών stakeholders"", ""Ανάλυση αιτημάτων αλλαγής"", ""Οργάνωση χρονοδιαγραμμάτων έργου"", ""Οργάνωση προτύπων εγγράφων"", ""Οργάνωση σφαλμάτων κώδικα"", ""Οργάνωση αναγκών stakeholders"", ""Οργάνωση αιτημάτων αλλαγής"", ""Διαχείριση χρονοδιαγραμμάτων έργου"", ""Διαχείριση προτύπων εγγράφων"", ""Διαχείριση σφαλμάτων κώδικα"", ""Διαχείριση αναγκών stakeholders"", ""Διαχείριση αιτημάτων αλλαγής"", ""Παρακολούθηση χρονοδιαγραμμάτων έργου"", ""Παρακολούθηση προτύπων εγγράφων"", ""Παρακολούθηση σφαλμάτων κώδικα"", ""Παρακολούθηση αναγκών stakeholders"", ""Παρακολούθηση αιτημάτων αλλαγής"", ""Αξιολόγηση χρονοδιαγραμμάτων έργου"", ""Αξιολόγηση προτύπων εγγράφων"", ""Αξιολόγηση σφαλμάτων κώδικα"", ""Αξιολόγηση αναγκών stakeholders"", ""Αξιολόγηση αιτημάτων αλλαγής"", ""Τεκμηρίωση χρονοδιαγραμμάτων έργου"", ""Τεκμηρίωση προτύπων εγγράφων"", ""Τεκμηρίωση σφαλμάτων κώδικα"", ""Τεκμηρίωση αναγκών stakeholders"", ""Τεκμηρίωση αιτημάτων αλλαγής"", ""Βελτίωση χρονοδιαγραμμάτων έργου"", ""Βελτίωση προτύπων εγγράφων"", ""Βελτίωση σφαλμάτων κώδικα"", ""Βελτίωση αναγκών stakeholders"", ""Βελτίωση αιτημάτων αλλαγής"", ""Συντονισμός χρονοδιαγραμμάτων έργου"", ""Συντονισμός προτύπων εγγράφων"", ""Συντονισμός σφαλμάτων κώδικα"", ""Συντονισμός αναγκών stakeholders"", ""Συντονισμός αιτημάτων αλλαγής"", ""Έλεγχος χρονοδιαγραμμάτων έργου"", ""Έλεγχος προτύπων εγγράφων"", ""Έλεγχος σφαλμάτων κώδικα"", ""Έλεγχος αναγκών stakeholders"", ""Έλεγχος αιτημάτων αλλαγής"", ""Προτεραιοποίηση χρονοδιαγραμμάτων έργου"", ""Προτεραιοποίηση προτύπων εγγράφων"", ""Προτεραιοποίηση σφαλμάτων κώδικα"", ""Προτεραιοποίηση αναγκών stakeholders"", ""Προτεραιοποίηση αιτημάτων αλλαγής""]","[""Προσωπική Διαχείριση"", ""Διοικητική Υποστήριξη"", ""Ομαδική Συνεργασία"", ""Διαχείριση Δεδομένων και Πληροφορίας"", ""Επαγγελματική Επικοινωνία"", ""Ποιότητα και Συμμόρφωση"", ""Τεχνικές και Ψηφιακές Δεξιότητες""]",51
83842,"Manager, Solution Engineering","[""Σαφής και συνοπτική επικοινωνία""]","[""Επαγγελματική Επικοινωνία""]",1
1126,Frontend Engineer (React) Mid-Senior,"[""Σαφής και συνοπτική επικοινωνία"", ""Ενεργητική ακρόαση"", ""Επιβεβαίωση οδηγιών και απαιτήσεων""]","[""Επαγγελματική Επικοινωνία""]",3
1127,Frontend Engineer (React) Mid-Senior,"[""Σαφής και συνοπτική επικοινωνία"", ""Ενεργητική ακρόαση"", ""Επιβεβαίωση οδηγιών και απαιτήσεων""]","[""Επαγγελματική Επικοινωνία""]",3
1129,Frontend Engineer (React) Mid-Senior,"[""Σαφής και συνοπτική επικοινωνία"", ""Ενεργητική ακρόαση"", ""Επιβεβαίωση οδηγιών και απαιτήσεων""]","[""Επαγγελματική Επικοινωνία""]",3
1170,Assistant Visual Merchandiser (In store) #JD Sports Smart Park,"[""Σαφής και συνοπτική επικοινωνία"", ""Διαχείριση χρόνου"", ""Διαχείριση προσοχής και συγκέντρωσης""]","[""Επαγγελματική Επικοινωνία"", ""Προσωπική Διαχείριση""]",3
1787,German Content Moderator (m/w/d) in Thessaloniki,"[""Σύνταξη επαγγελματικών email""]","[""Ψηφιακή Παραγωγικότητα και ΤΝ""]",1
4478,Electrical Technician / One&Only Kéa Island,"[""Διαχείριση προσοχής και συγκέντρωσης"", ""Ανάλυση αιτημάτων πελατών"", ""Ανάλυση λειτουργικών οδηγιών"", ""Ανάλυση λιστών επαφών"", ""Ανάλυση παρουσιάσεων"", ""Ανάλυση σχολίων αξιολόγησης"", ""Οργάνωση αιτημάτων πελατών"", ""Οργάνωση λειτουργικών οδηγιών"", ""Οργάνωση λιστών επαφών"", ""Οργάνωση παρουσιάσεων"", ""Οργάνωση σχολίων αξιολόγησης"", ""Διαχείριση αιτημάτων πελατών"", ""Διαχείριση λειτουργικών οδηγιών"", ""Διαχείριση λιστών επαφών"", ""Διαχείριση παρουσιάσεων"", ""Διαχείριση σχολίων αξιολόγησης"", ""Παρακολούθηση αιτημάτων πελατών"", ""Παρακολούθηση λειτουργικών οδηγιών"", ""Παρακολούθηση λιστών επαφών"", ""Παρακολούθηση παρουσιάσεων"", ""Παρακολούθηση σχολίων αξιολόγησης"", ""Αξιολόγηση αιτημάτων πελατών"", ""Αξιολόγηση λειτουργικών οδηγιών"", ""Αξιολόγηση λιστών επαφών"", ""Αξιολόγηση παρουσιάσεων"", ""Αξιολόγηση σχολίων αξιολόγησης"", ""Τεκμηρίωση αιτημάτων πελατών"", ""Τεκμηρίωση λειτουργικών οδηγιών"", ""Τεκμηρίωση λιστών επαφών"", ""Τεκμηρίωση παρουσιάσεων"", ""Τεκμηρίωση σχολίων αξιολόγησης"", ""Βελτίωση αιτημάτων πελατών"", ""Βελτίωση λειτουργικών οδηγιών"", ""Βελτίωση λιστών επαφών"", ""Βελτίωση παρουσιάσεων"", ""Βελτίωση σχολίων αξιολόγησης"", ""Συντονισμός αιτημάτων πελατών"", ""Συντονισμός λειτουργικών οδηγιών"", ""Συντονισμός λιστών επαφών"", ""Συντονισμός παρουσιάσεων"", ""Συντονισμός σχολίων αξιολόγησης"", ""Έλεγχος αιτημάτων πελατών"", ""Έλεγχος λειτουργικών οδηγιών"", ""Έλεγχος λιστών επαφών"", ""Έλεγχος παρουσιάσεων"", ""Έλεγχος σχολίων αξιολόγησης"", ""Προτεραιοποίηση αιτημάτων πελατών"", ""Προτεραιοποίηση λειτουργικών οδηγιών"", ""Προτεραιοποίηση λιστών επαφών"", ""Προτεραιοποίηση παρουσιάσεων"", ""Προτεραιοποίηση σχολίων αξιολόγησης""]","[""Προσωπική Διαχείριση"", ""Ψηφιακή Παραγωγικότητα και ΤΝ"", ""Μάθηση και Προσαρμοστικότητα"", ""Διαχείριση Έργων"", ""Ανάλυση και Επίλυση Προβλημάτων"", ""Εξυπηρέτηση Πελατών""]",51
51838,Electrical Technician / One&Only Kéa Island,"[""Διαχείριση προσοχής και συγκέντρωσης"", ""Ανάλυση αιτημάτων πελατών"", ""Ανάλυση λειτουργικών οδηγιών"", ""Ανάλυση λιστών επαφών"", ""Ανάλυση παρουσιάσεων"", ""Ανάλυση σχολίων αξιολόγησης"", ""Οργάνωση αιτημάτων πελατών"", ""Οργάνωση λειτουργικών οδηγιών"", ""Οργάνωση λιστών επαφών"", ""Οργάνωση παρουσιάσεων"", ""Οργάνωση σχολίων αξιολόγησης"", ""Διαχείριση αιτημάτων πελατών"", ""Διαχείριση λειτουργικών οδηγιών"", ""Διαχείριση λιστών επαφών"", ""Διαχείριση παρουσιάσεων"", ""Διαχείριση σχολίων αξιολόγησης"", ""Παρακολούθηση αιτημάτων πελατών"", ""Παρακολούθηση λειτουργικών οδηγιών"", ""Παρακολούθηση λιστών επαφών"", ""Παρακολούθηση παρουσιάσεων"", ""Παρακολούθηση σχολίων αξιολόγησης"", ""Αξιολόγηση αιτημάτων πελατών"", ""Αξιολόγηση λειτουργικών οδηγιών"", ""Αξιολόγηση λιστών επαφών"", ""Αξιολόγηση παρουσιάσεων"", ""Αξιολόγηση σχολίων αξιολόγησης"", ""Τεκμηρίωση αιτημάτων πελατών"", ""Τεκμηρίωση λειτουργικών οδηγιών"", ""Τεκμηρίωση λιστών επαφών"", ""Τεκμηρίωση παρουσιάσεων"", ""Τεκμηρίωση σχολίων αξιολόγησης"", ""Βελτίωση αιτημάτων πελατών"", ""Βελτίωση λειτουργικών οδηγιών"", ""Βελτίωση λιστών επαφών"", ""Βελτίωση παρουσιάσεων"", ""Βελτίωση σχολίων αξιολόγησης"", ""Συντονισμός αιτημάτων πελατών"", ""Συντονισμός λειτουργικών οδηγιών"", ""Συντονισμός λιστών επαφών"", ""Συντονισμός παρουσιάσεων"", ""Συντονισμός σχολίων αξιολόγησης"", ""Έλεγχος αιτημάτων πελατών"", ""Έλεγχος λειτουργικών οδηγιών"", ""Έλεγχος λιστών επαφών"", ""Έλεγχος παρουσιάσεων"", ""Έλεγχος σχολίων αξιολόγησης"", ""Προτεραιοποίηση αιτημάτων πελατών"", ""Προτεραιοποίηση λειτουργικών οδηγιών"", ""Προτεραιοποίηση λιστών επαφών"", ""Προτεραιοποίηση παρουσιάσεων"", ""Προτεραιοποίηση σχολίων αξιολόγησης""]","[""Προσωπική Διαχείριση"", ""Ψηφιακή Παραγωγικότητα και ΤΝ"", ""Μάθηση και Προσαρμοστικότητα"", ""Διαχείριση Έργων"", ""Ανάλυση και Επίλυση Προβλημάτων"", ""Εξυπηρέτηση Πελατών""]",51
65420,German Content Moderator (m/w/d) in Thessaloniki,"[""Σύνταξη επαγγελματικών email""]","[""Ψηφιακή Παραγωγικότητα και ΤΝ""]",1
80800,Mobile/IoT Engineer,"[""Σαφής και συνοπτική επικοινωνία""]","[""Επαγγελματική Επικοινωνία""]",1
87009,"Manager, AI Product Development","[""Σύνταξη επαγγελματικών email"", ""Σαφής και συνοπτική επικοινωνία"", ""Αποτελεσματική χρήση GPT"", ""Διαχείριση χρόνου"", ""Διαχείριση προσοχής και συγκέντρωσης""]","[""Ψηφιακή Παραγωγικότητα και ΤΝ"", ""Επαγγελματική Επικοινωνία"", ""Προσωπική Διαχείριση""]",5
100262,Civil Pavement Engineer,"[""Αποτελεσματική αναζήτηση στο διαδίκτυο""]","[""Διαχείριση Δεδομένων και Πληροφορίας""]",1
100860,"Associate, Full stack Engineer","[""Σαφής και συνοπτική επικοινωνία"", ""Διαχείριση χρόνου""]","[""Επαγγελματική Επικοινωνία"", ""Προσωπική Διαχείριση""]",2
101096,In Store Visual Merchandiser #JD Sports Kavala - New Store,"[""Σαφής και συνοπτική επικοινωνία"", ""Διαχείριση χρόνου"", ""Διαχείριση προσοχής και συγκέντρωσης""]","[""Επαγγελματική Επικοινωνία"", ""Προσωπική Διαχείριση""]",3
111682,"Senior Associate, AI and Data Science Full Stack Engineer","[""Σαφής και συνοπτική επικοινωνία"", ""Διαχείριση χρόνου""]","[""Επαγγελματική Επικοινωνία"", ""Προσωπική Διαχείριση""]",2
111683,"Manager, AI and Data Science Full Stack Engineer","[""Σαφής και συνοπτική επικοινωνία"", ""Διαχείριση χρόνου""]","[""Επαγγελματική Επικοινωνία"", ""Προσωπική Διαχείριση""]",2
1695229,Lead React Developer,"[""Σαφής και συνοπτική επικοινωνία"", ""Διαχείριση προσοχής και συγκέντρωσης""]","[""Επαγγελματική Επικοινωνία"", ""Προσωπική Διαχείριση""]",2
1695230,Senior React Developer,"[""Σαφής και συνοπτική επικοινωνία"", ""Διαχείριση προσοχής και συγκέντρωσης""]","[""Επαγγελματική Επικοινωνία"", ""Προσωπική Διαχείριση""]",2
1695277,Mobile/IoT Engineer,"[""Σαφής και συνοπτική επικοινωνία""]","[""Επαγγελματική Επικοινωνία""]",1
1695837,Full Stack Software Engineer (Front End focused),"[""Σαφής και συνοπτική επικοινωνία"", ""Διαχείριση προσοχής και συγκέντρωσης""]","[""Επαγγελματική Επικοινωνία"", ""Προσωπική Διαχείριση""]",2
1720038,"Manager, Front-End Developer - Interactive Experiences Specialist","[""Σαφής και συνοπτική επικοινωνία"", ""Διαχείριση προσοχής και συγκέντρωσης"", ""Επιβεβαίωση οδηγιών και απαιτήσεων""]","[""Επαγγελματική Επικοινωνία"", ""Προσωπική Διαχείριση""]",3
1726396,Application Team Leader,"[""Διαχείριση χρόνου"", ""Διαχείριση προσοχής και συγκέντρωσης""]","[""Προσωπική Διαχείριση""]",2
1726697,Guest Relations Manager,[],[],0
1726729,Electrical Technician / One&Only Kéa Island,"[""Διαχείριση προσοχής και συγκέντρωσης"", ""Ανάλυση αιτημάτων πελατών"", ""Ανάλυση λειτουργικών οδηγιών"", ""Ανάλυση λιστών επαφών"", ""Ανάλυση παρουσιάσεων"", ""Ανάλυση σχολίων αξιολόγησης"", ""Οργάνωση αιτημάτων πελατών"", ""Οργάνωση λειτουργικών οδηγιών"", ""Οργάνωση λιστών επαφών"", ""Οργάνωση παρουσιάσεων"", ""Οργάνωση σχολίων αξιολόγησης"", ""Διαχείριση αιτημάτων πελατών"", ""Διαχείριση λειτουργικών οδηγιών"", ""Διαχείριση λιστών επαφών"", ""Διαχείριση παρουσιάσεων"", ""Διαχείριση σχολίων αξιολόγησης"", ""Παρακολούθηση αιτημάτων πελατών"", ""Παρακολούθηση λειτουργικών οδηγιών"", ""Παρακολούθηση λιστών επαφών"", ""Παρακολούθηση παρουσιάσεων"", ""Παρακολούθηση σχολίων αξιολόγησης"", ""Αξιολόγηση αιτημάτων πελατών"", ""Αξιολόγηση λειτουργικών οδηγιών"", ""Αξιολόγηση λιστών επαφών"", ""Αξιολόγηση παρουσιάσεων"", ""Αξιολόγηση σχολίων αξιολόγησης"", ""Τεκμηρίωση αιτημάτων πελατών"", ""Τεκμηρίωση λειτουργικών οδηγιών"", ""Τεκμηρίωση λιστών επαφών"", ""Τεκμηρίωση παρουσιάσεων"", ""Τεκμηρίωση σχολίων αξιολόγησης"", ""Βελτίωση αιτημάτων πελατών"", ""Βελτίωση λειτουργικών οδηγιών"", ""Βελτίωση λιστών επαφών"", ""Βελτίωση παρουσιάσεων"", ""Βελτίωση σχολίων αξιολόγησης"", ""Συντονισμός αιτημάτων πελατών"", ""Συντονισμός λειτουργικών οδηγιών"", ""Συντονισμός λιστών επαφών"", ""Συντονισμός παρουσιάσεων"", ""Συντονισμός σχολίων αξιολόγησης"", ""Έλεγχος αιτημάτων πελατών"", ""Έλεγχος λειτουργικών οδηγιών"", ""Έλεγχος λιστών επαφών"", ""Έλεγχος παρουσιάσεων"", ""Έλεγχος σχολίων αξιολόγησης"", ""Προτεραιοποίηση αιτημάτων πελατών"", ""Προτεραιοποίηση λειτουργικών οδηγιών"", ""Προτεραιοποίηση λιστών επαφών"", ""Προτεραιοποίηση παρουσιάσεων"", ""Προτεραιοποίηση σχολίων αξιολόγησης""]","[""Προσωπική Διαχείριση"", ""Ψηφιακή Παραγωγικότητα και ΤΝ"", ""Μάθηση και Προσαρμοστικότητα"", ""Διαχείριση Έργων"", ""Ανάλυση και Επίλυση Προβλημάτων"", ""Εξυπηρέτηση Πελατών""]",51
1726769,Guest Relations Agent,[],[],0
1726807,Welcome Agent,[],[],0
1766874,Algorithm Specialist / Back End Developer,"[""Σύνταξη επαγγελματικών email"", ""Σαφής και συνοπτική επικοινωνία"", ""Διαχείριση χρόνου""]","[""Ψηφιακή Παραγωγικότητα και ΤΝ"", ""Επαγγελματική Επικοινωνία"", ""Προσωπική Διαχείριση""]",3
1784196,Mobile/IoT Engineer,"[""Σαφής και συνοπτική επικοινωνία""]","[""Επαγγελματική Επικοινωνία""]",1
1799679,Guest Relations Agent,[],[],0
1799680,Welcome Agent,[],[],0
1800080,Software Engineer (Java/React Full Stack),"[""Σύνταξη επαγγελματικών email"", ""Σαφής και συνοπτική επικοινωνία"", ""Διαχείριση χρόνου"", ""Διαχείριση προσοχής και συγκέντρωσης""]","[""Ψηφιακή Παραγωγικότητα και ΤΝ"", ""Επαγγελματική Επικοινωνία"", ""Προσωπική Διαχείριση""]",4
1800795,Electrical Technician / One&Only Kéa Island,"[""Διαχείριση προσοχής και συγκέντρωσης"", ""Ανάλυση αιτημάτων πελατών"", ""Ανάλυση λειτουργικών οδηγιών"", ""Ανάλυση λιστών επαφών"", ""Ανάλυση παρουσιάσεων"", ""Ανάλυση σχολίων αξιολόγησης"", ""Οργάνωση αιτημάτων πελατών"", ""Οργάνωση λειτουργικών οδηγιών"", ""Οργάνωση λιστών επαφών"", ""Οργάνωση παρουσιάσεων"", ""Οργάνωση σχολίων αξιολόγησης"", ""Διαχείριση αιτημάτων πελατών"", ""Διαχείριση λειτουργικών οδηγιών"", ""Διαχείριση λιστών επαφών"", ""Διαχείριση παρουσιάσεων"", ""Διαχείριση σχολίων αξιολόγησης"", ""Παρακολούθηση αιτημάτων πελατών"", ""Παρακολούθηση λειτουργικών οδηγιών"", ""Παρακολούθηση λιστών επαφών"", ""Παρακολούθηση παρουσιάσεων"", ""Παρακολούθηση σχολίων αξιολόγησης"", ""Αξιολόγηση αιτημάτων πελατών"", ""Αξιολόγηση λειτουργικών οδηγιών"", ""Αξιολόγηση λιστών επαφών"", ""Αξιολόγηση παρουσιάσεων"", ""Αξιολόγηση σχολίων αξιολόγησης"", ""Τεκμηρίωση αιτημάτων πελατών"", ""Τεκμηρίωση λειτουργικών οδηγιών"", ""Τεκμηρίωση λιστών επαφών"", ""Τεκμηρίωση παρουσιάσεων"", ""Τεκμηρίωση σχολίων αξιολόγησης"", ""Βελτίωση αιτημάτων πελατών"", ""Βελτίωση λειτουργικών οδηγιών"", ""Βελτίωση λιστών επαφών"", ""Βελτίωση παρουσιάσεων"", ""Βελτίωση σχολίων αξιολόγησης"", ""Συντονισμός αιτημάτων πελατών"", ""Συντονισμός λειτουργικών οδηγιών"", ""Συντονισμός λιστών επαφών"", ""Συντονισμός παρουσιάσεων"", ""Συντονισμός σχολίων αξιολόγησης"", ""Έλεγχος αιτημάτων πελατών"", ""Έλεγχος λειτουργικών οδηγιών"", ""Έλεγχος λιστών επαφών"", ""Έλεγχος παρουσιάσεων"", ""Έλεγχος σχολίων αξιολόγησης"", ""Προτεραιοποίηση αιτημάτων πελατών"", ""Προτεραιοποίηση λειτουργικών οδηγιών"", ""Προτεραιοποίηση λιστών επαφών"", ""Προτεραιοποίηση παρουσιάσεων"", ""Προτεραιοποίηση σχολίων αξιολόγησης""]","[""Προσωπική Διαχείριση"", ""Ψηφιακή Παραγωγικότητα και ΤΝ"", ""Μάθηση και Προσαρμοστικότητα"", ""Διαχείριση Έργων"", ""Ανάλυση και Επίλυση Προβλημάτων"", ""Εξυπηρέτηση Πελατών""]",51
1826469,Senior React Developer,"[""Σαφής και συνοπτική επικοινωνία"", ""Διαχείριση προσοχής και συγκέντρωσης""]","[""Επαγγελματική Επικοινωνία"", ""Προσωπική Διαχείριση""]",2
1827191,Application Architect,"[""Σαφής και συνοπτική επικοινωνία"", ""Αυτοματοποίηση επαναλαμβανόμενων εργασιών"", ""Οργάνωση ψηφιακού χώρου εργασίας"", ""Διαχείριση προσοχής και συγκέντρωσης"", ""Επιβεβαίωση οδηγιών και απαιτήσεων""]","[""Επαγγελματική Επικοινωνία"", ""Ψηφιακή Παραγωγικότητα και ΤΝ"", ""Διαχείριση Δεδομένων και Πληροφορίας"", ""Προσωπική Διαχείριση""]",5
1827192,Application Architect,"[""Σαφής και συνοπτική επικοινωνία"", ""Αυτοματοποίηση επαναλαμβανόμενων εργασιών"", ""Οργάνωση ψηφιακού χώρου εργασίας"", ""Διαχείριση προσοχής και συγκέντρωσης"", ""Επιβεβαίωση οδηγιών και απαιτήσεων""]","[""Επαγγελματική Επικοινωνία"", ""Ψηφιακή Παραγωγικότητα και ΤΝ"", ""Διαχείριση Δεδομένων και Πληροφορίας"", ""Προσωπική Διαχείριση""]",5
1827194,Application Architect,"[""Σαφής και συνοπτική επικοινωνία"", ""Αυτοματοποίηση επαναλαμβανόμενων εργασιών"", ""Οργάνωση ψηφιακού χώρου εργασίας"", ""Διαχείριση προσοχής και συγκέντρωσης"", ""Επιβεβαίωση οδηγιών και απαιτήσεων""]","[""Επαγγελματική Επικοινωνία"", ""Ψηφιακή Παραγωγικότητα και ΤΝ"", ""Διαχείριση Δεδομένων και Πληροφορίας"", ""Προσωπική Διαχείριση""]",5
1537,Talent Acquisition Professional,"[""Διαχείριση χρόνου"", ""Διαχείριση προσοχής και συγκέντρωσης""]","[""Προσωπική Διαχείριση""]",2
1868,Recruitment Specialist,"[""Αυτοματοποίηση επαναλαμβανόμενων εργασιών"", ""Διαχείριση προσοχής και συγκέντρωσης""]","[""Ψηφιακή Παραγωγικότητα και ΤΝ"", ""Προσωπική Διαχείριση""]",2
2047,Recruiter,"[""Σαφής και συνοπτική επικοινωνία"", ""Διαχείριση προσοχής και συγκέντρωσης""]","[""Επαγγελματική Επικοινωνία"", ""Προσωπική Διαχείριση""]",2
3271,Talent Sourcer - German Department (Recruiter),"[""Σύνταξη επαγγελματικών email"", ""Σαφής και συνοπτική επικοινωνία"", ""Διαχείριση χρόνου""]","[""Ψηφιακή Παραγωγικότητα και ΤΝ"", ""Επαγγελματική Επικοινωνία"", ""Προσωπική Διαχείριση""]",3
4135,Junior Recruitment Consultant,"[""Σύνταξη επαγγελματικών email"", ""Σαφής και συνοπτική επικοινωνία"", ""Διαχείριση χρόνου""]","[""Ψηφιακή Παραγωγικότητα και ΤΝ"", ""Επαγγελματική Επικοινωνία"", ""Προσωπική Διαχείριση""]",3
40757,HR Recruiter,"[""Διαχείριση χρόνου""]","[""Προσωπική Διαχείριση""]",1
43126,Crew Coordinator & Recruiter,"[""Διαχείριση προσοχής και συγκέντρωσης""]","[""Προσωπική Διαχείριση""]",1
45581,Junior Recruiter - ALIMOS,"[""Οργάνωση ψηφιακού χώρου εργασίας"", ""Διαχείριση προσοχής και συγκέντρωσης""]","[""Διαχείριση Δεδομένων και Πληροφορίας"", ""Προσωπική Διαχείριση""]",2
45784,New jobs from Telecroft to staff a customer support department for a large Banking organization.,"[""Σύνταξη επαγγελματικών email"", ""Σαφής και συνοπτική επικοινωνία"", ""Διαχείριση χρόνου""]","[""Ψηφιακή Παραγωγικότητα και ΤΝ"", ""Επαγγελματική Επικοινωνία"", ""Προσωπική Διαχείριση""]",3
50805,Resourcing Consultant,"[""Σαφής και συνοπτική επικοινωνία"", ""Διαχείριση χρόνου""]","[""Επαγγελματική Επικοινωνία"", ""Προσωπική Διαχείριση""]",2
50806,Resourcing Consultant,"[""Σαφής και συνοπτική επικοινωνία"", ""Διαχείριση χρόνου""]","[""Επαγγελματική Επικοινωνία"", ""Προσωπική Διαχείριση""]",2
51943,Talent Sourcer,"[""Σαφής και συνοπτική επικοινωνία"", ""Διαχείριση χρόνου""]","[""Επαγγελματική Επικοινωνία"", ""Προσωπική Διαχείριση""]",2
53926,German Recruiter,"[""Σαφής και συνοπτική επικοινωνία"", ""Διαχείριση χρόνου""]","[""Επαγγελματική Επικοινωνία"", ""Προσωπική Διαχείριση""]",2
57164,New jobs from Telecroft to staff a Credit Control Officer department.,"[""Σύνταξη επαγγελματικών email"", ""Σαφής και συνοπτική επικοινωνία""]","[""Ψηφιακή Παραγωγικότητα και ΤΝ"", ""Επαγγελματική Επικοινωνία""]",2
57199,HR Recruiter - ICAP Contact Center,"[""Σύνταξη επαγγελματικών email"", ""Σαφής και συνοπτική επικοινωνία"", ""Διαχείριση χρόνου""]","[""Ψηφιακή Παραγωγικότητα και ΤΝ"", ""Επαγγελματική Επικοινωνία"", ""Προσωπική Διαχείριση""]",3
57227,HR Recruiter,"[""Σαφής και συνοπτική επικοινωνία"", ""Διαχείριση χρόνου""]","[""Επαγγελματική Επικοινωνία"", ""Προσωπική Διαχείριση""]",2
59479,Junior Recruiter,"[""Σαφής και συνοπτική επικοινωνία"", ""Διαχείριση χρόνου"", ""Διαχείριση προσοχής και συγκέντρωσης""]","[""Επαγγελματική Επικοινωνία"", ""Προσωπική Διαχείριση""]",3
59525,HR Recruiter (Thessaloniki),"[""Σαφής και συνοπτική επικοινωνία"", ""Διαχείριση χρόνου""]","[""Επαγγελματική Επικοινωνία"", ""Προσωπική Διαχείριση""]",2
59793,Senior Recruitment Specialist,"[""Σαφής και συνοπτική επικοινωνία"", ""Διαχείριση χρόνου"", ""Διαχείριση προσοχής και συγκέντρωσης""]","[""Επαγγελματική Επικοινωνία"", ""Προσωπική Διαχείριση""]",3
64204,HR Recruiter,"[""Σαφής και συνοπτική επικοινωνία"", ""Διαχείριση προσοχής και συγκέντρωσης""]","[""Επαγγελματική Επικοινωνία"", ""Προσωπική Διαχείριση""]",2
65374,Recruitment Specialist,"[""Σαφής και συνοπτική επικοινωνία"", ""Διαχείριση χρόνου"", ""Διαχείριση προσοχής και συγκέντρωσης"", ""Ανάλυση χρονοδιαγραμμάτων έργου"", ""Ανάλυση προτύπων εγγράφων"", ""Ανάλυση σφαλμάτων κώδικα"", ""Ανάλυση αναγκών stakeholders"", ""Ανάλυση αιτημάτων αλλαγής"", ""Οργάνωση χρονοδιαγραμμάτων έργου"", ""Οργάνωση προτύπων εγγράφων"", ""Οργάνωση σφαλμάτων κώδικα"", ""Οργάνωση αναγκών stakeholders"", ""Οργάνωση αιτημάτων αλλαγής"", ""Διαχείριση χρονοδιαγραμμάτων έργου"", ""Διαχείριση προτύπων εγγράφων"", ""Διαχείριση σφαλμάτων κώδικα"", ""Διαχείριση αναγκών stakeholders"", ""Διαχείριση αιτημάτων αλλαγής"", ""Παρακολούθηση χρονοδιαγραμμάτων έργου"", ""Παρακολούθηση προτύπων εγγράφων"", ""Παρακολούθηση σφαλμάτων κώδικα"", ""Παρακολούθηση αναγκών stakeholders"", ""Παρακολούθηση αιτημάτων αλλαγής"", ""Αξιολόγηση χρονοδιαγραμμάτων έργου"", ""Αξιολόγηση προτύπων εγγράφων"", ""Αξιολόγηση σφαλμάτων κώδικα"", ""Αξιολόγηση αναγκών stakeholders"", ""Αξιολόγηση αιτημάτων αλλαγής"", ""Τεκμηρίωση χρονοδιαγραμμάτων έργου"", ""Τεκμηρίωση προτύπων εγγράφων"", ""Τεκμηρίωση σφαλμάτων κώδικα"", ""Τεκμηρίωση αναγκών stakeholders"", ""Τεκμηρίωση αιτημάτων αλλαγής"", ""Βελτίωση χρονοδιαγραμμάτων έργου"", ""Βελτίωση προτύπων εγγράφων"", ""Βελτίωση σφαλμάτων κώδικα"", ""Βελτίωση αναγκών stakeholders"", ""Βελτίωση αιτημάτων αλλαγής"", ""Συντονισμός χρονοδιαγραμμάτων έργου"", ""Συντονισμός προτύπων εγγράφων"", ""Συντονισμός σφαλμάτων κώδικα"", ""Συντονισμός αναγκών stakeholders"", ""Συντονισμός αιτημάτων αλλαγής"", ""Έλεγχος χρονοδιαγραμμάτων έργου"", ""Έλεγχος προτύπων εγγράφων"", ""Έλεγχος σφαλμάτων κώδικα"", ""Έλεγχος αναγκών stakeholders"", ""Έλεγχος αιτημάτων αλλαγής"", ""Προτεραιοποίηση χρονοδιαγραμμάτων έργου"", ""Προτεραιοποίηση προτύπων εγγράφων"", ""Προτεραιοποίηση σφαλμάτων κώδικα"", ""Προτεραιοποίηση αναγκών stakeholders"", ""Προτεραιοποίηση αιτημάτων αλλαγής""]","[""Επαγγελματική Επικοινωνία"", ""Προσωπική Διαχείριση"", ""Διοικητική Υποστήριξη"", ""Ομαδική Συνεργασία"", ""Διαχείριση Δεδομένων και Πληροφορίας"", ""Ποιότητα και Συμμόρφωση"", ""Τεχνικές και Ψηφιακές Δεξιότητες""]",53
75955,HR Recruiter,"[""Σαφής και συνοπτική επικοινωνία""]","[""Επαγγελματική Επικοινωνία""]",1
76105,New jobs from Telecroft to staff a customer support department for a large Banking organization.,"[""Σύνταξη επαγγελματικών email"", ""Σαφής και συνοπτική επικοινωνία"", ""Διαχείριση χρόνου""]","[""Ψηφιακή Παραγωγικότητα και ΤΝ"", ""Επαγγελματική Επικοινωνία"", ""Προσωπική Διαχείριση""]",3
80867,Senior Hospitality Recruiter,"[""Σαφής και συνοπτική επικοινωνία""]","[""Επαγγελματική Επικοινωνία""]",1
83849,HR Recruiter,"[""Σύνταξη επαγγελματικών email"", ""Σαφής και συνοπτική επικοινωνία"", ""Οργάνωση ψηφιακού χώρου εργασίας"", ""Διαχείριση χρόνου"", ""Διαχείριση προσοχής και συγκέντρωσης""]","[""Ψηφιακή Παραγωγικότητα και ΤΝ"", ""Επαγγελματική Επικοινωνία"", ""Διαχείριση Δεδομένων και Πληροφορίας"", ""Προσωπική Διαχείριση""]",5
83974,French Recruiter (Spanish or Dutch would be a strong plus),"[""Διαχείριση χρόνου""]","[""Προσωπική Διαχείριση""]",1
86962,Junior Recruiter/ Buddy finder,[],[],0
92237,Dentists for NHS in the UK,[],[],0
53,"Full Time Salespeople, Stavroupoli","[""Διαχείριση χρόνου""]","[""Προσωπική Διαχείριση""]",1
99,Representative of the recruiting company on the Greek market,[],[],0
108,Demand Planner,"[""Διαχείριση προσοχής και συγκέντρωσης""]","[""Προσωπική Διαχείριση""]",1
325,Secretariat,"[""Σαφής και συνοπτική επικοινωνία"", ""Διαχείριση χρόνου""]","[""Επαγγελματική Επικοινωνία"", ""Προσωπική Διαχείριση""]",2
841,Executive Assistant,"[""Σύνταξη επαγγελματικών email"", ""Διαχείριση χρόνου""]","[""Ψηφιακή Παραγωγικότητα και ΤΝ"", ""Προσωπική Διαχείριση""]",2
1012,TYPIST - SECRETARY,"[""Σύνταξη επαγγελματικών email""]","[""Ψηφιακή Παραγωγικότητα και ΤΝ""]",1
1211,Medical Secretary,"[""Σύνταξη επαγγελματικών email"", ""Σαφής και συνοπτική επικοινωνία"", ""Οργάνωση ψηφιακού χώρου εργασίας""]","[""Ψηφιακή Παραγωγικότητα και ΤΝ"", ""Επαγγελματική Επικοινωνία"", ""Διαχείριση Δεδομένων και Πληροφορίας""]",3
1255,SECRETARIAL SUPPORT-TELEPHONE CENTER,"[""Διαχείριση χρόνου""]","[""Προσωπική Διαχείριση""]",1
1300,Secretary,"[""Σαφής και συνοπτική επικοινωνία""]","[""Επαγγελματική Επικοινωνία""]",1
1310,SECRETARIAL SUPPORT - TELEPHONE CENTER,"[""Σύνταξη επαγγελματικών email"", ""Διαχείριση χρόνου""]","[""Ψηφιακή Παραγωγικότητα και ΤΝ"", ""Προσωπική Διαχείριση""]",2
1627,ADMINISTRATIVE SECRETARY,"[""Σύνταξη επαγγελματικών email"", ""Σαφής και συνοπτική επικοινωνία"", ""Οργάνωση ψηφιακού χώρου εργασίας""]","[""Ψηφιακή Παραγωγικότητα και ΤΝ"", ""Επαγγελματική Επικοινωνία"", ""Διαχείριση Δεδομένων και Πληροφορίας""]",3
1793,Directorate Secretary,"[""Σαφής και συνοπτική επικοινωνία"", ""Διαχείριση χρόνου"", ""Διαχείριση προσοχής και συγκέντρωσης""]","[""Επαγγελματική Επικοινωνία"", ""Προσωπική Διαχείριση""]",3
2151,Administrative Secretary,"[""Σύνταξη επαγγελματικών email"", ""Σαφής και συνοπτική επικοινωνία"", ""Οργάνωση ψηφιακού χώρου εργασίας""]","[""Ψηφιακή Παραγωγικότητα και ΤΝ"", ""Επαγγελματική Επικοινωνία"", ""Διαχείριση Δεδομένων και Πληροφορίας""]",3
2228,Administration Secretariat,"[""Σύνταξη επαγγελματικών email"", ""Σαφής και συνοπτική επικοινωνία"", ""Διαχείριση χρόνου""]","[""Ψηφιακή Παραγωγικότητα και ΤΝ"", ""Επαγγελματική Επικοινωνία"", ""Προσωπική Διαχείριση""]",3
2711,SECRETARY,"[""Σύνταξη επαγγελματικών email"", ""Σαφής και συνοπτική επικοινωνία""]","[""Ψηφιακή Παραγωγικότητα και ΤΝ"", ""Επαγγελματική Επικοινωνία""]",2
2743,SECRETARY,"[""Σαφής και συνοπτική επικοινωνία"", ""Διαχείριση χρόνου""]","[""Επαγγελματική Επικοινωνία"", ""Προσωπική Διαχείριση""]",2
2944,SECRETARY,"[""Σύνταξη επαγγελματικών email"", ""Διαχείριση χρόνου""]","[""Ψηφιακή Παραγωγικότητα και ΤΝ"", ""Προσωπική Διαχείριση""]",2
3181,INSURANCE AGENCY SECRETARY,"[""Οργάνωση ψηφιακού χώρου εργασίας""]","[""Διαχείριση Δεδομένων και Πληροφορίας""]",1
3293,ADMINISTRATIVE SECRETARY,"[""Σύνταξη επαγγελματικών email"", ""Σαφής και συνοπτική επικοινωνία"", ""Διαχείριση χρόνου"", ""Ανάλυση αιτημάτων πελατών"", ""Ανάλυση λειτουργικών οδηγιών"", ""Ανάλυση λιστών επαφών"", ""Ανάλυση παρουσιάσεων"", ""Ανάλυση σχολίων αξιολόγησης"", ""Οργάνωση αιτημάτων πελατών"", ""Οργάνωση λειτουργικών οδηγιών"", ""Οργάνωση λιστών επαφών"", ""Οργάνωση παρουσιάσεων"", ""Οργάνωση σχολίων αξιολόγησης"", ""Διαχείριση αιτημάτων πελατών"", ""Διαχείριση λειτουργικών οδηγιών"", ""Διαχείριση λιστών επαφών"", ""Διαχείριση παρουσιάσεων"", ""Διαχείριση σχολίων αξιολόγησης"", ""Παρακολούθηση αιτημάτων πελατών"", ""Παρακολούθηση λειτουργικών οδηγιών"", ""Παρακολούθηση λιστών επαφών"", ""Παρακολούθηση παρουσιάσεων"", ""Παρακολούθηση σχολίων αξιολόγησης"", ""Αξιολόγηση αιτημάτων πελατών"", ""Αξιολόγηση λειτουργικών οδηγιών"", ""Αξιολόγηση λιστών επαφών"", ""Αξιολόγηση παρουσιάσεων"", ""Αξιολόγηση σχολίων αξιολόγησης"", ""Τεκμηρίωση αιτημάτων πελατών"", ""Τεκμηρίωση λειτουργικών οδηγιών"", ""Τεκμηρίωση λιστών επαφών"", ""Τεκμηρίωση παρουσιάσεων"", ""Τεκμηρίωση σχολίων αξιολόγησης"", ""Βελτίωση αιτημάτων πελατών"", ""Βελτίωση λειτουργικών οδηγιών"", ""Βελτίωση λιστών επαφών"", ""Βελτίωση παρουσιάσεων"", ""Βελτίωση σχολίων αξιολόγησης"", ""Συντονισμός αιτημάτων πελατών"", ""Συντονισμός λειτουργικών οδηγιών"", ""Συντονισμός λιστών επαφών"", ""Συντονισμός παρουσιάσεων"", ""Συντονισμός σχολίων αξιολόγησης"", ""Έλεγχος αιτημάτων πελατών"", ""Έλεγχος λειτουργικών οδηγιών"", ""Έλεγχος λιστών επαφών"", ""Έλεγχος παρουσιάσεων"", ""Έλεγχος σχολίων αξιολόγησης"", ""Προτεραιοποίηση αιτημάτων πελατών"", ""Προτεραιοποίηση λειτουργικών οδηγιών"", ""Προτεραιοποίηση λιστών επαφών"", ""Προτεραιοποίηση παρουσιάσεων"", ""Προτεραιοποίηση σχολίων αξιολόγησης""]","[""Ψηφιακή Παραγωγικότητα και ΤΝ"", ""Επαγγελματική Επικοινωνία"", ""Προσωπική Διαχείριση"", ""Μάθηση και Προσαρμοστικότητα"", ""Διαχείριση Έργων"", ""Ανάλυση και Επίλυση Προβλημάτων"", ""Εξυπηρέτηση Πελατών""]",53
4032,Secretary - Heraklion Crete,"[""Σύνταξη επαγγελματικών email"", ""Σαφής και συνοπτική επικοινωνία"", ""Διαχείριση χρόνου""]","[""Ψηφιακή Παραγωγικότητα και ΤΝ"", ""Επαγγελματική Επικοινωνία"", ""Προσωπική Διαχείριση""]",3
4275,Secretary - Personal Assistant,"[""Σύνταξη επαγγελματικών email"", ""Σαφής και συνοπτική επικοινωνία"", ""Οργάνωση ψηφιακού χώρου εργασίας"", ""Διαχείριση χρόνου"", ""Ανάλυση χρονοδιαγραμμάτων έργου"", ""Ανάλυση προτύπων εγγράφων"", ""Ανάλυση σφαλμάτων κώδικα"", ""Ανάλυση αναγκών stakeholders"", ""Ανάλυση αιτημάτων αλλαγής"", ""Οργάνωση χρονοδιαγραμμάτων έργου"", ""Οργάνωση προτύπων εγγράφων"", ""Οργάνωση σφαλμάτων κώδικα"", ""Οργάνωση αναγκών stakeholders"", ""Οργάνωση αιτημάτων αλλαγής"", ""Διαχείριση χρονοδιαγραμμάτων έργου"", ""Διαχείριση προτύπων εγγράφων"", ""Διαχείριση σφαλμάτων κώδικα"", ""Διαχείριση αναγκών stakeholders"", ""Διαχείριση αιτημάτων αλλαγής"", ""Παρακολούθηση χρονοδιαγραμμάτων έργου"", ""Παρακολούθηση προτύπων εγγράφων"", ""Παρακολούθηση σφαλμάτων κώδικα"", ""Παρακολούθηση αναγκών stakeholders"", ""Παρακολούθηση αιτημάτων αλλαγής"", ""Αξιολόγηση χρονοδιαγραμμάτων έργου"", ""Αξιολόγηση προτύπων εγγράφων"", ""Αξιολόγηση σφαλμάτων κώδικα"", ""Αξιολόγηση αναγκών stakeholders"", ""Αξιολόγηση αιτημάτων αλλαγής"", ""Τεκμηρίωση χρονοδιαγραμμάτων έργου"", ""Τεκμηρίωση προτύπων εγγράφων"", ""Τεκμηρίωση σφαλμάτων κώδικα"", ""Τεκμηρίωση αναγκών stakeholders"", ""Τεκμηρίωση αιτημάτων αλλαγής"", ""Βελτίωση χρονοδιαγραμμάτων έργου"", ""Βελτίωση προτύπων εγγράφων"", ""Βελτίωση σφαλμάτων κώδικα"", ""Βελτίωση αναγκών stakeholders"", ""Βελτίωση αιτημάτων αλλαγής"", ""Συντονισμός χρονοδιαγραμμάτων έργου"", ""Συντονισμός προτύπων εγγράφων"", ""Συντονισμός σφαλμάτων κώδικα"", ""Συντονισμός αναγκών stakeholders"", ""Συντονισμός αιτημάτων αλλαγής"", ""Έλεγχος χρονοδιαγραμμάτων έργου"", ""Έλεγχος προτύπων εγγράφων"", ""Έλεγχος σφαλμάτων κώδικα"", ""Έλεγχος αναγκών stakeholders"", ""Έλεγχος αιτημάτων αλλαγής"", ""Προτεραιοποίηση χρονοδιαγραμμάτων έργου"", ""Προτεραιοποίηση προτύπων εγγράφων"", ""Προτεραιοποίηση σφαλμάτων κώδικα"", ""Προτεραιοποίηση αναγκών stakeholders"", ""Προτεραιοποίηση αιτημάτων αλλαγής""]","[""Ψηφιακή Παραγωγικότητα και ΤΝ"", ""Επαγγελματική Επικοινωνία"", ""Διαχείριση Δεδομένων και Πληροφορίας"", ""Προσωπική Διαχείριση"", ""Διοικητική Υποστήριξη"", ""Ομαδική Συνεργασία"", ""Ποιότητα και Συμμόρφωση"", ""Τεχνικές και Ψηφιακές Δεξιότητες""]",54
4400,Secretary / Fluent English speaking,[],[],0
40748,SECRETARIAT/ADMINISTRATIVE ASSISTANT,"[""Σύνταξη επαγγελματικών email"", ""Σαφής και συνοπτική επικοινωνία"", ""Διαχείριση χρόνου""]","[""Ψηφιακή Παραγωγικότητα και ΤΝ"", ""Επαγγελματική Επικοινωνία"", ""Προσωπική Διαχείριση""]",3
41879,Medical coordinator,"[""Σύνταξη επαγγελματικών email"", ""Διαχείριση χρόνου"", ""Διαχείριση προσοχής και συγκέντρωσης""]","[""Ψηφιακή Παραγωγικότητα και ΤΝ"", ""Προσωπική Διαχείριση""]",3
43622,Secretarial position/Secretariat administration,[],[],0
43866,FRONT OFFICE RECEPTIONIST - CALL CENTER- SECRETARY,"[""Σαφής και συνοπτική επικοινωνία"", ""Διαχείριση χρόνου""]","[""Επαγγελματική Επικοινωνία"", ""Προσωπική Διαχείριση""]",2
45524,SECRETARIAL SUPPORT,"[""Σύνταξη επαγγελματικών email"", ""Σαφής και συνοπτική επικοινωνία"", ""Διαχείριση χρόνου""]","[""Ψηφιακή Παραγωγικότητα και ΤΝ"", ""Επαγγελματική Επικοινωνία"", ""Προσωπική Διαχείριση""]",3
50868,Factory secretary,"[""Σαφής και συνοπτική επικοινωνία"", ""Οργάνωση ψηφιακού χώρου εργασίας""]","[""Επαγγελματική Επικοινωνία"", ""Διαχείριση Δεδομένων και Πληροφορίας""]",2
51701,SALES SECRETARY OFFICER,"[""Σαφής και συνοπτική επικοινωνία"", ""Οργάνωση ψηφιακού χώρου εργασίας"", ""Διαχείριση χρόνου""]","[""Επαγγελματική Επικοινωνία"", ""Διαχείριση Δεδομένων και Πληροφορίας"", ""Προσωπική Διαχείριση""]",3
51876,Back Office Secretary with Marketing knowledge,"[""Σύνταξη επαγγελματικών email"", ""Διαχείριση χρόνου"", ""Διαχείριση προσοχής και συγκέντρωσης""]","[""Ψηφιακή Παραγωγικότητα και ΤΝ"", ""Προσωπική Διαχείριση""]",3
51913,Secretary for the Staffing Department of Civil Engineering,"[""Σύνταξη επαγγελματικών email"", ""Σαφής και συνοπτική επικοινωνία"", ""Διαχείριση χρόνου"", ""Ανάλυση αιτημάτων πελατών"", ""Ανάλυση χρονοδιαγραμμάτων έργου"", ""Ανάλυση λειτουργικών οδηγιών"", ""Ανάλυση προτύπων εγγράφων"", ""Ανάλυση λιστών επαφών"", ""Ανάλυση σφαλμάτων κώδικα"", ""Ανάλυση παρουσιάσεων"", ""Ανάλυση αναγκών stakeholders"", ""Ανάλυση σχολίων αξιολόγησης"", ""Ανάλυση αιτημάτων αλλαγής"", ""Οργάνωση αιτημάτων πελατών"", ""Οργάνωση χρονοδιαγραμμάτων έργου"", ""Οργάνωση λειτουργικών οδηγιών"", ""Οργάνωση προτύπων εγγράφων"", ""Οργάνωση λιστών επαφών"", ""Οργάνωση σφαλμάτων κώδικα"", ""Οργάνωση παρουσιάσεων"", ""Οργάνωση αναγκών stakeholders"", ""Οργάνωση σχολίων αξιολόγησης"", ""Οργάνωση αιτημάτων αλλαγής"", ""Διαχείριση αιτημάτων πελατών"", ""Διαχείριση χρονοδιαγραμμάτων έργου"", ""Διαχείριση λειτουργικών οδηγιών"", ""Διαχείριση προτύπων εγγράφων"", ""Διαχείριση λιστών επαφών"", ""Διαχείριση σφαλμάτων κώδικα"", ""Διαχείριση παρουσιάσεων"", ""Διαχείριση αναγκών stakeholders"", ""Διαχείριση σχολίων αξιολόγησης"", ""Διαχείριση αιτημάτων αλλαγής"", ""Παρακολούθηση αιτημάτων πελατών"", ""Παρακολούθηση χρονοδιαγραμμάτων έργου"", ""Παρακολούθηση λειτουργικών οδηγιών"", ""Παρακολούθηση προτύπων εγγράφων"", ""Παρακολούθηση λιστών επαφών"", ""Παρακολούθηση σφαλμάτων κώδικα"", ""Παρακολούθηση παρουσιάσεων"", ""Παρακολούθηση αναγκών stakeholders"", ""Παρακολούθηση σχολίων αξιολόγησης"", ""Παρακολούθηση αιτημάτων αλλαγής"", ""Αξιολόγηση αιτημάτων πελατών"", ""Αξιολόγηση χρονοδιαγραμμάτων έργου"", ""Αξιολόγηση λειτουργικών οδηγιών"", ""Αξιολόγηση προτύπων εγγράφων"", ""Αξιολόγηση λιστών επαφών"", ""Αξιολόγηση σφαλμάτων κώδικα"", ""Αξιολόγηση παρουσιάσεων"", ""Αξιολόγηση αναγκών stakeholders"", ""Αξιολόγηση σχολίων αξιολόγησης"", ""Αξιολόγηση αιτημάτων αλλαγής"", ""Τεκμηρίωση αιτημάτων πελατών"", ""Τεκμηρίωση χρονοδιαγραμμάτων έργου"", ""Τεκμηρίωση λειτουργικών οδηγιών"", ""Τεκμηρίωση προτύπων εγγράφων"", ""Τεκμηρίωση λιστών επαφών"", ""Τεκμηρίωση σφαλμάτων κώδικα"", ""Τεκμηρίωση παρουσιάσεων"", ""Τεκμηρίωση αναγκών stakeholders"", ""Τεκμηρίωση σχολίων αξιολόγησης"", ""Τεκμηρίωση αιτημάτων αλλαγής"", ""Βελτίωση αιτημάτων πελατών"", ""Βελτίωση χρονοδιαγραμμάτων έργου"", ""Βελτίωση λειτουργικών οδηγιών"", ""Βελτίωση προτύπων εγγράφων"", ""Βελτίωση λιστών επαφών"", ""Βελτίωση σφαλμάτων κώδικα"", ""Βελτίωση παρουσιάσεων"", ""Βελτίωση αναγκών stakeholders"", ""Βελτίωση σχολίων αξιολόγησης"", ""Βελτίωση αιτημάτων αλλαγής"", ""Συντονισμός αιτημάτων πελατών"", ""Συντονισμός χρονοδιαγραμμάτων έργου"", ""Συντονισμός λειτουργικών οδηγιών"", ""Συντονισμός προτύπων εγγράφων"", ""Συντονισμός λιστών επαφών"", ""Συντονισμός σφαλμάτων κώδικα"", ""Συντονισμός παρουσιάσεων"", ""Συντονισμός αναγκών stakeholders"", ""Συντονισμός σχολίων αξιολόγησης"", ""Συντονισμός αιτημάτων αλλαγής"", ""Έλεγχος αιτημάτων πελατών"", ""Έλεγχος χρονοδιαγραμμάτων έργου"", ""Έλεγχος λειτουργικών οδηγιών"", ""Έλεγχος προτύπων εγγράφων"", ""Έλεγχος λιστών επαφών"", ""Έλεγχος σφαλμάτων κώδικα"", ""Έλεγχος παρουσιάσεων"", ""Έλεγχος αναγκών stakeholders"", ""Έλεγχος σχολίων αξιολόγησης"", ""Έλεγχος αιτημάτων αλλαγής"", ""Προτεραιοποίηση αιτημάτων πελατών"", ""Προτεραιοποίηση χρονοδιαγραμμάτων έργου"", ""Προτεραιοποίηση λειτουργικών οδηγιών"", ""Προτεραιοποίηση προτύπων εγγράφων"", ""Προτεραιοποίηση λιστών επαφών"", ""Προτεραιοποίηση σφαλμάτων κώδικα"", ""Προτεραιοποίηση παρουσιάσεων"", ""Προτεραιοποίηση αναγκών stakeholders"", ""Προτεραιοποίηση σχολίων αξιολόγησης"", ""Προτεραιοποίηση αιτημάτων αλλαγής""]","[""Ψηφιακή Παραγωγικότητα και ΤΝ"", ""Επαγγελματική Επικοινωνία"", ""Προσωπική Διαχείριση"", ""Διοικητική Υποστήριξη"", ""Μάθηση και Προσαρμοστικότητα"", ""Ομαδική Συνεργασία"", ""Διαχείριση Έργων"", ""Διαχείριση Δεδομένων και Πληροφορίας"", ""Ανάλυση και Επίλυση Προβλημάτων"", ""Εξυπηρέτηση Πελατών"", ""Ποιότητα και Συμμόρφωση"", ""Τεχνικές και Ψηφιακές Δεξιότητες""]",103
2148,Senior Database Engineer,"[""Αυτοματοποίηση επαναλαμβανόμενων εργασιών"", ""Οργάνωση ψηφιακού χώρου εργασίας"", ""Διαχείριση προσοχής και συγκέντρωσης""]","[""Ψηφιακή Παραγωγικότητα και ΤΝ"", ""Διαχείριση Δεδομένων και Πληροφορίας"", ""Προσωπική Διαχείριση""]",3
45577,Digital Marketing Manager,[],[],0
50921,Microsoft Office Suite Developer,"[""Αυτοματοποίηση επαναλαμβανόμενων εργασιών""]","[""Ψηφιακή Παραγωγικότητα και ΤΝ""]",1
53769,.NET Developer,"[""Ενεργητική ακρόαση"", ""Αυτοματοποίηση επαναλαμβανόμενων εργασιών"", ""Οργάνωση ψηφιακού χώρου εργασίας""]","[""Επαγγελματική Επικοινωνία"", ""Ψηφιακή Παραγωγικότητα και ΤΝ"", ""Διαχείριση Δεδομένων και Πληροφορίας""]",3
53881,Database Engineer (Mid-Senior),"[""Αυτοματοποίηση επαναλαμβανόμενων εργασιών"", ""Οργάνωση ψηφιακού χώρου εργασίας"", ""Διαχείριση προσοχής και συγκέντρωσης""]","[""Ψηφιακή Παραγωγικότητα και ΤΝ"", ""Διαχείριση Δεδομένων και Πληροφορίας"", ""Προσωπική Διαχείριση""]",3
57446,SOFTWARE ENGINEER / SOFTWARE DEVELOPER,"[""Σαφής και συνοπτική επικοινωνία"", ""Ανάλυση επαγγελματικής αλληλογραφίας"", ""Ανάλυση ερωτημάτων υποστήριξης"", ""Ανάλυση δεδομένων αγοράς"", ""Ανάλυση γραφημάτων δεδομένων"", ""Ανάλυση ελέγχων συμμόρφωσης"", ""Οργάνωση επαγγελματικής αλληλογραφίας"", ""Οργάνωση ερωτημάτων υποστήριξης"", ""Οργάνωση δεδομένων αγοράς"", ""Οργάνωση γραφημάτων δεδομένων"", ""Οργάνωση ελέγχων συμμόρφωσης"", ""Διαχείριση επαγγελματικής αλληλογραφίας"", ""Διαχείριση ερωτημάτων υποστήριξης"", ""Διαχείριση δεδομένων αγοράς"", ""Διαχείριση γραφημάτων δεδομένων"", ""Διαχείριση ελέγχων συμμόρφωσης"", ""Παρακολούθηση επαγγελματικής αλληλογραφίας"", ""Παρακολούθηση ερωτημάτων υποστήριξης"", ""Παρακολούθηση δεδομένων αγοράς"", ""Παρακολούθηση γραφημάτων δεδομένων"", ""Παρακολούθηση ελέγχων συμμόρφωσης"", ""Αξιολόγηση επαγγελματικής αλληλογραφίας"", ""Αξιολόγηση ερωτημάτων υποστήριξης"", ""Αξιολόγηση δεδομένων αγοράς"", ""Αξιολόγηση γραφημάτων δεδομένων"", ""Αξιολόγηση ελέγχων συμμόρφωσης"", ""Τεκμηρίωση επαγγελματικής αλληλογραφίας"", ""Τεκμηρίωση ερωτημάτων υποστήριξης"", ""Τεκμηρίωση δεδομένων αγοράς"", ""Τεκμηρίωση γραφημάτων δεδομένων"", ""Τεκμηρίωση ελέγχων συμμόρφωσης"", ""Βελτίωση επαγγελματικής αλληλογραφίας"", ""Βελτίωση ερωτημάτων υποστήριξης"", ""Βελτίωση δεδομένων αγοράς"", ""Βελτίωση γραφημάτων δεδομένων"", ""Βελτίωση ελέγχων συμμόρφωσης"", ""Συντονισμός επαγγελματικής αλληλογραφίας"", ""Συντονισμός ερωτημάτων υποστήριξης"", ""Συντονισμός δεδομένων αγοράς"", ""Συντονισμός γραφημάτων δεδομένων"", ""Συντονισμός ελέγχων συμμόρφωσης"", ""Έλεγχος επαγγελματικής αλληλογραφίας"", ""Έλεγχος ερωτημάτων υποστήριξης"", ""Έλεγχος δεδομένων αγοράς"", ""Έλεγχος γραφημάτων δεδομένων"", ""Έλεγχος ελέγχων συμμόρφωσης"", ""Προτεραιοποίηση επαγγελματικής αλληλογραφίας"", ""Προτεραιοποίηση ερωτημάτων υποστήριξης"", ""Προτεραιοποίηση δεδομένων αγοράς"", ""Προτεραιοποίηση γραφημάτων δεδομένων"", ""Προτεραιοποίηση ελέγχων συμμόρφωσης""]","[""Επαγγελματική Επικοινωνία"", ""Ποιότητα και Συμμόρφωση"", ""Τεχνικές και Ψηφιακές Δεξιότητες"", ""Διοικητική Υποστήριξη"", ""Ομαδική Συνεργασία"", ""Διαχείριση Δεδομένων και Πληροφορίας""]",51
57468,Entersoft Developer / Consultant,"[""Σαφής και συνοπτική επικοινωνία"", ""Διαχείριση χρόνου"", ""Διαχείριση προσοχής και συγκέντρωσης"", ""Επιβεβαίωση οδηγιών και απαιτήσεων""]","[""Επαγγελματική Επικοινωνία"", ""Προσωπική Διαχείριση""]",4
59481,Microsoft Power Platform Developer,"[""Σαφής και συνοπτική επικοινωνία"", ""Οργάνωση ψηφιακού χώρου εργασίας"", ""Διαχείριση χρόνου"", ""Ανάλυση χρονοδιαγραμμάτων έργου"", ""Ανάλυση προτύπων εγγράφων"", ""Ανάλυση σφαλμάτων κώδικα"", ""Ανάλυση αναγκών stakeholders"", ""Ανάλυση αιτημάτων αλλαγής"", ""Οργάνωση χρονοδιαγραμμάτων έργου"", ""Οργάνωση προτύπων εγγράφων"", ""Οργάνωση σφαλμάτων κώδικα"", ""Οργάνωση αναγκών stakeholders"", ""Οργάνωση αιτημάτων αλλαγής"", ""Διαχείριση χρονοδιαγραμμάτων έργου"", ""Διαχείριση προτύπων εγγράφων"", ""Διαχείριση σφαλμάτων κώδικα"", ""Διαχείριση αναγκών stakeholders"", ""Διαχείριση αιτημάτων αλλαγής"", ""Παρακολούθηση χρονοδιαγραμμάτων έργου"", ""Παρακολούθηση προτύπων εγγράφων"", ""Παρακολούθηση σφαλμάτων κώδικα"", ""Παρακολούθηση αναγκών stakeholders"", ""Παρακολούθηση αιτημάτων αλλαγής"", ""Αξιολόγηση χρονοδιαγραμμάτων έργου"", ""Αξιολόγηση προτύπων εγγράφων"", ""Αξιολόγηση σφαλμάτων κώδικα"", ""Αξιολόγηση αναγκών stakeholders"", ""Αξιολόγηση αιτημάτων αλλαγής"", ""Τεκμηρίωση χρονοδιαγραμμάτων έργου"", ""Τεκμηρίωση προτύπων εγγράφων"", ""Τεκμηρίωση σφαλμάτων κώδικα"", ""Τεκμηρίωση αναγκών stakeholders"", ""Τεκμηρίωση αιτημάτων αλλαγής"", ""Βελτίωση χρονοδιαγραμμάτων έργου"", ""Βελτίωση προτύπων εγγράφων"", ""Βελτίωση σφαλμάτων κώδικα"", ""Βελτίωση αναγκών stakeholders"", ""Βελτίωση αιτημάτων αλλαγής"", ""Συντονισμός χρονοδιαγραμμάτων έργου"", ""Συντονισμός προτύπων εγγράφων"", ""Συντονισμός σφαλμάτων κώδικα"", ""Συντονισμός αναγκών stakeholders"", ""Συντονισμός αιτημάτων αλλαγής"", ""Έλεγχος χρονοδιαγραμμάτων έργου"", ""Έλεγχος προτύπων εγγράφων"", ""Έλεγχος σφαλμάτων κώδικα"", ""Έλεγχος αναγκών stakeholders"", ""Έλεγχος αιτημάτων αλλαγής"", ""Προτεραιοποίηση χρονοδιαγραμμάτων έργου"", ""Προτεραιοποίηση προτύπων εγγράφων"", ""Προτεραιοποίηση σφαλμάτων κώδικα"", ""Προτεραιοποίηση αναγκών stakeholders"", ""Προτεραιοποίηση αιτημάτων αλλαγής""]","[""Επαγγελματική Επικοινωνία"", ""Διαχείριση Δεδομένων και Πληροφορίας"", ""Προσωπική Διαχείριση"", ""Διοικητική Υποστήριξη"", ""Ομαδική Συνεργασία"", ""Ποιότητα και Συμμόρφωση"", ""Τεχνικές και Ψηφιακές Δεξιότητες""]",53
62007,Android App Developer,"[""Διαχείριση προσοχής και συγκέντρωσης""]","[""Προσωπική Διαχείριση""]",1
65917,Application Developer,"[""Σαφής και συνοπτική επικοινωνία"", ""Διαχείριση προσοχής και συγκέντρωσης""]","[""Επαγγελματική Επικοινωνία"", ""Προσωπική Διαχείριση""]",2
75821,Junior SAP ABAP Developer,"[""Σαφής και συνοπτική επικοινωνία"", ""Διαχείριση χρόνου"", ""Επιβεβαίωση οδηγιών και απαιτήσεων""]","[""Επαγγελματική Επικοινωνία"", ""Προσωπική Διαχείριση""]",3
80817,"Senior Associate, Solution Engineer","[""Σαφής και συνοπτική επικοινωνία"", ""Αυτοματοποίηση επαναλαμβανόμενων εργασιών"", ""Οργάνωση ψηφιακού χώρου εργασίας"", ""Διαχείριση χρόνου"", ""Επιβεβαίωση οδηγιών και απαιτήσεων""]","[""Επαγγελματική Επικοινωνία"", ""Ψηφιακή Παραγωγικότητα και ΤΝ"", ""Διαχείριση Δεδομένων και Πληροφορίας"", ""Προσωπική Διαχείριση""]",5
83771,iOS App Developer,"[""Διαχείριση προσοχής και συγκέντρωσης""]","[""Προσωπική Διαχείριση""]",1
83843,Application Developers (Junior & Mid-Level),"[""Σύνταξη επαγγελματικών email"", ""Σαφής και συνοπτική επικοινωνία"", ""Διαχείριση χρόνου"", ""Επιβεβαίωση οδηγιών και απαιτήσεων""]","[""Ψηφιακή Παραγωγικότητα και ΤΝ"", ""Επαγγελματική Επικοινωνία"", ""Προσωπική Διαχείριση""]",4
83869,"Accounting Associate, TEMES SA","[""Σαφής και συνοπτική επικοινωνία"", ""Οργάνωση ψηφιακού χώρου εργασίας"", ""Διαχείριση χρόνου"", ""Διαχείριση προσοχής και συγκέντρωσης""]","[""Επαγγελματική Επικοινωνία"", ""Διαχείριση Δεδομένων και Πληροφορίας"", ""Προσωπική Διαχείριση""]",4
83879,"Accounting Manager, TEMES SA","[""Σαφής και συνοπτική επικοινωνία"", ""Διαχείριση χρόνου"", ""Διαχείριση προσοχής και συγκέντρωσης"", ""Ανάλυση χρονοδιαγραμμάτων έργου"", ""Ανάλυση προτύπων εγγράφων"", ""Ανάλυση σφαλμάτων κώδικα"", ""Ανάλυση αναγκών stakeholders"", ""Ανάλυση αιτημάτων αλλαγής"", ""Οργάνωση χρονοδιαγραμμάτων έργου"", ""Οργάνωση προτύπων εγγράφων"", ""Οργάνωση σφαλμάτων κώδικα"", ""Οργάνωση αναγκών stakeholders"", ""Οργάνωση αιτημάτων αλλαγής"", ""Διαχείριση χρονοδιαγραμμάτων έργου"", ""Διαχείριση προτύπων εγγράφων"", ""Διαχείριση σφαλμάτων κώδικα"", ""Διαχείριση αναγκών stakeholders"", ""Διαχείριση αιτημάτων αλλαγής"", ""Παρακολούθηση χρονοδιαγραμμάτων έργου"", ""Παρακολούθηση προτύπων εγγράφων"", ""Παρακολούθηση σφαλμάτων κώδικα"", ""Παρακολούθηση αναγκών stakeholders"", ""Παρακολούθηση αιτημάτων αλλαγής"", ""Αξιολόγηση χρονοδιαγραμμάτων έργου"", ""Αξιολόγηση προτύπων εγγράφων"", ""Αξιολόγηση σφαλμάτων κώδικα"", ""Αξιολόγηση αναγκών stakeholders"", ""Αξιολόγηση αιτημάτων αλλαγής"", ""Τεκμηρίωση χρονοδιαγραμμάτων έργου"", ""Τεκμηρίωση προτύπων εγγράφων"", ""Τεκμηρίωση σφαλμάτων κώδικα"", ""Τεκμηρίωση αναγκών stakeholders"", ""Τεκμηρίωση αιτημάτων αλλαγής"", ""Βελτίωση χρονοδιαγραμμάτων έργου"", ""Βελτίωση προτύπων εγγράφων"", ""Βελτίωση σφαλμάτων κώδικα"", ""Βελτίωση αναγκών stakeholders"", ""Βελτίωση αιτημάτων αλλαγής"", ""Συντονισμός χρονοδιαγραμμάτων έργου"", ""Συντονισμός προτύπων εγγράφων"", ""Συντονισμός σφαλμάτων κώδικα"", ""Συντονισμός αναγκών stakeholders"", ""Συντονισμός αιτημάτων αλλαγής"", ""Έλεγχος χρονοδιαγραμμάτων έργου"", ""Έλεγχος προτύπων εγγράφων"", ""Έλεγχος σφαλμάτων κώδικα"", ""Έλεγχος αναγκών stakeholders"", ""Έλεγχος αιτημάτων αλλαγής"", ""Προτεραιοποίηση χρονοδιαγραμμάτων έργου"", ""Προτεραιοποίηση προτύπων εγγράφων"", ""Προτεραιοποίηση σφαλμάτων κώδικα"", ""Προτεραιοποίηση αναγκών stakeholders"", ""Προτεραιοποίηση αιτημάτων αλλαγής""]","[""Επαγγελματική Επικοινωνία"", ""Προσωπική Διαχείριση"", ""Διοικητική Υποστήριξη"", ""Ομαδική Συνεργασία"", ""Διαχείριση Δεδομένων και Πληροφορίας"", ""Ποιότητα και Συμμόρφωση"", ""Τεχνικές και Ψηφιακές Δεξιότητες""]",53
84041,Software Developer,"[""Οργάνωση ψηφιακού χώρου εργασίας""]","[""Διαχείριση Δεδομένων και Πληροφορίας""]",1
84043,Software Developer,"[""Οργάνωση ψηφιακού χώρου εργασίας""]","[""Διαχείριση Δεδομένων και Πληροφορίας""]",1
67,Autocad designer,[],[],0
428,B2B Sales Consultant - Sales Engineer,"[""Αυτοματοποίηση επαναλαμβανόμενων εργασιών"", ""Διαχείριση χρόνου""]","[""Ψηφιακή Παραγωγικότητα και ΤΝ"", ""Προσωπική Διαχείριση""]",2
487,TECHNICAL DEPARTMENT ENGINEER,[],[],0
488,WORKSHOP ENGINEER,[],[],0
953,Network Engineer,"[""Σαφής και συνοπτική επικοινωνία"", ""Οργάνωση ψηφιακού χώρου εργασίας"", ""Διαχείριση προσοχής και συγκέντρωσης""]","[""Επαγγελματική Επικοινωνία"", ""Διαχείριση Δεδομένων και Πληροφορίας"", ""Προσωπική Διαχείριση""]",3
1074,Senior Architect Engineer (Building Sector - Milos Island),"[""Σαφής και συνοπτική επικοινωνία"", ""Οργάνωση ψηφιακού χώρου εργασίας"", ""Διαχείριση χρόνου"", ""Διαχείριση προσοχής και συγκέντρωσης""]","[""Επαγγελματική Επικοινωνία"", ""Διαχείριση Δεδομένων και Πληροφορίας"", ""Προσωπική Διαχείριση""]",4
1113,R&D SW Engineer,"[""Σαφής και συνοπτική επικοινωνία"", ""Διαχείριση χρόνου""]","[""Επαγγελματική Επικοινωνία"", ""Προσωπική Διαχείριση""]",2
1258,CAD Architectural Applications Engineer - BIM Specialist,"[""Σαφής και συνοπτική επικοινωνία""]","[""Επαγγελματική Επικοινωνία""]",1
247,Quality Control Engineer (Hybrid),"[""Αυτοματοποίηση επαναλαμβανόμενων εργασιών"", ""Διαχείριση προσοχής και συγκέντρωσης""]","[""Ψηφιακή Παραγωγικότητα και ΤΝ"", ""Προσωπική Διαχείριση""]",2
862,ERP Implementation Consultant,"[""Σαφής και συνοπτική επικοινωνία"", ""Διαχείριση χρόνου"", ""Επιβεβαίωση οδηγιών και απαιτήσεων""]","[""Επαγγελματική Επικοινωνία"", ""Προσωπική Διαχείριση""]",3
1116,Siebel Consultant,"[""Διαχείριση προσοχής και συγκέντρωσης""]","[""Προσωπική Διαχείριση""]",1
1489,"Customer Support Specialist, SOFTONE cosmoONE","[""Διαχείριση χρόνου"", ""Διαχείριση προσοχής και συγκέντρωσης"", ""Ανάλυση χρονοδιαγραμμάτων έργου"", ""Ανάλυση προτύπων εγγράφων"", ""Ανάλυση σφαλμάτων κώδικα"", ""Ανάλυση αναγκών stakeholders"", ""Ανάλυση αιτημάτων αλλαγής"", ""Οργάνωση χρονοδιαγραμμάτων έργου"", ""Οργάνωση προτύπων εγγράφων"", ""Οργάνωση σφαλμάτων κώδικα"", ""Οργάνωση αναγκών stakeholders"", ""Οργάνωση αιτημάτων αλλαγής"", ""Διαχείριση χρονοδιαγραμμάτων έργου"", ""Διαχείριση προτύπων εγγράφων"", ""Διαχείριση σφαλμάτων κώδικα"", ""Διαχείριση αναγκών stakeholders"", ""Διαχείριση αιτημάτων αλλαγής"", ""Παρακολούθηση χρονοδιαγραμμάτων έργου"", ""Παρακολούθηση προτύπων εγγράφων"", ""Παρακολούθηση σφαλμάτων κώδικα"", ""Παρακολούθηση αναγκών stakeholders"", ""Παρακολούθηση αιτημάτων αλλαγής"", ""Αξιολόγηση χρονοδιαγραμμάτων έργου"", ""Αξιολόγηση προτύπων εγγράφων"", ""Αξιολόγηση σφαλμάτων κώδικα"", ""Αξιολόγηση αναγκών stakeholders"", ""Αξιολόγηση αιτημάτων αλλαγής"", ""Τεκμηρίωση χρονοδιαγραμμάτων έργου"", ""Τεκμηρίωση προτύπων εγγράφων"", ""Τεκμηρίωση σφαλμάτων κώδικα"", ""Τεκμηρίωση αναγκών stakeholders"", ""Τεκμηρίωση αιτημάτων αλλαγής"", ""Βελτίωση χρονοδιαγραμμάτων έργου"", ""Βελτίωση προτύπων εγγράφων"", ""Βελτίωση σφαλμάτων κώδικα"", ""Βελτίωση αναγκών stakeholders"", ""Βελτίωση αιτημάτων αλλαγής"", ""Συντονισμός χρονοδιαγραμμάτων έργου"", ""Συντονισμός προτύπων εγγράφων"", ""Συντονισμός σφαλμάτων κώδικα"", ""Συντονισμός αναγκών stakeholders"", ""Συντονισμός αιτημάτων αλλαγής"", ""Έλεγχος χρονοδιαγραμμάτων έργου"", ""Έλεγχος προτύπων εγγράφων"", ""Έλεγχος σφαλμάτων κώδικα"", ""Έλεγχος αναγκών stakeholders"", ""Έλεγχος αιτημάτων αλλαγής"", ""Προτεραιοποίηση χρονοδιαγραμμάτων έργου"", ""Προτεραιοποίηση προτύπων εγγράφων"", ""Προτεραιοποίηση σφαλμάτων κώδικα"", ""Προτεραιοποίηση αναγκών stakeholders"", ""Προτεραιοποίηση αιτημάτων αλλαγής""]","[""Προσωπική Διαχείριση"", ""Διοικητική Υποστήριξη"", ""Ομαδική Συνεργασία"", ""Διαχείριση Δεδομένων και Πληροφορίας"", ""Επαγγελματική Επικοινωνία"", ""Ποιότητα και Συμμόρφωση"", ""Τεχνικές και Ψηφιακές Δεξιότητες""]",52
1938,Software Consultant,"[""Σαφής και συνοπτική επικοινωνία"", ""Ενεργητική ακρόαση"", ""Οργάνωση ψηφιακού χώρου εργασίας"", ""Επιβεβαίωση οδηγιών και απαιτήσεων""]","[""Επαγγελματική Επικοινωνία"", ""Διαχείριση Δεδομένων και Πληροφορίας""]",4
2014,Software Support,"[""Σαφής και συνοπτική επικοινωνία"", ""Επιβεβαίωση οδηγιών και απαιτήσεων""]","[""Επαγγελματική Επικοινωνία""]",2
2335,Digital Analytics Specialist,"[""Σύνταξη επαγγελματικών email"", ""Σαφής και συνοπτική επικοινωνία"", ""Αυτοματοποίηση επαναλαμβανόμενων εργασιών"", ""Διαχείριση χρόνου"", ""Διαχείριση προσοχής και συγκέντρωσης""]","[""Ψηφιακή Παραγωγικότητα και ΤΝ"", ""Επαγγελματική Επικοινωνία"", ""Προσωπική Διαχείριση""]",5
2706,"Manager, Solutions Engineer","[""Σαφής και συνοπτική επικοινωνία"", ""Αυτοματοποίηση επαναλαμβανόμενων εργασιών"", ""Οργάνωση ψηφιακού χώρου εργασίας"", ""Διαχείριση χρόνου""]","[""Επαγγελματική Επικοινωνία"", ""Ψηφιακή Παραγωγικότητα και ΤΝ"", ""Διαχείριση Δεδομένων και Πληροφορίας"", ""Προσωπική Διαχείριση""]",4
3022,Senior CRM Strategist,"[""Σαφής και συνοπτική επικοινωνία"", ""Ενεργητική ακρόαση"", ""Αυτοματοποίηση επαναλαμβανόμενων εργασιών""]","[""Επαγγελματική Επικοινωνία"", ""Ψηφιακή Παραγωγικότητα και ΤΝ""]",3
3179,IT Consultant,"[""Σαφής και συνοπτική επικοινωνία"", ""Ενεργητική ακρόαση"", ""Διαχείριση χρόνου"", ""Διαχείριση προσοχής και συγκέντρωσης""]","[""Επαγγελματική Επικοινωνία"", ""Προσωπική Διαχείριση""]",4
4144,Senior Software Engineer,"[""Σαφής και συνοπτική επικοινωνία""]","[""Επαγγελματική Επικοινωνία""]",1
4191,SQL Specialist,"[""Σαφής και συνοπτική επικοινωνία"", ""Αυτοματοποίηση επαναλαμβανόμενων εργασιών"", ""Διαχείριση χρόνου"", ""Διαχείριση προσοχής και συγκέντρωσης""]","[""Επαγγελματική Επικοινωνία"", ""Ψηφιακή Παραγωγικότητα και ΤΝ"", ""Προσωπική Διαχείριση""]",4
4193,Technical Support Specialist,"[""Σύνταξη επαγγελματικών email"", ""Σαφής και συνοπτική επικοινωνία""]","[""Ψηφιακή Παραγωγικότητα και ΤΝ"", ""Επαγγελματική Επικοινωνία""]",2
4280,Senior .NET Developer Athens,"[""Αυτοματοποίηση επαναλαμβανόμενων εργασιών"", ""Οργάνωση ψηφιακού χώρου εργασίας""]","[""Ψηφιακή Παραγωγικότητα και ΤΝ"", ""Διαχείριση Δεδομένων και Πληροφορίας""]",2
4281,Senior .NET Developer Thessaloniki,"[""Αυτοματοποίηση επαναλαμβανόμενων εργασιών"", ""Οργάνωση ψηφιακού χώρου εργασίας""]","[""Ψηφιακή Παραγωγικότητα και ΤΝ"", ""Διαχείριση Δεδομένων και Πληροφορίας""]",2
4366,Microsoft NAV/F&O Consultant,"[""Ενεργητική ακρόαση"", ""Διαχείριση χρόνου"", ""Διαχείριση προσοχής και συγκέντρωσης"", ""Επιβεβαίωση οδηγιών και απαιτήσεων""]","[""Επαγγελματική Επικοινωνία"", ""Προσωπική Διαχείριση""]",4
4372,.NET Software Engineer,[],[],0
4486,Executive for the IT department,"[""Σύνταξη επαγγελματικών email""]","[""Ψηφιακή Παραγωγικότητα και ΤΝ""]",1
4801,Cloud & Infrastructure Engineer,"[""Σαφής και συνοπτική επικοινωνία"", ""Αυτοματοποίηση επαναλαμβανόμενων εργασιών"", ""Διαχείριση προσοχής και συγκέντρωσης""]","[""Επαγγελματική Επικοινωνία"", ""Ψηφιακή Παραγωγικότητα και ΤΝ"", ""Προσωπική Διαχείριση""]",3
10,Journalist,[],[],0
85,Billing Officer,[],[],0
89,MAINTENANCE ELECTRICIAN,"[""Αυτοματοποίηση επαναλαμβανόμενων εργασιών""]","[""Ψηφιακή Παραγωγικότητα και ΤΝ""]",1
92,RECEPTION OFFICER & SECRETARIAL SUPPORT,"[""Σύνταξη επαγγελματικών email"", ""Αποτελεσματική αναζήτηση στο διαδίκτυο"", ""Διαχείριση χρόνου""]","[""Ψηφιακή Παραγωγικότητα και ΤΝ"", ""Διαχείριση Δεδομένων και Πληροφορίας"", ""Προσωπική Διαχείριση""]",3
45603,"Senior Manager, Mobile platform development","[""Σαφής και συνοπτική επικοινωνία"", ""Αυτοματοποίηση επαναλαμβανόμενων εργασιών"", ""Οργάνωση ψηφιακού χώρου εργασίας"", ""Διαχείριση προσοχής και συγκέντρωσης""]","[""Επαγγελματική Επικοινωνία"", ""Ψηφιακή Παραγωγικότητα και ΤΝ"", ""Διαχείριση Δεδομένων και Πληροφορίας"", ""Προσωπική Διαχείριση""]",4
75793,Test Automation Leader,"[""Αυτοματοποίηση επαναλαμβανόμενων εργασιών"", ""Διαχείριση προσοχής και συγκέντρωσης"", ""Ανάλυση τεχνικών ζητημάτων"", ""Ανάλυση προτεραιοτήτων εργασίας"", ""Ανάλυση ημερολογίων εργασίας"", ""Ανάλυση εσωτερικών ανακοινώσεων"", ""Ανάλυση σεναρίων δοκιμών"", ""Οργάνωση τεχνικών ζητημάτων"", ""Οργάνωση προτεραιοτήτων εργασίας"", ""Οργάνωση ημερολογίων εργασίας"", ""Οργάνωση εσωτερικών ανακοινώσεων"", ""Οργάνωση σεναρίων δοκιμών"", ""Διαχείριση τεχνικών ζητημάτων"", ""Διαχείριση προτεραιοτήτων εργασίας"", ""Διαχείριση ημερολογίων εργασίας"", ""Διαχείριση εσωτερικών ανακοινώσεων"", ""Διαχείριση σεναρίων δοκιμών"", ""Παρακολούθηση τεχνικών ζητημάτων"", ""Παρακολούθηση προτεραιοτήτων εργασίας"", ""Παρακολούθηση ημερολογίων εργασίας"", ""Παρακολούθηση εσωτερικών ανακοινώσεων"", ""Παρακολούθηση σεναρίων δοκιμών"", ""Αξιολόγηση τεχνικών ζητημάτων"", ""Αξιολόγηση προτεραιοτήτων εργασίας"", ""Αξιολόγηση ημερολογίων εργασίας"", ""Αξιολόγηση εσωτερικών ανακοινώσεων"", ""Αξιολόγηση σεναρίων δοκιμών"", ""Τεκμηρίωση τεχνικών ζητημάτων"", ""Τεκμηρίωση προτεραιοτήτων εργασίας"", ""Τεκμηρίωση ημερολογίων εργασίας"", ""Τεκμηρίωση εσωτερικών ανακοινώσεων"", ""Τεκμηρίωση σεναρίων δοκιμών"", ""Βελτίωση τεχνικών ζητημάτων"", ""Βελτίωση προτεραιοτήτων εργασίας"", ""Βελτίωση ημερολογίων εργασίας"", ""Βελτίωση εσωτερικών ανακοινώσεων"", ""Βελτίωση σεναρίων δοκιμών"", ""Συντονισμός τεχνικών ζητημάτων"", ""Συντονισμός προτεραιοτήτων εργασίας"", ""Συντονισμός ημερολογίων εργασίας"", ""Συντονισμός εσωτερικών ανακοινώσεων"", ""Συντονισμός σεναρίων δοκιμών"", ""Έλεγχος τεχνικών ζητημάτων"", ""Έλεγχος προτεραιοτήτων εργασίας"", ""Έλεγχος ημερολογίων εργασίας"", ""Έλεγχος εσωτερικών ανακοινώσεων"", ""Έλεγχος σεναρίων δοκιμών"", ""Προτεραιοποίηση τεχνικών ζητημάτων"", ""Προτεραιοποίηση προτεραιοτήτων εργασίας"", ""Προτεραιοποίηση ημερολογίων εργασίας"", ""Προτεραιοποίηση εσωτερικών ανακοινώσεων"", ""Προτεραιοποίηση σεναρίων δοκιμών""]","[""Ψηφιακή Παραγωγικότητα και ΤΝ"", ""Προσωπική Διαχείριση"", ""Διαχείριση Δεδομένων και Πληροφορίας"", ""Επαγγελματική Επικοινωνία"", ""Ποιότητα και Συμμόρφωση"", ""Τεχνικές και Ψηφιακές Δεξιότητες"", ""Διοικητική Υποστήριξη"", ""Ομαδική Συνεργασία""]",52
92759,"Associate, User Success Engineer​","[""Σαφής και συνοπτική επικοινωνία""]","[""Επαγγελματική Επικοινωνία""]",1
1766149,Back-End Software Engineer,"[""Αυτοματοποίηση επαναλαμβανόμενων εργασιών"", ""Οργάνωση ψηφιακού χώρου εργασίας""]","[""Ψηφιακή Παραγωγικότητα και ΤΝ"", ""Διαχείριση Δεδομένων και Πληροφορίας""]",2
1827195,Software Engineer in Test,"[""Αυτοματοποίηση επαναλαμβανόμενων εργασιών"", ""Διαχείριση προσοχής και συγκέντρωσης""]","[""Ψηφιακή Παραγωγικότητα και ΤΝ"", ""Προσωπική Διαχείριση""]",2
1860285,"Angular Developers – Cyprus, Greece or Remote","[""Σαφής και συνοπτική επικοινωνία"", ""Αυτοματοποίηση επαναλαμβανόμενων εργασιών"", ""Διαχείριση προσοχής και συγκέντρωσης""]","[""Επαγγελματική Επικοινωνία"", ""Ψηφιακή Παραγωγικότητα και ΤΝ"", ""Προσωπική Διαχείριση""]",3
1907854,"Full Stack Software Engineer, Angular",[],[],0
1909201,Senior Software Engineer,"[""Σαφής και συνοπτική επικοινωνία"", ""Αυτοματοποίηση επαναλαμβανόμενων εργασιών"", ""Οργάνωση ψηφιακού χώρου εργασίας""]","[""Επαγγελματική Επικοινωνία"", ""Ψηφιακή Παραγωγικότητα και ΤΝ"", ""Διαχείριση Δεδομένων και Πληροφορίας""]",3
1939818,Senior Software Frontend Engineer,[],[],0
1946487,Angular/Java Software Engineer,"[""Οργάνωση ψηφιακού χώρου εργασίας""]","[""Διαχείριση Δεδομένων και Πληροφορίας""]",1
2082261,"Angular Developers – Cyprus, Greece or Remote","[""Σαφής και συνοπτική επικοινωνία"", ""Αυτοματοποίηση επαναλαμβανόμενων εργασιών"", ""Διαχείριση προσοχής και συγκέντρωσης""]","[""Επαγγελματική Επικοινωνία"", ""Ψηφιακή Παραγωγικότητα και ΤΝ"", ""Προσωπική Διαχείριση""]",3
2082266,"Angular Developers – Cyprus, Greece or Remote","[""Σαφής και συνοπτική επικοινωνία"", ""Αυτοματοποίηση επαναλαμβανόμενων εργασιών"", ""Διαχείριση προσοχής και συγκέντρωσης""]","[""Επαγγελματική Επικοινωνία"", ""Ψηφιακή Παραγωγικότητα και ΤΝ"", ""Προσωπική Διαχείριση""]",3
2780430,"Angular Developers – Cyprus, Greece or Remote","[""Σαφής και συνοπτική επικοινωνία"", ""Αυτοματοποίηση επαναλαμβανόμενων εργασιών"", ""Διαχείριση προσοχής και συγκέντρωσης""]","[""Επαγγελματική Επικοινωνία"", ""Ψηφιακή Παραγωγικότητα και ΤΝ"", ""Προσωπική Διαχείριση""]",3
2783371,Experienced Java Developer @ Thessaloniki,"[""Σαφής και συνοπτική επικοινωνία"", ""Ενεργητική ακρόαση"", ""Διαχείριση προσοχής και συγκέντρωσης""]","[""Επαγγελματική Επικοινωνία"", ""Προσωπική Διαχείριση""]",3
2783409,SW QA Engineer,"[""Αυτοματοποίηση επαναλαμβανόμενων εργασιών"", ""Οργάνωση ψηφιακού χώρου εργασίας"", ""Διαχείριση προσοχής και συγκέντρωσης""]","[""Ψηφιακή Παραγωγικότητα και ΤΝ"", ""Διαχείριση Δεδομένων και Πληροφορίας"", ""Προσωπική Διαχείριση""]",3
2783767,Full Stack Developer,"[""Διαχείριση προσοχής και συγκέντρωσης"", ""Επιβεβαίωση οδηγιών και απαιτήσεων""]","[""Προσωπική Διαχείριση"", ""Επαγγελματική Επικοινωνία""]",2
2821429,Lead Frontend Engineer (Angular),"[""Ενεργητική ακρόαση"", ""Διαχείριση προσοχής και συγκέντρωσης""]","[""Επαγγελματική Επικοινωνία"", ""Προσωπική Διαχείριση""]",2
5287062,Senior React Developer,"[""Σαφής και συνοπτική επικοινωνία"", ""Διαχείριση προσοχής και συγκέντρωσης""]","[""Επαγγελματική Επικοινωνία"", ""Προσωπική Διαχείριση""]",2
5287073,Lead Frontend Engineer (Angular),"[""Ενεργητική ακρόαση"", ""Διαχείριση προσοχής και συγκέντρωσης""]","[""Επαγγελματική Επικοινωνία"", ""Προσωπική Διαχείριση""]",2
5287096,Application Architect,"[""Σαφής και συνοπτική επικοινωνία"", ""Αυτοματοποίηση επαναλαμβανόμενων εργασιών"", ""Οργάνωση ψηφιακού χώρου εργασίας"", ""Διαχείριση προσοχής και συγκέντρωσης"", ""Επιβεβαίωση οδηγιών και απαιτήσεων""]","[""Επαγγελματική Επικοινωνία"", ""Ψηφιακή Παραγωγικότητα και ΤΝ"", ""Διαχείριση Δεδομένων και Πληροφορίας"", ""Προσωπική Διαχείριση""]",5
5287097,Application Architect,"[""Σαφής και συνοπτική επικοινωνία"", ""Αυτοματοποίηση επαναλαμβανόμενων εργασιών"", ""Οργάνωση ψηφιακού χώρου εργασίας"", ""Διαχείριση προσοχής και συγκέντρωσης"", ""Επιβεβαίωση οδηγιών και απαιτήσεων""]","[""Επαγγελματική Επικοινωνία"", ""Ψηφιακή Παραγωγικότητα και ΤΝ"", ""Διαχείριση Δεδομένων και Πληροφορίας"", ""Προσωπική Διαχείριση""]",5
5287109,Application Architect,"[""Σαφής και συνοπτική επικοινωνία"", ""Αυτοματοποίηση επαναλαμβανόμενων εργασιών"", ""Οργάνωση ψηφιακού χώρου εργασίας"", ""Διαχείριση προσοχής και συγκέντρωσης"", ""Επιβεβαίωση οδηγιών και απαιτήσεων""]","[""Επαγγελματική Επικοινωνία"", ""Ψηφιακή Παραγωγικότητα και ΤΝ"", ""Διαχείριση Δεδομένων και Πληροφορίας"", ""Προσωπική Διαχείριση""]",5
5287411,Senior Software Engineer in Test,"[""Αυτοματοποίηση επαναλαμβανόμενων εργασιών"", ""Διαχείριση προσοχής και συγκέντρωσης""]","[""Ψηφιακή Παραγωγικότητα και ΤΝ"", ""Προσωπική Διαχείριση""]",2
5287412,Software Engineer in Test,"[""Αυτοματοποίηση επαναλαμβανόμενων εργασιών"", ""Διαχείριση προσοχής και συγκέντρωσης""]","[""Ψηφιακή Παραγωγικότητα και ΤΝ"", ""Προσωπική Διαχείριση""]",2
5287413,Test Automation Leader,"[""Αυτοματοποίηση επαναλαμβανόμενων εργασιών"", ""Διαχείριση προσοχής και συγκέντρωσης"", ""Ανάλυση τεχνικών ζητημάτων"", ""Ανάλυση προτεραιοτήτων εργασίας"", ""Ανάλυση ημερολογίων εργασίας"", ""Ανάλυση εσωτερικών ανακοινώσεων"", ""Ανάλυση σεναρίων δοκιμών"", ""Οργάνωση τεχνικών ζητημάτων"", ""Οργάνωση προτεραιοτήτων εργασίας"", ""Οργάνωση ημερολογίων εργασίας"", ""Οργάνωση εσωτερικών ανακοινώσεων"", ""Οργάνωση σεναρίων δοκιμών"", ""Διαχείριση τεχνικών ζητημάτων"", ""Διαχείριση προτεραιοτήτων εργασίας"", ""Διαχείριση ημερολογίων εργασίας"", ""Διαχείριση εσωτερικών ανακοινώσεων"", ""Διαχείριση σεναρίων δοκιμών"", ""Παρακολούθηση τεχνικών ζητημάτων"", ""Παρακολούθηση προτεραιοτήτων εργασίας"", ""Παρακολούθηση ημερολογίων εργασίας"", ""Παρακολούθηση εσωτερικών ανακοινώσεων"", ""Παρακολούθηση σεναρίων δοκιμών"", ""Αξιολόγηση τεχνικών ζητημάτων"", ""Αξιολόγηση προτεραιοτήτων εργασίας"", ""Αξιολόγηση ημερολογίων εργασίας"", ""Αξιολόγηση εσωτερικών ανακοινώσεων"", ""Αξιολόγηση σεναρίων δοκιμών"", ""Τεκμηρίωση τεχνικών ζητημάτων"", ""Τεκμηρίωση προτεραιοτήτων εργασίας"", ""Τεκμηρίωση ημερολογίων εργασίας"", ""Τεκμηρίωση εσωτερικών ανακοινώσεων"", ""Τεκμηρίωση σεναρίων δοκιμών"", ""Βελτίωση τεχνικών ζητημάτων"", ""Βελτίωση προτεραιοτήτων εργασίας"", ""Βελτίωση ημερολογίων εργασίας"", ""Βελτίωση εσωτερικών ανακοινώσεων"", ""Βελτίωση σεναρίων δοκιμών"", ""Συντονισμός τεχνικών ζητημάτων"", ""Συντονισμός προτεραιοτήτων εργασίας"", ""Συντονισμός ημερολογίων εργασίας"", ""Συντονισμός εσωτερικών ανακοινώσεων"", ""Συντονισμός σεναρίων δοκιμών"", ""Έλεγχος τεχνικών ζητημάτων"", ""Έλεγχος προτεραιοτήτων εργασίας"", ""Έλεγχος ημερολογίων εργασίας"", ""Έλεγχος εσωτερικών ανακοινώσεων"", ""Έλεγχος σεναρίων δοκιμών"", ""Προτεραιοποίηση τεχνικών ζητημάτων"", ""Προτεραιοποίηση προτεραιοτήτων εργασίας"", ""Προτεραιοποίηση ημερολογίων εργασίας"", ""Προτεραιοποίηση εσωτερικών ανακοινώσεων"", ""Προτεραιοποίηση σεναρίων δοκιμών""]","[""Ψηφιακή Παραγωγικότητα και ΤΝ"", ""Προσωπική Διαχείριση"", ""Διαχείριση Δεδομένων και Πληροφορίας"", ""Επαγγελματική Επικοινωνία"", ""Ποιότητα και Συμμόρφωση"", ""Τεχνικές και Ψηφιακές Δεξιότητες"", ""Διοικητική Υποστήριξη"", ""Ομαδική Συνεργασία""]",52
5287416,Test Automation Leader,"[""Αυτοματοποίηση επαναλαμβανόμενων εργασιών"", ""Διαχείριση προσοχής και συγκέντρωσης"", ""Ανάλυση τεχνικών ζητημάτων"", ""Ανάλυση προτεραιοτήτων εργασίας"", ""Ανάλυση ημερολογίων εργασίας"", ""Ανάλυση εσωτερικών ανακοινώσεων"", ""Ανάλυση σεναρίων δοκιμών"", ""Οργάνωση τεχνικών ζητημάτων"", ""Οργάνωση προτεραιοτήτων εργασίας"", ""Οργάνωση ημερολογίων εργασίας"", ""Οργάνωση εσωτερικών ανακοινώσεων"", ""Οργάνωση σεναρίων δοκιμών"", ""Διαχείριση τεχνικών ζητημάτων"", ""Διαχείριση προτεραιοτήτων εργασίας"", ""Διαχείριση ημερολογίων εργασίας"", ""Διαχείριση εσωτερικών ανακοινώσεων"", ""Διαχείριση σεναρίων δοκιμών"", ""Παρακολούθηση τεχνικών ζητημάτων"", ""Παρακολούθηση προτεραιοτήτων εργασίας"", ""Παρακολούθηση ημερολογίων εργασίας"", ""Παρακολούθηση εσωτερικών ανακοινώσεων"", ""Παρακολούθηση σεναρίων δοκιμών"", ""Αξιολόγηση τεχνικών ζητημάτων"", ""Αξιολόγηση προτεραιοτήτων εργασίας"", ""Αξιολόγηση ημερολογίων εργασίας"", ""Αξιολόγηση εσωτερικών ανακοινώσεων"", ""Αξιολόγηση σεναρίων δοκιμών"", ""Τεκμηρίωση τεχνικών ζητημάτων"", ""Τεκμηρίωση προτεραιοτήτων εργασίας"", ""Τεκμηρίωση ημερολογίων εργασίας"", ""Τεκμηρίωση εσωτερικών ανακοινώσεων"", ""Τεκμηρίωση σεναρίων δοκιμών"", ""Βελτίωση τεχνικών ζητημάτων"", ""Βελτίωση προτεραιοτήτων εργασίας"", ""Βελτίωση ημερολογίων εργασίας"", ""Βελτίωση εσωτερικών ανακοινώσεων"", ""Βελτίωση σεναρίων δοκιμών"", ""Συντονισμός τεχνικών ζητημάτων"", ""Συντονισμός προτεραιοτήτων εργασίας"", ""Συντονισμός ημερολογίων εργασίας"", ""Συντονισμός εσωτερικών ανακοινώσεων"", ""Συντονισμός σεναρίων δοκιμών"", ""Έλεγχος τεχνικών ζητημάτων"", ""Έλεγχος προτεραιοτήτων εργασίας"", ""Έλεγχος ημερολογίων εργασίας"", ""Έλεγχος εσωτερικών ανακοινώσεων"", ""Έλεγχος σεναρίων δοκιμών"", ""Προτεραιοποίηση τεχνικών ζητημάτων"", ""Προτεραιοποίηση προτεραιοτήτων εργασίας"", ""Προτεραιοποίηση ημερολογίων εργασίας"", ""Προτεραιοποίηση εσωτερικών ανακοινώσεων"", ""Προτεραιοποίηση σεναρίων δοκιμών""]","[""Ψηφιακή Παραγωγικότητα και ΤΝ"", ""Προσωπική Διαχείριση"", ""Διαχείριση Δεδομένων και Πληροφορίας"", ""Επαγγελματική Επικοινωνία"", ""Ποιότητα και Συμμόρφωση"", ""Τεχνικές και Ψηφιακές Δεξιότητες"", ""Διοικητική Υποστήριξη"", ""Ομαδική Συνεργασία""]",52
5287418,Test Automation Leader,"[""Αυτοματοποίηση επαναλαμβανόμενων εργασιών"", ""Διαχείριση προσοχής και συγκέντρωσης"", ""Ανάλυση τεχνικών ζητημάτων"", ""Ανάλυση προτεραιοτήτων εργασίας"", ""Ανάλυση ημερολογίων εργασίας"", ""Ανάλυση εσωτερικών ανακοινώσεων"", ""Ανάλυση σεναρίων δοκιμών"", ""Οργάνωση τεχνικών ζητημάτων"", ""Οργάνωση προτεραιοτήτων εργασίας"", ""Οργάνωση ημερολογίων εργασίας"", ""Οργάνωση εσωτερικών ανακοινώσεων"", ""Οργάνωση σεναρίων δοκιμών"", ""Διαχείριση τεχνικών ζητημάτων"", ""Διαχείριση προτεραιοτήτων εργασίας"", ""Διαχείριση ημερολογίων εργασίας"", ""Διαχείριση εσωτερικών ανακοινώσεων"", ""Διαχείριση σεναρίων δοκιμών"", ""Παρακολούθηση τεχνικών ζητημάτων"", ""Παρακολούθηση προτεραιοτήτων εργασίας"", ""Παρακολούθηση ημερολογίων εργασίας"", ""Παρακολούθηση εσωτερικών ανακοινώσεων"", ""Παρακολούθηση σεναρίων δοκιμών"", ""Αξιολόγηση τεχνικών ζητημάτων"", ""Αξιολόγηση προτεραιοτήτων εργασίας"", ""Αξιολόγηση ημερολογίων εργασίας"", ""Αξιολόγηση εσωτερικών ανακοινώσεων"", ""Αξιολόγηση σεναρίων δοκιμών"", ""Τεκμηρίωση τεχνικών ζητημάτων"", ""Τεκμηρίωση προτεραιοτήτων εργασίας"", ""Τεκμηρίωση ημερολογίων εργασίας"", ""Τεκμηρίωση εσωτερικών ανακοινώσεων"", ""Τεκμηρίωση σεναρίων δοκιμών"", ""Βελτίωση τεχνικών ζητημάτων"", ""Βελτίωση προτεραιοτήτων εργασίας"", ""Βελτίωση ημερολογίων εργασίας"", ""Βελτίωση εσωτερικών ανακοινώσεων"", ""Βελτίωση σεναρίων δοκιμών"", ""Συντονισμός τεχνικών ζητημάτων"", ""Συντονισμός προτεραιοτήτων εργασίας"", ""Συντονισμός ημερολογίων εργασίας"", ""Συντονισμός εσωτερικών ανακοινώσεων"", ""Συντονισμός σεναρίων δοκιμών"", ""Έλεγχος τεχνικών ζητημάτων"", ""Έλεγχος προτεραιοτήτων εργασίας"", ""Έλεγχος ημερολογίων εργασίας"", ""Έλεγχος εσωτερικών ανακοινώσεων"", ""Έλεγχος σεναρίων δοκιμών"", ""Προτεραιοποίηση τεχνικών ζητημάτων"", ""Προτεραιοποίηση προτεραιοτήτων εργασίας"", ""Προτεραιοποίηση ημερολογίων εργασίας"", ""Προτεραιοποίηση εσωτερικών ανακοινώσεων"", ""Προτεραιοποίηση σεναρίων δοκιμών""]","[""Ψηφιακή Παραγωγικότητα και ΤΝ"", ""Προσωπική Διαχείριση"", ""Διαχείριση Δεδομένων και Πληροφορίας"", ""Επαγγελματική Επικοινωνία"", ""Ποιότητα και Συμμόρφωση"", ""Τεχνικές και Ψηφιακές Δεξιότητες"", ""Διοικητική Υποστήριξη"", ""Ομαδική Συνεργασία""]",52
5287419,Senior Software Engineer in Test,"[""Αυτοματοποίηση επαναλαμβανόμενων εργασιών"", ""Διαχείριση προσοχής και συγκέντρωσης""]","[""Ψηφιακή Παραγωγικότητα και ΤΝ"", ""Προσωπική Διαχείριση""]",2
5287420,Software Engineer in Test,"[""Αυτοματοποίηση επαναλαμβανόμενων εργασιών"", ""Διαχείριση προσοχής και συγκέντρωσης""]","[""Ψηφιακή Παραγωγικότητα και ΤΝ"", ""Προσωπική Διαχείριση""]",2
5287421,Software Engineer in Test,"[""Αυτοματοποίηση επαναλαμβανόμενων εργασιών"", ""Διαχείριση προσοχής και συγκέντρωσης""]","[""Ψηφιακή Παραγωγικότητα και ΤΝ"", ""Προσωπική Διαχείριση""]",2
5287422,Senior Software Engineer in Test,"[""Αυτοματοποίηση επαναλαμβανόμενων εργασιών"", ""Διαχείριση προσοχής και συγκέντρωσης""]","[""Ψηφιακή Παραγωγικότητα και ΤΝ"", ""Προσωπική Διαχείριση""]",2
5287466,Lead Frontend Engineer (React),"[""Σαφής και συνοπτική επικοινωνία"", ""Διαχείριση προσοχής και συγκέντρωσης""]","[""Επαγγελματική Επικοινωνία"", ""Προσωπική Διαχείριση""]",2
5287467,Senior React Developer,"[""Σαφής και συνοπτική επικοινωνία"", ""Διαχείριση προσοχής και συγκέντρωσης""]","[""Επαγγελματική Επικοινωνία"", ""Προσωπική Διαχείριση""]",2
5287468,Senior React Developer,"[""Σαφής και συνοπτική επικοινωνία"", ""Διαχείριση προσοχής και συγκέντρωσης""]","[""Επαγγελματική Επικοινωνία"", ""Προσωπική Διαχείριση""]",2
5289132,Angular Front-End Software Engineer,[],[],0
5289346,Experienced Java Developer @ Thessaloniki,"[""Σαφής και συνοπτική επικοινωνία"", ""Ενεργητική ακρόαση"", ""Διαχείριση προσοχής και συγκέντρωσης""]","[""Επαγγελματική Επικοινωνία"", ""Προσωπική Διαχείριση""]",3
5289904,Software Engineer in Test,"[""Αυτοματοποίηση επαναλαμβανόμενων εργασιών"", ""Διαχείριση προσοχής και συγκέντρωσης""]","[""Ψηφιακή Παραγωγικότητα και ΤΝ"", ""Προσωπική Διαχείριση""]",2
5290939,Software Engineer in Test,"[""Αυτοματοποίηση επαναλαμβανόμενων εργασιών"", ""Διαχείριση προσοχής και συγκέντρωσης""]","[""Ψηφιακή Παραγωγικότητα και ΤΝ"", ""Προσωπική Διαχείριση""]",2
5290941,Software Engineer in Test,"[""Αυτοματοποίηση επαναλαμβανόμενων εργασιών"", ""Διαχείριση προσοχής και συγκέντρωσης""]","[""Ψηφιακή Παραγωγικότητα και ΤΝ"", ""Προσωπική Διαχείριση""]",2
5297832,Full Stack Developer - Angular & Java Spring Boot  (e-Health Sector) Athens,"[""Σαφής και συνοπτική επικοινωνία"", ""Διαχείριση χρόνου"", ""Διαχείριση προσοχής και συγκέντρωσης""]","[""Επαγγελματική Επικοινωνία"", ""Προσωπική Διαχείριση""]",3
5304387,Frontend Engineer (Angular),"[""Ενεργητική ακρόαση"", ""Διαχείριση προσοχής και συγκέντρωσης""]","[""Επαγγελματική Επικοινωνία"", ""Προσωπική Διαχείριση""]",2
5304962,Angular Front-End Software Engineer,[],[],0
